candidate_url,source_raw_file,base_validation_score,matched_hints,proposed_use,priority,risk,allowed_in_next_phase
https://live.euronext.com/en/products/equities/global-equity-market/list,outputs\full_universe_source_acquisition\raw\euronext_v2_15c\euronext_amsterdam_equities_list.html,60,equities|equity|euronext|live.euronext.com,possible_public_equity_listing_route_next_phase,2,medium,True
https://live.euronext.com/en/products/equities/equity-espresso,outputs\full_universe_source_acquisition\raw\euronext_v2_15c\euronext_amsterdam_equities_list.html,60,equities|equity|euronext|live.euronext.com,possible_public_equity_listing_route_next_phase,2,medium,True
https://live.euronext.com/en/markets/milan/equities/global-equity-market/list,outputs\full_universe_source_acquisition\raw\euronext_v2_15c\euronext_amsterdam_equities_list.html,60,equities|equity|euronext|live.euronext.com,possible_public_equity_listing_route_next_phase,2,medium,True
https://live.euronext.com/en/products/equity-derivatives/news,outputs\full_universe_source_acquisition\raw\euronext_v2_15c\euronext_amsterdam_equities_list.html,50,equity|euronext|live.euronext.com,possible_public_equity_listing_route_next_phase,2,medium,True
https://live.euronext.com/en/products/equity-derivatives/esg-derivatives,outputs\full_universe_source_acquisition\raw\euronext_v2_15c\euronext_amsterdam_equities_list.html,50,equity|euronext|live.euronext.com,possible_public_equity_listing_route_next_phase,2,medium,True
https://live.euronext.com/en/products/equity-derivatives/sector-index-derivatives,outputs\full_universe_source_acquisition\raw\euronext_v2_15c\euronext_amsterdam_equities_list.html,50,equity|euronext|live.euronext.com,possible_public_equity_listing_route_next_phase,2,medium,True
https://live.euronext.com/en/markets/amsterdam/equities/list,outputs\full_universe_source_acquisition\raw\euronext_v2_15c\euronext_amsterdam_equities_list.html,35,equities|euronext|live.euronext.com,possible_public_equity_listing_route_next_phase,2,medium,True
https://live.euronext.com/en/markets/amsterdam/equities/list?page=0,outputs\full_universe_source_acquisition\raw\euronext_v2_15c\euronext_amsterdam_equities_list.html,35,equities|euronext|live.euronext.com,possible_public_equity_listing_route_next_phase,2,medium,True
https://live.euronext.com/fr/markets/amsterdam/equities/list?page=0,outputs\full_universe_source_acquisition\raw\euronext_v2_15c\euronext_amsterdam_equities_list.html,35,equities|euronext|live.euronext.com,possible_public_equity_listing_route_next_phase,2,medium,True
https://live.euronext.com/nb/markets/amsterdam/equities/list?page=0,outputs\full_universe_source_acquisition\raw\euronext_v2_15c\euronext_amsterdam_equities_list.html,35,equities|euronext|live.euronext.com,possible_public_equity_listing_route_next_phase,2,medium,True
https://live.euronext.com/nl/markets/amsterdam/equities/list?page=0,outputs\full_universe_source_acquisition\raw\euronext_v2_15c\euronext_amsterdam_equities_list.html,35,equities|euronext|live.euronext.com,possible_public_equity_listing_route_next_phase,2,medium,True
https://live.euronext.com/pt/markets/amsterdam/equities/list?page=0,outputs\full_universe_source_acquisition\raw\euronext_v2_15c\euronext_amsterdam_equities_list.html,35,equities|euronext|live.euronext.com,possible_public_equity_listing_route_next_phase,2,medium,True
https://live.euronext.com/de/markets/amsterdam/equities/list?page=0,outputs\full_universe_source_acquisition\raw\euronext_v2_15c\euronext_amsterdam_equities_list.html,35,equities|euronext|live.euronext.com,possible_public_equity_listing_route_next_phase,2,medium,True
https://live.euronext.com/it/markets/amsterdam/equities/list?page=0,outputs\full_universe_source_acquisition\raw\euronext_v2_15c\euronext_amsterdam_equities_list.html,35,equities|euronext|live.euronext.com,possible_public_equity_listing_route_next_phase,2,medium,True
https://live.euronext.com/en/markets/brussels/equities/list,outputs\full_universe_source_acquisition\raw\euronext_v2_15c\euronext_amsterdam_equities_list.html,35,equities|euronext|live.euronext.com,possible_public_equity_listing_route_next_phase,2,medium,True
https://live.euronext.com/en/markets/dublin/equities/list,outputs\full_universe_source_acquisition\raw\euronext_v2_15c\euronext_amsterdam_equities_list.html,35,equities|euronext|live.euronext.com,possible_public_equity_listing_route_next_phase,2,medium,True
https://live.euronext.com/en/markets/lisbon/equities/list,outputs\full_universe_source_acquisition\raw\euronext_v2_15c\euronext_amsterdam_equities_list.html,35,equities|euronext|live.euronext.com,possible_public_equity_listing_route_next_phase,2,medium,True
https://live.euronext.com/en/markets/milan/equities/list,outputs\full_universe_source_acquisition\raw\euronext_v2_15c\euronext_amsterdam_equities_list.html,35,equities|euronext|live.euronext.com,possible_public_equity_listing_route_next_phase,2,medium,True
https://live.euronext.com/en/markets/oslo/equities/list,outputs\full_universe_source_acquisition\raw\euronext_v2_15c\euronext_amsterdam_equities_list.html,35,equities|euronext|live.euronext.com,possible_public_equity_listing_route_next_phase,2,medium,True
https://live.euronext.com/en/markets/paris/equities/list,outputs\full_universe_source_acquisition\raw\euronext_v2_15c\euronext_amsterdam_equities_list.html,35,equities|euronext|live.euronext.com,possible_public_equity_listing_route_next_phase,2,medium,True
https://live.euronext.com/en/products/equities,outputs\full_universe_source_acquisition\raw\euronext_v2_15c\euronext_amsterdam_equities_list.html,35,equities|euronext|live.euronext.com,possible_public_equity_listing_route_next_phase,2,medium,True
https://live.euronext.com/en/products/equities/list,outputs\full_universe_source_acquisition\raw\euronext_v2_15c\euronext_amsterdam_equities_list.html,35,equities|euronext|live.euronext.com,possible_public_equity_listing_route_next_phase,2,medium,True
https://live.euronext.com/en/products/equities/regulated/list,outputs\full_universe_source_acquisition\raw\euronext_v2_15c\euronext_amsterdam_equities_list.html,35,equities|euronext|live.euronext.com,possible_public_equity_listing_route_next_phase,2,medium,True
https://live.euronext.com/en/products/equities/growth/list,outputs\full_universe_source_acquisition\raw\euronext_v2_15c\euronext_amsterdam_equities_list.html,35,equities|euronext|live.euronext.com,possible_public_equity_listing_route_next_phase,2,medium,True
https://live.euronext.com/en/products/equities/access/list,outputs\full_universe_source_acquisition\raw\euronext_v2_15c\euronext_amsterdam_equities_list.html,35,equities|euronext|live.euronext.com,possible_public_equity_listing_route_next_phase,2,medium,True
https://live.euronext.com/en/products/equities/expand/list,outputs\full_universe_source_acquisition\raw\euronext_v2_15c\euronext_amsterdam_equities_list.html,35,equities|euronext|live.euronext.com,possible_public_equity_listing_route_next_phase,2,medium,True
https://live.euronext.com/en/products/equities/eurotlx/list,outputs\full_universe_source_acquisition\raw\euronext_v2_15c\euronext_amsterdam_equities_list.html,35,equities|euronext|live.euronext.com,possible_public_equity_listing_route_next_phase,2,medium,True
https://live.euronext.com/en/products/equities/trading-after-hours/list,outputs\full_universe_source_acquisition\raw\euronext_v2_15c\euronext_amsterdam_equities_list.html,35,equities|euronext|live.euronext.com,possible_public_equity_listing_route_next_phase,2,medium,True
https://live.euronext.com/en/products/equities/company-news,outputs\full_universe_source_acquisition\raw\euronext_v2_15c\euronext_amsterdam_equities_list.html,35,equities|euronext|live.euronext.com,possible_public_equity_listing_route_next_phase,2,medium,True
https://live.euronext.com/en/products/equities/company-news-archive,outputs\full_universe_source_acquisition\raw\euronext_v2_15c\euronext_amsterdam_equities_list.html,35,equities|euronext|live.euronext.com,possible_public_equity_listing_route_next_phase,2,medium,True
https://live.euronext.com/en/products/equities/tech-leaders,outputs\full_universe_source_acquisition\raw\euronext_v2_15c\euronext_amsterdam_equities_list.html,35,equities|euronext|live.euronext.com,possible_public_equity_listing_route_next_phase,2,medium,True
https://live.euronext.com/en/products/equities/listing-sponsors,outputs\full_universe_source_acquisition\raw\euronext_v2_15c\euronext_amsterdam_equities_list.html,35,equities|euronext|live.euronext.com,possible_public_equity_listing_route_next_phase,2,medium,True
https://live.euronext.com/en/markets/amsterdam/equities-by-index/aex-index,outputs\full_universe_source_acquisition\raw\euronext_v2_15c\euronext_amsterdam_equities_list.html,35,equities|euronext|live.euronext.com,possible_public_equity_listing_route_next_phase,2,medium,True
https://live.euronext.com/en/markets/amsterdam/equities-by-index/aex-esg,outputs\full_universe_source_acquisition\raw\euronext_v2_15c\euronext_amsterdam_equities_list.html,35,equities|euronext|live.euronext.com,possible_public_equity_listing_route_next_phase,2,medium,True
https://live.euronext.com/en/markets/brussels/equities-by-index/bel20,outputs\full_universe_source_acquisition\raw\euronext_v2_15c\euronext_amsterdam_equities_list.html,35,equities|euronext|live.euronext.com,possible_public_equity_listing_route_next_phase,2,medium,True
https://live.euronext.com/en/markets/brussels/equities/euronext/list,outputs\full_universe_source_acquisition\raw\euronext_v2_15c\euronext_amsterdam_equities_list.html,35,equities|euronext|live.euronext.com,possible_public_equity_listing_route_next_phase,2,medium,True
https://live.euronext.com/en/markets/brussels/equities/growth/list,outputs\full_universe_source_acquisition\raw\euronext_v2_15c\euronext_amsterdam_equities_list.html,35,equities|euronext|live.euronext.com,possible_public_equity_listing_route_next_phase,2,medium,True
https://live.euronext.com/en/markets/brussels/equities/access/list,outputs\full_universe_source_acquisition\raw\euronext_v2_15c\euronext_amsterdam_equities_list.html,35,equities|euronext|live.euronext.com,possible_public_equity_listing_route_next_phase,2,medium,True
https://live.euronext.com/en/markets/brussels/equities/expert/list,outputs\full_universe_source_acquisition\raw\euronext_v2_15c\euronext_amsterdam_equities_list.html,35,equities|euronext|live.euronext.com,possible_public_equity_listing_route_next_phase,2,medium,True
https://live.euronext.com/en/markets/dublin/equities-by-index/iseq20,outputs\full_universe_source_acquisition\raw\euronext_v2_15c\euronext_amsterdam_equities_list.html,35,equities|euronext|live.euronext.com,possible_public_equity_listing_route_next_phase,2,medium,True
https://live.euronext.com/en/markets/dublin/equities/euronext/list,outputs\full_universe_source_acquisition\raw\euronext_v2_15c\euronext_amsterdam_equities_list.html,35,equities|euronext|live.euronext.com,possible_public_equity_listing_route_next_phase,2,medium,True
https://live.euronext.com/en/markets/dublin/equities/growth/list,outputs\full_universe_source_acquisition\raw\euronext_v2_15c\euronext_amsterdam_equities_list.html,35,equities|euronext|live.euronext.com,possible_public_equity_listing_route_next_phase,2,medium,True
https://live.euronext.com/en/markets/lisbon/equities-by-index/psi,outputs\full_universe_source_acquisition\raw\euronext_v2_15c\euronext_amsterdam_equities_list.html,35,equities|euronext|live.euronext.com,possible_public_equity_listing_route_next_phase,2,medium,True
https://live.euronext.com/en/markets/lisbon/equities/euronext/list,outputs\full_universe_source_acquisition\raw\euronext_v2_15c\euronext_amsterdam_equities_list.html,35,equities|euronext|live.euronext.com,possible_public_equity_listing_route_next_phase,2,medium,True
https://live.euronext.com/en/markets/lisbon/equities/access/list,outputs\full_universe_source_acquisition\raw\euronext_v2_15c\euronext_amsterdam_equities_list.html,35,equities|euronext|live.euronext.com,possible_public_equity_listing_route_next_phase,2,medium,True
https://live.euronext.com/en/markets/milan/equities/euronext/list,outputs\full_universe_source_acquisition\raw\euronext_v2_15c\euronext_amsterdam_equities_list.html,35,equities|euronext|live.euronext.com,possible_public_equity_listing_route_next_phase,2,medium,True
https://live.euronext.com/en/markets/milan/equities/growth/list,outputs\full_universe_source_acquisition\raw\euronext_v2_15c\euronext_amsterdam_equities_list.html,35,equities|euronext|live.euronext.com,possible_public_equity_listing_route_next_phase,2,medium,True
https://live.euronext.com/en/markets/milan/equities/star/list,outputs\full_universe_source_acquisition\raw\euronext_v2_15c\euronext_amsterdam_equities_list.html,35,equities|euronext|live.euronext.com,possible_public_equity_listing_route_next_phase,2,medium,True
https://live.euronext.com/en/markets/milan/equities/eurotlx/list,outputs\full_universe_source_acquisition\raw\euronext_v2_15c\euronext_amsterdam_equities_list.html,35,equities|euronext|live.euronext.com,possible_public_equity_listing_route_next_phase,2,medium,True
https://live.euronext.com/en/markets/milan/equities/tah/list,outputs\full_universe_source_acquisition\raw\euronext_v2_15c\euronext_amsterdam_equities_list.html,35,equities|euronext|live.euronext.com,possible_public_equity_listing_route_next_phase,2,medium,True
https://live.euronext.com/en/markets/milan/equities-by-index/mib-esg,outputs\full_universe_source_acquisition\raw\euronext_v2_15c\euronext_amsterdam_equities_list.html,35,equities|euronext|live.euronext.com,possible_public_equity_listing_route_next_phase,2,medium,True
https://live.euronext.com/en/markets/oslo/equities-by-index/obx,outputs\full_universe_source_acquisition\raw\euronext_v2_15c\euronext_amsterdam_equities_list.html,35,equities|euronext|live.euronext.com,possible_public_equity_listing_route_next_phase,2,medium,True
https://live.euronext.com/en/markets/oslo/equities/euronext/list,outputs\full_universe_source_acquisition\raw\euronext_v2_15c\euronext_amsterdam_equities_list.html,35,equities|euronext|live.euronext.com,possible_public_equity_listing_route_next_phase,2,medium,True
https://live.euronext.com/en/markets/oslo/equities/growth/list,outputs\full_universe_source_acquisition\raw\euronext_v2_15c\euronext_amsterdam_equities_list.html,35,equities|euronext|live.euronext.com,possible_public_equity_listing_route_next_phase,2,medium,True
https://live.euronext.com/en/markets/oslo/equities/expand/list,outputs\full_universe_source_acquisition\raw\euronext_v2_15c\euronext_amsterdam_equities_list.html,35,equities|euronext|live.euronext.com,possible_public_equity_listing_route_next_phase,2,medium,True
https://live.euronext.com/en/markets/oslo/equities/company-news,outputs\full_universe_source_acquisition\raw\euronext_v2_15c\euronext_amsterdam_equities_list.html,35,equities|euronext|live.euronext.com,possible_public_equity_listing_route_next_phase,2,medium,True
https://live.euronext.com/en/markets/oslo/equities/company-news-archive,outputs\full_universe_source_acquisition\raw\euronext_v2_15c\euronext_amsterdam_equities_list.html,35,equities|euronext|live.euronext.com,possible_public_equity_listing_route_next_phase,2,medium,True
https://live.euronext.com/en/markets/oslo/equities/financial-events,outputs\full_universe_source_acquisition\raw\euronext_v2_15c\euronext_amsterdam_equities_list.html,35,equities|euronext|live.euronext.com,possible_public_equity_listing_route_next_phase,2,medium,True
https://live.euronext.com/en/markets/oslo/equities/primary-insiders,outputs\full_universe_source_acquisition\raw\euronext_v2_15c\euronext_amsterdam_equities_list.html,35,equities|euronext|live.euronext.com,possible_public_equity_listing_route_next_phase,2,medium,True
https://live.euronext.com/en/markets/oslo/equities/top-performers,outputs\full_universe_source_acquisition\raw\euronext_v2_15c\euronext_amsterdam_equities_list.html,35,equities|euronext|live.euronext.com,possible_public_equity_listing_route_next_phase,2,medium,True
https://live.euronext.com/en/markets/oslo/equities-by-index/obx-esg,outputs\full_universe_source_acquisition\raw\euronext_v2_15c\euronext_amsterdam_equities_list.html,35,equities|euronext|live.euronext.com,possible_public_equity_listing_route_next_phase,2,medium,True
https://live.euronext.com/en/markets/oslo/equities-by-index/osebx,outputs\full_universe_source_acquisition\raw\euronext_v2_15c\euronext_amsterdam_equities_list.html,35,equities|euronext|live.euronext.com,possible_public_equity_listing_route_next_phase,2,medium,True
https://live.euronext.com/en/markets/oslo/equities-by-index/osefx,outputs\full_universe_source_acquisition\raw\euronext_v2_15c\euronext_amsterdam_equities_list.html,35,equities|euronext|live.euronext.com,possible_public_equity_listing_route_next_phase,2,medium,True
https://live.euronext.com/en/markets/oslo/equities-by-index/seafood,outputs\full_universe_source_acquisition\raw\euronext_v2_15c\euronext_amsterdam_equities_list.html,35,equities|euronext|live.euronext.com,possible_public_equity_listing_route_next_phase,2,medium,True
https://live.euronext.com/en/markets/oslo/equities-by-index/shipping,outputs\full_universe_source_acquisition\raw\euronext_v2_15c\euronext_amsterdam_equities_list.html,35,equities|euronext|live.euronext.com,possible_public_equity_listing_route_next_phase,2,medium,True
https://live.euronext.com/en/markets/paris/equities-by-index/cac40,outputs\full_universe_source_acquisition\raw\euronext_v2_15c\euronext_amsterdam_equities_list.html,35,equities|euronext|live.euronext.com,possible_public_equity_listing_route_next_phase,2,medium,True
https://live.euronext.com/en/markets/paris/equities/growth/list,outputs\full_universe_source_acquisition\raw\euronext_v2_15c\euronext_amsterdam_equities_list.html,35,equities|euronext|live.euronext.com,possible_public_equity_listing_route_next_phase,2,medium,True
https://live.euronext.com/en/markets/paris/equities/access/list,outputs\full_universe_source_acquisition\raw\euronext_v2_15c\euronext_amsterdam_equities_list.html,35,equities|euronext|live.euronext.com,possible_public_equity_listing_route_next_phase,2,medium,True
https://live.euronext.com/en/markets/paris/equities-by-index/cac40-esg,outputs\full_universe_source_acquisition\raw\euronext_v2_15c\euronext_amsterdam_equities_list.html,35,equities|euronext|live.euronext.com,possible_public_equity_listing_route_next_phase,2,medium,True
https://live.euronext.com/en/markets/brussels/equities/list?page=0,outputs\full_universe_source_acquisition\raw\euronext_v2_15c\euronext_brussels_equities_list.html,35,equities|euronext|live.euronext.com,possible_public_equity_listing_route_next_phase,2,medium,True
https://live.euronext.com/fr/markets/brussels/equities/list?page=0,outputs\full_universe_source_acquisition\raw\euronext_v2_15c\euronext_brussels_equities_list.html,35,equities|euronext|live.euronext.com,possible_public_equity_listing_route_next_phase,2,medium,True
https://live.euronext.com/nb/markets/brussels/equities/list?page=0,outputs\full_universe_source_acquisition\raw\euronext_v2_15c\euronext_brussels_equities_list.html,35,equities|euronext|live.euronext.com,possible_public_equity_listing_route_next_phase,2,medium,True
https://live.euronext.com/nl/markets/brussels/equities/list?page=0,outputs\full_universe_source_acquisition\raw\euronext_v2_15c\euronext_brussels_equities_list.html,35,equities|euronext|live.euronext.com,possible_public_equity_listing_route_next_phase,2,medium,True
https://live.euronext.com/pt/markets/brussels/equities/list?page=0,outputs\full_universe_source_acquisition\raw\euronext_v2_15c\euronext_brussels_equities_list.html,35,equities|euronext|live.euronext.com,possible_public_equity_listing_route_next_phase,2,medium,True
https://live.euronext.com/de/markets/brussels/equities/list?page=0,outputs\full_universe_source_acquisition\raw\euronext_v2_15c\euronext_brussels_equities_list.html,35,equities|euronext|live.euronext.com,possible_public_equity_listing_route_next_phase,2,medium,True
https://live.euronext.com/it/markets/brussels/equities/list?page=0,outputs\full_universe_source_acquisition\raw\euronext_v2_15c\euronext_brussels_equities_list.html,35,equities|euronext|live.euronext.com,possible_public_equity_listing_route_next_phase,2,medium,True
https://live.euronext.com/en/markets/dublin/equities/list?page=0,outputs\full_universe_source_acquisition\raw\euronext_v2_15c\euronext_dublin_equities_list.html,35,equities|euronext|live.euronext.com,possible_public_equity_listing_route_next_phase,2,medium,True
https://live.euronext.com/fr/markets/dublin/equities/list?page=0,outputs\full_universe_source_acquisition\raw\euronext_v2_15c\euronext_dublin_equities_list.html,35,equities|euronext|live.euronext.com,possible_public_equity_listing_route_next_phase,2,medium,True
https://live.euronext.com/nb/markets/dublin/equities/list?page=0,outputs\full_universe_source_acquisition\raw\euronext_v2_15c\euronext_dublin_equities_list.html,35,equities|euronext|live.euronext.com,possible_public_equity_listing_route_next_phase,2,medium,True
https://live.euronext.com/nl/markets/dublin/equities/list?page=0,outputs\full_universe_source_acquisition\raw\euronext_v2_15c\euronext_dublin_equities_list.html,35,equities|euronext|live.euronext.com,possible_public_equity_listing_route_next_phase,2,medium,True
https://live.euronext.com/pt/markets/dublin/equities/list?page=0,outputs\full_universe_source_acquisition\raw\euronext_v2_15c\euronext_dublin_equities_list.html,35,equities|euronext|live.euronext.com,possible_public_equity_listing_route_next_phase,2,medium,True
https://live.euronext.com/de/markets/dublin/equities/list?page=0,outputs\full_universe_source_acquisition\raw\euronext_v2_15c\euronext_dublin_equities_list.html,35,equities|euronext|live.euronext.com,possible_public_equity_listing_route_next_phase,2,medium,True
https://live.euronext.com/it/markets/dublin/equities/list?page=0,outputs\full_universe_source_acquisition\raw\euronext_v2_15c\euronext_dublin_equities_list.html,35,equities|euronext|live.euronext.com,possible_public_equity_listing_route_next_phase,2,medium,True
https://live.euronext.com/en/markets/dublin/equities/access/list,outputs\full_universe_source_acquisition\raw\euronext_v2_15c\euronext_dublin_equities_list.html,35,equities|euronext|live.euronext.com,possible_public_equity_listing_route_next_phase,2,medium,True
https://live.euronext.com/en/markets/lisbon/equities/list?page=0,outputs\full_universe_source_acquisition\raw\euronext_v2_15c\euronext_lisbon_equities_list.html,35,equities|euronext|live.euronext.com,possible_public_equity_listing_route_next_phase,2,medium,True
https://live.euronext.com/fr/markets/lisbon/equities/list?page=0,outputs\full_universe_source_acquisition\raw\euronext_v2_15c\euronext_lisbon_equities_list.html,35,equities|euronext|live.euronext.com,possible_public_equity_listing_route_next_phase,2,medium,True
https://live.euronext.com/nb/markets/lisbon/equities/list?page=0,outputs\full_universe_source_acquisition\raw\euronext_v2_15c\euronext_lisbon_equities_list.html,35,equities|euronext|live.euronext.com,possible_public_equity_listing_route_next_phase,2,medium,True
https://live.euronext.com/nl/markets/lisbon/equities/list?page=0,outputs\full_universe_source_acquisition\raw\euronext_v2_15c\euronext_lisbon_equities_list.html,35,equities|euronext|live.euronext.com,possible_public_equity_listing_route_next_phase,2,medium,True
https://live.euronext.com/pt/markets/lisbon/equities/list?page=0,outputs\full_universe_source_acquisition\raw\euronext_v2_15c\euronext_lisbon_equities_list.html,35,equities|euronext|live.euronext.com,possible_public_equity_listing_route_next_phase,2,medium,True
https://live.euronext.com/de/markets/lisbon/equities/list?page=0,outputs\full_universe_source_acquisition\raw\euronext_v2_15c\euronext_lisbon_equities_list.html,35,equities|euronext|live.euronext.com,possible_public_equity_listing_route_next_phase,2,medium,True
https://live.euronext.com/it/markets/lisbon/equities/list?page=0,outputs\full_universe_source_acquisition\raw\euronext_v2_15c\euronext_lisbon_equities_list.html,35,equities|euronext|live.euronext.com,possible_public_equity_listing_route_next_phase,2,medium,True
https://live.euronext.com/fr/products/equities/list,outputs\full_universe_source_acquisition\raw\euronext_v2_15c\euronext_live_all_equities.html,35,equities|euronext|live.euronext.com,possible_public_equity_listing_route_next_phase,2,medium,True
https://live.euronext.com/nb/products/equities/list,outputs\full_universe_source_acquisition\raw\euronext_v2_15c\euronext_live_all_equities.html,35,equities|euronext|live.euronext.com,possible_public_equity_listing_route_next_phase,2,medium,True
https://live.euronext.com/nl/products/equities/list,outputs\full_universe_source_acquisition\raw\euronext_v2_15c\euronext_live_all_equities.html,35,equities|euronext|live.euronext.com,possible_public_equity_listing_route_next_phase,2,medium,True
https://live.euronext.com/pt/products/equities/list,outputs\full_universe_source_acquisition\raw\euronext_v2_15c\euronext_live_all_equities.html,35,equities|euronext|live.euronext.com,possible_public_equity_listing_route_next_phase,2,medium,True
https://live.euronext.com/de/products/equities/list,outputs\full_universe_source_acquisition\raw\euronext_v2_15c\euronext_live_all_equities.html,35,equities|euronext|live.euronext.com,possible_public_equity_listing_route_next_phase,2,medium,True
https://live.euronext.com/it/products/equities/list,outputs\full_universe_source_acquisition\raw\euronext_v2_15c\euronext_live_all_equities.html,35,equities|euronext|live.euronext.com,possible_public_equity_listing_route_next_phase,2,medium,True
https://live.euronext.com/fr/products/equities,outputs\full_universe_source_acquisition\raw\euronext_v2_15c\euronext_live_equities_overview.html,35,equities|euronext|live.euronext.com,possible_public_equity_listing_route_next_phase,2,medium,True
https://live.euronext.com/nb/products/equities,outputs\full_universe_source_acquisition\raw\euronext_v2_15c\euronext_live_equities_overview.html,35,equities|euronext|live.euronext.com,possible_public_equity_listing_route_next_phase,2,medium,True
https://live.euronext.com/nl/products/equities,outputs\full_universe_source_acquisition\raw\euronext_v2_15c\euronext_live_equities_overview.html,35,equities|euronext|live.euronext.com,possible_public_equity_listing_route_next_phase,2,medium,True
https://live.euronext.com/pt/products/equities,outputs\full_universe_source_acquisition\raw\euronext_v2_15c\euronext_live_equities_overview.html,35,equities|euronext|live.euronext.com,possible_public_equity_listing_route_next_phase,2,medium,True
https://live.euronext.com/de/products/equities,outputs\full_universe_source_acquisition\raw\euronext_v2_15c\euronext_live_equities_overview.html,35,equities|euronext|live.euronext.com,possible_public_equity_listing_route_next_phase,2,medium,True
https://live.euronext.com/it/products/equities,outputs\full_universe_source_acquisition\raw\euronext_v2_15c\euronext_live_equities_overview.html,35,equities|euronext|live.euronext.com,possible_public_equity_listing_route_next_phase,2,medium,True
https://live.euronext.com/en/products/equities/expert-market/list,outputs\full_universe_source_acquisition\raw\euronext_v2_15c\euronext_live_equities_overview.html,35,equities|euronext|live.euronext.com,possible_public_equity_listing_route_next_phase,2,medium,True
https://live.euronext.com/en/markets/milan/equities/list?page=0,outputs\full_universe_source_acquisition\raw\euronext_v2_15c\euronext_milan_equities_list.html,35,equities|euronext|live.euronext.com,possible_public_equity_listing_route_next_phase,2,medium,True
https://live.euronext.com/fr/markets/milan/equities/list?page=0,outputs\full_universe_source_acquisition\raw\euronext_v2_15c\euronext_milan_equities_list.html,35,equities|euronext|live.euronext.com,possible_public_equity_listing_route_next_phase,2,medium,True
https://live.euronext.com/nb/markets/milan/equities/list?page=0,outputs\full_universe_source_acquisition\raw\euronext_v2_15c\euronext_milan_equities_list.html,35,equities|euronext|live.euronext.com,possible_public_equity_listing_route_next_phase,2,medium,True
https://live.euronext.com/nl/markets/milan/equities/list?page=0,outputs\full_universe_source_acquisition\raw\euronext_v2_15c\euronext_milan_equities_list.html,35,equities|euronext|live.euronext.com,possible_public_equity_listing_route_next_phase,2,medium,True
https://live.euronext.com/pt/markets/milan/equities/list?page=0,outputs\full_universe_source_acquisition\raw\euronext_v2_15c\euronext_milan_equities_list.html,35,equities|euronext|live.euronext.com,possible_public_equity_listing_route_next_phase,2,medium,True
https://live.euronext.com/de/markets/milan/equities/list?page=0,outputs\full_universe_source_acquisition\raw\euronext_v2_15c\euronext_milan_equities_list.html,35,equities|euronext|live.euronext.com,possible_public_equity_listing_route_next_phase,2,medium,True
https://live.euronext.com/it/markets/milan/equities/list?page=0,outputs\full_universe_source_acquisition\raw\euronext_v2_15c\euronext_milan_equities_list.html,35,equities|euronext|live.euronext.com,possible_public_equity_listing_route_next_phase,2,medium,True
https://live.euronext.com/en/markets/oslo/equities/list?page=0,outputs\full_universe_source_acquisition\raw\euronext_v2_15c\euronext_oslo_equities_list.html,35,equities|euronext|live.euronext.com,possible_public_equity_listing_route_next_phase,2,medium,True
https://live.euronext.com/fr/markets/oslo/equities/list?page=0,outputs\full_universe_source_acquisition\raw\euronext_v2_15c\euronext_oslo_equities_list.html,35,equities|euronext|live.euronext.com,possible_public_equity_listing_route_next_phase,2,medium,True
https://live.euronext.com/nb/markets/oslo/equities/list?page=0,outputs\full_universe_source_acquisition\raw\euronext_v2_15c\euronext_oslo_equities_list.html,35,equities|euronext|live.euronext.com,possible_public_equity_listing_route_next_phase,2,medium,True
https://live.euronext.com/nl/markets/oslo/equities/list?page=0,outputs\full_universe_source_acquisition\raw\euronext_v2_15c\euronext_oslo_equities_list.html,35,equities|euronext|live.euronext.com,possible_public_equity_listing_route_next_phase,2,medium,True
https://live.euronext.com/pt/markets/oslo/equities/list?page=0,outputs\full_universe_source_acquisition\raw\euronext_v2_15c\euronext_oslo_equities_list.html,35,equities|euronext|live.euronext.com,possible_public_equity_listing_route_next_phase,2,medium,True
https://live.euronext.com/de/markets/oslo/equities/list?page=0,outputs\full_universe_source_acquisition\raw\euronext_v2_15c\euronext_oslo_equities_list.html,35,equities|euronext|live.euronext.com,possible_public_equity_listing_route_next_phase,2,medium,True
https://live.euronext.com/it/markets/oslo/equities/list?page=0,outputs\full_universe_source_acquisition\raw\euronext_v2_15c\euronext_oslo_equities_list.html,35,equities|euronext|live.euronext.com,possible_public_equity_listing_route_next_phase,2,medium,True
https://live.euronext.com/en/markets/paris/equities/list?page=0,outputs\full_universe_source_acquisition\raw\euronext_v2_15c\euronext_paris_equities_list.html,35,equities|euronext|live.euronext.com,possible_public_equity_listing_route_next_phase,2,medium,True
https://live.euronext.com/fr/markets/paris/equities/list?page=0,outputs\full_universe_source_acquisition\raw\euronext_v2_15c\euronext_paris_equities_list.html,35,equities|euronext|live.euronext.com,possible_public_equity_listing_route_next_phase,2,medium,True
https://live.euronext.com/nb/markets/paris/equities/list?page=0,outputs\full_universe_source_acquisition\raw\euronext_v2_15c\euronext_paris_equities_list.html,35,equities|euronext|live.euronext.com,possible_public_equity_listing_route_next_phase,2,medium,True
https://live.euronext.com/nl/markets/paris/equities/list?page=0,outputs\full_universe_source_acquisition\raw\euronext_v2_15c\euronext_paris_equities_list.html,35,equities|euronext|live.euronext.com,possible_public_equity_listing_route_next_phase,2,medium,True
https://live.euronext.com/pt/markets/paris/equities/list?page=0,outputs\full_universe_source_acquisition\raw\euronext_v2_15c\euronext_paris_equities_list.html,35,equities|euronext|live.euronext.com,possible_public_equity_listing_route_next_phase,2,medium,True
https://live.euronext.com/de/markets/paris/equities/list?page=0,outputs\full_universe_source_acquisition\raw\euronext_v2_15c\euronext_paris_equities_list.html,35,equities|euronext|live.euronext.com,possible_public_equity_listing_route_next_phase,2,medium,True
https://live.euronext.com/it/markets/paris/equities/list?page=0,outputs\full_universe_source_acquisition\raw\euronext_v2_15c\euronext_paris_equities_list.html,35,equities|euronext|live.euronext.com,possible_public_equity_listing_route_next_phase,2,medium,True
https://live.euronext.com/en/markets/paris/equities/euronext/list,outputs\full_universe_source_acquisition\raw\euronext_v2_15c\euronext_paris_equities_list.html,35,equities|euronext|live.euronext.com,possible_public_equity_listing_route_next_phase,2,medium,True
/en/products/equities/global-equity-market/list,(v2.15C_discovered_links_manifest),35,equities|equity,possible_public_equity_listing_route_next_phase,2,medium,True
/en/products/equities/equity-espresso,(v2.15C_discovered_links_manifest),35,equities|equity,possible_public_equity_listing_route_next_phase,2,medium,True
/en/markets/milan/equities/global-equity-market/list,(v2.15C_discovered_links_manifest),35,equities|equity,possible_public_equity_listing_route_next_phase,2,medium,True
/en/products/equity-derivatives/news,(v2.15C_discovered_links_manifest),25,equity,possible_public_equity_listing_route_next_phase,2,medium,True
/en/products/equity-derivatives/esg-derivatives,(v2.15C_discovered_links_manifest),25,equity,possible_public_equity_listing_route_next_phase,2,medium,True
/en/products/equity-derivatives/sector-index-derivatives,(v2.15C_discovered_links_manifest),25,equity,possible_public_equity_listing_route_next_phase,2,medium,True
/en/markets/brussels/equities/euronext/list,(v2.15C_discovered_links_manifest),20,equities|euronext,possible_public_equity_listing_route_next_phase,2,medium,True
/en/markets/dublin/equities/euronext/list,(v2.15C_discovered_links_manifest),20,equities|euronext,possible_public_equity_listing_route_next_phase,2,medium,True
/en/markets/lisbon/equities/euronext/list,(v2.15C_discovered_links_manifest),20,equities|euronext,possible_public_equity_listing_route_next_phase,2,medium,True
/en/markets/milan/equities/euronext/list,(v2.15C_discovered_links_manifest),20,equities|euronext,possible_public_equity_listing_route_next_phase,2,medium,True
/en/markets/oslo/equities/euronext/list,(v2.15C_discovered_links_manifest),20,equities|euronext,possible_public_equity_listing_route_next_phase,2,medium,True
/en/markets/paris/equities/euronext/list,(v2.15C_discovered_links_manifest),20,equities|euronext,possible_public_equity_listing_route_next_phase,2,medium,True
/en/products/equities/list,(v2.15C_discovered_links_manifest),10,equities,possible_public_equity_listing_route_next_phase,2,medium,True
/fr/products/equities/list,(v2.15C_discovered_links_manifest),10,equities,possible_public_equity_listing_route_next_phase,2,medium,True
/nb/products/equities/list,(v2.15C_discovered_links_manifest),10,equities,possible_public_equity_listing_route_next_phase,2,medium,True
/nl/products/equities/list,(v2.15C_discovered_links_manifest),10,equities,possible_public_equity_listing_route_next_phase,2,medium,True
/pt/products/equities/list,(v2.15C_discovered_links_manifest),10,equities,possible_public_equity_listing_route_next_phase,2,medium,True
/de/products/equities/list,(v2.15C_discovered_links_manifest),10,equities,possible_public_equity_listing_route_next_phase,2,medium,True
/it/products/equities/list,(v2.15C_discovered_links_manifest),10,equities,possible_public_equity_listing_route_next_phase,2,medium,True
/en/markets/amsterdam/equities/list,(v2.15C_discovered_links_manifest),10,equities,possible_public_equity_listing_route_next_phase,2,medium,True
/en/markets/brussels/equities/list,(v2.15C_discovered_links_manifest),10,equities,possible_public_equity_listing_route_next_phase,2,medium,True
/en/markets/dublin/equities/list,(v2.15C_discovered_links_manifest),10,equities,possible_public_equity_listing_route_next_phase,2,medium,True
/en/markets/lisbon/equities/list,(v2.15C_discovered_links_manifest),10,equities,possible_public_equity_listing_route_next_phase,2,medium,True
/en/markets/milan/equities/list,(v2.15C_discovered_links_manifest),10,equities,possible_public_equity_listing_route_next_phase,2,medium,True
/en/markets/oslo/equities/list,(v2.15C_discovered_links_manifest),10,equities,possible_public_equity_listing_route_next_phase,2,medium,True
/en/markets/paris/equities/list,(v2.15C_discovered_links_manifest),10,equities,possible_public_equity_listing_route_next_phase,2,medium,True
/en/products/equities,(v2.15C_discovered_links_manifest),10,equities,possible_public_equity_listing_route_next_phase,2,medium,True
/en/products/equities/regulated/list,(v2.15C_discovered_links_manifest),10,equities,possible_public_equity_listing_route_next_phase,2,medium,True
/en/products/equities/growth/list,(v2.15C_discovered_links_manifest),10,equities,possible_public_equity_listing_route_next_phase,2,medium,True
/en/products/equities/access/list,(v2.15C_discovered_links_manifest),10,equities,possible_public_equity_listing_route_next_phase,2,medium,True
/en/products/equities/expand/list,(v2.15C_discovered_links_manifest),10,equities,possible_public_equity_listing_route_next_phase,2,medium,True
/en/products/equities/eurotlx/list,(v2.15C_discovered_links_manifest),10,equities,possible_public_equity_listing_route_next_phase,2,medium,True
/en/products/equities/trading-after-hours/list,(v2.15C_discovered_links_manifest),10,equities,possible_public_equity_listing_route_next_phase,2,medium,True
/en/products/equities/company-news,(v2.15C_discovered_links_manifest),10,equities,possible_public_equity_listing_route_next_phase,2,medium,True
/en/products/equities/company-news-archive,(v2.15C_discovered_links_manifest),10,equities,possible_public_equity_listing_route_next_phase,2,medium,True
/en/products/equities/tech-leaders,(v2.15C_discovered_links_manifest),10,equities,possible_public_equity_listing_route_next_phase,2,medium,True
/en/products/equities/listing-sponsors,(v2.15C_discovered_links_manifest),10,equities,possible_public_equity_listing_route_next_phase,2,medium,True
/en/markets/amsterdam/equities-by-index/aex-index,(v2.15C_discovered_links_manifest),10,equities,possible_public_equity_listing_route_next_phase,2,medium,True
/en/markets/amsterdam/equities-by-index/aex-esg,(v2.15C_discovered_links_manifest),10,equities,possible_public_equity_listing_route_next_phase,2,medium,True
/en/markets/brussels/equities-by-index/bel20,(v2.15C_discovered_links_manifest),10,equities,possible_public_equity_listing_route_next_phase,2,medium,True
/en/markets/brussels/equities/growth/list,(v2.15C_discovered_links_manifest),10,equities,possible_public_equity_listing_route_next_phase,2,medium,True
/en/markets/brussels/equities/access/list,(v2.15C_discovered_links_manifest),10,equities,possible_public_equity_listing_route_next_phase,2,medium,True
/en/markets/brussels/equities/expert/list,(v2.15C_discovered_links_manifest),10,equities,possible_public_equity_listing_route_next_phase,2,medium,True
/en/markets/dublin/equities-by-index/iseq20,(v2.15C_discovered_links_manifest),10,equities,possible_public_equity_listing_route_next_phase,2,medium,True
/en/markets/dublin/equities/growth/list,(v2.15C_discovered_links_manifest),10,equities,possible_public_equity_listing_route_next_phase,2,medium,True
/en/markets/lisbon/equities-by-index/psi,(v2.15C_discovered_links_manifest),10,equities,possible_public_equity_listing_route_next_phase,2,medium,True
/en/markets/lisbon/equities/access/list,(v2.15C_discovered_links_manifest),10,equities,possible_public_equity_listing_route_next_phase,2,medium,True
/en/markets/milan/equities/growth/list,(v2.15C_discovered_links_manifest),10,equities,possible_public_equity_listing_route_next_phase,2,medium,True
/en/markets/milan/equities/star/list,(v2.15C_discovered_links_manifest),10,equities,possible_public_equity_listing_route_next_phase,2,medium,True
/en/markets/milan/equities/eurotlx/list,(v2.15C_discovered_links_manifest),10,equities,possible_public_equity_listing_route_next_phase,2,medium,True
/en/markets/milan/equities/tah/list,(v2.15C_discovered_links_manifest),10,equities,possible_public_equity_listing_route_next_phase,2,medium,True
/en/markets/milan/equities-by-index/mib-esg,(v2.15C_discovered_links_manifest),10,equities,possible_public_equity_listing_route_next_phase,2,medium,True
/en/markets/oslo/equities-by-index/obx,(v2.15C_discovered_links_manifest),10,equities,possible_public_equity_listing_route_next_phase,2,medium,True
/en/markets/oslo/equities/growth/list,(v2.15C_discovered_links_manifest),10,equities,possible_public_equity_listing_route_next_phase,2,medium,True
/en/markets/oslo/equities/expand/list,(v2.15C_discovered_links_manifest),10,equities,possible_public_equity_listing_route_next_phase,2,medium,True
/en/markets/oslo/equities/company-news,(v2.15C_discovered_links_manifest),10,equities,possible_public_equity_listing_route_next_phase,2,medium,True
/en/markets/oslo/equities/company-news-archive,(v2.15C_discovered_links_manifest),10,equities,possible_public_equity_listing_route_next_phase,2,medium,True
/en/markets/oslo/equities/financial-events,(v2.15C_discovered_links_manifest),10,equities,possible_public_equity_listing_route_next_phase,2,medium,True
/en/markets/oslo/equities/primary-insiders,(v2.15C_discovered_links_manifest),10,equities,possible_public_equity_listing_route_next_phase,2,medium,True
/en/markets/oslo/equities/top-performers,(v2.15C_discovered_links_manifest),10,equities,possible_public_equity_listing_route_next_phase,2,medium,True
/en/markets/oslo/equities-by-index/obx-esg,(v2.15C_discovered_links_manifest),10,equities,possible_public_equity_listing_route_next_phase,2,medium,True
/en/markets/oslo/equities-by-index/osebx,(v2.15C_discovered_links_manifest),10,equities,possible_public_equity_listing_route_next_phase,2,medium,True
/en/markets/oslo/equities-by-index/osefx,(v2.15C_discovered_links_manifest),10,equities,possible_public_equity_listing_route_next_phase,2,medium,True
/en/markets/oslo/equities-by-index/seafood,(v2.15C_discovered_links_manifest),10,equities,possible_public_equity_listing_route_next_phase,2,medium,True
/en/markets/oslo/equities-by-index/shipping,(v2.15C_discovered_links_manifest),10,equities,possible_public_equity_listing_route_next_phase,2,medium,True
/en/markets/paris/equities-by-index/cac40,(v2.15C_discovered_links_manifest),10,equities,possible_public_equity_listing_route_next_phase,2,medium,True
/en/markets/paris/equities/growth/list,(v2.15C_discovered_links_manifest),10,equities,possible_public_equity_listing_route_next_phase,2,medium,True
/en/markets/paris/equities/access/list,(v2.15C_discovered_links_manifest),10,equities,possible_public_equity_listing_route_next_phase,2,medium,True
/en/markets/paris/equities-by-index/cac40-esg,(v2.15C_discovered_links_manifest),10,equities,possible_public_equity_listing_route_next_phase,2,medium,True
/fr/products/equities,(v2.15C_discovered_links_manifest),10,equities,possible_public_equity_listing_route_next_phase,2,medium,True
/nb/products/equities,(v2.15C_discovered_links_manifest),10,equities,possible_public_equity_listing_route_next_phase,2,medium,True
/nl/products/equities,(v2.15C_discovered_links_manifest),10,equities,possible_public_equity_listing_route_next_phase,2,medium,True
/pt/products/equities,(v2.15C_discovered_links_manifest),10,equities,possible_public_equity_listing_route_next_phase,2,medium,True
/de/products/equities,(v2.15C_discovered_links_manifest),10,equities,possible_public_equity_listing_route_next_phase,2,medium,True
/it/products/equities,(v2.15C_discovered_links_manifest),10,equities,possible_public_equity_listing_route_next_phase,2,medium,True
/en/products/equities/expert-market/list,(v2.15C_discovered_links_manifest),10,equities,possible_public_equity_listing_route_next_phase,2,medium,True
/en/markets/amsterdam/equities/list?page=0,(v2.15C_discovered_links_manifest),10,equities,possible_public_equity_listing_route_next_phase,2,medium,True
/fr/markets/amsterdam/equities/list?page=0,(v2.15C_discovered_links_manifest),10,equities,possible_public_equity_listing_route_next_phase,2,medium,True
/nb/markets/amsterdam/equities/list?page=0,(v2.15C_discovered_links_manifest),10,equities,possible_public_equity_listing_route_next_phase,2,medium,True
/nl/markets/amsterdam/equities/list?page=0,(v2.15C_discovered_links_manifest),10,equities,possible_public_equity_listing_route_next_phase,2,medium,True
/pt/markets/amsterdam/equities/list?page=0,(v2.15C_discovered_links_manifest),10,equities,possible_public_equity_listing_route_next_phase,2,medium,True
/de/markets/amsterdam/equities/list?page=0,(v2.15C_discovered_links_manifest),10,equities,possible_public_equity_listing_route_next_phase,2,medium,True
/it/markets/amsterdam/equities/list?page=0,(v2.15C_discovered_links_manifest),10,equities,possible_public_equity_listing_route_next_phase,2,medium,True
/en/markets/brussels/equities/list?page=0,(v2.15C_discovered_links_manifest),10,equities,possible_public_equity_listing_route_next_phase,2,medium,True
/fr/markets/brussels/equities/list?page=0,(v2.15C_discovered_links_manifest),10,equities,possible_public_equity_listing_route_next_phase,2,medium,True
/nb/markets/brussels/equities/list?page=0,(v2.15C_discovered_links_manifest),10,equities,possible_public_equity_listing_route_next_phase,2,medium,True
/nl/markets/brussels/equities/list?page=0,(v2.15C_discovered_links_manifest),10,equities,possible_public_equity_listing_route_next_phase,2,medium,True
/pt/markets/brussels/equities/list?page=0,(v2.15C_discovered_links_manifest),10,equities,possible_public_equity_listing_route_next_phase,2,medium,True
/de/markets/brussels/equities/list?page=0,(v2.15C_discovered_links_manifest),10,equities,possible_public_equity_listing_route_next_phase,2,medium,True
/it/markets/brussels/equities/list?page=0,(v2.15C_discovered_links_manifest),10,equities,possible_public_equity_listing_route_next_phase,2,medium,True
/en/markets/dublin/equities/list?page=0,(v2.15C_discovered_links_manifest),10,equities,possible_public_equity_listing_route_next_phase,2,medium,True
/fr/markets/dublin/equities/list?page=0,(v2.15C_discovered_links_manifest),10,equities,possible_public_equity_listing_route_next_phase,2,medium,True
/nb/markets/dublin/equities/list?page=0,(v2.15C_discovered_links_manifest),10,equities,possible_public_equity_listing_route_next_phase,2,medium,True
/nl/markets/dublin/equities/list?page=0,(v2.15C_discovered_links_manifest),10,equities,possible_public_equity_listing_route_next_phase,2,medium,True
/pt/markets/dublin/equities/list?page=0,(v2.15C_discovered_links_manifest),10,equities,possible_public_equity_listing_route_next_phase,2,medium,True
/de/markets/dublin/equities/list?page=0,(v2.15C_discovered_links_manifest),10,equities,possible_public_equity_listing_route_next_phase,2,medium,True
/it/markets/dublin/equities/list?page=0,(v2.15C_discovered_links_manifest),10,equities,possible_public_equity_listing_route_next_phase,2,medium,True
/en/markets/dublin/equities/access/list,(v2.15C_discovered_links_manifest),10,equities,possible_public_equity_listing_route_next_phase,2,medium,True
/en/markets/lisbon/equities/list?page=0,(v2.15C_discovered_links_manifest),10,equities,possible_public_equity_listing_route_next_phase,2,medium,True
/fr/markets/lisbon/equities/list?page=0,(v2.15C_discovered_links_manifest),10,equities,possible_public_equity_listing_route_next_phase,2,medium,True
/nb/markets/lisbon/equities/list?page=0,(v2.15C_discovered_links_manifest),10,equities,possible_public_equity_listing_route_next_phase,2,medium,True
/nl/markets/lisbon/equities/list?page=0,(v2.15C_discovered_links_manifest),10,equities,possible_public_equity_listing_route_next_phase,2,medium,True
/pt/markets/lisbon/equities/list?page=0,(v2.15C_discovered_links_manifest),10,equities,possible_public_equity_listing_route_next_phase,2,medium,True
/de/markets/lisbon/equities/list?page=0,(v2.15C_discovered_links_manifest),10,equities,possible_public_equity_listing_route_next_phase,2,medium,True
/it/markets/lisbon/equities/list?page=0,(v2.15C_discovered_links_manifest),10,equities,possible_public_equity_listing_route_next_phase,2,medium,True
/en/markets/milan/equities/list?page=0,(v2.15C_discovered_links_manifest),10,equities,possible_public_equity_listing_route_next_phase,2,medium,True
/fr/markets/milan/equities/list?page=0,(v2.15C_discovered_links_manifest),10,equities,possible_public_equity_listing_route_next_phase,2,medium,True
/nb/markets/milan/equities/list?page=0,(v2.15C_discovered_links_manifest),10,equities,possible_public_equity_listing_route_next_phase,2,medium,True
/nl/markets/milan/equities/list?page=0,(v2.15C_discovered_links_manifest),10,equities,possible_public_equity_listing_route_next_phase,2,medium,True
/pt/markets/milan/equities/list?page=0,(v2.15C_discovered_links_manifest),10,equities,possible_public_equity_listing_route_next_phase,2,medium,True
/de/markets/milan/equities/list?page=0,(v2.15C_discovered_links_manifest),10,equities,possible_public_equity_listing_route_next_phase,2,medium,True
/it/markets/milan/equities/list?page=0,(v2.15C_discovered_links_manifest),10,equities,possible_public_equity_listing_route_next_phase,2,medium,True
/en/markets/oslo/equities/list?page=0,(v2.15C_discovered_links_manifest),10,equities,possible_public_equity_listing_route_next_phase,2,medium,True
/fr/markets/oslo/equities/list?page=0,(v2.15C_discovered_links_manifest),10,equities,possible_public_equity_listing_route_next_phase,2,medium,True
/nb/markets/oslo/equities/list?page=0,(v2.15C_discovered_links_manifest),10,equities,possible_public_equity_listing_route_next_phase,2,medium,True
/nl/markets/oslo/equities/list?page=0,(v2.15C_discovered_links_manifest),10,equities,possible_public_equity_listing_route_next_phase,2,medium,True
/pt/markets/oslo/equities/list?page=0,(v2.15C_discovered_links_manifest),10,equities,possible_public_equity_listing_route_next_phase,2,medium,True
/de/markets/oslo/equities/list?page=0,(v2.15C_discovered_links_manifest),10,equities,possible_public_equity_listing_route_next_phase,2,medium,True
/it/markets/oslo/equities/list?page=0,(v2.15C_discovered_links_manifest),10,equities,possible_public_equity_listing_route_next_phase,2,medium,True
/en/markets/paris/equities/list?page=0,(v2.15C_discovered_links_manifest),10,equities,possible_public_equity_listing_route_next_phase,2,medium,True
/fr/markets/paris/equities/list?page=0,(v2.15C_discovered_links_manifest),10,equities,possible_public_equity_listing_route_next_phase,2,medium,True
/nb/markets/paris/equities/list?page=0,(v2.15C_discovered_links_manifest),10,equities,possible_public_equity_listing_route_next_phase,2,medium,True
/nl/markets/paris/equities/list?page=0,(v2.15C_discovered_links_manifest),10,equities,possible_public_equity_listing_route_next_phase,2,medium,True
/pt/markets/paris/equities/list?page=0,(v2.15C_discovered_links_manifest),10,equities,possible_public_equity_listing_route_next_phase,2,medium,True
/de/markets/paris/equities/list?page=0,(v2.15C_discovered_links_manifest),10,equities,possible_public_equity_listing_route_next_phase,2,medium,True
/it/markets/paris/equities/list?page=0,(v2.15C_discovered_links_manifest),10,equities,possible_public_equity_listing_route_next_phase,2,medium,True
https://live.euronext.com/en/instrumentSearch/searchJsonByMic?listMics&amp;instruType=Stock&amp;idBlockSearchBox=134,outputs\full_universe_source_acquisition\raw\euronext_v2_15c\euronext_live_equities_overview.html,95,euronext|instrument|instruments|json|live.euronext.com|stock,possible_euronext_json_or_ajax_endpoint_next_phase,3,medium,True
https://live.euronext.com/en/instrumentSearch/searchJSON,outputs\full_universe_source_acquisition\raw\euronext_v2_15c\euronext_amsterdam_equities_list.html,85,euronext|instrument|instruments|json|live.euronext.com,possible_euronext_json_or_ajax_endpoint_next_phase,3,medium,True
https://www.euronext.com/en/products-services/advanced-reference-data,outputs\full_universe_source_acquisition\raw\euronext_v2_15c\euronext_advanced_reference_data.html,25,data|euronext,reference_data_documentation_only,4,high_if_commercial_or_gated,False
https://www.euronext.com/en/products-services/static-reference-data,outputs\full_universe_source_acquisition\raw\euronext_v2_15c\euronext_static_reference_data.html,25,data|euronext,reference_data_documentation_only,4,high_if_commercial_or_gated,False
https://athens.euronext.com/en/market-data/instruments/stocks?page=1,outputs\full_universe_source_acquisition\raw\euronext_v2_15c\euronext_live_equities_overview.html,80,data|euronext|instrument|instruments|stock|stocks,review_only_euronext_relevant_but_not_allowed,5,medium,False
https://live.euronext.com/en/education/stocks,outputs\full_universe_source_acquisition\raw\euronext_v2_15c\euronext_amsterdam_equities_list.html,60,euronext|live.euronext.com|stock|stocks,review_only_euronext_relevant_but_not_allowed,5,medium,False
https://www.euronext.com/en/csd/oslo/equities-and-equity-certificates,outputs\full_universe_source_acquisition\raw\euronext_v2_15c\euronext_advanced_reference_data.html,50,equities|equity|euronext,review_only_euronext_relevant_but_not_allowed,5,medium,False
https://www.euronext.com/en/csd/oslo/equities-and-equity-certificates/shareholder-register,outputs\full_universe_source_acquisition\raw\euronext_v2_15c\euronext_advanced_reference_data.html,50,equities|equity|euronext,review_only_euronext_relevant_but_not_allowed,5,medium,False
https://www.euronext.com/en/csd/oslo/equities-and-equity-certificates/general-meetings,outputs\full_universe_source_acquisition\raw\euronext_v2_15c\euronext_advanced_reference_data.html,50,equities|equity|euronext,review_only_euronext_relevant_but_not_allowed,5,medium,False
https://www.euronext.com/en/csd/oslo/equities-and-equity-certificates/employee-share-savings,outputs\full_universe_source_acquisition\raw\euronext_v2_15c\euronext_advanced_reference_data.html,50,equities|equity|euronext,review_only_euronext_relevant_but_not_allowed,5,medium,False
https://www.euronext.com/en/csd/oslo/equities-and-equity-certificates/corporate-actions,outputs\full_universe_source_acquisition\raw\euronext_v2_15c\euronext_advanced_reference_data.html,50,equities|equity|euronext,review_only_euronext_relevant_but_not_allowed,5,medium,False
https://www.euronext.com/en/csd/oslo/equities-and-equity-certificates/registration,outputs\full_universe_source_acquisition\raw\euronext_v2_15c\euronext_advanced_reference_data.html,50,equities|equity|euronext,review_only_euronext_relevant_but_not_allowed,5,medium,False
https://www.euronext.com/en/csd/oslo/equities-and-equity-certificates/vps-issuer-services,outputs\full_universe_source_acquisition\raw\euronext_v2_15c\euronext_advanced_reference_data.html,50,equities|equity|euronext,review_only_euronext_relevant_but_not_allowed,5,medium,False
https://www.euronext.com/en/csd/oslo/equities-and-equity-certificates/virtual-general-meeting,outputs\full_universe_source_acquisition\raw\euronext_v2_15c\euronext_advanced_reference_data.html,50,equities|equity|euronext,review_only_euronext_relevant_but_not_allowed,5,medium,False
https://live.euronext.com/en/products/stock-futures/list,outputs\full_universe_source_acquisition\raw\euronext_v2_15c\euronext_amsterdam_equities_list.html,50,euronext|live.euronext.com|stock,review_only_euronext_relevant_but_not_allowed,5,medium,False
https://live.euronext.com/en/products/stock-futures/trading,outputs\full_universe_source_acquisition\raw\euronext_v2_15c\euronext_amsterdam_equities_list.html,50,euronext|live.euronext.com|stock,review_only_euronext_relevant_but_not_allowed,5,medium,False
https://live.euronext.com/en/products/stock-options/list,outputs\full_universe_source_acquisition\raw\euronext_v2_15c\euronext_amsterdam_equities_list.html,50,euronext|live.euronext.com|stock,review_only_euronext_relevant_but_not_allowed,5,medium,False
https://live.euronext.com/en/products/stock-options/mini/list,outputs\full_universe_source_acquisition\raw\euronext_v2_15c\euronext_amsterdam_equities_list.html,50,euronext|live.euronext.com|stock,review_only_euronext_relevant_but_not_allowed,5,medium,False
https://live.euronext.com/en/products/stock-options/trading,outputs\full_universe_source_acquisition\raw\euronext_v2_15c\euronext_amsterdam_equities_list.html,50,euronext|live.euronext.com|stock,review_only_euronext_relevant_but_not_allowed,5,medium,False
https://live.euronext.com/en/products/dividend-stock-futures/list,outputs\full_universe_source_acquisition\raw\euronext_v2_15c\euronext_amsterdam_equities_list.html,50,euronext|live.euronext.com|stock,review_only_euronext_relevant_but_not_allowed,5,medium,False
https://live.euronext.com/en/products/dividend-stock-futures/trading,outputs\full_universe_source_acquisition\raw\euronext_v2_15c\euronext_amsterdam_equities_list.html,50,euronext|live.euronext.com|stock,review_only_euronext_relevant_but_not_allowed,5,medium,False
https://live.euronext.com/en/markets/amsterdam/stock-futures/list,outputs\full_universe_source_acquisition\raw\euronext_v2_15c\euronext_amsterdam_equities_list.html,50,euronext|live.euronext.com|stock,review_only_euronext_relevant_but_not_allowed,5,medium,False
https://live.euronext.com/en/markets/amsterdam/stock-options/list,outputs\full_universe_source_acquisition\raw\euronext_v2_15c\euronext_amsterdam_equities_list.html,50,euronext|live.euronext.com|stock,review_only_euronext_relevant_but_not_allowed,5,medium,False
https://live.euronext.com/en/markets/brussels/stock-futures/list,outputs\full_universe_source_acquisition\raw\euronext_v2_15c\euronext_amsterdam_equities_list.html,50,euronext|live.euronext.com|stock,review_only_euronext_relevant_but_not_allowed,5,medium,False
https://live.euronext.com/en/markets/brussels/stock-options/list,outputs\full_universe_source_acquisition\raw\euronext_v2_15c\euronext_amsterdam_equities_list.html,50,euronext|live.euronext.com|stock,review_only_euronext_relevant_but_not_allowed,5,medium,False
https://live.euronext.com/en/markets/lisbon/stock-options/list,outputs\full_universe_source_acquisition\raw\euronext_v2_15c\euronext_amsterdam_equities_list.html,50,euronext|live.euronext.com|stock,review_only_euronext_relevant_but_not_allowed,5,medium,False
https://live.euronext.com/en/markets/lisbon/stock-futures/list,outputs\full_universe_source_acquisition\raw\euronext_v2_15c\euronext_amsterdam_equities_list.html,50,euronext|live.euronext.com|stock,review_only_euronext_relevant_but_not_allowed,5,medium,False
https://live.euronext.com/en/markets/milan/stock-options/list,outputs\full_universe_source_acquisition\raw\euronext_v2_15c\euronext_amsterdam_equities_list.html,50,euronext|live.euronext.com|stock,review_only_euronext_relevant_but_not_allowed,5,medium,False
https://live.euronext.com/en/markets/milan/stock-futures/list,outputs\full_universe_source_acquisition\raw\euronext_v2_15c\euronext_amsterdam_equities_list.html,50,euronext|live.euronext.com|stock,review_only_euronext_relevant_but_not_allowed,5,medium,False
https://live.euronext.com/en/markets/oslo/stock-futures/list,outputs\full_universe_source_acquisition\raw\euronext_v2_15c\euronext_amsterdam_equities_list.html,50,euronext|live.euronext.com|stock,review_only_euronext_relevant_but_not_allowed,5,medium,False
https://live.euronext.com/en/markets/oslo/stock-options/list,outputs\full_universe_source_acquisition\raw\euronext_v2_15c\euronext_amsterdam_equities_list.html,50,euronext|live.euronext.com|stock,review_only_euronext_relevant_but_not_allowed,5,medium,False
https://live.euronext.com/en/markets/paris/stock-futures/list,outputs\full_universe_source_acquisition\raw\euronext_v2_15c\euronext_amsterdam_equities_list.html,50,euronext|live.euronext.com|stock,review_only_euronext_relevant_but_not_allowed,5,medium,False
https://live.euronext.com/en/markets/paris/stock-options/list,outputs\full_universe_source_acquisition\raw\euronext_v2_15c\euronext_amsterdam_equities_list.html,50,euronext|live.euronext.com|stock,review_only_euronext_relevant_but_not_allowed,5,medium,False
https://www.euronext.com/en/listing/raise-capital,outputs\full_universe_source_acquisition\raw\euronext_v2_15c\euronext_advanced_reference_data.html,40,api|euronext,review_only_euronext_relevant_but_not_allowed,5,medium,False
https://www.euronext.com/en/trading/trading-services/euronext-global-equity-market-gem,outputs\full_universe_source_acquisition\raw\euronext_v2_15c\euronext_advanced_reference_data.html,40,equity|euronext,review_only_euronext_relevant_but_not_allowed,5,medium,False
https://live.euronext.com/en/equities/family-business,outputs\full_universe_source_acquisition\raw\euronext_v2_15c\euronext_amsterdam_equities_list.html,35,equities|euronext|live.euronext.com,review_only_euronext_relevant_but_not_allowed,5,medium,False
https://www.euronext.com/sites/default/files/2026-05/Static%20Reference%20Data%20%E2%80%93%20Equities%20%26%20Bonds.pdf,outputs\full_universe_source_acquisition\raw\euronext_v2_15c\euronext_static_reference_data.html,35,data|equities|euronext,review_only_euronext_relevant_but_not_allowed,5,medium,False
/en/education/stocks,(v2.15C_discovered_links_manifest),35,stock|stocks,review_only_euronext_relevant_but_not_allowed,5,medium,False
/en/trading/trading-services/euronext-global-equity-market-gem,(v2.15C_discovered_links_manifest),35,equity|euronext,review_only_euronext_relevant_but_not_allowed,5,medium,False
/en/csd/oslo/equities-and-equity-certificates,(v2.15C_discovered_links_manifest),35,equities|equity,review_only_euronext_relevant_but_not_allowed,5,medium,False
https://live.euronext.com,outputs\full_universe_source_acquisition\raw\euronext_v2_15c\euronext_advanced_reference_data.html,25,euronext|live.euronext.com,review_only_euronext_relevant_but_not_allowed,5,medium,False
https://live.euronext.com/en/markets/amsterdam,outputs\full_universe_source_acquisition\raw\euronext_v2_15c\euronext_advanced_reference_data.html,25,euronext|live.euronext.com,review_only_euronext_relevant_but_not_allowed,5,medium,False
https://live.euronext.com/en/markets/brussels,outputs\full_universe_source_acquisition\raw\euronext_v2_15c\euronext_advanced_reference_data.html,25,euronext|live.euronext.com,review_only_euronext_relevant_but_not_allowed,5,medium,False
https://live.euronext.com/en/markets/dublin,outputs\full_universe_source_acquisition\raw\euronext_v2_15c\euronext_advanced_reference_data.html,25,euronext|live.euronext.com,review_only_euronext_relevant_but_not_allowed,5,medium,False
https://live.euronext.com/en/markets/lisbon,outputs\full_universe_source_acquisition\raw\euronext_v2_15c\euronext_advanced_reference_data.html,25,euronext|live.euronext.com,review_only_euronext_relevant_but_not_allowed,5,medium,False
https://live.euronext.com/en/markets/milan,outputs\full_universe_source_acquisition\raw\euronext_v2_15c\euronext_advanced_reference_data.html,25,euronext|live.euronext.com,review_only_euronext_relevant_but_not_allowed,5,medium,False
https://live.euronext.com/en/markets/oslo,outputs\full_universe_source_acquisition\raw\euronext_v2_15c\euronext_advanced_reference_data.html,25,euronext|live.euronext.com,review_only_euronext_relevant_but_not_allowed,5,medium,False
https://live.euronext.com/en/markets/paris,outputs\full_universe_source_acquisition\raw\euronext_v2_15c\euronext_advanced_reference_data.html,25,euronext|live.euronext.com,review_only_euronext_relevant_but_not_allowed,5,medium,False
https://live.euronext.com/products/fixed-income-derivatives,outputs\full_universe_source_acquisition\raw\euronext_v2_15c\euronext_advanced_reference_data.html,25,euronext|live.euronext.com,review_only_euronext_relevant_but_not_allowed,5,medium,False
https://live.euronext.com/en,outputs\full_universe_source_acquisition\raw\euronext_v2_15c\euronext_amsterdam_equities_list.html,25,euronext|live.euronext.com,review_only_euronext_relevant_but_not_allowed,5,medium,False
https://live.euronext.com/en/caslogin,outputs\full_universe_source_acquisition\raw\euronext_v2_15c\euronext_amsterdam_equities_list.html,25,euronext|live.euronext.com,review_only_euronext_relevant_but_not_allowed,5,medium,False
https://live.euronext.com/en/markets/amsterdam/indices/list,outputs\full_universe_source_acquisition\raw\euronext_v2_15c\euronext_amsterdam_equities_list.html,25,euronext|live.euronext.com,review_only_euronext_relevant_but_not_allowed,5,medium,False
https://live.euronext.com/en/markets/amsterdam/etfs/list,outputs\full_universe_source_acquisition\raw\euronext_v2_15c\euronext_amsterdam_equities_list.html,25,euronext|live.euronext.com,review_only_euronext_relevant_but_not_allowed,5,medium,False
https://live.euronext.com/en/markets/amsterdam/bonds/list,outputs\full_universe_source_acquisition\raw\euronext_v2_15c\euronext_amsterdam_equities_list.html,25,euronext|live.euronext.com,review_only_euronext_relevant_but_not_allowed,5,medium,False
https://live.euronext.com/en/markets/amsterdam/funds/list,outputs\full_universe_source_acquisition\raw\euronext_v2_15c\euronext_amsterdam_equities_list.html,25,euronext|live.euronext.com,review_only_euronext_relevant_but_not_allowed,5,medium,False
https://live.euronext.com/en/markets/amsterdam/structured-products/list,outputs\full_universe_source_acquisition\raw\euronext_v2_15c\euronext_amsterdam_equities_list.html,25,euronext|live.euronext.com,review_only_euronext_relevant_but_not_allowed,5,medium,False
https://live.euronext.com/en/markets/amsterdam/index-derivatives/futures/list,outputs\full_universe_source_acquisition\raw\euronext_v2_15c\euronext_amsterdam_equities_list.html,25,euronext|live.euronext.com,review_only_euronext_relevant_but_not_allowed,5,medium,False
https://live.euronext.com/en/markets/brussels/indices/list,outputs\full_universe_source_acquisition\raw\euronext_v2_15c\euronext_amsterdam_equities_list.html,25,euronext|live.euronext.com,review_only_euronext_relevant_but_not_allowed,5,medium,False
https://live.euronext.com/en/markets/brussels/etfs/list,outputs\full_universe_source_acquisition\raw\euronext_v2_15c\euronext_amsterdam_equities_list.html,25,euronext|live.euronext.com,review_only_euronext_relevant_but_not_allowed,5,medium,False
https://live.euronext.com/en/markets/brussels/bonds/list,outputs\full_universe_source_acquisition\raw\euronext_v2_15c\euronext_amsterdam_equities_list.html,25,euronext|live.euronext.com,review_only_euronext_relevant_but_not_allowed,5,medium,False
https://live.euronext.com/en/markets/brussels/structured-products/list,outputs\full_universe_source_acquisition\raw\euronext_v2_15c\euronext_amsterdam_equities_list.html,25,euronext|live.euronext.com,review_only_euronext_relevant_but_not_allowed,5,medium,False
https://live.euronext.com/en/markets/brussels/index-derivatives/futures/list,outputs\full_universe_source_acquisition\raw\euronext_v2_15c\euronext_amsterdam_equities_list.html,25,euronext|live.euronext.com,review_only_euronext_relevant_but_not_allowed,5,medium,False
https://live.euronext.com/en/markets/dublin/indices/list,outputs\full_universe_source_acquisition\raw\euronext_v2_15c\euronext_amsterdam_equities_list.html,25,euronext|live.euronext.com,review_only_euronext_relevant_but_not_allowed,5,medium,False
https://live.euronext.com/en/markets/dublin/etfs/list,outputs\full_universe_source_acquisition\raw\euronext_v2_15c\euronext_amsterdam_equities_list.html,25,euronext|live.euronext.com,review_only_euronext_relevant_but_not_allowed,5,medium,False
https://live.euronext.com/en/markets/dublin/bonds/list,outputs\full_universe_source_acquisition\raw\euronext_v2_15c\euronext_amsterdam_equities_list.html,25,euronext|live.euronext.com,review_only_euronext_relevant_but_not_allowed,5,medium,False
https://live.euronext.com/en/markets/dublin/govbonds/list,outputs\full_universe_source_acquisition\raw\euronext_v2_15c\euronext_amsterdam_equities_list.html,25,euronext|live.euronext.com,review_only_euronext_relevant_but_not_allowed,5,medium,False
https://live.euronext.com/en/markets/dublin/funds/list,outputs\full_universe_source_acquisition\raw\euronext_v2_15c\euronext_amsterdam_equities_list.html,25,euronext|live.euronext.com,review_only_euronext_relevant_but_not_allowed,5,medium,False
https://live.euronext.com/en/markets/dublin/daily-official-list,outputs\full_universe_source_acquisition\raw\euronext_v2_15c\euronext_amsterdam_equities_list.html,25,euronext|live.euronext.com,review_only_euronext_relevant_but_not_allowed,5,medium,False
https://live.euronext.com/en/markets/lisbon/indices/list,outputs\full_universe_source_acquisition\raw\euronext_v2_15c\euronext_amsterdam_equities_list.html,25,euronext|live.euronext.com,review_only_euronext_relevant_but_not_allowed,5,medium,False
https://live.euronext.com/en/markets/milan/bonds/list,outputs\full_universe_source_acquisition\raw\euronext_v2_15c\euronext_amsterdam_equities_list.html,25,euronext|live.euronext.com,review_only_euronext_relevant_but_not_allowed,5,medium,False
https://live.euronext.com/en/markets/lisbon/funds/list,outputs\full_universe_source_acquisition\raw\euronext_v2_15c\euronext_amsterdam_equities_list.html,25,euronext|live.euronext.com,review_only_euronext_relevant_but_not_allowed,5,medium,False
https://live.euronext.com/en/markets/lisbon/index-derivatives/futures/list,outputs\full_universe_source_acquisition\raw\euronext_v2_15c\euronext_amsterdam_equities_list.html,25,euronext|live.euronext.com,review_only_euronext_relevant_but_not_allowed,5,medium,False
https://live.euronext.com/en/markets/milan/etfs/list,outputs\full_universe_source_acquisition\raw\euronext_v2_15c\euronext_amsterdam_equities_list.html,25,euronext|live.euronext.com,review_only_euronext_relevant_but_not_allowed,5,medium,False
https://live.euronext.com/en/markets/milan/funds/list,outputs\full_universe_source_acquisition\raw\euronext_v2_15c\euronext_amsterdam_equities_list.html,25,euronext|live.euronext.com,review_only_euronext_relevant_but_not_allowed,5,medium,False
https://live.euronext.com/en/markets/milan/structured-products/list,outputs\full_universe_source_acquisition\raw\euronext_v2_15c\euronext_amsterdam_equities_list.html,25,euronext|live.euronext.com,review_only_euronext_relevant_but_not_allowed,5,medium,False
https://live.euronext.com/en/markets/milan/derivatives/list,outputs\full_universe_source_acquisition\raw\euronext_v2_15c\euronext_amsterdam_equities_list.html,25,euronext|live.euronext.com,review_only_euronext_relevant_but_not_allowed,5,medium,False
https://live.euronext.com/en/markets/oslo/indices/list,outputs\full_universe_source_acquisition\raw\euronext_v2_15c\euronext_amsterdam_equities_list.html,25,euronext|live.euronext.com,review_only_euronext_relevant_but_not_allowed,5,medium,False
https://live.euronext.com/en/markets/oslo/etfs/list,outputs\full_universe_source_acquisition\raw\euronext_v2_15c\euronext_amsterdam_equities_list.html,25,euronext|live.euronext.com,review_only_euronext_relevant_but_not_allowed,5,medium,False
https://live.euronext.com/en/products/fixed-income/oslo/list,outputs\full_universe_source_acquisition\raw\euronext_v2_15c\euronext_amsterdam_equities_list.html,25,euronext|live.euronext.com,review_only_euronext_relevant_but_not_allowed,5,medium,False
https://live.euronext.com/en/products/funds/oslo-mutual-funds,outputs\full_universe_source_acquisition\raw\euronext_v2_15c\euronext_amsterdam_equities_list.html,25,euronext|live.euronext.com,review_only_euronext_relevant_but_not_allowed,5,medium,False
https://live.euronext.com/en/markets/oslo/derivatives/list,outputs\full_universe_source_acquisition\raw\euronext_v2_15c\euronext_amsterdam_equities_list.html,25,euronext|live.euronext.com,review_only_euronext_relevant_but_not_allowed,5,medium,False
https://live.euronext.com/en/markets/paris/indices/list,outputs\full_universe_source_acquisition\raw\euronext_v2_15c\euronext_amsterdam_equities_list.html,25,euronext|live.euronext.com,review_only_euronext_relevant_but_not_allowed,5,medium,False
https://live.euronext.com/en/markets/paris/etfs/list,outputs\full_universe_source_acquisition\raw\euronext_v2_15c\euronext_amsterdam_equities_list.html,25,euronext|live.euronext.com,review_only_euronext_relevant_but_not_allowed,5,medium,False
https://live.euronext.com/en/products/fixed-income/paris/list,outputs\full_universe_source_acquisition\raw\euronext_v2_15c\euronext_amsterdam_equities_list.html,25,euronext|live.euronext.com,review_only_euronext_relevant_but_not_allowed,5,medium,False
https://live.euronext.com/en/markets/paris/structured-products/list,outputs\full_universe_source_acquisition\raw\euronext_v2_15c\euronext_amsterdam_equities_list.html,25,euronext|live.euronext.com,review_only_euronext_relevant_but_not_allowed,5,medium,False
https://live.euronext.com/en/markets/paris/index-derivatives/futures/list,outputs\full_universe_source_acquisition\raw\euronext_v2_15c\euronext_amsterdam_equities_list.html,25,euronext|live.euronext.com,review_only_euronext_relevant_but_not_allowed,5,medium,False
https://live.euronext.com/en/products/indices,outputs\full_universe_source_acquisition\raw\euronext_v2_15c\euronext_amsterdam_equities_list.html,25,euronext|live.euronext.com,review_only_euronext_relevant_but_not_allowed,5,medium,False
https://live.euronext.com/en/products/indices/list,outputs\full_universe_source_acquisition\raw\euronext_v2_15c\euronext_amsterdam_equities_list.html,25,euronext|live.euronext.com,review_only_euronext_relevant_but_not_allowed,5,medium,False
https://live.euronext.com/en/products/indices/esg-indices,outputs\full_universe_source_acquisition\raw\euronext_v2_15c\euronext_amsterdam_equities_list.html,25,euronext|live.euronext.com,review_only_euronext_relevant_but_not_allowed,5,medium,False
https://live.euronext.com/en/products/indices/flagship,outputs\full_universe_source_acquisition\raw\euronext_v2_15c\euronext_amsterdam_equities_list.html,25,euronext|live.euronext.com,review_only_euronext_relevant_but_not_allowed,5,medium,False
https://live.euronext.com/en/products/indices/broad,outputs\full_universe_source_acquisition\raw\euronext_v2_15c\euronext_amsterdam_equities_list.html,25,euronext|live.euronext.com,review_only_euronext_relevant_but_not_allowed,5,medium,False
https://live.euronext.com/en/products/indices/sector,outputs\full_universe_source_acquisition\raw\euronext_v2_15c\euronext_amsterdam_equities_list.html,25,euronext|live.euronext.com,review_only_euronext_relevant_but_not_allowed,5,medium,False
https://live.euronext.com/en/products/indices/thematic,outputs\full_universe_source_acquisition\raw\euronext_v2_15c\euronext_amsterdam_equities_list.html,25,euronext|live.euronext.com,review_only_euronext_relevant_but_not_allowed,5,medium,False
https://live.euronext.com/en/products/indices/commodity,outputs\full_universe_source_acquisition\raw\euronext_v2_15c\euronext_amsterdam_equities_list.html,25,euronext|live.euronext.com,review_only_euronext_relevant_but_not_allowed,5,medium,False
https://live.euronext.com/en/products/indices/fixed-income,outputs\full_universe_source_acquisition\raw\euronext_v2_15c\euronext_amsterdam_equities_list.html,25,euronext|live.euronext.com,review_only_euronext_relevant_but_not_allowed,5,medium,False
https://live.euronext.com/en/products/indices/crypto,outputs\full_universe_source_acquisition\raw\euronext_v2_15c\euronext_amsterdam_equities_list.html,25,euronext|live.euronext.com,review_only_euronext_relevant_but_not_allowed,5,medium,False
https://live.euronext.com/en/products/indices/introducing-euronext-indices,outputs\full_universe_source_acquisition\raw\euronext_v2_15c\euronext_amsterdam_equities_list.html,25,euronext|live.euronext.com,review_only_euronext_relevant_but_not_allowed,5,medium,False
https://live.euronext.com/en/products/indices/all-indices-documents,outputs\full_universe_source_acquisition\raw\euronext_v2_15c\euronext_amsterdam_equities_list.html,25,euronext|live.euronext.com,review_only_euronext_relevant_but_not_allowed,5,medium,False
https://live.euronext.com/en/products/indices/announcements,outputs\full_universe_source_acquisition\raw\euronext_v2_15c\euronext_amsterdam_equities_list.html,25,euronext|live.euronext.com,review_only_euronext_relevant_but_not_allowed,5,medium,False
https://live.euronext.com/en/products/indices/consultations,outputs\full_universe_source_acquisition\raw\euronext_v2_15c\euronext_amsterdam_equities_list.html,25,euronext|live.euronext.com,review_only_euronext_relevant_but_not_allowed,5,medium,False
https://live.euronext.com/en/products/indices/contact,outputs\full_universe_source_acquisition\raw\euronext_v2_15c\euronext_amsterdam_equities_list.html,25,euronext|live.euronext.com,review_only_euronext_relevant_but_not_allowed,5,medium,False
https://live.euronext.com/en/products/etfs,outputs\full_universe_source_acquisition\raw\euronext_v2_15c\euronext_amsterdam_equities_list.html,25,euronext|live.euronext.com,review_only_euronext_relevant_but_not_allowed,5,medium,False
https://live.euronext.com/en/products/etfs/list,outputs\full_universe_source_acquisition\raw\euronext_v2_15c\euronext_amsterdam_equities_list.html,25,euronext|live.euronext.com,review_only_euronext_relevant_but_not_allowed,5,medium,False
https://live.euronext.com/en/products/etfs/esg-etfs,outputs\full_universe_source_acquisition\raw\euronext_v2_15c\euronext_amsterdam_equities_list.html,25,euronext|live.euronext.com,review_only_euronext_relevant_but_not_allowed,5,medium,False
https://live.euronext.com/en/products/etfs/euronext-etf-europe,outputs\full_universe_source_acquisition\raw\euronext_v2_15c\euronext_amsterdam_equities_list.html,25,euronext|live.euronext.com,review_only_euronext_relevant_but_not_allowed,5,medium,False
https://live.euronext.com/en/products/funds,outputs\full_universe_source_acquisition\raw\euronext_v2_15c\euronext_amsterdam_equities_list.html,25,euronext|live.euronext.com,review_only_euronext_relevant_but_not_allowed,5,medium,False
https://live.euronext.com/en/products/funds/list,outputs\full_universe_source_acquisition\raw\euronext_v2_15c\euronext_amsterdam_equities_list.html,25,euronext|live.euronext.com,review_only_euronext_relevant_but_not_allowed,5,medium,False
https://live.euronext.com/en/products/funds/esg-funds,outputs\full_universe_source_acquisition\raw\euronext_v2_15c\euronext_amsterdam_equities_list.html,25,euronext|live.euronext.com,review_only_euronext_relevant_but_not_allowed,5,medium,False
https://live.euronext.com/en/products/funds/brokers,outputs\full_universe_source_acquisition\raw\euronext_v2_15c\euronext_amsterdam_equities_list.html,25,euronext|live.euronext.com,review_only_euronext_relevant_but_not_allowed,5,medium,False
https://live.euronext.com/en/products/fixed-income,outputs\full_universe_source_acquisition\raw\euronext_v2_15c\euronext_amsterdam_equities_list.html,25,euronext|live.euronext.com,review_only_euronext_relevant_but_not_allowed,5,medium,False
https://live.euronext.com/en/products/bonds/list,outputs\full_universe_source_acquisition\raw\euronext_v2_15c\euronext_amsterdam_equities_list.html,25,euronext|live.euronext.com,review_only_euronext_relevant_but_not_allowed,5,medium,False
https://live.euronext.com/en/products/bonds/regulated/list,outputs\full_universe_source_acquisition\raw\euronext_v2_15c\euronext_amsterdam_equities_list.html,25,euronext|live.euronext.com,review_only_euronext_relevant_but_not_allowed,5,medium,False
https://live.euronext.com/en/products/bonds/growth/list,outputs\full_universe_source_acquisition\raw\euronext_v2_15c\euronext_amsterdam_equities_list.html,25,euronext|live.euronext.com,review_only_euronext_relevant_but_not_allowed,5,medium,False
https://live.euronext.com/en/products/bonds/access/list,outputs\full_universe_source_acquisition\raw\euronext_v2_15c\euronext_amsterdam_equities_list.html,25,euronext|live.euronext.com,review_only_euronext_relevant_but_not_allowed,5,medium,False
https://live.euronext.com/en/products/bonds/mot/list,outputs\full_universe_source_acquisition\raw\euronext_v2_15c\euronext_amsterdam_equities_list.html,25,euronext|live.euronext.com,review_only_euronext_relevant_but_not_allowed,5,medium,False
https://live.euronext.com/en/products/bonds/eurotlx/list,outputs\full_universe_source_acquisition\raw\euronext_v2_15c\euronext_amsterdam_equities_list.html,25,euronext|live.euronext.com,review_only_euronext_relevant_but_not_allowed,5,medium,False
https://live.euronext.com/en/products/bonds/abm/list,outputs\full_universe_source_acquisition\raw\euronext_v2_15c\euronext_amsterdam_equities_list.html,25,euronext|live.euronext.com,review_only_euronext_relevant_but_not_allowed,5,medium,False
https://live.euronext.com/en/products/bonds/expert/list,outputs\full_universe_source_acquisition\raw\euronext_v2_15c\euronext_amsterdam_equities_list.html,25,euronext|live.euronext.com,review_only_euronext_relevant_but_not_allowed,5,medium,False
https://live.euronext.com/en/products/fixed-income/esg-bonds,outputs\full_universe_source_acquisition\raw\euronext_v2_15c\euronext_amsterdam_equities_list.html,25,euronext|live.euronext.com,review_only_euronext_relevant_but_not_allowed,5,medium,False
https://live.euronext.com/en/products/fixed-income/esg-bonds-1-5,outputs\full_universe_source_acquisition\raw\euronext_v2_15c\euronext_amsterdam_equities_list.html,25,euronext|live.euronext.com,review_only_euronext_relevant_but_not_allowed,5,medium,False
https://live.euronext.com/en/products/fixed-income/defence-bonds,outputs\full_universe_source_acquisition\raw\euronext_v2_15c\euronext_amsterdam_equities_list.html,25,euronext|live.euronext.com,review_only_euronext_relevant_but_not_allowed,5,medium,False
https://live.euronext.com/en/products/structured-products,outputs\full_universe_source_acquisition\raw\euronext_v2_15c\euronext_amsterdam_equities_list.html,25,euronext|live.euronext.com,review_only_euronext_relevant_but_not_allowed,5,medium,False
https://live.euronext.com/en/products/structured-products/list,outputs\full_universe_source_acquisition\raw\euronext_v2_15c\euronext_amsterdam_equities_list.html,25,euronext|live.euronext.com,review_only_euronext_relevant_but_not_allowed,5,medium,False
https://live.euronext.com/en/products/structured-products/activity-reports,outputs\full_universe_source_acquisition\raw\euronext_v2_15c\euronext_amsterdam_equities_list.html,25,euronext|live.euronext.com,review_only_euronext_relevant_but_not_allowed,5,medium,False
https://live.euronext.com/en/products/structured-products/extended-trading-hours,outputs\full_universe_source_acquisition\raw\euronext_v2_15c\euronext_amsterdam_equities_list.html,25,euronext|live.euronext.com,review_only_euronext_relevant_but_not_allowed,5,medium,False
https://live.euronext.com/en/products/structured-products/good-till-date-order-recycling,outputs\full_universe_source_acquisition\raw\euronext_v2_15c\euronext_amsterdam_equities_list.html,25,euronext|live.euronext.com,review_only_euronext_relevant_but_not_allowed,5,medium,False
https://live.euronext.com/en/products/structured-products/bid-only-status,outputs\full_universe_source_acquisition\raw\euronext_v2_15c\euronext_amsterdam_equities_list.html,25,euronext|live.euronext.com,review_only_euronext_relevant_but_not_allowed,5,medium,False
https://live.euronext.com/en/products/structured-products/turbo-trading-netherlands,outputs\full_universe_source_acquisition\raw\euronext_v2_15c\euronext_amsterdam_equities_list.html,25,euronext|live.euronext.com,review_only_euronext_relevant_but_not_allowed,5,medium,False
https://live.euronext.com/en/products/derivatives,outputs\full_universe_source_acquisition\raw\euronext_v2_15c\euronext_amsterdam_equities_list.html,25,euronext|live.euronext.com,review_only_euronext_relevant_but_not_allowed,5,medium,False
https://live.euronext.com/en/products/index-futures/list,outputs\full_universe_source_acquisition\raw\euronext_v2_15c\euronext_amsterdam_equities_list.html,25,euronext|live.euronext.com,review_only_euronext_relevant_but_not_allowed,5,medium,False
https://live.euronext.com/en/products/index-futures/trading,outputs\full_universe_source_acquisition\raw\euronext_v2_15c\euronext_amsterdam_equities_list.html,25,euronext|live.euronext.com,review_only_euronext_relevant_but_not_allowed,5,medium,False
https://live.euronext.com/en/products/index-options/list,outputs\full_universe_source_acquisition\raw\euronext_v2_15c\euronext_amsterdam_equities_list.html,25,euronext|live.euronext.com,review_only_euronext_relevant_but_not_allowed,5,medium,False
https://live.euronext.com/en/products/index-options/trading,outputs\full_universe_source_acquisition\raw\euronext_v2_15c\euronext_amsterdam_equities_list.html,25,euronext|live.euronext.com,review_only_euronext_relevant_but_not_allowed,5,medium,False
https://live.euronext.com/en/products/bond-futures/list,outputs\full_universe_source_acquisition\raw\euronext_v2_15c\euronext_amsterdam_equities_list.html,25,euronext|live.euronext.com,review_only_euronext_relevant_but_not_allowed,5,medium,False
https://live.euronext.com/en/products/bond-futures/deliverable-bonds,outputs\full_universe_source_acquisition\raw\euronext_v2_15c\euronext_amsterdam_equities_list.html,25,euronext|live.euronext.com,review_only_euronext_relevant_but_not_allowed,5,medium,False
https://live.euronext.com/en/products/etf-options/list,outputs\full_universe_source_acquisition\raw\euronext_v2_15c\euronext_amsterdam_equities_list.html,25,euronext|live.euronext.com,review_only_euronext_relevant_but_not_allowed,5,medium,False
https://live.euronext.com/en/products/etf-options/trading,outputs\full_universe_source_acquisition\raw\euronext_v2_15c\euronext_amsterdam_equities_list.html,25,euronext|live.euronext.com,review_only_euronext_relevant_but_not_allowed,5,medium,False
https://live.euronext.com/en/products/derivatives/contracts-specifications,outputs\full_universe_source_acquisition\raw\euronext_v2_15c\euronext_amsterdam_equities_list.html,25,euronext|live.euronext.com,review_only_euronext_relevant_but_not_allowed,5,medium,False
https://live.euronext.com/en/products/derivatives/wholesale-trading,outputs\full_universe_source_acquisition\raw\euronext_v2_15c\euronext_amsterdam_equities_list.html,25,euronext|live.euronext.com,review_only_euronext_relevant_but_not_allowed,5,medium,False
https://live.euronext.com/en/products/derivatives/usa-tradable,outputs\full_universe_source_acquisition\raw\euronext_v2_15c\euronext_amsterdam_equities_list.html,25,euronext|live.euronext.com,review_only_euronext_relevant_but_not_allowed,5,medium,False
https://live.euronext.com/en/products/derivatives/tick-sizes,outputs\full_universe_source_acquisition\raw\euronext_v2_15c\euronext_amsterdam_equities_list.html,25,euronext|live.euronext.com,review_only_euronext_relevant_but_not_allowed,5,medium,False
https://live.euronext.com/en/products/derivatives/quote-vendor-codes,outputs\full_universe_source_acquisition\raw\euronext_v2_15c\euronext_amsterdam_equities_list.html,25,euronext|live.euronext.com,review_only_euronext_relevant_but_not_allowed,5,medium,False
https://live.euronext.com/en/products/fixed-income-derivatives,outputs\full_universe_source_acquisition\raw\euronext_v2_15c\euronext_amsterdam_equities_list.html,25,euronext|live.euronext.com,review_only_euronext_relevant_but_not_allowed,5,medium,False
https://live.euronext.com/en/products/derivatives/total-return-futures,outputs\full_universe_source_acquisition\raw\euronext_v2_15c\euronext_amsterdam_equities_list.html,25,euronext|live.euronext.com,review_only_euronext_relevant_but_not_allowed,5,medium,False
https://live.euronext.com/en/products/commodities,outputs\full_universe_source_acquisition\raw\euronext_v2_15c\euronext_amsterdam_equities_list.html,25,euronext|live.euronext.com,review_only_euronext_relevant_but_not_allowed,5,medium,False
https://live.euronext.com/en/commodities-contracts,outputs\full_universe_source_acquisition\raw\euronext_v2_15c\euronext_amsterdam_equities_list.html,25,euronext|live.euronext.com,review_only_euronext_relevant_but_not_allowed,5,medium,False
https://live.euronext.com/en/products/commodities/power-derivatives,outputs\full_universe_source_acquisition\raw\euronext_v2_15c\euronext_amsterdam_equities_list.html,25,euronext|live.euronext.com,review_only_euronext_relevant_but_not_allowed,5,medium,False
https://live.euronext.com/en/products/commodities/power-derivatives/contracts-list,outputs\full_universe_source_acquisition\raw\euronext_v2_15c\euronext_amsterdam_equities_list.html,25,euronext|live.euronext.com,review_only_euronext_relevant_but_not_allowed,5,medium,False
https://live.euronext.com/en/products/commodities/power-derivatives/clearing-members,outputs\full_universe_source_acquisition\raw\euronext_v2_15c\euronext_amsterdam_equities_list.html,25,euronext|live.euronext.com,review_only_euronext_relevant_but_not_allowed,5,medium,False
https://live.euronext.com/en/products/commodities/milling-wheat-derivatives,outputs\full_universe_source_acquisition\raw\euronext_v2_15c\euronext_amsterdam_equities_list.html,25,euronext|live.euronext.com,review_only_euronext_relevant_but_not_allowed,5,medium,False
https://live.euronext.com/en/product/commodities-futures/EBM-DPAR,outputs\full_universe_source_acquisition\raw\euronext_v2_15c\euronext_amsterdam_equities_list.html,25,euronext|live.euronext.com,review_only_euronext_relevant_but_not_allowed,5,medium,False
https://live.euronext.com/en/product/commodities-options/OBM-DPAR,outputs\full_universe_source_acquisition\raw\euronext_v2_15c\euronext_amsterdam_equities_list.html,25,euronext|live.euronext.com,review_only_euronext_relevant_but_not_allowed,5,medium,False
https://live.euronext.com/en/products/commodities/corn-derivatives,outputs\full_universe_source_acquisition\raw\euronext_v2_15c\euronext_amsterdam_equities_list.html,25,euronext|live.euronext.com,review_only_euronext_relevant_but_not_allowed,5,medium,False
https://live.euronext.com/en/product/commodities-futures/EMA-DPAR,outputs\full_universe_source_acquisition\raw\euronext_v2_15c\euronext_amsterdam_equities_list.html,25,euronext|live.euronext.com,review_only_euronext_relevant_but_not_allowed,5,medium,False
https://live.euronext.com/en/product/commodities-options/OMA-DPAR,outputs\full_universe_source_acquisition\raw\euronext_v2_15c\euronext_amsterdam_equities_list.html,25,euronext|live.euronext.com,review_only_euronext_relevant_but_not_allowed,5,medium,False
https://live.euronext.com/en/products/commodities/spread-contracts,outputs\full_universe_source_acquisition\raw\euronext_v2_15c\euronext_amsterdam_equities_list.html,25,euronext|live.euronext.com,review_only_euronext_relevant_but_not_allowed,5,medium,False
https://live.euronext.com/en/products/commodities/rapeseed-derivatives,outputs\full_universe_source_acquisition\raw\euronext_v2_15c\euronext_amsterdam_equities_list.html,25,euronext|live.euronext.com,review_only_euronext_relevant_but_not_allowed,5,medium,False
https://live.euronext.com/en/product/commodities-futures/ECO-DPAR,outputs\full_universe_source_acquisition\raw\euronext_v2_15c\euronext_amsterdam_equities_list.html,25,euronext|live.euronext.com,review_only_euronext_relevant_but_not_allowed,5,medium,False
https://live.euronext.com/en/product/commodities-options/OCO-DPAR,outputs\full_universe_source_acquisition\raw\euronext_v2_15c\euronext_amsterdam_equities_list.html,25,euronext|live.euronext.com,review_only_euronext_relevant_but_not_allowed,5,medium,False
https://live.euronext.com/en/products/commodities/durum-wheat-derivatives,outputs\full_universe_source_acquisition\raw\euronext_v2_15c\euronext_amsterdam_equities_list.html,25,euronext|live.euronext.com,review_only_euronext_relevant_but_not_allowed,5,medium,False
https://live.euronext.com/en/product/commodities-futures/EDW-DPAR,outputs\full_universe_source_acquisition\raw\euronext_v2_15c\euronext_amsterdam_equities_list.html,25,euronext|live.euronext.com,review_only_euronext_relevant_but_not_allowed,5,medium,False
https://live.euronext.com/en/products/commodities/salmon-derivatives,outputs\full_universe_source_acquisition\raw\euronext_v2_15c\euronext_amsterdam_equities_list.html,25,euronext|live.euronext.com,review_only_euronext_relevant_but_not_allowed,5,medium,False
https://live.euronext.com/en/product/commodities-futures/ESF-DPAR,outputs\full_universe_source_acquisition\raw\euronext_v2_15c\euronext_amsterdam_equities_list.html,25,euronext|live.euronext.com,review_only_euronext_relevant_but_not_allowed,5,medium,False
https://live.euronext.com/en/products/commodities/container-freight-futures,outputs\full_universe_source_acquisition\raw\euronext_v2_15c\euronext_amsterdam_equities_list.html,25,euronext|live.euronext.com,review_only_euronext_relevant_but_not_allowed,5,medium,False
https://live.euronext.com/en/products/commodities/container-freight-futures/contracts-list,outputs\full_universe_source_acquisition\raw\euronext_v2_15c\euronext_amsterdam_equities_list.html,25,euronext|live.euronext.com,review_only_euronext_relevant_but_not_allowed,5,medium,False
https://live.euronext.com/en/products/commodities/container-freight-futures/education,outputs\full_universe_source_acquisition\raw\euronext_v2_15c\euronext_amsterdam_equities_list.html,25,euronext|live.euronext.com,review_only_euronext_relevant_but_not_allowed,5,medium,False
https://live.euronext.com/en/products/commodities/dsp,outputs\full_universe_source_acquisition\raw\euronext_v2_15c\euronext_amsterdam_equities_list.html,25,euronext|live.euronext.com,review_only_euronext_relevant_but_not_allowed,5,medium,False
https://live.euronext.com/en/products/commodities/edsp,outputs\full_universe_source_acquisition\raw\euronext_v2_15c\euronext_amsterdam_equities_list.html,25,euronext|live.euronext.com,review_only_euronext_relevant_but_not_allowed,5,medium,False
https://live.euronext.com/en/products/commodities/delivery,outputs\full_universe_source_acquisition\raw\euronext_v2_15c\euronext_amsterdam_equities_list.html,25,euronext|live.euronext.com,review_only_euronext_relevant_but_not_allowed,5,medium,False
https://live.euronext.com/en/products/commodities/inventory-management,outputs\full_universe_source_acquisition\raw\euronext_v2_15c\euronext_amsterdam_equities_list.html,25,euronext|live.euronext.com,review_only_euronext_relevant_but_not_allowed,5,medium,False
https://live.euronext.com/en/products/commodities/contracts-specifications,outputs\full_universe_source_acquisition\raw\euronext_v2_15c\euronext_amsterdam_equities_list.html,25,euronext|live.euronext.com,review_only_euronext_relevant_but_not_allowed,5,medium,False
https://live.euronext.com/en/products/commodities/trading-calendars,outputs\full_universe_source_acquisition\raw\euronext_v2_15c\euronext_amsterdam_equities_list.html,25,euronext|live.euronext.com,review_only_euronext_relevant_but_not_allowed,5,medium,False
https://live.euronext.com/en/products/commodities/wholesale-trading,outputs\full_universe_source_acquisition\raw\euronext_v2_15c\euronext_amsterdam_equities_list.html,25,euronext|live.euronext.com,review_only_euronext_relevant_but_not_allowed,5,medium,False
https://live.euronext.com/en/products/commodities/usa-tradable,outputs\full_universe_source_acquisition\raw\euronext_v2_15c\euronext_amsterdam_equities_list.html,25,euronext|live.euronext.com,review_only_euronext_relevant_but_not_allowed,5,medium,False
https://live.euronext.com/en/products/commodities/quote-vendor-codes,outputs\full_universe_source_acquisition\raw\euronext_v2_15c\euronext_amsterdam_equities_list.html,25,euronext|live.euronext.com,review_only_euronext_relevant_but_not_allowed,5,medium,False
https://live.euronext.com/en/products/commodities/commitments_of_traders,outputs\full_universe_source_acquisition\raw\euronext_v2_15c\euronext_amsterdam_equities_list.html,25,euronext|live.euronext.com,review_only_euronext_relevant_but_not_allowed,5,medium,False
https://live.euronext.com/en/products/commodities/brokers,outputs\full_universe_source_acquisition\raw\euronext_v2_15c\euronext_amsterdam_equities_list.html,25,euronext|live.euronext.com,review_only_euronext_relevant_but_not_allowed,5,medium,False
https://live.euronext.com/en/sustainable-finance,outputs\full_universe_source_acquisition\raw\euronext_v2_15c\euronext_amsterdam_equities_list.html,25,euronext|live.euronext.com,review_only_euronext_relevant_but_not_allowed,5,medium,False
https://live.euronext.com/en/sustainable-finance/webinars,outputs\full_universe_source_acquisition\raw\euronext_v2_15c\euronext_amsterdam_equities_list.html,25,euronext|live.euronext.com,review_only_euronext_relevant_but_not_allowed,5,medium,False
https://live.euronext.com/en/sustainable-finance/sustainable-investment-forum,outputs\full_universe_source_acquisition\raw\euronext_v2_15c\euronext_amsterdam_equities_list.html,25,euronext|live.euronext.com,review_only_euronext_relevant_but_not_allowed,5,medium,False
https://live.euronext.com/en/sustainable-finance/partner/news,outputs\full_universe_source_acquisition\raw\euronext_v2_15c\euronext_amsterdam_equities_list.html,25,euronext|live.euronext.com,review_only_euronext_relevant_but_not_allowed,5,medium,False
https://live.euronext.com/en/financial-news,outputs\full_universe_source_acquisition\raw\euronext_v2_15c\euronext_amsterdam_equities_list.html,25,euronext|live.euronext.com,review_only_euronext_relevant_but_not_allowed,5,medium,False
https://live.euronext.com/en/education,outputs\full_universe_source_acquisition\raw\euronext_v2_15c\euronext_amsterdam_equities_list.html,25,euronext|live.euronext.com,review_only_euronext_relevant_but_not_allowed,5,medium,False
https://live.euronext.com/en/education/euronext-trading-game,outputs\full_universe_source_acquisition\raw\euronext_v2_15c\euronext_amsterdam_equities_list.html,25,euronext|live.euronext.com,review_only_euronext_relevant_but_not_allowed,5,medium,False
https://live.euronext.com/en/education/academy,outputs\full_universe_source_acquisition\raw\euronext_v2_15c\euronext_amsterdam_equities_list.html,25,euronext|live.euronext.com,review_only_euronext_relevant_but_not_allowed,5,medium,False
https://live.euronext.com/en/education/options,outputs\full_universe_source_acquisition\raw\euronext_v2_15c\euronext_amsterdam_equities_list.html,25,euronext|live.euronext.com,review_only_euronext_relevant_but_not_allowed,5,medium,False
https://live.euronext.com/en/education/bonds,outputs\full_universe_source_acquisition\raw\euronext_v2_15c\euronext_amsterdam_equities_list.html,25,euronext|live.euronext.com,review_only_euronext_relevant_but_not_allowed,5,medium,False
https://live.euronext.com/en/education/indices,outputs\full_universe_source_acquisition\raw\euronext_v2_15c\euronext_amsterdam_equities_list.html,25,euronext|live.euronext.com,review_only_euronext_relevant_but_not_allowed,5,medium,False
https://live.euronext.com/en/education/videos,outputs\full_universe_source_acquisition\raw\euronext_v2_15c\euronext_amsterdam_equities_list.html,25,euronext|live.euronext.com,review_only_euronext_relevant_but_not_allowed,5,medium,False
https://live.euronext.com/en/education/container-freight-futures,outputs\full_universe_source_acquisition\raw\euronext_v2_15c\euronext_amsterdam_equities_list.html,25,euronext|live.euronext.com,review_only_euronext_relevant_but_not_allowed,5,medium,False
https://live.euronext.com/en/news-insights,outputs\full_universe_source_acquisition\raw\euronext_v2_15c\euronext_amsterdam_equities_list.html,25,euronext|live.euronext.com,review_only_euronext_relevant_but_not_allowed,5,medium,False
https://live.euronext.com/en/resources/statistics,outputs\full_universe_source_acquisition\raw\euronext_v2_15c\euronext_amsterdam_equities_list.html,25,euronext|live.euronext.com,review_only_euronext_relevant_but_not_allowed,5,medium,False
https://live.euronext.com/en/resources/statistics/warrants-certificates,outputs\full_universe_source_acquisition\raw\euronext_v2_15c\euronext_amsterdam_equities_list.html,25,euronext|live.euronext.com,review_only_euronext_relevant_but_not_allowed,5,medium,False
https://live.euronext.com/en/resources/trading-hours-holidays,outputs\full_universe_source_acquisition\raw\euronext_v2_15c\euronext_amsterdam_equities_list.html,25,euronext|live.euronext.com,review_only_euronext_relevant_but_not_allowed,5,medium,False
https://live.euronext.com/en/resources/members-list,outputs\full_universe_source_acquisition\raw\euronext_v2_15c\euronext_amsterdam_equities_list.html,25,euronext|live.euronext.com,review_only_euronext_relevant_but_not_allowed,5,medium,False
https://live.euronext.com/en/resources/contracts-specifications,outputs\full_universe_source_acquisition\raw\euronext_v2_15c\euronext_amsterdam_equities_list.html,25,euronext|live.euronext.com,review_only_euronext_relevant_but_not_allowed,5,medium,False
https://live.euronext.com/en/resources/quote-vendor-codes,outputs\full_universe_source_acquisition\raw\euronext_v2_15c\euronext_amsterdam_equities_list.html,25,euronext|live.euronext.com,review_only_euronext_relevant_but_not_allowed,5,medium,False
https://live.euronext.com/en/resources/key-information-document,outputs\full_universe_source_acquisition\raw\euronext_v2_15c\euronext_amsterdam_equities_list.html,25,euronext|live.euronext.com,review_only_euronext_relevant_but_not_allowed,5,medium,False
https://live.euronext.com/en/resources/key-information-document/class-level,outputs\full_universe_source_acquisition\raw\euronext_v2_15c\euronext_amsterdam_equities_list.html,25,euronext|live.euronext.com,review_only_euronext_relevant_but_not_allowed,5,medium,False
https://live.euronext.com/en/resources/key-information-document/product-level,outputs\full_universe_source_acquisition\raw\euronext_v2_15c\euronext_amsterdam_equities_list.html,25,euronext|live.euronext.com,review_only_euronext_relevant_but_not_allowed,5,medium,False
https://live.euronext.com/en/resources/notices-corporate-actions/cash-notices,outputs\full_universe_source_acquisition\raw\euronext_v2_15c\euronext_amsterdam_equities_list.html,25,euronext|live.euronext.com,review_only_euronext_relevant_but_not_allowed,5,medium,False
https://live.euronext.com/en/resources/notices-corporate-actions/derivatives-corporate-actions,outputs\full_universe_source_acquisition\raw\euronext_v2_15c\euronext_amsterdam_equities_list.html,25,euronext|live.euronext.com,review_only_euronext_relevant_but_not_allowed,5,medium,False
https://live.euronext.com/en/resources/notices-corporate-actions/derivatives-notices,outputs\full_universe_source_acquisition\raw\euronext_v2_15c\euronext_amsterdam_equities_list.html,25,euronext|live.euronext.com,review_only_euronext_relevant_but_not_allowed,5,medium,False
https://live.euronext.com/en/resources/market-events,outputs\full_universe_source_acquisition\raw\euronext_v2_15c\euronext_amsterdam_equities_list.html,25,euronext|live.euronext.com,review_only_euronext_relevant_but_not_allowed,5,medium,False
https://live.euronext.com/en/resources/market-events/suspended/current,outputs\full_universe_source_acquisition\raw\euronext_v2_15c\euronext_amsterdam_equities_list.html,25,euronext|live.euronext.com,review_only_euronext_relevant_but_not_allowed,5,medium,False
https://live.euronext.com/en/resources/market-events/stress-market-conditions/current,outputs\full_universe_source_acquisition\raw\euronext_v2_15c\euronext_amsterdam_equities_list.html,25,euronext|live.euronext.com,review_only_euronext_relevant_but_not_allowed,5,medium,False
https://live.euronext.com/en/resources/market-events/single-cap/current,outputs\full_universe_source_acquisition\raw\euronext_v2_15c\euronext_amsterdam_equities_list.html,25,euronext|live.euronext.com,review_only_euronext_relevant_but_not_allowed,5,medium,False
https://live.euronext.com/en/resources/market-events/exceptional-market-conditions/current,outputs\full_universe_source_acquisition\raw\euronext_v2_15c\euronext_amsterdam_equities_list.html,25,euronext|live.euronext.com,review_only_euronext_relevant_but_not_allowed,5,medium,False
https://live.euronext.com/en/resources/market-events/spi-messages/cash/current,outputs\full_universe_source_acquisition\raw\euronext_v2_15c\euronext_amsterdam_equities_list.html,25,euronext|live.euronext.com,review_only_euronext_relevant_but_not_allowed,5,medium,False
https://live.euronext.com/en/market-status,outputs\full_universe_source_acquisition\raw\euronext_v2_15c\euronext_amsterdam_equities_list.html,25,euronext|live.euronext.com,review_only_euronext_relevant_but_not_allowed,5,medium,False
https://live.euronext.com/en/resources/issuers-compliance,outputs\full_universe_source_acquisition\raw\euronext_v2_15c\euronext_amsterdam_equities_list.html,25,euronext|live.euronext.com,review_only_euronext_relevant_but_not_allowed,5,medium,False
https://live.euronext.com/en/markets/amsterdam/company-news,outputs\full_universe_source_acquisition\raw\euronext_v2_15c\euronext_amsterdam_equities_list.html,25,euronext|live.euronext.com,review_only_euronext_relevant_but_not_allowed,5,medium,False
https://live.euronext.com/en/webvertising,outputs\full_universe_source_acquisition\raw\euronext_v2_15c\euronext_amsterdam_equities_list.html,25,euronext|live.euronext.com,review_only_euronext_relevant_but_not_allowed,5,medium,False
https://live.euronext.com/en/retail-investors-partnership,outputs\full_universe_source_acquisition\raw\euronext_v2_15c\euronext_amsterdam_equities_list.html,25,euronext|live.euronext.com,review_only_euronext_relevant_but_not_allowed,5,medium,False
https://live.euronext.com/en/markets/amsterdam/company-news-archive,outputs\full_universe_source_acquisition\raw\euronext_v2_15c\euronext_amsterdam_equities_list.html,25,euronext|live.euronext.com,review_only_euronext_relevant_but_not_allowed,5,medium,False
https://live.euronext.com/en/markets/amsterdam/index-derivatives/options/list,outputs\full_universe_source_acquisition\raw\euronext_v2_15c\euronext_amsterdam_equities_list.html,25,euronext|live.euronext.com,review_only_euronext_relevant_but_not_allowed,5,medium,False
https://live.euronext.com/en/markets/amsterdam/dividend-derivatives/list,outputs\full_universe_source_acquisition\raw\euronext_v2_15c\euronext_amsterdam_equities_list.html,25,euronext|live.euronext.com,review_only_euronext_relevant_but_not_allowed,5,medium,False
https://live.euronext.com/en/markets/amsterdam/derivatives/quote-vendor-codes,outputs\full_universe_source_acquisition\raw\euronext_v2_15c\euronext_amsterdam_equities_list.html,25,euronext|live.euronext.com,review_only_euronext_relevant_but_not_allowed,5,medium,False
https://live.euronext.com/en/markets/brussels/company-news,outputs\full_universe_source_acquisition\raw\euronext_v2_15c\euronext_amsterdam_equities_list.html,25,euronext|live.euronext.com,review_only_euronext_relevant_but_not_allowed,5,medium,False
https://live.euronext.com/en/markets/brussels/company-news-archive,outputs\full_universe_source_acquisition\raw\euronext_v2_15c\euronext_amsterdam_equities_list.html,25,euronext|live.euronext.com,review_only_euronext_relevant_but_not_allowed,5,medium,False
https://live.euronext.com/en/markets/brussels/dividend-derivatives/list,outputs\full_universe_source_acquisition\raw\euronext_v2_15c\euronext_amsterdam_equities_list.html,25,euronext|live.euronext.com,review_only_euronext_relevant_but_not_allowed,5,medium,False
https://live.euronext.com/en/markets/brussels/derivatives/quote-vendor-codes,outputs\full_universe_source_acquisition\raw\euronext_v2_15c\euronext_amsterdam_equities_list.html,25,euronext|live.euronext.com,review_only_euronext_relevant_but_not_allowed,5,medium,False
https://live.euronext.com/en/markets/lisbon/company-news,outputs\full_universe_source_acquisition\raw\euronext_v2_15c\euronext_amsterdam_equities_list.html,25,euronext|live.euronext.com,review_only_euronext_relevant_but_not_allowed,5,medium,False
https://live.euronext.com/en/markets/lisbon/company-news-archive,outputs\full_universe_source_acquisition\raw\euronext_v2_15c\euronext_amsterdam_equities_list.html,25,euronext|live.euronext.com,review_only_euronext_relevant_but_not_allowed,5,medium,False
https://live.euronext.com/en/markets/lisbon/dividend-derivatives/list,outputs\full_universe_source_acquisition\raw\euronext_v2_15c\euronext_amsterdam_equities_list.html,25,euronext|live.euronext.com,review_only_euronext_relevant_but_not_allowed,5,medium,False
https://live.euronext.com/en/markets/lisbon/derivatives/quote-vendor-codes,outputs\full_universe_source_acquisition\raw\euronext_v2_15c\euronext_amsterdam_equities_list.html,25,euronext|live.euronext.com,review_only_euronext_relevant_but_not_allowed,5,medium,False
https://live.euronext.com/en/markets/milan/structured-products/sedex/list,outputs\full_universe_source_acquisition\raw\euronext_v2_15c\euronext_amsterdam_equities_list.html,25,euronext|live.euronext.com,review_only_euronext_relevant_but_not_allowed,5,medium,False
https://live.euronext.com/en/markets/milan/structured-products/eurotlx/list,outputs\full_universe_source_acquisition\raw\euronext_v2_15c\euronext_amsterdam_equities_list.html,25,euronext|live.euronext.com,review_only_euronext_relevant_but_not_allowed,5,medium,False
https://live.euronext.com/en/markets/milan/index-derivatives/futures/list,outputs\full_universe_source_acquisition\raw\euronext_v2_15c\euronext_amsterdam_equities_list.html,25,euronext|live.euronext.com,review_only_euronext_relevant_but_not_allowed,5,medium,False
https://live.euronext.com/en/markets/milan/index-derivatives/options/list,outputs\full_universe_source_acquisition\raw\euronext_v2_15c\euronext_amsterdam_equities_list.html,25,euronext|live.euronext.com,review_only_euronext_relevant_but_not_allowed,5,medium,False
https://live.euronext.com/en/markets/milan/dividend-derivatives/list,outputs\full_universe_source_acquisition\raw\euronext_v2_15c\euronext_amsterdam_equities_list.html,25,euronext|live.euronext.com,review_only_euronext_relevant_but_not_allowed,5,medium,False
https://live.euronext.com/en/markets/milan/derivatives/quote-vendor-codes,outputs\full_universe_source_acquisition\raw\euronext_v2_15c\euronext_amsterdam_equities_list.html,25,euronext|live.euronext.com,review_only_euronext_relevant_but_not_allowed,5,medium,False
https://live.euronext.com/en/markets/oslo/index-derivatives/futures/list,outputs\full_universe_source_acquisition\raw\euronext_v2_15c\euronext_amsterdam_equities_list.html,25,euronext|live.euronext.com,review_only_euronext_relevant_but_not_allowed,5,medium,False
https://live.euronext.com/en/markets/oslo/index-derivatives/options/list,outputs\full_universe_source_acquisition\raw\euronext_v2_15c\euronext_amsterdam_equities_list.html,25,euronext|live.euronext.com,review_only_euronext_relevant_but_not_allowed,5,medium,False
https://live.euronext.com/en/markets/oslo/derivatives/quote-vendor-codes,outputs\full_universe_source_acquisition\raw\euronext_v2_15c\euronext_amsterdam_equities_list.html,25,euronext|live.euronext.com,review_only_euronext_relevant_but_not_allowed,5,medium,False
https://live.euronext.com/en/markets/paris/company-news,outputs\full_universe_source_acquisition\raw\euronext_v2_15c\euronext_amsterdam_equities_list.html,25,euronext|live.euronext.com,review_only_euronext_relevant_but_not_allowed,5,medium,False
https://live.euronext.com/en/markets/paris/company-news-archive,outputs\full_universe_source_acquisition\raw\euronext_v2_15c\euronext_amsterdam_equities_list.html,25,euronext|live.euronext.com,review_only_euronext_relevant_but_not_allowed,5,medium,False
https://live.euronext.com/en/markets/paris/index-derivatives/options/list,outputs\full_universe_source_acquisition\raw\euronext_v2_15c\euronext_amsterdam_equities_list.html,25,euronext|live.euronext.com,review_only_euronext_relevant_but_not_allowed,5,medium,False
https://live.euronext.com/en/markets/paris/dividend-derivatives/list,outputs\full_universe_source_acquisition\raw\euronext_v2_15c\euronext_amsterdam_equities_list.html,25,euronext|live.euronext.com,review_only_euronext_relevant_but_not_allowed,5,medium,False
https://live.euronext.com/en/markets/paris/derivatives/quote-vendor-codes,outputs\full_universe_source_acquisition\raw\euronext_v2_15c\euronext_amsterdam_equities_list.html,25,euronext|live.euronext.com,review_only_euronext_relevant_but_not_allowed,5,medium,False
https://live.euronext.com/en/resources/notices-corporate-actions/derivatives-corporate-actions/latest,outputs\full_universe_source_acquisition\raw\euronext_v2_15c\euronext_amsterdam_equities_list.html,25,euronext|live.euronext.com,review_only_euronext_relevant_but_not_allowed,5,medium,False
https://live.euronext.com/en/resources/notices-corporate-actions/derivatives-corporate-actions/under-investigation,outputs\full_universe_source_acquisition\raw\euronext_v2_15c\euronext_amsterdam_equities_list.html,25,euronext|live.euronext.com,review_only_euronext_relevant_but_not_allowed,5,medium,False
https://live.euronext.com/en/resources/notices-corporate-actions/derivatives-corporate-actions/unusual-contract-sizes,outputs\full_universe_source_acquisition\raw\euronext_v2_15c\euronext_amsterdam_equities_list.html,25,euronext|live.euronext.com,review_only_euronext_relevant_but_not_allowed,5,medium,False
https://live.euronext.com/en/resources/notices-corporate-actions/derivatives-corporate-actions/services,outputs\full_universe_source_acquisition\raw\euronext_v2_15c\euronext_amsterdam_equities_list.html,25,euronext|live.euronext.com,review_only_euronext_relevant_but_not_allowed,5,medium,False
https://live.euronext.com/en/resources/notices-corporate-actions/derivatives-corporate-actions/policies,outputs\full_universe_source_acquisition\raw\euronext_v2_15c\euronext_amsterdam_equities_list.html,25,euronext|live.euronext.com,review_only_euronext_relevant_but_not_allowed,5,medium,False
https://live.euronext.com/assets/js/optimized/js_jpLqMr7rNF-FoMEPcujCxdcCjbsmWScOXT9a6N8T5lg.O0c8-sVHwDyAerLtyODDXKa6D2HrsM6daDGvIMHKReM.js?v=10.6.9,outputs\full_universe_source_acquisition\raw\euronext_v2_15c\euronext_amsterdam_equities_list.html,25,euronext|live.euronext.com,review_only_euronext_relevant_but_not_allowed,5,medium,False
https://live.euronext.com/assets/js/optimized/js_EYNuZ90o1DKGgJhsXIHJEf32GkmGzNHm7-yU2LQPoLc.q8tB9Pfujq4VV650D_M6_l1iXYoUZfSgWXjHljdiJGw.js?thxpg1,outputs\full_universe_source_acquisition\raw\euronext_v2_15c\euronext_amsterdam_equities_list.html,25,euronext|live.euronext.com,review_only_euronext_relevant_but_not_allowed,5,medium,False
https://live.euronext.com/assets/js/optimized/js_bnG6TnQjwoSlWPhmAPs8BcU3uxXBB-49yjxMz5XOGL0.teK0rwFjpDUX_J2fiaa278qcs6m3kJsMNQOMCOEIyZQ.js?thxpg1,outputs\full_universe_source_acquisition\raw\euronext_v2_15c\euronext_amsterdam_equities_list.html,25,euronext|live.euronext.com,review_only_euronext_relevant_but_not_allowed,5,medium,False
https://live.euronext.com/assets/js/optimized/js_dPh-wTRRrxSHGGXXK8AJScFV06oAFZqEZQi-8Xrt1Pg.LSLyaj09ZF8OUbsVnaKBVDz4gExNi4PnHwSj2ZbIo3E.js?thxpg1,outputs\full_universe_source_acquisition\raw\euronext_v2_15c\euronext_amsterdam_equities_list.html,25,euronext|live.euronext.com,review_only_euronext_relevant_but_not_allowed,5,medium,False
https://live.euronext.com/assets/js/optimized/js_IXsw0ZmRBoXGj3jlB5Ym1OsGZzlGz4k6zKFPZBBKXYo.yp8VM459joIKyqXqYzC2vtDhFqFfggS6hkCRecpvg8g.js?v=10.6.9,outputs\full_universe_source_acquisition\raw\euronext_v2_15c\euronext_amsterdam_equities_list.html,25,euronext|live.euronext.com,review_only_euronext_relevant_but_not_allowed,5,medium,False
https://live.euronext.com/assets/js/optimized/js_-v6drCqS9I8zAPRaUy1mcRoew9-Kf4wdjjyE6ryc6do.wLeQmShGb6HLMW2wqCahmTtx4Lk_-UF_pq6bBrqy4hQ.js?v=3.7.1,outputs\full_universe_source_acquisition\raw\euronext_v2_15c\euronext_amsterdam_equities_list.html,25,euronext|live.euronext.com,review_only_euronext_relevant_but_not_allowed,5,medium,False
https://live.euronext.com/assets/js/optimized/js_9_mmjrLUllwTvOh56SlIFb7NMYa_ygac4dgPafloa_Q.Es7GSqe-SlSpLUlN51JnQt9eo6MxzBn0lsUAhPTj9FA.js?v=1.0.1,outputs\full_universe_source_acquisition\raw\euronext_v2_15c\euronext_amsterdam_equities_list.html,25,euronext|live.euronext.com,review_only_euronext_relevant_but_not_allowed,5,medium,False
https://live.euronext.com/assets/js/optimized/js_jKXcJPo9U4zKiwNNNmUgdqd22r7kor5PXPvCjNKBxqw.lyXXWhtRW1skkUMXhQaLOjEKNsBRIBeQQyKhdHzEEIM.js?thxpg1,outputs\full_universe_source_acquisition\raw\euronext_v2_15c\euronext_amsterdam_equities_list.html,25,euronext|live.euronext.com,review_only_euronext_relevant_but_not_allowed,5,medium,False
https://live.euronext.com/assets/js/optimized/js_YDOpzNMbGG6_LjAar_lcNTUrQlY77iQNWoiNjg-Gw38.g5EU7iopYQNAJ15eXt7y1ZWtoC5uKcga4hNT3mmuLtI.js?thxpg1,outputs\full_universe_source_acquisition\raw\euronext_v2_15c\euronext_amsterdam_equities_list.html,25,euronext|live.euronext.com,review_only_euronext_relevant_but_not_allowed,5,medium,False
https://live.euronext.com/assets/js/optimized/js_bMZtEs92jbPsc_twW_5puy_-Crmvg695pSobBCGUv6Q.5vLeGugrHR-hcTT01Ztt1jNq3XXojT0Vj8qkUBEFsJg.js?v=10.6.9,outputs\full_universe_source_acquisition\raw\euronext_v2_15c\euronext_amsterdam_equities_list.html,25,euronext|live.euronext.com,review_only_euronext_relevant_but_not_allowed,5,medium,False
https://live.euronext.com/assets/js/optimized/js_9LSVclwqXbdbo_VdwemkFX1W2CzsqWK_ojsSD4WjtAg.NtSul8KU6rPl-G2YQcjTP1KqHIFg_Xbm8eyht2n9-RU.js?v=10.6.9,outputs\full_universe_source_acquisition\raw\euronext_v2_15c\euronext_amsterdam_equities_list.html,25,euronext|live.euronext.com,review_only_euronext_relevant_but_not_allowed,5,medium,False
https://live.euronext.com/assets/js/optimized/js_cInr7WYGv19i5CC0d9SVkBPMlqkigs7m399CY7amb2M.jp4iDzN9n7IYMvOymuaAgiDRFqMWvKZYzyVc5ydXTiA.js?v=10.6.9,outputs\full_universe_source_acquisition\raw\euronext_v2_15c\euronext_amsterdam_equities_list.html,25,euronext|live.euronext.com,review_only_euronext_relevant_but_not_allowed,5,medium,False
https://live.euronext.com/assets/js/optimized/js_CLZG9cZfI99ZKJeyYZ8ktxqg7BeEFlsE8Luoo55woiE.MGOSRbB1xUAlkGfE3dTF1PxouIet8JoMARJFVwAvCNU.js?v=10.6.9,outputs\full_universe_source_acquisition\raw\euronext_v2_15c\euronext_amsterdam_equities_list.html,25,euronext|live.euronext.com,review_only_euronext_relevant_but_not_allowed,5,medium,False
https://live.euronext.com/assets/js/optimized/js_laEiKSgsCzQeBlSKmor6IES4pbucfDpy9DX9ulc3hsE.JqoqGYqwiq1RIuJIptqT8DvDnaEo7zV38qudItUcZhk.js?v=10.6.9,outputs\full_universe_source_acquisition\raw\euronext_v2_15c\euronext_amsterdam_equities_list.html,25,euronext|live.euronext.com,review_only_euronext_relevant_but_not_allowed,5,medium,False
https://live.euronext.com/assets/js/optimized/js__nTHIQnAHJcRlYI7MwKZGXMQrKokIauBC4F86l3zHlk.VnHEvN_yflfOSj9wssEXJLpeXAPQlktqh0seNe5yP1Q.js?v=10.6.9,outputs\full_universe_source_acquisition\raw\euronext_v2_15c\euronext_amsterdam_equities_list.html,25,euronext|live.euronext.com,review_only_euronext_relevant_but_not_allowed,5,medium,False
https://live.euronext.com/assets/js/optimized/js_Lu9MTn5UNMokLMe3_boHx6o2fWu_Rd1tqfFOy7MGH5M.fAbejU8TKiH4G4-MLZ-1qDrUcKHtUOn5-b-aLnrQxtw.js?v=10.6.9,outputs\full_universe_source_acquisition\raw\euronext_v2_15c\euronext_amsterdam_equities_list.html,25,euronext|live.euronext.com,review_only_euronext_relevant_but_not_allowed,5,medium,False
https://live.euronext.com/assets/js/optimized/js_MGmH5Df1Iq7YLruK5dkgEBLhGeGNeTCNTevwSKcd1cY.Xcs_-gV_g15X1CCsqr4ZQeW6O00Ye1871kLJcLcQ6b8.js?v=10.6.9,outputs\full_universe_source_acquisition\raw\euronext_v2_15c\euronext_amsterdam_equities_list.html,25,euronext|live.euronext.com,review_only_euronext_relevant_but_not_allowed,5,medium,False
https://live.euronext.com/assets/js/optimized/js_p1U2VNPZf-HgGiX_wH67G3feigJaSDFDhB-v5Y7VReg.A2J8DFalUclPracDzxnYniCl3yC3YP6KQ3PJEab3rsk.js?v=10.6.9,outputs\full_universe_source_acquisition\raw\euronext_v2_15c\euronext_amsterdam_equities_list.html,25,euronext|live.euronext.com,review_only_euronext_relevant_but_not_allowed,5,medium,False
https://live.euronext.com/assets/js/optimized/js_wMVwOQCET3X0D3qmfVB2dPrRQPQXBP6rVNHa8kshhLM.JT8F5b_fWeUzr3NT-QNkooSvueQc_JSCHvjBlLgSsqk.js?v=10.6.9,outputs\full_universe_source_acquisition\raw\euronext_v2_15c\euronext_amsterdam_equities_list.html,25,euronext|live.euronext.com,review_only_euronext_relevant_but_not_allowed,5,medium,False
https://live.euronext.com/assets/js/optimized/js_j9nbKoSWfrLvmhYI0oZjzIjKBf5Nvvjyl47ha9b_3do.2a4etKrUycBsqfqpkjK0oP5oAcGnfD1knhks3k8Kz44.js?v=10.6.9,outputs\full_universe_source_acquisition\raw\euronext_v2_15c\euronext_amsterdam_equities_list.html,25,euronext|live.euronext.com,review_only_euronext_relevant_but_not_allowed,5,medium,False
https://live.euronext.com/assets/js/optimized/js_Lz_D4W9zdnnoRvSNlFeuN9jTVy8J8_nd7_i_RWL63nk.tRdo--wMnqpOla8I5spcjj6Ne_DerRkCqZ-VB_0BIik.js?v=10.6.9,outputs\full_universe_source_acquisition\raw\euronext_v2_15c\euronext_amsterdam_equities_list.html,25,euronext|live.euronext.com,review_only_euronext_relevant_but_not_allowed,5,medium,False
https://live.euronext.com/assets/js/optimized/js_0F273oRBQiLKg1QyU5gehrESzbPL2aNYbUOLC6wGSsQ.RHFZgTESEEwmozunklKHQ6UYVm-i23WuffYlx2Xc40s.js?v=10.6.9,outputs\full_universe_source_acquisition\raw\euronext_v2_15c\euronext_amsterdam_equities_list.html,25,euronext|live.euronext.com,review_only_euronext_relevant_but_not_allowed,5,medium,False
https://live.euronext.com/assets/js/optimized/js_uzlyZg0fABiffcbR-FSFvckJN9aGyRpbvm8GBHOaVuA.v7dJvdk4c1pKXUWh3YVZ_xrhpEkvz-VsA0qw42yJQJ0.js?v=10.6.9,outputs\full_universe_source_acquisition\raw\euronext_v2_15c\euronext_amsterdam_equities_list.html,25,euronext|live.euronext.com,review_only_euronext_relevant_but_not_allowed,5,medium,False
https://live.euronext.com/assets/js/optimized/js_ZEBpx4FS3jMkmyMzO0xz5yFsfojRiUC7tuBnHnry3LY.IpR1Y8gcLy-t91TNPbcGcxLWEjtGuBKtpsv552KB2wU.js?v=10.6.9,outputs\full_universe_source_acquisition\raw\euronext_v2_15c\euronext_amsterdam_equities_list.html,25,euronext|live.euronext.com,review_only_euronext_relevant_but_not_allowed,5,medium,False
https://live.euronext.com/assets/js/optimized/js_o97SPT7_ors7oPEXx9jQS1wxMPb-dnJx6hQfS48NQAE.EwB1KGDkbo1nKPzZmfkRol0mJny1MTwN-rNftS8oH-k.js?v=10.6.9,outputs\full_universe_source_acquisition\raw\euronext_v2_15c\euronext_amsterdam_equities_list.html,25,euronext|live.euronext.com,review_only_euronext_relevant_but_not_allowed,5,medium,False
https://live.euronext.com/assets/js/optimized/js_yNQKThmEwziilIQnbIJejVBoHNVZ9159CgP7NXDBXIQ.6cyg8vZxWAlSrnSHnyrZMwjrPl3BdR74kVU0heS2wMc.js?v=10.6.9,outputs\full_universe_source_acquisition\raw\euronext_v2_15c\euronext_amsterdam_equities_list.html,25,euronext|live.euronext.com,review_only_euronext_relevant_but_not_allowed,5,medium,False
https://live.euronext.com/assets/js/optimized/js_pNr9dBgGFIXmoi2HfZlvlPK240fXQ1FkysFai7dYGk4.abkwcovauqosx24IODVpYv-n1fAUaFcSyzFNVWRw8RA.js?v=10.6.9,outputs\full_universe_source_acquisition\raw\euronext_v2_15c\euronext_amsterdam_equities_list.html,25,euronext|live.euronext.com,review_only_euronext_relevant_but_not_allowed,5,medium,False
https://live.euronext.com/assets/js/optimized/js_1V1IUGtWG1kMYyBC11faAKvfBMkSoK8UQwBLlChLk3s.0OKO9SEOJ_WtnA6J5N0-umyo-wDGSq1ZENKYXL1MheY.js?v=10.6.9,outputs\full_universe_source_acquisition\raw\euronext_v2_15c\euronext_amsterdam_equities_list.html,25,euronext|live.euronext.com,review_only_euronext_relevant_but_not_allowed,5,medium,False
https://live.euronext.com/assets/js/optimized/js_CkbPR3ihSj6D5kjjw3pqH5GX1sMcPySSEvqmH74G0SM.5aRkB3cNK2JAnoXucKvEBtr5mVektTPc3XXRnX-E_T0.js?v=1.x,outputs\full_universe_source_acquisition\raw\euronext_v2_15c\euronext_amsterdam_equities_list.html,25,euronext|live.euronext.com,review_only_euronext_relevant_but_not_allowed,5,medium,False
https://live.euronext.com/assets/js/optimized/js_DVVxlGVajqaHcGEFiGJnG7BV0SlnBW3N2S3Oijq09Gw.6AP4bdHVnmNxCIV2u4auR5VDpetfTSmYUPW3mqYFTnk.js?v=6.3.0,outputs\full_universe_source_acquisition\raw\euronext_v2_15c\euronext_amsterdam_equities_list.html,25,euronext|live.euronext.com,review_only_euronext_relevant_but_not_allowed,5,medium,False
https://live.euronext.com/assets/js/optimized/js_kNsNL2jv2RzFMvPJ19mEZt81ZFJR4mx4yzWRRW2DIno.eWbjP3If5wAH0yPxYoxFB78xEsSVx3Xszg55Ct5gTrA.js?v=10.6.9,outputs\full_universe_source_acquisition\raw\euronext_v2_15c\euronext_amsterdam_equities_list.html,25,euronext|live.euronext.com,review_only_euronext_relevant_but_not_allowed,5,medium,False
https://live.euronext.com/assets/js/optimized/js_mwy3ItN63pIft9FxVmmADrK1kiJWjkMQAJFj91kGpEs._utT0-T8jTC6h5cm7Epd09Sf9Dq06E4kdWXf0SL5Rh0.js?thxpg1,outputs\full_universe_source_acquisition\raw\euronext_v2_15c\euronext_amsterdam_equities_list.html,25,euronext|live.euronext.com,review_only_euronext_relevant_but_not_allowed,5,medium,False
https://live.euronext.com/assets/js/optimized/js_NMgJ9Y9qP9XHto8IrVafCDEid_jm5wh7gbMbuYvEE7s.uFn3hyeVIi-L5JO22DvH6S7XeF7a5sJVN3kqruXA6N0.js?thxpg1,outputs\full_universe_source_acquisition\raw\euronext_v2_15c\euronext_amsterdam_equities_list.html,25,euronext|live.euronext.com,review_only_euronext_relevant_but_not_allowed,5,medium,False
https://live.euronext.com/assets/js/optimized/js_U5U5I1wZVZLZ47f0TqDev_TpUEiZXDidNo__lORjpJI.fcB5bBRvl9lWZoJHnZ09mgY9BUqc7Yb_xYyIRuTqOBQ.js?thxpg1,outputs\full_universe_source_acquisition\raw\euronext_v2_15c\euronext_amsterdam_equities_list.html,25,euronext|live.euronext.com,review_only_euronext_relevant_but_not_allowed,5,medium,False
https://live.euronext.com/assets/js/optimized/js_qFMixZHdgaufKuUaOTZb36ay47EsBQw9wCchAYy65yE.rO8x4i8mcn_2Nkojauop5FhyKQTyIecxVoFPHNwCtzw.js?thxpg1,outputs\full_universe_source_acquisition\raw\euronext_v2_15c\euronext_amsterdam_equities_list.html,25,euronext|live.euronext.com,review_only_euronext_relevant_but_not_allowed,5,medium,False
https://live.euronext.com/assets/js/optimized/js_zZx00G2_B1ark4jWncjV17KmLMSSosvZEXkskDYcazI.I7hVKBiOz5wooukDvw8puyONniCe9ZVzT0qqpfVOfgw.js?thxpg1,outputs\full_universe_source_acquisition\raw\euronext_v2_15c\euronext_amsterdam_equities_list.html,25,euronext|live.euronext.com,review_only_euronext_relevant_but_not_allowed,5,medium,False
https://live.euronext.com/assets/js/optimized/js_sgkIhDfD542-uq-NFaZIsjXFBOWJiHZGVD5bEfmcitM.0qDWWLYAFo5W209ZERgtUEWZ0L_MRH1e3tK2nDRRnAU.js?thxpg1,outputs\full_universe_source_acquisition\raw\euronext_v2_15c\euronext_amsterdam_equities_list.html,25,euronext|live.euronext.com,review_only_euronext_relevant_but_not_allowed,5,medium,False
https://live.euronext.com/assets/js/optimized/js_GGvP4-g70bXWxBMtWkCqpHuo3Azd8ET_kAIOw4uLo1c.XjzkEaiPPim7mpCJ3xPzek4KheIyf920JIq3Tn-p0sc.js?thxpg1,outputs\full_universe_source_acquisition\raw\euronext_v2_15c\euronext_amsterdam_equities_list.html,25,euronext|live.euronext.com,review_only_euronext_relevant_but_not_allowed,5,medium,False
https://live.euronext.com/assets/js/optimized/js_HZuAWtGfmMShfy8ivny4prju_Ix9yRDgYgXrUIfG0PU.9YhlwsdJUc9VUwcB9wj6pOIMZAezy8fneAP-7Cx1t9M.js?v=1,outputs\full_universe_source_acquisition\raw\euronext_v2_15c\euronext_amsterdam_equities_list.html,25,euronext|live.euronext.com,review_only_euronext_relevant_but_not_allowed,5,medium,False
https://live.euronext.com/assets/js/optimized/js_a2eNYVgCt4P4_-teoNsQ3rWK8z1z4FDZD0hy-gTwEoE.lgAWkklOeJhN4coIbH7LNY3sJjzvN-6P_NiF86c4bSk.js?thxpg1,outputs\full_universe_source_acquisition\raw\euronext_v2_15c\euronext_amsterdam_equities_list.html,25,euronext|live.euronext.com,review_only_euronext_relevant_but_not_allowed,5,medium,False
https://live.euronext.com/assets/js/optimized/js_2hDu-NgUd1hFl7pBq7JyrYPIWbYaQGNXp_4xLyfYehc.vmHpSvidrMG9UZTkmw-qPrhbaUJkw9n9lVBMuGcwdTA.js?thxpg1,outputs\full_universe_source_acquisition\raw\euronext_v2_15c\euronext_amsterdam_equities_list.html,25,euronext|live.euronext.com,review_only_euronext_relevant_but_not_allowed,5,medium,False
https://live.euronext.com/assets/js/optimized/js_KMeuyVlhrLsBTY6hs-oI80iPy0An2iB3YCiYxHkrHgU.FcUTGQTJ_BNgmIC6Wzs1nMupauAI8TKexxPnpT1V8tQ.js?v=1,outputs\full_universe_source_acquisition\raw\euronext_v2_15c\euronext_amsterdam_equities_list.html,25,euronext|live.euronext.com,review_only_euronext_relevant_but_not_allowed,5,medium,False
https://live.euronext.com/assets/js/optimized/js_MOONsmcJ89Cr8hTpyrYeLCWf6tH9mfEyH1sT26wDvng.SVRVzmX-ZEPJO3oIbfpsmd470kiI80NcB8zo53r-w5U.js?v=1.x,outputs\full_universe_source_acquisition\raw\euronext_v2_15c\euronext_amsterdam_equities_list.html,25,euronext|live.euronext.com,review_only_euronext_relevant_but_not_allowed,5,medium,False
https://live.euronext.com/assets/js/optimized/js_gk5jn__le0RYfy-A9YLlkVegNFgF5Wa6qlYaPlEvSjc.pyQFhgYbAXFa_CgmJB96gMgqDteiwa2XwzgXN6npgoE.js?v=10.6.9,outputs\full_universe_source_acquisition\raw\euronext_v2_15c\euronext_amsterdam_equities_list.html,25,euronext|live.euronext.com,review_only_euronext_relevant_but_not_allowed,5,medium,False
https://live.euronext.com/assets/js/optimized/js_q08al0ACBJjw2KSXZ0UkMyJ3yxN2aHkzZzzRaEAEmz8.ueVfjM4Ec8WuCOWnVA4akjp0wRHc_UFmOhZj5oQALV0.js?v=10.6.9,outputs\full_universe_source_acquisition\raw\euronext_v2_15c\euronext_amsterdam_equities_list.html,25,euronext|live.euronext.com,review_only_euronext_relevant_but_not_allowed,5,medium,False
https://live.euronext.com/assets/js/optimized/js_l69xlpiQal4Nrr_yMLHcbCF6JJXk2jTWEZS6DuoiORA.9El0oc0d0gWxG2MxpritFgCOw4l26TZ98U_Qsbsayzk.js?v=10.6.9,outputs\full_universe_source_acquisition\raw\euronext_v2_15c\euronext_amsterdam_equities_list.html,25,euronext|live.euronext.com,review_only_euronext_relevant_but_not_allowed,5,medium,False
https://live.euronext.com/assets/js/optimized/js_NvlAl_j4sDuJkEwNUR4vH_uZBwCF4IVRJqRUOoXc3GY.ZR4jmOQkbVi-4XnSYRLkWPsIynlYzG-IfTqaypYs3hM.js?v=4.3.0,outputs\full_universe_source_acquisition\raw\euronext_v2_15c\euronext_amsterdam_equities_list.html,25,euronext|live.euronext.com,review_only_euronext_relevant_but_not_allowed,5,medium,False
https://live.euronext.com/assets/js/optimized/js__kk41Mi3asOfvBpy5nfruK7CNIveTpZ8P1oJdzDBfA4.pPjDtBkAjNRL99_1Fg3UAHNeHcs4yRgQCsQt1kOGEQE.js?v=10.6.9,outputs\full_universe_source_acquisition\raw\euronext_v2_15c\euronext_amsterdam_equities_list.html,25,euronext|live.euronext.com,review_only_euronext_relevant_but_not_allowed,5,medium,False
https://live.euronext.com/assets/js/optimized/js_vFgQ6B8y0_ZbwVfeJd361zX7M_dvtyE3h_PyQOYwglk.XvHqzgtBP-9z9KZbyJcDfAqJJwnmrgKqmv2-jO5StTo.js?v=10.6.9,outputs\full_universe_source_acquisition\raw\euronext_v2_15c\euronext_amsterdam_equities_list.html,25,euronext|live.euronext.com,review_only_euronext_relevant_but_not_allowed,5,medium,False
https://live.euronext.com/assets/js/optimized/js_uqpaJZ_41fttOqdF4srCYi32g9IkJMSwzaI7UK15vy4.0iRbHbH1UcDa3TGp2derhkgeUsu73w4AdwhS1UTHp_I.js?thxpg1,outputs\full_universe_source_acquisition\raw\euronext_v2_15c\euronext_amsterdam_equities_list.html,25,euronext|live.euronext.com,review_only_euronext_relevant_but_not_allowed,5,medium,False
https://live.euronext.com/assets/js/optimized/js_1MSiDrXuMO9YosNtKW6MGj-SZWYOjMJcalkt9Yy5bc0.mFf4vbMvdJ2D5XsFG-yRaLRXEP6S3sytt9Z0wCKuRoA.js?v=10.6.9,outputs\full_universe_source_acquisition\raw\euronext_v2_15c\euronext_amsterdam_equities_list.html,25,euronext|live.euronext.com,review_only_euronext_relevant_but_not_allowed,5,medium,False
https://live.euronext.com/assets/js/optimized/js_289f_RWV67zam4h9kouhkJkdaFiOzNLliCxbxHMo9pU.OYmlP5XaMkv4Pmi8y0azJSZRwH4bf-NOyOtVQ28q7_Y.js?v=10.6.9,outputs\full_universe_source_acquisition\raw\euronext_v2_15c\euronext_amsterdam_equities_list.html,25,euronext|live.euronext.com,review_only_euronext_relevant_but_not_allowed,5,medium,False
https://live.euronext.com/assets/js/optimized/js_1QidBH7HT4xswSnR16l217SgWK1OXLvcHEmOtrPonPs.NmBiV5hQuU-Unh9xrWKzTCK55nV1zSwcdPsjVhPo1vQ.js?v=10.6.9,outputs\full_universe_source_acquisition\raw\euronext_v2_15c\euronext_amsterdam_equities_list.html,25,euronext|live.euronext.com,review_only_euronext_relevant_but_not_allowed,5,medium,False
https://live.euronext.com/assets/js/optimized/js_OkKfecR1snkNrV3fyARjZa1CTzuFBoZngzc8NGU1IWc.2fDJt2olaVo22Hi6vdTcjq1oeYgCzXHrcKk3jLQphnM.js?v=10.6.9,outputs\full_universe_source_acquisition\raw\euronext_v2_15c\euronext_amsterdam_equities_list.html,25,euronext|live.euronext.com,review_only_euronext_relevant_but_not_allowed,5,medium,False
https://live.euronext.com/assets/js/optimized/js_O277SWatmwgvyxfJ55egRSlhZGejuk7_QqviZTs-tXg.iM7cevgjChYRfG1UFFRbcaaDWG8hC6OCm6DxTla1fB4.js?v=1.x,outputs\full_universe_source_acquisition\raw\euronext_v2_15c\euronext_amsterdam_equities_list.html,25,euronext|live.euronext.com,review_only_euronext_relevant_but_not_allowed,5,medium,False
https://live.euronext.com/assets/js/optimized/js_oZkr57eDNXrFxq_-ORD6nF_h36TSa_lX4Pe-rn3GXDQ.ar82_efmL9Qxr3kMMd5uW7l6qUTgVL9fP7Y6h0cxOmI.js?v=1,outputs\full_universe_source_acquisition\raw\euronext_v2_15c\euronext_amsterdam_equities_list.html,25,euronext|live.euronext.com,review_only_euronext_relevant_but_not_allowed,5,medium,False
https://live.euronext.com/assets/js/optimized/js_xONseOeQ7pXOAkWHL6qoDcCeDkcOjYOd0qyRfrz-tMk.aK4ilccdnIsg3Q7BFtMNWrs6hbf2AAPXCc4AM7rCPq8.js?thxpg1,outputs\full_universe_source_acquisition\raw\euronext_v2_15c\euronext_amsterdam_equities_list.html,25,euronext|live.euronext.com,review_only_euronext_relevant_but_not_allowed,5,medium,False
https://live.euronext.com/assets/js/optimized/js_mIGfpPU_CKJwpqCGtm3c-cFqPpCEoSDK3UFPhHayiwI.iZ9xL74j00DU07LxZ0B_w21cwRYo8wKmWFLfeP8JXs0.js?v=10.6.9,outputs\full_universe_source_acquisition\raw\euronext_v2_15c\euronext_amsterdam_equities_list.html,25,euronext|live.euronext.com,review_only_euronext_relevant_but_not_allowed,5,medium,False
https://live.euronext.com/assets/js/optimized/js_iurqE-W9rxvgQzBsQ5xUk4wqAq1FiTggzSNbBeFq8-o.8iQBG-OX3e5qjdVWGBe7bl51rIqNWsi_KMQKX-iZKNc.js?v=10.6.9,outputs\full_universe_source_acquisition\raw\euronext_v2_15c\euronext_amsterdam_equities_list.html,25,euronext|live.euronext.com,review_only_euronext_relevant_but_not_allowed,5,medium,False
https://live.euronext.com/assets/js/optimized/js_-Ogf55WXIMlX0ebdtN8J_4YTBvIBisk6DLENn6AIb20.GZWEwT4S9wuHsarFW7g8w1A6r4NVIWWw-DCBILlJFww.js?v=10.6.9,outputs\full_universe_source_acquisition\raw\euronext_v2_15c\euronext_amsterdam_equities_list.html,25,euronext|live.euronext.com,review_only_euronext_relevant_but_not_allowed,5,medium,False
https://live.euronext.com/assets/js/optimized/js_Cz-3QgxG9_JxaMtHkjkp30hTSzRmdT1IqTfGoJD2LUw.C-OhZphdeAmvL5CKHmfqy0sv8LRwp5NPXKCIHi6YvK0.js?v=10.6.9,outputs\full_universe_source_acquisition\raw\euronext_v2_15c\euronext_amsterdam_equities_list.html,25,euronext|live.euronext.com,review_only_euronext_relevant_but_not_allowed,5,medium,False
https://live.euronext.com/assets/js/optimized/js_aIQw6fPHYCb308W2xSHYcviuP3AGiVAQGil1TEAIXzo.-Q17xC56n7FS_MKx34gsG5xi1kPD0lVL4i_5UhbdQ30.js?v=10.6.9,outputs\full_universe_source_acquisition\raw\euronext_v2_15c\euronext_amsterdam_equities_list.html,25,euronext|live.euronext.com,review_only_euronext_relevant_but_not_allowed,5,medium,False
https://live.euronext.com/assets/js/optimized/js_l4eDhiyLFThP0rMKLM6Wocch621SmIb4WW3an_7Y3Sk.vaO4_OD46iSiYlO1rSrKYNmI3pGszIUpvmGoggyVsi8.js?v=10.6.9,outputs\full_universe_source_acquisition\raw\euronext_v2_15c\euronext_amsterdam_equities_list.html,25,euronext|live.euronext.com,review_only_euronext_relevant_but_not_allowed,5,medium,False
https://live.euronext.com/assets/js/optimized/js_UTrfgMmG2yhLmJ2iBx5nq4DPtvtyMag2mPx0jpSbqaY.a9rASgDJ-yC0VIjfrPr6TqnZK1sYhhEnzCn6Xf3S0EM.js?thxpg1,outputs\full_universe_source_acquisition\raw\euronext_v2_15c\euronext_amsterdam_equities_list.html,25,euronext|live.euronext.com,review_only_euronext_relevant_but_not_allowed,5,medium,False
https://live.euronext.com/assets/js/optimized/js_kumt4Z-3Y75PCS8qtm6i4wmfqrVU2zQaRaietRJniV0.1LhqvUyRjvyA2aOBFfsp7NznLIO3a8aUbeFX3Il0pmE.js?thxpg1,outputs\full_universe_source_acquisition\raw\euronext_v2_15c\euronext_amsterdam_equities_list.html,25,euronext|live.euronext.com,review_only_euronext_relevant_but_not_allowed,5,medium,False
https://live.euronext.com/assets/js/optimized/js_Y4-4YjsCcuz4qiFEXtIiSgv7Uc0YGHOmcaGZfiR3BOo.G8cwpY_2isEdhan6vraDsuZ6id6jhbsjxM8Z3NcroDA.js?thxpg1,outputs\full_universe_source_acquisition\raw\euronext_v2_15c\euronext_amsterdam_equities_list.html,25,euronext|live.euronext.com,review_only_euronext_relevant_but_not_allowed,5,medium,False
https://live.euronext.com/assets/js/optimized/js_nF6iBHxOdb7jdRLq1EPsVekRkUEPY4tefShRHYn4mcc.gJLQgG9z1Ux7zjhT6k-xiTUg64qainiKW-v_Fs4vnJc.js?thxpg1,outputs\full_universe_source_acquisition\raw\euronext_v2_15c\euronext_amsterdam_equities_list.html,25,euronext|live.euronext.com,review_only_euronext_relevant_but_not_allowed,5,medium,False
https://live.euronext.com/assets/js/optimized/js_yBKC2W21k6MhGzjuUK3yKuNxaIUDuOEbZpAGCgwOmzU.bHpPyVBBvSAwQk4G4mD7PRMFsIYVEm1JLvjDfbO_bj4.js?thxpg1,outputs\full_universe_source_acquisition\raw\euronext_v2_15c\euronext_amsterdam_equities_list.html,25,euronext|live.euronext.com,review_only_euronext_relevant_but_not_allowed,5,medium,False
https://live.euronext.com/assets/js/optimized/js_CupCR8OxYpYdqK9jGEU8nqZ3rHNnUGJ74xLi_6y1gKQ.9Xz8n75yDnbp9m3QzHfPN42485SC76Ik49mCWdAg-K8.js?thxpg1,outputs\full_universe_source_acquisition\raw\euronext_v2_15c\euronext_amsterdam_equities_list.html,25,euronext|live.euronext.com,review_only_euronext_relevant_but_not_allowed,5,medium,False
https://live.euronext.com/assets/js/optimized/js_tDD2nXDOglhm0ditL3-qY7miD82__92HP4HPkwVPGX8.tiBz-OksX_f0jEsfzdrM2wIQ9WW6nRC4u7J-PFdB3ww.js?thxpg1,outputs\full_universe_source_acquisition\raw\euronext_v2_15c\euronext_amsterdam_equities_list.html,25,euronext|live.euronext.com,review_only_euronext_relevant_but_not_allowed,5,medium,False
https://live.euronext.com/assets/js/optimized/js_hkF4Xa6uxrlGQ4kLCke_agYqi-YJvsMFwBp9zmQXC9o.mA94rHTVcgUD4X5sEQ9X2Hp2dmB40yjvUetzM5IPYsk.js?thxpg1,outputs\full_universe_source_acquisition\raw\euronext_v2_15c\euronext_amsterdam_equities_list.html,25,euronext|live.euronext.com,review_only_euronext_relevant_but_not_allowed,5,medium,False
https://live.euronext.com/assets/js/optimized/js_qClMIdNS_cfX8SMX7DLZdpzEctNO6GUVAa9_BhELEYk.Qck0SgMRw_B2Jk2RLHcJmO1I89rJlzCMR8u9sJSv7Yc.js?thxpg1,outputs\full_universe_source_acquisition\raw\euronext_v2_15c\euronext_amsterdam_equities_list.html,25,euronext|live.euronext.com,review_only_euronext_relevant_but_not_allowed,5,medium,False
https://live.euronext.com/indices/NL0000000107-XAMS,outputs\full_universe_source_acquisition\raw\euronext_v2_15c\euronext_live_equities_overview.html,25,euronext|live.euronext.com,review_only_euronext_relevant_but_not_allowed,5,medium,False
https://live.euronext.com/product/indices/BE0389555039-XBRU,outputs\full_universe_source_acquisition\raw\euronext_v2_15c\euronext_live_equities_overview.html,25,euronext|live.euronext.com,review_only_euronext_relevant_but_not_allowed,5,medium,False
https://live.euronext.com/product/indices/FR0003500008-XPAR,outputs\full_universe_source_acquisition\raw\euronext_v2_15c\euronext_live_equities_overview.html,25,euronext|live.euronext.com,review_only_euronext_relevant_but_not_allowed,5,medium,False
https://live.euronext.com/product/indices/IE00B0500264-XDUB,outputs\full_universe_source_acquisition\raw\euronext_v2_15c\euronext_live_equities_overview.html,25,euronext|live.euronext.com,review_only_euronext_relevant_but_not_allowed,5,medium,False
https://live.euronext.com/product/indices/NO0007035327-XOSL,outputs\full_universe_source_acquisition\raw\euronext_v2_15c\euronext_live_equities_overview.html,25,euronext|live.euronext.com,review_only_euronext_relevant_but_not_allowed,5,medium,False
https://live.euronext.com/product/indices/PTING0200002-XLIS,outputs\full_universe_source_acquisition\raw\euronext_v2_15c\euronext_live_equities_overview.html,25,euronext|live.euronext.com,review_only_euronext_relevant_but_not_allowed,5,medium,False
https://live.euronext.com/en/product/indices/NL0000000107-XAMS,outputs\full_universe_source_acquisition\raw\euronext_v2_15c\euronext_live_equities_overview.html,25,euronext|live.euronext.com,review_only_euronext_relevant_but_not_allowed,5,medium,False
https://live.euronext.com/en/product/indices/BE0389555039-XBRU,outputs\full_universe_source_acquisition\raw\euronext_v2_15c\euronext_live_equities_overview.html,25,euronext|live.euronext.com,review_only_euronext_relevant_but_not_allowed,5,medium,False
https://live.euronext.com/en/product/indices/FR0003500008-XPAR,outputs\full_universe_source_acquisition\raw\euronext_v2_15c\euronext_live_equities_overview.html,25,euronext|live.euronext.com,review_only_euronext_relevant_but_not_allowed,5,medium,False
https://live.euronext.com/en/product/indices/IE00B0500264-XDUB,outputs\full_universe_source_acquisition\raw\euronext_v2_15c\euronext_live_equities_overview.html,25,euronext|live.euronext.com,review_only_euronext_relevant_but_not_allowed,5,medium,False
https://live.euronext.com/en/product/indices/PTING0200002-XLIS,outputs\full_universe_source_acquisition\raw\euronext_v2_15c\euronext_live_equities_overview.html,25,euronext|live.euronext.com,review_only_euronext_relevant_but_not_allowed,5,medium,False
https://live.euronext.com/en/product/indices/NO0007035327-XOSL,outputs\full_universe_source_acquisition\raw\euronext_v2_15c\euronext_live_equities_overview.html,25,euronext|live.euronext.com,review_only_euronext_relevant_but_not_allowed,5,medium,False
https://live.euronext.com/en/product/indices/FR0014005WN0-XPAR,outputs\full_universe_source_acquisition\raw\euronext_v2_15c\euronext_live_equities_overview.html,25,euronext|live.euronext.com,review_only_euronext_relevant_but_not_allowed,5,medium,False
https://live.euronext.com/resources/members-list,outputs\full_universe_source_acquisition\raw\euronext_v2_15c\euronext_live_equities_overview.html,25,euronext|live.euronext.com,review_only_euronext_relevant_but_not_allowed,5,medium,False
https://live.euronext.com/assets/js/optimized/js_LidBvZltzuJPT1vSX7RgYCYkXX99je4hlknwtFQ_1EI.ZRgQrOu8VG3P03Da7Rxubk3Laz1UUqUwRZkdqXbRr2o.js?thxpg1,outputs\full_universe_source_acquisition\raw\euronext_v2_15c\euronext_live_equities_overview.html,25,euronext|live.euronext.com,review_only_euronext_relevant_but_not_allowed,5,medium,False
https://live.euronext.com/assets/js/optimized/js_adSlngNUhZKK3tp8xMCFvGoxbk0hh9c1jCEr3f9yHmM.TZIGywQ2QFo8cBEJx88A0nbXpdDgVGWKAXpRnckzfgc.js?thxpg1,outputs\full_universe_source_acquisition\raw\euronext_v2_15c\euronext_live_equities_overview.html,25,euronext|live.euronext.com,review_only_euronext_relevant_but_not_allowed,5,medium,False
https://live.euronext.com/assets/js/optimized/js_WKQdYlJy8FTs9GQKl9ihCRxyS9eszR9uwaoVR0oMO1M.2uWJ8ku6reOpdfZv4-xh0srSjBnBfEjeWeO4kY2CYdw.js?thxpg1,outputs\full_universe_source_acquisition\raw\euronext_v2_15c\euronext_live_equities_overview.html,25,euronext|live.euronext.com,review_only_euronext_relevant_but_not_allowed,5,medium,False
https://live.euronext.com/assets/js/optimized/js_PALHakJZ7X7MhveR7x1JzQCpneP3wgiJtp8Gpc3PJps.BPVieCci22n9jSxEYPwi-DQ92WpJJrapjnSUkUJ7sI0.js?thxpg1,outputs\full_universe_source_acquisition\raw\euronext_v2_15c\euronext_live_equities_overview.html,25,euronext|live.euronext.com,review_only_euronext_relevant_but_not_allowed,5,medium,False
https://live.euronext.com/assets/js/optimized/js_dPCH8A4nDXwYfaPZ9FtBIvITzLe8cl0fHlBUHjJJ9o0.I0MM7Q0deeo99oEDjt2Pl4YSzjE63BW_mzYvMRa2US8.js?v=10.6.9,outputs\full_universe_source_acquisition\raw\euronext_v2_15c\euronext_live_equities_overview.html,25,euronext|live.euronext.com,review_only_euronext_relevant_but_not_allowed,5,medium,False
https://live.euronext.com/assets/js/optimized/js_RIfNSQJ1qnn5jjHIkjbPLzpd0N5SzZ91vEOb8MzZw5c.f4XteCuU9-rKPRVEMBqsSnKx6Z_n8ZMX98OvAor_jwQ.js?thxpg1,outputs\full_universe_source_acquisition\raw\euronext_v2_15c\euronext_live_equities_overview.html,25,euronext|live.euronext.com,review_only_euronext_relevant_but_not_allowed,5,medium,False
https://live.euronext.com/assets/js/optimized/js_06NhzkrcWdlixtnysomC29hfjRlfjAT1q6kHbMofW2Q.bOaaF1QKp9fE1AAd7Aadazh1L1HGMLeCP703yFDTb_0.js?thxpg1,outputs\full_universe_source_acquisition\raw\euronext_v2_15c\euronext_live_equities_overview.html,25,euronext|live.euronext.com,review_only_euronext_relevant_but_not_allowed,5,medium,False
https://live.euronext.com/assets/js/optimized/js_5qA5c0-c6VJ07r7ZKRmRyQtihydz6cfStMS8WfQ69Ro._sb_mcIj_iJJ1yQjz1oqgbzExrhttMKyf0jNZ0Yu0ZI.js?thxpg1,outputs\full_universe_source_acquisition\raw\euronext_v2_15c\euronext_live_equities_overview.html,25,euronext|live.euronext.com,review_only_euronext_relevant_but_not_allowed,5,medium,False
https://live.euronext.com/assets/js/optimized/js_tZhW41DsV8Dn0lV7Xxp3eBbfjGXzeDDsZZLZtDHBjKg.L06kJ5sCPok2bGT03mk-iqHxg18ZPkqzwbLe3sV58mM.js?thxpg1,outputs\full_universe_source_acquisition\raw\euronext_v2_15c\euronext_live_equities_overview.html,25,euronext|live.euronext.com,review_only_euronext_relevant_but_not_allowed,5,medium,False
https://live.euronext.com/assets/js/optimized/js_tPXK6jfFss8HsiDvsha1w4Xb92XH7TB7XCUNttVeDQ0.EatpB6F6_oADZe7hFc5CB6WediyE9Nk-ElmEuIC6lao.js?thxpg1,outputs\full_universe_source_acquisition\raw\euronext_v2_15c\euronext_live_equities_overview.html,25,euronext|live.euronext.com,review_only_euronext_relevant_but_not_allowed,5,medium,False
https://live.euronext.com/assets/js/optimized/js_MxTNaFqyi1-IfUA83Bj0dlql2OHZ0Hy8d9Id_GfTnwk.lmDjcAZuq4ABEWl4Jni3p4xF72fjPGD8c-v5La60zhE.js?thxpg1,outputs\full_universe_source_acquisition\raw\euronext_v2_15c\euronext_live_equities_overview.html,25,euronext|live.euronext.com,review_only_euronext_relevant_but_not_allowed,5,medium,False
https://live.euronext.com/assets/js/optimized/js_NWkqhRVZaTDuq_6inHrqZoR6E-3DE8DskrsHAXLnajI.bLqIFdS8PpW16XfXw9k1l00PmJhQte9QdkOYQpAnnxk.js?thxpg1,outputs\full_universe_source_acquisition\raw\euronext_v2_15c\euronext_live_equities_overview.html,25,euronext|live.euronext.com,review_only_euronext_relevant_but_not_allowed,5,medium,False
https://live.euronext.com/assets/js/optimized/js_t_G2hLeIzHvC_EFvHAJVKIwBdW8394YHup_F5n6yjQw.iJRlXnFZWKzqPNE8n-zkOu4mrPzWvTN5OVd3iyFzv_A.js?thxpg1,outputs\full_universe_source_acquisition\raw\euronext_v2_15c\euronext_live_equities_overview.html,25,euronext|live.euronext.com,review_only_euronext_relevant_but_not_allowed,5,medium,False
https://live.euronext.com/assets/js/optimized/js_WHu95HWWmUnvtWEZciWm7KkK2tcAufAB8hUxIE2p4eE.kJZ0HbGPln5b3H58W_f--I4QA8o_9A7IU8tVYyzRRnQ.js?thxpg1,outputs\full_universe_source_acquisition\raw\euronext_v2_15c\euronext_live_equities_overview.html,25,euronext|live.euronext.com,review_only_euronext_relevant_but_not_allowed,5,medium,False
https://live.euronext.com/assets/js/optimized/js_iBzyXtdHL9IwsUi9BnGoYUoPKznwxggbuFA4GBqkQps.W6aNe18MXUAdwBmja_ur4sh5we9a0Y7zGRMng2xGHgA.js?thxpg1,outputs\full_universe_source_acquisition\raw\euronext_v2_15c\euronext_live_equities_overview.html,25,euronext|live.euronext.com,review_only_euronext_relevant_but_not_allowed,5,medium,False
https://live.euronext.com/assets/js/optimized/js_AAn3IzadACi39gXpJfSaYcskKop0kUlYzfA34_ccpl8.RIRtRh0G-mD2QXskEK1kgc9OxZ3lmkXC8BkhxbyTLQo.js?thxpg1,outputs\full_universe_source_acquisition\raw\euronext_v2_15c\euronext_live_equities_overview.html,25,euronext|live.euronext.com,review_only_euronext_relevant_but_not_allowed,5,medium,False
https://live.euronext.com/assets/js/optimized/js_As7U7GVllnY1dVqlGFyztOUdNrwboFUY92CHaMHSU3c.oRvhppDnYTJGC6q2Ov5S5BXG30nC3HA78BNGQI1T7Rc.js?thxpg1,outputs\full_universe_source_acquisition\raw\euronext_v2_15c\euronext_live_equities_overview.html,25,euronext|live.euronext.com,review_only_euronext_relevant_but_not_allowed,5,medium,False
https://live.euronext.com/assets/js/optimized/js_dRjKdhfcqcj-d3BnLYC726rB-cM_gXyktRe_SxpV_pI.XLn8bTbzlH6zuW0PtcdER9qP5zSkvP3bXYAfC1-T1eM.js?thxpg1,outputs\full_universe_source_acquisition\raw\euronext_v2_15c\euronext_live_equities_overview.html,25,euronext|live.euronext.com,review_only_euronext_relevant_but_not_allowed,5,medium,False
https://live.euronext.com/assets/js/optimized/js__0zZLJKOQ2fD3_hTAupJ6Sq-d23c0bP1zsur1mBFy8A.AxHC-TATpb8r7NR7fK2n3BOlyva7VbV6gihQA2tg50g.js?thxpg1,outputs\full_universe_source_acquisition\raw\euronext_v2_15c\euronext_live_equities_overview.html,25,euronext|live.euronext.com,review_only_euronext_relevant_but_not_allowed,5,medium,False
https://live.euronext.com/assets/js/optimized/js_VOxlofA-N-R8zKExblW6LpKIt3M-NE-ev9M7uYPerhs.LapbiS6JS7vuq9YbwAnQlcrn_Ym8VgNTbmTbMVLHmZU.js?thxpg1,outputs\full_universe_source_acquisition\raw\euronext_v2_15c\euronext_live_equities_overview.html,25,euronext|live.euronext.com,review_only_euronext_relevant_but_not_allowed,5,medium,False
https://live.euronext.com/assets/js/optimized/js_ui87Y6HjTi8ZG2B97yn_A8C6WaYiOaQlfCTHUA8Hvhs.jWzICFSkDmYdRQABDINnxCnF76D22fJBxV9FCJykr-I.js?thxpg1,outputs\full_universe_source_acquisition\raw\euronext_v2_15c\euronext_live_equities_overview.html,25,euronext|live.euronext.com,review_only_euronext_relevant_but_not_allowed,5,medium,False
https://live.euronext.com/assets/js/optimized/js_WpiYptHDzGJn-IdAmD4wtXzBLuiat8QjOkEgpGO66VE.Fpdp7vtHsHqlr7GslV6QTQgwrggRNCxv-tut51S6iRU.js?thxpg1,outputs\full_universe_source_acquisition\raw\euronext_v2_15c\euronext_live_equities_overview.html,25,euronext|live.euronext.com,review_only_euronext_relevant_but_not_allowed,5,medium,False
https://live.euronext.com/assets/js/optimized/js_YOJDmAxYACRT4qunF2dlc8zjwlg7huwlGflAQclnW0M.179Nc2RaDMiiTlWr68NM9KzDBkedYFXOMgrBgPDQQmE.js?v=1,outputs\full_universe_source_acquisition\raw\euronext_v2_15c\euronext_live_equities_overview.html,25,euronext|live.euronext.com,review_only_euronext_relevant_but_not_allowed,5,medium,False
https://live.euronext.com/assets/js/optimized/js_7jWp0EWH1KQtiGdkSayfvXjfTgzuQzsFlSdS6N1dGX8.GOqqcMaDGnnesLfpOftXRJJW5I23HlKLuVT7s6Go-cQ.js?thxpg1,outputs\full_universe_source_acquisition\raw\euronext_v2_15c\euronext_live_equities_overview.html,25,euronext|live.euronext.com,review_only_euronext_relevant_but_not_allowed,5,medium,False
https://live.euronext.com/assets/js/optimized/js_UZsBznETDJiEDohv2YiweESMnwE--fsMmpSyGa0MmEU.r6TQn44OWWtEyHFZK0euvmDmJjxpmmTEsP4Wvr7H8VI.js?thxpg1,outputs\full_universe_source_acquisition\raw\euronext_v2_15c\euronext_live_equities_overview.html,25,euronext|live.euronext.com,review_only_euronext_relevant_but_not_allowed,5,medium,False
https://live.euronext.com/assets/js/optimized/js_91MUzhZwPnUuNWQozQQY3HyvgN6vKYvw-meDpqdoDaI.xfdShYWTvIghLhb-2OEdvC0E5iInEfJkspTHVOBajK0.js?v=1,outputs\full_universe_source_acquisition\raw\euronext_v2_15c\euronext_live_equities_overview.html,25,euronext|live.euronext.com,review_only_euronext_relevant_but_not_allowed,5,medium,False
https://live.euronext.com/assets/js/optimized/js_-GaBXv5iJUTdHDF4atmSbgGiJQJpxVO8Lc9oQr-Y6_o.mxHXF3ioDtlW7pHsnLceK39-MvVP2NhBDVz0v20lqMA.js?v=1,outputs\full_universe_source_acquisition\raw\euronext_v2_15c\euronext_live_equities_overview.html,25,euronext|live.euronext.com,review_only_euronext_relevant_but_not_allowed,5,medium,False
https://live.euronext.com/assets/js/optimized/js_IdpPQZ3DpaY5a7YiSgqio9PFbIJYpGsjDCCJcpAAWs4.lMiJtrZDfxDYi4hwdtimO26X1L01UqamBc_i-lUz70w.js?thxpg1,outputs\full_universe_source_acquisition\raw\euronext_v2_15c\euronext_live_equities_overview.html,25,euronext|live.euronext.com,review_only_euronext_relevant_but_not_allowed,5,medium,False
https://live.euronext.com/assets/js/optimized/js_bJSHCLmscOHkG3xpeB6nweAm0JsND3HA4i1FWmue68Y.ILstJf-3ZA_Axye6vtgfO13afYRVWYj0BCW0weWonUw.js?v=1,outputs\full_universe_source_acquisition\raw\euronext_v2_15c\euronext_live_equities_overview.html,25,euronext|live.euronext.com,review_only_euronext_relevant_but_not_allowed,5,medium,False
https://live.euronext.com/assets/js/optimized/js_aCCUFFeWt99HPZIeoN-zp3Ald_E67Uo4Ru0hE5yRsVQ.Q-0yFiRs6aSOTqUNYxaDNAEqJhx98yAExhYIzZH16Tg.js?v=10.6.9,outputs\full_universe_source_acquisition\raw\euronext_v2_15c\euronext_live_equities_overview.html,25,euronext|live.euronext.com,review_only_euronext_relevant_but_not_allowed,5,medium,False
https://live.euronext.com/assets/js/optimized/js_2fbb0pfowDkccMxbJB35c6uCOPLKD1qniVaO8eEiqOM.Q9e5czT0CWlKDsQ0zOynh5LvDctnocUrifK3KPAf95g.js?v=4.3.0,outputs\full_universe_source_acquisition\raw\euronext_v2_15c\euronext_live_equities_overview.html,25,euronext|live.euronext.com,review_only_euronext_relevant_but_not_allowed,5,medium,False
https://live.euronext.com/assets/js/optimized/js_1S4QLDXL04plqqAeBP0OA-qv1bHYgcVSUDQvgUXHWlI.PsdQNICwuTjJ1D9MS7WjmlW4w-4ei4rvtrV0Dv9ayRM.js?v=10.6.9,outputs\full_universe_source_acquisition\raw\euronext_v2_15c\euronext_live_equities_overview.html,25,euronext|live.euronext.com,review_only_euronext_relevant_but_not_allowed,5,medium,False
https://live.euronext.com/assets/js/optimized/js_V9wWS-OqRY8FKDJvuf7s8UQVHhNaWRpc7yRH9zMFpm8.MPTlPYvPQfNuuEAazmK5We8mZSfr9NU4Tg-GEM1hRBs.js?v=10.6.9,outputs\full_universe_source_acquisition\raw\euronext_v2_15c\euronext_live_equities_overview.html,25,euronext|live.euronext.com,review_only_euronext_relevant_but_not_allowed,5,medium,False
https://live.euronext.com/assets/js/optimized/js_tL_NHcgWS6d39ZaJY5-Fx2KpbHirMCbvo7JJ82hiNVQ.1_KwSLxrRvTo-kwouWIfrDOUY2pAx4yD7o9oAQ9w15E.js?thxpg1,outputs\full_universe_source_acquisition\raw\euronext_v2_15c\euronext_oslo_equities_list.html,25,euronext|live.euronext.com,review_only_euronext_relevant_but_not_allowed,5,medium,False
/en/products/stock-futures/list,(v2.15C_discovered_links_manifest),25,stock,review_only_euronext_relevant_but_not_allowed,5,medium,False
/en/products/stock-futures/trading,(v2.15C_discovered_links_manifest),25,stock,review_only_euronext_relevant_but_not_allowed,5,medium,False
/en/products/stock-options/list,(v2.15C_discovered_links_manifest),25,stock,review_only_euronext_relevant_but_not_allowed,5,medium,False
/en/products/stock-options/mini/list,(v2.15C_discovered_links_manifest),25,stock,review_only_euronext_relevant_but_not_allowed,5,medium,False
/en/products/stock-options/trading,(v2.15C_discovered_links_manifest),25,stock,review_only_euronext_relevant_but_not_allowed,5,medium,False
/en/products/dividend-stock-futures/list,(v2.15C_discovered_links_manifest),25,stock,review_only_euronext_relevant_but_not_allowed,5,medium,False
/en/products/dividend-stock-futures/trading,(v2.15C_discovered_links_manifest),25,stock,review_only_euronext_relevant_but_not_allowed,5,medium,False
/en/markets/amsterdam/stock-futures/list,(v2.15C_discovered_links_manifest),25,stock,review_only_euronext_relevant_but_not_allowed,5,medium,False
/en/markets/amsterdam/stock-options/list,(v2.15C_discovered_links_manifest),25,stock,review_only_euronext_relevant_but_not_allowed,5,medium,False
/en/markets/brussels/stock-futures/list,(v2.15C_discovered_links_manifest),25,stock,review_only_euronext_relevant_but_not_allowed,5,medium,False
/en/markets/brussels/stock-options/list,(v2.15C_discovered_links_manifest),25,stock,review_only_euronext_relevant_but_not_allowed,5,medium,False
/en/markets/lisbon/stock-options/list,(v2.15C_discovered_links_manifest),25,stock,review_only_euronext_relevant_but_not_allowed,5,medium,False
/en/markets/lisbon/stock-futures/list,(v2.15C_discovered_links_manifest),25,stock,review_only_euronext_relevant_but_not_allowed,5,medium,False
/en/markets/milan/stock-options/list,(v2.15C_discovered_links_manifest),25,stock,review_only_euronext_relevant_but_not_allowed,5,medium,False
/en/markets/milan/stock-futures/list,(v2.15C_discovered_links_manifest),25,stock,review_only_euronext_relevant_but_not_allowed,5,medium,False
/en/markets/oslo/stock-futures/list,(v2.15C_discovered_links_manifest),25,stock,review_only_euronext_relevant_but_not_allowed,5,medium,False
/en/markets/oslo/stock-options/list,(v2.15C_discovered_links_manifest),25,stock,review_only_euronext_relevant_but_not_allowed,5,medium,False
/en/markets/paris/stock-futures/list,(v2.15C_discovered_links_manifest),25,stock,review_only_euronext_relevant_but_not_allowed,5,medium,False
/en/markets/paris/stock-options/list,(v2.15C_discovered_links_manifest),25,stock,review_only_euronext_relevant_but_not_allowed,5,medium,False
/en/listing/raise-capital,(v2.15C_discovered_links_manifest),25,api,review_only_euronext_relevant_but_not_allowed,5,medium,False
/en/equities/family-business,(v2.15C_discovered_links_manifest),10,equities,review_only_euronext_relevant_but_not_allowed,5,medium,False
https://live.euronext.com/en/news/boursolive-2026-equity-markets-how-ai-reshaping-landscape,outputs\full_universe_source_acquisition\raw\euronext_v2_15c\euronext_live_equities_overview.html,75,api|equity|euronext|live.euronext.com,excluded_marketing_or_corporate_page,9,high_irrelevant,False
https://live.euronext.com/en/news/what-difference-between-stocks-and-bonds,outputs\full_universe_source_acquisition\raw\euronext_v2_15c\euronext_live_equities_overview.html,60,euronext|live.euronext.com|stock|stocks,excluded_marketing_or_corporate_page,9,high_irrelevant,False
https://live.euronext.com/en/news/how-protect-stocks-if-market-goes-down,outputs\full_universe_source_acquisition\raw\euronext_v2_15c\euronext_live_equities_overview.html,60,euronext|live.euronext.com|stock|stocks,excluded_marketing_or_corporate_page,9,high_irrelevant,False
https://live.euronext.com/en/news/how-generate-income-stocks,outputs\full_universe_source_acquisition\raw\euronext_v2_15c\euronext_live_equities_overview.html,60,euronext|live.euronext.com|stock|stocks,excluded_marketing_or_corporate_page,9,high_irrelevant,False
https://live.euronext.com/en/news/how-invest-stocks,outputs\full_universe_source_acquisition\raw\euronext_v2_15c\euronext_live_equities_overview.html,60,euronext|live.euronext.com|stock|stocks,excluded_marketing_or_corporate_page,9,high_irrelevant,False
https://live.euronext.com/en/news/how-are-stocks-priced,outputs\full_universe_source_acquisition\raw\euronext_v2_15c\euronext_live_equities_overview.html,60,euronext|live.euronext.com|stock|stocks,excluded_marketing_or_corporate_page,9,high_irrelevant,False
https://live.euronext.com/en/news/what-is-a-stock,outputs\full_universe_source_acquisition\raw\euronext_v2_15c\euronext_live_equities_overview.html,50,euronext|live.euronext.com|stock,excluded_marketing_or_corporate_page,9,high_irrelevant,False
https://live.euronext.com/en/news/euronexts-global-equity-market-gem-equity-expands-its-offering-and-strengthens-its-role,outputs\full_universe_source_acquisition\raw\euronext_v2_15c\euronext_live_equities_overview.html,50,equity|euronext|live.euronext.com,excluded_marketing_or_corporate_page,9,high_irrelevant,False
https://live.euronext.com/en/news/vincent-boquillon-and-nathalie-ruiz-sat-down-trade-discuss-equity-market-innovation,outputs\full_universe_source_acquisition\raw\euronext_v2_15c\euronext_live_equities_overview.html,50,equity|euronext|live.euronext.com,excluded_marketing_or_corporate_page,9,high_irrelevant,False
https://live.euronext.com/en/news/us-election-impact-equity-trading-euronext-global-equity-market-volumes-have-tripled,outputs\full_universe_source_acquisition\raw\euronext_v2_15c\euronext_live_equities_overview.html,50,equity|euronext|live.euronext.com,excluded_marketing_or_corporate_page,9,high_irrelevant,False
https://live.euronext.com/en/news/strength-made-italy-equity-trading,outputs\full_universe_source_acquisition\raw\euronext_v2_15c\euronext_live_equities_overview.html,50,equity|euronext|live.euronext.com,excluded_marketing_or_corporate_page,9,high_irrelevant,False
/en/news/boursolive-2026-equity-markets-how-ai-reshaping-landscape,(v2.15C_discovered_links_manifest),50,api|equity,excluded_marketing_or_corporate_page,9,high_irrelevant,False
https://www.euronext.com/en/media/4054/download,outputs\full_universe_source_acquisition\raw\euronext_v2_15c\euronext_live_equities_overview.html,45,download|euronext,excluded_marketing_or_corporate_page,9,high_irrelevant,False
https://www.euronext.com/en/listing/raise-capital/why-go-public,outputs\full_universe_source_acquisition\raw\euronext_v2_15c\euronext_advanced_reference_data.html,40,api|euronext,excluded_marketing_or_corporate_page,9,high_irrelevant,False
https://www.euronext.com/en/listing/raise-capital/how-go-public,outputs\full_universe_source_acquisition\raw\euronext_v2_15c\euronext_advanced_reference_data.html,40,api|euronext,excluded_marketing_or_corporate_page,9,high_irrelevant,False
https://www.euronext.com/en/listing/raise-capital/ipoready,outputs\full_universe_source_acquisition\raw\euronext_v2_15c\euronext_advanced_reference_data.html,40,api|euronext,excluded_marketing_or_corporate_page,9,high_irrelevant,False
https://www.euronext.com/en/listing/raise-capital/life-listed-company,outputs\full_universe_source_acquisition\raw\euronext_v2_15c\euronext_advanced_reference_data.html,40,api|euronext,excluded_marketing_or_corporate_page,9,high_irrelevant,False
https://www.euronext.com/en/listing/raise-capital/euronext-tech-leaders,outputs\full_universe_source_acquisition\raw\euronext_v2_15c\euronext_advanced_reference_data.html,40,api|euronext,excluded_marketing_or_corporate_page,9,high_irrelevant,False
https://www.euronext.com/en/listing/raise-capital/sector-focused-listing-solutions,outputs\full_universe_source_acquisition\raw\euronext_v2_15c\euronext_advanced_reference_data.html,40,api|euronext,excluded_marketing_or_corporate_page,9,high_irrelevant,False
https://www.euronext.com/en/listing/raise-capital/international-listings,outputs\full_universe_source_acquisition\raw\euronext_v2_15c\euronext_advanced_reference_data.html,40,api|euronext,excluded_marketing_or_corporate_page,9,high_irrelevant,False
https://www.euronext.com/en/listing/raise-capital/sector-focused-listing-solutions/aerospace-and-defence,outputs\full_universe_source_acquisition\raw\euronext_v2_15c\euronext_advanced_reference_data.html,40,api|euronext,excluded_marketing_or_corporate_page,9,high_irrelevant,False
https://www.euronext.com/en/news/index-themes-shaping-2026-and-beyond,outputs\full_universe_source_acquisition\raw\euronext_v2_15c\euronext_advanced_reference_data.html,40,api|euronext,excluded_marketing_or_corporate_page,9,high_irrelevant,False
https://www.euronext.com/en/investor-relations/capital-and-shareholding,outputs\full_universe_source_acquisition\raw\euronext_v2_15c\euronext_advanced_reference_data.html,40,api|euronext,excluded_marketing_or_corporate_page,9,high_irrelevant,False
https://www.euronext.com/en/listing/raise-capital/how-go-public/types-listing,outputs\full_universe_source_acquisition\raw\euronext_v2_15c\euronext_advanced_reference_data.html,40,api|euronext,excluded_marketing_or_corporate_page,9,high_irrelevant,False
https://www.euronext.com/en/listing/raise-capital/how-go-public/choosing-market,outputs\full_universe_source_acquisition\raw\euronext_v2_15c\euronext_advanced_reference_data.html,40,api|euronext,excluded_marketing_or_corporate_page,9,high_irrelevant,False
https://www.euronext.com/en/listing/raise-capital/how-go-public/ipo-journey,outputs\full_universe_source_acquisition\raw\euronext_v2_15c\euronext_advanced_reference_data.html,40,api|euronext,excluded_marketing_or_corporate_page,9,high_irrelevant,False
https://www.euronext.com/en/listing/raise-capital/how-go-public/choosing-advisors,outputs\full_universe_source_acquisition\raw\euronext_v2_15c\euronext_advanced_reference_data.html,40,api|euronext,excluded_marketing_or_corporate_page,9,high_irrelevant,False
https://www.euronext.com/en/listing/raise-capital/how-go-public/rules-fees-and-forms,outputs\full_universe_source_acquisition\raw\euronext_v2_15c\euronext_advanced_reference_data.html,40,api|euronext,excluded_marketing_or_corporate_page,9,high_irrelevant,False
https://www.euronext.com/en/listing/raise-capital/sector-focused-listing-solutions/real-estate-investment-trusts-reits,outputs\full_universe_source_acquisition\raw\euronext_v2_15c\euronext_advanced_reference_data.html,40,api|euronext,excluded_marketing_or_corporate_page,9,high_irrelevant,False
https://www.euronext.com/en/listing/raise-capital/sector-focused-listing-solutions/sme,outputs\full_universe_source_acquisition\raw\euronext_v2_15c\euronext_advanced_reference_data.html,40,api|euronext,excluded_marketing_or_corporate_page,9,high_irrelevant,False
https://www.euronext.com/en/listing/raise-capital/sector-focused-listing-solutions/sme/ipogo,outputs\full_universe_source_acquisition\raw\euronext_v2_15c\euronext_advanced_reference_data.html,40,api|euronext,excluded_marketing_or_corporate_page,9,high_irrelevant,False
https://www.euronext.com/en/listing/raise-capital/sector-focused-listing-solutions/tech,outputs\full_universe_source_acquisition\raw\euronext_v2_15c\euronext_advanced_reference_data.html,40,api|euronext,excluded_marketing_or_corporate_page,9,high_irrelevant,False
https://www.euronext.com/en/listing/raise-capital/sector-focused-listing-solutions/family-business,outputs\full_universe_source_acquisition\raw\euronext_v2_15c\euronext_advanced_reference_data.html,40,api|euronext,excluded_marketing_or_corporate_page,9,high_irrelevant,False
https://www.euronext.com/en/listing/raise-capital/sector-focused-listing-solutions/energy-shipping-and-seafood,outputs\full_universe_source_acquisition\raw\euronext_v2_15c\euronext_advanced_reference_data.html,40,api|euronext,excluded_marketing_or_corporate_page,9,high_irrelevant,False
https://www.euronext.com/en/investor-relations/capital-and-shareholding/share-buyback-program,outputs\full_universe_source_acquisition\raw\euronext_v2_15c\euronext_advanced_reference_data.html,40,api|euronext,excluded_marketing_or_corporate_page,9,high_irrelevant,False
https://www.euronext.com/en/investor-relations/capital-and-shareholding/liquidity-provider,outputs\full_universe_source_acquisition\raw\euronext_v2_15c\euronext_advanced_reference_data.html,40,api|euronext,excluded_marketing_or_corporate_page,9,high_irrelevant,False
https://live.euronext.com/en/products/equities/ipos,outputs\full_universe_source_acquisition\raw\euronext_v2_15c\euronext_amsterdam_equities_list.html,35,equities|euronext|live.euronext.com,excluded_marketing_or_corporate_page,9,high_irrelevant,False
https://live.euronext.com/en/news/exceptional-response-european-equities-non-exceptional-volatility,outputs\full_universe_source_acquisition\raw\euronext_v2_15c\euronext_live_equities_overview.html,35,equities|euronext|live.euronext.com,excluded_marketing_or_corporate_page,9,high_irrelevant,False
/en/news/what-difference-between-stocks-and-bonds,(v2.15C_discovered_links_manifest),35,stock|stocks,excluded_marketing_or_corporate_page,9,high_irrelevant,False
/en/news/how-protect-stocks-if-market-goes-down,(v2.15C_discovered_links_manifest),35,stock|stocks,excluded_marketing_or_corporate_page,9,high_irrelevant,False
/en/news/how-generate-income-stocks,(v2.15C_discovered_links_manifest),35,stock|stocks,excluded_marketing_or_corporate_page,9,high_irrelevant,False
/en/news/how-invest-stocks,(v2.15C_discovered_links_manifest),35,stock|stocks,excluded_marketing_or_corporate_page,9,high_irrelevant,False
/en/news/how-are-stocks-priced,(v2.15C_discovered_links_manifest),35,stock|stocks,excluded_marketing_or_corporate_page,9,high_irrelevant,False
/en/news/euronexts-global-equity-market-gem-equity-expands-its-offering-and-strengthens-its-role,(v2.15C_discovered_links_manifest),35,equity|euronext,excluded_marketing_or_corporate_page,9,high_irrelevant,False
/en/news/us-election-impact-equity-trading-euronext-global-equity-market-volumes-have-tripled,(v2.15C_discovered_links_manifest),35,equity|euronext,excluded_marketing_or_corporate_page,9,high_irrelevant,False
/en/listing/raise-capital/euronext-tech-leaders,(v2.15C_discovered_links_manifest),35,api|euronext,excluded_marketing_or_corporate_page,9,high_irrelevant,False
https://athens.euronext.com/en/market-data,outputs\full_universe_source_acquisition\raw\euronext_v2_15c\euronext_advanced_reference_data.html,25,data|euronext,excluded_no_relevant_market_data_marker,9,high_irrelevant,False
https://www.euronext.com/en/clearing/about/legal-data,outputs\full_universe_source_acquisition\raw\euronext_v2_15c\euronext_advanced_reference_data.html,25,data|euronext,excluded_marketing_or_corporate_page,9,high_irrelevant,False
https://www.euronext.com/en/csd/products-services/data-services,outputs\full_universe_source_acquisition\raw\euronext_v2_15c\euronext_advanced_reference_data.html,25,data|euronext,excluded_no_relevant_market_data_marker,9,high_irrelevant,False
https://www.euronext.com/en/csd/milan/data-solutionsold,outputs\full_universe_source_acquisition\raw\euronext_v2_15c\euronext_advanced_reference_data.html,25,data|euronext,excluded_no_relevant_market_data_marker,9,high_irrelevant,False
https://www.euronext.com/en/csd/oslo/data-servicesold,outputs\full_universe_source_acquisition\raw\euronext_v2_15c\euronext_advanced_reference_data.html,25,data|euronext,excluded_no_relevant_market_data_marker,9,high_irrelevant,False
https://www.euronext.com/en/technology/data-management-systems,outputs\full_universe_source_acquisition\raw\euronext_v2_15c\euronext_advanced_reference_data.html,25,data|euronext,excluded_no_relevant_market_data_marker,9,high_irrelevant,False
https://www.euronext.com/en/data,outputs\full_universe_source_acquisition\raw\euronext_v2_15c\euronext_advanced_reference_data.html,25,data|euronext,excluded_no_relevant_market_data_marker,9,high_irrelevant,False
https://www.euronext.com/en/data/data-products,outputs\full_universe_source_acquisition\raw\euronext_v2_15c\euronext_advanced_reference_data.html,25,data|euronext,excluded_no_relevant_market_data_marker,9,high_irrelevant,False
https://www.euronext.com/en/products-services/euronext-real-time-data,outputs\full_universe_source_acquisition\raw\euronext_v2_15c\euronext_advanced_reference_data.html,25,data|euronext,excluded_no_relevant_market_data_marker,9,high_irrelevant,False
https://www.euronext.com/en/data/real-time/reasonable-commercial-basis,outputs\full_universe_source_acquisition\raw\euronext_v2_15c\euronext_advanced_reference_data.html,25,data|euronext,excluded_no_relevant_market_data_marker,9,high_irrelevant,False
https://www.euronext.com/en/data/cloud-solutions,outputs\full_universe_source_acquisition\raw\euronext_v2_15c\euronext_advanced_reference_data.html,25,data|euronext,excluded_no_relevant_market_data_marker,9,high_irrelevant,False
https://www.euronext.com/en/data/data-products?product_service%5B0%5D=5933,outputs\full_universe_source_acquisition\raw\euronext_v2_15c\euronext_advanced_reference_data.html,25,data|euronext,excluded_no_relevant_market_data_marker,9,high_irrelevant,False
https://www.euronext.com/en/data/data-products?product_service%5B0%5D=5935,outputs\full_universe_source_acquisition\raw\euronext_v2_15c\euronext_advanced_reference_data.html,25,data|euronext,excluded_no_relevant_market_data_marker,9,high_irrelevant,False
https://www.euronext.com/en/data/data-products?product_service%5B0%5D=5989,outputs\full_universe_source_acquisition\raw\euronext_v2_15c\euronext_advanced_reference_data.html,25,data|euronext,excluded_no_relevant_market_data_marker,9,high_irrelevant,False
https://www.euronext.com/en/data/data-products?product_service%5B0%5D=6002,outputs\full_universe_source_acquisition\raw\euronext_v2_15c\euronext_advanced_reference_data.html,25,data|euronext,excluded_no_relevant_market_data_marker,9,high_irrelevant,False
https://www.euronext.com/en/data/data-products?product_service%5B0%5D=5938,outputs\full_universe_source_acquisition\raw\euronext_v2_15c\euronext_advanced_reference_data.html,25,data|euronext,excluded_no_relevant_market_data_marker,9,high_irrelevant,False
https://www.euronext.com/en/data/data-products?product_service%5B0%5D=5940,outputs\full_universe_source_acquisition\raw\euronext_v2_15c\euronext_advanced_reference_data.html,25,data|euronext,excluded_no_relevant_market_data_marker,9,high_irrelevant,False
https://www.euronext.com/en/data/data-products?product_service%5B0%5D=5934,outputs\full_universe_source_acquisition\raw\euronext_v2_15c\euronext_advanced_reference_data.html,25,data|euronext,excluded_no_relevant_market_data_marker,9,high_irrelevant,False
https://www.euronext.com/en/data/data-products?product_service%5B0%5D=5932&amp;product_service%5B1%5D=5941&amp;product_service%5B2%5D=5942&amp;combine=&amp;custom_action=/en/data/data-products,outputs\full_universe_source_acquisition\raw\euronext_v2_15c\euronext_advanced_reference_data.html,25,data|euronext,excluded_no_relevant_market_data_marker,9,high_irrelevant,False
https://www.euronext.com/en/products-services/mts-data,outputs\full_universe_source_acquisition\raw\euronext_v2_15c\euronext_advanced_reference_data.html,25,data|euronext,excluded_no_relevant_market_data_marker,9,high_irrelevant,False
https://www.euronext.com/en/data/data-products?product_service%5B0%5D=6004,outputs\full_universe_source_acquisition\raw\euronext_v2_15c\euronext_advanced_reference_data.html,25,data|euronext,excluded_no_relevant_market_data_marker,9,high_irrelevant,False
https://www.euronext.com/en/euronext-indices/index-data,outputs\full_universe_source_acquisition\raw\euronext_v2_15c\euronext_advanced_reference_data.html,25,data|euronext,excluded_no_relevant_market_data_marker,9,high_irrelevant,False
mailto:datasolutions@euronext.com,outputs\full_universe_source_acquisition\raw\euronext_v2_15c\euronext_advanced_reference_data.html,25,data|euronext,excluded_no_relevant_market_data_marker,9,high_irrelevant,False
https://connect2.euronext.com/en/data/client-specifications,outputs\full_universe_source_acquisition\raw\euronext_v2_15c\euronext_advanced_reference_data.html,25,data|euronext,excluded_no_relevant_market_data_marker,9,high_irrelevant,False
https://www.euronext.com/privacy-statement/data-subject-rights-request-information,outputs\full_universe_source_acquisition\raw\euronext_v2_15c\euronext_advanced_reference_data.html,25,data|euronext,excluded_no_relevant_market_data_marker,9,high_irrelevant,False
https://www.euronext.com/en/csd/copenhagen/career/data-protection-policy-for-applicants,outputs\full_universe_source_acquisition\raw\euronext_v2_15c\euronext_advanced_reference_data.html,25,data|euronext,excluded_no_relevant_market_data_marker,9,high_irrelevant,False
https://www.euronext.com/en/csd/copenhagen/legal-framework/personal-data-protection,outputs\full_universe_source_acquisition\raw\euronext_v2_15c\euronext_advanced_reference_data.html,25,data|euronext,excluded_no_relevant_market_data_marker,9,high_irrelevant,False
https://www.euronext.com/en/csd/milan/about-us/corporate-data-and-legal-info,outputs\full_universe_source_acquisition\raw\euronext_v2_15c\euronext_advanced_reference_data.html,25,data|euronext,excluded_no_relevant_market_data_marker,9,high_irrelevant,False
https://www.euronext.com/en/csd/milan/intermediaries/statistics-operational-data,outputs\full_universe_source_acquisition\raw\euronext_v2_15c\euronext_advanced_reference_data.html,25,data|euronext,excluded_no_relevant_market_data_marker,9,high_irrelevant,False
https://www.euronext.com/en/csd/milan/intermediaries/statistics-operational-data/settlement-efficiency,outputs\full_universe_source_acquisition\raw\euronext_v2_15c\euronext_advanced_reference_data.html,25,data|euronext,excluded_no_relevant_market_data_marker,9,high_irrelevant,False
https://www.euronext.com/en/csd/milan/intermediaries/statistics-operational-data/questionnaires,outputs\full_universe_source_acquisition\raw\euronext_v2_15c\euronext_advanced_reference_data.html,25,data|euronext,excluded_no_relevant_market_data_marker,9,high_irrelevant,False
https://www.euronext.com/en/csd/milan/intermediaries/statistics-operational-data/settlement-outcomes,outputs\full_universe_source_acquisition\raw\euronext_v2_15c\euronext_advanced_reference_data.html,25,data|euronext,excluded_no_relevant_market_data_marker,9,high_irrelevant,False
https://www.euronext.com/en/csd/milan/intermediaries/statistics-operational-data/t2s-collateral-eligible-securities,outputs\full_universe_source_acquisition\raw\euronext_v2_15c\euronext_advanced_reference_data.html,25,data|euronext,excluded_no_relevant_market_data_marker,9,high_irrelevant,False
https://www.euronext.com/en/csd/milan/intermediaries/statistics-operational-data/eurostat,outputs\full_universe_source_acquisition\raw\euronext_v2_15c\euronext_advanced_reference_data.html,25,data|euronext,excluded_no_relevant_market_data_marker,9,high_irrelevant,False
https://www.euronext.com/en/csd/milan/intermediaries/statistics-operational-data/istat,outputs\full_universe_source_acquisition\raw\euronext_v2_15c\euronext_advanced_reference_data.html,25,data|euronext,excluded_no_relevant_market_data_marker,9,high_irrelevant,False
https://www.euronext.com/en/csd/milan/intermediaries/statistics-operational-data/french-inflation,outputs\full_universe_source_acquisition\raw\euronext_v2_15c\euronext_advanced_reference_data.html,25,data|euronext,excluded_no_relevant_market_data_marker,9,high_irrelevant,False
https://www.euronext.com/en/csd/milan/intermediaries/statistics-operational-data/coupon-stripping,outputs\full_universe_source_acquisition\raw\euronext_v2_15c\euronext_advanced_reference_data.html,25,data|euronext,excluded_no_relevant_market_data_marker,9,high_irrelevant,False
https://api.mapbox.com/mapbox-gl-js/v0.53.0/mapbox-gl.js,outputs\full_universe_source_acquisition\raw\euronext_v2_15c\euronext_advanced_reference_data.html,25,api,excluded_external_asset_or_library,9,high_irrelevant,False
https://cdnjs.cloudflare.com/ajax/libs/svg4everybody/2.1.9/svg4everybody.legacy.min.js,outputs\full_universe_source_acquisition\raw\euronext_v2_15c\euronext_advanced_reference_data.html,25,ajax,excluded_external_asset_or_library,9,high_irrelevant,False
https://cdnjs.cloudflare.com/ajax/libs/moment.js/2.29.4/moment.min.js,outputs\full_universe_source_acquisition\raw\euronext_v2_15c\euronext_advanced_reference_data.html,25,ajax,excluded_external_asset_or_library,9,high_irrelevant,False
https://cdnjs.cloudflare.com/ajax/libs/bootstrap-datetimepicker/4.17.47/js/bootstrap-datetimepicker.min.js,outputs\full_universe_source_acquisition\raw\euronext_v2_15c\euronext_advanced_reference_data.html,25,ajax,excluded_external_asset_or_library,9,high_irrelevant,False
https://cdnjs.cloudflare.com/ajax/libs/select2/4.0.6-rc.0/js/select2.min.js,outputs\full_universe_source_acquisition\raw\euronext_v2_15c\euronext_advanced_reference_data.html,25,ajax,excluded_external_asset_or_library,9,high_irrelevant,False
https://cdnjs.cloudflare.com/ajax/libs/jquery.mask/1.14.10/jquery.mask.js,outputs\full_universe_source_acquisition\raw\euronext_v2_15c\euronext_advanced_reference_data.html,25,ajax,excluded_external_asset_or_library,9,high_irrelevant,False
https://cdnjs.cloudflare.com/ajax/libs/jquery.matchHeight/0.7.2/jquery.matchHeight-min.js,outputs\full_universe_source_acquisition\raw\euronext_v2_15c\euronext_advanced_reference_data.html,25,ajax,excluded_external_asset_or_library,9,high_irrelevant,False
https://cdnjs.cloudflare.com/ajax/libs/bootstrap-slider/10.4.0/bootstrap-slider.js,outputs\full_universe_source_acquisition\raw\euronext_v2_15c\euronext_advanced_reference_data.html,25,ajax,excluded_external_asset_or_library,9,high_irrelevant,False
https://cdnjs.cloudflare.com/ajax/libs/bootstrap-tagsinput/0.8.0/bootstrap-tagsinput.min.js,outputs\full_universe_source_acquisition\raw\euronext_v2_15c\euronext_advanced_reference_data.html,25,ajax,excluded_external_asset_or_library,9,high_irrelevant,False
https://cdnjs.cloudflare.com/ajax/libs/xlsx/0.14.3/xlsx.full.min.js,outputs\full_universe_source_acquisition\raw\euronext_v2_15c\euronext_advanced_reference_data.html,25,ajax,excluded_external_asset_or_library,9,high_irrelevant,False
https://cdnjs.cloudflare.com/ajax/libs/jszip/3.10.1/jszip.min.js,outputs\full_universe_source_acquisition\raw\euronext_v2_15c\euronext_advanced_reference_data.html,25,ajax,excluded_external_asset_or_library,9,high_irrelevant,False
https://live.euronext.com/en/ipo-showcase,outputs\full_universe_source_acquisition\raw\euronext_v2_15c\euronext_amsterdam_equities_list.html,25,euronext|live.euronext.com,excluded_marketing_or_corporate_page,9,high_irrelevant,False
https://live.euronext.com/en/markets/milan/ipos,outputs\full_universe_source_acquisition\raw\euronext_v2_15c\euronext_amsterdam_equities_list.html,25,euronext|live.euronext.com,excluded_marketing_or_corporate_page,9,high_irrelevant,False
https://www.amcharts.com/lib/3/amstock.js,outputs\full_universe_source_acquisition\raw\euronext_v2_15c\euronext_amsterdam_equities_list.html,25,stock,excluded_non_euronext_url,9,high_irrelevant,False
https://live.euronext.com/en/ipo-showcase/embention-sistemas-inteligentes-0,outputs\full_universe_source_acquisition\raw\euronext_v2_15c\euronext_live_equities_overview.html,25,euronext|live.euronext.com,excluded_marketing_or_corporate_page,9,high_irrelevant,False
https://live.euronext.com/en/ipo-showcase/polar-resources,outputs\full_universe_source_acquisition\raw\euronext_v2_15c\euronext_live_equities_overview.html,25,euronext|live.euronext.com,excluded_marketing_or_corporate_page,9,high_irrelevant,False
https://live.euronext.com/en/ipo-showcase/apex-critical-metals-corp,outputs\full_universe_source_acquisition\raw\euronext_v2_15c\euronext_live_equities_overview.html,25,euronext|live.euronext.com,excluded_marketing_or_corporate_page,9,high_irrelevant,False
https://live.euronext.com/en/ipo-showcase/eti,outputs\full_universe_source_acquisition\raw\euronext_v2_15c\euronext_live_equities_overview.html,25,euronext|live.euronext.com,excluded_marketing_or_corporate_page,9,high_irrelevant,False
https://live.euronext.com/en/ipo-showcase/pelican-aqua-holding,outputs\full_universe_source_acquisition\raw\euronext_v2_15c\euronext_live_equities_overview.html,25,euronext|live.euronext.com,excluded_marketing_or_corporate_page,9,high_irrelevant,False
https://live.euronext.com/en/news/index-rebalancing-and-auction-imbalance-keen-find-balance,outputs\full_universe_source_acquisition\raw\euronext_v2_15c\euronext_live_equities_overview.html,25,euronext|live.euronext.com,excluded_marketing_or_corporate_page,9,high_irrelevant,False
mailto: es.datasales@euronext.com,outputs\full_universe_source_acquisition\raw\euronext_v2_15c\euronext_static_reference_data.html,25,data|euronext,excluded_no_relevant_market_data_marker,9,high_irrelevant,False
//api.mapbox.com/mapbox-gl-js/v0.53.0/mapbox-gl.js,(v2.15C_discovered_links_manifest),25,api,excluded_external_asset_or_library,9,high_irrelevant,False
//cdnjs.cloudflare.com/ajax/libs/svg4everybody/2.1.9/svg4everybody.legacy.min.js,(v2.15C_discovered_links_manifest),25,ajax,excluded_external_asset_or_library,9,high_irrelevant,False
//cdnjs.cloudflare.com/ajax/libs/moment.js/2.29.4/moment.min.js,(v2.15C_discovered_links_manifest),25,ajax,excluded_external_asset_or_library,9,high_irrelevant,False
//cdnjs.cloudflare.com/ajax/libs/bootstrap-datetimepicker/4.17.47/js/bootstrap-datetimepicker.min.js,(v2.15C_discovered_links_manifest),25,ajax,excluded_external_asset_or_library,9,high_irrelevant,False
//cdnjs.cloudflare.com/ajax/libs/select2/4.0.6-rc.0/js/select2.min.js,(v2.15C_discovered_links_manifest),25,ajax,excluded_external_asset_or_library,9,high_irrelevant,False
//cdnjs.cloudflare.com/ajax/libs/jquery.mask/1.14.10/jquery.mask.js,(v2.15C_discovered_links_manifest),25,ajax,excluded_external_asset_or_library,9,high_irrelevant,False
//www.amcharts.com/lib/3/amstock.js,(v2.15C_discovered_links_manifest),25,stock,excluded_non_euronext_url,9,high_irrelevant,False
//cdnjs.cloudflare.com/ajax/libs/jquery.matchHeight/0.7.2/jquery.matchHeight-min.js,(v2.15C_discovered_links_manifest),25,ajax,excluded_external_asset_or_library,9,high_irrelevant,False
//cdnjs.cloudflare.com/ajax/libs/bootstrap-slider/10.4.0/bootstrap-slider.js,(v2.15C_discovered_links_manifest),25,ajax,excluded_external_asset_or_library,9,high_irrelevant,False
//cdnjs.cloudflare.com/ajax/libs/bootstrap-tagsinput/0.8.0/bootstrap-tagsinput.min.js,(v2.15C_discovered_links_manifest),25,ajax,excluded_external_asset_or_library,9,high_irrelevant,False
//cdnjs.cloudflare.com/ajax/libs/xlsx/0.14.3/xlsx.full.min.js,(v2.15C_discovered_links_manifest),25,ajax,excluded_external_asset_or_library,9,high_irrelevant,False
//cdnjs.cloudflare.com/ajax/libs/jszip/3.10.1/jszip.min.js,(v2.15C_discovered_links_manifest),25,ajax,excluded_external_asset_or_library,9,high_irrelevant,False
/en/news/what-is-a-stock,(v2.15C_discovered_links_manifest),25,stock,excluded_marketing_or_corporate_page,9,high_irrelevant,False
/en/news/vincent-boquillon-and-nathalie-ruiz-sat-down-trade-discuss-equity-market-innovation,(v2.15C_discovered_links_manifest),25,equity,excluded_marketing_or_corporate_page,9,high_irrelevant,False
/en/news/strength-made-italy-equity-trading,(v2.15C_discovered_links_manifest),25,equity,excluded_marketing_or_corporate_page,9,high_irrelevant,False
/en/listing/raise-capital/why-go-public,(v2.15C_discovered_links_manifest),25,api,excluded_marketing_or_corporate_page,9,high_irrelevant,False
/en/listing/raise-capital/how-go-public,(v2.15C_discovered_links_manifest),25,api,excluded_marketing_or_corporate_page,9,high_irrelevant,False
/en/listing/raise-capital/ipoready,(v2.15C_discovered_links_manifest),25,api,excluded_marketing_or_corporate_page,9,high_irrelevant,False
/en/listing/raise-capital/life-listed-company,(v2.15C_discovered_links_manifest),25,api,excluded_marketing_or_corporate_page,9,high_irrelevant,False
/en/listing/raise-capital/sector-focused-listing-solutions,(v2.15C_discovered_links_manifest),25,api,excluded_marketing_or_corporate_page,9,high_irrelevant,False
/en/listing/raise-capital/international-listings,(v2.15C_discovered_links_manifest),25,api,excluded_marketing_or_corporate_page,9,high_irrelevant,False
/en/listing/raise-capital/sector-focused-listing-solutions/aerospace-and-defence,(v2.15C_discovered_links_manifest),25,api,excluded_marketing_or_corporate_page,9,high_irrelevant,False
/en/news/index-themes-shaping-2026-and-beyond,(v2.15C_discovered_links_manifest),25,api,excluded_marketing_or_corporate_page,9,high_irrelevant,False
/en/investor-relations/capital-and-shareholding,(v2.15C_discovered_links_manifest),25,api,excluded_marketing_or_corporate_page,9,high_irrelevant,False
/en/products-services/euronext-real-time-data,(v2.15C_discovered_links_manifest),20,data|euronext,excluded_no_relevant_market_data_marker,9,high_irrelevant,False
/en/euronext-indices/index-data,(v2.15C_discovered_links_manifest),20,data|euronext,excluded_no_relevant_market_data_marker,9,high_irrelevant,False
https://www.euronext.com/en/investor-relations,outputs\full_universe_source_acquisition\raw\euronext_v2_15c\euronext_advanced_reference_data.html,15,euronext,excluded_no_relevant_market_data_marker,9,high_irrelevant,False
https://www.euronext.com/en/about/media-centre,outputs\full_universe_source_acquisition\raw\euronext_v2_15c\euronext_advanced_reference_data.html,15,euronext,excluded_marketing_or_corporate_page,9,high_irrelevant,False
https://www.euronext.com/en/about/careers,outputs\full_universe_source_acquisition\raw\euronext_v2_15c\euronext_advanced_reference_data.html,15,euronext,excluded_marketing_or_corporate_page,9,high_irrelevant,False
https://connect2.euronext.com,outputs\full_universe_source_acquisition\raw\euronext_v2_15c\euronext_advanced_reference_data.html,15,euronext,excluded_no_relevant_market_data_marker,9,high_irrelevant,False
https://www.euronext.com/en,outputs\full_universe_source_acquisition\raw\euronext_v2_15c\euronext_advanced_reference_data.html,15,euronext,excluded_no_relevant_market_data_marker,9,high_irrelevant,False
https://www.euronext.com/en/listing,outputs\full_universe_source_acquisition\raw\euronext_v2_15c\euronext_advanced_reference_data.html,15,euronext,excluded_no_relevant_market_data_marker,9,high_irrelevant,False
https://www.euronext.com/en/listing/bonds,outputs\full_universe_source_acquisition\raw\euronext_v2_15c\euronext_advanced_reference_data.html,15,euronext,excluded_no_relevant_market_data_marker,9,high_irrelevant,False
https://www.euronext.com/en/listing/bonds/bond-financing,outputs\full_universe_source_acquisition\raw\euronext_v2_15c\euronext_advanced_reference_data.html,15,euronext,excluded_no_relevant_market_data_marker,9,high_irrelevant,False
https://www.euronext.com/en/listing/bonds/listing-process,outputs\full_universe_source_acquisition\raw\euronext_v2_15c\euronext_advanced_reference_data.html,15,euronext,excluded_no_relevant_market_data_marker,9,high_irrelevant,False
https://www.euronext.com/en/listing/bonds/bond-types/asset-backed-securities,outputs\full_universe_source_acquisition\raw\euronext_v2_15c\euronext_advanced_reference_data.html,15,euronext,excluded_no_relevant_market_data_marker,9,high_irrelevant,False
https://www.euronext.com/en/listing/bonds/debt-listing-newsletter,outputs\full_universe_source_acquisition\raw\euronext_v2_15c\euronext_advanced_reference_data.html,15,euronext,excluded_no_relevant_market_data_marker,9,high_irrelevant,False
https://www.euronext.com/en/listing/etfs,outputs\full_universe_source_acquisition\raw\euronext_v2_15c\euronext_advanced_reference_data.html,15,euronext,excluded_no_relevant_market_data_marker,9,high_irrelevant,False
https://www.euronext.com/en/listing/etfs/how-list-etfs-euronext-dublin,outputs\full_universe_source_acquisition\raw\euronext_v2_15c\euronext_advanced_reference_data.html,15,euronext,excluded_no_relevant_market_data_marker,9,high_irrelevant,False
https://www.euronext.com/en/listing/etfs/listing-process,outputs\full_universe_source_acquisition\raw\euronext_v2_15c\euronext_advanced_reference_data.html,15,euronext,excluded_no_relevant_market_data_marker,9,high_irrelevant,False
https://www.euronext.com/en/listing/funds,outputs\full_universe_source_acquisition\raw\euronext_v2_15c\euronext_advanced_reference_data.html,15,euronext,excluded_no_relevant_market_data_marker,9,high_irrelevant,False
https://www.euronext.com/en/list-products/funds/list-investment-funds-euronext-amsterdam,outputs\full_universe_source_acquisition\raw\euronext_v2_15c\euronext_advanced_reference_data.html,15,euronext,excluded_no_relevant_market_data_marker,9,high_irrelevant,False
https://www.euronext.com/en/listing/funds/list-investment-funds-euronext-dublin,outputs\full_universe_source_acquisition\raw\euronext_v2_15c\euronext_advanced_reference_data.html,15,euronext,excluded_no_relevant_market_data_marker,9,high_irrelevant,False
https://www.euronext.com/en/listing/warrants-certificates,outputs\full_universe_source_acquisition\raw\euronext_v2_15c\euronext_advanced_reference_data.html,15,euronext,excluded_no_relevant_market_data_marker,9,high_irrelevant,False
https://www.euronext.com/en/listing/structured-notes,outputs\full_universe_source_acquisition\raw\euronext_v2_15c\euronext_advanced_reference_data.html,15,euronext,excluded_no_relevant_market_data_marker,9,high_irrelevant,False
https://www.euronext.com/en/listing/esg-for-issuers,outputs\full_universe_source_acquisition\raw\euronext_v2_15c\euronext_advanced_reference_data.html,15,euronext,excluded_no_relevant_market_data_marker,9,high_irrelevant,False
https://www.euronext.com/en/listing/esg-for-issuers/my-esg-profile,outputs\full_universe_source_acquisition\raw\euronext_v2_15c\euronext_advanced_reference_data.html,15,euronext,excluded_no_relevant_market_data_marker,9,high_irrelevant,False
https://www.euronext.com/en/listing/esg-for-issuers/esg-bonds,outputs\full_universe_source_acquisition\raw\euronext_v2_15c\euronext_advanced_reference_data.html,15,euronext,excluded_no_relevant_market_data_marker,9,high_irrelevant,False
https://www.euronext.com/en/listing/esg-for-issuers/esg-bond-barometer,outputs\full_universe_source_acquisition\raw\euronext_v2_15c\euronext_advanced_reference_data.html,15,euronext,excluded_no_relevant_market_data_marker,9,high_irrelevant,False
https://www.euronext.com/en/trading,outputs\full_universe_source_acquisition\raw\euronext_v2_15c\euronext_advanced_reference_data.html,15,euronext,excluded_no_relevant_market_data_marker,9,high_irrelevant,False
https://www.euronext.com/en/trading/membership,outputs\full_universe_source_acquisition\raw\euronext_v2_15c\euronext_advanced_reference_data.html,15,euronext,excluded_no_relevant_market_data_marker,9,high_irrelevant,False
https://www.euronext.com/en/trading/membership/admission-process-and-application,outputs\full_universe_source_acquisition\raw\euronext_v2_15c\euronext_advanced_reference_data.html,15,euronext,excluded_no_relevant_market_data_marker,9,high_irrelevant,False
https://www.euronext.com/en/trading/membership/regulatory-framework,outputs\full_universe_source_acquisition\raw\euronext_v2_15c\euronext_advanced_reference_data.html,15,euronext,excluded_no_relevant_market_data_marker,9,high_irrelevant,False
https://www.euronext.com/en/trading/membership/liquidity-provision,outputs\full_universe_source_acquisition\raw\euronext_v2_15c\euronext_advanced_reference_data.html,15,euronext,excluded_no_relevant_market_data_marker,9,high_irrelevant,False
https://www.euronext.com/en/trading/trading-hours-holidays,outputs\full_universe_source_acquisition\raw\euronext_v2_15c\euronext_advanced_reference_data.html,15,euronext,excluded_no_relevant_market_data_marker,9,high_irrelevant,False
https://www.euronext.com/en/trading/fees-charges,outputs\full_universe_source_acquisition\raw\euronext_v2_15c\euronext_advanced_reference_data.html,15,euronext,excluded_no_relevant_market_data_marker,9,high_irrelevant,False
https://www.euronext.com/en/trading/market-quality,outputs\full_universe_source_acquisition\raw\euronext_v2_15c\euronext_advanced_reference_data.html,15,euronext,excluded_no_relevant_market_data_marker,9,high_irrelevant,False
https://www.euronext.com/en/trading/market-quality/research-studies,outputs\full_universe_source_acquisition\raw\euronext_v2_15c\euronext_advanced_reference_data.html,15,euronext,excluded_no_relevant_market_data_marker,9,high_irrelevant,False
https://www.euronext.com/en/trading/access-software,outputs\full_universe_source_acquisition\raw\euronext_v2_15c\euronext_advanced_reference_data.html,15,euronext,excluded_no_relevant_market_data_marker,9,high_irrelevant,False
https://www.euronext.com/en/trading/access-software/trading-platform,outputs\full_universe_source_acquisition\raw\euronext_v2_15c\euronext_advanced_reference_data.html,15,euronext,excluded_no_relevant_market_data_marker,9,high_irrelevant,False
https://www.euronext.com/en/trading/access-software/euronext-market-services,outputs\full_universe_source_acquisition\raw\euronext_v2_15c\euronext_advanced_reference_data.html,15,euronext,excluded_no_relevant_market_data_marker,9,high_irrelevant,False
https://www.euronext.com/en/trading/trading-services,outputs\full_universe_source_acquisition\raw\euronext_v2_15c\euronext_advanced_reference_data.html,15,euronext,excluded_no_relevant_market_data_marker,9,high_irrelevant,False
https://www.euronext.com/en/trading/trading-services/auction-volume-discovery-avd,outputs\full_universe_source_acquisition\raw\euronext_v2_15c\euronext_advanced_reference_data.html,15,euronext,excluded_no_relevant_market_data_marker,9,high_irrelevant,False
https://www.euronext.com/en/trading/trading-services/best-book,outputs\full_universe_source_acquisition\raw\euronext_v2_15c\euronext_advanced_reference_data.html,15,euronext,excluded_no_relevant_market_data_marker,9,high_irrelevant,False
https://www.euronext.com/en/trading/trading-services/dark-trading,outputs\full_universe_source_acquisition\raw\euronext_v2_15c\euronext_advanced_reference_data.html,15,euronext,excluded_no_relevant_market_data_marker,9,high_irrelevant,False
https://www.euronext.com/en/trading/trading-services/riskguard,outputs\full_universe_source_acquisition\raw\euronext_v2_15c\euronext_advanced_reference_data.html,15,euronext,excluded_no_relevant_market_data_marker,9,high_irrelevant,False
https://www.euronext.com/en/trading/esg-trading,outputs\full_universe_source_acquisition\raw\euronext_v2_15c\euronext_advanced_reference_data.html,15,euronext,excluded_no_relevant_market_data_marker,9,high_irrelevant,False
https://www.euronext.com/en/trading/esg-trading/esg-profiles,outputs\full_universe_source_acquisition\raw\euronext_v2_15c\euronext_advanced_reference_data.html,15,euronext,excluded_no_relevant_market_data_marker,9,high_irrelevant,False
https://www.euronext.com/en/trading/esg-trading/esg-indices,outputs\full_universe_source_acquisition\raw\euronext_v2_15c\euronext_advanced_reference_data.html,15,euronext,excluded_no_relevant_market_data_marker,9,high_irrelevant,False
https://www.euronext.com/en/trading/esg-trading/esg-funds,outputs\full_universe_source_acquisition\raw\euronext_v2_15c\euronext_advanced_reference_data.html,15,euronext,excluded_no_relevant_market_data_marker,9,high_irrelevant,False
https://www.euronext.com/en/trading/esg-trading/esg-derivatives,outputs\full_universe_source_acquisition\raw\euronext_v2_15c\euronext_advanced_reference_data.html,15,euronext,excluded_no_relevant_market_data_marker,9,high_irrelevant,False
https://www.euronext.com/en/trade/london,outputs\full_universe_source_acquisition\raw\euronext_v2_15c\euronext_advanced_reference_data.html,15,euronext,excluded_no_relevant_market_data_marker,9,high_irrelevant,False
https://www.euronext.com/en/clearing,outputs\full_universe_source_acquisition\raw\euronext_v2_15c\euronext_advanced_reference_data.html,15,euronext,excluded_no_relevant_market_data_marker,9,high_irrelevant,False
https://www.euronext.com/en/clearing/repo-clearing,outputs\full_universe_source_acquisition\raw\euronext_v2_15c\euronext_advanced_reference_data.html,15,euronext,excluded_no_relevant_market_data_marker,9,high_irrelevant,False
https://www.euronext.com/en/clearing/about,outputs\full_universe_source_acquisition\raw\euronext_v2_15c\euronext_advanced_reference_data.html,15,euronext,excluded_no_relevant_market_data_marker,9,high_irrelevant,False
https://www.euronext.com/en/clearing/about/clearing-services,outputs\full_universe_source_acquisition\raw\euronext_v2_15c\euronext_advanced_reference_data.html,15,euronext,excluded_marketing_or_corporate_page,9,high_irrelevant,False
https://www.euronext.com/en/clearing/about/governance,outputs\full_universe_source_acquisition\raw\euronext_v2_15c\euronext_advanced_reference_data.html,15,euronext,excluded_marketing_or_corporate_page,9,high_irrelevant,False
https://www.euronext.com/en/clearing/about/annual-reports-financial-statements,outputs\full_universe_source_acquisition\raw\euronext_v2_15c\euronext_advanced_reference_data.html,15,euronext,excluded_marketing_or_corporate_page,9,high_irrelevant,False
https://www.euronext.com/en/clearing/about/statistics,outputs\full_universe_source_acquisition\raw\euronext_v2_15c\euronext_advanced_reference_data.html,15,euronext,excluded_marketing_or_corporate_page,9,high_irrelevant,False
https://www.euronext.com/en/clearing/about/due-diligence-faq,outputs\full_universe_source_acquisition\raw\euronext_v2_15c\euronext_advanced_reference_data.html,15,euronext,excluded_marketing_or_corporate_page,9,high_irrelevant,False
https://www.euronext.com/en/clearing/operations,outputs\full_universe_source_acquisition\raw\euronext_v2_15c\euronext_advanced_reference_data.html,15,euronext,excluded_no_relevant_market_data_marker,9,high_irrelevant,False
https://www.euronext.com/en/clearing/operations/physical-delivery-commodities,outputs\full_universe_source_acquisition\raw\euronext_v2_15c\euronext_advanced_reference_data.html,15,euronext,excluded_no_relevant_market_data_marker,9,high_irrelevant,False
https://www.euronext.com/en/clearing/it-infrastructure,outputs\full_universe_source_acquisition\raw\euronext_v2_15c\euronext_advanced_reference_data.html,15,euronext,excluded_no_relevant_market_data_marker,9,high_irrelevant,False
https://www.euronext.com/en/clearing/it-infrastructure/bcs-bit-clearing-station,outputs\full_universe_source_acquisition\raw\euronext_v2_15c\euronext_advanced_reference_data.html,15,euronext,excluded_no_relevant_market_data_marker,9,high_irrelevant,False
https://www.euronext.com/en/clearing/it-infrastructure/icws-internet-clearing-workstation,outputs\full_universe_source_acquisition\raw\euronext_v2_15c\euronext_advanced_reference_data.html,15,euronext,excluded_no_relevant_market_data_marker,9,high_irrelevant,False
https://www.euronext.com/en/clearing/it-infrastructure/iso-certification,outputs\full_universe_source_acquisition\raw\euronext_v2_15c\euronext_advanced_reference_data.html,15,euronext,excluded_no_relevant_market_data_marker,9,high_irrelevant,False
https://www.euronext.com/en/clearing/it-infrastructure/business-continuity-plan,outputs\full_universe_source_acquisition\raw\euronext_v2_15c\euronext_advanced_reference_data.html,15,euronext,excluded_no_relevant_market_data_marker,9,high_irrelevant,False
https://www.euronext.com/en/clearing/risk-management,outputs\full_universe_source_acquisition\raw\euronext_v2_15c\euronext_advanced_reference_data.html,15,euronext,excluded_no_relevant_market_data_marker,9,high_irrelevant,False
https://www.euronext.com/en/clearing/risk-management/methodologies,outputs\full_universe_source_acquisition\raw\euronext_v2_15c\euronext_advanced_reference_data.html,15,euronext,excluded_no_relevant_market_data_marker,9,high_irrelevant,False
https://www.euronext.com/en/clearing/risk-management/parameters,outputs\full_universe_source_acquisition\raw\euronext_v2_15c\euronext_advanced_reference_data.html,15,euronext,excluded_no_relevant_market_data_marker,9,high_irrelevant,False
https://www.euronext.com/en/clearing/risk-management/risk-disclosure,outputs\full_universe_source_acquisition\raw\euronext_v2_15c\euronext_advanced_reference_data.html,15,euronext,excluded_no_relevant_market_data_marker,9,high_irrelevant,False
https://www.euronext.com/en/clearing/risk-management/risk-array,outputs\full_universe_source_acquisition\raw\euronext_v2_15c\euronext_advanced_reference_data.html,15,euronext,excluded_no_relevant_market_data_marker,9,high_irrelevant,False
https://www.euronext.com/en/clearing/risk-management/investment-policy,outputs\full_universe_source_acquisition\raw\euronext_v2_15c\euronext_advanced_reference_data.html,15,euronext,excluded_no_relevant_market_data_marker,9,high_irrelevant,False
https://www.euronext.com/en/clearing/risk-management/model-validation,outputs\full_universe_source_acquisition\raw\euronext_v2_15c\euronext_advanced_reference_data.html,15,euronext,excluded_no_relevant_market_data_marker,9,high_irrelevant,False
https://www.euronext.com/en/clearing/risk-management/operational-risk,outputs\full_universe_source_acquisition\raw\euronext_v2_15c\euronext_advanced_reference_data.html,15,euronext,excluded_no_relevant_market_data_marker,9,high_irrelevant,False
https://www.euronext.com/en/clearing/risk-management/basel-iii-reporting,outputs\full_universe_source_acquisition\raw\euronext_v2_15c\euronext_advanced_reference_data.html,15,euronext,excluded_no_relevant_market_data_marker,9,high_irrelevant,False
https://www.euronext.com/en/clearing/clearsim,outputs\full_universe_source_acquisition\raw\euronext_v2_15c\euronext_advanced_reference_data.html,15,euronext,excluded_no_relevant_market_data_marker,9,high_irrelevant,False
https://www.euronext.com/en/clearing/membership,outputs\full_universe_source_acquisition\raw\euronext_v2_15c\euronext_advanced_reference_data.html,15,euronext,excluded_no_relevant_market_data_marker,9,high_irrelevant,False
https://www.euronext.com/en/clearing/membership/myeuronext-clearing-membership-application,outputs\full_universe_source_acquisition\raw\euronext_v2_15c\euronext_advanced_reference_data.html,15,euronext,excluded_no_relevant_market_data_marker,9,high_irrelevant,False
https://www.euronext.com/en/clearing/rules-and-regulations,outputs\full_universe_source_acquisition\raw\euronext_v2_15c\euronext_advanced_reference_data.html,15,euronext,excluded_no_relevant_market_data_marker,9,high_irrelevant,False
https://www.euronext.com/en/clearing/notices,outputs\full_universe_source_acquisition\raw\euronext_v2_15c\euronext_advanced_reference_data.html,15,euronext,excluded_no_relevant_market_data_marker,9,high_irrelevant,False
https://www.euronext.com/en/clearing/news,outputs\full_universe_source_acquisition\raw\euronext_v2_15c\euronext_advanced_reference_data.html,15,euronext,excluded_no_relevant_market_data_marker,9,high_irrelevant,False
https://www.euronext.com/en/clearing/contact-us,outputs\full_universe_source_acquisition\raw\euronext_v2_15c\euronext_advanced_reference_data.html,15,euronext,excluded_no_relevant_market_data_marker,9,high_irrelevant,False
https://www.euronext.com/en/csd,outputs\full_universe_source_acquisition\raw\euronext_v2_15c\euronext_advanced_reference_data.html,15,euronext,excluded_no_relevant_market_data_marker,9,high_irrelevant,False
https://www.euronext.com/en/csd/strategic-projects,outputs\full_universe_source_acquisition\raw\euronext_v2_15c\euronext_advanced_reference_data.html,15,euronext,excluded_no_relevant_market_data_marker,9,high_irrelevant,False
https://www.euronext.com/en/csd/strategic-projects/european-offering,outputs\full_universe_source_acquisition\raw\euronext_v2_15c\euronext_advanced_reference_data.html,15,euronext,excluded_no_relevant_market_data_marker,9,high_irrelevant,False
https://www.euronext.com/en/csd/strategic-projects/convergence-programme,outputs\full_universe_source_acquisition\raw\euronext_v2_15c\euronext_advanced_reference_data.html,15,euronext,excluded_no_relevant_market_data_marker,9,high_irrelevant,False
https://www.euronext.com/en/csd/strategic-projects/corporate-events-service,outputs\full_universe_source_acquisition\raw\euronext_v2_15c\euronext_advanced_reference_data.html,15,euronext,excluded_no_relevant_market_data_marker,9,high_irrelevant,False
https://www.euronext.com/en/csd/about-euronext-securities,outputs\full_universe_source_acquisition\raw\euronext_v2_15c\euronext_advanced_reference_data.html,15,euronext,excluded_no_relevant_market_data_marker,9,high_irrelevant,False
https://www.euronext.com/en/csd/about/governance,outputs\full_universe_source_acquisition\raw\euronext_v2_15c\euronext_advanced_reference_data.html,15,euronext,excluded_marketing_or_corporate_page,9,high_irrelevant,False
https://www.euronext.com/en/csd/about/key-figures-and-statistics,outputs\full_universe_source_acquisition\raw\euronext_v2_15c\euronext_advanced_reference_data.html,15,euronext,excluded_marketing_or_corporate_page,9,high_irrelevant,False
https://www.euronext.com/en/csd/about/euronext-securities-news,outputs\full_universe_source_acquisition\raw\euronext_v2_15c\euronext_advanced_reference_data.html,15,euronext,excluded_marketing_or_corporate_page,9,high_irrelevant,False
https://www.euronext.com/en/csd/about/careers,outputs\full_universe_source_acquisition\raw\euronext_v2_15c\euronext_advanced_reference_data.html,15,euronext,excluded_marketing_or_corporate_page,9,high_irrelevant,False
https://www.euronext.com/en/csd/about/contacts,outputs\full_universe_source_acquisition\raw\euronext_v2_15c\euronext_advanced_reference_data.html,15,euronext,excluded_marketing_or_corporate_page,9,high_irrelevant,False
https://www.euronext.com/en/csd/regulatory-environment,outputs\full_universe_source_acquisition\raw\euronext_v2_15c\euronext_advanced_reference_data.html,15,euronext,excluded_no_relevant_market_data_marker,9,high_irrelevant,False
https://www.euronext.com/en/csd/regulatory-environment/csdr,outputs\full_universe_source_acquisition\raw\euronext_v2_15c\euronext_advanced_reference_data.html,15,euronext,excluded_no_relevant_market_data_marker,9,high_irrelevant,False
https://www.euronext.com/en/csd/regulatory-environment/shareholder-rights-directive-ii,outputs\full_universe_source_acquisition\raw\euronext_v2_15c\euronext_advanced_reference_data.html,15,euronext,excluded_no_relevant_market_data_marker,9,high_irrelevant,False
https://www.euronext.com/en/csd/regulatory-environment/collateral-management-harmonisation,outputs\full_universe_source_acquisition\raw\euronext_v2_15c\euronext_advanced_reference_data.html,15,euronext,excluded_no_relevant_market_data_marker,9,high_irrelevant,False
https://www.euronext.com/en/csd/products-services,outputs\full_universe_source_acquisition\raw\euronext_v2_15c\euronext_advanced_reference_data.html,15,euronext,excluded_no_relevant_market_data_marker,9,high_irrelevant,False
https://www.euronext.com/en/csd/products-services/issuing-agent-services,outputs\full_universe_source_acquisition\raw\euronext_v2_15c\euronext_advanced_reference_data.html,15,euronext,excluded_no_relevant_market_data_marker,9,high_irrelevant,False
https://www.euronext.com/en/csd/products-services/safekeeping-custody-and-asset-services,outputs\full_universe_source_acquisition\raw\euronext_v2_15c\euronext_advanced_reference_data.html,15,euronext,excluded_no_relevant_market_data_marker,9,high_irrelevant,False
https://www.euronext.com/en/csd/products-services/settlement-client-connectivity-services,outputs\full_universe_source_acquisition\raw\euronext_v2_15c\euronext_advanced_reference_data.html,15,euronext,excluded_no_relevant_market_data_marker,9,high_irrelevant,False
https://www.euronext.com/en/csd/products-services/register-and-meeting-services,outputs\full_universe_source_acquisition\raw\euronext_v2_15c\euronext_advanced_reference_data.html,15,euronext,excluded_no_relevant_market_data_marker,9,high_irrelevant,False
https://www.euronext.com/en/csd/products-services/issuance-services,outputs\full_universe_source_acquisition\raw\euronext_v2_15c\euronext_advanced_reference_data.html,15,euronext,excluded_no_relevant_market_data_marker,9,high_irrelevant,False
https://www.euronext.com/en/csd/products-services/tax-services,outputs\full_universe_source_acquisition\raw\euronext_v2_15c\euronext_advanced_reference_data.html,15,euronext,excluded_no_relevant_market_data_marker,9,high_irrelevant,False
https://www.euronext.com/en/csd/athens,outputs\full_universe_source_acquisition\raw\euronext_v2_15c\euronext_advanced_reference_data.html,15,euronext,excluded_no_relevant_market_data_marker,9,high_irrelevant,False
https://www.euronext.com/en/csd/copenhagen,outputs\full_universe_source_acquisition\raw\euronext_v2_15c\euronext_advanced_reference_data.html,15,euronext,excluded_no_relevant_market_data_marker,9,high_irrelevant,False
https://www.euronext.com/en/csd/copenhagen/issuance,outputs\full_universe_source_acquisition\raw\euronext_v2_15c\euronext_advanced_reference_data.html,15,euronext,excluded_no_relevant_market_data_marker,9,high_irrelevant,False
https://www.euronext.com/en/csd/copenhagen/post-trade-services,outputs\full_universe_source_acquisition\raw\euronext_v2_15c\euronext_advanced_reference_data.html,15,euronext,excluded_no_relevant_market_data_marker,9,high_irrelevant,False
https://www.euronext.com/en/csd/copenhagen/investor-services,outputs\full_universe_source_acquisition\raw\euronext_v2_15c\euronext_advanced_reference_data.html,15,euronext,excluded_no_relevant_market_data_marker,9,high_irrelevant,False
https://www.euronext.com/en/csd/copenhagen/ancillary-services,outputs\full_universe_source_acquisition\raw\euronext_v2_15c\euronext_advanced_reference_data.html,15,euronext,excluded_no_relevant_market_data_marker,9,high_irrelevant,False
https://www.euronext.com/en/csd/copenhagen/news-insights,outputs\full_universe_source_acquisition\raw\euronext_v2_15c\euronext_advanced_reference_data.html,15,euronext,excluded_no_relevant_market_data_marker,9,high_irrelevant,False
https://www.euronext.com/en/csd/copenhagen/who-we-are,outputs\full_universe_source_acquisition\raw\euronext_v2_15c\euronext_advanced_reference_data.html,15,euronext,excluded_no_relevant_market_data_marker,9,high_irrelevant,False
https://www.euronext.com/en/csd/copenhagen/career,outputs\full_universe_source_acquisition\raw\euronext_v2_15c\euronext_advanced_reference_data.html,15,euronext,excluded_no_relevant_market_data_marker,9,high_irrelevant,False
https://www.euronext.com/en/csd/copenhagen/corporate-governance,outputs\full_universe_source_acquisition\raw\euronext_v2_15c\euronext_advanced_reference_data.html,15,euronext,excluded_no_relevant_market_data_marker,9,high_irrelevant,False
https://www.euronext.com/en/csd/copenhagen/legal-framework,outputs\full_universe_source_acquisition\raw\euronext_v2_15c\euronext_advanced_reference_data.html,15,euronext,excluded_no_relevant_market_data_marker,9,high_irrelevant,False
https://www.euronext.com/en/csd/copenhagen/investor-services/current-agms,outputs\full_universe_source_acquisition\raw\euronext_v2_15c\euronext_advanced_reference_data.html,15,euronext,excluded_no_relevant_market_data_marker,9,high_irrelevant,False
https://www.euronext.com/en/csd/copenhagen/contact-euronext-securities-copenhagen,outputs\full_universe_source_acquisition\raw\euronext_v2_15c\euronext_advanced_reference_data.html,15,euronext,excluded_no_relevant_market_data_marker,9,high_irrelevant,False
https://www.euronext.com/en/csd/milan,outputs\full_universe_source_acquisition\raw\euronext_v2_15c\euronext_advanced_reference_data.html,15,euronext,excluded_no_relevant_market_data_marker,9,high_irrelevant,False
https://www.euronext.com/en/csd/milan/about-us,outputs\full_universe_source_acquisition\raw\euronext_v2_15c\euronext_advanced_reference_data.html,15,euronext,excluded_no_relevant_market_data_marker,9,high_irrelevant,False
https://www.euronext.com/en/csd/milan/regulatory-landscape,outputs\full_universe_source_acquisition\raw\euronext_v2_15c\euronext_advanced_reference_data.html,15,euronext,excluded_no_relevant_market_data_marker,9,high_irrelevant,False
https://www.euronext.com/en/csd/milan/intermediaries,outputs\full_universe_source_acquisition\raw\euronext_v2_15c\euronext_advanced_reference_data.html,15,euronext,excluded_no_relevant_market_data_marker,9,high_irrelevant,False
https://www.euronext.com/en/csd/milan/issuers,outputs\full_universe_source_acquisition\raw\euronext_v2_15c\euronext_advanced_reference_data.html,15,euronext,excluded_no_relevant_market_data_marker,9,high_irrelevant,False
https://www.euronext.com/en/csd/milan/membership,outputs\full_universe_source_acquisition\raw\euronext_v2_15c\euronext_advanced_reference_data.html,15,euronext,excluded_no_relevant_market_data_marker,9,high_irrelevant,False
https://www.euronext.com/en/csd/milan/news-initiatives,outputs\full_universe_source_acquisition\raw\euronext_v2_15c\euronext_advanced_reference_data.html,15,euronext,excluded_no_relevant_market_data_marker,9,high_irrelevant,False
https://www.euronext.com/en/csd/milan/contacts,outputs\full_universe_source_acquisition\raw\euronext_v2_15c\euronext_advanced_reference_data.html,15,euronext,excluded_no_relevant_market_data_marker,9,high_irrelevant,False
https://www.euronext.com/en/csd/oslo,outputs\full_universe_source_acquisition\raw\euronext_v2_15c\euronext_advanced_reference_data.html,15,euronext,excluded_no_relevant_market_data_marker,9,high_irrelevant,False
https://www.euronext.com/en/csd/oslo/login,outputs\full_universe_source_acquisition\raw\euronext_v2_15c\euronext_advanced_reference_data.html,15,euronext,excluded_no_relevant_market_data_marker,9,high_irrelevant,False
https://www.euronext.com/en/csd/oslo/debt-funds-and-etps,outputs\full_universe_source_acquisition\raw\euronext_v2_15c\euronext_advanced_reference_data.html,15,euronext,excluded_no_relevant_market_data_marker,9,high_irrelevant,False
https://www.euronext.com/en/csd/oslo/settlement,outputs\full_universe_source_acquisition\raw\euronext_v2_15c\euronext_advanced_reference_data.html,15,euronext,excluded_no_relevant_market_data_marker,9,high_irrelevant,False
https://www.euronext.com/en/csd/oslo/safekeeping-and-asset-servicing,outputs\full_universe_source_acquisition\raw\euronext_v2_15c\euronext_advanced_reference_data.html,15,euronext,excluded_no_relevant_market_data_marker,9,high_irrelevant,False
https://www.euronext.com/en/csd/oslo/tax-services,outputs\full_universe_source_acquisition\raw\euronext_v2_15c\euronext_advanced_reference_data.html,15,euronext,excluded_no_relevant_market_data_marker,9,high_irrelevant,False
https://www.euronext.com/en/csd/oslo/isin-cfi-fisn,outputs\full_universe_source_acquisition\raw\euronext_v2_15c\euronext_advanced_reference_data.html,15,euronext,excluded_no_relevant_market_data_marker,9,high_irrelevant,False
https://www.euronext.com/en/csd/oslo/career,outputs\full_universe_source_acquisition\raw\euronext_v2_15c\euronext_advanced_reference_data.html,15,euronext,excluded_no_relevant_market_data_marker,9,high_irrelevant,False
https://www.euronext.com/en/csd/oslo/information-for/investor,outputs\full_universe_source_acquisition\raw\euronext_v2_15c\euronext_advanced_reference_data.html,15,euronext,excluded_no_relevant_market_data_marker,9,high_irrelevant,False
https://www.euronext.com/en/csd/oslo/about-us,outputs\full_universe_source_acquisition\raw\euronext_v2_15c\euronext_advanced_reference_data.html,15,euronext,excluded_no_relevant_market_data_marker,9,high_irrelevant,False
https://www.euronext.com/en/csd/oslo/contact-us,outputs\full_universe_source_acquisition\raw\euronext_v2_15c\euronext_advanced_reference_data.html,15,euronext,excluded_no_relevant_market_data_marker,9,high_irrelevant,False
https://www.euronext.com/en/csd/porto,outputs\full_universe_source_acquisition\raw\euronext_v2_15c\euronext_advanced_reference_data.html,15,euronext,excluded_no_relevant_market_data_marker,9,high_irrelevant,False
https://www.euronext.com/en/csd/porto/about-us,outputs\full_universe_source_acquisition\raw\euronext_v2_15c\euronext_advanced_reference_data.html,15,euronext,excluded_no_relevant_market_data_marker,9,high_irrelevant,False
https://www.euronext.com/en/csd/porto/our-clients,outputs\full_universe_source_acquisition\raw\euronext_v2_15c\euronext_advanced_reference_data.html,15,euronext,excluded_no_relevant_market_data_marker,9,high_irrelevant,False
https://www.euronext.com/en/csd/porto/legislation-and-regulation,outputs\full_universe_source_acquisition\raw\euronext_v2_15c\euronext_advanced_reference_data.html,15,euronext,excluded_no_relevant_market_data_marker,9,high_irrelevant,False
https://www.euronext.com/en/csd/porto/services,outputs\full_universe_source_acquisition\raw\euronext_v2_15c\euronext_advanced_reference_data.html,15,euronext,excluded_no_relevant_market_data_marker,9,high_irrelevant,False
https://www.euronext.com/en/csd/porto/documentation,outputs\full_universe_source_acquisition\raw\euronext_v2_15c\euronext_advanced_reference_data.html,15,euronext,excluded_no_relevant_market_data_marker,9,high_irrelevant,False
https://www.euronext.com/en/csd/porto/contact-us,outputs\full_universe_source_acquisition\raw\euronext_v2_15c\euronext_advanced_reference_data.html,15,euronext,excluded_no_relevant_market_data_marker,9,high_irrelevant,False
https://www.euronext.com/en/technology,outputs\full_universe_source_acquisition\raw\euronext_v2_15c\euronext_advanced_reference_data.html,15,euronext,excluded_no_relevant_market_data_marker,9,high_irrelevant,False
https://www.euronext.com/en/technology/colocation-services,outputs\full_universe_source_acquisition\raw\euronext_v2_15c\euronext_advanced_reference_data.html,15,euronext,excluded_no_relevant_market_data_marker,9,high_irrelevant,False
https://www.euronext.com/en/technology/connectivity-solutions,outputs\full_universe_source_acquisition\raw\euronext_v2_15c\euronext_advanced_reference_data.html,15,euronext,excluded_no_relevant_market_data_marker,9,high_irrelevant,False
https://www.euronext.com/en/technology/trading-solutions,outputs\full_universe_source_acquisition\raw\euronext_v2_15c\euronext_advanced_reference_data.html,15,euronext,excluded_no_relevant_market_data_marker,9,high_irrelevant,False
https://www.euronext.com/en/technology/trading-solutions/traderpath-and-algo-trading,outputs\full_universe_source_acquisition\raw\euronext_v2_15c\euronext_advanced_reference_data.html,15,euronext,excluded_no_relevant_market_data_marker,9,high_irrelevant,False
https://www.euronext.com/en/technology/trading-solutions/euronext-trader,outputs\full_universe_source_acquisition\raw\euronext_v2_15c\euronext_advanced_reference_data.html,15,euronext,excluded_no_relevant_market_data_marker,9,high_irrelevant,False
https://www.euronext.com/en/technology/trading-solutions/hfts,outputs\full_universe_source_acquisition\raw\euronext_v2_15c\euronext_advanced_reference_data.html,15,euronext,excluded_no_relevant_market_data_marker,9,high_irrelevant,False
https://www.euronext.com/en/technology/trading-solutions/regpath,outputs\full_universe_source_acquisition\raw\euronext_v2_15c\euronext_advanced_reference_data.html,15,euronext,excluded_no_relevant_market_data_marker,9,high_irrelevant,False
https://www.euronext.com/en/technology/euronext-solutions,outputs\full_universe_source_acquisition\raw\euronext_v2_15c\euronext_advanced_reference_data.html,15,euronext,excluded_no_relevant_market_data_marker,9,high_irrelevant,False
https://www.euronext.com/en/euronext-indices,outputs\full_universe_source_acquisition\raw\euronext_v2_15c\euronext_advanced_reference_data.html,15,euronext,excluded_no_relevant_market_data_marker,9,high_irrelevant,False
https://www.euronext.com/en/euronext-indices/custom-index-creation,outputs\full_universe_source_acquisition\raw\euronext_v2_15c\euronext_advanced_reference_data.html,15,euronext,excluded_no_relevant_market_data_marker,9,high_irrelevant,False
https://www.euronext.com/en/euronext-indices/index-licensing-products,outputs\full_universe_source_acquisition\raw\euronext_v2_15c\euronext_advanced_reference_data.html,15,euronext,excluded_no_relevant_market_data_marker,9,high_irrelevant,False
https://www.euronext.com/en/euronext-indices/index-licensing-for-benchmarking,outputs\full_universe_source_acquisition\raw\euronext_v2_15c\euronext_advanced_reference_data.html,15,euronext,excluded_no_relevant_market_data_marker,9,high_irrelevant,False
https://www.euronext.com/en/euronext-indices/index-products,outputs\full_universe_source_acquisition\raw\euronext_v2_15c\euronext_advanced_reference_data.html,15,euronext,excluded_no_relevant_market_data_marker,9,high_irrelevant,False
https://www.euronext.com/en/euronext-indices/press-releases,outputs\full_universe_source_acquisition\raw\euronext_v2_15c\euronext_advanced_reference_data.html,15,euronext,excluded_no_relevant_market_data_marker,9,high_irrelevant,False
https://www.euronext.com/en/euronext-indices/index-spotlight,outputs\full_universe_source_acquisition\raw\euronext_v2_15c\euronext_advanced_reference_data.html,15,euronext,excluded_no_relevant_market_data_marker,9,high_irrelevant,False
https://www.euronext.com/en/regulation,outputs\full_universe_source_acquisition\raw\euronext_v2_15c\euronext_advanced_reference_data.html,15,euronext,excluded_no_relevant_market_data_marker,9,high_irrelevant,False
https://www.euronext.com/en/regulation/euronext-regulated-markets,outputs\full_universe_source_acquisition\raw\euronext_v2_15c\euronext_advanced_reference_data.html,15,euronext,excluded_no_relevant_market_data_marker,9,high_irrelevant,False
https://www.euronext.com/en/regulation/mtfs-operated-euronext,outputs\full_universe_source_acquisition\raw\euronext_v2_15c\euronext_advanced_reference_data.html,15,euronext,excluded_no_relevant_market_data_marker,9,high_irrelevant,False
https://www.euronext.com/en/regulation/euronext-abm,outputs\full_universe_source_acquisition\raw\euronext_v2_15c\euronext_advanced_reference_data.html,15,euronext,excluded_no_relevant_market_data_marker,9,high_irrelevant,False
https://www.euronext.com/en/regulation/oslo-regulation-news,outputs\full_universe_source_acquisition\raw\euronext_v2_15c\euronext_advanced_reference_data.html,15,euronext,excluded_no_relevant_market_data_marker,9,high_irrelevant,False
https://www.euronext.com/en/regulation/government-affairs,outputs\full_universe_source_acquisition\raw\euronext_v2_15c\euronext_advanced_reference_data.html,15,euronext,excluded_no_relevant_market_data_marker,9,high_irrelevant,False
https://www.euronext.com/en/regulation/digital-operational-resilience-act-dora,outputs\full_universe_source_acquisition\raw\euronext_v2_15c\euronext_advanced_reference_data.html,15,euronext,excluded_no_relevant_market_data_marker,9,high_irrelevant,False
https://www.euronext.com/en/regulation/t1-programme,outputs\full_universe_source_acquisition\raw\euronext_v2_15c\euronext_advanced_reference_data.html,15,euronext,excluded_no_relevant_market_data_marker,9,high_irrelevant,False
https://www.euronext.com/en/about,outputs\full_universe_source_acquisition\raw\euronext_v2_15c\euronext_advanced_reference_data.html,15,euronext,excluded_no_relevant_market_data_marker,9,high_irrelevant,False
https://www.euronext.com/en/about/our-journey,outputs\full_universe_source_acquisition\raw\euronext_v2_15c\euronext_advanced_reference_data.html,15,euronext,excluded_marketing_or_corporate_page,9,high_irrelevant,False
https://www.euronext.com/en/about/our-business,outputs\full_universe_source_acquisition\raw\euronext_v2_15c\euronext_advanced_reference_data.html,15,euronext,excluded_marketing_or_corporate_page,9,high_irrelevant,False
https://www.euronext.com/en/about/our-organisation,outputs\full_universe_source_acquisition\raw\euronext_v2_15c\euronext_advanced_reference_data.html,15,euronext,excluded_marketing_or_corporate_page,9,high_irrelevant,False
https://www.euronext.com/en/innovate-for-growth-2027,outputs\full_universe_source_acquisition\raw\euronext_v2_15c\euronext_advanced_reference_data.html,15,euronext,excluded_no_relevant_market_data_marker,9,high_irrelevant,False
https://www.euronext.com/en/about/news-insights,outputs\full_universe_source_acquisition\raw\euronext_v2_15c\euronext_advanced_reference_data.html,15,euronext,excluded_marketing_or_corporate_page,9,high_irrelevant,False
https://www.euronext.com/en/euronext-annual-conference,outputs\full_universe_source_acquisition\raw\euronext_v2_15c\euronext_advanced_reference_data.html,15,euronext,excluded_no_relevant_market_data_marker,9,high_irrelevant,False
https://www.euronext.com/en/investor-relations/share-price,outputs\full_universe_source_acquisition\raw\euronext_v2_15c\euronext_advanced_reference_data.html,15,euronext,excluded_marketing_or_corporate_page,9,high_irrelevant,False
https://www.euronext.com/en/investor-relations/financial-calendar,outputs\full_universe_source_acquisition\raw\euronext_v2_15c\euronext_advanced_reference_data.html,15,euronext,excluded_marketing_or_corporate_page,9,high_irrelevant,False
https://www.euronext.com/en/investor-day-2024,outputs\full_universe_source_acquisition\raw\euronext_v2_15c\euronext_advanced_reference_data.html,15,euronext,excluded_no_relevant_market_data_marker,9,high_irrelevant,False
https://www.euronext.com/en/investor-relations/financial-information,outputs\full_universe_source_acquisition\raw\euronext_v2_15c\euronext_advanced_reference_data.html,15,euronext,excluded_marketing_or_corporate_page,9,high_irrelevant,False
https://www.euronext.com/en/investor-relations/analyst-coverage,outputs\full_universe_source_acquisition\raw\euronext_v2_15c\euronext_advanced_reference_data.html,15,euronext,excluded_marketing_or_corporate_page,9,high_irrelevant,False
https://www.euronext.com/en/investor-relations/debt-and-bond,outputs\full_universe_source_acquisition\raw\euronext_v2_15c\euronext_advanced_reference_data.html,15,euronext,excluded_marketing_or_corporate_page,9,high_irrelevant,False
https://www.euronext.com/en/investor-relations/corporate-governance,outputs\full_universe_source_acquisition\raw\euronext_v2_15c\euronext_advanced_reference_data.html,15,euronext,excluded_marketing_or_corporate_page,9,high_irrelevant,False
https://www.euronext.com/en/investor-relations/shareholder-meetings,outputs\full_universe_source_acquisition\raw\euronext_v2_15c\euronext_advanced_reference_data.html,15,euronext,excluded_marketing_or_corporate_page,9,high_irrelevant,False
https://www.euronext.com/en/about/empowering-sustainable-growth,outputs\full_universe_source_acquisition\raw\euronext_v2_15c\euronext_advanced_reference_data.html,15,euronext,excluded_marketing_or_corporate_page,9,high_irrelevant,False
https://www.euronext.com/en/about/empowering-sustainable-growth/sustainability-week,outputs\full_universe_source_acquisition\raw\euronext_v2_15c\euronext_advanced_reference_data.html,15,euronext,excluded_marketing_or_corporate_page,9,high_irrelevant,False
https://www.euronext.com/en/about/empowering-sustainable-growth/esg-news,outputs\full_universe_source_acquisition\raw\euronext_v2_15c\euronext_advanced_reference_data.html,15,euronext,excluded_marketing_or_corporate_page,9,high_irrelevant,False
https://www.euronext.com/en/about/esg-empowering-sustainable-growth/euronext-foundation,outputs\full_universe_source_acquisition\raw\euronext_v2_15c\euronext_advanced_reference_data.html,15,euronext,excluded_marketing_or_corporate_page,9,high_irrelevant,False
https://www.euronext.com/en/about/esg-empowering-sustainable-growth/blue-challenge,outputs\full_universe_source_acquisition\raw\euronext_v2_15c\euronext_advanced_reference_data.html,15,euronext,excluded_marketing_or_corporate_page,9,high_irrelevant,False
https://www.euronext.com/en/about/empowering-sustainable-growth/client-satisfaction,outputs\full_universe_source_acquisition\raw\euronext_v2_15c\euronext_advanced_reference_data.html,15,euronext,excluded_marketing_or_corporate_page,9,high_irrelevant,False
https://www.euronext.com/en/about/empowering-sustainable-growth/euronext-esg-policies-statements,outputs\full_universe_source_acquisition\raw\euronext_v2_15c\euronext_advanced_reference_data.html,15,euronext,excluded_marketing_or_corporate_page,9,high_irrelevant,False
https://www.euronext.com/en/about/esg-empowering-sustainable-growth/sustainable-supply-chain,outputs\full_universe_source_acquisition\raw\euronext_v2_15c\euronext_advanced_reference_data.html,15,euronext,excluded_marketing_or_corporate_page,9,high_irrelevant,False
https://www.euronext.com/en/about-euronext/empowering-sustainable-growth/diversity-and-inclusion,outputs\full_universe_source_acquisition\raw\euronext_v2_15c\euronext_advanced_reference_data.html,15,euronext,excluded_no_relevant_market_data_marker,9,high_irrelevant,False
https://www.euronext.com/en/about/media-centre/euronext-press-releases,outputs\full_universe_source_acquisition\raw\euronext_v2_15c\euronext_advanced_reference_data.html,15,euronext,excluded_marketing_or_corporate_page,9,high_irrelevant,False
https://www.euronext.com/en/about/media-centre/euronext-news,outputs\full_universe_source_acquisition\raw\euronext_v2_15c\euronext_advanced_reference_data.html,15,euronext,excluded_marketing_or_corporate_page,9,high_irrelevant,False
https://www.euronext.com/en/about/media-centre/bell-ceremony-archive,outputs\full_universe_source_acquisition\raw\euronext_v2_15c\euronext_advanced_reference_data.html,15,euronext,excluded_marketing_or_corporate_page,9,high_irrelevant,False
https://www.euronext.com/en/about/careers/esg-diversity,outputs\full_universe_source_acquisition\raw\euronext_v2_15c\euronext_advanced_reference_data.html,15,euronext,excluded_marketing_or_corporate_page,9,high_irrelevant,False
https://www.euronext.com/en/about/careers/early-careers-euronext,outputs\full_universe_source_acquisition\raw\euronext_v2_15c\euronext_advanced_reference_data.html,15,euronext,excluded_marketing_or_corporate_page,9,high_irrelevant,False
https://www.euronext.com/en/about/careers/internship-borsa-italiana,outputs\full_universe_source_acquisition\raw\euronext_v2_15c\euronext_advanced_reference_data.html,15,euronext,excluded_marketing_or_corporate_page,9,high_irrelevant,False
https://www.euronext.com/en/about/careers/open-positions,outputs\full_universe_source_acquisition\raw\euronext_v2_15c\euronext_advanced_reference_data.html,15,euronext,excluded_marketing_or_corporate_page,9,high_irrelevant,False
https://www.euronext.com/en/about-euronext/markets/athens,outputs\full_universe_source_acquisition\raw\euronext_v2_15c\euronext_advanced_reference_data.html,15,euronext,excluded_no_relevant_market_data_marker,9,high_irrelevant,False
https://www.euronext.com/en/markets/amsterdam,outputs\full_universe_source_acquisition\raw\euronext_v2_15c\euronext_advanced_reference_data.html,15,euronext,excluded_no_relevant_market_data_marker,9,high_irrelevant,False
https://www.euronext.com/en/about-euronext/markets/brussels,outputs\full_universe_source_acquisition\raw\euronext_v2_15c\euronext_advanced_reference_data.html,15,euronext,excluded_no_relevant_market_data_marker,9,high_irrelevant,False
https://www.euronext.com/en/about-euronext/markets/dublin,outputs\full_universe_source_acquisition\raw\euronext_v2_15c\euronext_advanced_reference_data.html,15,euronext,excluded_no_relevant_market_data_marker,9,high_irrelevant,False
https://www.euronext.com/en/markets/lisbon,outputs\full_universe_source_acquisition\raw\euronext_v2_15c\euronext_advanced_reference_data.html,15,euronext,excluded_no_relevant_market_data_marker,9,high_irrelevant,False
https://www.euronext.com/en/markets/milan,outputs\full_universe_source_acquisition\raw\euronext_v2_15c\euronext_advanced_reference_data.html,15,euronext,excluded_no_relevant_market_data_marker,9,high_irrelevant,False
https://www.euronext.com/en/markets/oslo,outputs\full_universe_source_acquisition\raw\euronext_v2_15c\euronext_advanced_reference_data.html,15,euronext,excluded_no_relevant_market_data_marker,9,high_irrelevant,False
https://www.euronext.com/en/about-euronext/markets/paris,outputs\full_universe_source_acquisition\raw\euronext_v2_15c\euronext_advanced_reference_data.html,15,euronext,excluded_no_relevant_market_data_marker,9,high_irrelevant,False
https://www.euronext.com/en/products-services,outputs\full_universe_source_acquisition\raw\euronext_v2_15c\euronext_advanced_reference_data.html,15,euronext,excluded_no_relevant_market_data_marker,9,high_irrelevant,False
https://www.euronext.com/en/privacy-statement,outputs\full_universe_source_acquisition\raw\euronext_v2_15c\euronext_advanced_reference_data.html,15,euronext,excluded_no_relevant_market_data_marker,9,high_irrelevant,False
https://www.euronext.com/en/contact-us,outputs\full_universe_source_acquisition\raw\euronext_v2_15c\euronext_advanced_reference_data.html,15,euronext,excluded_no_relevant_market_data_marker,9,high_irrelevant,False
https://www.euronext.com/en/terms-use,outputs\full_universe_source_acquisition\raw\euronext_v2_15c\euronext_advanced_reference_data.html,15,euronext,excluded_no_relevant_market_data_marker,9,high_irrelevant,False
https://www.euronext.com/en/cookie-policy,outputs\full_universe_source_acquisition\raw\euronext_v2_15c\euronext_advanced_reference_data.html,15,euronext,excluded_no_relevant_market_data_marker,9,high_irrelevant,False
https://www.euronext.com/fr/node/2975966,outputs\full_universe_source_acquisition\raw\euronext_v2_15c\euronext_advanced_reference_data.html,15,euronext,excluded_no_relevant_market_data_marker,9,high_irrelevant,False
https://www.euronext.com/nl/node/2975966,outputs\full_universe_source_acquisition\raw\euronext_v2_15c\euronext_advanced_reference_data.html,15,euronext,excluded_no_relevant_market_data_marker,9,high_irrelevant,False
https://www.euronext.com/it/node/2975966,outputs\full_universe_source_acquisition\raw\euronext_v2_15c\euronext_advanced_reference_data.html,15,euronext,excluded_no_relevant_market_data_marker,9,high_irrelevant,False
https://www.euronext.com/pt/node/2975966,outputs\full_universe_source_acquisition\raw\euronext_v2_15c\euronext_advanced_reference_data.html,15,euronext,excluded_no_relevant_market_data_marker,9,high_irrelevant,False
https://www.euronext.com/nb/node/2975966,outputs\full_universe_source_acquisition\raw\euronext_v2_15c\euronext_advanced_reference_data.html,15,euronext,excluded_no_relevant_market_data_marker,9,high_irrelevant,False
https://www.euronext.com/zh/node/2975966,outputs\full_universe_source_acquisition\raw\euronext_v2_15c\euronext_advanced_reference_data.html,15,euronext,excluded_no_relevant_market_data_marker,9,high_irrelevant,False
https://www.euronext.com/,outputs\full_universe_source_acquisition\raw\euronext_v2_15c\euronext_advanced_reference_data.html,15,euronext,excluded_no_relevant_market_data_marker,9,high_irrelevant,False
https://www.euronext.com/en/listing/bonds/listing-process/how-list-euronext-dublin,outputs\full_universe_source_acquisition\raw\euronext_v2_15c\euronext_advanced_reference_data.html,15,euronext,excluded_no_relevant_market_data_marker,9,high_irrelevant,False
https://www.euronext.com/en/listing/bonds/listing-process/how-list-global-exchange-market-gem,outputs\full_universe_source_acquisition\raw\euronext_v2_15c\euronext_advanced_reference_data.html,15,euronext,excluded_no_relevant_market_data_marker,9,high_irrelevant,False
https://www.euronext.com/en/listing/bonds/listing-process/how-list-euronext,outputs\full_universe_source_acquisition\raw\euronext_v2_15c\euronext_advanced_reference_data.html,15,euronext,excluded_no_relevant_market_data_marker,9,high_irrelevant,False
https://www.euronext.com/en/listing/bonds/listing-process/how-list-euronext-growth-euronext-access,outputs\full_universe_source_acquisition\raw\euronext_v2_15c\euronext_advanced_reference_data.html,15,euronext,excluded_no_relevant_market_data_marker,9,high_irrelevant,False
https://www.euronext.com/en/listing/bonds/listing-process/how-list-euronext-access-milan,outputs\full_universe_source_acquisition\raw\euronext_v2_15c\euronext_advanced_reference_data.html,15,euronext,excluded_no_relevant_market_data_marker,9,high_irrelevant,False
https://www.euronext.com/en/listing/bonds/listing-process/how-list-mot-milan,outputs\full_universe_source_acquisition\raw\euronext_v2_15c\euronext_advanced_reference_data.html,15,euronext,excluded_no_relevant_market_data_marker,9,high_irrelevant,False
https://www.euronext.com/en/listing/bonds/listing-process/how-list-eurotlx-milan,outputs\full_universe_source_acquisition\raw\euronext_v2_15c\euronext_advanced_reference_data.html,15,euronext,excluded_no_relevant_market_data_marker,9,high_irrelevant,False
https://www.euronext.com/en/listing/bonds/listing-process/list-euronext-oslo-bors,outputs\full_universe_source_acquisition\raw\euronext_v2_15c\euronext_advanced_reference_data.html,15,euronext,excluded_no_relevant_market_data_marker,9,high_irrelevant,False
https://www.euronext.com/en/listing/bonds/listing-process/list-euronext-abm,outputs\full_universe_source_acquisition\raw\euronext_v2_15c\euronext_advanced_reference_data.html,15,euronext,excluded_no_relevant_market_data_marker,9,high_irrelevant,False
https://www.euronext.com/en/listing/bonds/bond-types/commercial-papers,outputs\full_universe_source_acquisition\raw\euronext_v2_15c\euronext_advanced_reference_data.html,15,euronext,excluded_no_relevant_market_data_marker,9,high_irrelevant,False
https://www.euronext.com/en/listing/bonds/bond-types/corporate-bonds,outputs\full_universe_source_acquisition\raw\euronext_v2_15c\euronext_advanced_reference_data.html,15,euronext,excluded_no_relevant_market_data_marker,9,high_irrelevant,False
https://www.euronext.com/en/listing/bonds/bond-types/covered-bonds,outputs\full_universe_source_acquisition\raw\euronext_v2_15c\euronext_advanced_reference_data.html,15,euronext,excluded_no_relevant_market_data_marker,9,high_irrelevant,False
https://www.euronext.com/en/listing/bonds/bond-types/european-defence-bonds,outputs\full_universe_source_acquisition\raw\euronext_v2_15c\euronext_advanced_reference_data.html,15,euronext,excluded_no_relevant_market_data_marker,9,high_irrelevant,False
https://www.euronext.com/en/listing/bonds/bond-types/high-yield-bonds,outputs\full_universe_source_acquisition\raw\euronext_v2_15c\euronext_advanced_reference_data.html,15,euronext,excluded_no_relevant_market_data_marker,9,high_irrelevant,False
https://www.euronext.com/en/listing/bonds/bond-types/medium-term-notes,outputs\full_universe_source_acquisition\raw\euronext_v2_15c\euronext_advanced_reference_data.html,15,euronext,excluded_no_relevant_market_data_marker,9,high_irrelevant,False
https://www.euronext.com/en/listing/bonds/bond-types/sovereign-bonds,outputs\full_universe_source_acquisition\raw\euronext_v2_15c\euronext_advanced_reference_data.html,15,euronext,excluded_no_relevant_market_data_marker,9,high_irrelevant,False
https://www.euronext.com/en/listing/bonds/bond-types/sukuk-listing,outputs\full_universe_source_acquisition\raw\euronext_v2_15c\euronext_advanced_reference_data.html,15,euronext,excluded_no_relevant_market_data_marker,9,high_irrelevant,False
https://www.euronext.com/en/listing/esg-for-issuers/esg-bonds/sbti-15deg-esg-bonds-issuers,outputs\full_universe_source_acquisition\raw\euronext_v2_15c\euronext_advanced_reference_data.html,15,euronext,excluded_no_relevant_market_data_marker,9,high_irrelevant,False
https://www.euronext.com/en/trading/access-software/trading-platform/isvs-asps-and-other-suppliers,outputs\full_universe_source_acquisition\raw\euronext_v2_15c\euronext_advanced_reference_data.html,15,euronext,excluded_no_relevant_market_data_marker,9,high_irrelevant,False
https://www.euronext.com/en/clearing/about/governance/board-directors,outputs\full_universe_source_acquisition\raw\euronext_v2_15c\euronext_advanced_reference_data.html,15,euronext,excluded_marketing_or_corporate_page,9,high_irrelevant,False
https://www.euronext.com/en/clearing/about/governance/committees,outputs\full_universe_source_acquisition\raw\euronext_v2_15c\euronext_advanced_reference_data.html,15,euronext,excluded_marketing_or_corporate_page,9,high_irrelevant,False
https://www.euronext.com/en/clearing/about/governance/statutory-auditors,outputs\full_universe_source_acquisition\raw\euronext_v2_15c\euronext_advanced_reference_data.html,15,euronext,excluded_marketing_or_corporate_page,9,high_irrelevant,False
https://www.euronext.com/en/csd/about/governance/risk-management,outputs\full_universe_source_acquisition\raw\euronext_v2_15c\euronext_advanced_reference_data.html,15,euronext,excluded_marketing_or_corporate_page,9,high_irrelevant,False
https://www.euronext.com/en/csd/about/governance/complaints,outputs\full_universe_source_acquisition\raw\euronext_v2_15c\euronext_advanced_reference_data.html,15,euronext,excluded_marketing_or_corporate_page,9,high_irrelevant,False
https://www.euronext.com/en/csd/regulatory-environment/csdr/client-segregation,outputs\full_universe_source_acquisition\raw\euronext_v2_15c\euronext_advanced_reference_data.html,15,euronext,excluded_no_relevant_market_data_marker,9,high_irrelevant,False
https://www.euronext.com/en/csd/regulatory-environment/csdr/settlement-discipline-regime,outputs\full_universe_source_acquisition\raw\euronext_v2_15c\euronext_advanced_reference_data.html,15,euronext,excluded_no_relevant_market_data_marker,9,high_irrelevant,False
https://www.euronext.com/en/csd/copenhagen/issuance/bonds-issuance,outputs\full_universe_source_acquisition\raw\euronext_v2_15c\euronext_advanced_reference_data.html,15,euronext,excluded_no_relevant_market_data_marker,9,high_irrelevant,False
https://www.euronext.com/en/csd/copenhagen/issuance/shares-issuance,outputs\full_universe_source_acquisition\raw\euronext_v2_15c\euronext_advanced_reference_data.html,15,euronext,excluded_no_relevant_market_data_marker,9,high_irrelevant,False
https://www.euronext.com/en/csd/copenhagen/issuance/structured-investment-products-issuance,outputs\full_universe_source_acquisition\raw\euronext_v2_15c\euronext_advanced_reference_data.html,15,euronext,excluded_no_relevant_market_data_marker,9,high_irrelevant,False
https://www.euronext.com/en/csd/copenhagen/issuance/investment-funds-issuance,outputs\full_universe_source_acquisition\raw\euronext_v2_15c\euronext_advanced_reference_data.html,15,euronext,excluded_no_relevant_market_data_marker,9,high_irrelevant,False
https://www.euronext.com/en/csd/copenhagen/issuance/investment-funds/fundhub,outputs\full_universe_source_acquisition\raw\euronext_v2_15c\euronext_advanced_reference_data.html,15,euronext,excluded_no_relevant_market_data_marker,9,high_irrelevant,False
https://www.euronext.com/en/csd/copenhagen/issuance/investment-funds/fundhub/clearable-isins-fundhub,outputs\full_universe_source_acquisition\raw\euronext_v2_15c\euronext_advanced_reference_data.html,15,euronext,excluded_no_relevant_market_data_marker,9,high_irrelevant,False
https://www.euronext.com/en/csd/copenhagen/issuance/issuing-agent-services,outputs\full_universe_source_acquisition\raw\euronext_v2_15c\euronext_advanced_reference_data.html,15,euronext,excluded_no_relevant_market_data_marker,9,high_irrelevant,False
https://www.euronext.com/en/csd/copenhagen/issuance/assignment-isins,outputs\full_universe_source_acquisition\raw\euronext_v2_15c\euronext_advanced_reference_data.html,15,euronext,excluded_no_relevant_market_data_marker,9,high_irrelevant,False
https://www.euronext.com/en/csd/copenhagen/issuance/initial-public-offer-ipo,outputs\full_universe_source_acquisition\raw\euronext_v2_15c\euronext_advanced_reference_data.html,15,euronext,excluded_no_relevant_market_data_marker,9,high_irrelevant,False
https://www.euronext.com/en/csd/copenhagen/post-trade-services/settlement,outputs\full_universe_source_acquisition\raw\euronext_v2_15c\euronext_advanced_reference_data.html,15,euronext,excluded_no_relevant_market_data_marker,9,high_irrelevant,False
https://www.euronext.com/en/csd/copenhagen/post-trade-services/communication-formats,outputs\full_universe_source_acquisition\raw\euronext_v2_15c\euronext_advanced_reference_data.html,15,euronext,excluded_no_relevant_market_data_marker,9,high_irrelevant,False
https://www.euronext.com/en/csd/copenhagen/post-trade-services/collateral-management,outputs\full_universe_source_acquisition\raw\euronext_v2_15c\euronext_advanced_reference_data.html,15,euronext,excluded_no_relevant_market_data_marker,9,high_irrelevant,False
https://www.euronext.com/en/csd/copenhagen/post-trade-services/asset-services,outputs\full_universe_source_acquisition\raw\euronext_v2_15c\euronext_advanced_reference_data.html,15,euronext,excluded_no_relevant_market_data_marker,9,high_irrelevant,False
https://www.euronext.com/en/csd/copenhagen/post-trade-services/collateral-accounts,outputs\full_universe_source_acquisition\raw\euronext_v2_15c\euronext_advanced_reference_data.html,15,euronext,excluded_no_relevant_market_data_marker,9,high_irrelevant,False
https://www.euronext.com/en/csd/copenhagen/post-trade-services/corporate-actions,outputs\full_universe_source_acquisition\raw\euronext_v2_15c\euronext_advanced_reference_data.html,15,euronext,excluded_no_relevant_market_data_marker,9,high_irrelevant,False
https://www.euronext.com/en/csd/copenhagen/post-trade-services/safekeeping-services,outputs\full_universe_source_acquisition\raw\euronext_v2_15c\euronext_advanced_reference_data.html,15,euronext,excluded_no_relevant_market_data_marker,9,high_irrelevant,False
https://www.euronext.com/en/csd/copenhagen/post-trade-services/opening-days,outputs\full_universe_source_acquisition\raw\euronext_v2_15c\euronext_advanced_reference_data.html,15,euronext,excluded_no_relevant_market_data_marker,9,high_irrelevant,False
https://www.euronext.com/en/csd/copenhagen/post-trade-services/evaluation-danish-market-migrating-target2-securities,outputs\full_universe_source_acquisition\raw\euronext_v2_15c\euronext_advanced_reference_data.html,15,euronext,excluded_no_relevant_market_data_marker,9,high_irrelevant,False
https://www.euronext.com/en/csd/copenhagen/post-trade-services/conditional-securities,outputs\full_universe_source_acquisition\raw\euronext_v2_15c\euronext_advanced_reference_data.html,15,euronext,excluded_no_relevant_market_data_marker,9,high_irrelevant,False
https://www.euronext.com/en/csd/copenhagen/post-trade-services/penalties-calendar,outputs\full_universe_source_acquisition\raw\euronext_v2_15c\euronext_advanced_reference_data.html,15,euronext,excluded_no_relevant_market_data_marker,9,high_irrelevant,False
https://www.euronext.com/en/csd/copenhagen/investor-services/shareholder-register-services,outputs\full_universe_source_acquisition\raw\euronext_v2_15c\euronext_advanced_reference_data.html,15,euronext,excluded_no_relevant_market_data_marker,9,high_irrelevant,False
https://www.euronext.com/en/csd/copenhagen/investor-services/meeting-services,outputs\full_universe_source_acquisition\raw\euronext_v2_15c\euronext_advanced_reference_data.html,15,euronext,excluded_no_relevant_market_data_marker,9,high_irrelevant,False
https://www.euronext.com/en/csd/copenhagen/investor-services/virtual-general-meeting,outputs\full_universe_source_acquisition\raw\euronext_v2_15c\euronext_advanced_reference_data.html,15,euronext,excluded_no_relevant_market_data_marker,9,high_irrelevant,False
https://www.euronext.com/en/csd/copenhagen/investor-services/election-and-voting-services,outputs\full_universe_source_acquisition\raw\euronext_v2_15c\euronext_advanced_reference_data.html,15,euronext,excluded_no_relevant_market_data_marker,9,high_irrelevant,False
https://www.euronext.com/en/csd/copenhagen/investor-services/investorportal,outputs\full_universe_source_acquisition\raw\euronext_v2_15c\euronext_advanced_reference_data.html,15,euronext,excluded_no_relevant_market_data_marker,9,high_irrelevant,False
https://www.euronext.com/en/csd/copenhagen/investor-services/corporate-solutions,outputs\full_universe_source_acquisition\raw\euronext_v2_15c\euronext_advanced_reference_data.html,15,euronext,excluded_no_relevant_market_data_marker,9,high_irrelevant,False
https://www.euronext.com/en/csd/copenhagen/ancillary-services/tradelog,outputs\full_universe_source_acquisition\raw\euronext_v2_15c\euronext_advanced_reference_data.html,15,euronext,excluded_no_relevant_market_data_marker,9,high_irrelevant,False
https://www.euronext.com/en/csd/copenhagen/ancillary-services/tax-reporting-services,outputs\full_universe_source_acquisition\raw\euronext_v2_15c\euronext_advanced_reference_data.html,15,euronext,excluded_no_relevant_market_data_marker,9,high_irrelevant,False
https://www.euronext.com/en/csd/copenhagen/news-insights/news-list,outputs\full_universe_source_acquisition\raw\euronext_v2_15c\euronext_advanced_reference_data.html,15,euronext,excluded_no_relevant_market_data_marker,9,high_irrelevant,False
https://www.euronext.com/en/csd/copenhagen/news-insights/imagebank-press-contact,outputs\full_universe_source_acquisition\raw\euronext_v2_15c\euronext_advanced_reference_data.html,15,euronext,excluded_no_relevant_market_data_marker,9,high_irrelevant,False
https://www.euronext.com/en/csd/copenhagen/who-we-are/our-business-areas-and-services,outputs\full_universe_source_acquisition\raw\euronext_v2_15c\euronext_advanced_reference_data.html,15,euronext,excluded_no_relevant_market_data_marker,9,high_irrelevant,False
https://www.euronext.com/en/csd/copenhagen/who-we-are/annual-reports,outputs\full_universe_source_acquisition\raw\euronext_v2_15c\euronext_advanced_reference_data.html,15,euronext,excluded_no_relevant_market_data_marker,9,high_irrelevant,False
https://www.euronext.com/en/csd/copenhagen/who-we-are/corporate-social-responsibility,outputs\full_universe_source_acquisition\raw\euronext_v2_15c\euronext_advanced_reference_data.html,15,euronext,excluded_no_relevant_market_data_marker,9,high_irrelevant,False
https://www.euronext.com/en/csd/copenhagen/who-we-are/private-investors,outputs\full_universe_source_acquisition\raw\euronext_v2_15c\euronext_advanced_reference_data.html,15,euronext,excluded_no_relevant_market_data_marker,9,high_irrelevant,False
https://www.euronext.com/en/csd/copenhagen/career/available-jobs,outputs\full_universe_source_acquisition\raw\euronext_v2_15c\euronext_advanced_reference_data.html,15,euronext,excluded_no_relevant_market_data_marker,9,high_irrelevant,False
https://www.euronext.com/en/csd/copenhagen/corporate-governance/board-directors,outputs\full_universe_source_acquisition\raw\euronext_v2_15c\euronext_advanced_reference_data.html,15,euronext,excluded_no_relevant_market_data_marker,9,high_irrelevant,False
https://www.euronext.com/en/csd/copenhagen/corporate-governance/board-directors/board-committees,outputs\full_universe_source_acquisition\raw\euronext_v2_15c\euronext_advanced_reference_data.html,15,euronext,excluded_no_relevant_market_data_marker,9,high_irrelevant,False
https://www.euronext.com/en/csd/copenhagen/corporate-governance/user-committee,outputs\full_universe_source_acquisition\raw\euronext_v2_15c\euronext_advanced_reference_data.html,15,euronext,excluded_no_relevant_market_data_marker,9,high_irrelevant,False
https://www.euronext.com/en/csd/copenhagen/corporate-governance/management,outputs\full_universe_source_acquisition\raw\euronext_v2_15c\euronext_advanced_reference_data.html,15,euronext,excluded_no_relevant_market_data_marker,9,high_irrelevant,False
https://www.euronext.com/en/csd/copenhagen/corporate-governance/management/niels-siggard-rotendahl,outputs\full_universe_source_acquisition\raw\euronext_v2_15c\euronext_advanced_reference_data.html,15,euronext,excluded_no_relevant_market_data_marker,9,high_irrelevant,False
https://www.euronext.com/en/csd/copenhagen/corporate-governance/management/sille-sterner-pedersen,outputs\full_universe_source_acquisition\raw\euronext_v2_15c\euronext_advanced_reference_data.html,15,euronext,excluded_no_relevant_market_data_marker,9,high_irrelevant,False
https://www.euronext.com/en/csd/copenhagen/corporate-governance/management/henrik-ohlsen,outputs\full_universe_source_acquisition\raw\euronext_v2_15c\euronext_advanced_reference_data.html,15,euronext,excluded_no_relevant_market_data_marker,9,high_irrelevant,False
https://www.euronext.com/en/csd/copenhagen/corporate-governance/management/geir-anders-malmen,outputs\full_universe_source_acquisition\raw\euronext_v2_15c\euronext_advanced_reference_data.html,15,euronext,excluded_no_relevant_market_data_marker,9,high_irrelevant,False
https://www.euronext.com/en/csd/copenhagen/corporate-governance/management/thomas-metier,outputs\full_universe_source_acquisition\raw\euronext_v2_15c\euronext_advanced_reference_data.html,15,euronext,excluded_no_relevant_market_data_marker,9,high_irrelevant,False
https://www.euronext.com/en/csd/copenhagen/corporate-governance/management/anne-kaas-hammer,outputs\full_universe_source_acquisition\raw\euronext_v2_15c\euronext_advanced_reference_data.html,15,euronext,excluded_no_relevant_market_data_marker,9,high_irrelevant,False
https://www.euronext.com/en/csd/copenhagen/corporate-governance/management/annette-klynge,outputs\full_universe_source_acquisition\raw\euronext_v2_15c\euronext_advanced_reference_data.html,15,euronext,excluded_no_relevant_market_data_marker,9,high_irrelevant,False
https://www.euronext.com/en/csd/copenhagen/corporate-governance/articles-association,outputs\full_universe_source_acquisition\raw\euronext_v2_15c\euronext_advanced_reference_data.html,15,euronext,excluded_no_relevant_market_data_marker,9,high_irrelevant,False
https://www.euronext.com/en/csd/copenhagen/corporate-governance/complaints,outputs\full_universe_source_acquisition\raw\euronext_v2_15c\euronext_advanced_reference_data.html,15,euronext,excluded_no_relevant_market_data_marker,9,high_irrelevant,False
https://www.euronext.com/en/csd/copenhagen/corporate-governance/whistleblowing,outputs\full_universe_source_acquisition\raw\euronext_v2_15c\euronext_advanced_reference_data.html,15,euronext,excluded_no_relevant_market_data_marker,9,high_irrelevant,False
https://www.euronext.com/en/csd/copenhagen/legal-framework/regulation,outputs\full_universe_source_acquisition\raw\euronext_v2_15c\euronext_advanced_reference_data.html,15,euronext,excluded_no_relevant_market_data_marker,9,high_irrelevant,False
https://www.euronext.com/en/csd/copenhagen/legal-framework/supervision,outputs\full_universe_source_acquisition\raw\euronext_v2_15c\euronext_advanced_reference_data.html,15,euronext,excluded_no_relevant_market_data_marker,9,high_irrelevant,False
https://www.euronext.com/en/csd/copenhagen/legal-framework/cpmi-iosco-report,outputs\full_universe_source_acquisition\raw\euronext_v2_15c\euronext_advanced_reference_data.html,15,euronext,excluded_no_relevant_market_data_marker,9,high_irrelevant,False
https://www.euronext.com/en/csd/copenhagen/legal-framework/euronext-securities-copenhagen-rule-book,outputs\full_universe_source_acquisition\raw\euronext_v2_15c\euronext_advanced_reference_data.html,15,euronext,excluded_no_relevant_market_data_marker,9,high_irrelevant,False
https://www.euronext.com/en/csd/copenhagen/legal-framework/how-become-customer,outputs\full_universe_source_acquisition\raw\euronext_v2_15c\euronext_advanced_reference_data.html,15,euronext,excluded_no_relevant_market_data_marker,9,high_irrelevant,False
https://www.euronext.com/en/csd/copenhagen/legal-framework/participation-agreement,outputs\full_universe_source_acquisition\raw\euronext_v2_15c\euronext_advanced_reference_data.html,15,euronext,excluded_no_relevant_market_data_marker,9,high_irrelevant,False
https://www.euronext.com/en/csd/copenhagen/legal-framework/prices-and-fees,outputs\full_universe_source_acquisition\raw\euronext_v2_15c\euronext_advanced_reference_data.html,15,euronext,excluded_no_relevant_market_data_marker,9,high_irrelevant,False
https://www.euronext.com/en/csd/copenhagen/legal-framework/segregation-securities,outputs\full_universe_source_acquisition\raw\euronext_v2_15c\euronext_advanced_reference_data.html,15,euronext,excluded_no_relevant_market_data_marker,9,high_irrelevant,False
https://www.euronext.com/en/csd/copenhagen/legal-framework/insolvency,outputs\full_universe_source_acquisition\raw\euronext_v2_15c\euronext_advanced_reference_data.html,15,euronext,excluded_no_relevant_market_data_marker,9,high_irrelevant,False
https://www.euronext.com/en/csd/copenhagen/legal-framework/disclaimer,outputs\full_universe_source_acquisition\raw\euronext_v2_15c\euronext_advanced_reference_data.html,15,euronext,excluded_no_relevant_market_data_marker,9,high_irrelevant,False
https://www.euronext.com/en/csd/milan/about-us/governance,outputs\full_universe_source_acquisition\raw\euronext_v2_15c\euronext_advanced_reference_data.html,15,euronext,excluded_no_relevant_market_data_marker,9,high_irrelevant,False
https://www.euronext.com/en/csd/milan/about-us/governance/board-directors,outputs\full_universe_source_acquisition\raw\euronext_v2_15c\euronext_advanced_reference_data.html,15,euronext,excluded_no_relevant_market_data_marker,9,high_irrelevant,False
https://www.euronext.com/en/csd/milan/about-us/governance/board-directors/committees,outputs\full_universe_source_acquisition\raw\euronext_v2_15c\euronext_advanced_reference_data.html,15,euronext,excluded_no_relevant_market_data_marker,9,high_irrelevant,False
https://www.euronext.com/en/csd/milan/about-us/governance/board-statutory-auditors,outputs\full_universe_source_acquisition\raw\euronext_v2_15c\euronext_advanced_reference_data.html,15,euronext,excluded_no_relevant_market_data_marker,9,high_irrelevant,False
https://www.euronext.com/en/csd/milan/regulatory-landscape/report-bail-external-execution,outputs\full_universe_source_acquisition\raw\euronext_v2_15c\euronext_advanced_reference_data.html,15,euronext,excluded_no_relevant_market_data_marker,9,high_irrelevant,False
https://www.euronext.com/en/csd/milan/regulatory-landscape/csdr,outputs\full_universe_source_acquisition\raw\euronext_v2_15c\euronext_advanced_reference_data.html,15,euronext,excluded_no_relevant_market_data_marker,9,high_irrelevant,False
https://www.euronext.com/en/csd/milan/regulatory-landscape/csdr/what-csdr-means-for-euronext-securities-milan,outputs\full_universe_source_acquisition\raw\euronext_v2_15c\euronext_advanced_reference_data.html,15,euronext,excluded_no_relevant_market_data_marker,9,high_irrelevant,False
https://www.euronext.com/en/csd/milan/regulatory-landscape/csdr/what-csdr-means-for-our-clients,outputs\full_universe_source_acquisition\raw\euronext_v2_15c\euronext_advanced_reference_data.html,15,euronext,excluded_no_relevant_market_data_marker,9,high_irrelevant,False
https://www.euronext.com/en/csd/milan/regulatory-landscape/csdr/user-committee,outputs\full_universe_source_acquisition\raw\euronext_v2_15c\euronext_advanced_reference_data.html,15,euronext,excluded_no_relevant_market_data_marker,9,high_irrelevant,False
https://www.euronext.com/en/csd/milan/regulatory-landscape/csdr/settlement-discipline-regime,outputs\full_universe_source_acquisition\raw\euronext_v2_15c\euronext_advanced_reference_data.html,15,euronext,excluded_no_relevant_market_data_marker,9,high_irrelevant,False
https://www.euronext.com/en/csd/milan/regulatory-landscape/shareholder-rights-directive-ii,outputs\full_universe_source_acquisition\raw\euronext_v2_15c\euronext_advanced_reference_data.html,15,euronext,excluded_no_relevant_market_data_marker,9,high_irrelevant,False
https://www.euronext.com/en/csd/milan/regulatory-landscape/cmh-corporate-actions-and-billing-standards,outputs\full_universe_source_acquisition\raw\euronext_v2_15c\euronext_advanced_reference_data.html,15,euronext,excluded_no_relevant_market_data_marker,9,high_irrelevant,False
https://www.euronext.com/en/csd/milan/intermediaries/t2s-gateway,outputs\full_universe_source_acquisition\raw\euronext_v2_15c\euronext_advanced_reference_data.html,15,euronext,excluded_no_relevant_market_data_marker,9,high_irrelevant,False
https://www.euronext.com/en/csd/milan/intermediaries/other-markets,outputs\full_universe_source_acquisition\raw\euronext_v2_15c\euronext_advanced_reference_data.html,15,euronext,excluded_no_relevant_market_data_marker,9,high_irrelevant,False
https://www.euronext.com/en/csd/milan/intermediaries/cross-market-documents,outputs\full_universe_source_acquisition\raw\euronext_v2_15c\euronext_advanced_reference_data.html,15,euronext,excluded_no_relevant_market_data_marker,9,high_irrelevant,False
https://www.euronext.com/en/csd/milan/issuers/register-agm-services,outputs\full_universe_source_acquisition\raw\euronext_v2_15c\euronext_advanced_reference_data.html,15,euronext,excluded_no_relevant_market_data_marker,9,high_irrelevant,False
https://www.euronext.com/en/csd/milan/issuers/issuance-services,outputs\full_universe_source_acquisition\raw\euronext_v2_15c\euronext_advanced_reference_data.html,15,euronext,excluded_no_relevant_market_data_marker,9,high_irrelevant,False
https://www.euronext.com/en/csd/milan/issuers/issuer-services,outputs\full_universe_source_acquisition\raw\euronext_v2_15c\euronext_advanced_reference_data.html,15,euronext,excluded_no_relevant_market_data_marker,9,high_irrelevant,False
https://www.euronext.com/en/csd/milan/issuers/srl-dematerialisation,outputs\full_universe_source_acquisition\raw\euronext_v2_15c\euronext_advanced_reference_data.html,15,euronext,excluded_no_relevant_market_data_marker,9,high_irrelevant,False
https://www.euronext.com/en/csd/milan/membership/contracts-and-fees,outputs\full_universe_source_acquisition\raw\euronext_v2_15c\euronext_advanced_reference_data.html,15,euronext,excluded_no_relevant_market_data_marker,9,high_irrelevant,False
https://www.euronext.com/en/csd/milan/membership/connectivity,outputs\full_universe_source_acquisition\raw\euronext_v2_15c\euronext_advanced_reference_data.html,15,euronext,excluded_no_relevant_market_data_marker,9,high_irrelevant,False
https://www.euronext.com/en/csd/milan/membership/rules-instructions,outputs\full_universe_source_acquisition\raw\euronext_v2_15c\euronext_advanced_reference_data.html,15,euronext,excluded_no_relevant_market_data_marker,9,high_irrelevant,False
https://www.euronext.com/en/csd/milan/news-initiatives/market-notices,outputs\full_universe_source_acquisition\raw\euronext_v2_15c\euronext_advanced_reference_data.html,15,euronext,excluded_no_relevant_market_data_marker,9,high_irrelevant,False
https://www.euronext.com/en/csd/milan/news-initiatives/operational-notices,outputs\full_universe_source_acquisition\raw\euronext_v2_15c\euronext_advanced_reference_data.html,15,euronext,excluded_no_relevant_market_data_marker,9,high_irrelevant,False
https://www.euronext.com/en/csd/milan/news-initiatives/news,outputs\full_universe_source_acquisition\raw\euronext_v2_15c\euronext_advanced_reference_data.html,15,euronext,excluded_no_relevant_market_data_marker,9,high_irrelevant,False
https://www.euronext.com/en/csd/milan/news-initiatives/events,outputs\full_universe_source_acquisition\raw\euronext_v2_15c\euronext_advanced_reference_data.html,15,euronext,excluded_no_relevant_market_data_marker,9,high_irrelevant,False
https://www.euronext.com/en/csd/oslo/debt-funds-and-etps/registration-and-administration,outputs\full_universe_source_acquisition\raw\euronext_v2_15c\euronext_advanced_reference_data.html,15,euronext,excluded_no_relevant_market_data_marker,9,high_irrelevant,False
https://www.euronext.com/en/csd/oslo/debt-funds-and-etps/bondholder-meeting,outputs\full_universe_source_acquisition\raw\euronext_v2_15c\euronext_advanced_reference_data.html,15,euronext,excluded_no_relevant_market_data_marker,9,high_irrelevant,False
https://www.euronext.com/en/csd/oslo/debt-funds-and-etps/corporate-actions,outputs\full_universe_source_acquisition\raw\euronext_v2_15c\euronext_advanced_reference_data.html,15,euronext,excluded_no_relevant_market_data_marker,9,high_irrelevant,False
https://www.euronext.com/en/csd/oslo/debt-funds-and-etps/funds,outputs\full_universe_source_acquisition\raw\euronext_v2_15c\euronext_advanced_reference_data.html,15,euronext,excluded_no_relevant_market_data_marker,9,high_irrelevant,False
https://www.euronext.com/en/csd/oslo/debt-funds-and-etps/investor-communication,outputs\full_universe_source_acquisition\raw\euronext_v2_15c\euronext_advanced_reference_data.html,15,euronext,excluded_no_relevant_market_data_marker,9,high_irrelevant,False
https://www.euronext.com/en/csd/oslo/settlement/vps-clearing-and-settlement,outputs\full_universe_source_acquisition\raw\euronext_v2_15c\euronext_advanced_reference_data.html,15,euronext,excluded_no_relevant_market_data_marker,9,high_irrelevant,False
https://www.euronext.com/en/csd/oslo/settlement/extended-balance-check-and-sweeping,outputs\full_universe_source_acquisition\raw\euronext_v2_15c\euronext_advanced_reference_data.html,15,euronext,excluded_no_relevant_market_data_marker,9,high_irrelevant,False
https://www.euronext.com/en/csd/oslo/settlement/vps-settlement-benchmark,outputs\full_universe_source_acquisition\raw\euronext_v2_15c\euronext_advanced_reference_data.html,15,euronext,excluded_no_relevant_market_data_marker,9,high_irrelevant,False
https://www.euronext.com/en/csd/oslo/settlement/message-exchange-iso-15022-and-iso-20022,outputs\full_universe_source_acquisition\raw\euronext_v2_15c\euronext_advanced_reference_data.html,15,euronext,excluded_no_relevant_market_data_marker,9,high_irrelevant,False
https://www.euronext.com/en/csd/oslo/safekeeping-and-asset-servicing/client-and-account-administration,outputs\full_universe_source_acquisition\raw\euronext_v2_15c\euronext_advanced_reference_data.html,15,euronext,excluded_no_relevant_market_data_marker,9,high_irrelevant,False
https://www.euronext.com/en/csd/oslo/safekeeping-and-asset-servicing/safekeeping,outputs\full_universe_source_acquisition\raw\euronext_v2_15c\euronext_advanced_reference_data.html,15,euronext,excluded_no_relevant_market_data_marker,9,high_irrelevant,False
https://www.euronext.com/en/csd/oslo/safekeeping-and-asset-servicing/investor-portal,outputs\full_universe_source_acquisition\raw\euronext_v2_15c\euronext_advanced_reference_data.html,15,euronext,excluded_no_relevant_market_data_marker,9,high_irrelevant,False
https://www.euronext.com/en/csd/oslo/tax-services/share-savings-account-ssa,outputs\full_universe_source_acquisition\raw\euronext_v2_15c\euronext_advanced_reference_data.html,15,euronext,excluded_no_relevant_market_data_marker,9,high_irrelevant,False
https://www.euronext.com/en/csd/oslo/tax-services/tax-reporting-other-depot,outputs\full_universe_source_acquisition\raw\euronext_v2_15c\euronext_advanced_reference_data.html,15,euronext,excluded_no_relevant_market_data_marker,9,high_irrelevant,False
https://www.euronext.com/en/csd/oslo/tax-services/reporting-fatca-and-crs,outputs\full_universe_source_acquisition\raw\euronext_v2_15c\euronext_advanced_reference_data.html,15,euronext,excluded_no_relevant_market_data_marker,9,high_irrelevant,False
https://www.euronext.com/en/csd/oslo/career/meet-our-employees,outputs\full_universe_source_acquisition\raw\euronext_v2_15c\euronext_advanced_reference_data.html,15,euronext,excluded_no_relevant_market_data_marker,9,high_irrelevant,False
https://www.euronext.com/en/csd/oslo/information-for/issuer,outputs\full_universe_source_acquisition\raw\euronext_v2_15c\euronext_advanced_reference_data.html,15,euronext,excluded_no_relevant_market_data_marker,9,high_irrelevant,False
https://www.euronext.com/en/csd/oslo/information-for/issuer/become-registered,outputs\full_universe_source_acquisition\raw\euronext_v2_15c\euronext_advanced_reference_data.html,15,euronext,excluded_no_relevant_market_data_marker,9,high_irrelevant,False
https://www.euronext.com/en/csd/oslo/information-for/account-operator,outputs\full_universe_source_acquisition\raw\euronext_v2_15c\euronext_advanced_reference_data.html,15,euronext,excluded_no_relevant_market_data_marker,9,high_irrelevant,False
https://www.euronext.com/en/csd/oslo/information-for/account-operator/how-become-account-operator,outputs\full_universe_source_acquisition\raw\euronext_v2_15c\euronext_advanced_reference_data.html,15,euronext,excluded_no_relevant_market_data_marker,9,high_irrelevant,False
https://www.euronext.com/en/csd/oslo/information-for/account-operator/find-account-operator,outputs\full_universe_source_acquisition\raw\euronext_v2_15c\euronext_advanced_reference_data.html,15,euronext,excluded_no_relevant_market_data_marker,9,high_irrelevant,False
https://www.euronext.com/en/csd/oslo/information-for/account-operator/find-account-operator/account-operator-investor,outputs\full_universe_source_acquisition\raw\euronext_v2_15c\euronext_advanced_reference_data.html,15,euronext,excluded_no_relevant_market_data_marker,9,high_irrelevant,False
https://www.euronext.com/en/csd/oslo/information-for/account-operator/find-account-operator/account-operators-for-shares-and,outputs\full_universe_source_acquisition\raw\euronext_v2_15c\euronext_advanced_reference_data.html,15,euronext,excluded_no_relevant_market_data_marker,9,high_irrelevant,False
https://www.euronext.com/en/csd/oslo/about-us/corporate-governance,outputs\full_universe_source_acquisition\raw\euronext_v2_15c\euronext_advanced_reference_data.html,15,euronext,excluded_no_relevant_market_data_marker,9,high_irrelevant,False
https://www.euronext.com/en/csd/oslo/about-us/corporate-governance/board-directors-euronext-securities-oslo,outputs\full_universe_source_acquisition\raw\euronext_v2_15c\euronext_advanced_reference_data.html,15,euronext,excluded_no_relevant_market_data_marker,9,high_irrelevant,False
https://www.euronext.com/en/csd/oslo/about-us/corporate-governance/euronext-securities-oslo-management-group,outputs\full_universe_source_acquisition\raw\euronext_v2_15c\euronext_advanced_reference_data.html,15,euronext,excluded_no_relevant_market_data_marker,9,high_irrelevant,False
https://www.euronext.com/en/csd/oslo/about-us/corporate-governance/board-committees,outputs\full_universe_source_acquisition\raw\euronext_v2_15c\euronext_advanced_reference_data.html,15,euronext,excluded_no_relevant_market_data_marker,9,high_irrelevant,False
https://www.euronext.com/en/csd/oslo/about-us/corporate-governance/user-committee,outputs\full_universe_source_acquisition\raw\euronext_v2_15c\euronext_advanced_reference_data.html,15,euronext,excluded_no_relevant_market_data_marker,9,high_irrelevant,False
https://www.euronext.com/en/csd/oslo/about-us/client-relations,outputs\full_universe_source_acquisition\raw\euronext_v2_15c\euronext_advanced_reference_data.html,15,euronext,excluded_no_relevant_market_data_marker,9,high_irrelevant,False
https://www.euronext.com/en/csd/oslo/about-us/legal-framework,outputs\full_universe_source_acquisition\raw\euronext_v2_15c\euronext_advanced_reference_data.html,15,euronext,excluded_no_relevant_market_data_marker,9,high_irrelevant,False
https://www.euronext.com/en/post-trade/euronext-securities/oslo/about-us/news,outputs\full_universe_source_acquisition\raw\euronext_v2_15c\euronext_advanced_reference_data.html,15,euronext,excluded_no_relevant_market_data_marker,9,high_irrelevant,False
https://www.euronext.com/en/post-trade/euronext-securities/oslo/about-us/vulnerability-reporting,outputs\full_universe_source_acquisition\raw\euronext_v2_15c\euronext_advanced_reference_data.html,15,euronext,excluded_no_relevant_market_data_marker,9,high_irrelevant,False
https://www.euronext.com/en/csd/oslo/about-us/privacy-statement,outputs\full_universe_source_acquisition\raw\euronext_v2_15c\euronext_advanced_reference_data.html,15,euronext,excluded_no_relevant_market_data_marker,9,high_irrelevant,False
https://www.euronext.com/en/csd/porto/about-us/organisational-structure,outputs\full_universe_source_acquisition\raw\euronext_v2_15c\euronext_advanced_reference_data.html,15,euronext,excluded_no_relevant_market_data_marker,9,high_irrelevant,False
https://www.euronext.com/en/csd/porto/about-us/board-committees,outputs\full_universe_source_acquisition\raw\euronext_v2_15c\euronext_advanced_reference_data.html,15,euronext,excluded_no_relevant_market_data_marker,9,high_irrelevant,False
https://www.euronext.com/en/csd/porto/about-us/user-committee,outputs\full_universe_source_acquisition\raw\euronext_v2_15c\euronext_advanced_reference_data.html,15,euronext,excluded_no_relevant_market_data_marker,9,high_irrelevant,False
https://www.euronext.com/en/csd/porto/about-us/management-reports-laws,outputs\full_universe_source_acquisition\raw\euronext_v2_15c\euronext_advanced_reference_data.html,15,euronext,excluded_no_relevant_market_data_marker,9,high_irrelevant,False
https://www.euronext.com/en/csd/porto/about-us/working-days-operating-hours,outputs\full_universe_source_acquisition\raw\euronext_v2_15c\euronext_advanced_reference_data.html,15,euronext,excluded_no_relevant_market_data_marker,9,high_irrelevant,False
https://www.euronext.com/en/csd/porto/about-us/handling-complaints,outputs\full_universe_source_acquisition\raw\euronext_v2_15c\euronext_advanced_reference_data.html,15,euronext,excluded_no_relevant_market_data_marker,9,high_irrelevant,False
https://www.euronext.com/en/csd/porto/our-clients/list-issuers,outputs\full_universe_source_acquisition\raw\euronext_v2_15c\euronext_advanced_reference_data.html,15,euronext,excluded_no_relevant_market_data_marker,9,high_irrelevant,False
https://www.euronext.com/en/csd/porto/our-clients/list-participants,outputs\full_universe_source_acquisition\raw\euronext_v2_15c\euronext_advanced_reference_data.html,15,euronext,excluded_no_relevant_market_data_marker,9,high_irrelevant,False
https://www.euronext.com/en/csd/porto/our-clients/how-become-member,outputs\full_universe_source_acquisition\raw\euronext_v2_15c\euronext_advanced_reference_data.html,15,euronext,excluded_no_relevant_market_data_marker,9,high_irrelevant,False
https://www.euronext.com/en/csd/porto/our-clients/my-interbolsa,outputs\full_universe_source_acquisition\raw\euronext_v2_15c\euronext_advanced_reference_data.html,15,euronext,excluded_no_relevant_market_data_marker,9,high_irrelevant,False
https://www.euronext.com/en/csd/porto/our-clients/my-interbolsa/advantages-accessing-my-interbolsa,outputs\full_universe_source_acquisition\raw\euronext_v2_15c\euronext_advanced_reference_data.html,15,euronext,excluded_no_relevant_market_data_marker,9,high_irrelevant,False
https://www.euronext.com/en/csd/porto/our-clients/my-interbolsa/how-access,outputs\full_universe_source_acquisition\raw\euronext_v2_15c\euronext_advanced_reference_data.html,15,euronext,excluded_no_relevant_market_data_marker,9,high_irrelevant,False
https://www.euronext.com/en/csd/porto/our-clients/my-interbolsa/how-register,outputs\full_universe_source_acquisition\raw\euronext_v2_15c\euronext_advanced_reference_data.html,15,euronext,excluded_no_relevant_market_data_marker,9,high_irrelevant,False
https://www.euronext.com/en/csd/porto/legislation-and-regulation/csd-regulation-csdr,outputs\full_universe_source_acquisition\raw\euronext_v2_15c\euronext_advanced_reference_data.html,15,euronext,excluded_no_relevant_market_data_marker,9,high_irrelevant,False
https://www.euronext.com/en/csd/porto/legislation-and-regulation/csd-regulation-csdr/settlement-discipline-regime,outputs\full_universe_source_acquisition\raw\euronext_v2_15c\euronext_advanced_reference_data.html,15,euronext,excluded_no_relevant_market_data_marker,9,high_irrelevant,False
https://www.euronext.com/en/csd/porto/legislation-and-regulation/our-rules,outputs\full_universe_source_acquisition\raw\euronext_v2_15c\euronext_advanced_reference_data.html,15,euronext,excluded_no_relevant_market_data_marker,9,high_irrelevant,False
https://www.euronext.com/en/csd/porto/legislation-and-regulation/complementary-legislation,outputs\full_universe_source_acquisition\raw\euronext_v2_15c\euronext_advanced_reference_data.html,15,euronext,excluded_no_relevant_market_data_marker,9,high_irrelevant,False
https://www.euronext.com/en/csd/porto/legislation-and-regulation/securities-code,outputs\full_universe_source_acquisition\raw\euronext_v2_15c\euronext_advanced_reference_data.html,15,euronext,excluded_no_relevant_market_data_marker,9,high_irrelevant,False
https://www.euronext.com/en/csd/porto/legislation-and-regulation/guarantee-fund,outputs\full_universe_source_acquisition\raw\euronext_v2_15c\euronext_advanced_reference_data.html,15,euronext,excluded_no_relevant_market_data_marker,9,high_irrelevant,False
https://www.euronext.com/en/csd/porto/legislation-and-regulation/srd,outputs\full_universe_source_acquisition\raw\euronext_v2_15c\euronext_advanced_reference_data.html,15,euronext,excluded_no_relevant_market_data_marker,9,high_irrelevant,False
https://www.euronext.com/en/csd/porto/legislation-and-regulation/shareholders-rights-directive/srd-ii-identification-beneficial,outputs\full_universe_source_acquisition\raw\euronext_v2_15c\euronext_advanced_reference_data.html,15,euronext,excluded_no_relevant_market_data_marker,9,high_irrelevant,False
https://www.euronext.com/en/csd/porto/legislation-and-regulation/shareholders-rights-directive/srd-ii-general-meetings,outputs\full_universe_source_acquisition\raw\euronext_v2_15c\euronext_advanced_reference_data.html,15,euronext,excluded_no_relevant_market_data_marker,9,high_irrelevant,False
https://www.euronext.com/en/csd/porto/legislation-and-regulation/shareholders-rights-directive/srd-ii-timeline,outputs\full_universe_source_acquisition\raw\euronext_v2_15c\euronext_advanced_reference_data.html,15,euronext,excluded_no_relevant_market_data_marker,9,high_irrelevant,False
https://www.euronext.com/en/csd/porto/services/centralised-systems/issues-registration-control-and-cancellation,outputs\full_universe_source_acquisition\raw\euronext_v2_15c\euronext_advanced_reference_data.html,15,euronext,excluded_no_relevant_market_data_marker,9,high_irrelevant,False
https://www.euronext.com/en/csd/porto/services/centralised-systems/securities-transfer,outputs\full_universe_source_acquisition\raw\euronext_v2_15c\euronext_advanced_reference_data.html,15,euronext,excluded_no_relevant_market_data_marker,9,high_irrelevant,False
https://www.euronext.com/en/csd/porto/services/centralised-systems/exercise-ownership,outputs\full_universe_source_acquisition\raw\euronext_v2_15c\euronext_advanced_reference_data.html,15,euronext,excluded_no_relevant_market_data_marker,9,high_irrelevant,False
https://www.euronext.com/en/csd/porto/services/settlement-systems/real-time-settlement-system,outputs\full_universe_source_acquisition\raw\euronext_v2_15c\euronext_advanced_reference_data.html,15,euronext,excluded_no_relevant_market_data_marker,9,high_irrelevant,False
https://www.euronext.com/en/csd/porto/services/settlement-systems/non-euro-currency-settlement-system,outputs\full_universe_source_acquisition\raw\euronext_v2_15c\euronext_advanced_reference_data.html,15,euronext,excluded_no_relevant_market_data_marker,9,high_irrelevant,False
https://www.euronext.com/en/csd/porto/services/other-systems/national-numbering-agency,outputs\full_universe_source_acquisition\raw\euronext_v2_15c\euronext_advanced_reference_data.html,15,euronext,excluded_no_relevant_market_data_marker,9,high_irrelevant,False
https://www.euronext.com/en/csd/porto/services/other-systems/investment-funds-service-order-routing,outputs\full_universe_source_acquisition\raw\euronext_v2_15c\euronext_advanced_reference_data.html,15,euronext,excluded_no_relevant_market_data_marker,9,high_irrelevant,False
https://www.euronext.com/en/csd/porto/services/other-systems/securities-lending-service,outputs\full_universe_source_acquisition\raw\euronext_v2_15c\euronext_advanced_reference_data.html,15,euronext,excluded_no_relevant_market_data_marker,9,high_irrelevant,False
https://www.euronext.com/en/csd/porto/services/other-systems/identification-securities-holders,outputs\full_universe_source_acquisition\raw\euronext_v2_15c\euronext_advanced_reference_data.html,15,euronext,excluded_no_relevant_market_data_marker,9,high_irrelevant,False
https://www.euronext.com/en/csd/porto/services/other-systems/corporate-actions-notification,outputs\full_universe_source_acquisition\raw\euronext_v2_15c\euronext_advanced_reference_data.html,15,euronext,excluded_no_relevant_market_data_marker,9,high_irrelevant,False
https://www.euronext.com/en/csd/porto/services/other-systems/csd-links,outputs\full_universe_source_acquisition\raw\euronext_v2_15c\euronext_advanced_reference_data.html,15,euronext,excluded_no_relevant_market_data_marker,9,high_irrelevant,False
https://www.euronext.com/en/csd/porto/documentation/notices,outputs\full_universe_source_acquisition\raw\euronext_v2_15c\euronext_advanced_reference_data.html,15,euronext,excluded_no_relevant_market_data_marker,9,high_irrelevant,False
https://www.euronext.com/en/csd/porto/documentation/fee-books,outputs\full_universe_source_acquisition\raw\euronext_v2_15c\euronext_advanced_reference_data.html,15,euronext,excluded_no_relevant_market_data_marker,9,high_irrelevant,False
https://www.euronext.com/en/csd/porto/documentation/operational-documentation,outputs\full_universe_source_acquisition\raw\euronext_v2_15c\euronext_advanced_reference_data.html,15,euronext,excluded_no_relevant_market_data_marker,9,high_irrelevant,False
https://www.euronext.com/en/csd/porto/documentation/highlights,outputs\full_universe_source_acquisition\raw\euronext_v2_15c\euronext_advanced_reference_data.html,15,euronext,excluded_no_relevant_market_data_marker,9,high_irrelevant,False
https://www.euronext.com/en/csd/porto/documentation/securities-under-custody,outputs\full_universe_source_acquisition\raw\euronext_v2_15c\euronext_advanced_reference_data.html,15,euronext,excluded_no_relevant_market_data_marker,9,high_irrelevant,False
https://www.euronext.com/en/csd/porto/documentation/statistics,outputs\full_universe_source_acquisition\raw\euronext_v2_15c\euronext_advanced_reference_data.html,15,euronext,excluded_no_relevant_market_data_marker,9,high_irrelevant,False
https://www.euronext.com/en/csd/porto/documentation/statistics/total-issues-under-control,outputs\full_universe_source_acquisition\raw\euronext_v2_15c\euronext_advanced_reference_data.html,15,euronext,excluded_no_relevant_market_data_marker,9,high_irrelevant,False
https://www.euronext.com/en/csd/porto/documentation/statistics/issues-under-control-month,outputs\full_universe_source_acquisition\raw\euronext_v2_15c\euronext_advanced_reference_data.html,15,euronext,excluded_no_relevant_market_data_marker,9,high_irrelevant,False
https://www.euronext.com/en/csd/porto/documentation/statistics/cancelled-issues-month,outputs\full_universe_source_acquisition\raw\euronext_v2_15c\euronext_advanced_reference_data.html,15,euronext,excluded_no_relevant_market_data_marker,9,high_irrelevant,False
https://www.euronext.com/en/csd/porto/documentation/statistics/events-ca,outputs\full_universe_source_acquisition\raw\euronext_v2_15c\euronext_advanced_reference_data.html,15,euronext,excluded_no_relevant_market_data_marker,9,high_irrelevant,False
https://www.euronext.com/en/csd/porto/documentation/statistics/events-ca4u,outputs\full_universe_source_acquisition\raw\euronext_v2_15c\euronext_advanced_reference_data.html,15,euronext,excluded_no_relevant_market_data_marker,9,high_irrelevant,False
https://www.euronext.com/en/csd/porto/documentation/statistics/real-time-settlement-system,outputs\full_universe_source_acquisition\raw\euronext_v2_15c\euronext_advanced_reference_data.html,15,euronext,excluded_no_relevant_market_data_marker,9,high_irrelevant,False
https://www.euronext.com/en/csd/porto/documentation/statistics/settlement-market-operations,outputs\full_universe_source_acquisition\raw\euronext_v2_15c\euronext_advanced_reference_data.html,15,euronext,excluded_no_relevant_market_data_marker,9,high_irrelevant,False
https://www.euronext.com/en/csd/porto/documentation/statistics/isin-codes,outputs\full_universe_source_acquisition\raw\euronext_v2_15c\euronext_advanced_reference_data.html,15,euronext,excluded_no_relevant_market_data_marker,9,high_irrelevant,False
https://www.euronext.com/en/csd/porto/documentation/statistics/other-account-movements,outputs\full_universe_source_acquisition\raw\euronext_v2_15c\euronext_advanced_reference_data.html,15,euronext,excluded_no_relevant_market_data_marker,9,high_irrelevant,False
https://www.euronext.com/en/csd/porto/documentation/other-documents,outputs\full_universe_source_acquisition\raw\euronext_v2_15c\euronext_advanced_reference_data.html,15,euronext,excluded_no_relevant_market_data_marker,9,high_irrelevant,False
https://www.euronext.com/en/about-euronext/about/our-business/euronext-group-websites,outputs\full_universe_source_acquisition\raw\euronext_v2_15c\euronext_advanced_reference_data.html,15,euronext,excluded_marketing_or_corporate_page,9,high_irrelevant,False
https://www.euronext.com/en/investor-relations/financial-information/news,outputs\full_universe_source_acquisition\raw\euronext_v2_15c\euronext_advanced_reference_data.html,15,euronext,excluded_marketing_or_corporate_page,9,high_irrelevant,False
https://www.euronext.com/en/investor-relations/financial-information/financial-presentations,outputs\full_universe_source_acquisition\raw\euronext_v2_15c\euronext_advanced_reference_data.html,15,euronext,excluded_marketing_or_corporate_page,9,high_irrelevant,False
https://www.euronext.com/en/investor-relations/financial-information/quarterly-financial-information-and-reports,outputs\full_universe_source_acquisition\raw\euronext_v2_15c\euronext_advanced_reference_data.html,15,euronext,excluded_marketing_or_corporate_page,9,high_irrelevant,False
https://www.euronext.com/en/investor-relations/financial-information/financial-reports,outputs\full_universe_source_acquisition\raw\euronext_v2_15c\euronext_advanced_reference_data.html,15,euronext,excluded_marketing_or_corporate_page,9,high_irrelevant,False
https://www.euronext.com/en/investor-relations/corporate-governance/supervisory-board,outputs\full_universe_source_acquisition\raw\euronext_v2_15c\euronext_advanced_reference_data.html,15,euronext,excluded_marketing_or_corporate_page,9,high_irrelevant,False
https://www.euronext.com/en/investor-relations/corporate-governance/supervisory-board-committees,outputs\full_universe_source_acquisition\raw\euronext_v2_15c\euronext_advanced_reference_data.html,15,euronext,excluded_marketing_or_corporate_page,9,high_irrelevant,False
https://www.euronext.com/en/investor-relations/corporate-governance/managing-board,outputs\full_universe_source_acquisition\raw\euronext_v2_15c\euronext_advanced_reference_data.html,15,euronext,excluded_marketing_or_corporate_page,9,high_irrelevant,False
https://www.euronext.com/en/investor-relations/corporate-governance/management-transactions,outputs\full_universe_source_acquisition\raw\euronext_v2_15c\euronext_advanced_reference_data.html,15,euronext,excluded_marketing_or_corporate_page,9,high_irrelevant,False
https://www.euronext.com/en/about/empowering-sustainable-growth/sustainability-week/events,outputs\full_universe_source_acquisition\raw\euronext_v2_15c\euronext_advanced_reference_data.html,15,euronext,excluded_marketing_or_corporate_page,9,high_irrelevant,False
https://www.euronext.com/en/about-euronext/empowering-sustainable-growth/euronext-foundation/insead-euronext-scholarship,outputs\full_universe_source_acquisition\raw\euronext_v2_15c\euronext_advanced_reference_data.html,15,euronext,excluded_no_relevant_market_data_marker,9,high_irrelevant,False
https://www.euronext.com/en/about/esg-empowering-sustainable-growth/sustainable-supply-chain/guidance-and-resources,outputs\full_universe_source_acquisition\raw\euronext_v2_15c\euronext_advanced_reference_data.html,15,euronext,excluded_marketing_or_corporate_page,9,high_irrelevant,False
https://www.euronext.com/en/about-euronext/markets/amsterdam/amsterdam-exchange-experience,outputs\full_universe_source_acquisition\raw\euronext_v2_15c\euronext_advanced_reference_data.html,15,euronext,excluded_no_relevant_market_data_marker,9,high_irrelevant,False
https://www.euronext.com/en/about-euronext/markets/dublin/market-floor,outputs\full_universe_source_acquisition\raw\euronext_v2_15c\euronext_advanced_reference_data.html,15,euronext,excluded_no_relevant_market_data_marker,9,high_irrelevant,False
https://www.euronext.com/en/markets/lisbon/euronext-lisbon-newsletter,outputs\full_universe_source_acquisition\raw\euronext_v2_15c\euronext_advanced_reference_data.html,15,euronext,excluded_no_relevant_market_data_marker,9,high_irrelevant,False
https://www.euronext.com/en/node/1815629,outputs\full_universe_source_acquisition\raw\euronext_v2_15c\euronext_advanced_reference_data.html,15,euronext,excluded_no_relevant_market_data_marker,9,high_irrelevant,False
https://www.euronext.com/en/markets/oslo/courses-seminars,outputs\full_universe_source_acquisition\raw\euronext_v2_15c\euronext_advanced_reference_data.html,15,euronext,excluded_no_relevant_market_data_marker,9,high_irrelevant,False
https://www.euronext.com/en/markets/oslo/oslo-bors-senior-management,outputs\full_universe_source_acquisition\raw\euronext_v2_15c\euronext_advanced_reference_data.html,15,euronext,excluded_no_relevant_market_data_marker,9,high_irrelevant,False
https://www.euronext.com/assets/js/optimized/js_up_oH12rcZw-ZC3YEq1EkPaX_rJKC0PFWgSeCvurtJQ.gV4rNBWCkoEDwimta37EBSpU2w9Eza7qvDjconRWWPA.js?v=10.6.9,outputs\full_universe_source_acquisition\raw\euronext_v2_15c\euronext_advanced_reference_data.html,15,euronext,excluded_no_relevant_market_data_marker,9,high_irrelevant,False
https://www.euronext.com/assets/js/optimized/js_qjk8CjBH64PLeIBz5mxcPE-Au60kosBcEusnXLVy9h0.4UPxDtrR8m-gvRj5iTGpE2I8wF0qYd0IrkIZmJPEGNI.js?thxpq1,outputs\full_universe_source_acquisition\raw\euronext_v2_15c\euronext_advanced_reference_data.html,15,euronext,excluded_no_relevant_market_data_marker,9,high_irrelevant,False
https://www.euronext.com/assets/js/optimized/js_U9EvEzzZK9T3DN143pOd1BEgqdHGM8BLK7LQCXKFuY8.u74IX0GuIUExgK7GRvQnlQjv_LrMIsG1zJPOllGRHuM.js?thxpq1,outputs\full_universe_source_acquisition\raw\euronext_v2_15c\euronext_advanced_reference_data.html,15,euronext,excluded_no_relevant_market_data_marker,9,high_irrelevant,False
https://www.euronext.com/assets/js/optimized/js_ox8cF8SCOJlwKQkdZznNwtOne9eutLxB1Feuvq2VSk0.Hpd96YLM1UgJ_jlJJ9PfuQvW84vN5H7qKkuq0QcsqIQ.js?v=10.6.9,outputs\full_universe_source_acquisition\raw\euronext_v2_15c\euronext_advanced_reference_data.html,15,euronext,excluded_no_relevant_market_data_marker,9,high_irrelevant,False
https://www.euronext.com/assets/js/optimized/js_imVEJeXqFJ_-IJ4VO0iEaKITODBAiAL-RvqlvQCQPSg.iMI1-eSF2zjyRbAGzCVoVMjtGcdnTE1Ao1kLd-Y8aqU.js?v=3.7.1,outputs\full_universe_source_acquisition\raw\euronext_v2_15c\euronext_advanced_reference_data.html,15,euronext,excluded_no_relevant_market_data_marker,9,high_irrelevant,False
https://www.euronext.com/assets/js/optimized/js_nsS35-LQ-554xCY42g-OwDZHZ01_ekfHTXJ-DHPYSSM.6jNAKudYvrki8ZzlGHm4Dqy5ynymZrgFPWIM7ZZaNdY.js?v=1.0.1,outputs\full_universe_source_acquisition\raw\euronext_v2_15c\euronext_advanced_reference_data.html,15,euronext,excluded_no_relevant_market_data_marker,9,high_irrelevant,False
https://www.euronext.com/assets/js/optimized/js_gWp5Uk5vb04boL02rtrE-Uwkig_r7ZJYGLLjufq24sg.USkSbaw1WnVnOdKyWSsw4uoDMBTQwrym4JZd6PffP-0.js?thxpq1,outputs\full_universe_source_acquisition\raw\euronext_v2_15c\euronext_advanced_reference_data.html,15,euronext,excluded_no_relevant_market_data_marker,9,high_irrelevant,False
https://www.euronext.com/assets/js/optimized/js_vbvIAXIRBYkneU6O4tYB2HhZLn1g0gxzpnUyJzjn0lU.Ip5iXYMF5NLlDNUeDrHTRWg76SX0K-kvjUgs1A1mAbU.js?v=10.6.9,outputs\full_universe_source_acquisition\raw\euronext_v2_15c\euronext_advanced_reference_data.html,15,euronext,excluded_no_relevant_market_data_marker,9,high_irrelevant,False
https://www.euronext.com/assets/js/optimized/js_W-EKgC28FxiITmp3A1_TnAouYyCiiegLdpDC9D57UVQ.ETYGC1CaDxvpDHB3mN49NwSm3FYyxmSeShXTGBChB_I.js?v=10.6.9,outputs\full_universe_source_acquisition\raw\euronext_v2_15c\euronext_advanced_reference_data.html,15,euronext,excluded_no_relevant_market_data_marker,9,high_irrelevant,False
https://www.euronext.com/assets/js/optimized/js_FaCKWaeQntn_KSCyAANw5jTzW1oo-Lnk0uc73vlGNZs.JUSHoDYLIah8RroFBdLFkyAu4DlcmnyOpay6Jj8k5pI.js?v=10.6.9,outputs\full_universe_source_acquisition\raw\euronext_v2_15c\euronext_advanced_reference_data.html,15,euronext,excluded_no_relevant_market_data_marker,9,high_irrelevant,False
https://www.euronext.com/assets/js/optimized/js_vtIsLeNUjobqSpHnqmVxr0FOJO2jiZfJoDv6U4hXY1A.EIK5YzhhNvgfuSV8o4iFbOZVLsUnsVwUQeA5lAT4UAQ.js?v=10.6.9,outputs\full_universe_source_acquisition\raw\euronext_v2_15c\euronext_advanced_reference_data.html,15,euronext,excluded_no_relevant_market_data_marker,9,high_irrelevant,False
https://www.euronext.com/assets/js/optimized/js_y3fhJ1iqmchAnmbOo7CuE0Xe2SmVcQpuRFZJvDIpJOQ.hTIRFKVVXgiNGEnEvjT6ab9nqjg8ZA0vr2WE6pA17WI.js?v=1.x,outputs\full_universe_source_acquisition\raw\euronext_v2_15c\euronext_advanced_reference_data.html,15,euronext,excluded_no_relevant_market_data_marker,9,high_irrelevant,False
https://www.euronext.com/assets/js/optimized/js_uD65KUgpNxSBxSoTP0zpYdfVz1RipcnQEvoH3b1M_D4.Ffi-pT3pJaHw9kL5wxFA9lIl6w3M-2HQHpqJLDHtwIY.js?v=6.3.0,outputs\full_universe_source_acquisition\raw\euronext_v2_15c\euronext_advanced_reference_data.html,15,euronext,excluded_no_relevant_market_data_marker,9,high_irrelevant,False
https://www.euronext.com/assets/js/optimized/js_PIH3e_4jgWg0VjvFQRBxAjjlRvKaZLuP-eSLSpNpRvw.ze6xwdk-UAJnlkyGkJ_mk0FrMFfu_ETZBbMWOcF9h2U.js?thxpq1,outputs\full_universe_source_acquisition\raw\euronext_v2_15c\euronext_advanced_reference_data.html,15,euronext,excluded_no_relevant_market_data_marker,9,high_irrelevant,False
https://www.euronext.com/assets/js/optimized/js_j2O00_CJIjtcdwu4FaJMf8AjCf7w7ziop44y8fAXoIM.blHIuVkABLdDK8zyDaXD51ltkfUdRPgShSqmTf0regM.js?thxpq1,outputs\full_universe_source_acquisition\raw\euronext_v2_15c\euronext_advanced_reference_data.html,15,euronext,excluded_no_relevant_market_data_marker,9,high_irrelevant,False
https://www.euronext.com/assets/js/optimized/js_mtzfQvH44Ynl-oDdVszwxxHEeBsDRVxpQdbLcKWwRzQ.4JvDfc0qug4qtC9ze4X8Xg86rtDBu96QVvce-BaSHmg.js?thxpq1,outputs\full_universe_source_acquisition\raw\euronext_v2_15c\euronext_advanced_reference_data.html,15,euronext,excluded_no_relevant_market_data_marker,9,high_irrelevant,False
https://www.euronext.com/assets/js/optimized/js_GE4sWF9RQ8HNlqrDNkZqw2pfUlat9O_b4a2WbqeSTnk.552aXfB_esOlhjUqzVbUCENV3GWthQEJlgB_HS0OPcM.js?v=1.x,outputs\full_universe_source_acquisition\raw\euronext_v2_15c\euronext_advanced_reference_data.html,15,euronext,excluded_no_relevant_market_data_marker,9,high_irrelevant,False
https://www.euronext.com/assets/js/optimized/js__ixORzMF4pSjDt7ejuLXmwJsf2YyduLZe5K4GSOodSU.i-np9-z7GnllPTM0JSJSZZHucQRRBO3RFot5VHwG-9E.js?v=10.6.9,outputs\full_universe_source_acquisition\raw\euronext_v2_15c\euronext_advanced_reference_data.html,15,euronext,excluded_no_relevant_market_data_marker,9,high_irrelevant,False
https://www.euronext.com/assets/js/optimized/js_ZmpPaHesG4kzni67_aq0dYBNm6rWn8b3fJOEJaQ3TUU.-6migwe-wK_iti_dPyBFfsHJeoMmbzXPN9sKrKshTEY.js?v=10.6.9,outputs\full_universe_source_acquisition\raw\euronext_v2_15c\euronext_advanced_reference_data.html,15,euronext,excluded_no_relevant_market_data_marker,9,high_irrelevant,False
https://www.euronext.com/assets/js/optimized/js_PuMlHqzPq7QFbwZxychT70PcghS38K-liqKbPbottZA.FadTIKY-Yx6AaSIc5pDh9iiA274JS5g2njEDAsstF1k.js?v=10.6.9,outputs\full_universe_source_acquisition\raw\euronext_v2_15c\euronext_advanced_reference_data.html,15,euronext,excluded_no_relevant_market_data_marker,9,high_irrelevant,False
https://www.euronext.com/assets/js/optimized/js_qllmFuEivnz7fnkJr8yfJaXAj4D2SRoexy5w_skMbVA.BKSPdbgbJiR0Ev_TTKAa6ac_bD17oiS_O3wmTRYqJ9Y.js?v=1.x,outputs\full_universe_source_acquisition\raw\euronext_v2_15c\euronext_advanced_reference_data.html,15,euronext,excluded_no_relevant_market_data_marker,9,high_irrelevant,False
https://www.euronext.com/assets/js/optimized/js_S3BmcVSjszYnWe8C6xtgKfmD_0D-sntrS6WsYzSJPxA.ccmgZbFkahPfcQ4vmxdycDTkN4i_4VdBv_9CJEu14vw.js?thxpq1,outputs\full_universe_source_acquisition\raw\euronext_v2_15c\euronext_advanced_reference_data.html,15,euronext,excluded_no_relevant_market_data_marker,9,high_irrelevant,False
https://www.euronext.com/assets/js/optimized/js_8zmZHffLVw_BYZ56Jqa1a7pcS8lJoqH3TN-QKLmMd6Y.M9hQMLAd7m7iexGQdRJknZcmO2x9FKFHWNvoPp2bGYs.js?v=10.6.9,outputs\full_universe_source_acquisition\raw\euronext_v2_15c\euronext_advanced_reference_data.html,15,euronext,excluded_no_relevant_market_data_marker,9,high_irrelevant,False
https://www.euronext.com/assets/js/optimized/js_0i19Xkjw6WtfM3G57OLb_MDbpSfcKR_02BbjaGG4irk.jU0Qj_POMO6agNBH25034iNw9iFgcJnwKAbFVYjXUE4.js?v=10.6.9,outputs\full_universe_source_acquisition\raw\euronext_v2_15c\euronext_advanced_reference_data.html,15,euronext,excluded_no_relevant_market_data_marker,9,high_irrelevant,False
https://www.euronext.com/assets/js/optimized/js_VrKfrpA4i8VSi31fzmaY7mQZYw_DYHZYN3l-X8vnVsE.JKIke8qSg_wxqLr7x3ISuPMFT0zmph8sQ4XbaRQkfE0.js?v=10.6.9,outputs\full_universe_source_acquisition\raw\euronext_v2_15c\euronext_advanced_reference_data.html,15,euronext,excluded_no_relevant_market_data_marker,9,high_irrelevant,False
https://www.euronext.com/assets/js/optimized/js_2bg-FFRWb43Jyf5H9jX8HcDhH9woEqw981GVzYHNVmM.GD77Er8BPvdBNFSNdW-65oK7ce59CMz2BUW9A6qJ_Wc.js?v=10.6.9,outputs\full_universe_source_acquisition\raw\euronext_v2_15c\euronext_advanced_reference_data.html,15,euronext,excluded_no_relevant_market_data_marker,9,high_irrelevant,False
https://www.euronext.com/assets/js/optimized/js_y06j5h1pCSlxuR3hRohr3pOqFARryk5TCB5ytR1S_PM.d85hRlqxMloyeflJjcop-33SH9XOWsC5NmZo42N11Eo.js?v=10.6.9,outputs\full_universe_source_acquisition\raw\euronext_v2_15c\euronext_advanced_reference_data.html,15,euronext,excluded_no_relevant_market_data_marker,9,high_irrelevant,False
https://www.euronext.com/assets/js/optimized/js_fJmVtBaG2GJg0R4_RdbThW3vqAvA3BKQmFD0lg8qzNY.tXDaPwPp4W-pj1DjZtlszJV8Vwb7dgpsklq3gq9kDlg.js?v=10.6.9,outputs\full_universe_source_acquisition\raw\euronext_v2_15c\euronext_advanced_reference_data.html,15,euronext,excluded_no_relevant_market_data_marker,9,high_irrelevant,False
https://www.euronext.com/assets/js/optimized/js_WVOajfETYpT25uKHIn29RWM4PN3HqN3_8xnivqeyy7U.7vNR6HgM-1Tzgz02RCoxau-MQx6SLHGYMt6zrd6g1ng.js?v=10.6.9,outputs\full_universe_source_acquisition\raw\euronext_v2_15c\euronext_advanced_reference_data.html,15,euronext,excluded_no_relevant_market_data_marker,9,high_irrelevant,False
https://www.euronext.com/assets/js/optimized/js_SB0ihXyWUFHADNd9B-PODM5EmX2ZoaCnqsCo98JfyHM.cIrDbsnAh3EHEau7_Pz7E7j_ypYpA_3ixgLvnl7sruQ.js?v=10.6.9,outputs\full_universe_source_acquisition\raw\euronext_v2_15c\euronext_advanced_reference_data.html,15,euronext,excluded_no_relevant_market_data_marker,9,high_irrelevant,False
https://www.euronext.com/assets/js/optimized/js_MzZSIssAGriHsJYLmWUKpXpXOU2xLX_wP2ogykeMuuQ.cyf6Cl1WY7K9OrC7gUAHF0GpEhx1kdKNjMTdUQsTRJc.js?thxpq1,outputs\full_universe_source_acquisition\raw\euronext_v2_15c\euronext_advanced_reference_data.html,15,euronext,excluded_no_relevant_market_data_marker,9,high_irrelevant,False
https://www.euronext.com/assets/js/optimized/js_68LilrBVVr2l_4D7kXUSsWWzeRri8GS2pUkWzUIfStM.4M33ftrzEEURLDXBosnfef5pIzIb399RUSuEGPlX3xk.js?thxpq1,outputs\full_universe_source_acquisition\raw\euronext_v2_15c\euronext_advanced_reference_data.html,15,euronext,excluded_no_relevant_market_data_marker,9,high_irrelevant,False
https://www.euronext.com/assets/js/optimized/js_tnGQb5BQTMd-Xs2aXVVnLYKpe2RfhvevxBFH2DsOzhg.dpW4z58pVBLd_vNs_PR0kag0y0wGguGthzoDZjRfl0Q.js?thxpq1,outputs\full_universe_source_acquisition\raw\euronext_v2_15c\euronext_advanced_reference_data.html,15,euronext,excluded_no_relevant_market_data_marker,9,high_irrelevant,False
https://www.euronext.com/assets/js/optimized/js_NPyJ_sHOhvCDW7Sa8bcmhHxYS9xtA8Jih-TEzxk73Qc.KNFCCLbUKKF9Onf7Xe7h4wW4mNqrDa5qDX99wGBLcqI.js?thxpq1,outputs\full_universe_source_acquisition\raw\euronext_v2_15c\euronext_advanced_reference_data.html,15,euronext,excluded_no_relevant_market_data_marker,9,high_irrelevant,False
https://www.euronext.com/assets/js/optimized/js_n0EXDW6XFP9KCI-O3u9ussz21q22--RqbtumTXJShyc.D-qxw32LpkSn6TZOyMVXfOH87m5rASxwiRIiDjxleXo.js?thxpq1,outputs\full_universe_source_acquisition\raw\euronext_v2_15c\euronext_advanced_reference_data.html,15,euronext,excluded_no_relevant_market_data_marker,9,high_irrelevant,False
https://www.euronext.com/assets/js/optimized/js_NDALOKiNjdEH1doq8wjOVTwHVA6VoRkNxdfl1XVR6Hc.P3VT0_hLqvlpNmn_EApqeM1lwGH1Dm50q-rqiiggzEw.js?thxpq1,outputs\full_universe_source_acquisition\raw\euronext_v2_15c\euronext_advanced_reference_data.html,15,euronext,excluded_no_relevant_market_data_marker,9,high_irrelevant,False
https://www.euronext.com/assets/js/optimized/js_5QTp5R5WPebTgj8V7T_MhUoTruXzcFyUnGuCvziuBrg.Idkq8QzO-HFnAaPSXV2iUeqtIkqsupG-8menMdseHIA.js?v=10.6.9,outputs\full_universe_source_acquisition\raw\euronext_v2_15c\euronext_advanced_reference_data.html,15,euronext,excluded_no_relevant_market_data_marker,9,high_irrelevant,False
https://www.euronext.com/assets/js/optimized/js_T6hL__SU9OqNIC3CCODtqlijLZSayYDuHwUY-F38ZAg.8mgc8fB_CKGfwZOpAiRxyxM8oebp-ejmfWx9DNTKtrY.js?v=4.3.0,outputs\full_universe_source_acquisition\raw\euronext_v2_15c\euronext_advanced_reference_data.html,15,euronext,excluded_no_relevant_market_data_marker,9,high_irrelevant,False
https://www.euronext.com/assets/js/optimized/js_eBIHUo_l9vdz2eIHIJDHDCRRp-hVVtwti5mU6EO8EVU.0RSTszO5gWjV-zoKNltqwEuEA-xssTlFTZ_zoEDtjzc.js?v=10.6.9,outputs\full_universe_source_acquisition\raw\euronext_v2_15c\euronext_advanced_reference_data.html,15,euronext,excluded_no_relevant_market_data_marker,9,high_irrelevant,False
https://www.euronext.com/assets/js/optimized/js_asPbC5Udg5e-pDFCdWe4tLW79-rHXEs68lMli8Zq29Q._II9sbfuS3LMPrtHAVT-tYEGmqs8Nadb7a40qpoIYLs.js?v=10.6.9,outputs\full_universe_source_acquisition\raw\euronext_v2_15c\euronext_advanced_reference_data.html,15,euronext,excluded_no_relevant_market_data_marker,9,high_irrelevant,False
https://www.euronext.com/assets/js/optimized/js_7w-YJBYmdRJnPKSmImJm7Elx_S_fiSvxV5pacVd0Mus.fjIDPBWyxiBlzWunHcQzwhvaX1hUkTMdMNIgKKAu-DE.js?thxpq1,outputs\full_universe_source_acquisition\raw\euronext_v2_15c\euronext_advanced_reference_data.html,15,euronext,excluded_no_relevant_market_data_marker,9,high_irrelevant,False
https://www.euronext.com/assets/js/optimized/js_sLJyPJC-GIOdK0VzPdGfoIFpvLaCRZ81rSi-nvGu37g.r4Kz-orSd9SyiM7yt7J5d-a3-q-SamnaQZImgRcxxJM.js?v=10.6.9,outputs\full_universe_source_acquisition\raw\euronext_v2_15c\euronext_advanced_reference_data.html,15,euronext,excluded_no_relevant_market_data_marker,9,high_irrelevant,False
https://www.euronext.com/assets/js/optimized/js_gNFcrkNwT5NlriyvN2-Wgg5zTAgAZ9uSzDMJdgl-lxA.ZJpYUvdprQ4zNpwb6pwPoCVYuRN04jGMIMXxytYhRVI.js?thxpq1,outputs\full_universe_source_acquisition\raw\euronext_v2_15c\euronext_advanced_reference_data.html,15,euronext,excluded_no_relevant_market_data_marker,9,high_irrelevant,False
https://www.euronext.com/assets/js/optimized/js_OAbY6fgBCOXYnV9OrDBrrol-IZWc3ukwvgsByp_8aEk.wexTdu05s3fNwrbBDU38wOGcDFgLQIENRLcdMgGdW-M.js?thxpq1,outputs\full_universe_source_acquisition\raw\euronext_v2_15c\euronext_advanced_reference_data.html,15,euronext,excluded_no_relevant_market_data_marker,9,high_irrelevant,False
https://www.euronext.com/assets/js/optimized/js_aiJq_DAsN5HnaelKdOJgeUFrOyuAT_K-wWcU-dWUQ5w.sO08GI4FMNjgLIOP8Uo_NAVneaKxRaIGua1_KhSGOjI.js?v=10.6.9,outputs\full_universe_source_acquisition\raw\euronext_v2_15c\euronext_advanced_reference_data.html,15,euronext,excluded_no_relevant_market_data_marker,9,high_irrelevant,False
https://www.euronext.com/assets/js/optimized/js_i7U9Nd1WcaYiXDXD0gPdr9SCKP9ftTYkXhUAoEXC-XM.c7OrovFrq8hzQ_pvezqd20CTVM00Jrs3pnf2pMbuGIc.js?v=10.6.9,outputs\full_universe_source_acquisition\raw\euronext_v2_15c\euronext_advanced_reference_data.html,15,euronext,excluded_no_relevant_market_data_marker,9,high_irrelevant,False
https://www.euronext.com/assets/js/optimized/js_BQ7muUybb6V1fB0wK4p9g-golAwdOMTJwjUAr281hpc.vVCskHGBGyN2kiy46sCSr6BB0twFd0zWvLjc9TNvoRU.js?v=10.6.9,outputs\full_universe_source_acquisition\raw\euronext_v2_15c\euronext_advanced_reference_data.html,15,euronext,excluded_no_relevant_market_data_marker,9,high_irrelevant,False
https://www.euronext.com/assets/js/optimized/js_a60qLZpyqX0sVwXD3SqHcFWeUy2urx5mIST5Pb8EqW4.yTa7J68b1Wb-xMm9zYlqp-ob-dftm9GbaXImCXJDeug.js?v=10.6.9,outputs\full_universe_source_acquisition\raw\euronext_v2_15c\euronext_advanced_reference_data.html,15,euronext,excluded_no_relevant_market_data_marker,9,high_irrelevant,False
https://www.euronext.com/assets/js/optimized/js_SK3uPqWZTjt78PyNVozRYZM20KRlTvbG7Ja5z-vZyHU.tgUJyetgCV22DzHdp-R6xDjL5sDxVHKOhNUtlWRtWmc.js?v=10.6.9,outputs\full_universe_source_acquisition\raw\euronext_v2_15c\euronext_advanced_reference_data.html,15,euronext,excluded_no_relevant_market_data_marker,9,high_irrelevant,False
https://www.euronext.com/assets/js/optimized/js_rUKtJIdyBHX7sihQOvEd1tY6BWbTprAhoJoyTMZXTEY.SNxbOdut0Eo56su2ZNVh_5vrXPcKoSwuk7P9zaZX2ec.js?v=10.6.9,outputs\full_universe_source_acquisition\raw\euronext_v2_15c\euronext_advanced_reference_data.html,15,euronext,excluded_no_relevant_market_data_marker,9,high_irrelevant,False
https://www.euronext.com/assets/js/optimized/js_DNQr3YGXmCOWtmQ1TpLOyQRE_CTGIm_nVQ0zv_yd9FY.IjOQTrQcfmm-qQR_90Wv3tDMlHPOsOGYb1ehZzcMaTk.js?v=10.6.9,outputs\full_universe_source_acquisition\raw\euronext_v2_15c\euronext_advanced_reference_data.html,15,euronext,excluded_no_relevant_market_data_marker,9,high_irrelevant,False
https://www.euronext.com/assets/js/optimized/js_ghOJFeWkcFp-TMlXSSN1m6oBeaMbXZ5YPxsbKyV6P18.5xe_She_Y4SCRCn3WNgke7MGcrGKVKpvNFZ41yCXzwU.js?v=10.6.9,outputs\full_universe_source_acquisition\raw\euronext_v2_15c\euronext_advanced_reference_data.html,15,euronext,excluded_no_relevant_market_data_marker,9,high_irrelevant,False
https://www.euronext.com,outputs\full_universe_source_acquisition\raw\euronext_v2_15c\euronext_amsterdam_equities_list.html,15,euronext,excluded_no_relevant_market_data_marker,9,high_irrelevant,False
https://connect2.euronext.com/user/register/live_registration,outputs\full_universe_source_acquisition\raw\euronext_v2_15c\euronext_amsterdam_equities_list.html,15,euronext,excluded_no_relevant_market_data_marker,9,high_irrelevant,False
https://www.euronext.com/news/2025-euronext-esg-trends-report-reveals-continued-progress-and-rising-ambition-across-esg,outputs\full_universe_source_acquisition\raw\euronext_v2_15c\euronext_amsterdam_equities_list.html,15,euronext,excluded_marketing_or_corporate_page,9,high_irrelevant,False
https://www.euronext.com/en/news/investing-future-europe-innovative-indices,outputs\full_universe_source_acquisition\raw\euronext_v2_15c\euronext_amsterdam_equities_list.html,15,euronext,excluded_marketing_or_corporate_page,9,high_irrelevant,False
https://www.euronext.com/en/about/media/euronext-press-releases/groupe-bpce-lists-first-bond-european-defence-bond-label,outputs\full_universe_source_acquisition\raw\euronext_v2_15c\euronext_amsterdam_equities_list.html,15,euronext,excluded_marketing_or_corporate_page,9,high_irrelevant,False
https://www.euronext.com/privacy-statement,outputs\full_universe_source_acquisition\raw\euronext_v2_15c\euronext_amsterdam_equities_list.html,15,euronext,excluded_no_relevant_market_data_marker,9,high_irrelevant,False
https://www.euronext.com/terms-use,outputs\full_universe_source_acquisition\raw\euronext_v2_15c\euronext_amsterdam_equities_list.html,15,euronext,excluded_no_relevant_market_data_marker,9,high_irrelevant,False
https://www.euronext.com/sites/default/files/ftp/tickerwww/euronext/n100.html,outputs\full_universe_source_acquisition\raw\euronext_v2_15c\euronext_live_equities_overview.html,15,euronext,excluded_no_relevant_market_data_marker,9,high_irrelevant,False
https://www.euronext.com/fr/node/3004300,outputs\full_universe_source_acquisition\raw\euronext_v2_15c\euronext_static_reference_data.html,15,euronext,excluded_no_relevant_market_data_marker,9,high_irrelevant,False
https://www.euronext.com/nl/node/3004300,outputs\full_universe_source_acquisition\raw\euronext_v2_15c\euronext_static_reference_data.html,15,euronext,excluded_no_relevant_market_data_marker,9,high_irrelevant,False
https://www.euronext.com/it/node/3004300,outputs\full_universe_source_acquisition\raw\euronext_v2_15c\euronext_static_reference_data.html,15,euronext,excluded_no_relevant_market_data_marker,9,high_irrelevant,False
https://www.euronext.com/pt/node/3004300,outputs\full_universe_source_acquisition\raw\euronext_v2_15c\euronext_static_reference_data.html,15,euronext,excluded_no_relevant_market_data_marker,9,high_irrelevant,False
https://www.euronext.com/nb/node/3004300,outputs\full_universe_source_acquisition\raw\euronext_v2_15c\euronext_static_reference_data.html,15,euronext,excluded_no_relevant_market_data_marker,9,high_irrelevant,False
https://www.euronext.com/zh/node/3004300,outputs\full_universe_source_acquisition\raw\euronext_v2_15c\euronext_static_reference_data.html,15,euronext,excluded_no_relevant_market_data_marker,9,high_irrelevant,False
https://www.euronext.com/assets/js/optimized/js_iBSCCdBUih2Q5ijm6nK1ehqIISct4g-7xh7asg8U93E.DS4xOU5YFCJ9X9BsUCZgpqkLMNQq2UHqVrkoi4-LRvQ.js?thxpq1,outputs\full_universe_source_acquisition\raw\euronext_v2_15c\euronext_static_reference_data.html,15,euronext,excluded_no_relevant_market_data_marker,9,high_irrelevant,False
https://www.euronext.com/assets/js/optimized/js_Vtu8GgqMrs-kwcPhmffW1-i0BbJUSSeg-JYd4tk6weg.lILEofXwojkEAdhuFpskKveDUEVV0AiiDIDnWFj0ls0.js?thxpq1,outputs\full_universe_source_acquisition\raw\euronext_v2_15c\euronext_static_reference_data.html,15,euronext,excluded_no_relevant_market_data_marker,9,high_irrelevant,False
https://www.euronext.com/assets/js/optimized/js_tGdtKby87_rGCheUuLPCMhoUFiRxhgL8abPhw6meZm8.Up0NEwClRpBRmBuFW8fMCPAgyfjWGkeNWbtBeWEzSiA.js?thxpq1,outputs\full_universe_source_acquisition\raw\euronext_v2_15c\euronext_static_reference_data.html,15,euronext,excluded_no_relevant_market_data_marker,9,high_irrelevant,False
https://www.euronext.com/assets/js/optimized/js_U0Kgaw83YAOEkjRqYBMDqUZsqHE4YHxLpmApCTCwOvU.rpv2hT1DylNv_STjpEdGnw65ly56TOfaVnkxQRCIPn0.js?thxpq1,outputs\full_universe_source_acquisition\raw\euronext_v2_15c\euronext_static_reference_data.html,15,euronext,excluded_no_relevant_market_data_marker,9,high_irrelevant,False
https://www.euronext.com/assets/js/optimized/js_Y-bMLaC-j47z-hrZdruEhAX-VyU497pa_jHUBZThjfM.hNtwzgQ7dfZQ2Y5R8zn_EQ35CEO-udnatgc-Eg_P7II.js?v=10.6.9,outputs\full_universe_source_acquisition\raw\euronext_v2_15c\euronext_static_reference_data.html,15,euronext,excluded_no_relevant_market_data_marker,9,high_irrelevant,False
https://www.euronext.com/assets/js/optimized/js_nfw6mLAnMcEor1F14raPGmkl1T8SkR-wer8tVRvRW8c.eGdN2Zn71OT6AWRQ1kQlPrtFARFw9N7T4jERuKREFNQ.js?thxpq1,outputs\full_universe_source_acquisition\raw\euronext_v2_15c\euronext_static_reference_data.html,15,euronext,excluded_no_relevant_market_data_marker,9,high_irrelevant,False
https://www.euronext.com/assets/js/optimized/js_ZjuSXik75M4wmzbxOffZ7gw0ra2hyS8KeOwUSU_-cr0.NxAxXPkjaBi30aSrqO_iM4mgTAg1gyGoPgj0uvssK-0.js?thxpq1,outputs\full_universe_source_acquisition\raw\euronext_v2_15c\euronext_static_reference_data.html,15,euronext,excluded_no_relevant_market_data_marker,9,high_irrelevant,False
https://www.euronext.com/assets/js/optimized/js_UVp0fg9fjQASG0d4jR1EdY5lRyA4ioN88YW7qsE2KPE.J2hFkjMGxcR5aLtzOW_lBqYvoG97kNbtt8mi3f8aliQ.js?thxpq1,outputs\full_universe_source_acquisition\raw\euronext_v2_15c\euronext_static_reference_data.html,15,euronext,excluded_no_relevant_market_data_marker,9,high_irrelevant,False
https://www.euronext.com/assets/js/optimized/js_TfdJ-Y0YgOTvJLdB7uFI1LTI5J2M7dJU26e70trlbsw.Mz3eEco-PGRHgP7rEEH4CWEnSzj4qrDCtgy10OX_ulY.js?thxpq1,outputs\full_universe_source_acquisition\raw\euronext_v2_15c\euronext_static_reference_data.html,15,euronext,excluded_no_relevant_market_data_marker,9,high_irrelevant,False
https://www.euronext.com/assets/js/optimized/js_GrRmFGFf5-8LrLI7545ysRc1_kx-M1Y1c0h0ulGQTqg.qUc3QZ73v1qDLsqfu-93J_xXLaLZ4h3RWX6KnbTNhis.js?thxpq1,outputs\full_universe_source_acquisition\raw\euronext_v2_15c\euronext_static_reference_data.html,15,euronext,excluded_no_relevant_market_data_marker,9,high_irrelevant,False
https://www.euronext.com/assets/js/optimized/js_Fsh_2uOxP0hamgq1yugJAjd09rv_1oKqbPgpBAy63wQ.hNug7qaGJH9R-z5CUfZPH2unWnUrwu5RH8sv4ZI4pdw.js?thxpq1,outputs\full_universe_source_acquisition\raw\euronext_v2_15c\euronext_static_reference_data.html,15,euronext,excluded_no_relevant_market_data_marker,9,high_irrelevant,False
https://www.euronext.com/assets/js/optimized/js_iWyrHkFdUCXQZpcMtqLxe10mWRLV7kTM47_M0-B52x0.QMK83ftPvTHCSUqg0Y5pCdI-QkEefRgsjf6shPM6rSQ.js?thxpq1,outputs\full_universe_source_acquisition\raw\euronext_v2_15c\euronext_static_reference_data.html,15,euronext,excluded_no_relevant_market_data_marker,9,high_irrelevant,False
https://www.euronext.com/assets/js/optimized/js_P0nkkD-nQQYDsiKQKW44ZDbCliSsh5TqsiQ0m1FcGok.lg_kmDb5ou35Rkt5p6mMneQsm1Zwn67kl_X0hdIL8F4.js?thxpq1,outputs\full_universe_source_acquisition\raw\euronext_v2_15c\euronext_static_reference_data.html,15,euronext,excluded_no_relevant_market_data_marker,9,high_irrelevant,False
https://www.euronext.com/assets/js/optimized/js_X6ojxG8e4MC_lR0h9_oNCEqgZTktkE5P1sOh2_SWoIk.-aqJzAFhF2moIbQKpwE2lDS-Uw_oclIQa3zgKrWnh8I.js?thxpq1,outputs\full_universe_source_acquisition\raw\euronext_v2_15c\euronext_static_reference_data.html,15,euronext,excluded_no_relevant_market_data_marker,9,high_irrelevant,False
https://www.euronext.com/assets/js/optimized/js_GvCIvwrVWCWK5Pj0M2VhO0X-aDGAmbaK9EX8YoUTGWk.URN7A4016NGjd9zrDX7qtGCaY2_dUPFWWf_j-xQQ-Ds.js?thxpq1,outputs\full_universe_source_acquisition\raw\euronext_v2_15c\euronext_static_reference_data.html,15,euronext,excluded_no_relevant_market_data_marker,9,high_irrelevant,False
https://www.euronext.com/assets/js/optimized/js_1BN9p6sfMAfMUTFfwNX3WJuyUDkOEFZO-VmrFZ9swZo.Tg22u6_FaL6uklxhD2mOjxrigj77IC4nGLo94CFTrtc.js?thxpq1,outputs\full_universe_source_acquisition\raw\euronext_v2_15c\euronext_static_reference_data.html,15,euronext,excluded_no_relevant_market_data_marker,9,high_irrelevant,False
https://www.euronext.com/assets/js/optimized/js_EL3IY7gkqTVbpRnLCXZeTw4E4xfY06dZYMHEPSi7j_g.0MR67wnt8UawzkhykN2GtthJGBfCoFIgk5o605Swnc8.js?thxpq1,outputs\full_universe_source_acquisition\raw\euronext_v2_15c\euronext_static_reference_data.html,15,euronext,excluded_no_relevant_market_data_marker,9,high_irrelevant,False
https://www.euronext.com/assets/js/optimized/js_fkqN4wKD2tAOAiI28lh3MyfeWAMMWG75kLe9mVeF14E.VdeYMafYVX95FAgxCodRadizr6GgnaUwpmk6mJtzO68.js?thxpq1,outputs\full_universe_source_acquisition\raw\euronext_v2_15c\euronext_static_reference_data.html,15,euronext,excluded_no_relevant_market_data_marker,9,high_irrelevant,False
https://www.euronext.com/assets/js/optimized/js_O0CdmvY8Kc8fncJDOCK9DqOc_D8k_2EF48JtCFI2bR8.qhQKPjo8ue23X-Q1V5omAezIGxATrmxtzYXH8WuXp2M.js?thxpq1,outputs\full_universe_source_acquisition\raw\euronext_v2_15c\euronext_static_reference_data.html,15,euronext,excluded_no_relevant_market_data_marker,9,high_irrelevant,False
https://www.euronext.com/assets/js/optimized/js_61ZXRuhxQ7wbYGrGgDPX--m0L45l03QuTWJsBoxZhgY.rRP8GUAJAVUvfrouPfW_vCE3F7T84JNJ8LnoaON57rk.js?thxpq1,outputs\full_universe_source_acquisition\raw\euronext_v2_15c\euronext_static_reference_data.html,15,euronext,excluded_no_relevant_market_data_marker,9,high_irrelevant,False
https://www.euronext.com/assets/js/optimized/js_Jv1dUw38UpkgQRAT3Y4u1i1Avq6xlRQGsjkPToPb1Y0.rmfbAw4DEBQzGImo__iidDCg-6H_ekS90NodiIn2P6g.js?thxpq1,outputs\full_universe_source_acquisition\raw\euronext_v2_15c\euronext_static_reference_data.html,15,euronext,excluded_no_relevant_market_data_marker,9,high_irrelevant,False
https://www.euronext.com/assets/js/optimized/js_olDZCZQTntoMEOUwzqpjbQlQg2LvyrdePxqcllGroVA.-NU0HDGNo0K6pFaFklSyLN62Oik5s8TylSrnMo2PdPo.js?thxpq1,outputs\full_universe_source_acquisition\raw\euronext_v2_15c\euronext_static_reference_data.html,15,euronext,excluded_no_relevant_market_data_marker,9,high_irrelevant,False
https://www.euronext.com/assets/js/optimized/js_3tn-8T8FOKebul-jL3AqY1vZ7Iyt7Z6L1Xv8-UpTbTA.VXnsMBrUIEXupND1l3iSs8BBztilb1O10MrmEGxXtys.js?thxpq1,outputs\full_universe_source_acquisition\raw\euronext_v2_15c\euronext_static_reference_data.html,15,euronext,excluded_no_relevant_market_data_marker,9,high_irrelevant,False
https://www.euronext.com/assets/js/optimized/js_KseUKs64AdaaddrWGCnK0f79Vg_DQP4gXalZLhPxmXQ.ZVZqFvrsQ84TAm37DUC4FDJabm50s7XNqngh-G5AYXA.js?v=10.6.9,outputs\full_universe_source_acquisition\raw\euronext_v2_15c\euronext_static_reference_data.html,15,euronext,excluded_no_relevant_market_data_marker,9,high_irrelevant,False
https://www.euronext.com/assets/js/optimized/js_lS4i4vR-NR-DeRPhKMrPtc9v-orCayg_ZP2a6kwSrD4.vSRZOgqA373z-nc1RxHDxGQ9etCKrpWzgMKaKemC4nw.js?v=4.3.0,outputs\full_universe_source_acquisition\raw\euronext_v2_15c\euronext_static_reference_data.html,15,euronext,excluded_no_relevant_market_data_marker,9,high_irrelevant,False
https://www.euronext.com/assets/js/optimized/js_Jkwp_Vt4XTDMID7vNx-Dl-1dJ3eaEDEQ8NpqBee3u74.wZfLj5SPXUP5EpWtuH30YVeSxuiyFM9IND6c1rjHfV8.js?v=10.6.9,outputs\full_universe_source_acquisition\raw\euronext_v2_15c\euronext_static_reference_data.html,15,euronext,excluded_no_relevant_market_data_marker,9,high_irrelevant,False
https://www.euronext.com/assets/js/optimized/js_v4l6eZW7IPjAWMa36byHpao2ySVP6CC7N8whIVG6erQ._vwv9oE0ZQXjEyvIfoHk-ufNksoYq0XJdRzIUffvUg8.js?v=10.6.9,outputs\full_universe_source_acquisition\raw\euronext_v2_15c\euronext_static_reference_data.html,15,euronext,excluded_no_relevant_market_data_marker,9,high_irrelevant,False
https://www.linkedin.com/company/euronext,outputs\full_universe_source_acquisition\raw\euronext_v2_15c\euronext_advanced_reference_data.html,10,euronext,excluded_non_euronext_url,9,high_irrelevant,False
https://x.com/euronext,outputs\full_universe_source_acquisition\raw\euronext_v2_15c\euronext_advanced_reference_data.html,10,euronext,excluded_non_euronext_url,9,high_irrelevant,False
https://www.instagram.com/euronextgroup,outputs\full_universe_source_acquisition\raw\euronext_v2_15c\euronext_advanced_reference_data.html,10,euronext,excluded_non_euronext_url,9,high_irrelevant,False
https://cdn.datatables.net/1.13.4/js/jquery.dataTables.min.js,outputs\full_universe_source_acquisition\raw\euronext_v2_15c\euronext_advanced_reference_data.html,10,data,excluded_external_asset_or_library,9,high_irrelevant,False
https://cdn.datatables.net/responsive/2.2.1/js/dataTables.responsive.min.js,outputs\full_universe_source_acquisition\raw\euronext_v2_15c\euronext_advanced_reference_data.html,10,data,excluded_non_euronext_url,9,high_irrelevant,False
https://cdn.datatables.net/buttons/1.5.4/js/dataTables.buttons.min.js,outputs\full_universe_source_acquisition\raw\euronext_v2_15c\euronext_advanced_reference_data.html,10,data,excluded_non_euronext_url,9,high_irrelevant,False
https://cdn.datatables.net/buttons/1.5.4/js/buttons.colVis.min.js,outputs\full_universe_source_acquisition\raw\euronext_v2_15c\euronext_advanced_reference_data.html,10,data,excluded_non_euronext_url,9,high_irrelevant,False
https://cdn.datatables.net/buttons/1.5.4/js/buttons.flash.min.js,outputs\full_universe_source_acquisition\raw\euronext_v2_15c\euronext_advanced_reference_data.html,10,data,excluded_non_euronext_url,9,high_irrelevant,False
https://cdn.datatables.net/buttons/1.5.4/js/buttons.html5.min.js,outputs\full_universe_source_acquisition\raw\euronext_v2_15c\euronext_advanced_reference_data.html,10,data,excluded_non_euronext_url,9,high_irrelevant,False
https://cdn.datatables.net/buttons/1.5.4/js/buttons.print.min.js,outputs\full_universe_source_acquisition\raw\euronext_v2_15c\euronext_advanced_reference_data.html,10,data,excluded_non_euronext_url,9,high_irrelevant,False
https://www.amcharts.com/lib/3/plugins/dataloader/dataloader.min.js,outputs\full_universe_source_acquisition\raw\euronext_v2_15c\euronext_amsterdam_equities_list.html,10,data,excluded_non_euronext_url,9,high_irrelevant,False
javascript:refresh_data();,outputs\full_universe_source_acquisition\raw\euronext_v2_15c\euronext_live_equities_overview.html,10,data,excluded_non_euronext_url,9,high_irrelevant,False
/en/products/equities/ipos,(v2.15C_discovered_links_manifest),10,equities,excluded_marketing_or_corporate_page,9,high_irrelevant,False
/en/products/indices/introducing-euronext-indices,(v2.15C_discovered_links_manifest),10,euronext,excluded_no_relevant_market_data_marker,9,high_irrelevant,False
/en/products/etfs/euronext-etf-europe,(v2.15C_discovered_links_manifest),10,euronext,excluded_no_relevant_market_data_marker,9,high_irrelevant,False
/en/education/euronext-trading-game,(v2.15C_discovered_links_manifest),10,euronext,excluded_no_relevant_market_data_marker,9,high_irrelevant,False
//cdn.datatables.net/1.13.4/js/jquery.dataTables.min.js,(v2.15C_discovered_links_manifest),10,data,excluded_external_asset_or_library,9,high_irrelevant,False
//cdn.datatables.net/responsive/2.2.1/js/dataTables.responsive.min.js,(v2.15C_discovered_links_manifest),10,data,excluded_non_euronext_url,9,high_irrelevant,False
//cdn.datatables.net/buttons/1.5.4/js/dataTables.buttons.min.js,(v2.15C_discovered_links_manifest),10,data,excluded_non_euronext_url,9,high_irrelevant,False
//www.amcharts.com/lib/3/plugins/dataloader/dataloader.min.js,(v2.15C_discovered_links_manifest),10,data,excluded_non_euronext_url,9,high_irrelevant,False
//cdn.datatables.net/buttons/1.5.4/js/buttons.colVis.min.js,(v2.15C_discovered_links_manifest),10,data,excluded_non_euronext_url,9,high_irrelevant,False
//cdn.datatables.net/buttons/1.5.4/js/buttons.flash.min.js,(v2.15C_discovered_links_manifest),10,data,excluded_non_euronext_url,9,high_irrelevant,False
//cdn.datatables.net/buttons/1.5.4/js/buttons.html5.min.js,(v2.15C_discovered_links_manifest),10,data,excluded_non_euronext_url,9,high_irrelevant,False
//cdn.datatables.net/buttons/1.5.4/js/buttons.print.min.js,(v2.15C_discovered_links_manifest),10,data,excluded_non_euronext_url,9,high_irrelevant,False
/en/news/exceptional-response-european-equities-non-exceptional-volatility,(v2.15C_discovered_links_manifest),10,equities,excluded_marketing_or_corporate_page,9,high_irrelevant,False
/en/listing/etfs/how-list-etfs-euronext-dublin,(v2.15C_discovered_links_manifest),10,euronext,excluded_no_relevant_market_data_marker,9,high_irrelevant,False
/en/list-products/funds/list-investment-funds-euronext-amsterdam,(v2.15C_discovered_links_manifest),10,euronext,excluded_no_relevant_market_data_marker,9,high_irrelevant,False
/en/listing/funds/list-investment-funds-euronext-dublin,(v2.15C_discovered_links_manifest),10,euronext,excluded_no_relevant_market_data_marker,9,high_irrelevant,False
/en/trading/access-software/euronext-market-services,(v2.15C_discovered_links_manifest),10,euronext,excluded_no_relevant_market_data_marker,9,high_irrelevant,False
/en/clearing/about/legal-data,(v2.15C_discovered_links_manifest),10,data,excluded_marketing_or_corporate_page,9,high_irrelevant,False
/en/clearing/membership/myeuronext-clearing-membership-application,(v2.15C_discovered_links_manifest),10,euronext,excluded_no_relevant_market_data_marker,9,high_irrelevant,False
/en/csd/about-euronext-securities,(v2.15C_discovered_links_manifest),10,euronext,excluded_no_relevant_market_data_marker,9,high_irrelevant,False
/en/csd/about/euronext-securities-news,(v2.15C_discovered_links_manifest),10,euronext,excluded_marketing_or_corporate_page,9,high_irrelevant,False
/en/csd/products-services/data-services,(v2.15C_discovered_links_manifest),10,data,excluded_no_relevant_market_data_marker,9,high_irrelevant,False
/en/csd/copenhagen/contact-euronext-securities-copenhagen,(v2.15C_discovered_links_manifest),10,euronext,excluded_no_relevant_market_data_marker,9,high_irrelevant,False
/en/csd/milan/data-solutionsold,(v2.15C_discovered_links_manifest),10,data,excluded_no_relevant_market_data_marker,9,high_irrelevant,False
/en/csd/oslo/data-servicesold,(v2.15C_discovered_links_manifest),10,data,excluded_no_relevant_market_data_marker,9,high_irrelevant,False
/en/technology/trading-solutions/euronext-trader,(v2.15C_discovered_links_manifest),10,euronext,excluded_no_relevant_market_data_marker,9,high_irrelevant,False
/en/technology/data-management-systems,(v2.15C_discovered_links_manifest),10,data,excluded_no_relevant_market_data_marker,9,high_irrelevant,False
/en/technology/euronext-solutions,(v2.15C_discovered_links_manifest),10,euronext,excluded_no_relevant_market_data_marker,9,high_irrelevant,False
/en/data,(v2.15C_discovered_links_manifest),10,data,excluded_no_relevant_market_data_marker,9,high_irrelevant,False
/en/data/data-products,(v2.15C_discovered_links_manifest),10,data,excluded_no_relevant_market_data_marker,9,high_irrelevant,False
/en/data/real-time/reasonable-commercial-basis,(v2.15C_discovered_links_manifest),10,data,excluded_no_relevant_market_data_marker,9,high_irrelevant,False
/en/data/cloud-solutions,(v2.15C_discovered_links_manifest),10,data,excluded_no_relevant_market_data_marker,9,high_irrelevant,False
/en/data/data-products?product_service%5B0%5D=5933,(v2.15C_discovered_links_manifest),10,data,excluded_no_relevant_market_data_marker,9,high_irrelevant,False
/en/data/data-products?product_service%5B0%5D=5935,(v2.15C_discovered_links_manifest),10,data,excluded_no_relevant_market_data_marker,9,high_irrelevant,False
/en/data/data-products?product_service%5B0%5D=5989,(v2.15C_discovered_links_manifest),10,data,excluded_no_relevant_market_data_marker,9,high_irrelevant,False
/en/data/data-products?product_service%5B0%5D=6002,(v2.15C_discovered_links_manifest),10,data,excluded_no_relevant_market_data_marker,9,high_irrelevant,False
/en/data/data-products?product_service%5B0%5D=5938,(v2.15C_discovered_links_manifest),10,data,excluded_no_relevant_market_data_marker,9,high_irrelevant,False
/en/data/data-products?product_service%5B0%5D=5940,(v2.15C_discovered_links_manifest),10,data,excluded_no_relevant_market_data_marker,9,high_irrelevant,False
/en/data/data-products?product_service%5B0%5D=5934,(v2.15C_discovered_links_manifest),10,data,excluded_no_relevant_market_data_marker,9,high_irrelevant,False
/en/data/data-products?product_service%5B0%5D=5932&amp;product_service%5B1%5D=5941&amp;product_service%5B2%5D=5942&amp;combine=&amp;custom_action=/en/data/data-products,(v2.15C_discovered_links_manifest),10,data,excluded_no_relevant_market_data_marker,9,high_irrelevant,False
/en/products-services/mts-data,(v2.15C_discovered_links_manifest),10,data,excluded_no_relevant_market_data_marker,9,high_irrelevant,False
/en/data/data-products?product_service%5B0%5D=6004,(v2.15C_discovered_links_manifest),10,data,excluded_no_relevant_market_data_marker,9,high_irrelevant,False
/en/euronext-indices,(v2.15C_discovered_links_manifest),10,euronext,excluded_no_relevant_market_data_marker,9,high_irrelevant,False
/en/euronext-indices/custom-index-creation,(v2.15C_discovered_links_manifest),10,euronext,excluded_no_relevant_market_data_marker,9,high_irrelevant,False
/en/euronext-indices/index-licensing-products,(v2.15C_discovered_links_manifest),10,euronext,excluded_no_relevant_market_data_marker,9,high_irrelevant,False
/en/euronext-indices/index-licensing-for-benchmarking,(v2.15C_discovered_links_manifest),10,euronext,excluded_no_relevant_market_data_marker,9,high_irrelevant,False
/en/euronext-indices/index-products,(v2.15C_discovered_links_manifest),10,euronext,excluded_no_relevant_market_data_marker,9,high_irrelevant,False
/en/euronext-indices/press-releases,(v2.15C_discovered_links_manifest),10,euronext,excluded_no_relevant_market_data_marker,9,high_irrelevant,False
/en/euronext-indices/index-spotlight,(v2.15C_discovered_links_manifest),10,euronext,excluded_no_relevant_market_data_marker,9,high_irrelevant,False
/en/regulation/euronext-regulated-markets,(v2.15C_discovered_links_manifest),10,euronext,excluded_no_relevant_market_data_marker,9,high_irrelevant,False
/en/regulation/mtfs-operated-euronext,(v2.15C_discovered_links_manifest),10,euronext,excluded_no_relevant_market_data_marker,9,high_irrelevant,False
/en/regulation/euronext-abm,(v2.15C_discovered_links_manifest),10,euronext,excluded_no_relevant_market_data_marker,9,high_irrelevant,False
/en/euronext-annual-conference,(v2.15C_discovered_links_manifest),10,euronext,excluded_no_relevant_market_data_marker,9,high_irrelevant,False
/en/about/esg-empowering-sustainable-growth/euronext-foundation,(v2.15C_discovered_links_manifest),10,euronext,excluded_marketing_or_corporate_page,9,high_irrelevant,False
/en/about/empowering-sustainable-growth/euronext-esg-policies-statements,(v2.15C_discovered_links_manifest),10,euronext,excluded_marketing_or_corporate_page,9,high_irrelevant,False
/en/about-euronext/empowering-sustainable-growth/diversity-and-inclusion,(v2.15C_discovered_links_manifest),10,euronext,excluded_no_relevant_market_data_marker,9,high_irrelevant,False
/en/about/media-centre/euronext-press-releases,(v2.15C_discovered_links_manifest),10,euronext,excluded_marketing_or_corporate_page,9,high_irrelevant,False
/en/about/media-centre/euronext-news,(v2.15C_discovered_links_manifest),10,euronext,excluded_marketing_or_corporate_page,9,high_irrelevant,False
/en/about/careers/early-careers-euronext,(v2.15C_discovered_links_manifest),10,euronext,excluded_marketing_or_corporate_page,9,high_irrelevant,False
/en/about-euronext/markets/athens,(v2.15C_discovered_links_manifest),10,euronext,excluded_no_relevant_market_data_marker,9,high_irrelevant,False
/en/about-euronext/markets/brussels,(v2.15C_discovered_links_manifest),10,euronext,excluded_no_relevant_market_data_marker,9,high_irrelevant,False
/en/about-euronext/markets/dublin,(v2.15C_discovered_links_manifest),10,euronext,excluded_no_relevant_market_data_marker,9,high_irrelevant,False
/en/about-euronext/markets/paris,(v2.15C_discovered_links_manifest),10,euronext,excluded_no_relevant_market_data_marker,9,high_irrelevant,False
