ticker,company_name,exchange,country,source_provider,source_file,instrument_type,instrument_scope,classification_confidence,classification_reason,sector,industry,market_cap,raw_cik,raw_exchange,provider_precedence,merge_action,merge_reason,isin,currency,mic,source_version,source_url,hkex_category,hkex_subcategory,hkex_board_lot,provider,source_phase,symbol,security_name,instrument_id,product_assignment_group_description,asset_type
AACB,Artius II Acquisition Inc. - Class A Ordinary Shares,NASDAQ,USA,nasdaq_trader_nasdaqlisted,data/raw/source_providers/nasdaq_trader_nasdaqlisted/nasdaq_trader_nasdaqlisted.csv,COMMON_STOCK,IN_SCOPE,HIGH,Security name indicates common equity: ORDINARY SHARES.,,,,,,1,PRESERVE_EXISTING,Existing validated expanded_universe_v2_4b row preserved as base source.,,USD,XNAS,,,,,,,,,,,,common_equity
AACI,Armada Acquisition Corp. III - Class A Ordinary Share,NASDAQ,USA,nasdaq_trader_nasdaqlisted,data/raw/source_providers/nasdaq_trader_nasdaqlisted/nasdaq_trader_nasdaqlisted.csv,COMMON_STOCK,IN_SCOPE,HIGH,Security name indicates common equity: CLASS A.,,,,,,1,PRESERVE_EXISTING,Existing validated expanded_universe_v2_4b row preserved as base source.,,USD,XNAS,,,,,,,,,,,,common_equity
AACO,Abony Acquisition Corp. I - Class A Ordinary Share,NASDAQ,USA,nasdaq_trader_nasdaqlisted,data/raw/source_providers/nasdaq_trader_nasdaqlisted/nasdaq_trader_nasdaqlisted.csv,COMMON_STOCK,IN_SCOPE,HIGH,Security name indicates common equity: CLASS A.,,,,,,1,PRESERVE_EXISTING,Existing validated expanded_universe_v2_4b row preserved as base source.,,USD,XNAS,,,,,,,,,,,,common_equity
AACP,Apogee Acquisition Corp - Class A Ordinary Shares,NASDAQ,USA,nasdaq_trader_nasdaqlisted,data/raw/source_providers/nasdaq_trader_nasdaqlisted/nasdaq_trader_nasdaqlisted.csv,COMMON_STOCK,IN_SCOPE,HIGH,Security name indicates common equity: ORDINARY SHARES.,,,,,,1,PRESERVE_EXISTING,Existing validated expanded_universe_v2_4b row preserved as base source.,,USD,XNAS,,,,,,,,,,,,common_equity
AAL,"American Airlines Group, Inc. - Common Stock",NASDAQ,USA,nasdaq_trader_nasdaqlisted,data/raw/source_providers/nasdaq_trader_nasdaqlisted/nasdaq_trader_nasdaqlisted.csv,COMMON_STOCK,IN_SCOPE,HIGH,Security name indicates common equity: COMMON STOCK.,,,,,,1,PRESERVE_EXISTING,Existing validated expanded_universe_v2_4b row preserved as base source.,,USD,XNAS,,,,,,,,,,,,common_equity
AAME,Atlantic American Corporation - Common Stock,NASDAQ,USA,nasdaq_trader_nasdaqlisted,data/raw/source_providers/nasdaq_trader_nasdaqlisted/nasdaq_trader_nasdaqlisted.csv,COMMON_STOCK,IN_SCOPE,HIGH,Security name indicates common equity: COMMON STOCK.,,,,,,1,PRESERVE_EXISTING,Existing validated expanded_universe_v2_4b row preserved as base source.,,USD,XNAS,,,,,,,,,,,,common_equity
AAOI,"Applied Optoelectronics, Inc. - Common Stock",NASDAQ,USA,nasdaq_trader_nasdaqlisted,data/raw/source_providers/nasdaq_trader_nasdaqlisted/nasdaq_trader_nasdaqlisted.csv,COMMON_STOCK,IN_SCOPE,HIGH,Security name indicates common equity: COMMON STOCK.,,,,,,1,PRESERVE_EXISTING,Existing validated expanded_universe_v2_4b row preserved as base source.,,USD,XNAS,,,,,,,,,,,,common_equity
AAON,"AAON, Inc. - Common Stock",NASDAQ,USA,nasdaq_trader_nasdaqlisted,data/raw/source_providers/nasdaq_trader_nasdaqlisted/nasdaq_trader_nasdaqlisted.csv,COMMON_STOCK,IN_SCOPE,HIGH,Security name indicates common equity: COMMON STOCK.,,,,,,1,PRESERVE_EXISTING,Existing validated expanded_universe_v2_4b row preserved as base source.,,USD,XNAS,,,,,,,,,,,,common_equity
AAPG,Ascentage Pharma Group International - American Depository Shares,NASDAQ,USA,nasdaq_trader_nasdaqlisted,data/raw/source_providers/nasdaq_trader_nasdaqlisted/nasdaq_trader_nasdaqlisted.csv,ADR,IN_SCOPE_ADR,MEDIUM,Security name indicates ADR/ADS: AMERICAN DEPOSITORY.,,,,,,1,PRESERVE_EXISTING,Existing validated expanded_universe_v2_4b row preserved as base source.,,USD,XNAS,,,,,,,,,,,,adr_equity
AAPL,Apple Inc. - Common Stock,NASDAQ,USA,nasdaq_trader_nasdaqlisted,data/raw/source_providers/nasdaq_trader_nasdaqlisted/nasdaq_trader_nasdaqlisted.csv,COMMON_STOCK,IN_SCOPE,HIGH,Security name indicates common equity: COMMON STOCK.,,,,,,1,PRESERVE_EXISTING,Existing validated expanded_universe_v2_4b row preserved as base source.,,USD,XNAS,,,,,,,,,,,,common_equity
AARD,"Aardvark Therapeutics, Inc. - Common Stock",NASDAQ,USA,nasdaq_trader_nasdaqlisted,data/raw/source_providers/nasdaq_trader_nasdaqlisted/nasdaq_trader_nasdaqlisted.csv,COMMON_STOCK,IN_SCOPE,HIGH,Security name indicates common equity: COMMON STOCK.,,,,,,1,PRESERVE_EXISTING,Existing validated expanded_universe_v2_4b row preserved as base source.,,USD,XNAS,,,,,,,,,,,,common_equity
ABAT,American Battery Technology Company - Common Stock,NASDAQ,USA,nasdaq_trader_nasdaqlisted,data/raw/source_providers/nasdaq_trader_nasdaqlisted/nasdaq_trader_nasdaqlisted.csv,COMMON_STOCK,IN_SCOPE,HIGH,Security name indicates common equity: COMMON STOCK.,,,,,,1,PRESERVE_EXISTING,Existing validated expanded_universe_v2_4b row preserved as base source.,,USD,XNAS,,,,,,,,,,,,common_equity
ABCL,AbCellera Biologics Inc. - Common Shares,NASDAQ,USA,nasdaq_trader_nasdaqlisted,data/raw/source_providers/nasdaq_trader_nasdaqlisted/nasdaq_trader_nasdaqlisted.csv,COMMON_STOCK,IN_SCOPE,MEDIUM,No exclusion keyword detected; treated as common equity candidate.,,,,,,1,PRESERVE_EXISTING,Existing validated expanded_universe_v2_4b row preserved as base source.,,USD,XNAS,,,,,,,,,,,,common_equity
ABEO,Abeona Therapeutics Inc. - Common Stock,NASDAQ,USA,nasdaq_trader_nasdaqlisted,data/raw/source_providers/nasdaq_trader_nasdaqlisted/nasdaq_trader_nasdaqlisted.csv,COMMON_STOCK,IN_SCOPE,HIGH,Security name indicates common equity: COMMON STOCK.,,,,,,1,PRESERVE_EXISTING,Existing validated expanded_universe_v2_4b row preserved as base source.,,USD,XNAS,,,,,,,,,,,,common_equity
ABLV,Able View Global Inc. - Class B Ordinary Shares,NASDAQ,USA,nasdaq_trader_nasdaqlisted,data/raw/source_providers/nasdaq_trader_nasdaqlisted/nasdaq_trader_nasdaqlisted.csv,COMMON_STOCK,IN_SCOPE,HIGH,Security name indicates common equity: ORDINARY SHARES.,,,,,,1,PRESERVE_EXISTING,Existing validated expanded_universe_v2_4b row preserved as base source.,,USD,XNAS,,,,,,,,,,,,common_equity
ABNB,"Airbnb, Inc. - Class A Common Stock",NASDAQ,USA,nasdaq_trader_nasdaqlisted,data/raw/source_providers/nasdaq_trader_nasdaqlisted/nasdaq_trader_nasdaqlisted.csv,COMMON_STOCK,IN_SCOPE,HIGH,Security name indicates common equity: COMMON STOCK.,,,,,,1,PRESERVE_EXISTING,Existing validated expanded_universe_v2_4b row preserved as base source.,,USD,XNAS,,,,,,,,,,,,common_equity
ABOS,"Acumen Pharmaceuticals, Inc. - Common Stock",NASDAQ,USA,nasdaq_trader_nasdaqlisted,data/raw/source_providers/nasdaq_trader_nasdaqlisted/nasdaq_trader_nasdaqlisted.csv,COMMON_STOCK,IN_SCOPE,HIGH,Security name indicates common equity: COMMON STOCK.,,,,,,1,PRESERVE_EXISTING,Existing validated expanded_universe_v2_4b row preserved as base source.,,USD,XNAS,,,,,,,,,,,,common_equity
ABSI,Absci Corporation - Common Stock,NASDAQ,USA,nasdaq_trader_nasdaqlisted,data/raw/source_providers/nasdaq_trader_nasdaqlisted/nasdaq_trader_nasdaqlisted.csv,COMMON_STOCK,IN_SCOPE,HIGH,Security name indicates common equity: COMMON STOCK.,,,,,,1,PRESERVE_EXISTING,Existing validated expanded_universe_v2_4b row preserved as base source.,,USD,XNAS,,,,,,,,,,,,common_equity
ABTC,American Bitcoin Corp. - Class A Common Stock,NASDAQ,USA,nasdaq_trader_nasdaqlisted,data/raw/source_providers/nasdaq_trader_nasdaqlisted/nasdaq_trader_nasdaqlisted.csv,COMMON_STOCK,IN_SCOPE,HIGH,Security name indicates common equity: COMMON STOCK.,,,,,,1,PRESERVE_EXISTING,Existing validated expanded_universe_v2_4b row preserved as base source.,,USD,XNAS,,,,,,,,,,,,common_equity
ABTS,Abits Group Inc - Ordinary Shares,NASDAQ,USA,nasdaq_trader_nasdaqlisted,data/raw/source_providers/nasdaq_trader_nasdaqlisted/nasdaq_trader_nasdaqlisted.csv,COMMON_STOCK,IN_SCOPE,HIGH,Security name indicates common equity: ORDINARY SHARES.,,,,,,1,PRESERVE_EXISTING,Existing validated expanded_universe_v2_4b row preserved as base source.,,USD,XNAS,,,,,,,,,,,,common_equity
ABUS,Arbutus Biopharma Corporation - Common Stock,NASDAQ,USA,nasdaq_trader_nasdaqlisted,data/raw/source_providers/nasdaq_trader_nasdaqlisted/nasdaq_trader_nasdaqlisted.csv,COMMON_STOCK,IN_SCOPE,HIGH,Security name indicates common equity: COMMON STOCK.,,,,,,1,PRESERVE_EXISTING,Existing validated expanded_universe_v2_4b row preserved as base source.,,USD,XNAS,,,,,,,,,,,,common_equity
ABVC,"ABVC BioPharma, Inc. - Common Stock",NASDAQ,USA,nasdaq_trader_nasdaqlisted,data/raw/source_providers/nasdaq_trader_nasdaqlisted/nasdaq_trader_nasdaqlisted.csv,COMMON_STOCK,IN_SCOPE,HIGH,Security name indicates common equity: COMMON STOCK.,,,,,,1,PRESERVE_EXISTING,Existing validated expanded_universe_v2_4b row preserved as base source.,,USD,XNAS,,,,,,,,,,,,common_equity
ACAA,Averin Capital Acquisition Corp. - Class A Ordinary Shares,NASDAQ,USA,nasdaq_trader_nasdaqlisted,data/raw/source_providers/nasdaq_trader_nasdaqlisted/nasdaq_trader_nasdaqlisted.csv,COMMON_STOCK,IN_SCOPE,HIGH,Security name indicates common equity: ORDINARY SHARES.,,,,,,1,PRESERVE_EXISTING,Existing validated expanded_universe_v2_4b row preserved as base source.,,USD,XNAS,,,,,,,,,,,,common_equity
ACAD,ACADIA Pharmaceuticals Inc. - Common Stock,NASDAQ,USA,nasdaq_trader_nasdaqlisted,data/raw/source_providers/nasdaq_trader_nasdaqlisted/nasdaq_trader_nasdaqlisted.csv,COMMON_STOCK,IN_SCOPE,HIGH,Security name indicates common equity: COMMON STOCK.,,,,,,1,PRESERVE_EXISTING,Existing validated expanded_universe_v2_4b row preserved as base source.,,USD,XNAS,,,,,,,,,,,,common_equity
ACB,Aurora Cannabis Inc. - Common Shares,NASDAQ,USA,nasdaq_trader_nasdaqlisted,data/raw/source_providers/nasdaq_trader_nasdaqlisted/nasdaq_trader_nasdaqlisted.csv,COMMON_STOCK,IN_SCOPE,MEDIUM,No exclusion keyword detected; treated as common equity candidate.,,,,,,1,PRESERVE_EXISTING,Existing validated expanded_universe_v2_4b row preserved as base source.,,USD,XNAS,,,,,,,,,,,,common_equity
ACCL,Acco Group Holdings Limited - Class A Ordinary Shares,NASDAQ,USA,nasdaq_trader_nasdaqlisted,data/raw/source_providers/nasdaq_trader_nasdaqlisted/nasdaq_trader_nasdaqlisted.csv,COMMON_STOCK,IN_SCOPE,HIGH,Security name indicates common equity: ORDINARY SHARES.,,,,,,1,PRESERVE_EXISTING,Existing validated expanded_universe_v2_4b row preserved as base source.,,USD,XNAS,,,,,,,,,,,,common_equity
ACDC,ProFrac Holding Corp. - Class A Common Stock,NASDAQ,USA,nasdaq_trader_nasdaqlisted,data/raw/source_providers/nasdaq_trader_nasdaqlisted/nasdaq_trader_nasdaqlisted.csv,COMMON_STOCK,IN_SCOPE,HIGH,Security name indicates common equity: COMMON STOCK.,,,,,,1,PRESERVE_EXISTING,Existing validated expanded_universe_v2_4b row preserved as base source.,,USD,XNAS,,,,,,,,,,,,common_equity
ACET,"Adicet Bio, Inc. - Common Stock",NASDAQ,USA,nasdaq_trader_nasdaqlisted,data/raw/source_providers/nasdaq_trader_nasdaqlisted/nasdaq_trader_nasdaqlisted.csv,COMMON_STOCK,IN_SCOPE,HIGH,Security name indicates common equity: COMMON STOCK.,,,,,,1,PRESERVE_EXISTING,Existing validated expanded_universe_v2_4b row preserved as base source.,,USD,XNAS,,,,,,,,,,,,common_equity
ACFN,"Acorn Energy, Inc. - Common Stock",NASDAQ,USA,nasdaq_trader_nasdaqlisted,data/raw/source_providers/nasdaq_trader_nasdaqlisted/nasdaq_trader_nasdaqlisted.csv,COMMON_STOCK,IN_SCOPE,HIGH,Security name indicates common equity: COMMON STOCK.,,,,,,1,PRESERVE_EXISTING,Existing validated expanded_universe_v2_4b row preserved as base source.,,USD,XNAS,,,,,,,,,,,,common_equity
ACGC,ACP Holdings Acquisition Corp. - Class A Ordinary Shares,NASDAQ,USA,nasdaq_trader_nasdaqlisted,data/raw/source_providers/nasdaq_trader_nasdaqlisted/nasdaq_trader_nasdaqlisted.csv,COMMON_STOCK,IN_SCOPE,HIGH,Security name indicates common equity: ORDINARY SHARES.,,,,,,1,PRESERVE_EXISTING,Existing validated expanded_universe_v2_4b row preserved as base source.,,USD,XNAS,,,,,,,,,,,,common_equity
ACGL,Arch Capital Group Ltd. - Common Stock,NASDAQ,USA,nasdaq_trader_nasdaqlisted,data/raw/source_providers/nasdaq_trader_nasdaqlisted/nasdaq_trader_nasdaqlisted.csv,COMMON_STOCK,IN_SCOPE,HIGH,Security name indicates common equity: COMMON STOCK.,,,,,,1,PRESERVE_EXISTING,Existing validated expanded_universe_v2_4b row preserved as base source.,,USD,XNAS,,,,,,,,,,,,common_equity
ACHC,"Acadia Healthcare Company, Inc. - Common Stock",NASDAQ,USA,nasdaq_trader_nasdaqlisted,data/raw/source_providers/nasdaq_trader_nasdaqlisted/nasdaq_trader_nasdaqlisted.csv,COMMON_STOCK,IN_SCOPE,HIGH,Security name indicates common equity: COMMON STOCK.,,,,,,1,PRESERVE_EXISTING,Existing validated expanded_universe_v2_4b row preserved as base source.,,USD,XNAS,,,,,,,,,,,,common_equity
ACHV,"Achieve Life Sciences, Inc. - Common Shares",NASDAQ,USA,nasdaq_trader_nasdaqlisted,data/raw/source_providers/nasdaq_trader_nasdaqlisted/nasdaq_trader_nasdaqlisted.csv,COMMON_STOCK,IN_SCOPE,MEDIUM,No exclusion keyword detected; treated as common equity candidate.,,,,,,1,PRESERVE_EXISTING,Existing validated expanded_universe_v2_4b row preserved as base source.,,USD,XNAS,,,,,,,,,,,,common_equity
ACIC,American Coastal Insurance Corporation - Common Stock,NASDAQ,USA,nasdaq_trader_nasdaqlisted,data/raw/source_providers/nasdaq_trader_nasdaqlisted/nasdaq_trader_nasdaqlisted.csv,COMMON_STOCK,IN_SCOPE,HIGH,Security name indicates common equity: COMMON STOCK.,,,,,,1,PRESERVE_EXISTING,Existing validated expanded_universe_v2_4b row preserved as base source.,,USD,XNAS,,,,,,,,,,,,common_equity
ACIU,AC Immune SA - Common Stock,NASDAQ,USA,nasdaq_trader_nasdaqlisted,data/raw/source_providers/nasdaq_trader_nasdaqlisted/nasdaq_trader_nasdaqlisted.csv,COMMON_STOCK,IN_SCOPE,HIGH,Security name indicates common equity: COMMON STOCK.,,,,,,1,PRESERVE_EXISTING,Existing validated expanded_universe_v2_4b row preserved as base source.,,USD,XNAS,,,,,,,,,,,,common_equity
ACIW,"ACI Worldwide, Inc. - Common Stock",NASDAQ,USA,nasdaq_trader_nasdaqlisted,data/raw/source_providers/nasdaq_trader_nasdaqlisted/nasdaq_trader_nasdaqlisted.csv,COMMON_STOCK,IN_SCOPE,HIGH,Security name indicates common equity: COMMON STOCK.,,,,,,1,PRESERVE_EXISTING,Existing validated expanded_universe_v2_4b row preserved as base source.,,USD,XNAS,,,,,,,,,,,,common_equity
ACLS,"Axcelis Technologies, Inc. - Common Stock",NASDAQ,USA,nasdaq_trader_nasdaqlisted,data/raw/source_providers/nasdaq_trader_nasdaqlisted/nasdaq_trader_nasdaqlisted.csv,COMMON_STOCK,IN_SCOPE,HIGH,Security name indicates common equity: COMMON STOCK.,,,,,,1,PRESERVE_EXISTING,Existing validated expanded_universe_v2_4b row preserved as base source.,,USD,XNAS,,,,,,,,,,,,common_equity
ACMR,"ACM Research, Inc. - Class A Common Stock",NASDAQ,USA,nasdaq_trader_nasdaqlisted,data/raw/source_providers/nasdaq_trader_nasdaqlisted/nasdaq_trader_nasdaqlisted.csv,COMMON_STOCK,IN_SCOPE,HIGH,Security name indicates common equity: COMMON STOCK.,,,,,,1,PRESERVE_EXISTING,Existing validated expanded_universe_v2_4b row preserved as base source.,,USD,XNAS,,,,,,,,,,,,common_equity
ACNB,ACNB Corporation - Common Stock,NASDAQ,USA,nasdaq_trader_nasdaqlisted,data/raw/source_providers/nasdaq_trader_nasdaqlisted/nasdaq_trader_nasdaqlisted.csv,COMMON_STOCK,IN_SCOPE,HIGH,Security name indicates common equity: COMMON STOCK.,,,,,,1,PRESERVE_EXISTING,Existing validated expanded_universe_v2_4b row preserved as base source.,,USD,XNAS,,,,,,,,,,,,common_equity
ACNT,Ascent Industries Co. - Common Stock,NASDAQ,USA,nasdaq_trader_nasdaqlisted,data/raw/source_providers/nasdaq_trader_nasdaqlisted/nasdaq_trader_nasdaqlisted.csv,COMMON_STOCK,IN_SCOPE,HIGH,Security name indicates common equity: COMMON STOCK.,,,,,,1,PRESERVE_EXISTING,Existing validated expanded_universe_v2_4b row preserved as base source.,,USD,XNAS,,,,,,,,,,,,common_equity
ACOG,Alpha Cognition Inc. - Common Stock,NASDAQ,USA,nasdaq_trader_nasdaqlisted,data/raw/source_providers/nasdaq_trader_nasdaqlisted/nasdaq_trader_nasdaqlisted.csv,COMMON_STOCK,IN_SCOPE,HIGH,Security name indicates common equity: COMMON STOCK.,,,,,,1,PRESERVE_EXISTING,Existing validated expanded_universe_v2_4b row preserved as base source.,,USD,XNAS,,,,,,,,,,,,common_equity
ACON,"Aclarion, Inc. - Common Stock",NASDAQ,USA,nasdaq_trader_nasdaqlisted,data/raw/source_providers/nasdaq_trader_nasdaqlisted/nasdaq_trader_nasdaqlisted.csv,COMMON_STOCK,IN_SCOPE,HIGH,Security name indicates common equity: COMMON STOCK.,,,,,,1,PRESERVE_EXISTING,Existing validated expanded_universe_v2_4b row preserved as base source.,,USD,XNAS,,,,,,,,,,,,common_equity
ACRS,"Aclaris Therapeutics, Inc. - Common Stock",NASDAQ,USA,nasdaq_trader_nasdaqlisted,data/raw/source_providers/nasdaq_trader_nasdaqlisted/nasdaq_trader_nasdaqlisted.csv,COMMON_STOCK,IN_SCOPE,HIGH,Security name indicates common equity: COMMON STOCK.,,,,,,1,PRESERVE_EXISTING,Existing validated expanded_universe_v2_4b row preserved as base source.,,USD,XNAS,,,,,,,,,,,,common_equity
ACRV,"Acrivon Therapeutics, Inc. - Common Stock",NASDAQ,USA,nasdaq_trader_nasdaqlisted,data/raw/source_providers/nasdaq_trader_nasdaqlisted/nasdaq_trader_nasdaqlisted.csv,COMMON_STOCK,IN_SCOPE,HIGH,Security name indicates common equity: COMMON STOCK.,,,,,,1,PRESERVE_EXISTING,Existing validated expanded_universe_v2_4b row preserved as base source.,,USD,XNAS,,,,,,,,,,,,common_equity
ACT,"Enact Holdings, Inc. - Common Stock",NASDAQ,USA,nasdaq_trader_nasdaqlisted,data/raw/source_providers/nasdaq_trader_nasdaqlisted/nasdaq_trader_nasdaqlisted.csv,COMMON_STOCK,IN_SCOPE,HIGH,Security name indicates common equity: COMMON STOCK.,,,,,,1,PRESERVE_EXISTING,Existing validated expanded_universe_v2_4b row preserved as base source.,,USD,XNAS,,,,,,,,,,,,common_equity
ACTG,Acacia Research Corporation - Common Stock,NASDAQ,USA,nasdaq_trader_nasdaqlisted,data/raw/source_providers/nasdaq_trader_nasdaqlisted/nasdaq_trader_nasdaqlisted.csv,COMMON_STOCK,IN_SCOPE,HIGH,Security name indicates common equity: COMMON STOCK.,,,,,,1,PRESERVE_EXISTING,Existing validated expanded_universe_v2_4b row preserved as base source.,,USD,XNAS,,,,,,,,,,,,common_equity
ACTU,"Actuate Therapeutics, Inc. - Common stock",NASDAQ,USA,nasdaq_trader_nasdaqlisted,data/raw/source_providers/nasdaq_trader_nasdaqlisted/nasdaq_trader_nasdaqlisted.csv,COMMON_STOCK,IN_SCOPE,HIGH,Security name indicates common equity: COMMON STOCK.,,,,,,1,PRESERVE_EXISTING,Existing validated expanded_universe_v2_4b row preserved as base source.,,USD,XNAS,,,,,,,,,,,,common_equity
ACXP,"Acurx Pharmaceuticals, Inc. - Common Stock",NASDAQ,USA,nasdaq_trader_nasdaqlisted,data/raw/source_providers/nasdaq_trader_nasdaqlisted/nasdaq_trader_nasdaqlisted.csv,COMMON_STOCK,IN_SCOPE,HIGH,Security name indicates common equity: COMMON STOCK.,,,,,,1,PRESERVE_EXISTING,Existing validated expanded_universe_v2_4b row preserved as base source.,,USD,XNAS,,,,,,,,,,,,common_equity
ADAC,American Drive Acquisition Company - Class A Ordinary Shares,NASDAQ,USA,nasdaq_trader_nasdaqlisted,data/raw/source_providers/nasdaq_trader_nasdaqlisted/nasdaq_trader_nasdaqlisted.csv,COMMON_STOCK,IN_SCOPE,HIGH,Security name indicates common equity: ORDINARY SHARES.,,,,,,1,PRESERVE_EXISTING,Existing validated expanded_universe_v2_4b row preserved as base source.,,USD,XNAS,,,,,,,,,,,,common_equity
ADAG,"Adagene Inc. - ADS, each representing 1.25 ordinary shares",NASDAQ,USA,nasdaq_trader_nasdaqlisted,data/raw/source_providers/nasdaq_trader_nasdaqlisted/nasdaq_trader_nasdaqlisted.csv,ADR,IN_SCOPE_ADR,MEDIUM,Security name indicates ADR/ADS: ADS.,,,,,,1,PRESERVE_EXISTING,Existing validated expanded_universe_v2_4b row preserved as base source.,,USD,XNAS,,,,,,,,,,,,adr_equity
ADAM,"Adamas Trust, Inc. - Common Stock",NASDAQ,USA,nasdaq_trader_nasdaqlisted,data/raw/source_providers/nasdaq_trader_nasdaqlisted/nasdaq_trader_nasdaqlisted.csv,COMMON_STOCK,IN_SCOPE,HIGH,Security name indicates common equity: COMMON STOCK.,,,,,,1,PRESERVE_EXISTING,Existing validated expanded_universe_v2_4b row preserved as base source.,,USD,XNAS,,,,,,,,,,,,common_equity
ADBE,Adobe Inc. - Common Stock,NASDAQ,USA,nasdaq_trader_nasdaqlisted,data/raw/source_providers/nasdaq_trader_nasdaqlisted/nasdaq_trader_nasdaqlisted.csv,COMMON_STOCK,IN_SCOPE,HIGH,Security name indicates common equity: COMMON STOCK.,,,,,,1,PRESERVE_EXISTING,Existing validated expanded_universe_v2_4b row preserved as base source.,,USD,XNAS,,,,,,,,,,,,common_equity
ADEA,Adeia Inc. - Common Stock,NASDAQ,USA,nasdaq_trader_nasdaqlisted,data/raw/source_providers/nasdaq_trader_nasdaqlisted/nasdaq_trader_nasdaqlisted.csv,COMMON_STOCK,IN_SCOPE,HIGH,Security name indicates common equity: COMMON STOCK.,,,,,,1,PRESERVE_EXISTING,Existing validated expanded_universe_v2_4b row preserved as base source.,,USD,XNAS,,,,,,,,,,,,common_equity
ADGM,"Adagio Medical Holdings, Inc - Common Stock",NASDAQ,USA,nasdaq_trader_nasdaqlisted,data/raw/source_providers/nasdaq_trader_nasdaqlisted/nasdaq_trader_nasdaqlisted.csv,COMMON_STOCK,IN_SCOPE,HIGH,Security name indicates common equity: COMMON STOCK.,,,,,,1,PRESERVE_EXISTING,Existing validated expanded_universe_v2_4b row preserved as base source.,,USD,XNAS,,,,,,,,,,,,common_equity
ADI,"Analog Devices, Inc. - Common Stock",NASDAQ,USA,nasdaq_trader_nasdaqlisted,data/raw/source_providers/nasdaq_trader_nasdaqlisted/nasdaq_trader_nasdaqlisted.csv,COMMON_STOCK,IN_SCOPE,HIGH,Security name indicates common equity: COMMON STOCK.,,,,,,1,PRESERVE_EXISTING,Existing validated expanded_universe_v2_4b row preserved as base source.,,USD,XNAS,,,,,,,,,,,,common_equity
ADIL,"Adial Pharmaceuticals, Inc - Common Stock",NASDAQ,USA,nasdaq_trader_nasdaqlisted,data/raw/source_providers/nasdaq_trader_nasdaqlisted/nasdaq_trader_nasdaqlisted.csv,COMMON_STOCK,IN_SCOPE,HIGH,Security name indicates common equity: COMMON STOCK.,,,,,,1,PRESERVE_EXISTING,Existing validated expanded_universe_v2_4b row preserved as base source.,,USD,XNAS,,,,,,,,,,,,common_equity
ADMA,ADMA Biologics Inc - Common Stock,NASDAQ,USA,nasdaq_trader_nasdaqlisted,data/raw/source_providers/nasdaq_trader_nasdaqlisted/nasdaq_trader_nasdaqlisted.csv,COMMON_STOCK,IN_SCOPE,HIGH,Security name indicates common equity: COMMON STOCK.,,,,,,1,PRESERVE_EXISTING,Existing validated expanded_universe_v2_4b row preserved as base source.,,USD,XNAS,,,,,,,,,,,,common_equity
ADP,"Automatic Data Processing, Inc. - Common Stock",NASDAQ,USA,nasdaq_trader_nasdaqlisted,data/raw/source_providers/nasdaq_trader_nasdaqlisted/nasdaq_trader_nasdaqlisted.csv,COMMON_STOCK,IN_SCOPE,HIGH,Security name indicates common equity: COMMON STOCK.,,,,,,1,PRESERVE_EXISTING,Existing validated expanded_universe_v2_4b row preserved as base source.,,USD,XNAS,,,,,,,,,,,,common_equity
ADPT,Adaptive Biotechnologies Corporation - Common Stock,NASDAQ,USA,nasdaq_trader_nasdaqlisted,data/raw/source_providers/nasdaq_trader_nasdaqlisted/nasdaq_trader_nasdaqlisted.csv,COMMON_STOCK,IN_SCOPE,HIGH,Security name indicates common equity: COMMON STOCK.,,,,,,1,PRESERVE_EXISTING,Existing validated expanded_universe_v2_4b row preserved as base source.,,USD,XNAS,,,,,,,,,,,,common_equity
ADSE,ADS-TEC ENERGY PLC - Ordinary Shares,NASDAQ,USA,nasdaq_trader_nasdaqlisted,data/raw/source_providers/nasdaq_trader_nasdaqlisted/nasdaq_trader_nasdaqlisted.csv,ADR,IN_SCOPE_ADR,MEDIUM,Security name indicates ADR/ADS: ADS.,,,,,,1,PRESERVE_EXISTING,Existing validated expanded_universe_v2_4b row preserved as base source.,,USD,XNAS,,,,,,,,,,,,adr_equity
ADSK,"Autodesk, Inc. - Common Stock",NASDAQ,USA,nasdaq_trader_nasdaqlisted,data/raw/source_providers/nasdaq_trader_nasdaqlisted/nasdaq_trader_nasdaqlisted.csv,COMMON_STOCK,IN_SCOPE,HIGH,Security name indicates common equity: COMMON STOCK.,,,,,,1,PRESERVE_EXISTING,Existing validated expanded_universe_v2_4b row preserved as base source.,,USD,XNAS,,,,,,,,,,,,common_equity
ADTN,"ADTRAN Holdings, Inc. - Common Stock",NASDAQ,USA,nasdaq_trader_nasdaqlisted,data/raw/source_providers/nasdaq_trader_nasdaqlisted/nasdaq_trader_nasdaqlisted.csv,COMMON_STOCK,IN_SCOPE,HIGH,Security name indicates common equity: COMMON STOCK.,,,,,,1,PRESERVE_EXISTING,Existing validated expanded_universe_v2_4b row preserved as base source.,,USD,XNAS,,,,,,,,,,,,common_equity
ADUR,Aduro Clean Technologies Inc. - Common Stock,NASDAQ,USA,nasdaq_trader_nasdaqlisted,data/raw/source_providers/nasdaq_trader_nasdaqlisted/nasdaq_trader_nasdaqlisted.csv,COMMON_STOCK,IN_SCOPE,HIGH,Security name indicates common equity: COMMON STOCK.,,,,,,1,PRESERVE_EXISTING,Existing validated expanded_universe_v2_4b row preserved as base source.,,USD,XNAS,,,,,,,,,,,,common_equity
ADUS,Addus HomeCare Corporation - Common Stock,NASDAQ,USA,nasdaq_trader_nasdaqlisted,data/raw/source_providers/nasdaq_trader_nasdaqlisted/nasdaq_trader_nasdaqlisted.csv,COMMON_STOCK,IN_SCOPE,HIGH,Security name indicates common equity: COMMON STOCK.,,,,,,1,PRESERVE_EXISTING,Existing validated expanded_universe_v2_4b row preserved as base source.,,USD,XNAS,,,,,,,,,,,,common_equity
ADV,Advantage Solutions Inc. - Class A Common Stock,NASDAQ,USA,nasdaq_trader_nasdaqlisted,data/raw/source_providers/nasdaq_trader_nasdaqlisted/nasdaq_trader_nasdaqlisted.csv,COMMON_STOCK,IN_SCOPE,HIGH,Security name indicates common equity: COMMON STOCK.,,,,,,1,PRESERVE_EXISTING,Existing validated expanded_universe_v2_4b row preserved as base source.,,USD,XNAS,,,,,,,,,,,,common_equity
ADVB,Advanced Biomed Inc. - Common Stock,NASDAQ,USA,nasdaq_trader_nasdaqlisted,data/raw/source_providers/nasdaq_trader_nasdaqlisted/nasdaq_trader_nasdaqlisted.csv,COMMON_STOCK,IN_SCOPE,HIGH,Security name indicates common equity: COMMON STOCK.,,,,,,1,PRESERVE_EXISTING,Existing validated expanded_universe_v2_4b row preserved as base source.,,USD,XNAS,,,,,,,,,,,,common_equity
AEAQ,Activate Energy Acquisition Corp. - Class A Ordinary Share,NASDAQ,USA,nasdaq_trader_nasdaqlisted,data/raw/source_providers/nasdaq_trader_nasdaqlisted/nasdaq_trader_nasdaqlisted.csv,COMMON_STOCK,IN_SCOPE,HIGH,Security name indicates common equity: CLASS A.,,,,,,1,PRESERVE_EXISTING,Existing validated expanded_universe_v2_4b row preserved as base source.,,USD,XNAS,,,,,,,,,,,,common_equity
AEBI,Aebi Schmidt Holding AG - Common Stock,NASDAQ,USA,nasdaq_trader_nasdaqlisted,data/raw/source_providers/nasdaq_trader_nasdaqlisted/nasdaq_trader_nasdaqlisted.csv,COMMON_STOCK,IN_SCOPE,HIGH,Security name indicates common equity: COMMON STOCK.,,,,,,1,PRESERVE_EXISTING,Existing validated expanded_universe_v2_4b row preserved as base source.,,USD,XNAS,,,,,,,,,,,,common_equity
AEC,Anfield Energy Inc. - Common Shares,NASDAQ,USA,nasdaq_trader_nasdaqlisted,data/raw/source_providers/nasdaq_trader_nasdaqlisted/nasdaq_trader_nasdaqlisted.csv,COMMON_STOCK,IN_SCOPE,MEDIUM,No exclusion keyword detected; treated as common equity candidate.,,,,,,1,PRESERVE_EXISTING,Existing validated expanded_universe_v2_4b row preserved as base source.,,USD,XNAS,,,,,,,,,,,,common_equity
AEHL,Antelope Enterprise Holdings Limited - Class A Ordinary Shares,NASDAQ,USA,nasdaq_trader_nasdaqlisted,data/raw/source_providers/nasdaq_trader_nasdaqlisted/nasdaq_trader_nasdaqlisted.csv,COMMON_STOCK,IN_SCOPE,HIGH,Security name indicates common equity: ORDINARY SHARES.,,,,,,1,PRESERVE_EXISTING,Existing validated expanded_universe_v2_4b row preserved as base source.,,USD,XNAS,,,,,,,,,,,,common_equity
AEHR,Aehr Test Systems - Common Stock,NASDAQ,USA,nasdaq_trader_nasdaqlisted,data/raw/source_providers/nasdaq_trader_nasdaqlisted/nasdaq_trader_nasdaqlisted.csv,COMMON_STOCK,IN_SCOPE,HIGH,Security name indicates common equity: COMMON STOCK.,,,,,,1,PRESERVE_EXISTING,Existing validated expanded_universe_v2_4b row preserved as base source.,,USD,XNAS,,,,,,,,,,,,common_equity
AEI,Alset Inc. - Common Stock,NASDAQ,USA,nasdaq_trader_nasdaqlisted,data/raw/source_providers/nasdaq_trader_nasdaqlisted/nasdaq_trader_nasdaqlisted.csv,COMMON_STOCK,IN_SCOPE,HIGH,Security name indicates common equity: COMMON STOCK.,,,,,,1,PRESERVE_EXISTING,Existing validated expanded_universe_v2_4b row preserved as base source.,,USD,XNAS,,,,,,,,,,,,common_equity
AEIS,"Advanced Energy Industries, Inc. - Common Stock",NASDAQ,USA,nasdaq_trader_nasdaqlisted,data/raw/source_providers/nasdaq_trader_nasdaqlisted/nasdaq_trader_nasdaqlisted.csv,COMMON_STOCK,IN_SCOPE,HIGH,Security name indicates common equity: COMMON STOCK.,,,,,,1,PRESERVE_EXISTING,Existing validated expanded_universe_v2_4b row preserved as base source.,,USD,XNAS,,,,,,,,,,,,common_equity
AEMD,"Aethlon Medical, Inc. - Common Stock",NASDAQ,USA,nasdaq_trader_nasdaqlisted,data/raw/source_providers/nasdaq_trader_nasdaqlisted/nasdaq_trader_nasdaqlisted.csv,COMMON_STOCK,IN_SCOPE,HIGH,Security name indicates common equity: COMMON STOCK.,,,,,,1,PRESERVE_EXISTING,Existing validated expanded_universe_v2_4b row preserved as base source.,,USD,XNAS,,,,,,,,,,,,common_equity
AENT,Alliance Entertainment Holding Corporation - common stock,NASDAQ,USA,nasdaq_trader_nasdaqlisted,data/raw/source_providers/nasdaq_trader_nasdaqlisted/nasdaq_trader_nasdaqlisted.csv,COMMON_STOCK,IN_SCOPE,HIGH,Security name indicates common equity: COMMON STOCK.,,,,,,1,PRESERVE_EXISTING,Existing validated expanded_universe_v2_4b row preserved as base source.,,USD,XNAS,,,,,,,,,,,,common_equity
AEP,"American Electric Power Company, Inc. - Common Stock",NASDAQ,USA,nasdaq_trader_nasdaqlisted,data/raw/source_providers/nasdaq_trader_nasdaqlisted/nasdaq_trader_nasdaqlisted.csv,COMMON_STOCK,IN_SCOPE,HIGH,Security name indicates common equity: COMMON STOCK.,,,,,,1,PRESERVE_EXISTING,Existing validated expanded_universe_v2_4b row preserved as base source.,,USD,XNAS,,,,,,,,,,,,common_equity
AERT,"Aeries Technology, Inc. - Class A Ordinary Share",NASDAQ,USA,nasdaq_trader_nasdaqlisted,data/raw/source_providers/nasdaq_trader_nasdaqlisted/nasdaq_trader_nasdaqlisted.csv,COMMON_STOCK,IN_SCOPE,HIGH,Security name indicates common equity: CLASS A.,,,,,,1,PRESERVE_EXISTING,Existing validated expanded_universe_v2_4b row preserved as base source.,,USD,XNAS,,,,,,,,,,,,common_equity
AESP,Aeon Acquisition I Corp. - Class A Ordinary Shares,NASDAQ,USA,nasdaq_trader_nasdaqlisted,data/raw/source_providers/nasdaq_trader_nasdaqlisted/nasdaq_trader_nasdaqlisted.csv,COMMON_STOCK,IN_SCOPE,HIGH,Security name indicates common equity: ORDINARY SHARES.,,,,,,1,PRESERVE_EXISTING,Existing validated expanded_universe_v2_4b row preserved as base source.,,USD,XNAS,,,,,,,,,,,,common_equity
AEVA,"Aeva Technologies, Inc. - Common Stock",NASDAQ,USA,nasdaq_trader_nasdaqlisted,data/raw/source_providers/nasdaq_trader_nasdaqlisted/nasdaq_trader_nasdaqlisted.csv,COMMON_STOCK,IN_SCOPE,HIGH,Security name indicates common equity: COMMON STOCK.,,,,,,1,PRESERVE_EXISTING,Existing validated expanded_universe_v2_4b row preserved as base source.,,USD,XNAS,,,,,,,,,,,,common_equity
AEYE,"AudioEye, Inc. - Common Stock",NASDAQ,USA,nasdaq_trader_nasdaqlisted,data/raw/source_providers/nasdaq_trader_nasdaqlisted/nasdaq_trader_nasdaqlisted.csv,COMMON_STOCK,IN_SCOPE,HIGH,Security name indicates common equity: COMMON STOCK.,,,,,,1,PRESERVE_EXISTING,Existing validated expanded_universe_v2_4b row preserved as base source.,,USD,XNAS,,,,,,,,,,,,common_equity
AFBI,"Affinity Bancshares, Inc. - Common Stock",NASDAQ,USA,nasdaq_trader_nasdaqlisted,data/raw/source_providers/nasdaq_trader_nasdaqlisted/nasdaq_trader_nasdaqlisted.csv,COMMON_STOCK,IN_SCOPE,HIGH,Security name indicates common equity: COMMON STOCK.,,,,,,1,PRESERVE_EXISTING,Existing validated expanded_universe_v2_4b row preserved as base source.,,USD,XNAS,,,,,,,,,,,,common_equity
AFCG,Advanced Flower Capital Inc. - Common Stock,NASDAQ,USA,nasdaq_trader_nasdaqlisted,data/raw/source_providers/nasdaq_trader_nasdaqlisted/nasdaq_trader_nasdaqlisted.csv,COMMON_STOCK,IN_SCOPE,HIGH,Security name indicates common equity: COMMON STOCK.,,,,,,1,PRESERVE_EXISTING,Existing validated expanded_universe_v2_4b row preserved as base source.,,USD,XNAS,,,,,,,,,,,,common_equity
AFJK,"Aimei Health Technology Co., Ltd - Ordinary Share",NASDAQ,USA,nasdaq_trader_nasdaqlisted,data/raw/source_providers/nasdaq_trader_nasdaqlisted/nasdaq_trader_nasdaqlisted.csv,COMMON_STOCK,IN_SCOPE,MEDIUM,No exclusion keyword detected; treated as common equity candidate.,,,,,,1,PRESERVE_EXISTING,Existing validated expanded_universe_v2_4b row preserved as base source.,,USD,XNAS,,,,,,,,,,,,common_equity
AFRI,Forafric Global PLC - Ordinary Shares,NASDAQ,USA,nasdaq_trader_nasdaqlisted,data/raw/source_providers/nasdaq_trader_nasdaqlisted/nasdaq_trader_nasdaqlisted.csv,COMMON_STOCK,IN_SCOPE,HIGH,Security name indicates common equity: ORDINARY SHARES.,,,,,,1,PRESERVE_EXISTING,Existing validated expanded_universe_v2_4b row preserved as base source.,,USD,XNAS,,,,,,,,,,,,common_equity
AFRM,"Affirm Holdings, Inc. - Class A Common Stock",NASDAQ,USA,nasdaq_trader_nasdaqlisted,data/raw/source_providers/nasdaq_trader_nasdaqlisted/nasdaq_trader_nasdaqlisted.csv,COMMON_STOCK,IN_SCOPE,HIGH,Security name indicates common equity: COMMON STOCK.,,,,,,1,PRESERVE_EXISTING,Existing validated expanded_universe_v2_4b row preserved as base source.,,USD,XNAS,,,,,,,,,,,,common_equity
AFYA,Afya Limited - Class A Common Shares,NASDAQ,USA,nasdaq_trader_nasdaqlisted,data/raw/source_providers/nasdaq_trader_nasdaqlisted/nasdaq_trader_nasdaqlisted.csv,COMMON_STOCK,IN_SCOPE,HIGH,Security name indicates common equity: CLASS A.,,,,,,1,PRESERVE_EXISTING,Existing validated expanded_universe_v2_4b row preserved as base source.,,USD,XNAS,,,,,,,,,,,,common_equity
AGCC,Agencia Comercial Spirits Ltd - Class A Ordinary Share,NASDAQ,USA,nasdaq_trader_nasdaqlisted,data/raw/source_providers/nasdaq_trader_nasdaqlisted/nasdaq_trader_nasdaqlisted.csv,COMMON_STOCK,IN_SCOPE,HIGH,Security name indicates common equity: CLASS A.,,,,,,1,PRESERVE_EXISTING,Existing validated expanded_universe_v2_4b row preserved as base source.,,USD,XNAS,,,,,,,,,,,,common_equity
AGEN,Agenus Inc. - Common Stock,NASDAQ,USA,nasdaq_trader_nasdaqlisted,data/raw/source_providers/nasdaq_trader_nasdaqlisted/nasdaq_trader_nasdaqlisted.csv,COMMON_STOCK,IN_SCOPE,HIGH,Security name indicates common equity: COMMON STOCK.,,,,,,1,PRESERVE_EXISTING,Existing validated expanded_universe_v2_4b row preserved as base source.,,USD,XNAS,,,,,,,,,,,,common_equity
AGIO,"Agios Pharmaceuticals, Inc. - Common Stock",NASDAQ,USA,nasdaq_trader_nasdaqlisted,data/raw/source_providers/nasdaq_trader_nasdaqlisted/nasdaq_trader_nasdaqlisted.csv,COMMON_STOCK,IN_SCOPE,HIGH,Security name indicates common equity: COMMON STOCK.,,,,,,1,PRESERVE_EXISTING,Existing validated expanded_universe_v2_4b row preserved as base source.,,USD,XNAS,,,,,,,,,,,,common_equity
AGMB,AgomAb Therapeutics NV - ADRs representing one common share.,NASDAQ,USA,nasdaq_trader_nasdaqlisted,data/raw/source_providers/nasdaq_trader_nasdaqlisted/nasdaq_trader_nasdaqlisted.csv,ADR,IN_SCOPE_ADR,MEDIUM,Security name indicates ADR/ADS: ADR.,,,,,,1,PRESERVE_EXISTING,Existing validated expanded_universe_v2_4b row preserved as base source.,,USD,XNAS,,,,,,,,,,,,adr_equity
AGMH,AGM Group Holdings Inc. - Class A Ordinary Shares,NASDAQ,USA,nasdaq_trader_nasdaqlisted,data/raw/source_providers/nasdaq_trader_nasdaqlisted/nasdaq_trader_nasdaqlisted.csv,COMMON_STOCK,IN_SCOPE,HIGH,Security name indicates common equity: ORDINARY SHARES.,,,,,,1,PRESERVE_EXISTING,Existing validated expanded_universe_v2_4b row preserved as base source.,,USD,XNAS,,,,,,,,,,,,common_equity
AGNC,AGNC Investment Corp. - Common Stock,NASDAQ,USA,nasdaq_trader_nasdaqlisted,data/raw/source_providers/nasdaq_trader_nasdaqlisted/nasdaq_trader_nasdaqlisted.csv,COMMON_STOCK,IN_SCOPE,HIGH,Security name indicates common equity: COMMON STOCK.,,,,,,1,PRESERVE_EXISTING,Existing validated expanded_universe_v2_4b row preserved as base source.,,USD,XNAS,,,,,,,,,,,,common_equity
AGNT,"AGNT, Inc. - Common Stock",NASDAQ,USA,nasdaq_trader_nasdaqlisted,data/raw/source_providers/nasdaq_trader_nasdaqlisted/nasdaq_trader_nasdaqlisted.csv,COMMON_STOCK,IN_SCOPE,HIGH,Security name indicates common equity: COMMON STOCK.,,,,,,1,PRESERVE_EXISTING,Existing validated expanded_universe_v2_4b row preserved as base source.,,USD,XNAS,,,,,,,,,,,,common_equity
AGPU,Axe Compute Inc. - Common Stock,NASDAQ,USA,nasdaq_trader_nasdaqlisted,data/raw/source_providers/nasdaq_trader_nasdaqlisted/nasdaq_trader_nasdaqlisted.csv,COMMON_STOCK,IN_SCOPE,HIGH,Security name indicates common equity: COMMON STOCK.,,,,,,1,PRESERVE_EXISTING,Existing validated expanded_universe_v2_4b row preserved as base source.,,USD,XNAS,,,,,,,,,,,,common_equity
AGRZ,Agroz Inc. - Ordinary Shares,NASDAQ,USA,nasdaq_trader_nasdaqlisted,data/raw/source_providers/nasdaq_trader_nasdaqlisted/nasdaq_trader_nasdaqlisted.csv,COMMON_STOCK,IN_SCOPE,HIGH,Security name indicates common equity: ORDINARY SHARES.,,,,,,1,PRESERVE_EXISTING,Existing validated expanded_universe_v2_4b row preserved as base source.,,USD,XNAS,,,,,,,,,,,,common_equity
AGYS,"Agilysys, Inc. - Common Stock",NASDAQ,USA,nasdaq_trader_nasdaqlisted,data/raw/source_providers/nasdaq_trader_nasdaqlisted/nasdaq_trader_nasdaqlisted.csv,COMMON_STOCK,IN_SCOPE,HIGH,Security name indicates common equity: COMMON STOCK.,,,,,,1,PRESERVE_EXISTING,Existing validated expanded_universe_v2_4b row preserved as base source.,,USD,XNAS,,,,,,,,,,,,common_equity
AHCO,AdaptHealth Corp. - Common Stock,NASDAQ,USA,nasdaq_trader_nasdaqlisted,data/raw/source_providers/nasdaq_trader_nasdaqlisted/nasdaq_trader_nasdaqlisted.csv,COMMON_STOCK,IN_SCOPE,HIGH,Security name indicates common equity: COMMON STOCK.,,,,,,1,PRESERVE_EXISTING,Existing validated expanded_universe_v2_4b row preserved as base source.,,USD,XNAS,,,,,,,,,,,,common_equity
AHMA,Ambitions Enterprise Management Co. L.L.C - Class A Ordinary Shares,NASDAQ,USA,nasdaq_trader_nasdaqlisted,data/raw/source_providers/nasdaq_trader_nasdaqlisted/nasdaq_trader_nasdaqlisted.csv,COMMON_STOCK,IN_SCOPE,HIGH,Security name indicates common equity: ORDINARY SHARES.,,,,,,1,PRESERVE_EXISTING,Existing validated expanded_universe_v2_4b row preserved as base source.,,USD,XNAS,,,,,,,,,,,,common_equity
AIAI,AIAI Holdings Corporation - Class A common stock,NASDAQ,USA,nasdaq_trader_nasdaqlisted,data/raw/source_providers/nasdaq_trader_nasdaqlisted/nasdaq_trader_nasdaqlisted.csv,COMMON_STOCK,IN_SCOPE,HIGH,Security name indicates common equity: COMMON STOCK.,,,,,,1,PRESERVE_EXISTING,Existing validated expanded_universe_v2_4b row preserved as base source.,,USD,XNAS,,,,,,,,,,,,common_equity
AIBZ,Bitzero Holdings Inc. - Common Shares,NASDAQ,USA,nasdaq_trader_nasdaqlisted,data/raw/source_providers/nasdaq_trader_nasdaqlisted/nasdaq_trader_nasdaqlisted.csv,COMMON_STOCK,IN_SCOPE,MEDIUM,No exclusion keyword detected; treated as common equity candidate.,,,,,,1,PRESERVE_EXISTING,Existing validated expanded_universe_v2_4b row preserved as base source.,,USD,XNAS,,,,,,,,,,,,common_equity
AIDX,"20/20 Biolabs, Inc. - Common Stock",NASDAQ,USA,nasdaq_trader_nasdaqlisted,data/raw/source_providers/nasdaq_trader_nasdaqlisted/nasdaq_trader_nasdaqlisted.csv,COMMON_STOCK,IN_SCOPE,HIGH,Security name indicates common equity: COMMON STOCK.,,,,,,1,PRESERVE_EXISTING,Existing validated expanded_universe_v2_4b row preserved as base source.,,USD,XNAS,,,,,,,,,,,,common_equity
AIFA,"All In FutureTech Alliance, Inc. - Common Stock",NASDAQ,USA,nasdaq_trader_nasdaqlisted,data/raw/source_providers/nasdaq_trader_nasdaqlisted/nasdaq_trader_nasdaqlisted.csv,COMMON_STOCK,IN_SCOPE,HIGH,Security name indicates common equity: COMMON STOCK.,,,,,,1,PRESERVE_EXISTING,Existing validated expanded_universe_v2_4b row preserved as base source.,,USD,XNAS,,,,,,,,,,,,common_equity
AIFC,AI Financial Corporation - Common Stock,NASDAQ,USA,nasdaq_trader_nasdaqlisted,data/raw/source_providers/nasdaq_trader_nasdaqlisted/nasdaq_trader_nasdaqlisted.csv,COMMON_STOCK,IN_SCOPE,HIGH,Security name indicates common equity: COMMON STOCK.,,,,,,1,PRESERVE_EXISTING,Existing validated expanded_universe_v2_4b row preserved as base source.,,USD,XNAS,,,,,,,,,,,,common_equity
AIFF,"Firefly Neuroscience, Inc. - Common Stock",NASDAQ,USA,nasdaq_trader_nasdaqlisted,data/raw/source_providers/nasdaq_trader_nasdaqlisted/nasdaq_trader_nasdaqlisted.csv,COMMON_STOCK,IN_SCOPE,HIGH,Security name indicates common equity: COMMON STOCK.,,,,,,1,PRESERVE_EXISTING,Existing validated expanded_universe_v2_4b row preserved as base source.,,USD,XNAS,,,,,,,,,,,,common_equity
AIFU,AIFU Inc. - Class A Ordinary Share,NASDAQ,USA,nasdaq_trader_nasdaqlisted,data/raw/source_providers/nasdaq_trader_nasdaqlisted/nasdaq_trader_nasdaqlisted.csv,COMMON_STOCK,IN_SCOPE,HIGH,Security name indicates common equity: CLASS A.,,,,,,1,PRESERVE_EXISTING,Existing validated expanded_universe_v2_4b row preserved as base source.,,USD,XNAS,,,,,,,,,,,,common_equity
AIHS,Senmiao Technology Limited - Common Stock,NASDAQ,USA,nasdaq_trader_nasdaqlisted,data/raw/source_providers/nasdaq_trader_nasdaqlisted/nasdaq_trader_nasdaqlisted.csv,COMMON_STOCK,IN_SCOPE,HIGH,Security name indicates common equity: COMMON STOCK.,,,,,,1,PRESERVE_EXISTING,Existing validated expanded_universe_v2_4b row preserved as base source.,,USD,XNAS,,,,,,,,,,,,common_equity
AIIO,Robo.ai Inc. - Class B Ordinary Shares,NASDAQ,USA,nasdaq_trader_nasdaqlisted,data/raw/source_providers/nasdaq_trader_nasdaqlisted/nasdaq_trader_nasdaqlisted.csv,COMMON_STOCK,IN_SCOPE,HIGH,Security name indicates common equity: ORDINARY SHARES.,,,,,,1,PRESERVE_EXISTING,Existing validated expanded_universe_v2_4b row preserved as base source.,,USD,XNAS,,,,,,,,,,,,common_equity
AIIR,Air Global PLC - Ordinary shares,NASDAQ,USA,nasdaq_trader_nasdaqlisted,data/raw/source_providers/nasdaq_trader_nasdaqlisted/nasdaq_trader_nasdaqlisted.csv,COMMON_STOCK,IN_SCOPE,HIGH,Security name indicates common equity: ORDINARY SHARES.,,,,,,1,PRESERVE_EXISTING,Existing validated expanded_universe_v2_4b row preserved as base source.,,USD,XNAS,,,,,,,,,,,,common_equity
AIMD,"Ainos, Inc. - Common Stock",NASDAQ,USA,nasdaq_trader_nasdaqlisted,data/raw/source_providers/nasdaq_trader_nasdaqlisted/nasdaq_trader_nasdaqlisted.csv,COMMON_STOCK,IN_SCOPE,HIGH,Security name indicates common equity: COMMON STOCK.,,,,,,1,PRESERVE_EXISTING,Existing validated expanded_universe_v2_4b row preserved as base source.,,USD,XNAS,,,,,,,,,,,,common_equity
AIOS,AIOS Tech Inc. - Class A Common Shares,NASDAQ,USA,nasdaq_trader_nasdaqlisted,data/raw/source_providers/nasdaq_trader_nasdaqlisted/nasdaq_trader_nasdaqlisted.csv,COMMON_STOCK,IN_SCOPE,HIGH,Security name indicates common equity: CLASS A.,,,,,,1,PRESERVE_EXISTING,Existing validated expanded_universe_v2_4b row preserved as base source.,,USD,XNAS,,,,,,,,,,,,common_equity
AIOT,"PowerFleet, Inc. - Common Stock",NASDAQ,USA,nasdaq_trader_nasdaqlisted,data/raw/source_providers/nasdaq_trader_nasdaqlisted/nasdaq_trader_nasdaqlisted.csv,COMMON_STOCK,IN_SCOPE,HIGH,Security name indicates common equity: COMMON STOCK.,,,,,,1,PRESERVE_EXISTING,Existing validated expanded_universe_v2_4b row preserved as base source.,,USD,XNAS,,,,,,,,,,,,common_equity
AIP,"Arteris, Inc. - Common Stock",NASDAQ,USA,nasdaq_trader_nasdaqlisted,data/raw/source_providers/nasdaq_trader_nasdaqlisted/nasdaq_trader_nasdaqlisted.csv,COMMON_STOCK,IN_SCOPE,HIGH,Security name indicates common equity: COMMON STOCK.,,,,,,1,PRESERVE_EXISTING,Existing validated expanded_universe_v2_4b row preserved as base source.,,USD,XNAS,,,,,,,,,,,,common_equity
AIRE,reAlpha Tech Corp. - Common Stock,NASDAQ,USA,nasdaq_trader_nasdaqlisted,data/raw/source_providers/nasdaq_trader_nasdaqlisted/nasdaq_trader_nasdaqlisted.csv,COMMON_STOCK,IN_SCOPE,HIGH,Security name indicates common equity: COMMON STOCK.,,,,,,1,PRESERVE_EXISTING,Existing validated expanded_universe_v2_4b row preserved as base source.,,USD,XNAS,,,,,,,,,,,,common_equity
AIRG,"Airgain, Inc. - Common Stock",NASDAQ,USA,nasdaq_trader_nasdaqlisted,data/raw/source_providers/nasdaq_trader_nasdaqlisted/nasdaq_trader_nasdaqlisted.csv,COMMON_STOCK,IN_SCOPE,HIGH,Security name indicates common equity: COMMON STOCK.,,,,,,1,PRESERVE_EXISTING,Existing validated expanded_universe_v2_4b row preserved as base source.,,USD,XNAS,,,,,,,,,,,,common_equity
AIRJ,AirJoule Technologies Corporation - Class A Common Stock,NASDAQ,USA,nasdaq_trader_nasdaqlisted,data/raw/source_providers/nasdaq_trader_nasdaqlisted/nasdaq_trader_nasdaqlisted.csv,COMMON_STOCK,IN_SCOPE,HIGH,Security name indicates common equity: COMMON STOCK.,,,,,,1,PRESERVE_EXISTING,Existing validated expanded_universe_v2_4b row preserved as base source.,,USD,XNAS,,,,,,,,,,,,common_equity
AIRO,"AIRO Group Holdings, Inc. - Common Stock",NASDAQ,USA,nasdaq_trader_nasdaqlisted,data/raw/source_providers/nasdaq_trader_nasdaqlisted/nasdaq_trader_nasdaqlisted.csv,COMMON_STOCK,IN_SCOPE,HIGH,Security name indicates common equity: COMMON STOCK.,,,,,,1,PRESERVE_EXISTING,Existing validated expanded_universe_v2_4b row preserved as base source.,,USD,XNAS,,,,,,,,,,,,common_equity
AIRS,"AirSculpt Technologies, Inc. - Common Stock",NASDAQ,USA,nasdaq_trader_nasdaqlisted,data/raw/source_providers/nasdaq_trader_nasdaqlisted/nasdaq_trader_nasdaqlisted.csv,COMMON_STOCK,IN_SCOPE,HIGH,Security name indicates common equity: COMMON STOCK.,,,,,,1,PRESERVE_EXISTING,Existing validated expanded_universe_v2_4b row preserved as base source.,,USD,XNAS,,,,,,,,,,,,common_equity
AIRT,"Air T, Inc. - Common Stock",NASDAQ,USA,nasdaq_trader_nasdaqlisted,data/raw/source_providers/nasdaq_trader_nasdaqlisted/nasdaq_trader_nasdaqlisted.csv,COMMON_STOCK,IN_SCOPE,HIGH,Security name indicates common equity: COMMON STOCK.,,,,,,1,PRESERVE_EXISTING,Existing validated expanded_universe_v2_4b row preserved as base source.,,USD,XNAS,,,,,,,,,,,,common_equity
AISP,"Airship AI Holdings, Inc - Class A Common Stock",NASDAQ,USA,nasdaq_trader_nasdaqlisted,data/raw/source_providers/nasdaq_trader_nasdaqlisted/nasdaq_trader_nasdaqlisted.csv,COMMON_STOCK,IN_SCOPE,HIGH,Security name indicates common equity: COMMON STOCK.,,,,,,1,PRESERVE_EXISTING,Existing validated expanded_universe_v2_4b row preserved as base source.,,USD,XNAS,,,,,,,,,,,,common_equity
AIXC,"AIxCrypto Holdings, Inc. - Common Stock",NASDAQ,USA,nasdaq_trader_nasdaqlisted,data/raw/source_providers/nasdaq_trader_nasdaqlisted/nasdaq_trader_nasdaqlisted.csv,COMMON_STOCK,IN_SCOPE,HIGH,Security name indicates common equity: COMMON STOCK.,,,,,,1,PRESERVE_EXISTING,Existing validated expanded_universe_v2_4b row preserved as base source.,,USD,XNAS,,,,,,,,,,,,common_equity
AKAM,"Akamai Technologies, Inc. - Common Stock",NASDAQ,USA,nasdaq_trader_nasdaqlisted,data/raw/source_providers/nasdaq_trader_nasdaqlisted/nasdaq_trader_nasdaqlisted.csv,COMMON_STOCK,IN_SCOPE,HIGH,Security name indicates common equity: COMMON STOCK.,,,,,,1,PRESERVE_EXISTING,Existing validated expanded_universe_v2_4b row preserved as base source.,,USD,XNAS,,,,,,,,,,,,common_equity
AKAN,Akanda Corp. - Common Shares,NASDAQ,USA,nasdaq_trader_nasdaqlisted,data/raw/source_providers/nasdaq_trader_nasdaqlisted/nasdaq_trader_nasdaqlisted.csv,COMMON_STOCK,IN_SCOPE,MEDIUM,No exclusion keyword detected; treated as common equity candidate.,,,,,,1,PRESERVE_EXISTING,Existing validated expanded_universe_v2_4b row preserved as base source.,,USD,XNAS,,,,,,,,,,,,common_equity
AKBA,"Akebia Therapeutics, Inc. - Common Stock",NASDAQ,USA,nasdaq_trader_nasdaqlisted,data/raw/source_providers/nasdaq_trader_nasdaqlisted/nasdaq_trader_nasdaqlisted.csv,COMMON_STOCK,IN_SCOPE,HIGH,Security name indicates common equity: COMMON STOCK.,,,,,,1,PRESERVE_EXISTING,Existing validated expanded_universe_v2_4b row preserved as base source.,,USD,XNAS,,,,,,,,,,,,common_equity
AKTS,"Aktis Oncology, Inc. - Common stock",NASDAQ,USA,nasdaq_trader_nasdaqlisted,data/raw/source_providers/nasdaq_trader_nasdaqlisted/nasdaq_trader_nasdaqlisted.csv,COMMON_STOCK,IN_SCOPE,HIGH,Security name indicates common equity: COMMON STOCK.,,,,,,1,PRESERVE_EXISTING,Existing validated expanded_universe_v2_4b row preserved as base source.,,USD,XNAS,,,,,,,,,,,,common_equity
ALAB,"Astera Labs, Inc. - Common Stock",NASDAQ,USA,nasdaq_trader_nasdaqlisted,data/raw/source_providers/nasdaq_trader_nasdaqlisted/nasdaq_trader_nasdaqlisted.csv,COMMON_STOCK,IN_SCOPE,HIGH,Security name indicates common equity: COMMON STOCK.,,,,,,1,PRESERVE_EXISTING,Existing validated expanded_universe_v2_4b row preserved as base source.,,USD,XNAS,,,,,,,,,,,,common_equity
ALBT,Avalon GloboCare Corp. - Common Stock,NASDAQ,USA,nasdaq_trader_nasdaqlisted,data/raw/source_providers/nasdaq_trader_nasdaqlisted/nasdaq_trader_nasdaqlisted.csv,COMMON_STOCK,IN_SCOPE,HIGH,Security name indicates common equity: COMMON STOCK.,,,,,,1,PRESERVE_EXISTING,Existing validated expanded_universe_v2_4b row preserved as base source.,,USD,XNAS,,,,,,,,,,,,common_equity
ALCO,"Alico, Inc. - Common Stock",NASDAQ,USA,nasdaq_trader_nasdaqlisted,data/raw/source_providers/nasdaq_trader_nasdaqlisted/nasdaq_trader_nasdaqlisted.csv,COMMON_STOCK,IN_SCOPE,HIGH,Security name indicates common equity: COMMON STOCK.,,,,,,1,PRESERVE_EXISTING,Existing validated expanded_universe_v2_4b row preserved as base source.,,USD,XNAS,,,,,,,,,,,,common_equity
ALDF,Aldel Financial II Inc. - Class A Ordinary Shares,NASDAQ,USA,nasdaq_trader_nasdaqlisted,data/raw/source_providers/nasdaq_trader_nasdaqlisted/nasdaq_trader_nasdaqlisted.csv,COMMON_STOCK,IN_SCOPE,HIGH,Security name indicates common equity: ORDINARY SHARES.,,,,,,1,PRESERVE_EXISTING,Existing validated expanded_universe_v2_4b row preserved as base source.,,USD,XNAS,,,,,,,,,,,,common_equity
ALDX,"Aldeyra Therapeutics, Inc. - Common Stock",NASDAQ,USA,nasdaq_trader_nasdaqlisted,data/raw/source_providers/nasdaq_trader_nasdaqlisted/nasdaq_trader_nasdaqlisted.csv,COMMON_STOCK,IN_SCOPE,HIGH,Security name indicates common equity: COMMON STOCK.,,,,,,1,PRESERVE_EXISTING,Existing validated expanded_universe_v2_4b row preserved as base source.,,USD,XNAS,,,,,,,,,,,,common_equity
ALEC,"Alector, Inc. - Common Stock",NASDAQ,USA,nasdaq_trader_nasdaqlisted,data/raw/source_providers/nasdaq_trader_nasdaqlisted/nasdaq_trader_nasdaqlisted.csv,COMMON_STOCK,IN_SCOPE,HIGH,Security name indicates common equity: COMMON STOCK.,,,,,,1,PRESERVE_EXISTING,Existing validated expanded_universe_v2_4b row preserved as base source.,,USD,XNAS,,,,,,,,,,,,common_equity
ALF,Centurion Acquisition Corp. - Class A Ordinary Shares,NASDAQ,USA,nasdaq_trader_nasdaqlisted,data/raw/source_providers/nasdaq_trader_nasdaqlisted/nasdaq_trader_nasdaqlisted.csv,COMMON_STOCK,IN_SCOPE,HIGH,Security name indicates common equity: ORDINARY SHARES.,,,,,,1,PRESERVE_EXISTING,Existing validated expanded_universe_v2_4b row preserved as base source.,,USD,XNAS,,,,,,,,,,,,common_equity
ALGM,"Allegro MicroSystems, Inc. - Common Stock",NASDAQ,USA,nasdaq_trader_nasdaqlisted,data/raw/source_providers/nasdaq_trader_nasdaqlisted/nasdaq_trader_nasdaqlisted.csv,COMMON_STOCK,IN_SCOPE,HIGH,Security name indicates common equity: COMMON STOCK.,,,,,,1,PRESERVE_EXISTING,Existing validated expanded_universe_v2_4b row preserved as base source.,,USD,XNAS,,,,,,,,,,,,common_equity
ALGN,"Align Technology, Inc. - Common Stock",NASDAQ,USA,nasdaq_trader_nasdaqlisted,data/raw/source_providers/nasdaq_trader_nasdaqlisted/nasdaq_trader_nasdaqlisted.csv,COMMON_STOCK,IN_SCOPE,HIGH,Security name indicates common equity: COMMON STOCK.,,,,,,1,PRESERVE_EXISTING,Existing validated expanded_universe_v2_4b row preserved as base source.,,USD,XNAS,,,,,,,,,,,,common_equity
ALGS,"Aligos Therapeutics, Inc. - Common stock",NASDAQ,USA,nasdaq_trader_nasdaqlisted,data/raw/source_providers/nasdaq_trader_nasdaqlisted/nasdaq_trader_nasdaqlisted.csv,COMMON_STOCK,IN_SCOPE,HIGH,Security name indicates common equity: COMMON STOCK.,,,,,,1,PRESERVE_EXISTING,Existing validated expanded_universe_v2_4b row preserved as base source.,,USD,XNAS,,,,,,,,,,,,common_equity
ALGT,Allegiant Travel Company - Common Stock,NASDAQ,USA,nasdaq_trader_nasdaqlisted,data/raw/source_providers/nasdaq_trader_nasdaqlisted/nasdaq_trader_nasdaqlisted.csv,COMMON_STOCK,IN_SCOPE,HIGH,Security name indicates common equity: COMMON STOCK.,,,,,,1,PRESERVE_EXISTING,Existing validated expanded_universe_v2_4b row preserved as base source.,,USD,XNAS,,,,,,,,,,,,common_equity
ALHC,"Alignment Healthcare, Inc. - Common Stock",NASDAQ,USA,nasdaq_trader_nasdaqlisted,data/raw/source_providers/nasdaq_trader_nasdaqlisted/nasdaq_trader_nasdaqlisted.csv,COMMON_STOCK,IN_SCOPE,HIGH,Security name indicates common equity: COMMON STOCK.,,,,,,1,PRESERVE_EXISTING,Existing validated expanded_universe_v2_4b row preserved as base source.,,USD,XNAS,,,,,,,,,,,,common_equity
ALIS,Calisa Acquisition Corp - Ordinary shares,NASDAQ,USA,nasdaq_trader_nasdaqlisted,data/raw/source_providers/nasdaq_trader_nasdaqlisted/nasdaq_trader_nasdaqlisted.csv,COMMON_STOCK,IN_SCOPE,HIGH,Security name indicates common equity: ORDINARY SHARES.,,,,,,1,PRESERVE_EXISTING,Existing validated expanded_universe_v2_4b row preserved as base source.,,USD,XNAS,,,,,,,,,,,,common_equity
ALKS,Alkermes plc - Ordinary Shares,NASDAQ,USA,nasdaq_trader_nasdaqlisted,data/raw/source_providers/nasdaq_trader_nasdaqlisted/nasdaq_trader_nasdaqlisted.csv,COMMON_STOCK,IN_SCOPE,HIGH,Security name indicates common equity: ORDINARY SHARES.,,,,,,1,PRESERVE_EXISTING,Existing validated expanded_universe_v2_4b row preserved as base source.,,USD,XNAS,,,,,,,,,,,,common_equity
ALKT,"Alkami Technology, Inc. - Common Stock",NASDAQ,USA,nasdaq_trader_nasdaqlisted,data/raw/source_providers/nasdaq_trader_nasdaqlisted/nasdaq_trader_nasdaqlisted.csv,COMMON_STOCK,IN_SCOPE,HIGH,Security name indicates common equity: COMMON STOCK.,,,,,,1,PRESERVE_EXISTING,Existing validated expanded_universe_v2_4b row preserved as base source.,,USD,XNAS,,,,,,,,,,,,common_equity
ALLO,"Allogene Therapeutics, Inc. - Common Stock",NASDAQ,USA,nasdaq_trader_nasdaqlisted,data/raw/source_providers/nasdaq_trader_nasdaqlisted/nasdaq_trader_nasdaqlisted.csv,COMMON_STOCK,IN_SCOPE,HIGH,Security name indicates common equity: COMMON STOCK.,,,,,,1,PRESERVE_EXISTING,Existing validated expanded_universe_v2_4b row preserved as base source.,,USD,XNAS,,,,,,,,,,,,common_equity
ALLR,"Allarity Therapeutics, Inc. - Common stock",NASDAQ,USA,nasdaq_trader_nasdaqlisted,data/raw/source_providers/nasdaq_trader_nasdaqlisted/nasdaq_trader_nasdaqlisted.csv,COMMON_STOCK,IN_SCOPE,HIGH,Security name indicates common equity: COMMON STOCK.,,,,,,1,PRESERVE_EXISTING,Existing validated expanded_universe_v2_4b row preserved as base source.,,USD,XNAS,,,,,,,,,,,,common_equity
ALLT,Allot Ltd. - Ordinary Shares,NASDAQ,USA,nasdaq_trader_nasdaqlisted,data/raw/source_providers/nasdaq_trader_nasdaqlisted/nasdaq_trader_nasdaqlisted.csv,COMMON_STOCK,IN_SCOPE,HIGH,Security name indicates common equity: ORDINARY SHARES.,,,,,,1,PRESERVE_EXISTING,Existing validated expanded_universe_v2_4b row preserved as base source.,,USD,XNAS,,,,,,,,,,,,common_equity
ALM,Almonty Industries Inc. - Common Shares,NASDAQ,USA,nasdaq_trader_nasdaqlisted,data/raw/source_providers/nasdaq_trader_nasdaqlisted/nasdaq_trader_nasdaqlisted.csv,COMMON_STOCK,IN_SCOPE,MEDIUM,No exclusion keyword detected; treated as common equity candidate.,,,,,,1,PRESERVE_EXISTING,Existing validated expanded_universe_v2_4b row preserved as base source.,,USD,XNAS,,,,,,,,,,,,common_equity
ALMR,"Alamar Biosciences, Inc. - Class A common stock",NASDAQ,USA,nasdaq_trader_nasdaqlisted,data/raw/source_providers/nasdaq_trader_nasdaqlisted/nasdaq_trader_nasdaqlisted.csv,COMMON_STOCK,IN_SCOPE,HIGH,Security name indicates common equity: COMMON STOCK.,,,,,,1,PRESERVE_EXISTING,Existing validated expanded_universe_v2_4b row preserved as base source.,,USD,XNAS,,,,,,,,,,,,common_equity
ALMS,Alumis Inc. - Common Stock,NASDAQ,USA,nasdaq_trader_nasdaqlisted,data/raw/source_providers/nasdaq_trader_nasdaqlisted/nasdaq_trader_nasdaqlisted.csv,COMMON_STOCK,IN_SCOPE,HIGH,Security name indicates common equity: COMMON STOCK.,,,,,,1,PRESERVE_EXISTING,Existing validated expanded_universe_v2_4b row preserved as base source.,,USD,XNAS,,,,,,,,,,,,common_equity
ALMU,"Aeluma, Inc. - Common Stock",NASDAQ,USA,nasdaq_trader_nasdaqlisted,data/raw/source_providers/nasdaq_trader_nasdaqlisted/nasdaq_trader_nasdaqlisted.csv,COMMON_STOCK,IN_SCOPE,HIGH,Security name indicates common equity: COMMON STOCK.,,,,,,1,PRESERVE_EXISTING,Existing validated expanded_universe_v2_4b row preserved as base source.,,USD,XNAS,,,,,,,,,,,,common_equity
ALNT,Allient Inc. - Common Stock,NASDAQ,USA,nasdaq_trader_nasdaqlisted,data/raw/source_providers/nasdaq_trader_nasdaqlisted/nasdaq_trader_nasdaqlisted.csv,COMMON_STOCK,IN_SCOPE,HIGH,Security name indicates common equity: COMMON STOCK.,,,,,,1,PRESERVE_EXISTING,Existing validated expanded_universe_v2_4b row preserved as base source.,,USD,XNAS,,,,,,,,,,,,common_equity
ALNY,"Alnylam Pharmaceuticals, Inc. - Common Stock",NASDAQ,USA,nasdaq_trader_nasdaqlisted,data/raw/source_providers/nasdaq_trader_nasdaqlisted/nasdaq_trader_nasdaqlisted.csv,COMMON_STOCK,IN_SCOPE,HIGH,Security name indicates common equity: COMMON STOCK.,,,,,,1,PRESERVE_EXISTING,Existing validated expanded_universe_v2_4b row preserved as base source.,,USD,XNAS,,,,,,,,,,,,common_equity
ALOT,"AstroNova, Inc. - Common Stock",NASDAQ,USA,nasdaq_trader_nasdaqlisted,data/raw/source_providers/nasdaq_trader_nasdaqlisted/nasdaq_trader_nasdaqlisted.csv,COMMON_STOCK,IN_SCOPE,HIGH,Security name indicates common equity: COMMON STOCK.,,,,,,1,PRESERVE_EXISTING,Existing validated expanded_universe_v2_4b row preserved as base source.,,USD,XNAS,,,,,,,,,,,,common_equity
ALOV,"Aldabra 4 Liquidity Opportunity Vehicle, Inc. - Class A Ordinary Shares",NASDAQ,USA,nasdaq_trader_nasdaqlisted,data/raw/source_providers/nasdaq_trader_nasdaqlisted/nasdaq_trader_nasdaqlisted.csv,COMMON_STOCK,IN_SCOPE,HIGH,Security name indicates common equity: ORDINARY SHARES.,,,,,,1,PRESERVE_EXISTING,Existing validated expanded_universe_v2_4b row preserved as base source.,,USD,XNAS,,,,,,,,,,,,common_equity
ALOY,REalloys Inc. - Common Stock,NASDAQ,USA,nasdaq_trader_nasdaqlisted,data/raw/source_providers/nasdaq_trader_nasdaqlisted/nasdaq_trader_nasdaqlisted.csv,COMMON_STOCK,IN_SCOPE,HIGH,Security name indicates common equity: COMMON STOCK.,,,,,,1,PRESERVE_EXISTING,Existing validated expanded_universe_v2_4b row preserved as base source.,,USD,XNAS,,,,,,,,,,,,common_equity
ALP,Alpha Compute Corp - Common Stock,NASDAQ,USA,nasdaq_trader_nasdaqlisted,data/raw/source_providers/nasdaq_trader_nasdaqlisted/nasdaq_trader_nasdaqlisted.csv,COMMON_STOCK,IN_SCOPE,HIGH,Security name indicates common equity: COMMON STOCK.,,,,,,1,PRESERVE_EXISTING,Existing validated expanded_universe_v2_4b row preserved as base source.,,USD,XNAS,,,,,,,,,,,,common_equity
ALPS,ALPS Group Inc - Ordinary Share,NASDAQ,USA,nasdaq_trader_nasdaqlisted,data/raw/source_providers/nasdaq_trader_nasdaqlisted/nasdaq_trader_nasdaqlisted.csv,COMMON_STOCK,IN_SCOPE,MEDIUM,No exclusion keyword detected; treated as common equity candidate.,,,,,,1,PRESERVE_EXISTING,Existing validated expanded_universe_v2_4b row preserved as base source.,,USD,XNAS,,,,,,,,,,,,common_equity
ALRM,"Alarm.com Holdings, Inc. - Common Stock",NASDAQ,USA,nasdaq_trader_nasdaqlisted,data/raw/source_providers/nasdaq_trader_nasdaqlisted/nasdaq_trader_nasdaqlisted.csv,COMMON_STOCK,IN_SCOPE,HIGH,Security name indicates common equity: COMMON STOCK.,,,,,,1,PRESERVE_EXISTING,Existing validated expanded_universe_v2_4b row preserved as base source.,,USD,XNAS,,,,,,,,,,,,common_equity
ALRS,Alerus Financial Corporation - Common Stock,NASDAQ,USA,nasdaq_trader_nasdaqlisted,data/raw/source_providers/nasdaq_trader_nasdaqlisted/nasdaq_trader_nasdaqlisted.csv,COMMON_STOCK,IN_SCOPE,HIGH,Security name indicates common equity: COMMON STOCK.,,,,,,1,PRESERVE_EXISTING,Existing validated expanded_universe_v2_4b row preserved as base source.,,USD,XNAS,,,,,,,,,,,,common_equity
ALT,"Altimmune, Inc. - Common Stock",NASDAQ,USA,nasdaq_trader_nasdaqlisted,data/raw/source_providers/nasdaq_trader_nasdaqlisted/nasdaq_trader_nasdaqlisted.csv,COMMON_STOCK,IN_SCOPE,HIGH,Security name indicates common equity: COMMON STOCK.,,,,,,1,PRESERVE_EXISTING,Existing validated expanded_universe_v2_4b row preserved as base source.,,USD,XNAS,,,,,,,,,,,,common_equity
ALTI,"AlTi Global, Inc. - Class A Common Stock",NASDAQ,USA,nasdaq_trader_nasdaqlisted,data/raw/source_providers/nasdaq_trader_nasdaqlisted/nasdaq_trader_nasdaqlisted.csv,COMMON_STOCK,IN_SCOPE,HIGH,Security name indicates common equity: COMMON STOCK.,,,,,,1,PRESERVE_EXISTING,Existing validated expanded_universe_v2_4b row preserved as base source.,,USD,XNAS,,,,,,,,,,,,common_equity
ALTO,"Alto Ingredients, Inc. - Common Stock",NASDAQ,USA,nasdaq_trader_nasdaqlisted,data/raw/source_providers/nasdaq_trader_nasdaqlisted/nasdaq_trader_nasdaqlisted.csv,COMMON_STOCK,IN_SCOPE,HIGH,Security name indicates common equity: COMMON STOCK.,,,,,,1,PRESERVE_EXISTING,Existing validated expanded_universe_v2_4b row preserved as base source.,,USD,XNAS,,,,,,,,,,,,common_equity
ALVO,Alvotech - Ordinary Shares,NASDAQ,USA,nasdaq_trader_nasdaqlisted,data/raw/source_providers/nasdaq_trader_nasdaqlisted/nasdaq_trader_nasdaqlisted.csv,COMMON_STOCK,IN_SCOPE,HIGH,Security name indicates common equity: ORDINARY SHARES.,,,,,,1,PRESERVE_EXISTING,Existing validated expanded_universe_v2_4b row preserved as base source.,,USD,XNAS,,,,,,,,,,,,common_equity
ALXO,ALX Oncology Holdings Inc. - Common Stock,NASDAQ,USA,nasdaq_trader_nasdaqlisted,data/raw/source_providers/nasdaq_trader_nasdaqlisted/nasdaq_trader_nasdaqlisted.csv,COMMON_STOCK,IN_SCOPE,HIGH,Security name indicates common equity: COMMON STOCK.,,,,,,1,PRESERVE_EXISTING,Existing validated expanded_universe_v2_4b row preserved as base source.,,USD,XNAS,,,,,,,,,,,,common_equity
ALZN,"Alzamend Neuro, Inc. - Common Stock",NASDAQ,USA,nasdaq_trader_nasdaqlisted,data/raw/source_providers/nasdaq_trader_nasdaqlisted/nasdaq_trader_nasdaqlisted.csv,COMMON_STOCK,IN_SCOPE,HIGH,Security name indicates common equity: COMMON STOCK.,,,,,,1,PRESERVE_EXISTING,Existing validated expanded_universe_v2_4b row preserved as base source.,,USD,XNAS,,,,,,,,,,,,common_equity
AMAL,Amalgamated Financial Corp. - Common Stock,NASDAQ,USA,nasdaq_trader_nasdaqlisted,data/raw/source_providers/nasdaq_trader_nasdaqlisted/nasdaq_trader_nasdaqlisted.csv,COMMON_STOCK,IN_SCOPE,HIGH,Security name indicates common equity: COMMON STOCK.,,,,,,1,PRESERVE_EXISTING,Existing validated expanded_universe_v2_4b row preserved as base source.,,USD,XNAS,,,,,,,,,,,,common_equity
AMAN,Amanat Acquisition Corp - Class A Ordinary Shares,NASDAQ,USA,nasdaq_trader_nasdaqlisted,data/raw/source_providers/nasdaq_trader_nasdaqlisted/nasdaq_trader_nasdaqlisted.csv,COMMON_STOCK,IN_SCOPE,HIGH,Security name indicates common equity: ORDINARY SHARES.,,,,,,1,PRESERVE_EXISTING,Existing validated expanded_universe_v2_4b row preserved as base source.,,USD,XNAS,,,,,,,,,,,,common_equity
AMAT,"Applied Materials, Inc. - Common Stock",NASDAQ,USA,nasdaq_trader_nasdaqlisted,data/raw/source_providers/nasdaq_trader_nasdaqlisted/nasdaq_trader_nasdaqlisted.csv,COMMON_STOCK,IN_SCOPE,HIGH,Security name indicates common equity: COMMON STOCK.,,,,,,1,PRESERVE_EXISTING,Existing validated expanded_universe_v2_4b row preserved as base source.,,USD,XNAS,,,,,,,,,,,,common_equity
AMBA,"Ambarella, Inc. - Ordinary Shares",NASDAQ,USA,nasdaq_trader_nasdaqlisted,data/raw/source_providers/nasdaq_trader_nasdaqlisted/nasdaq_trader_nasdaqlisted.csv,COMMON_STOCK,IN_SCOPE,HIGH,Security name indicates common equity: ORDINARY SHARES.,,,,,,1,PRESERVE_EXISTING,Existing validated expanded_universe_v2_4b row preserved as base source.,,USD,XNAS,,,,,,,,,,,,common_equity
AMCI,AMC Robotics Corporation - Common Stock,NASDAQ,USA,nasdaq_trader_nasdaqlisted,data/raw/source_providers/nasdaq_trader_nasdaqlisted/nasdaq_trader_nasdaqlisted.csv,COMMON_STOCK,IN_SCOPE,HIGH,Security name indicates common equity: COMMON STOCK.,,,,,,1,PRESERVE_EXISTING,Existing validated expanded_universe_v2_4b row preserved as base source.,,USD,XNAS,,,,,,,,,,,,common_equity
AMCX,AMC Global Media Inc. - Class A Common Stock,NASDAQ,USA,nasdaq_trader_nasdaqlisted,data/raw/source_providers/nasdaq_trader_nasdaqlisted/nasdaq_trader_nasdaqlisted.csv,COMMON_STOCK,IN_SCOPE,HIGH,Security name indicates common equity: COMMON STOCK.,,,,,,1,PRESERVE_EXISTING,Existing validated expanded_universe_v2_4b row preserved as base source.,,USD,XNAS,,,,,,,,,,,,common_equity
AMD,"Advanced Micro Devices, Inc. - Common Stock",NASDAQ,USA,nasdaq_trader_nasdaqlisted,data/raw/source_providers/nasdaq_trader_nasdaqlisted/nasdaq_trader_nasdaqlisted.csv,COMMON_STOCK,IN_SCOPE,HIGH,Security name indicates common equity: COMMON STOCK.,,,,,,1,PRESERVE_EXISTING,Existing validated expanded_universe_v2_4b row preserved as base source.,,USD,XNAS,,,,,,,,,,,,common_equity
AMGN,Amgen Inc. - Common Stock,NASDAQ,USA,nasdaq_trader_nasdaqlisted,data/raw/source_providers/nasdaq_trader_nasdaqlisted/nasdaq_trader_nasdaqlisted.csv,COMMON_STOCK,IN_SCOPE,HIGH,Security name indicates common equity: COMMON STOCK.,,,,,,1,PRESERVE_EXISTING,Existing validated expanded_universe_v2_4b row preserved as base source.,,USD,XNAS,,,,,,,,,,,,common_equity
AMIX,"Autonomix Medical, Inc. - Common Stock",NASDAQ,USA,nasdaq_trader_nasdaqlisted,data/raw/source_providers/nasdaq_trader_nasdaqlisted/nasdaq_trader_nasdaqlisted.csv,COMMON_STOCK,IN_SCOPE,HIGH,Security name indicates common equity: COMMON STOCK.,,,,,,1,PRESERVE_EXISTING,Existing validated expanded_universe_v2_4b row preserved as base source.,,USD,XNAS,,,,,,,,,,,,common_equity
AMKR,"Amkor Technology, Inc. - Common Stock",NASDAQ,USA,nasdaq_trader_nasdaqlisted,data/raw/source_providers/nasdaq_trader_nasdaqlisted/nasdaq_trader_nasdaqlisted.csv,COMMON_STOCK,IN_SCOPE,HIGH,Security name indicates common equity: COMMON STOCK.,,,,,,1,PRESERVE_EXISTING,Existing validated expanded_universe_v2_4b row preserved as base source.,,USD,XNAS,,,,,,,,,,,,common_equity
AMLX,"Amylyx Pharmaceuticals, Inc. - Common Stock",NASDAQ,USA,nasdaq_trader_nasdaqlisted,data/raw/source_providers/nasdaq_trader_nasdaqlisted/nasdaq_trader_nasdaqlisted.csv,COMMON_STOCK,IN_SCOPE,HIGH,Security name indicates common equity: COMMON STOCK.,,,,,,1,PRESERVE_EXISTING,Existing validated expanded_universe_v2_4b row preserved as base source.,,USD,XNAS,,,,,,,,,,,,common_equity
AMOD,"Alpha Modus Holdings, Inc. - Class A Common Stock",NASDAQ,USA,nasdaq_trader_nasdaqlisted,data/raw/source_providers/nasdaq_trader_nasdaqlisted/nasdaq_trader_nasdaqlisted.csv,COMMON_STOCK,IN_SCOPE,HIGH,Security name indicates common equity: COMMON STOCK.,,,,,,1,PRESERVE_EXISTING,Existing validated expanded_universe_v2_4b row preserved as base source.,,USD,XNAS,,,,,,,,,,,,common_equity
AMPG,"Amplitech Group, Inc. - Common Stock",NASDAQ,USA,nasdaq_trader_nasdaqlisted,data/raw/source_providers/nasdaq_trader_nasdaqlisted/nasdaq_trader_nasdaqlisted.csv,COMMON_STOCK,IN_SCOPE,HIGH,Security name indicates common equity: COMMON STOCK.,,,,,,1,PRESERVE_EXISTING,Existing validated expanded_universe_v2_4b row preserved as base source.,,USD,XNAS,,,,,,,,,,,,common_equity
AMPH,"Amphastar Pharmaceuticals, Inc. - Common Stock",NASDAQ,USA,nasdaq_trader_nasdaqlisted,data/raw/source_providers/nasdaq_trader_nasdaqlisted/nasdaq_trader_nasdaqlisted.csv,COMMON_STOCK,IN_SCOPE,HIGH,Security name indicates common equity: COMMON STOCK.,,,,,,1,PRESERVE_EXISTING,Existing validated expanded_universe_v2_4b row preserved as base source.,,USD,XNAS,,,,,,,,,,,,common_equity
AMPL,"Amplitude, Inc. - Class A Common Stock",NASDAQ,USA,nasdaq_trader_nasdaqlisted,data/raw/source_providers/nasdaq_trader_nasdaqlisted/nasdaq_trader_nasdaqlisted.csv,COMMON_STOCK,IN_SCOPE,HIGH,Security name indicates common equity: COMMON STOCK.,,,,,,1,PRESERVE_EXISTING,Existing validated expanded_universe_v2_4b row preserved as base source.,,USD,XNAS,,,,,,,,,,,,common_equity
AMRX,"Amneal Pharmaceuticals, Inc. - Class A Common Stock",NASDAQ,USA,nasdaq_trader_nasdaqlisted,data/raw/source_providers/nasdaq_trader_nasdaqlisted/nasdaq_trader_nasdaqlisted.csv,COMMON_STOCK,IN_SCOPE,HIGH,Security name indicates common equity: COMMON STOCK.,,,,,,1,PRESERVE_EXISTING,Existing validated expanded_universe_v2_4b row preserved as base source.,,USD,XNAS,,,,,,,,,,,,common_equity
AMSC,American Superconductor Corporation - Common Stock,NASDAQ,USA,nasdaq_trader_nasdaqlisted,data/raw/source_providers/nasdaq_trader_nasdaqlisted/nasdaq_trader_nasdaqlisted.csv,COMMON_STOCK,IN_SCOPE,HIGH,Security name indicates common equity: COMMON STOCK.,,,,,,1,PRESERVE_EXISTING,Existing validated expanded_universe_v2_4b row preserved as base source.,,USD,XNAS,,,,,,,,,,,,common_equity
AMSF,"AMERISAFE, Inc. - Common Stock",NASDAQ,USA,nasdaq_trader_nasdaqlisted,data/raw/source_providers/nasdaq_trader_nasdaqlisted/nasdaq_trader_nasdaqlisted.csv,COMMON_STOCK,IN_SCOPE,HIGH,Security name indicates common equity: COMMON STOCK.,,,,,,1,PRESERVE_EXISTING,Existing validated expanded_universe_v2_4b row preserved as base source.,,USD,XNAS,,,,,,,,,,,,common_equity
AMSS,AMASS Brands Inc. - Common Stock,NASDAQ,USA,nasdaq_trader_nasdaqlisted,data/raw/source_providers/nasdaq_trader_nasdaqlisted/nasdaq_trader_nasdaqlisted.csv,COMMON_STOCK,IN_SCOPE,HIGH,Security name indicates common equity: COMMON STOCK.,,,,,,1,PRESERVE_EXISTING,Existing validated expanded_universe_v2_4b row preserved as base source.,,USD,XNAS,,,,,,,,,,,,common_equity
AMST,Amesite Inc. - Common Stock,NASDAQ,USA,nasdaq_trader_nasdaqlisted,data/raw/source_providers/nasdaq_trader_nasdaqlisted/nasdaq_trader_nasdaqlisted.csv,COMMON_STOCK,IN_SCOPE,HIGH,Security name indicates common equity: COMMON STOCK.,,,,,,1,PRESERVE_EXISTING,Existing validated expanded_universe_v2_4b row preserved as base source.,,USD,XNAS,,,,,,,,,,,,common_equity
AMTX,"Aemetis, Inc - Common Stock",NASDAQ,USA,nasdaq_trader_nasdaqlisted,data/raw/source_providers/nasdaq_trader_nasdaqlisted/nasdaq_trader_nasdaqlisted.csv,COMMON_STOCK,IN_SCOPE,HIGH,Security name indicates common equity: COMMON STOCK.,,,,,,1,PRESERVE_EXISTING,Existing validated expanded_universe_v2_4b row preserved as base source.,,USD,XNAS,,,,,,,,,,,,common_equity
AMZN,"Amazon.com, Inc. - Common Stock",NASDAQ,USA,nasdaq_trader_nasdaqlisted,data/raw/source_providers/nasdaq_trader_nasdaqlisted/nasdaq_trader_nasdaqlisted.csv,COMMON_STOCK,IN_SCOPE,HIGH,Security name indicates common equity: COMMON STOCK.,,,,,,1,PRESERVE_EXISTING,Existing validated expanded_universe_v2_4b row preserved as base source.,,USD,XNAS,,,,,,,,,,,,common_equity
ANAB,"AnaptysBio, Inc. - Common Stock",NASDAQ,USA,nasdaq_trader_nasdaqlisted,data/raw/source_providers/nasdaq_trader_nasdaqlisted/nasdaq_trader_nasdaqlisted.csv,COMMON_STOCK,IN_SCOPE,HIGH,Security name indicates common equity: COMMON STOCK.,,,,,,1,PRESERVE_EXISTING,Existing validated expanded_universe_v2_4b row preserved as base source.,,USD,XNAS,,,,,,,,,,,,common_equity
ANDE,"The Andersons, Inc. - Common Stock",NASDAQ,USA,nasdaq_trader_nasdaqlisted,data/raw/source_providers/nasdaq_trader_nasdaqlisted/nasdaq_trader_nasdaqlisted.csv,COMMON_STOCK,IN_SCOPE,HIGH,Security name indicates common equity: COMMON STOCK.,,,,,,1,PRESERVE_EXISTING,Existing validated expanded_universe_v2_4b row preserved as base source.,,USD,XNAS,,,,,,,,,,,,common_equity
ANGH,Anghami Inc. - Ordinary Shares,NASDAQ,USA,nasdaq_trader_nasdaqlisted,data/raw/source_providers/nasdaq_trader_nasdaqlisted/nasdaq_trader_nasdaqlisted.csv,COMMON_STOCK,IN_SCOPE,HIGH,Security name indicates common equity: ORDINARY SHARES.,,,,,,1,PRESERVE_EXISTING,Existing validated expanded_universe_v2_4b row preserved as base source.,,USD,XNAS,,,,,,,,,,,,common_equity
ANGI,Angi Inc. - Class A Common Stock,NASDAQ,USA,nasdaq_trader_nasdaqlisted,data/raw/source_providers/nasdaq_trader_nasdaqlisted/nasdaq_trader_nasdaqlisted.csv,COMMON_STOCK,IN_SCOPE,HIGH,Security name indicates common equity: COMMON STOCK.,,,,,,1,PRESERVE_EXISTING,Existing validated expanded_universe_v2_4b row preserved as base source.,,USD,XNAS,,,,,,,,,,,,common_equity
ANGO,"AngioDynamics, Inc. - Common Stock",NASDAQ,USA,nasdaq_trader_nasdaqlisted,data/raw/source_providers/nasdaq_trader_nasdaqlisted/nasdaq_trader_nasdaqlisted.csv,COMMON_STOCK,IN_SCOPE,HIGH,Security name indicates common equity: COMMON STOCK.,,,,,,1,PRESERVE_EXISTING,Existing validated expanded_universe_v2_4b row preserved as base source.,,USD,XNAS,,,,,,,,,,,,common_equity
ANIK,Anika Therapeutics Inc. - Common Stock,NASDAQ,USA,nasdaq_trader_nasdaqlisted,data/raw/source_providers/nasdaq_trader_nasdaqlisted/nasdaq_trader_nasdaqlisted.csv,COMMON_STOCK,IN_SCOPE,HIGH,Security name indicates common equity: COMMON STOCK.,,,,,,1,PRESERVE_EXISTING,Existing validated expanded_universe_v2_4b row preserved as base source.,,USD,XNAS,,,,,,,,,,,,common_equity
ANIP,"ANI Pharmaceuticals, Inc. - Common Stock",NASDAQ,USA,nasdaq_trader_nasdaqlisted,data/raw/source_providers/nasdaq_trader_nasdaqlisted/nasdaq_trader_nasdaqlisted.csv,COMMON_STOCK,IN_SCOPE,HIGH,Security name indicates common equity: COMMON STOCK.,,,,,,1,PRESERVE_EXISTING,Existing validated expanded_universe_v2_4b row preserved as base source.,,USD,XNAS,,,,,,,,,,,,common_equity
ANIX,"Anixa Biosciences, Inc. - Common Stock",NASDAQ,USA,nasdaq_trader_nasdaqlisted,data/raw/source_providers/nasdaq_trader_nasdaqlisted/nasdaq_trader_nasdaqlisted.csv,COMMON_STOCK,IN_SCOPE,HIGH,Security name indicates common equity: COMMON STOCK.,,,,,,1,PRESERVE_EXISTING,Existing validated expanded_universe_v2_4b row preserved as base source.,,USD,XNAS,,,,,,,,,,,,common_equity
ANNA,"AleAnna, Inc. - Class A Common Stock",NASDAQ,USA,nasdaq_trader_nasdaqlisted,data/raw/source_providers/nasdaq_trader_nasdaqlisted/nasdaq_trader_nasdaqlisted.csv,COMMON_STOCK,IN_SCOPE,HIGH,Security name indicates common equity: COMMON STOCK.,,,,,,1,PRESERVE_EXISTING,Existing validated expanded_universe_v2_4b row preserved as base source.,,USD,XNAS,,,,,,,,,,,,common_equity
ANNX,"Annexon, Inc. - common stock",NASDAQ,USA,nasdaq_trader_nasdaqlisted,data/raw/source_providers/nasdaq_trader_nasdaqlisted/nasdaq_trader_nasdaqlisted.csv,COMMON_STOCK,IN_SCOPE,HIGH,Security name indicates common equity: COMMON STOCK.,,,,,,1,PRESERVE_EXISTING,Existing validated expanded_universe_v2_4b row preserved as base source.,,USD,XNAS,,,,,,,,,,,,common_equity
ANPA,Rich Sparkle Holdings Limited - Ordinary Shares,NASDAQ,USA,nasdaq_trader_nasdaqlisted,data/raw/source_providers/nasdaq_trader_nasdaqlisted/nasdaq_trader_nasdaqlisted.csv,COMMON_STOCK,IN_SCOPE,HIGH,Security name indicates common equity: ORDINARY SHARES.,,,,,,1,PRESERVE_EXISTING,Existing validated expanded_universe_v2_4b row preserved as base source.,,USD,XNAS,,,,,,,,,,,,common_equity
ANSC,Agriculture & Natural Solutions Acquisition Corporation - Class A Ordinary Shares,NASDAQ,USA,nasdaq_trader_nasdaqlisted,data/raw/source_providers/nasdaq_trader_nasdaqlisted/nasdaq_trader_nasdaqlisted.csv,COMMON_STOCK,IN_SCOPE,HIGH,Security name indicates common equity: ORDINARY SHARES.,,,,,,1,PRESERVE_EXISTING,Existing validated expanded_universe_v2_4b row preserved as base source.,,USD,XNAS,,,,,,,,,,,,common_equity
ANTA,Antalpha Platform Holding Company - Class A Ordinary Shares,NASDAQ,USA,nasdaq_trader_nasdaqlisted,data/raw/source_providers/nasdaq_trader_nasdaqlisted/nasdaq_trader_nasdaqlisted.csv,COMMON_STOCK,IN_SCOPE,HIGH,Security name indicates common equity: ORDINARY SHARES.,,,,,,1,PRESERVE_EXISTING,Existing validated expanded_universe_v2_4b row preserved as base source.,,USD,XNAS,,,,,,,,,,,,common_equity
ANTX,"AN2 Therapeutics, Inc. - Common Stock",NASDAQ,USA,nasdaq_trader_nasdaqlisted,data/raw/source_providers/nasdaq_trader_nasdaqlisted/nasdaq_trader_nasdaqlisted.csv,COMMON_STOCK,IN_SCOPE,HIGH,Security name indicates common equity: COMMON STOCK.,,,,,,1,PRESERVE_EXISTING,Existing validated expanded_universe_v2_4b row preserved as base source.,,USD,XNAS,,,,,,,,,,,,common_equity
ANY,Sphere 3D Corp. - Common Shares,NASDAQ,USA,nasdaq_trader_nasdaqlisted,data/raw/source_providers/nasdaq_trader_nasdaqlisted/nasdaq_trader_nasdaqlisted.csv,COMMON_STOCK,IN_SCOPE,MEDIUM,No exclusion keyword detected; treated as common equity candidate.,,,,,,1,PRESERVE_EXISTING,Existing validated expanded_universe_v2_4b row preserved as base source.,,USD,XNAS,,,,,,,,,,,,common_equity
AOSL,Alpha and Omega Semiconductor Limited - Common Shares,NASDAQ,USA,nasdaq_trader_nasdaqlisted,data/raw/source_providers/nasdaq_trader_nasdaqlisted/nasdaq_trader_nasdaqlisted.csv,COMMON_STOCK,IN_SCOPE,MEDIUM,No exclusion keyword detected; treated as common equity candidate.,,,,,,1,PRESERVE_EXISTING,Existing validated expanded_universe_v2_4b row preserved as base source.,,USD,XNAS,,,,,,,,,,,,common_equity
AOUT,"American Outdoor Brands, Inc. - Common Stock",NASDAQ,USA,nasdaq_trader_nasdaqlisted,data/raw/source_providers/nasdaq_trader_nasdaqlisted/nasdaq_trader_nasdaqlisted.csv,COMMON_STOCK,IN_SCOPE,HIGH,Security name indicates common equity: COMMON STOCK.,,,,,,1,PRESERVE_EXISTING,Existing validated expanded_universe_v2_4b row preserved as base source.,,USD,XNAS,,,,,,,,,,,,common_equity
APA,APA Corporation - Common Stock,NASDAQ,USA,nasdaq_trader_nasdaqlisted,data/raw/source_providers/nasdaq_trader_nasdaqlisted/nasdaq_trader_nasdaqlisted.csv,COMMON_STOCK,IN_SCOPE,HIGH,Security name indicates common equity: COMMON STOCK.,,,,,,1,PRESERVE_EXISTING,Existing validated expanded_universe_v2_4b row preserved as base source.,,USD,XNAS,,,,,,,,,,,,common_equity
APAC,StoneBridge Acquisition II Corporation - Class A Ordinary Shares,NASDAQ,USA,nasdaq_trader_nasdaqlisted,data/raw/source_providers/nasdaq_trader_nasdaqlisted/nasdaq_trader_nasdaqlisted.csv,COMMON_STOCK,IN_SCOPE,HIGH,Security name indicates common equity: ORDINARY SHARES.,,,,,,1,PRESERVE_EXISTING,Existing validated expanded_universe_v2_4b row preserved as base source.,,USD,XNAS,,,,,,,,,,,,common_equity
APC,ARKO Petroleum Corp. - Class A Common Stock,NASDAQ,USA,nasdaq_trader_nasdaqlisted,data/raw/source_providers/nasdaq_trader_nasdaqlisted/nasdaq_trader_nasdaqlisted.csv,COMMON_STOCK,IN_SCOPE,HIGH,Security name indicates common equity: COMMON STOCK.,,,,,,1,PRESERVE_EXISTING,Existing validated expanded_universe_v2_4b row preserved as base source.,,USD,XNAS,,,,,,,,,,,,common_equity
APEI,"American Public Education, Inc. - Common Stock",NASDAQ,USA,nasdaq_trader_nasdaqlisted,data/raw/source_providers/nasdaq_trader_nasdaqlisted/nasdaq_trader_nasdaqlisted.csv,COMMON_STOCK,IN_SCOPE,HIGH,Security name indicates common equity: COMMON STOCK.,,,,,,1,PRESERVE_EXISTING,Existing validated expanded_universe_v2_4b row preserved as base source.,,USD,XNAS,,,,,,,,,,,,common_equity
APGE,"Apogee Therapeutics, Inc. - Common Stock",NASDAQ,USA,nasdaq_trader_nasdaqlisted,data/raw/source_providers/nasdaq_trader_nasdaqlisted/nasdaq_trader_nasdaqlisted.csv,COMMON_STOCK,IN_SCOPE,HIGH,Security name indicates common equity: COMMON STOCK.,,,,,,1,PRESERVE_EXISTING,Existing validated expanded_universe_v2_4b row preserved as base source.,,USD,XNAS,,,,,,,,,,,,common_equity
API,"Agora, Inc. - ADS",NASDAQ,USA,nasdaq_trader_nasdaqlisted,data/raw/source_providers/nasdaq_trader_nasdaqlisted/nasdaq_trader_nasdaqlisted.csv,ADR,IN_SCOPE_ADR,MEDIUM,Security name indicates ADR/ADS: ADS.,,,,,,1,PRESERVE_EXISTING,Existing validated expanded_universe_v2_4b row preserved as base source.,,USD,XNAS,,,,,,,,,,,,adr_equity
APLD,Applied Digital Corporation - Common Stock,NASDAQ,USA,nasdaq_trader_nasdaqlisted,data/raw/source_providers/nasdaq_trader_nasdaqlisted/nasdaq_trader_nasdaqlisted.csv,COMMON_STOCK,IN_SCOPE,HIGH,Security name indicates common equity: COMMON STOCK.,,,,,,1,PRESERVE_EXISTING,Existing validated expanded_universe_v2_4b row preserved as base source.,,USD,XNAS,,,,,,,,,,,,common_equity
APLM,Apollomics Inc. - Class A Ordinary Shares,NASDAQ,USA,nasdaq_trader_nasdaqlisted,data/raw/source_providers/nasdaq_trader_nasdaqlisted/nasdaq_trader_nasdaqlisted.csv,COMMON_STOCK,IN_SCOPE,HIGH,Security name indicates common equity: ORDINARY SHARES.,,,,,,1,PRESERVE_EXISTING,Existing validated expanded_universe_v2_4b row preserved as base source.,,USD,XNAS,,,,,,,,,,,,common_equity
APM,Aptorum Group Limited - Class A Ordinary Shares,NASDAQ,USA,nasdaq_trader_nasdaqlisted,data/raw/source_providers/nasdaq_trader_nasdaqlisted/nasdaq_trader_nasdaqlisted.csv,COMMON_STOCK,IN_SCOPE,HIGH,Security name indicates common equity: ORDINARY SHARES.,,,,,,1,PRESERVE_EXISTING,Existing validated expanded_universe_v2_4b row preserved as base source.,,USD,XNAS,,,,,,,,,,,,common_equity
APMC,AmperCap Acquisition Company - Ordinary Shares,NASDAQ,USA,nasdaq_trader_nasdaqlisted,data/raw/source_providers/nasdaq_trader_nasdaqlisted/nasdaq_trader_nasdaqlisted.csv,COMMON_STOCK,IN_SCOPE,HIGH,Security name indicates common equity: ORDINARY SHARES.,,,,,,1,PRESERVE_EXISTING,Existing validated expanded_universe_v2_4b row preserved as base source.,,USD,XNAS,,,,,,,,,,,,common_equity
APOG,"Apogee Enterprises, Inc. - Common Stock",NASDAQ,USA,nasdaq_trader_nasdaqlisted,data/raw/source_providers/nasdaq_trader_nasdaqlisted/nasdaq_trader_nasdaqlisted.csv,COMMON_STOCK,IN_SCOPE,HIGH,Security name indicates common equity: COMMON STOCK.,,,,,,1,PRESERVE_EXISTING,Existing validated expanded_universe_v2_4b row preserved as base source.,,USD,XNAS,,,,,,,,,,,,common_equity
APP,Applovin Corporation - Class A Common Stock,NASDAQ,USA,nasdaq_trader_nasdaqlisted,data/raw/source_providers/nasdaq_trader_nasdaqlisted/nasdaq_trader_nasdaqlisted.csv,COMMON_STOCK,IN_SCOPE,HIGH,Security name indicates common equity: COMMON STOCK.,,,,,,1,PRESERVE_EXISTING,Existing validated expanded_universe_v2_4b row preserved as base source.,,USD,XNAS,,,,,,,,,,,,common_equity
APPF,"AppFolio, Inc. - Class A Common Stock",NASDAQ,USA,nasdaq_trader_nasdaqlisted,data/raw/source_providers/nasdaq_trader_nasdaqlisted/nasdaq_trader_nasdaqlisted.csv,COMMON_STOCK,IN_SCOPE,HIGH,Security name indicates common equity: COMMON STOCK.,,,,,,1,PRESERVE_EXISTING,Existing validated expanded_universe_v2_4b row preserved as base source.,,USD,XNAS,,,,,,,,,,,,common_equity
APPN,Appian Corporation - Class A Common Stock,NASDAQ,USA,nasdaq_trader_nasdaqlisted,data/raw/source_providers/nasdaq_trader_nasdaqlisted/nasdaq_trader_nasdaqlisted.csv,COMMON_STOCK,IN_SCOPE,HIGH,Security name indicates common equity: COMMON STOCK.,,,,,,1,PRESERVE_EXISTING,Existing validated expanded_universe_v2_4b row preserved as base source.,,USD,XNAS,,,,,,,,,,,,common_equity
APPS,"Digital Turbine, Inc. - Common Stock",NASDAQ,USA,nasdaq_trader_nasdaqlisted,data/raw/source_providers/nasdaq_trader_nasdaqlisted/nasdaq_trader_nasdaqlisted.csv,COMMON_STOCK,IN_SCOPE,HIGH,Security name indicates common equity: COMMON STOCK.,,,,,,1,PRESERVE_EXISTING,Existing validated expanded_universe_v2_4b row preserved as base source.,,USD,XNAS,,,,,,,,,,,,common_equity
APRE,"Aprea Therapeutics, Inc. - Common Stock",NASDAQ,USA,nasdaq_trader_nasdaqlisted,data/raw/source_providers/nasdaq_trader_nasdaqlisted/nasdaq_trader_nasdaqlisted.csv,COMMON_STOCK,IN_SCOPE,HIGH,Security name indicates common equity: COMMON STOCK.,,,,,,1,PRESERVE_EXISTING,Existing validated expanded_universe_v2_4b row preserved as base source.,,USD,XNAS,,,,,,,,,,,,common_equity
APUR,Aperture AC - Class A Ordinary Shares,NASDAQ,USA,nasdaq_trader_nasdaqlisted,data/raw/source_providers/nasdaq_trader_nasdaqlisted/nasdaq_trader_nasdaqlisted.csv,COMMON_STOCK,IN_SCOPE,HIGH,Security name indicates common equity: ORDINARY SHARES.,,,,,,1,PRESERVE_EXISTING,Existing validated expanded_universe_v2_4b row preserved as base source.,,USD,XNAS,,,,,,,,,,,,common_equity
APVO,Aptevo Therapeutics Inc. - Common Stock,NASDAQ,USA,nasdaq_trader_nasdaqlisted,data/raw/source_providers/nasdaq_trader_nasdaqlisted/nasdaq_trader_nasdaqlisted.csv,COMMON_STOCK,IN_SCOPE,HIGH,Security name indicates common equity: COMMON STOCK.,,,,,,1,PRESERVE_EXISTING,Existing validated expanded_universe_v2_4b row preserved as base source.,,USD,XNAS,,,,,,,,,,,,common_equity
APWC,"Asia Pacific Wire & Cable Corporation Limited - Common shares, Par value .01 per share",NASDAQ,USA,nasdaq_trader_nasdaqlisted,data/raw/source_providers/nasdaq_trader_nasdaqlisted/nasdaq_trader_nasdaqlisted.csv,COMMON_STOCK,IN_SCOPE,MEDIUM,No exclusion keyword detected; treated as common equity candidate.,,,,,,1,PRESERVE_EXISTING,Existing validated expanded_universe_v2_4b row preserved as base source.,,USD,XNAS,,,,,,,,,,,,common_equity
APXT,Apex Treasury Corporation - Class A Ordinary Share,NASDAQ,USA,nasdaq_trader_nasdaqlisted,data/raw/source_providers/nasdaq_trader_nasdaqlisted/nasdaq_trader_nasdaqlisted.csv,COMMON_STOCK,IN_SCOPE,HIGH,Security name indicates common equity: CLASS A.,,,,,,1,PRESERVE_EXISTING,Existing validated expanded_universe_v2_4b row preserved as base source.,,USD,XNAS,,,,,,,,,,,,common_equity
APYX,Apyx Medical Corporation - Common Stock,NASDAQ,USA,nasdaq_trader_nasdaqlisted,data/raw/source_providers/nasdaq_trader_nasdaqlisted/nasdaq_trader_nasdaqlisted.csv,COMMON_STOCK,IN_SCOPE,HIGH,Security name indicates common equity: COMMON STOCK.,,,,,,1,PRESERVE_EXISTING,Existing validated expanded_universe_v2_4b row preserved as base source.,,USD,XNAS,,,,,,,,,,,,common_equity
AQB,"AquaBounty Technologies, Inc. - Common Stock",NASDAQ,USA,nasdaq_trader_nasdaqlisted,data/raw/source_providers/nasdaq_trader_nasdaqlisted/nasdaq_trader_nasdaqlisted.csv,COMMON_STOCK,IN_SCOPE,HIGH,Security name indicates common equity: COMMON STOCK.,,,,,,1,PRESERVE_EXISTING,Existing validated expanded_universe_v2_4b row preserved as base source.,,USD,XNAS,,,,,,,,,,,,common_equity
AQMS,"Aqua Metals, Inc. - Common Stock",NASDAQ,USA,nasdaq_trader_nasdaqlisted,data/raw/source_providers/nasdaq_trader_nasdaqlisted/nasdaq_trader_nasdaqlisted.csv,COMMON_STOCK,IN_SCOPE,HIGH,Security name indicates common equity: COMMON STOCK.,,,,,,1,PRESERVE_EXISTING,Existing validated expanded_universe_v2_4b row preserved as base source.,,USD,XNAS,,,,,,,,,,,,common_equity
AQST,"Aquestive Therapeutics, Inc. - Common Stock",NASDAQ,USA,nasdaq_trader_nasdaqlisted,data/raw/source_providers/nasdaq_trader_nasdaqlisted/nasdaq_trader_nasdaqlisted.csv,COMMON_STOCK,IN_SCOPE,HIGH,Security name indicates common equity: COMMON STOCK.,,,,,,1,PRESERVE_EXISTING,Existing validated expanded_universe_v2_4b row preserved as base source.,,USD,XNAS,,,,,,,,,,,,common_equity
ARAI,Arrive AI Inc. - Common Stock,NASDAQ,USA,nasdaq_trader_nasdaqlisted,data/raw/source_providers/nasdaq_trader_nasdaqlisted/nasdaq_trader_nasdaqlisted.csv,COMMON_STOCK,IN_SCOPE,HIGH,Security name indicates common equity: COMMON STOCK.,,,,,,1,PRESERVE_EXISTING,Existing validated expanded_universe_v2_4b row preserved as base source.,,USD,XNAS,,,,,,,,,,,,common_equity
ARAY,Accuray Incorporated - Common Stock,NASDAQ,USA,nasdaq_trader_nasdaqlisted,data/raw/source_providers/nasdaq_trader_nasdaqlisted/nasdaq_trader_nasdaqlisted.csv,COMMON_STOCK,IN_SCOPE,HIGH,Security name indicates common equity: COMMON STOCK.,,,,,,1,PRESERVE_EXISTING,Existing validated expanded_universe_v2_4b row preserved as base source.,,USD,XNAS,,,,,,,,,,,,common_equity
ARBB,ARB IOT Group Limited - Ordinary Shares,NASDAQ,USA,nasdaq_trader_nasdaqlisted,data/raw/source_providers/nasdaq_trader_nasdaqlisted/nasdaq_trader_nasdaqlisted.csv,COMMON_STOCK,IN_SCOPE,HIGH,Security name indicates common equity: ORDINARY SHARES.,,,,,,1,PRESERVE_EXISTING,Existing validated expanded_universe_v2_4b row preserved as base source.,,USD,XNAS,,,,,,,,,,,,common_equity
ARBE,Arbe Robotics Ltd. - Ordinary Shares,NASDAQ,USA,nasdaq_trader_nasdaqlisted,data/raw/source_providers/nasdaq_trader_nasdaqlisted/nasdaq_trader_nasdaqlisted.csv,COMMON_STOCK,IN_SCOPE,HIGH,Security name indicates common equity: ORDINARY SHARES.,,,,,,1,PRESERVE_EXISTING,Existing validated expanded_universe_v2_4b row preserved as base source.,,USD,XNAS,,,,,,,,,,,,common_equity
ARCB,ArcBest Corporation - Common Stock,NASDAQ,USA,nasdaq_trader_nasdaqlisted,data/raw/source_providers/nasdaq_trader_nasdaqlisted/nasdaq_trader_nasdaqlisted.csv,COMMON_STOCK,IN_SCOPE,HIGH,Security name indicates common equity: COMMON STOCK.,,,,,,1,PRESERVE_EXISTING,Existing validated expanded_universe_v2_4b row preserved as base source.,,USD,XNAS,,,,,,,,,,,,common_equity
ARCC,Ares Capital Corporation - Closed End Fund,NASDAQ,USA,nasdaq_trader_nasdaqlisted,data/raw/source_providers/nasdaq_trader_nasdaqlisted/nasdaq_trader_nasdaqlisted.csv,COMMON_STOCK,IN_SCOPE,MEDIUM,No exclusion keyword detected; treated as common equity candidate.,,,,,,1,PRESERVE_EXISTING,Existing validated expanded_universe_v2_4b row preserved as base source.,,USD,XNAS,,,,,,,,,,,,common_equity
ARCI,Archimedes Tech SPAC Partners III Co. - Ordinary Share,NASDAQ,USA,nasdaq_trader_nasdaqlisted,data/raw/source_providers/nasdaq_trader_nasdaqlisted/nasdaq_trader_nasdaqlisted.csv,COMMON_STOCK,IN_SCOPE,MEDIUM,No exclusion keyword detected; treated as common equity candidate.,,,,,,1,PRESERVE_EXISTING,Existing validated expanded_universe_v2_4b row preserved as base source.,,USD,XNAS,,,,,,,,,,,,common_equity
ARCL,ARC Group Acquisition I Corp - Class A Ordinary Shares,NASDAQ,USA,nasdaq_trader_nasdaqlisted,data/raw/source_providers/nasdaq_trader_nasdaqlisted/nasdaq_trader_nasdaqlisted.csv,COMMON_STOCK,IN_SCOPE,HIGH,Security name indicates common equity: ORDINARY SHARES.,,,,,,1,PRESERVE_EXISTING,Existing validated expanded_universe_v2_4b row preserved as base source.,,USD,XNAS,,,,,,,,,,,,common_equity
ARCT,Arcturus Therapeutics Holdings Inc. - Common Stock,NASDAQ,USA,nasdaq_trader_nasdaqlisted,data/raw/source_providers/nasdaq_trader_nasdaqlisted/nasdaq_trader_nasdaqlisted.csv,COMMON_STOCK,IN_SCOPE,HIGH,Security name indicates common equity: COMMON STOCK.,,,,,,1,PRESERVE_EXISTING,Existing validated expanded_universe_v2_4b row preserved as base source.,,USD,XNAS,,,,,,,,,,,,common_equity
ARDX,"Ardelyx, Inc. - Common Stock",NASDAQ,USA,nasdaq_trader_nasdaqlisted,data/raw/source_providers/nasdaq_trader_nasdaqlisted/nasdaq_trader_nasdaqlisted.csv,COMMON_STOCK,IN_SCOPE,HIGH,Security name indicates common equity: COMMON STOCK.,,,,,,1,PRESERVE_EXISTING,Existing validated expanded_universe_v2_4b row preserved as base source.,,USD,XNAS,,,,,,,,,,,,common_equity
AREC,American Resources Corporation - Class A Common Stock,NASDAQ,USA,nasdaq_trader_nasdaqlisted,data/raw/source_providers/nasdaq_trader_nasdaqlisted/nasdaq_trader_nasdaqlisted.csv,COMMON_STOCK,IN_SCOPE,HIGH,Security name indicates common equity: COMMON STOCK.,,,,,,1,PRESERVE_EXISTING,Existing validated expanded_universe_v2_4b row preserved as base source.,,USD,XNAS,,,,,,,,,,,,common_equity
ARHS,"Arhaus, Inc. - Class A Common Stock",NASDAQ,USA,nasdaq_trader_nasdaqlisted,data/raw/source_providers/nasdaq_trader_nasdaqlisted/nasdaq_trader_nasdaqlisted.csv,COMMON_STOCK,IN_SCOPE,HIGH,Security name indicates common equity: COMMON STOCK.,,,,,,1,PRESERVE_EXISTING,Existing validated expanded_universe_v2_4b row preserved as base source.,,USD,XNAS,,,,,,,,,,,,common_equity
ARKO,ARKO Corp. - Common Stock,NASDAQ,USA,nasdaq_trader_nasdaqlisted,data/raw/source_providers/nasdaq_trader_nasdaqlisted/nasdaq_trader_nasdaqlisted.csv,COMMON_STOCK,IN_SCOPE,HIGH,Security name indicates common equity: COMMON STOCK.,,,,,,1,PRESERVE_EXISTING,Existing validated expanded_universe_v2_4b row preserved as base source.,,USD,XNAS,,,,,,,,,,,,common_equity
ARKR,Ark Restaurants Corp. - Common Stock,NASDAQ,USA,nasdaq_trader_nasdaqlisted,data/raw/source_providers/nasdaq_trader_nasdaqlisted/nasdaq_trader_nasdaqlisted.csv,COMMON_STOCK,IN_SCOPE,HIGH,Security name indicates common equity: COMMON STOCK.,,,,,,1,PRESERVE_EXISTING,Existing validated expanded_universe_v2_4b row preserved as base source.,,USD,XNAS,,,,,,,,,,,,common_equity
AROW,Arrow Financial Corporation - Common Stock,NASDAQ,USA,nasdaq_trader_nasdaqlisted,data/raw/source_providers/nasdaq_trader_nasdaqlisted/nasdaq_trader_nasdaqlisted.csv,COMMON_STOCK,IN_SCOPE,HIGH,Security name indicates common equity: COMMON STOCK.,,,,,,1,PRESERVE_EXISTING,Existing validated expanded_universe_v2_4b row preserved as base source.,,USD,XNAS,,,,,,,,,,,,common_equity
ARQ,"Arq, Inc. - Common Stock",NASDAQ,USA,nasdaq_trader_nasdaqlisted,data/raw/source_providers/nasdaq_trader_nasdaqlisted/nasdaq_trader_nasdaqlisted.csv,COMMON_STOCK,IN_SCOPE,HIGH,Security name indicates common equity: COMMON STOCK.,,,,,,1,PRESERVE_EXISTING,Existing validated expanded_universe_v2_4b row preserved as base source.,,USD,XNAS,,,,,,,,,,,,common_equity
ARQQ,Arqit Quantum Inc. - Ordinary Shares,NASDAQ,USA,nasdaq_trader_nasdaqlisted,data/raw/source_providers/nasdaq_trader_nasdaqlisted/nasdaq_trader_nasdaqlisted.csv,COMMON_STOCK,IN_SCOPE,HIGH,Security name indicates common equity: ORDINARY SHARES.,,,,,,1,PRESERVE_EXISTING,Existing validated expanded_universe_v2_4b row preserved as base source.,,USD,XNAS,,,,,,,,,,,,common_equity
ARQT,"Arcutis Biotherapeutics, Inc. - Common stock",NASDAQ,USA,nasdaq_trader_nasdaqlisted,data/raw/source_providers/nasdaq_trader_nasdaqlisted/nasdaq_trader_nasdaqlisted.csv,COMMON_STOCK,IN_SCOPE,HIGH,Security name indicates common equity: COMMON STOCK.,,,,,,1,PRESERVE_EXISTING,Existing validated expanded_universe_v2_4b row preserved as base source.,,USD,XNAS,,,,,,,,,,,,common_equity
ARRY,"Array Technologies, Inc. - Common Stock",NASDAQ,USA,nasdaq_trader_nasdaqlisted,data/raw/source_providers/nasdaq_trader_nasdaqlisted/nasdaq_trader_nasdaqlisted.csv,COMMON_STOCK,IN_SCOPE,HIGH,Security name indicates common equity: COMMON STOCK.,,,,,,1,PRESERVE_EXISTING,Existing validated expanded_universe_v2_4b row preserved as base source.,,USD,XNAS,,,,,,,,,,,,common_equity
ARTC,Art Technology Acquisition Corp. - Class A Ordinary Shares,NASDAQ,USA,nasdaq_trader_nasdaqlisted,data/raw/source_providers/nasdaq_trader_nasdaqlisted/nasdaq_trader_nasdaqlisted.csv,COMMON_STOCK,IN_SCOPE,HIGH,Security name indicates common equity: ORDINARY SHARES.,,,,,,1,PRESERVE_EXISTING,Existing validated expanded_universe_v2_4b row preserved as base source.,,USD,XNAS,,,,,,,,,,,,common_equity
ARTL,"Artelo Biosciences, Inc. - Common Stock",NASDAQ,USA,nasdaq_trader_nasdaqlisted,data/raw/source_providers/nasdaq_trader_nasdaqlisted/nasdaq_trader_nasdaqlisted.csv,COMMON_STOCK,IN_SCOPE,HIGH,Security name indicates common equity: COMMON STOCK.,,,,,,1,PRESERVE_EXISTING,Existing validated expanded_universe_v2_4b row preserved as base source.,,USD,XNAS,,,,,,,,,,,,common_equity
ARTNA,Artesian Resources Corporation - Class A Non-Voting Common Stock,NASDAQ,USA,nasdaq_trader_nasdaqlisted,data/raw/source_providers/nasdaq_trader_nasdaqlisted/nasdaq_trader_nasdaqlisted.csv,COMMON_STOCK,IN_SCOPE,HIGH,Security name indicates common equity: COMMON STOCK.,,,,,,1,PRESERVE_EXISTING,Existing validated expanded_universe_v2_4b row preserved as base source.,,USD,XNAS,,,,,,,,,,,,common_equity
ARTV,"Artiva Biotherapeutics, Inc. - Common Stock",NASDAQ,USA,nasdaq_trader_nasdaqlisted,data/raw/source_providers/nasdaq_trader_nasdaqlisted/nasdaq_trader_nasdaqlisted.csv,COMMON_STOCK,IN_SCOPE,HIGH,Security name indicates common equity: COMMON STOCK.,,,,,,1,PRESERVE_EXISTING,Existing validated expanded_universe_v2_4b row preserved as base source.,,USD,XNAS,,,,,,,,,,,,common_equity
ARTW,"Art's-Way Manufacturing Co., Inc. - Common Stock",NASDAQ,USA,nasdaq_trader_nasdaqlisted,data/raw/source_providers/nasdaq_trader_nasdaqlisted/nasdaq_trader_nasdaqlisted.csv,COMMON_STOCK,IN_SCOPE,HIGH,Security name indicates common equity: COMMON STOCK.,,,,,,1,PRESERVE_EXISTING,Existing validated expanded_universe_v2_4b row preserved as base source.,,USD,XNAS,,,,,,,,,,,,common_equity
ARVN,"Arvinas, Inc. - Common Stock",NASDAQ,USA,nasdaq_trader_nasdaqlisted,data/raw/source_providers/nasdaq_trader_nasdaqlisted/nasdaq_trader_nasdaqlisted.csv,COMMON_STOCK,IN_SCOPE,HIGH,Security name indicates common equity: COMMON STOCK.,,,,,,1,PRESERVE_EXISTING,Existing validated expanded_universe_v2_4b row preserved as base source.,,USD,XNAS,,,,,,,,,,,,common_equity
ARWR,"Arrowhead Pharmaceuticals, Inc. - Common Stock",NASDAQ,USA,nasdaq_trader_nasdaqlisted,data/raw/source_providers/nasdaq_trader_nasdaqlisted/nasdaq_trader_nasdaqlisted.csv,COMMON_STOCK,IN_SCOPE,HIGH,Security name indicates common equity: COMMON STOCK.,,,,,,1,PRESERVE_EXISTING,Existing validated expanded_universe_v2_4b row preserved as base source.,,USD,XNAS,,,,,,,,,,,,common_equity
ARXS,"Arxis, Inc. - Class A Common Stock",NASDAQ,USA,nasdaq_trader_nasdaqlisted,data/raw/source_providers/nasdaq_trader_nasdaqlisted/nasdaq_trader_nasdaqlisted.csv,COMMON_STOCK,IN_SCOPE,HIGH,Security name indicates common equity: COMMON STOCK.,,,,,,1,PRESERVE_EXISTING,Existing validated expanded_universe_v2_4b row preserved as base source.,,USD,XNAS,,,,,,,,,,,,common_equity
ASBP,"Aspire Biopharma Holdings, Inc. - Common Stock",NASDAQ,USA,nasdaq_trader_nasdaqlisted,data/raw/source_providers/nasdaq_trader_nasdaqlisted/nasdaq_trader_nasdaqlisted.csv,COMMON_STOCK,IN_SCOPE,HIGH,Security name indicates common equity: COMMON STOCK.,,,,,,1,PRESERVE_EXISTING,Existing validated expanded_universe_v2_4b row preserved as base source.,,USD,XNAS,,,,,,,,,,,,common_equity
ASLE,AerSale Corporation - Common Stock,NASDAQ,USA,nasdaq_trader_nasdaqlisted,data/raw/source_providers/nasdaq_trader_nasdaqlisted/nasdaq_trader_nasdaqlisted.csv,COMMON_STOCK,IN_SCOPE,HIGH,Security name indicates common equity: COMMON STOCK.,,,,,,1,PRESERVE_EXISTING,Existing validated expanded_universe_v2_4b row preserved as base source.,,USD,XNAS,,,,,,,,,,,,common_equity
ASMB,"Assembly Biosciences, Inc. - Common Stock",NASDAQ,USA,nasdaq_trader_nasdaqlisted,data/raw/source_providers/nasdaq_trader_nasdaqlisted/nasdaq_trader_nasdaqlisted.csv,COMMON_STOCK,IN_SCOPE,HIGH,Security name indicates common equity: COMMON STOCK.,,,,,,1,PRESERVE_EXISTING,Existing validated expanded_universe_v2_4b row preserved as base source.,,USD,XNAS,,,,,,,,,,,,common_equity
ASML,ASML Holding N.V. - New York Registry Shares,NASDAQ,USA,nasdaq_trader_nasdaqlisted,data/raw/source_providers/nasdaq_trader_nasdaqlisted/nasdaq_trader_nasdaqlisted.csv,COMMON_STOCK,IN_SCOPE,MEDIUM,No exclusion keyword detected; treated as common equity candidate.,,,,,,1,PRESERVE_EXISTING,Existing validated expanded_universe_v2_4b row preserved as base source.,,USD,XNAS,,,,,,,,,,,,common_equity
ASND,Ascendis Pharma A/S - Ordinary Share,NASDAQ,USA,nasdaq_trader_nasdaqlisted,data/raw/source_providers/nasdaq_trader_nasdaqlisted/nasdaq_trader_nasdaqlisted.csv,COMMON_STOCK,IN_SCOPE,MEDIUM,No exclusion keyword detected; treated as common equity candidate.,,,,,,1,PRESERVE_EXISTING,Existing validated expanded_universe_v2_4b row preserved as base source.,,USD,XNAS,,,,,,,,,,,,common_equity
ASO,"Academy Sports and Outdoors, Inc. - Common Stock",NASDAQ,USA,nasdaq_trader_nasdaqlisted,data/raw/source_providers/nasdaq_trader_nasdaqlisted/nasdaq_trader_nasdaqlisted.csv,COMMON_STOCK,IN_SCOPE,HIGH,Security name indicates common equity: COMMON STOCK.,,,,,,1,PRESERVE_EXISTING,Existing validated expanded_universe_v2_4b row preserved as base source.,,USD,XNAS,,,,,,,,,,,,common_equity
ASPC,A SPAC III Acquisition Corp. - Class A Ordinary Shares,NASDAQ,USA,nasdaq_trader_nasdaqlisted,data/raw/source_providers/nasdaq_trader_nasdaqlisted/nasdaq_trader_nasdaqlisted.csv,COMMON_STOCK,IN_SCOPE,HIGH,Security name indicates common equity: ORDINARY SHARES.,,,,,,1,PRESERVE_EXISTING,Existing validated expanded_universe_v2_4b row preserved as base source.,,USD,XNAS,,,,,,,,,,,,common_equity
ASPI,ASP Isotopes Inc. - Common Stock,NASDAQ,USA,nasdaq_trader_nasdaqlisted,data/raw/source_providers/nasdaq_trader_nasdaqlisted/nasdaq_trader_nasdaqlisted.csv,COMMON_STOCK,IN_SCOPE,HIGH,Security name indicates common equity: COMMON STOCK.,,,,,,1,PRESERVE_EXISTING,Existing validated expanded_universe_v2_4b row preserved as base source.,,USD,XNAS,,,,,,,,,,,,common_equity
ASPS,Altisource Portfolio Solutions S.A. - Common Stock,NASDAQ,USA,nasdaq_trader_nasdaqlisted,data/raw/source_providers/nasdaq_trader_nasdaqlisted/nasdaq_trader_nasdaqlisted.csv,COMMON_STOCK,IN_SCOPE,HIGH,Security name indicates common equity: COMMON STOCK.,,,,,,1,PRESERVE_EXISTING,Existing validated expanded_universe_v2_4b row preserved as base source.,,USD,XNAS,,,,,,,,,,,,common_equity
ASRV,AmeriServ Financial Inc. - Common Stock,NASDAQ,USA,nasdaq_trader_nasdaqlisted,data/raw/source_providers/nasdaq_trader_nasdaqlisted/nasdaq_trader_nasdaqlisted.csv,COMMON_STOCK,IN_SCOPE,HIGH,Security name indicates common equity: COMMON STOCK.,,,,,,1,PRESERVE_EXISTING,Existing validated expanded_universe_v2_4b row preserved as base source.,,USD,XNAS,,,,,,,,,,,,common_equity
ASST,"Strive, Inc. - Class A Common Stock",NASDAQ,USA,nasdaq_trader_nasdaqlisted,data/raw/source_providers/nasdaq_trader_nasdaqlisted/nasdaq_trader_nasdaqlisted.csv,COMMON_STOCK,IN_SCOPE,HIGH,Security name indicates common equity: COMMON STOCK.,,,,,,1,PRESERVE_EXISTING,Existing validated expanded_universe_v2_4b row preserved as base source.,,USD,XNAS,,,,,,,,,,,,common_equity
ASTC,Astrotech Corporation - Common Stock,NASDAQ,USA,nasdaq_trader_nasdaqlisted,data/raw/source_providers/nasdaq_trader_nasdaqlisted/nasdaq_trader_nasdaqlisted.csv,COMMON_STOCK,IN_SCOPE,HIGH,Security name indicates common equity: COMMON STOCK.,,,,,,1,PRESERVE_EXISTING,Existing validated expanded_universe_v2_4b row preserved as base source.,,USD,XNAS,,,,,,,,,,,,common_equity
ASTE,"Astec Industries, Inc. - Common Stock",NASDAQ,USA,nasdaq_trader_nasdaqlisted,data/raw/source_providers/nasdaq_trader_nasdaqlisted/nasdaq_trader_nasdaqlisted.csv,COMMON_STOCK,IN_SCOPE,HIGH,Security name indicates common equity: COMMON STOCK.,,,,,,1,PRESERVE_EXISTING,Existing validated expanded_universe_v2_4b row preserved as base source.,,USD,XNAS,,,,,,,,,,,,common_equity
ASTH,Astrana Health Inc. - Common Stock,NASDAQ,USA,nasdaq_trader_nasdaqlisted,data/raw/source_providers/nasdaq_trader_nasdaqlisted/nasdaq_trader_nasdaqlisted.csv,COMMON_STOCK,IN_SCOPE,HIGH,Security name indicates common equity: COMMON STOCK.,,,,,,1,PRESERVE_EXISTING,Existing validated expanded_universe_v2_4b row preserved as base source.,,USD,XNAS,,,,,,,,,,,,common_equity
ASTI,"Ascent Solar Technologies, Inc - Common Stock",NASDAQ,USA,nasdaq_trader_nasdaqlisted,data/raw/source_providers/nasdaq_trader_nasdaqlisted/nasdaq_trader_nasdaqlisted.csv,COMMON_STOCK,IN_SCOPE,HIGH,Security name indicates common equity: COMMON STOCK.,,,,,,1,PRESERVE_EXISTING,Existing validated expanded_universe_v2_4b row preserved as base source.,,USD,XNAS,,,,,,,,,,,,common_equity
ASTL,Algoma Steel Group Inc. - Common Shares,NASDAQ,USA,nasdaq_trader_nasdaqlisted,data/raw/source_providers/nasdaq_trader_nasdaqlisted/nasdaq_trader_nasdaqlisted.csv,COMMON_STOCK,IN_SCOPE,MEDIUM,No exclusion keyword detected; treated as common equity candidate.,,,,,,1,PRESERVE_EXISTING,Existing validated expanded_universe_v2_4b row preserved as base source.,,USD,XNAS,,,,,,,,,,,,common_equity
ASTS,"AST SpaceMobile, Inc. - Class A Common Stock",NASDAQ,USA,nasdaq_trader_nasdaqlisted,data/raw/source_providers/nasdaq_trader_nasdaqlisted/nasdaq_trader_nasdaqlisted.csv,COMMON_STOCK,IN_SCOPE,HIGH,Security name indicates common equity: COMMON STOCK.,,,,,,1,PRESERVE_EXISTING,Existing validated expanded_universe_v2_4b row preserved as base source.,,USD,XNAS,,,,,,,,,,,,common_equity
ASUR,Asure Software Inc - Common Stock,NASDAQ,USA,nasdaq_trader_nasdaqlisted,data/raw/source_providers/nasdaq_trader_nasdaqlisted/nasdaq_trader_nasdaqlisted.csv,COMMON_STOCK,IN_SCOPE,HIGH,Security name indicates common equity: COMMON STOCK.,,,,,,1,PRESERVE_EXISTING,Existing validated expanded_universe_v2_4b row preserved as base source.,,USD,XNAS,,,,,,,,,,,,common_equity
ASYS,"Amtech Systems, Inc. - Common Stock",NASDAQ,USA,nasdaq_trader_nasdaqlisted,data/raw/source_providers/nasdaq_trader_nasdaqlisted/nasdaq_trader_nasdaqlisted.csv,COMMON_STOCK,IN_SCOPE,HIGH,Security name indicates common equity: COMMON STOCK.,,,,,,1,PRESERVE_EXISTING,Existing validated expanded_universe_v2_4b row preserved as base source.,,USD,XNAS,,,,,,,,,,,,common_equity
ATAI,AtaiBeckley Inc. - Common Stock,NASDAQ,USA,nasdaq_trader_nasdaqlisted,data/raw/source_providers/nasdaq_trader_nasdaqlisted/nasdaq_trader_nasdaqlisted.csv,COMMON_STOCK,IN_SCOPE,HIGH,Security name indicates common equity: COMMON STOCK.,,,,,,1,PRESERVE_EXISTING,Existing validated expanded_universe_v2_4b row preserved as base source.,,USD,XNAS,,,,,,,,,,,,common_equity
ATCX,Atlas Critical Minerals Corporation - Common Stock,NASDAQ,USA,nasdaq_trader_nasdaqlisted,data/raw/source_providers/nasdaq_trader_nasdaqlisted/nasdaq_trader_nasdaqlisted.csv,COMMON_STOCK,IN_SCOPE,HIGH,Security name indicates common equity: COMMON STOCK.,,,,,,1,PRESERVE_EXISTING,Existing validated expanded_universe_v2_4b row preserved as base source.,,USD,XNAS,,,,,,,,,,,,common_equity
ATEC,"Alphatec Holdings, Inc. - Common Stock",NASDAQ,USA,nasdaq_trader_nasdaqlisted,data/raw/source_providers/nasdaq_trader_nasdaqlisted/nasdaq_trader_nasdaqlisted.csv,COMMON_STOCK,IN_SCOPE,HIGH,Security name indicates common equity: COMMON STOCK.,,,,,,1,PRESERVE_EXISTING,Existing validated expanded_universe_v2_4b row preserved as base source.,,USD,XNAS,,,,,,,,,,,,common_equity
ATER,"Aterian, Inc. - Common Stock",NASDAQ,USA,nasdaq_trader_nasdaqlisted,data/raw/source_providers/nasdaq_trader_nasdaqlisted/nasdaq_trader_nasdaqlisted.csv,COMMON_STOCK,IN_SCOPE,HIGH,Security name indicates common equity: COMMON STOCK.,,,,,,1,PRESERVE_EXISTING,Existing validated expanded_universe_v2_4b row preserved as base source.,,USD,XNAS,,,,,,,,,,,,common_equity
ATEX,Anterix Inc. - Common Stock,NASDAQ,USA,nasdaq_trader_nasdaqlisted,data/raw/source_providers/nasdaq_trader_nasdaqlisted/nasdaq_trader_nasdaqlisted.csv,COMMON_STOCK,IN_SCOPE,HIGH,Security name indicates common equity: COMMON STOCK.,,,,,,1,PRESERVE_EXISTING,Existing validated expanded_universe_v2_4b row preserved as base source.,,USD,XNAS,,,,,,,,,,,,common_equity
ATGL,Alpha Technology Group Limited - Class A Ordinary Shares,NASDAQ,USA,nasdaq_trader_nasdaqlisted,data/raw/source_providers/nasdaq_trader_nasdaqlisted/nasdaq_trader_nasdaqlisted.csv,COMMON_STOCK,IN_SCOPE,HIGH,Security name indicates common equity: ORDINARY SHARES.,,,,,,1,PRESERVE_EXISTING,Existing validated expanded_universe_v2_4b row preserved as base source.,,USD,XNAS,,,,,,,,,,,,common_equity
ATHR,"Aether Holdings, Inc. - Common Stock",NASDAQ,USA,nasdaq_trader_nasdaqlisted,data/raw/source_providers/nasdaq_trader_nasdaqlisted/nasdaq_trader_nasdaqlisted.csv,COMMON_STOCK,IN_SCOPE,HIGH,Security name indicates common equity: COMMON STOCK.,,,,,,1,PRESERVE_EXISTING,Existing validated expanded_universe_v2_4b row preserved as base source.,,USD,XNAS,,,,,,,,,,,,common_equity
ATII,Archimedes Tech SPAC Partners II Co. - Ordinary Shares,NASDAQ,USA,nasdaq_trader_nasdaqlisted,data/raw/source_providers/nasdaq_trader_nasdaqlisted/nasdaq_trader_nasdaqlisted.csv,COMMON_STOCK,IN_SCOPE,HIGH,Security name indicates common equity: ORDINARY SHARES.,,,,,,1,PRESERVE_EXISTING,Existing validated expanded_universe_v2_4b row preserved as base source.,,USD,XNAS,,,,,,,,,,,,common_equity
ATLC,Atlanticus Holdings Corporation - Common Stock,NASDAQ,USA,nasdaq_trader_nasdaqlisted,data/raw/source_providers/nasdaq_trader_nasdaqlisted/nasdaq_trader_nasdaqlisted.csv,COMMON_STOCK,IN_SCOPE,HIGH,Security name indicates common equity: COMMON STOCK.,,,,,,1,PRESERVE_EXISTING,Existing validated expanded_universe_v2_4b row preserved as base source.,,USD,XNAS,,,,,,,,,,,,common_equity
ATLO,Ames National Corporation - Common Stock,NASDAQ,USA,nasdaq_trader_nasdaqlisted,data/raw/source_providers/nasdaq_trader_nasdaqlisted/nasdaq_trader_nasdaqlisted.csv,COMMON_STOCK,IN_SCOPE,HIGH,Security name indicates common equity: COMMON STOCK.,,,,,,1,PRESERVE_EXISTING,Existing validated expanded_universe_v2_4b row preserved as base source.,,USD,XNAS,,,,,,,,,,,,common_equity
ATLX,Atlas Lithium Corporation - Common Stock,NASDAQ,USA,nasdaq_trader_nasdaqlisted,data/raw/source_providers/nasdaq_trader_nasdaqlisted/nasdaq_trader_nasdaqlisted.csv,COMMON_STOCK,IN_SCOPE,HIGH,Security name indicates common equity: COMMON STOCK.,,,,,,1,PRESERVE_EXISTING,Existing validated expanded_universe_v2_4b row preserved as base source.,,USD,XNAS,,,,,,,,,,,,common_equity
ATNI,"ATN International, Inc. - Common Stock",NASDAQ,USA,nasdaq_trader_nasdaqlisted,data/raw/source_providers/nasdaq_trader_nasdaqlisted/nasdaq_trader_nasdaqlisted.csv,COMMON_STOCK,IN_SCOPE,HIGH,Security name indicates common equity: COMMON STOCK.,,,,,,1,PRESERVE_EXISTING,Existing validated expanded_universe_v2_4b row preserved as base source.,,USD,XNAS,,,,,,,,,,,,common_equity
ATOM,Atomera Incorporated - Common Stock,NASDAQ,USA,nasdaq_trader_nasdaqlisted,data/raw/source_providers/nasdaq_trader_nasdaqlisted/nasdaq_trader_nasdaqlisted.csv,COMMON_STOCK,IN_SCOPE,HIGH,Security name indicates common equity: COMMON STOCK.,,,,,,1,PRESERVE_EXISTING,Existing validated expanded_universe_v2_4b row preserved as base source.,,USD,XNAS,,,,,,,,,,,,common_equity
ATOS,"Atossa Therapeutics, Inc. - Common Stock",NASDAQ,USA,nasdaq_trader_nasdaqlisted,data/raw/source_providers/nasdaq_trader_nasdaqlisted/nasdaq_trader_nasdaqlisted.csv,COMMON_STOCK,IN_SCOPE,HIGH,Security name indicates common equity: COMMON STOCK.,,,,,,1,PRESERVE_EXISTING,Existing validated expanded_universe_v2_4b row preserved as base source.,,USD,XNAS,,,,,,,,,,,,common_equity
ATPC,Agape ATP Corporation - Common Stock,NASDAQ,USA,nasdaq_trader_nasdaqlisted,data/raw/source_providers/nasdaq_trader_nasdaqlisted/nasdaq_trader_nasdaqlisted.csv,COMMON_STOCK,IN_SCOPE,HIGH,Security name indicates common equity: COMMON STOCK.,,,,,,1,PRESERVE_EXISTING,Existing validated expanded_universe_v2_4b row preserved as base source.,,USD,XNAS,,,,,,,,,,,,common_equity
ATRA,"Atara Biotherapeutics, Inc. - Common Stock",NASDAQ,USA,nasdaq_trader_nasdaqlisted,data/raw/source_providers/nasdaq_trader_nasdaqlisted/nasdaq_trader_nasdaqlisted.csv,COMMON_STOCK,IN_SCOPE,HIGH,Security name indicates common equity: COMMON STOCK.,,,,,,1,PRESERVE_EXISTING,Existing validated expanded_universe_v2_4b row preserved as base source.,,USD,XNAS,,,,,,,,,,,,common_equity
ATRC,"AtriCure, Inc. - Common Stock",NASDAQ,USA,nasdaq_trader_nasdaqlisted,data/raw/source_providers/nasdaq_trader_nasdaqlisted/nasdaq_trader_nasdaqlisted.csv,COMMON_STOCK,IN_SCOPE,HIGH,Security name indicates common equity: COMMON STOCK.,,,,,,1,PRESERVE_EXISTING,Existing validated expanded_universe_v2_4b row preserved as base source.,,USD,XNAS,,,,,,,,,,,,common_equity
ATRO,Astronics Corporation - Common Stock,NASDAQ,USA,nasdaq_trader_nasdaqlisted,data/raw/source_providers/nasdaq_trader_nasdaqlisted/nasdaq_trader_nasdaqlisted.csv,COMMON_STOCK,IN_SCOPE,HIGH,Security name indicates common equity: COMMON STOCK.,,,,,,1,PRESERVE_EXISTING,Existing validated expanded_universe_v2_4b row preserved as base source.,,USD,XNAS,,,,,,,,,,,,common_equity
ATXG,Addentax Group Corp. - Common Stock,NASDAQ,USA,nasdaq_trader_nasdaqlisted,data/raw/source_providers/nasdaq_trader_nasdaqlisted/nasdaq_trader_nasdaqlisted.csv,COMMON_STOCK,IN_SCOPE,HIGH,Security name indicates common equity: COMMON STOCK.,,,,,,1,PRESERVE_EXISTING,Existing validated expanded_universe_v2_4b row preserved as base source.,,USD,XNAS,,,,,,,,,,,,common_equity
ATYR,"aTyr Pharma, Inc. - Common Stock",NASDAQ,USA,nasdaq_trader_nasdaqlisted,data/raw/source_providers/nasdaq_trader_nasdaqlisted/nasdaq_trader_nasdaqlisted.csv,COMMON_STOCK,IN_SCOPE,HIGH,Security name indicates common equity: COMMON STOCK.,,,,,,1,PRESERVE_EXISTING,Existing validated expanded_universe_v2_4b row preserved as base source.,,USD,XNAS,,,,,,,,,,,,common_equity
AUBN,"Auburn National Bancorporation, Inc. - Common Stock",NASDAQ,USA,nasdaq_trader_nasdaqlisted,data/raw/source_providers/nasdaq_trader_nasdaqlisted/nasdaq_trader_nasdaqlisted.csv,COMMON_STOCK,IN_SCOPE,HIGH,Security name indicates common equity: COMMON STOCK.,,,,,,1,PRESERVE_EXISTING,Existing validated expanded_universe_v2_4b row preserved as base source.,,USD,XNAS,,,,,,,,,,,,common_equity
AUC,ATIF Holdings Limited - Ordinary Shares,NASDAQ,USA,nasdaq_trader_nasdaqlisted,data/raw/source_providers/nasdaq_trader_nasdaqlisted/nasdaq_trader_nasdaqlisted.csv,COMMON_STOCK,IN_SCOPE,HIGH,Security name indicates common equity: ORDINARY SHARES.,,,,,,1,PRESERVE_EXISTING,Existing validated expanded_universe_v2_4b row preserved as base source.,,USD,XNAS,,,,,,,,,,,,common_equity
AUDC,AudioCodes Ltd. - Ordinary Shares,NASDAQ,USA,nasdaq_trader_nasdaqlisted,data/raw/source_providers/nasdaq_trader_nasdaqlisted/nasdaq_trader_nasdaqlisted.csv,COMMON_STOCK,IN_SCOPE,HIGH,Security name indicates common equity: ORDINARY SHARES.,,,,,,1,PRESERVE_EXISTING,Existing validated expanded_universe_v2_4b row preserved as base source.,,USD,XNAS,,,,,,,,,,,,common_equity
AUGO,Aura Minerals Inc. - Common Shares,NASDAQ,USA,nasdaq_trader_nasdaqlisted,data/raw/source_providers/nasdaq_trader_nasdaqlisted/nasdaq_trader_nasdaqlisted.csv,COMMON_STOCK,IN_SCOPE,MEDIUM,No exclusion keyword detected; treated as common equity candidate.,,,,,,1,PRESERVE_EXISTING,Existing validated expanded_universe_v2_4b row preserved as base source.,,USD,XNAS,,,,,,,,,,,,common_equity
AUID,authID Inc. - Common Stock,NASDAQ,USA,nasdaq_trader_nasdaqlisted,data/raw/source_providers/nasdaq_trader_nasdaqlisted/nasdaq_trader_nasdaqlisted.csv,COMMON_STOCK,IN_SCOPE,HIGH,Security name indicates common equity: COMMON STOCK.,,,,,,1,PRESERVE_EXISTING,Existing validated expanded_universe_v2_4b row preserved as base source.,,USD,XNAS,,,,,,,,,,,,common_equity
AUPH,Aurinia Pharmaceuticals Inc - Common Shares,NASDAQ,USA,nasdaq_trader_nasdaqlisted,data/raw/source_providers/nasdaq_trader_nasdaqlisted/nasdaq_trader_nasdaqlisted.csv,COMMON_STOCK,IN_SCOPE,MEDIUM,No exclusion keyword detected; treated as common equity candidate.,,,,,,1,PRESERVE_EXISTING,Existing validated expanded_universe_v2_4b row preserved as base source.,,USD,XNAS,,,,,,,,,,,,common_equity
AUR,"Aurora Innovation, Inc. - Class A Common Stock",NASDAQ,USA,nasdaq_trader_nasdaqlisted,data/raw/source_providers/nasdaq_trader_nasdaqlisted/nasdaq_trader_nasdaqlisted.csv,COMMON_STOCK,IN_SCOPE,HIGH,Security name indicates common equity: COMMON STOCK.,,,,,,1,PRESERVE_EXISTING,Existing validated expanded_universe_v2_4b row preserved as base source.,,USD,XNAS,,,,,,,,,,,,common_equity
AURA,"Aura Biosciences, Inc. - Common Stock",NASDAQ,USA,nasdaq_trader_nasdaqlisted,data/raw/source_providers/nasdaq_trader_nasdaqlisted/nasdaq_trader_nasdaqlisted.csv,COMMON_STOCK,IN_SCOPE,HIGH,Security name indicates common equity: COMMON STOCK.,,,,,,1,PRESERVE_EXISTING,Existing validated expanded_universe_v2_4b row preserved as base source.,,USD,XNAS,,,,,,,,,,,,common_equity
AURE,Aurelion Inc. - Class A Ordinary Shares,NASDAQ,USA,nasdaq_trader_nasdaqlisted,data/raw/source_providers/nasdaq_trader_nasdaqlisted/nasdaq_trader_nasdaqlisted.csv,COMMON_STOCK,IN_SCOPE,HIGH,Security name indicates common equity: ORDINARY SHARES.,,,,,,1,PRESERVE_EXISTING,Existing validated expanded_universe_v2_4b row preserved as base source.,,USD,XNAS,,,,,,,,,,,,common_equity
AUUD,Auddia Inc. - Common Stock,NASDAQ,USA,nasdaq_trader_nasdaqlisted,data/raw/source_providers/nasdaq_trader_nasdaqlisted/nasdaq_trader_nasdaqlisted.csv,COMMON_STOCK,IN_SCOPE,HIGH,Security name indicates common equity: COMMON STOCK.,,,,,,1,PRESERVE_EXISTING,Existing validated expanded_universe_v2_4b row preserved as base source.,,USD,XNAS,,,,,,,,,,,,common_equity
AVAH,Aveanna Healthcare Holdings Inc. - Common Stock,NASDAQ,USA,nasdaq_trader_nasdaqlisted,data/raw/source_providers/nasdaq_trader_nasdaqlisted/nasdaq_trader_nasdaqlisted.csv,COMMON_STOCK,IN_SCOPE,HIGH,Security name indicates common equity: COMMON STOCK.,,,,,,1,PRESERVE_EXISTING,Existing validated expanded_universe_v2_4b row preserved as base source.,,USD,XNAS,,,,,,,,,,,,common_equity
AVAT,Avalanche Treasury Corporation - Class A Common Stock,NASDAQ,USA,nasdaq_trader_nasdaqlisted,data/raw/source_providers/nasdaq_trader_nasdaqlisted/nasdaq_trader_nasdaqlisted.csv,COMMON_STOCK,IN_SCOPE,HIGH,Security name indicates common equity: COMMON STOCK.,,,,,,1,PRESERVE_EXISTING,Existing validated expanded_universe_v2_4b row preserved as base source.,,USD,XNAS,,,,,,,,,,,,common_equity
AVAV,"AeroVironment, Inc. - Common Stock",NASDAQ,USA,nasdaq_trader_nasdaqlisted,data/raw/source_providers/nasdaq_trader_nasdaqlisted/nasdaq_trader_nasdaqlisted.csv,COMMON_STOCK,IN_SCOPE,HIGH,Security name indicates common equity: COMMON STOCK.,,,,,,1,PRESERVE_EXISTING,Existing validated expanded_universe_v2_4b row preserved as base source.,,USD,XNAS,,,,,,,,,,,,common_equity
AVBH,"Avidbank Holdings, Inc. - Common Stock",NASDAQ,USA,nasdaq_trader_nasdaqlisted,data/raw/source_providers/nasdaq_trader_nasdaqlisted/nasdaq_trader_nasdaqlisted.csv,COMMON_STOCK,IN_SCOPE,HIGH,Security name indicates common equity: COMMON STOCK.,,,,,,1,PRESERVE_EXISTING,Existing validated expanded_universe_v2_4b row preserved as base source.,,USD,XNAS,,,,,,,,,,,,common_equity
AVBP,"ArriVent BioPharma, Inc. - Common Stock",NASDAQ,USA,nasdaq_trader_nasdaqlisted,data/raw/source_providers/nasdaq_trader_nasdaqlisted/nasdaq_trader_nasdaqlisted.csv,COMMON_STOCK,IN_SCOPE,HIGH,Security name indicates common equity: COMMON STOCK.,,,,,,1,PRESERVE_EXISTING,Existing validated expanded_universe_v2_4b row preserved as base source.,,USD,XNAS,,,,,,,,,,,,common_equity
AVGO,Broadcom Inc. - Common Stock,NASDAQ,USA,nasdaq_trader_nasdaqlisted,data/raw/source_providers/nasdaq_trader_nasdaqlisted/nasdaq_trader_nasdaqlisted.csv,COMMON_STOCK,IN_SCOPE,HIGH,Security name indicates common equity: COMMON STOCK.,,,,,,1,PRESERVE_EXISTING,Existing validated expanded_universe_v2_4b row preserved as base source.,,USD,XNAS,,,,,,,,,,,,common_equity
AVIR,"Atea Pharmaceuticals, Inc. - common stock",NASDAQ,USA,nasdaq_trader_nasdaqlisted,data/raw/source_providers/nasdaq_trader_nasdaqlisted/nasdaq_trader_nasdaqlisted.csv,COMMON_STOCK,IN_SCOPE,HIGH,Security name indicates common equity: COMMON STOCK.,,,,,,1,PRESERVE_EXISTING,Existing validated expanded_universe_v2_4b row preserved as base source.,,USD,XNAS,,,,,,,,,,,,common_equity
AVLN,Avalyn Pharma Inc. - common stock,NASDAQ,USA,nasdaq_trader_nasdaqlisted,data/raw/source_providers/nasdaq_trader_nasdaqlisted/nasdaq_trader_nasdaqlisted.csv,COMMON_STOCK,IN_SCOPE,HIGH,Security name indicates common equity: COMMON STOCK.,,,,,,1,PRESERVE_EXISTING,Existing validated expanded_universe_v2_4b row preserved as base source.,,USD,XNAS,,,,,,,,,,,,common_equity
AVNW,"Aviat Networks, Inc. - Common Stock",NASDAQ,USA,nasdaq_trader_nasdaqlisted,data/raw/source_providers/nasdaq_trader_nasdaqlisted/nasdaq_trader_nasdaqlisted.csv,COMMON_STOCK,IN_SCOPE,HIGH,Security name indicates common equity: COMMON STOCK.,,,,,,1,PRESERVE_EXISTING,Existing validated expanded_universe_v2_4b row preserved as base source.,,USD,XNAS,,,,,,,,,,,,common_equity
AVO,"Mission Produce, Inc. - Common Stock",NASDAQ,USA,nasdaq_trader_nasdaqlisted,data/raw/source_providers/nasdaq_trader_nasdaqlisted/nasdaq_trader_nasdaqlisted.csv,COMMON_STOCK,IN_SCOPE,HIGH,Security name indicates common equity: COMMON STOCK.,,,,,,1,PRESERVE_EXISTING,Existing validated expanded_universe_v2_4b row preserved as base source.,,USD,XNAS,,,,,,,,,,,,common_equity
AVPT,"AvePoint, Inc. - Class A Common Stock",NASDAQ,USA,nasdaq_trader_nasdaqlisted,data/raw/source_providers/nasdaq_trader_nasdaqlisted/nasdaq_trader_nasdaqlisted.csv,COMMON_STOCK,IN_SCOPE,HIGH,Security name indicates common equity: COMMON STOCK.,,,,,,1,PRESERVE_EXISTING,Existing validated expanded_universe_v2_4b row preserved as base source.,,USD,XNAS,,,,,,,,,,,,common_equity
AVR,Anteris Technologies Global Corp. - Common Stock,NASDAQ,USA,nasdaq_trader_nasdaqlisted,data/raw/source_providers/nasdaq_trader_nasdaqlisted/nasdaq_trader_nasdaqlisted.csv,COMMON_STOCK,IN_SCOPE,HIGH,Security name indicates common equity: COMMON STOCK.,,,,,,1,PRESERVE_EXISTING,Existing validated expanded_universe_v2_4b row preserved as base source.,,USD,XNAS,,,,,,,,,,,,common_equity
AVT,"Avnet, Inc. - Common Stock",NASDAQ,USA,nasdaq_trader_nasdaqlisted,data/raw/source_providers/nasdaq_trader_nasdaqlisted/nasdaq_trader_nasdaqlisted.csv,COMMON_STOCK,IN_SCOPE,HIGH,Security name indicates common equity: COMMON STOCK.,,,,,,1,PRESERVE_EXISTING,Existing validated expanded_universe_v2_4b row preserved as base source.,,USD,XNAS,,,,,,,,,,,,common_equity
AVTX,"Avalo Therapeutics, Inc. - Common Stock",NASDAQ,USA,nasdaq_trader_nasdaqlisted,data/raw/source_providers/nasdaq_trader_nasdaqlisted/nasdaq_trader_nasdaqlisted.csv,COMMON_STOCK,IN_SCOPE,HIGH,Security name indicates common equity: COMMON STOCK.,,,,,,1,PRESERVE_EXISTING,Existing validated expanded_universe_v2_4b row preserved as base source.,,USD,XNAS,,,,,,,,,,,,common_equity
AVX,Avax One Technology Ltd. - Common Shares,NASDAQ,USA,nasdaq_trader_nasdaqlisted,data/raw/source_providers/nasdaq_trader_nasdaqlisted/nasdaq_trader_nasdaqlisted.csv,COMMON_STOCK,IN_SCOPE,MEDIUM,No exclusion keyword detected; treated as common equity candidate.,,,,,,1,PRESERVE_EXISTING,Existing validated expanded_universe_v2_4b row preserved as base source.,,USD,XNAS,,,,,,,,,,,,common_equity
AVXL,Anavex Life Sciences Corp. - Common Stock,NASDAQ,USA,nasdaq_trader_nasdaqlisted,data/raw/source_providers/nasdaq_trader_nasdaqlisted/nasdaq_trader_nasdaqlisted.csv,COMMON_STOCK,IN_SCOPE,HIGH,Security name indicates common equity: COMMON STOCK.,,,,,,1,PRESERVE_EXISTING,Existing validated expanded_universe_v2_4b row preserved as base source.,,USD,XNAS,,,,,,,,,,,,common_equity
AWRE,"Aware, Inc. - Common Stock",NASDAQ,USA,nasdaq_trader_nasdaqlisted,data/raw/source_providers/nasdaq_trader_nasdaqlisted/nasdaq_trader_nasdaqlisted.csv,COMMON_STOCK,IN_SCOPE,HIGH,Security name indicates common equity: COMMON STOCK.,,,,,,1,PRESERVE_EXISTING,Existing validated expanded_universe_v2_4b row preserved as base source.,,USD,XNAS,,,,,,,,,,,,common_equity
AXG,Solowin Holdings - Class A Ordinary Share,NASDAQ,USA,nasdaq_trader_nasdaqlisted,data/raw/source_providers/nasdaq_trader_nasdaqlisted/nasdaq_trader_nasdaqlisted.csv,COMMON_STOCK,IN_SCOPE,HIGH,Security name indicates common equity: CLASS A.,,,,,,1,PRESERVE_EXISTING,Existing validated expanded_universe_v2_4b row preserved as base source.,,USD,XNAS,,,,,,,,,,,,common_equity
AXGN,"Axogen, Inc. - Common Stock",NASDAQ,USA,nasdaq_trader_nasdaqlisted,data/raw/source_providers/nasdaq_trader_nasdaqlisted/nasdaq_trader_nasdaqlisted.csv,COMMON_STOCK,IN_SCOPE,HIGH,Security name indicates common equity: COMMON STOCK.,,,,,,1,PRESERVE_EXISTING,Existing validated expanded_universe_v2_4b row preserved as base source.,,USD,XNAS,,,,,,,,,,,,common_equity
AXIN,Axiom Intelligence Acquisition Corp 1 - Class A Ordinary Shares,NASDAQ,USA,nasdaq_trader_nasdaqlisted,data/raw/source_providers/nasdaq_trader_nasdaqlisted/nasdaq_trader_nasdaqlisted.csv,COMMON_STOCK,IN_SCOPE,HIGH,Security name indicates common equity: ORDINARY SHARES.,,,,,,1,PRESERVE_EXISTING,Existing validated expanded_universe_v2_4b row preserved as base source.,,USD,XNAS,,,,,,,,,,,,common_equity
AXON,"Axon Enterprise, Inc. - Common Stock",NASDAQ,USA,nasdaq_trader_nasdaqlisted,data/raw/source_providers/nasdaq_trader_nasdaqlisted/nasdaq_trader_nasdaqlisted.csv,COMMON_STOCK,IN_SCOPE,HIGH,Security name indicates common equity: COMMON STOCK.,,,,,,1,PRESERVE_EXISTING,Existing validated expanded_universe_v2_4b row preserved as base source.,,USD,XNAS,,,,,,,,,,,,common_equity
AXSM,"Axsome Therapeutics, Inc. - Common Stock",NASDAQ,USA,nasdaq_trader_nasdaqlisted,data/raw/source_providers/nasdaq_trader_nasdaqlisted/nasdaq_trader_nasdaqlisted.csv,COMMON_STOCK,IN_SCOPE,HIGH,Security name indicates common equity: COMMON STOCK.,,,,,,1,PRESERVE_EXISTING,Existing validated expanded_universe_v2_4b row preserved as base source.,,USD,XNAS,,,,,,,,,,,,common_equity
AXTI,AXT Inc - Common Stock,NASDAQ,USA,nasdaq_trader_nasdaqlisted,data/raw/source_providers/nasdaq_trader_nasdaqlisted/nasdaq_trader_nasdaqlisted.csv,COMMON_STOCK,IN_SCOPE,HIGH,Security name indicates common equity: COMMON STOCK.,,,,,,1,PRESERVE_EXISTING,Existing validated expanded_universe_v2_4b row preserved as base source.,,USD,XNAS,,,,,,,,,,,,common_equity
AYA,Aya Gold & Silver Inc. - Common Shares,NASDAQ,USA,nasdaq_trader_nasdaqlisted,data/raw/source_providers/nasdaq_trader_nasdaqlisted/nasdaq_trader_nasdaqlisted.csv,COMMON_STOCK,IN_SCOPE,MEDIUM,No exclusion keyword detected; treated as common equity candidate.,,,,,,1,PRESERVE_EXISTING,Existing validated expanded_universe_v2_4b row preserved as base source.,,USD,XNAS,,,,,,,,,,,,common_equity
AYTU,"Aytu BioPharma, Inc. - Common Stock",NASDAQ,USA,nasdaq_trader_nasdaqlisted,data/raw/source_providers/nasdaq_trader_nasdaqlisted/nasdaq_trader_nasdaqlisted.csv,COMMON_STOCK,IN_SCOPE,HIGH,Security name indicates common equity: COMMON STOCK.,,,,,,1,PRESERVE_EXISTING,Existing validated expanded_universe_v2_4b row preserved as base source.,,USD,XNAS,,,,,,,,,,,,common_equity
AZ,A2Z Cust2Mate Solutions Corp. - Common Shares,NASDAQ,USA,nasdaq_trader_nasdaqlisted,data/raw/source_providers/nasdaq_trader_nasdaqlisted/nasdaq_trader_nasdaqlisted.csv,COMMON_STOCK,IN_SCOPE,MEDIUM,No exclusion keyword detected; treated as common equity candidate.,,,,,,1,PRESERVE_EXISTING,Existing validated expanded_universe_v2_4b row preserved as base source.,,USD,XNAS,,,,,,,,,,,,common_equity
AZI,Autozi Internet Technology (Global) Ltd. - Class A Ordinary Shares,NASDAQ,USA,nasdaq_trader_nasdaqlisted,data/raw/source_providers/nasdaq_trader_nasdaqlisted/nasdaq_trader_nasdaqlisted.csv,COMMON_STOCK,IN_SCOPE,HIGH,Security name indicates common equity: ORDINARY SHARES.,,,,,,1,PRESERVE_EXISTING,Existing validated expanded_universe_v2_4b row preserved as base source.,,USD,XNAS,,,,,,,,,,,,common_equity
AZTA,"Azenta, Inc. - Common Stock",NASDAQ,USA,nasdaq_trader_nasdaqlisted,data/raw/source_providers/nasdaq_trader_nasdaqlisted/nasdaq_trader_nasdaqlisted.csv,COMMON_STOCK,IN_SCOPE,HIGH,Security name indicates common equity: COMMON STOCK.,,,,,,1,PRESERVE_EXISTING,Existing validated expanded_universe_v2_4b row preserved as base source.,,USD,XNAS,,,,,,,,,,,,common_equity
BACC,Blue Acquisition Corp. - Class A Ordinary Shares,NASDAQ,USA,nasdaq_trader_nasdaqlisted,data/raw/source_providers/nasdaq_trader_nasdaqlisted/nasdaq_trader_nasdaqlisted.csv,COMMON_STOCK,IN_SCOPE,HIGH,Security name indicates common equity: ORDINARY SHARES.,,,,,,1,PRESERVE_EXISTING,Existing validated expanded_universe_v2_4b row preserved as base source.,,USD,XNAS,,,,,,,,,,,,common_equity
BAER,"Bridger Aerospace Group Holdings, Inc. - Common Stock",NASDAQ,USA,nasdaq_trader_nasdaqlisted,data/raw/source_providers/nasdaq_trader_nasdaqlisted/nasdaq_trader_nasdaqlisted.csv,COMMON_STOCK,IN_SCOPE,HIGH,Security name indicates common equity: COMMON STOCK.,,,,,,1,PRESERVE_EXISTING,Existing validated expanded_universe_v2_4b row preserved as base source.,,USD,XNAS,,,,,,,,,,,,common_equity
BAFN,BayFirst Financial Corp. - Common Stock,NASDAQ,USA,nasdaq_trader_nasdaqlisted,data/raw/source_providers/nasdaq_trader_nasdaqlisted/nasdaq_trader_nasdaqlisted.csv,COMMON_STOCK,IN_SCOPE,HIGH,Security name indicates common equity: COMMON STOCK.,,,,,,1,PRESERVE_EXISTING,Existing validated expanded_universe_v2_4b row preserved as base source.,,USD,XNAS,,,,,,,,,,,,common_equity
BAND,Bandwidth Inc. - Class A Common Stock,NASDAQ,USA,nasdaq_trader_nasdaqlisted,data/raw/source_providers/nasdaq_trader_nasdaqlisted/nasdaq_trader_nasdaqlisted.csv,COMMON_STOCK,IN_SCOPE,HIGH,Security name indicates common equity: COMMON STOCK.,,,,,,1,PRESERVE_EXISTING,Existing validated expanded_universe_v2_4b row preserved as base source.,,USD,XNAS,,,,,,,,,,,,common_equity
BANF,BancFirst Corporation - Common Stock,NASDAQ,USA,nasdaq_trader_nasdaqlisted,data/raw/source_providers/nasdaq_trader_nasdaqlisted/nasdaq_trader_nasdaqlisted.csv,COMMON_STOCK,IN_SCOPE,HIGH,Security name indicates common equity: COMMON STOCK.,,,,,,1,PRESERVE_EXISTING,Existing validated expanded_universe_v2_4b row preserved as base source.,,USD,XNAS,,,,,,,,,,,,common_equity
BANL,CBL International Limited - Class B Ordinary Shares,NASDAQ,USA,nasdaq_trader_nasdaqlisted,data/raw/source_providers/nasdaq_trader_nasdaqlisted/nasdaq_trader_nasdaqlisted.csv,COMMON_STOCK,IN_SCOPE,HIGH,Security name indicates common equity: ORDINARY SHARES.,,,,,,1,PRESERVE_EXISTING,Existing validated expanded_universe_v2_4b row preserved as base source.,,USD,XNAS,,,,,,,,,,,,common_equity
BANR,Banner Corporation - Common Stock,NASDAQ,USA,nasdaq_trader_nasdaqlisted,data/raw/source_providers/nasdaq_trader_nasdaqlisted/nasdaq_trader_nasdaqlisted.csv,COMMON_STOCK,IN_SCOPE,HIGH,Security name indicates common equity: COMMON STOCK.,,,,,,1,PRESERVE_EXISTING,Existing validated expanded_universe_v2_4b row preserved as base source.,,USD,XNAS,,,,,,,,,,,,common_equity
BANX,ArrowMark Financial Corp. - Closed End Fund,NASDAQ,USA,nasdaq_trader_nasdaqlisted,data/raw/source_providers/nasdaq_trader_nasdaqlisted/nasdaq_trader_nasdaqlisted.csv,COMMON_STOCK,IN_SCOPE,MEDIUM,No exclusion keyword detected; treated as common equity candidate.,,,,,,1,PRESERVE_EXISTING,Existing validated expanded_universe_v2_4b row preserved as base source.,,USD,XNAS,,,,,,,,,,,,common_equity
BAOS,Baosheng Media Group Holdings Limited - Ordinary shares,NASDAQ,USA,nasdaq_trader_nasdaqlisted,data/raw/source_providers/nasdaq_trader_nasdaqlisted/nasdaq_trader_nasdaqlisted.csv,COMMON_STOCK,IN_SCOPE,HIGH,Security name indicates common equity: ORDINARY SHARES.,,,,,,1,PRESERVE_EXISTING,Existing validated expanded_universe_v2_4b row preserved as base source.,,USD,XNAS,,,,,,,,,,,,common_equity
BATRA,"Atlanta Braves Holdings, Inc. - Series A Common Stock",NASDAQ,USA,nasdaq_trader_nasdaqlisted,data/raw/source_providers/nasdaq_trader_nasdaqlisted/nasdaq_trader_nasdaqlisted.csv,COMMON_STOCK,IN_SCOPE,HIGH,Security name indicates common equity: COMMON STOCK.,,,,,,1,PRESERVE_EXISTING,Existing validated expanded_universe_v2_4b row preserved as base source.,,USD,XNAS,,,,,,,,,,,,common_equity
BATRK,"Atlanta Braves Holdings, Inc. - Series C Common Stock",NASDAQ,USA,nasdaq_trader_nasdaqlisted,data/raw/source_providers/nasdaq_trader_nasdaqlisted/nasdaq_trader_nasdaqlisted.csv,COMMON_STOCK,IN_SCOPE,HIGH,Security name indicates common equity: COMMON STOCK.,,,,,,1,PRESERVE_EXISTING,Existing validated expanded_universe_v2_4b row preserved as base source.,,USD,XNAS,,,,,,,,,,,,common_equity
BAYA,Bayview Acquisition Corp - Ordinary Share,NASDAQ,USA,nasdaq_trader_nasdaqlisted,data/raw/source_providers/nasdaq_trader_nasdaqlisted/nasdaq_trader_nasdaqlisted.csv,COMMON_STOCK,IN_SCOPE,MEDIUM,No exclusion keyword detected; treated as common equity candidate.,,,,,,1,PRESERVE_EXISTING,Existing validated expanded_universe_v2_4b row preserved as base source.,,USD,XNAS,,,,,,,,,,,,common_equity
BBCP,"Concrete Pumping Holdings, Inc. - Common Stock",NASDAQ,USA,nasdaq_trader_nasdaqlisted,data/raw/source_providers/nasdaq_trader_nasdaqlisted/nasdaq_trader_nasdaqlisted.csv,COMMON_STOCK,IN_SCOPE,HIGH,Security name indicates common equity: COMMON STOCK.,,,,,,1,PRESERVE_EXISTING,Existing validated expanded_universe_v2_4b row preserved as base source.,,USD,XNAS,,,,,,,,,,,,common_equity
BBCQ,Bleichroeder Acquisition Corp. II - Class A Ordinary Shares,NASDAQ,USA,nasdaq_trader_nasdaqlisted,data/raw/source_providers/nasdaq_trader_nasdaqlisted/nasdaq_trader_nasdaqlisted.csv,COMMON_STOCK,IN_SCOPE,HIGH,Security name indicates common equity: ORDINARY SHARES.,,,,,,1,PRESERVE_EXISTING,Existing validated expanded_universe_v2_4b row preserved as base source.,,USD,XNAS,,,,,,,,,,,,common_equity
BBGI,"Beasley Broadcast Group, Inc. - Class A Common Stock",NASDAQ,USA,nasdaq_trader_nasdaqlisted,data/raw/source_providers/nasdaq_trader_nasdaqlisted/nasdaq_trader_nasdaqlisted.csv,COMMON_STOCK,IN_SCOPE,HIGH,Security name indicates common equity: COMMON STOCK.,,,,,,1,PRESERVE_EXISTING,Existing validated expanded_universe_v2_4b row preserved as base source.,,USD,XNAS,,,,,,,,,,,,common_equity
BBIO,"BridgeBio Pharma, Inc. - Common Stock",NASDAQ,USA,nasdaq_trader_nasdaqlisted,data/raw/source_providers/nasdaq_trader_nasdaqlisted/nasdaq_trader_nasdaqlisted.csv,COMMON_STOCK,IN_SCOPE,HIGH,Security name indicates common equity: COMMON STOCK.,,,,,,1,PRESERVE_EXISTING,Existing validated expanded_universe_v2_4b row preserved as base source.,,USD,XNAS,,,,,,,,,,,,common_equity
BBLG,Bone Biologics Corp - Common Stock,NASDAQ,USA,nasdaq_trader_nasdaqlisted,data/raw/source_providers/nasdaq_trader_nasdaqlisted/nasdaq_trader_nasdaqlisted.csv,COMMON_STOCK,IN_SCOPE,HIGH,Security name indicates common equity: COMMON STOCK.,,,,,,1,PRESERVE_EXISTING,Existing validated expanded_universe_v2_4b row preserved as base source.,,USD,XNAS,,,,,,,,,,,,common_equity
BBNX,"Beta Bionics, Inc. - Common Stock",NASDAQ,USA,nasdaq_trader_nasdaqlisted,data/raw/source_providers/nasdaq_trader_nasdaqlisted/nasdaq_trader_nasdaqlisted.csv,COMMON_STOCK,IN_SCOPE,HIGH,Security name indicates common equity: COMMON STOCK.,,,,,,1,PRESERVE_EXISTING,Existing validated expanded_universe_v2_4b row preserved as base source.,,USD,XNAS,,,,,,,,,,,,common_equity
BBOT,"BridgeBio Oncology Therapeutics, Inc. - Common Stock",NASDAQ,USA,nasdaq_trader_nasdaqlisted,data/raw/source_providers/nasdaq_trader_nasdaqlisted/nasdaq_trader_nasdaqlisted.csv,COMMON_STOCK,IN_SCOPE,HIGH,Security name indicates common equity: COMMON STOCK.,,,,,,1,PRESERVE_EXISTING,Existing validated expanded_universe_v2_4b row preserved as base source.,,USD,XNAS,,,,,,,,,,,,common_equity
BBSI,"Barrett Business Services, Inc. - Common Stock",NASDAQ,USA,nasdaq_trader_nasdaqlisted,data/raw/source_providers/nasdaq_trader_nasdaqlisted/nasdaq_trader_nasdaqlisted.csv,COMMON_STOCK,IN_SCOPE,HIGH,Security name indicates common equity: COMMON STOCK.,,,,,,1,PRESERVE_EXISTING,Existing validated expanded_universe_v2_4b row preserved as base source.,,USD,XNAS,,,,,,,,,,,,common_equity
BCAB,"BioAtla, Inc. - Common Stock",NASDAQ,USA,nasdaq_trader_nasdaqlisted,data/raw/source_providers/nasdaq_trader_nasdaqlisted/nasdaq_trader_nasdaqlisted.csv,COMMON_STOCK,IN_SCOPE,HIGH,Security name indicates common equity: COMMON STOCK.,,,,,,1,PRESERVE_EXISTING,Existing validated expanded_universe_v2_4b row preserved as base source.,,USD,XNAS,,,,,,,,,,,,common_equity
BCAL,California BanCorp - Common Stock,NASDAQ,USA,nasdaq_trader_nasdaqlisted,data/raw/source_providers/nasdaq_trader_nasdaqlisted/nasdaq_trader_nasdaqlisted.csv,COMMON_STOCK,IN_SCOPE,HIGH,Security name indicates common equity: COMMON STOCK.,,,,,,1,PRESERVE_EXISTING,Existing validated expanded_universe_v2_4b row preserved as base source.,,USD,XNAS,,,,,,,,,,,,common_equity
BCAR,D. Boral ARC Acquisition I Corp. - Class A Ordinary Shares,NASDAQ,USA,nasdaq_trader_nasdaqlisted,data/raw/source_providers/nasdaq_trader_nasdaqlisted/nasdaq_trader_nasdaqlisted.csv,COMMON_STOCK,IN_SCOPE,HIGH,Security name indicates common equity: ORDINARY SHARES.,,,,,,1,PRESERVE_EXISTING,Existing validated expanded_universe_v2_4b row preserved as base source.,,USD,XNAS,,,,,,,,,,,,common_equity
BCAX,Bicara Therapeutics Inc. - Common Stock,NASDAQ,USA,nasdaq_trader_nasdaqlisted,data/raw/source_providers/nasdaq_trader_nasdaqlisted/nasdaq_trader_nasdaqlisted.csv,COMMON_STOCK,IN_SCOPE,HIGH,Security name indicates common equity: COMMON STOCK.,,,,,,1,PRESERVE_EXISTING,Existing validated expanded_universe_v2_4b row preserved as base source.,,USD,XNAS,,,,,,,,,,,,common_equity
BCBP,"BCB Bancorp, Inc. (NJ) - Common Stock",NASDAQ,USA,nasdaq_trader_nasdaqlisted,data/raw/source_providers/nasdaq_trader_nasdaqlisted/nasdaq_trader_nasdaqlisted.csv,COMMON_STOCK,IN_SCOPE,HIGH,Security name indicates common equity: COMMON STOCK.,,,,,,1,PRESERVE_EXISTING,Existing validated expanded_universe_v2_4b row preserved as base source.,,USD,XNAS,,,,,,,,,,,,common_equity
BCDA,"BioCardia, Inc. - Common Stock",NASDAQ,USA,nasdaq_trader_nasdaqlisted,data/raw/source_providers/nasdaq_trader_nasdaqlisted/nasdaq_trader_nasdaqlisted.csv,COMMON_STOCK,IN_SCOPE,HIGH,Security name indicates common equity: COMMON STOCK.,,,,,,1,PRESERVE_EXISTING,Existing validated expanded_universe_v2_4b row preserved as base source.,,USD,XNAS,,,,,,,,,,,,common_equity
BCG,"Binah Capital Group, Inc. - Common Stock",NASDAQ,USA,nasdaq_trader_nasdaqlisted,data/raw/source_providers/nasdaq_trader_nasdaqlisted/nasdaq_trader_nasdaqlisted.csv,COMMON_STOCK,IN_SCOPE,HIGH,Security name indicates common equity: COMMON STOCK.,,,,,,1,PRESERVE_EXISTING,Existing validated expanded_universe_v2_4b row preserved as base source.,,USD,XNAS,,,,,,,,,,,,common_equity
BCIC,BCP Investment Corporation - Closed End Fund,NASDAQ,USA,nasdaq_trader_nasdaqlisted,data/raw/source_providers/nasdaq_trader_nasdaqlisted/nasdaq_trader_nasdaqlisted.csv,COMMON_STOCK,IN_SCOPE,MEDIUM,No exclusion keyword detected; treated as common equity candidate.,,,,,,1,PRESERVE_EXISTING,Existing validated expanded_universe_v2_4b row preserved as base source.,,USD,XNAS,,,,,,,,,,,,common_equity
BCML,BayCom Corp - Common Stock,NASDAQ,USA,nasdaq_trader_nasdaqlisted,data/raw/source_providers/nasdaq_trader_nasdaqlisted/nasdaq_trader_nasdaqlisted.csv,COMMON_STOCK,IN_SCOPE,HIGH,Security name indicates common equity: COMMON STOCK.,,,,,,1,PRESERVE_EXISTING,Existing validated expanded_universe_v2_4b row preserved as base source.,,USD,XNAS,,,,,,,,,,,,common_equity
BCPC,Balchem Corporation - Common Stock,NASDAQ,USA,nasdaq_trader_nasdaqlisted,data/raw/source_providers/nasdaq_trader_nasdaqlisted/nasdaq_trader_nasdaqlisted.csv,COMMON_STOCK,IN_SCOPE,HIGH,Security name indicates common equity: COMMON STOCK.,,,,,,1,PRESERVE_EXISTING,Existing validated expanded_universe_v2_4b row preserved as base source.,,USD,XNAS,,,,,,,,,,,,common_equity
BCRX,"BioCryst Pharmaceuticals, Inc. - Common Stock",NASDAQ,USA,nasdaq_trader_nasdaqlisted,data/raw/source_providers/nasdaq_trader_nasdaqlisted/nasdaq_trader_nasdaqlisted.csv,COMMON_STOCK,IN_SCOPE,HIGH,Security name indicates common equity: COMMON STOCK.,,,,,,1,PRESERVE_EXISTING,Existing validated expanded_universe_v2_4b row preserved as base source.,,USD,XNAS,,,,,,,,,,,,common_equity
BCTX,BriaCell Therapeutics Corp. - Common Shares,NASDAQ,USA,nasdaq_trader_nasdaqlisted,data/raw/source_providers/nasdaq_trader_nasdaqlisted/nasdaq_trader_nasdaqlisted.csv,COMMON_STOCK,IN_SCOPE,MEDIUM,No exclusion keyword detected; treated as common equity candidate.,,,,,,1,PRESERVE_EXISTING,Existing validated expanded_universe_v2_4b row preserved as base source.,,USD,XNAS,,,,,,,,,,,,common_equity
BDCI,BTC Development Corp. - Class A Ordinary Shares,NASDAQ,USA,nasdaq_trader_nasdaqlisted,data/raw/source_providers/nasdaq_trader_nasdaqlisted/nasdaq_trader_nasdaqlisted.csv,COMMON_STOCK,IN_SCOPE,HIGH,Security name indicates common equity: ORDINARY SHARES.,,,,,,1,PRESERVE_EXISTING,Existing validated expanded_universe_v2_4b row preserved as base source.,,USD,XNAS,,,,,,,,,,,,common_equity
BDMD,Baird Medical Investment Holdings Ltd - Ordinary Share,NASDAQ,USA,nasdaq_trader_nasdaqlisted,data/raw/source_providers/nasdaq_trader_nasdaqlisted/nasdaq_trader_nasdaqlisted.csv,COMMON_STOCK,IN_SCOPE,MEDIUM,No exclusion keyword detected; treated as common equity candidate.,,,,,,1,PRESERVE_EXISTING,Existing validated expanded_universe_v2_4b row preserved as base source.,,USD,XNAS,,,,,,,,,,,,common_equity
BDSX,"Biodesix, Inc. - Common Stock",NASDAQ,USA,nasdaq_trader_nasdaqlisted,data/raw/source_providers/nasdaq_trader_nasdaqlisted/nasdaq_trader_nasdaqlisted.csv,COMMON_STOCK,IN_SCOPE,HIGH,Security name indicates common equity: COMMON STOCK.,,,,,,1,PRESERVE_EXISTING,Existing validated expanded_universe_v2_4b row preserved as base source.,,USD,XNAS,,,,,,,,,,,,common_equity
BDTX,"Black Diamond Therapeutics, Inc. - Common Stock",NASDAQ,USA,nasdaq_trader_nasdaqlisted,data/raw/source_providers/nasdaq_trader_nasdaqlisted/nasdaq_trader_nasdaqlisted.csv,COMMON_STOCK,IN_SCOPE,HIGH,Security name indicates common equity: COMMON STOCK.,,,,,,1,PRESERVE_EXISTING,Existing validated expanded_universe_v2_4b row preserved as base source.,,USD,XNAS,,,,,,,,,,,,common_equity
BEAG,Bold Eagle Acquisition Corp. - Class A Ordinary Shares,NASDAQ,USA,nasdaq_trader_nasdaqlisted,data/raw/source_providers/nasdaq_trader_nasdaqlisted/nasdaq_trader_nasdaqlisted.csv,COMMON_STOCK,IN_SCOPE,HIGH,Security name indicates common equity: ORDINARY SHARES.,,,,,,1,PRESERVE_EXISTING,Existing validated expanded_universe_v2_4b row preserved as base source.,,USD,XNAS,,,,,,,,,,,,common_equity
BEAM,Beam Therapeutics Inc. - Common Stock,NASDAQ,USA,nasdaq_trader_nasdaqlisted,data/raw/source_providers/nasdaq_trader_nasdaqlisted/nasdaq_trader_nasdaqlisted.csv,COMMON_STOCK,IN_SCOPE,HIGH,Security name indicates common equity: COMMON STOCK.,,,,,,1,PRESERVE_EXISTING,Existing validated expanded_universe_v2_4b row preserved as base source.,,USD,XNAS,,,,,,,,,,,,common_equity
BEAT,"Heartbeam, Inc. - Common Stock",NASDAQ,USA,nasdaq_trader_nasdaqlisted,data/raw/source_providers/nasdaq_trader_nasdaqlisted/nasdaq_trader_nasdaqlisted.csv,COMMON_STOCK,IN_SCOPE,HIGH,Security name indicates common equity: COMMON STOCK.,,,,,,1,PRESERVE_EXISTING,Existing validated expanded_universe_v2_4b row preserved as base source.,,USD,XNAS,,,,,,,,,,,,common_equity
BEEM,Beam Global - Common Stock,NASDAQ,USA,nasdaq_trader_nasdaqlisted,data/raw/source_providers/nasdaq_trader_nasdaqlisted/nasdaq_trader_nasdaqlisted.csv,COMMON_STOCK,IN_SCOPE,HIGH,Security name indicates common equity: COMMON STOCK.,,,,,,1,PRESERVE_EXISTING,Existing validated expanded_universe_v2_4b row preserved as base source.,,USD,XNAS,,,,,,,,,,,,common_equity
BEEP,Mobile Infrastructure Corporation - Common Stock,NASDAQ,USA,nasdaq_trader_nasdaqlisted,data/raw/source_providers/nasdaq_trader_nasdaqlisted/nasdaq_trader_nasdaqlisted.csv,COMMON_STOCK,IN_SCOPE,HIGH,Security name indicates common equity: COMMON STOCK.,,,,,,1,PRESERVE_EXISTING,Existing validated expanded_universe_v2_4b row preserved as base source.,,USD,XNAS,,,,,,,,,,,,common_equity
BELFA,Bel Fuse Inc. - Class A Common Stock,NASDAQ,USA,nasdaq_trader_nasdaqlisted,data/raw/source_providers/nasdaq_trader_nasdaqlisted/nasdaq_trader_nasdaqlisted.csv,COMMON_STOCK,IN_SCOPE,HIGH,Security name indicates common equity: COMMON STOCK.,,,,,,1,PRESERVE_EXISTING,Existing validated expanded_universe_v2_4b row preserved as base source.,,USD,XNAS,,,,,,,,,,,,common_equity
BELFB,Bel Fuse Inc. - Class B Common Stock,NASDAQ,USA,nasdaq_trader_nasdaqlisted,data/raw/source_providers/nasdaq_trader_nasdaqlisted/nasdaq_trader_nasdaqlisted.csv,COMMON_STOCK,IN_SCOPE,HIGH,Security name indicates common equity: COMMON STOCK.,,,,,,1,PRESERVE_EXISTING,Existing validated expanded_universe_v2_4b row preserved as base source.,,USD,XNAS,,,,,,,,,,,,common_equity
BENF,Beneficient - Class A Common Stock,NASDAQ,USA,nasdaq_trader_nasdaqlisted,data/raw/source_providers/nasdaq_trader_nasdaqlisted/nasdaq_trader_nasdaqlisted.csv,COMMON_STOCK,IN_SCOPE,HIGH,Security name indicates common equity: COMMON STOCK.,,,,,,1,PRESERVE_EXISTING,Existing validated expanded_universe_v2_4b row preserved as base source.,,USD,XNAS,,,,,,,,,,,,common_equity
BETR,Better Home & Finance Holding Company - Class A Common Stock,NASDAQ,USA,nasdaq_trader_nasdaqlisted,data/raw/source_providers/nasdaq_trader_nasdaqlisted/nasdaq_trader_nasdaqlisted.csv,COMMON_STOCK,IN_SCOPE,HIGH,Security name indicates common equity: COMMON STOCK.,,,,,,1,PRESERVE_EXISTING,Existing validated expanded_universe_v2_4b row preserved as base source.,,USD,XNAS,,,,,,,,,,,,common_equity
BFC,Bank First Corporation - Common Stock,NASDAQ,USA,nasdaq_trader_nasdaqlisted,data/raw/source_providers/nasdaq_trader_nasdaqlisted/nasdaq_trader_nasdaqlisted.csv,COMMON_STOCK,IN_SCOPE,HIGH,Security name indicates common equity: COMMON STOCK.,,,,,,1,PRESERVE_EXISTING,Existing validated expanded_universe_v2_4b row preserved as base source.,,USD,XNAS,,,,,,,,,,,,common_equity
BFRG,"Bullfrog AI Holdings, Inc. - Common Stock",NASDAQ,USA,nasdaq_trader_nasdaqlisted,data/raw/source_providers/nasdaq_trader_nasdaqlisted/nasdaq_trader_nasdaqlisted.csv,COMMON_STOCK,IN_SCOPE,HIGH,Security name indicates common equity: COMMON STOCK.,,,,,,1,PRESERVE_EXISTING,Existing validated expanded_universe_v2_4b row preserved as base source.,,USD,XNAS,,,,,,,,,,,,common_equity
BFRI,Biofrontera Inc. - Common Stock,NASDAQ,USA,nasdaq_trader_nasdaqlisted,data/raw/source_providers/nasdaq_trader_nasdaqlisted/nasdaq_trader_nasdaqlisted.csv,COMMON_STOCK,IN_SCOPE,HIGH,Security name indicates common equity: COMMON STOCK.,,,,,,1,PRESERVE_EXISTING,Existing validated expanded_universe_v2_4b row preserved as base source.,,USD,XNAS,,,,,,,,,,,,common_equity
BFST,"Business First Bancshares, Inc. - Common Stock",NASDAQ,USA,nasdaq_trader_nasdaqlisted,data/raw/source_providers/nasdaq_trader_nasdaqlisted/nasdaq_trader_nasdaqlisted.csv,COMMON_STOCK,IN_SCOPE,HIGH,Security name indicates common equity: COMMON STOCK.,,,,,,1,PRESERVE_EXISTING,Existing validated expanded_universe_v2_4b row preserved as base source.,,USD,XNAS,,,,,,,,,,,,common_equity
BGC,"BGC Group, Inc. - Class A Common Stock",NASDAQ,USA,nasdaq_trader_nasdaqlisted,data/raw/source_providers/nasdaq_trader_nasdaqlisted/nasdaq_trader_nasdaqlisted.csv,COMMON_STOCK,IN_SCOPE,HIGH,Security name indicates common equity: COMMON STOCK.,,,,,,1,PRESERVE_EXISTING,Existing validated expanded_universe_v2_4b row preserved as base source.,,USD,XNAS,,,,,,,,,,,,common_equity
BGDE,"Big Digital Energy, Inc. - Common Stock",NASDAQ,USA,nasdaq_trader_nasdaqlisted,data/raw/source_providers/nasdaq_trader_nasdaqlisted/nasdaq_trader_nasdaqlisted.csv,COMMON_STOCK,IN_SCOPE,HIGH,Security name indicates common equity: COMMON STOCK.,,,,,,1,PRESERVE_EXISTING,Existing validated expanded_universe_v2_4b row preserved as base source.,,USD,XNAS,,,,,,,,,,,,common_equity
BGIN,Bgin Blockchain Limited - Class A Ordinary Shares,NASDAQ,USA,nasdaq_trader_nasdaqlisted,data/raw/source_providers/nasdaq_trader_nasdaqlisted/nasdaq_trader_nasdaqlisted.csv,COMMON_STOCK,IN_SCOPE,HIGH,Security name indicates common equity: ORDINARY SHARES.,,,,,,1,PRESERVE_EXISTING,Existing validated expanded_universe_v2_4b row preserved as base source.,,USD,XNAS,,,,,,,,,,,,common_equity
BGL,Blue Gold Limited - Class A ordinary shares,NASDAQ,USA,nasdaq_trader_nasdaqlisted,data/raw/source_providers/nasdaq_trader_nasdaqlisted/nasdaq_trader_nasdaqlisted.csv,COMMON_STOCK,IN_SCOPE,HIGH,Security name indicates common equity: ORDINARY SHARES.,,,,,,1,PRESERVE_EXISTING,Existing validated expanded_universe_v2_4b row preserved as base source.,,USD,XNAS,,,,,,,,,,,,common_equity
BGLC,BioNexus Gene Lab Corp - Common stock,NASDAQ,USA,nasdaq_trader_nasdaqlisted,data/raw/source_providers/nasdaq_trader_nasdaqlisted/nasdaq_trader_nasdaqlisted.csv,COMMON_STOCK,IN_SCOPE,HIGH,Security name indicates common equity: COMMON STOCK.,,,,,,1,PRESERVE_EXISTING,Existing validated expanded_universe_v2_4b row preserved as base source.,,USD,XNAS,,,,,,,,,,,,common_equity
BGM,BGM Group Ltd. - Class A Ordinary Shares,NASDAQ,USA,nasdaq_trader_nasdaqlisted,data/raw/source_providers/nasdaq_trader_nasdaqlisted/nasdaq_trader_nasdaqlisted.csv,COMMON_STOCK,IN_SCOPE,HIGH,Security name indicates common equity: ORDINARY SHARES.,,,,,,1,PRESERVE_EXISTING,Existing validated expanded_universe_v2_4b row preserved as base source.,,USD,XNAS,,,,,,,,,,,,common_equity
BGMS,"Bio Green Med Solution, Inc. - Common Stock",NASDAQ,USA,nasdaq_trader_nasdaqlisted,data/raw/source_providers/nasdaq_trader_nasdaqlisted/nasdaq_trader_nasdaqlisted.csv,COMMON_STOCK,IN_SCOPE,HIGH,Security name indicates common equity: COMMON STOCK.,,,,,,1,PRESERVE_EXISTING,Existing validated expanded_universe_v2_4b row preserved as base source.,,USD,XNAS,,,,,,,,,,,,common_equity
BHAV,BHAV Acquisition Corp - Class A Ordinary Shares,NASDAQ,USA,nasdaq_trader_nasdaqlisted,data/raw/source_providers/nasdaq_trader_nasdaqlisted/nasdaq_trader_nasdaqlisted.csv,COMMON_STOCK,IN_SCOPE,HIGH,Security name indicates common equity: ORDINARY SHARES.,,,,,,1,PRESERVE_EXISTING,Existing validated expanded_universe_v2_4b row preserved as base source.,,USD,XNAS,,,,,,,,,,,,common_equity
BHRB,Burke & Herbert Financial Services Corp. - Common Stock,NASDAQ,USA,nasdaq_trader_nasdaqlisted,data/raw/source_providers/nasdaq_trader_nasdaqlisted/nasdaq_trader_nasdaqlisted.csv,COMMON_STOCK,IN_SCOPE,HIGH,Security name indicates common equity: COMMON STOCK.,,,,,,1,PRESERVE_EXISTING,Existing validated expanded_universe_v2_4b row preserved as base source.,,USD,XNAS,,,,,,,,,,,,common_equity
BHST,BioHarvest Sciences Inc. - Common Stock,NASDAQ,USA,nasdaq_trader_nasdaqlisted,data/raw/source_providers/nasdaq_trader_nasdaqlisted/nasdaq_trader_nasdaqlisted.csv,COMMON_STOCK,IN_SCOPE,HIGH,Security name indicates common equity: COMMON STOCK.,,,,,,1,PRESERVE_EXISTING,Existing validated expanded_universe_v2_4b row preserved as base source.,,USD,XNAS,,,,,,,,,,,,common_equity
BIAF,"bioAffinity Technologies, Inc. - Common Stock",NASDAQ,USA,nasdaq_trader_nasdaqlisted,data/raw/source_providers/nasdaq_trader_nasdaqlisted/nasdaq_trader_nasdaqlisted.csv,COMMON_STOCK,IN_SCOPE,HIGH,Security name indicates common equity: COMMON STOCK.,,,,,,1,PRESERVE_EXISTING,Existing validated expanded_universe_v2_4b row preserved as base source.,,USD,XNAS,,,,,,,,,,,,common_equity
BIIB,Biogen Inc. - Common Stock,NASDAQ,USA,nasdaq_trader_nasdaqlisted,data/raw/source_providers/nasdaq_trader_nasdaqlisted/nasdaq_trader_nasdaqlisted.csv,COMMON_STOCK,IN_SCOPE,HIGH,Security name indicates common equity: COMMON STOCK.,,,,,,1,PRESERVE_EXISTING,Existing validated expanded_universe_v2_4b row preserved as base source.,,USD,XNAS,,,,,,,,,,,,common_equity
BIOA,"BioAge Labs, Inc. - Common Stock",NASDAQ,USA,nasdaq_trader_nasdaqlisted,data/raw/source_providers/nasdaq_trader_nasdaqlisted/nasdaq_trader_nasdaqlisted.csv,COMMON_STOCK,IN_SCOPE,HIGH,Security name indicates common equity: COMMON STOCK.,,,,,,1,PRESERVE_EXISTING,Existing validated expanded_universe_v2_4b row preserved as base source.,,USD,XNAS,,,,,,,,,,,,common_equity
BIOX,Bioceres Crop Solutions Corp. - Ordinary Shares,NASDAQ,USA,nasdaq_trader_nasdaqlisted,data/raw/source_providers/nasdaq_trader_nasdaqlisted/nasdaq_trader_nasdaqlisted.csv,COMMON_STOCK,IN_SCOPE,HIGH,Security name indicates common equity: ORDINARY SHARES.,,,,,,1,PRESERVE_EXISTING,Existing validated expanded_universe_v2_4b row preserved as base source.,,USD,XNAS,,,,,,,,,,,,common_equity
BIRD,"Smartbird, Inc. - Class A Common Stock",NASDAQ,USA,nasdaq_trader_nasdaqlisted,data/raw/source_providers/nasdaq_trader_nasdaqlisted/nasdaq_trader_nasdaqlisted.csv,COMMON_STOCK,IN_SCOPE,HIGH,Security name indicates common equity: COMMON STOCK.,,,,,,1,PRESERVE_EXISTING,Existing validated expanded_universe_v2_4b row preserved as base source.,,USD,XNAS,,,,,,,,,,,,common_equity
BIVI,BioVie Inc. - Common stock,NASDAQ,USA,nasdaq_trader_nasdaqlisted,data/raw/source_providers/nasdaq_trader_nasdaqlisted/nasdaq_trader_nasdaqlisted.csv,COMMON_STOCK,IN_SCOPE,HIGH,Security name indicates common equity: COMMON STOCK.,,,,,,1,PRESERVE_EXISTING,Existing validated expanded_universe_v2_4b row preserved as base source.,,USD,XNAS,,,,,,,,,,,,common_equity
BIXI,Bitcoin Infrastructure Acquisition Corp Ltd. - Class A Ordinary Shares,NASDAQ,USA,nasdaq_trader_nasdaqlisted,data/raw/source_providers/nasdaq_trader_nasdaqlisted/nasdaq_trader_nasdaqlisted.csv,COMMON_STOCK,IN_SCOPE,HIGH,Security name indicates common equity: ORDINARY SHARES.,,,,,,1,PRESERVE_EXISTING,Existing validated expanded_universe_v2_4b row preserved as base source.,,USD,XNAS,,,,,,,,,,,,common_equity
BIYA,Baiya International Group Inc. - Ordinary Shares,NASDAQ,USA,nasdaq_trader_nasdaqlisted,data/raw/source_providers/nasdaq_trader_nasdaqlisted/nasdaq_trader_nasdaqlisted.csv,COMMON_STOCK,IN_SCOPE,HIGH,Security name indicates common equity: ORDINARY SHARES.,,,,,,1,PRESERVE_EXISTING,Existing validated expanded_universe_v2_4b row preserved as base source.,,USD,XNAS,,,,,,,,,,,,common_equity
BJDX,"Bluejay Diagnostics, Inc. - Common Stock",NASDAQ,USA,nasdaq_trader_nasdaqlisted,data/raw/source_providers/nasdaq_trader_nasdaqlisted/nasdaq_trader_nasdaqlisted.csv,COMMON_STOCK,IN_SCOPE,HIGH,Security name indicates common equity: COMMON STOCK.,,,,,,1,PRESERVE_EXISTING,Existing validated expanded_universe_v2_4b row preserved as base source.,,USD,XNAS,,,,,,,,,,,,common_equity
BJRI,"BJ's Restaurants, Inc. - Common Stock",NASDAQ,USA,nasdaq_trader_nasdaqlisted,data/raw/source_providers/nasdaq_trader_nasdaqlisted/nasdaq_trader_nasdaqlisted.csv,COMMON_STOCK,IN_SCOPE,HIGH,Security name indicates common equity: COMMON STOCK.,,,,,,1,PRESERVE_EXISTING,Existing validated expanded_universe_v2_4b row preserved as base source.,,USD,XNAS,,,,,,,,,,,,common_equity
BKHA,Black Hawk Acquisition Corporation - Class A Ordinary Shares,NASDAQ,USA,nasdaq_trader_nasdaqlisted,data/raw/source_providers/nasdaq_trader_nasdaqlisted/nasdaq_trader_nasdaqlisted.csv,COMMON_STOCK,IN_SCOPE,HIGH,Security name indicates common equity: ORDINARY SHARES.,,,,,,1,PRESERVE_EXISTING,Existing validated expanded_universe_v2_4b row preserved as base source.,,USD,XNAS,,,,,,,,,,,,common_equity
BKNG,Booking Holdings Inc. - Common Stock,NASDAQ,USA,nasdaq_trader_nasdaqlisted,data/raw/source_providers/nasdaq_trader_nasdaqlisted/nasdaq_trader_nasdaqlisted.csv,COMMON_STOCK,IN_SCOPE,HIGH,Security name indicates common equity: COMMON STOCK.,,,,,,1,PRESERVE_EXISTING,Existing validated expanded_universe_v2_4b row preserved as base source.,,USD,XNAS,,,,,,,,,,,,common_equity
BKR,Baker Hughes Company - Common Stock,NASDAQ,USA,nasdaq_trader_nasdaqlisted,data/raw/source_providers/nasdaq_trader_nasdaqlisted/nasdaq_trader_nasdaqlisted.csv,COMMON_STOCK,IN_SCOPE,HIGH,Security name indicates common equity: COMMON STOCK.,,,,,,1,PRESERVE_EXISTING,Existing validated expanded_universe_v2_4b row preserved as base source.,,USD,XNAS,,,,,,,,,,,,common_equity
BL,"BlackLine, Inc. - Common Stock",NASDAQ,USA,nasdaq_trader_nasdaqlisted,data/raw/source_providers/nasdaq_trader_nasdaqlisted/nasdaq_trader_nasdaqlisted.csv,COMMON_STOCK,IN_SCOPE,HIGH,Security name indicates common equity: COMMON STOCK.,,,,,,1,PRESERVE_EXISTING,Existing validated expanded_universe_v2_4b row preserved as base source.,,USD,XNAS,,,,,,,,,,,,common_equity
BLBD,Blue Bird Corporation - Common Stock,NASDAQ,USA,nasdaq_trader_nasdaqlisted,data/raw/source_providers/nasdaq_trader_nasdaqlisted/nasdaq_trader_nasdaqlisted.csv,COMMON_STOCK,IN_SCOPE,HIGH,Security name indicates common equity: COMMON STOCK.,,,,,,1,PRESERVE_EXISTING,Existing validated expanded_universe_v2_4b row preserved as base source.,,USD,XNAS,,,,,,,,,,,,common_equity
BLDP,"Ballard Power Systems, Inc. - Common Shares",NASDAQ,USA,nasdaq_trader_nasdaqlisted,data/raw/source_providers/nasdaq_trader_nasdaqlisted/nasdaq_trader_nasdaqlisted.csv,COMMON_STOCK,IN_SCOPE,MEDIUM,No exclusion keyword detected; treated as common equity candidate.,,,,,,1,PRESERVE_EXISTING,Existing validated expanded_universe_v2_4b row preserved as base source.,,USD,XNAS,,,,,,,,,,,,common_equity
BLFS,"BioLife Solutions, Inc. - Common Stock",NASDAQ,USA,nasdaq_trader_nasdaqlisted,data/raw/source_providers/nasdaq_trader_nasdaqlisted/nasdaq_trader_nasdaqlisted.csv,COMMON_STOCK,IN_SCOPE,HIGH,Security name indicates common equity: COMMON STOCK.,,,,,,1,PRESERVE_EXISTING,Existing validated expanded_universe_v2_4b row preserved as base source.,,USD,XNAS,,,,,,,,,,,,common_equity
BLIN,"Bridgeline Digital, Inc. - Common Stock",NASDAQ,USA,nasdaq_trader_nasdaqlisted,data/raw/source_providers/nasdaq_trader_nasdaqlisted/nasdaq_trader_nasdaqlisted.csv,COMMON_STOCK,IN_SCOPE,HIGH,Security name indicates common equity: COMMON STOCK.,,,,,,1,PRESERVE_EXISTING,Existing validated expanded_universe_v2_4b row preserved as base source.,,USD,XNAS,,,,,,,,,,,,common_equity
BLIV,BeLive Holdings - ordinary shares,NASDAQ,USA,nasdaq_trader_nasdaqlisted,data/raw/source_providers/nasdaq_trader_nasdaqlisted/nasdaq_trader_nasdaqlisted.csv,COMMON_STOCK,IN_SCOPE,HIGH,Security name indicates common equity: ORDINARY SHARES.,,,,,,1,PRESERVE_EXISTING,Existing validated expanded_universe_v2_4b row preserved as base source.,,USD,XNAS,,,,,,,,,,,,common_equity
BLKB,"Blackbaud, Inc. - Common Stock",NASDAQ,USA,nasdaq_trader_nasdaqlisted,data/raw/source_providers/nasdaq_trader_nasdaqlisted/nasdaq_trader_nasdaqlisted.csv,COMMON_STOCK,IN_SCOPE,HIGH,Security name indicates common equity: COMMON STOCK.,,,,,,1,PRESERVE_EXISTING,Existing validated expanded_universe_v2_4b row preserved as base source.,,USD,XNAS,,,,,,,,,,,,common_equity
BLLN,"BillionToOne, Inc. - Class A common stock",NASDAQ,USA,nasdaq_trader_nasdaqlisted,data/raw/source_providers/nasdaq_trader_nasdaqlisted/nasdaq_trader_nasdaqlisted.csv,COMMON_STOCK,IN_SCOPE,HIGH,Security name indicates common equity: COMMON STOCK.,,,,,,1,PRESERVE_EXISTING,Existing validated expanded_universe_v2_4b row preserved as base source.,,USD,XNAS,,,,,,,,,,,,common_equity
BLMN,"Bloomin' Brands, Inc. - Common Stock",NASDAQ,USA,nasdaq_trader_nasdaqlisted,data/raw/source_providers/nasdaq_trader_nasdaqlisted/nasdaq_trader_nasdaqlisted.csv,COMMON_STOCK,IN_SCOPE,HIGH,Security name indicates common equity: COMMON STOCK.,,,,,,1,PRESERVE_EXISTING,Existing validated expanded_universe_v2_4b row preserved as base source.,,USD,XNAS,,,,,,,,,,,,common_equity
BLNE,"Beeline Holdings, Inc. - Common Stock",NASDAQ,USA,nasdaq_trader_nasdaqlisted,data/raw/source_providers/nasdaq_trader_nasdaqlisted/nasdaq_trader_nasdaqlisted.csv,COMMON_STOCK,IN_SCOPE,HIGH,Security name indicates common equity: COMMON STOCK.,,,,,,1,PRESERVE_EXISTING,Existing validated expanded_universe_v2_4b row preserved as base source.,,USD,XNAS,,,,,,,,,,,,common_equity
BLNK,Blink Charging Co. - Common Stock,NASDAQ,USA,nasdaq_trader_nasdaqlisted,data/raw/source_providers/nasdaq_trader_nasdaqlisted/nasdaq_trader_nasdaqlisted.csv,COMMON_STOCK,IN_SCOPE,HIGH,Security name indicates common equity: COMMON STOCK.,,,,,,1,PRESERVE_EXISTING,Existing validated expanded_universe_v2_4b row preserved as base source.,,USD,XNAS,,,,,,,,,,,,common_equity
BLRK,Bluerock Acquisition Corp. - Class A Ordinary Shares,NASDAQ,USA,nasdaq_trader_nasdaqlisted,data/raw/source_providers/nasdaq_trader_nasdaqlisted/nasdaq_trader_nasdaqlisted.csv,COMMON_STOCK,IN_SCOPE,HIGH,Security name indicates common equity: ORDINARY SHARES.,,,,,,1,PRESERVE_EXISTING,Existing validated expanded_universe_v2_4b row preserved as base source.,,USD,XNAS,,,,,,,,,,,,common_equity
BLUW,Blue Water Acquisition Corp. III - Class A Ordinary Shares,NASDAQ,USA,nasdaq_trader_nasdaqlisted,data/raw/source_providers/nasdaq_trader_nasdaqlisted/nasdaq_trader_nasdaqlisted.csv,COMMON_STOCK,IN_SCOPE,HIGH,Security name indicates common equity: ORDINARY SHARES.,,,,,,1,PRESERVE_EXISTING,Existing validated expanded_universe_v2_4b row preserved as base source.,,USD,XNAS,,,,,,,,,,,,common_equity
BLZE,"Backblaze, Inc. - Common Stock",NASDAQ,USA,nasdaq_trader_nasdaqlisted,data/raw/source_providers/nasdaq_trader_nasdaqlisted/nasdaq_trader_nasdaqlisted.csv,COMMON_STOCK,IN_SCOPE,HIGH,Security name indicates common equity: COMMON STOCK.,,,,,,1,PRESERVE_EXISTING,Existing validated expanded_universe_v2_4b row preserved as base source.,,USD,XNAS,,,,,,,,,,,,common_equity
BLZR,Trailblazer Acquisition Corp. - Class A Ordinary Shares,NASDAQ,USA,nasdaq_trader_nasdaqlisted,data/raw/source_providers/nasdaq_trader_nasdaqlisted/nasdaq_trader_nasdaqlisted.csv,COMMON_STOCK,IN_SCOPE,HIGH,Security name indicates common equity: ORDINARY SHARES.,,,,,,1,PRESERVE_EXISTING,Existing validated expanded_universe_v2_4b row preserved as base source.,,USD,XNAS,,,,,,,,,,,,common_equity
BMBL,Bumble Inc. - common stock,NASDAQ,USA,nasdaq_trader_nasdaqlisted,data/raw/source_providers/nasdaq_trader_nasdaqlisted/nasdaq_trader_nasdaqlisted.csv,COMMON_STOCK,IN_SCOPE,HIGH,Security name indicates common equity: COMMON STOCK.,,,,,,1,PRESERVE_EXISTING,Existing validated expanded_universe_v2_4b row preserved as base source.,,USD,XNAS,,,,,,,,,,,,common_equity
BMEA,"Biomea Fusion, Inc. - Common Stock",NASDAQ,USA,nasdaq_trader_nasdaqlisted,data/raw/source_providers/nasdaq_trader_nasdaqlisted/nasdaq_trader_nasdaqlisted.csv,COMMON_STOCK,IN_SCOPE,HIGH,Security name indicates common equity: COMMON STOCK.,,,,,,1,PRESERVE_EXISTING,Existing validated expanded_universe_v2_4b row preserved as base source.,,USD,XNAS,,,,,,,,,,,,common_equity
BMGL,Basel Medical Group Ltd - ordinary shares,NASDAQ,USA,nasdaq_trader_nasdaqlisted,data/raw/source_providers/nasdaq_trader_nasdaqlisted/nasdaq_trader_nasdaqlisted.csv,COMMON_STOCK,IN_SCOPE,HIGH,Security name indicates common equity: ORDINARY SHARES.,,,,,,1,PRESERVE_EXISTING,Existing validated expanded_universe_v2_4b row preserved as base source.,,USD,XNAS,,,,,,,,,,,,common_equity
BMHL,Bluemount Holdings Limited - Class B Ordinary Shares,NASDAQ,USA,nasdaq_trader_nasdaqlisted,data/raw/source_providers/nasdaq_trader_nasdaqlisted/nasdaq_trader_nasdaqlisted.csv,COMMON_STOCK,IN_SCOPE,HIGH,Security name indicates common equity: ORDINARY SHARES.,,,,,,1,PRESERVE_EXISTING,Existing validated expanded_universe_v2_4b row preserved as base source.,,USD,XNAS,,,,,,,,,,,,common_equity
BMM,Blue Moon Metals Inc. - Common Shares,NASDAQ,USA,nasdaq_trader_nasdaqlisted,data/raw/source_providers/nasdaq_trader_nasdaqlisted/nasdaq_trader_nasdaqlisted.csv,COMMON_STOCK,IN_SCOPE,MEDIUM,No exclusion keyword detected; treated as common equity candidate.,,,,,,1,PRESERVE_EXISTING,Existing validated expanded_universe_v2_4b row preserved as base source.,,USD,XNAS,,,,,,,,,,,,common_equity
BMR,Beamr Imaging Ltd. - Ordinary Share,NASDAQ,USA,nasdaq_trader_nasdaqlisted,data/raw/source_providers/nasdaq_trader_nasdaqlisted/nasdaq_trader_nasdaqlisted.csv,COMMON_STOCK,IN_SCOPE,MEDIUM,No exclusion keyword detected; treated as common equity candidate.,,,,,,1,PRESERVE_EXISTING,Existing validated expanded_universe_v2_4b row preserved as base source.,,USD,XNAS,,,,,,,,,,,,common_equity
BMRA,"Biomerica, Inc. - Common Stock",NASDAQ,USA,nasdaq_trader_nasdaqlisted,data/raw/source_providers/nasdaq_trader_nasdaqlisted/nasdaq_trader_nasdaqlisted.csv,COMMON_STOCK,IN_SCOPE,HIGH,Security name indicates common equity: COMMON STOCK.,,,,,,1,PRESERVE_EXISTING,Existing validated expanded_universe_v2_4b row preserved as base source.,,USD,XNAS,,,,,,,,,,,,common_equity
BMRC,Bank of Marin Bancorp - Common Stock,NASDAQ,USA,nasdaq_trader_nasdaqlisted,data/raw/source_providers/nasdaq_trader_nasdaqlisted/nasdaq_trader_nasdaqlisted.csv,COMMON_STOCK,IN_SCOPE,HIGH,Security name indicates common equity: COMMON STOCK.,,,,,,1,PRESERVE_EXISTING,Existing validated expanded_universe_v2_4b row preserved as base source.,,USD,XNAS,,,,,,,,,,,,common_equity
BMRN,BioMarin Pharmaceutical Inc. - Common Stock,NASDAQ,USA,nasdaq_trader_nasdaqlisted,data/raw/source_providers/nasdaq_trader_nasdaqlisted/nasdaq_trader_nasdaqlisted.csv,COMMON_STOCK,IN_SCOPE,HIGH,Security name indicates common equity: COMMON STOCK.,,,,,,1,PRESERVE_EXISTING,Existing validated expanded_universe_v2_4b row preserved as base source.,,USD,XNAS,,,,,,,,,,,,common_equity
BNAI,Brand Engagement Network Inc. - Common Stock,NASDAQ,USA,nasdaq_trader_nasdaqlisted,data/raw/source_providers/nasdaq_trader_nasdaqlisted/nasdaq_trader_nasdaqlisted.csv,COMMON_STOCK,IN_SCOPE,HIGH,Security name indicates common equity: COMMON STOCK.,,,,,,1,PRESERVE_EXISTING,Existing validated expanded_universe_v2_4b row preserved as base source.,,USD,XNAS,,,,,,,,,,,,common_equity
BNBX,BNB Plus Corp. - Common Stock,NASDAQ,USA,nasdaq_trader_nasdaqlisted,data/raw/source_providers/nasdaq_trader_nasdaqlisted/nasdaq_trader_nasdaqlisted.csv,COMMON_STOCK,IN_SCOPE,HIGH,Security name indicates common equity: COMMON STOCK.,,,,,,1,PRESERVE_EXISTING,Existing validated expanded_universe_v2_4b row preserved as base source.,,USD,XNAS,,,,,,,,,,,,common_equity
BNC,CEA Industries Inc. - Common Stock,NASDAQ,USA,nasdaq_trader_nasdaqlisted,data/raw/source_providers/nasdaq_trader_nasdaqlisted/nasdaq_trader_nasdaqlisted.csv,COMMON_STOCK,IN_SCOPE,HIGH,Security name indicates common equity: COMMON STOCK.,,,,,,1,PRESERVE_EXISTING,Existing validated expanded_universe_v2_4b row preserved as base source.,,USD,XNAS,,,,,,,,,,,,common_equity
BNGO,"Bionano Genomics, Inc. - Common Stock",NASDAQ,USA,nasdaq_trader_nasdaqlisted,data/raw/source_providers/nasdaq_trader_nasdaqlisted/nasdaq_trader_nasdaqlisted.csv,COMMON_STOCK,IN_SCOPE,HIGH,Security name indicates common equity: COMMON STOCK.,,,,,,1,PRESERVE_EXISTING,Existing validated expanded_universe_v2_4b row preserved as base source.,,USD,XNAS,,,,,,,,,,,,common_equity
BNKK,"Bonk, Inc. - Common Stock",NASDAQ,USA,nasdaq_trader_nasdaqlisted,data/raw/source_providers/nasdaq_trader_nasdaqlisted/nasdaq_trader_nasdaqlisted.csv,COMMON_STOCK,IN_SCOPE,HIGH,Security name indicates common equity: COMMON STOCK.,,,,,,1,PRESERVE_EXISTING,Existing validated expanded_universe_v2_4b row preserved as base source.,,USD,XNAS,,,,,,,,,,,,common_equity
BNRG,Brenmiller Energy Ltd - Ordinary Shares,NASDAQ,USA,nasdaq_trader_nasdaqlisted,data/raw/source_providers/nasdaq_trader_nasdaqlisted/nasdaq_trader_nasdaqlisted.csv,COMMON_STOCK,IN_SCOPE,HIGH,Security name indicates common equity: ORDINARY SHARES.,,,,,,1,PRESERVE_EXISTING,Existing validated expanded_universe_v2_4b row preserved as base source.,,USD,XNAS,,,,,,,,,,,,common_equity
BNTC,Benitec Biopharma Inc. - Common Stock,NASDAQ,USA,nasdaq_trader_nasdaqlisted,data/raw/source_providers/nasdaq_trader_nasdaqlisted/nasdaq_trader_nasdaqlisted.csv,COMMON_STOCK,IN_SCOPE,HIGH,Security name indicates common equity: COMMON STOCK.,,,,,,1,PRESERVE_EXISTING,Existing validated expanded_universe_v2_4b row preserved as base source.,,USD,XNAS,,,,,,,,,,,,common_equity
BNZI,"Banzai International, Inc. - Class A Common Stock",NASDAQ,USA,nasdaq_trader_nasdaqlisted,data/raw/source_providers/nasdaq_trader_nasdaqlisted/nasdaq_trader_nasdaqlisted.csv,COMMON_STOCK,IN_SCOPE,HIGH,Security name indicates common equity: COMMON STOCK.,,,,,,1,PRESERVE_EXISTING,Existing validated expanded_universe_v2_4b row preserved as base source.,,USD,XNAS,,,,,,,,,,,,common_equity
BODI,"The Beachbody Company, Inc. - Class A Common Stock",NASDAQ,USA,nasdaq_trader_nasdaqlisted,data/raw/source_providers/nasdaq_trader_nasdaqlisted/nasdaq_trader_nasdaqlisted.csv,COMMON_STOCK,IN_SCOPE,HIGH,Security name indicates common equity: COMMON STOCK.,,,,,,1,PRESERVE_EXISTING,Existing validated expanded_universe_v2_4b row preserved as base source.,,USD,XNAS,,,,,,,,,,,,common_equity
BOF,BranchOut Food Inc. - Common Stock,NASDAQ,USA,nasdaq_trader_nasdaqlisted,data/raw/source_providers/nasdaq_trader_nasdaqlisted/nasdaq_trader_nasdaqlisted.csv,COMMON_STOCK,IN_SCOPE,HIGH,Security name indicates common equity: COMMON STOCK.,,,,,,1,PRESERVE_EXISTING,Existing validated expanded_universe_v2_4b row preserved as base source.,,USD,XNAS,,,,,,,,,,,,common_equity
BOKF,BOK Financial Corporation - Common Stock,NASDAQ,USA,nasdaq_trader_nasdaqlisted,data/raw/source_providers/nasdaq_trader_nasdaqlisted/nasdaq_trader_nasdaqlisted.csv,COMMON_STOCK,IN_SCOPE,HIGH,Security name indicates common equity: COMMON STOCK.,,,,,,1,PRESERVE_EXISTING,Existing validated expanded_universe_v2_4b row preserved as base source.,,USD,XNAS,,,,,,,,,,,,common_equity
BOLD,"Boundless Bio, Inc. - Common Stock",NASDAQ,USA,nasdaq_trader_nasdaqlisted,data/raw/source_providers/nasdaq_trader_nasdaqlisted/nasdaq_trader_nasdaqlisted.csv,COMMON_STOCK,IN_SCOPE,HIGH,Security name indicates common equity: COMMON STOCK.,,,,,,1,PRESERVE_EXISTING,Existing validated expanded_universe_v2_4b row preserved as base source.,,USD,XNAS,,,,,,,,,,,,common_equity
BOLT,"Bolt Biotherapeutics, Inc. - Common Stock",NASDAQ,USA,nasdaq_trader_nasdaqlisted,data/raw/source_providers/nasdaq_trader_nasdaqlisted/nasdaq_trader_nasdaqlisted.csv,COMMON_STOCK,IN_SCOPE,HIGH,Security name indicates common equity: COMMON STOCK.,,,,,,1,PRESERVE_EXISTING,Existing validated expanded_universe_v2_4b row preserved as base source.,,USD,XNAS,,,,,,,,,,,,common_equity
BON,Bon Natural Life Limited - Class A Ordinary Shares,NASDAQ,USA,nasdaq_trader_nasdaqlisted,data/raw/source_providers/nasdaq_trader_nasdaqlisted/nasdaq_trader_nasdaqlisted.csv,COMMON_STOCK,IN_SCOPE,HIGH,Security name indicates common equity: ORDINARY SHARES.,,,,,,1,PRESERVE_EXISTING,Existing validated expanded_universe_v2_4b row preserved as base source.,,USD,XNAS,,,,,,,,,,,,common_equity
BOOM,DMC Global Inc. - Common Stock,NASDAQ,USA,nasdaq_trader_nasdaqlisted,data/raw/source_providers/nasdaq_trader_nasdaqlisted/nasdaq_trader_nasdaqlisted.csv,COMMON_STOCK,IN_SCOPE,HIGH,Security name indicates common equity: COMMON STOCK.,,,,,,1,PRESERVE_EXISTING,Existing validated expanded_universe_v2_4b row preserved as base source.,,USD,XNAS,,,,,,,,,,,,common_equity
BOSC,B.O.S. Better Online Solutions - Ordinary Shares,NASDAQ,USA,nasdaq_trader_nasdaqlisted,data/raw/source_providers/nasdaq_trader_nasdaqlisted/nasdaq_trader_nasdaqlisted.csv,COMMON_STOCK,IN_SCOPE,HIGH,Security name indicates common equity: ORDINARY SHARES.,,,,,,1,PRESERVE_EXISTING,Existing validated expanded_universe_v2_4b row preserved as base source.,,USD,XNAS,,,,,,,,,,,,common_equity
BOT,"RoboStrategy, Inc. - Common Stock",NASDAQ,USA,nasdaq_trader_nasdaqlisted,data/raw/source_providers/nasdaq_trader_nasdaqlisted/nasdaq_trader_nasdaqlisted.csv,COMMON_STOCK,IN_SCOPE,HIGH,Security name indicates common equity: COMMON STOCK.,,,,,,1,PRESERVE_EXISTING,Existing validated expanded_universe_v2_4b row preserved as base source.,,USD,XNAS,,,,,,,,,,,,common_equity
BOTJ,"Bank of the James Financial Group, Inc. - Common Stock",NASDAQ,USA,nasdaq_trader_nasdaqlisted,data/raw/source_providers/nasdaq_trader_nasdaqlisted/nasdaq_trader_nasdaqlisted.csv,COMMON_STOCK,IN_SCOPE,HIGH,Security name indicates common equity: COMMON STOCK.,,,,,,1,PRESERVE_EXISTING,Existing validated expanded_universe_v2_4b row preserved as base source.,,USD,XNAS,,,,,,,,,,,,common_equity
BOXL,Boxlight Corporation - Class A Common Stock,NASDAQ,USA,nasdaq_trader_nasdaqlisted,data/raw/source_providers/nasdaq_trader_nasdaqlisted/nasdaq_trader_nasdaqlisted.csv,COMMON_STOCK,IN_SCOPE,HIGH,Security name indicates common equity: COMMON STOCK.,,,,,,1,PRESERVE_EXISTING,Existing validated expanded_universe_v2_4b row preserved as base source.,,USD,XNAS,,,,,,,,,,,,common_equity
BPAC,Blueport Acquisition Ltd - Class A Ordinary Shares,NASDAQ,USA,nasdaq_trader_nasdaqlisted,data/raw/source_providers/nasdaq_trader_nasdaqlisted/nasdaq_trader_nasdaqlisted.csv,COMMON_STOCK,IN_SCOPE,HIGH,Security name indicates common equity: ORDINARY SHARES.,,,,,,1,PRESERVE_EXISTING,Existing validated expanded_universe_v2_4b row preserved as base source.,,USD,XNAS,,,,,,,,,,,,common_equity
BPOP,"Popular, Inc. - Common Stock",NASDAQ,USA,nasdaq_trader_nasdaqlisted,data/raw/source_providers/nasdaq_trader_nasdaqlisted/nasdaq_trader_nasdaqlisted.csv,COMMON_STOCK,IN_SCOPE,HIGH,Security name indicates common equity: COMMON STOCK.,,,,,,1,PRESERVE_EXISTING,Existing validated expanded_universe_v2_4b row preserved as base source.,,USD,XNAS,,,,,,,,,,,,common_equity
BPRN,"Princeton Bancorp, Inc. - Common Stock",NASDAQ,USA,nasdaq_trader_nasdaqlisted,data/raw/source_providers/nasdaq_trader_nasdaqlisted/nasdaq_trader_nasdaqlisted.csv,COMMON_STOCK,IN_SCOPE,HIGH,Security name indicates common equity: COMMON STOCK.,,,,,,1,PRESERVE_EXISTING,Existing validated expanded_universe_v2_4b row preserved as base source.,,USD,XNAS,,,,,,,,,,,,common_equity
BRAG,Bragg Gaming Group Inc. - Common Shares,NASDAQ,USA,nasdaq_trader_nasdaqlisted,data/raw/source_providers/nasdaq_trader_nasdaqlisted/nasdaq_trader_nasdaqlisted.csv,COMMON_STOCK,IN_SCOPE,MEDIUM,No exclusion keyword detected; treated as common equity candidate.,,,,,,1,PRESERVE_EXISTING,Existing validated expanded_universe_v2_4b row preserved as base source.,,USD,XNAS,,,,,,,,,,,,common_equity
BRAI,Braiin Limited - Common Stock,NASDAQ,USA,nasdaq_trader_nasdaqlisted,data/raw/source_providers/nasdaq_trader_nasdaqlisted/nasdaq_trader_nasdaqlisted.csv,COMMON_STOCK,IN_SCOPE,HIGH,Security name indicates common equity: COMMON STOCK.,,,,,,1,PRESERVE_EXISTING,Existing validated expanded_universe_v2_4b row preserved as base source.,,USD,XNAS,,,,,,,,,,,,common_equity
BRBI,BRBI BR Partners S.A. - ADSs,NASDAQ,USA,nasdaq_trader_nasdaqlisted,data/raw/source_providers/nasdaq_trader_nasdaqlisted/nasdaq_trader_nasdaqlisted.csv,ADR,IN_SCOPE_ADR,MEDIUM,Security name indicates ADR/ADS: ADS.,,,,,,1,PRESERVE_EXISTING,Existing validated expanded_universe_v2_4b row preserved as base source.,,USD,XNAS,,,,,,,,,,,,adr_equity
BRCB,"Black Rock Coffee Bar, Inc. - Class A Common Stock",NASDAQ,USA,nasdaq_trader_nasdaqlisted,data/raw/source_providers/nasdaq_trader_nasdaqlisted/nasdaq_trader_nasdaqlisted.csv,COMMON_STOCK,IN_SCOPE,HIGH,Security name indicates common equity: COMMON STOCK.,,,,,,1,PRESERVE_EXISTING,Existing validated expanded_universe_v2_4b row preserved as base source.,,USD,XNAS,,,,,,,,,,,,common_equity
BREZ,Breeze Acquisition Corp. II - Ordinary Shares,NASDAQ,USA,nasdaq_trader_nasdaqlisted,data/raw/source_providers/nasdaq_trader_nasdaqlisted/nasdaq_trader_nasdaqlisted.csv,COMMON_STOCK,IN_SCOPE,HIGH,Security name indicates common equity: ORDINARY SHARES.,,,,,,1,PRESERVE_EXISTING,Existing validated expanded_universe_v2_4b row preserved as base source.,,USD,XNAS,,,,,,,,,,,,common_equity
BRFH,Barfresh Food Group Inc. - Common Stock,NASDAQ,USA,nasdaq_trader_nasdaqlisted,data/raw/source_providers/nasdaq_trader_nasdaqlisted/nasdaq_trader_nasdaqlisted.csv,COMMON_STOCK,IN_SCOPE,HIGH,Security name indicates common equity: COMMON STOCK.,,,,,,1,PRESERVE_EXISTING,Existing validated expanded_universe_v2_4b row preserved as base source.,,USD,XNAS,,,,,,,,,,,,common_equity
BRID,Bridgford Foods Corporation - Common Stock,NASDAQ,USA,nasdaq_trader_nasdaqlisted,data/raw/source_providers/nasdaq_trader_nasdaqlisted/nasdaq_trader_nasdaqlisted.csv,COMMON_STOCK,IN_SCOPE,HIGH,Security name indicates common equity: COMMON STOCK.,,,,,,1,PRESERVE_EXISTING,Existing validated expanded_universe_v2_4b row preserved as base source.,,USD,XNAS,,,,,,,,,,,,common_equity
BRKR,Bruker Corporation - Common Stock,NASDAQ,USA,nasdaq_trader_nasdaqlisted,data/raw/source_providers/nasdaq_trader_nasdaqlisted/nasdaq_trader_nasdaqlisted.csv,COMMON_STOCK,IN_SCOPE,HIGH,Security name indicates common equity: COMMON STOCK.,,,,,,1,PRESERVE_EXISTING,Existing validated expanded_universe_v2_4b row preserved as base source.,,USD,XNAS,,,,,,,,,,,,common_equity
BRLS,Borealis Foods Inc. - Class A Common Shares,NASDAQ,USA,nasdaq_trader_nasdaqlisted,data/raw/source_providers/nasdaq_trader_nasdaqlisted/nasdaq_trader_nasdaqlisted.csv,COMMON_STOCK,IN_SCOPE,HIGH,Security name indicates common equity: CLASS A.,,,,,,1,PRESERVE_EXISTING,Existing validated expanded_universe_v2_4b row preserved as base source.,,USD,XNAS,,,,,,,,,,,,common_equity
BRLT,"Brilliant Earth Group, Inc. - Class A Common Stock",NASDAQ,USA,nasdaq_trader_nasdaqlisted,data/raw/source_providers/nasdaq_trader_nasdaqlisted/nasdaq_trader_nasdaqlisted.csv,COMMON_STOCK,IN_SCOPE,HIGH,Security name indicates common equity: COMMON STOCK.,,,,,,1,PRESERVE_EXISTING,Existing validated expanded_universe_v2_4b row preserved as base source.,,USD,XNAS,,,,,,,,,,,,common_equity
BRR,"ProCap Financial, Inc. - Common Stock",NASDAQ,USA,nasdaq_trader_nasdaqlisted,data/raw/source_providers/nasdaq_trader_nasdaqlisted/nasdaq_trader_nasdaqlisted.csv,COMMON_STOCK,IN_SCOPE,HIGH,Security name indicates common equity: COMMON STOCK.,,,,,,1,PRESERVE_EXISTING,Existing validated expanded_universe_v2_4b row preserved as base source.,,USD,XNAS,,,,,,,,,,,,common_equity
BRTX,"BioRestorative Therapies, Inc. - Common Stock",NASDAQ,USA,nasdaq_trader_nasdaqlisted,data/raw/source_providers/nasdaq_trader_nasdaqlisted/nasdaq_trader_nasdaqlisted.csv,COMMON_STOCK,IN_SCOPE,HIGH,Security name indicates common equity: COMMON STOCK.,,,,,,1,PRESERVE_EXISTING,Existing validated expanded_universe_v2_4b row preserved as base source.,,USD,XNAS,,,,,,,,,,,,common_equity
BRUN,Boost Run Inc. - Class A Common Stock,NASDAQ,USA,nasdaq_trader_nasdaqlisted,data/raw/source_providers/nasdaq_trader_nasdaqlisted/nasdaq_trader_nasdaqlisted.csv,COMMON_STOCK,IN_SCOPE,HIGH,Security name indicates common equity: COMMON STOCK.,,,,,,1,PRESERVE_EXISTING,Existing validated expanded_universe_v2_4b row preserved as base source.,,USD,XNAS,,,,,,,,,,,,common_equity
BRZE,"Braze, Inc. - Class A Common Stock",NASDAQ,USA,nasdaq_trader_nasdaqlisted,data/raw/source_providers/nasdaq_trader_nasdaqlisted/nasdaq_trader_nasdaqlisted.csv,COMMON_STOCK,IN_SCOPE,HIGH,Security name indicates common equity: COMMON STOCK.,,,,,,1,PRESERVE_EXISTING,Existing validated expanded_universe_v2_4b row preserved as base source.,,USD,XNAS,,,,,,,,,,,,common_equity
BSAA,BEST SPAC I Acquisition Corp. - Class A Ordinary Shares,NASDAQ,USA,nasdaq_trader_nasdaqlisted,data/raw/source_providers/nasdaq_trader_nasdaqlisted/nasdaq_trader_nasdaqlisted.csv,COMMON_STOCK,IN_SCOPE,HIGH,Security name indicates common equity: ORDINARY SHARES.,,,,,,1,PRESERVE_EXISTING,Existing validated expanded_universe_v2_4b row preserved as base source.,,USD,XNAS,,,,,,,,,,,,common_equity
BSBK,Bogota Financial Corp. - Common Stock,NASDAQ,USA,nasdaq_trader_nasdaqlisted,data/raw/source_providers/nasdaq_trader_nasdaqlisted/nasdaq_trader_nasdaqlisted.csv,COMMON_STOCK,IN_SCOPE,HIGH,Security name indicates common equity: COMMON STOCK.,,,,,,1,PRESERVE_EXISTING,Existing validated expanded_universe_v2_4b row preserved as base source.,,USD,XNAS,,,,,,,,,,,,common_equity
BSET,"Bassett Furniture Industries, Incorporated - Common Stock",NASDAQ,USA,nasdaq_trader_nasdaqlisted,data/raw/source_providers/nasdaq_trader_nasdaqlisted/nasdaq_trader_nasdaqlisted.csv,COMMON_STOCK,IN_SCOPE,HIGH,Security name indicates common equity: COMMON STOCK.,,,,,,1,PRESERVE_EXISTING,Existing validated expanded_universe_v2_4b row preserved as base source.,,USD,XNAS,,,,,,,,,,,,common_equity
BSIN,Big Sky Industrial Inc. - Common Stock,NASDAQ,USA,nasdaq_trader_nasdaqlisted,data/raw/source_providers/nasdaq_trader_nasdaqlisted/nasdaq_trader_nasdaqlisted.csv,COMMON_STOCK,IN_SCOPE,HIGH,Security name indicates common equity: COMMON STOCK.,,,,,,1,PRESERVE_EXISTING,Existing validated expanded_universe_v2_4b row preserved as base source.,,USD,XNAS,,,,,,,,,,,,common_equity
BSP,Bending Spoons S.p.A. - Ordinary Shares,NASDAQ,USA,nasdaq_trader_nasdaqlisted,data/raw/source_providers/nasdaq_trader_nasdaqlisted/nasdaq_trader_nasdaqlisted.csv,COMMON_STOCK,IN_SCOPE,HIGH,Security name indicates common equity: ORDINARY SHARES.,,,,,,1,PRESERVE_EXISTING,Existing validated expanded_universe_v2_4b row preserved as base source.,,USD,XNAS,,,,,,,,,,,,common_equity
BSRR,Sierra Bancorp - Common Stock,NASDAQ,USA,nasdaq_trader_nasdaqlisted,data/raw/source_providers/nasdaq_trader_nasdaqlisted/nasdaq_trader_nasdaqlisted.csv,COMMON_STOCK,IN_SCOPE,HIGH,Security name indicates common equity: COMMON STOCK.,,,,,,1,PRESERVE_EXISTING,Existing validated expanded_universe_v2_4b row preserved as base source.,,USD,XNAS,,,,,,,,,,,,common_equity
BSVN,Bank7 Corp. - Common stock,NASDAQ,USA,nasdaq_trader_nasdaqlisted,data/raw/source_providers/nasdaq_trader_nasdaqlisted/nasdaq_trader_nasdaqlisted.csv,COMMON_STOCK,IN_SCOPE,HIGH,Security name indicates common equity: COMMON STOCK.,,,,,,1,PRESERVE_EXISTING,Existing validated expanded_universe_v2_4b row preserved as base source.,,USD,XNAS,,,,,,,,,,,,common_equity
BSY,"Bentley Systems, Incorporated - Class B Common Stock",NASDAQ,USA,nasdaq_trader_nasdaqlisted,data/raw/source_providers/nasdaq_trader_nasdaqlisted/nasdaq_trader_nasdaqlisted.csv,COMMON_STOCK,IN_SCOPE,HIGH,Security name indicates common equity: COMMON STOCK.,,,,,,1,PRESERVE_EXISTING,Existing validated expanded_universe_v2_4b row preserved as base source.,,USD,XNAS,,,,,,,,,,,,common_equity
BTAI,"BioXcel Therapeutics, Inc. - Common Stock",NASDAQ,USA,nasdaq_trader_nasdaqlisted,data/raw/source_providers/nasdaq_trader_nasdaqlisted/nasdaq_trader_nasdaqlisted.csv,COMMON_STOCK,IN_SCOPE,HIGH,Security name indicates common equity: COMMON STOCK.,,,,,,1,PRESERVE_EXISTING,Existing validated expanded_universe_v2_4b row preserved as base source.,,USD,XNAS,,,,,,,,,,,,common_equity
BTBD,"BT Brands, Inc. - Common Stock",NASDAQ,USA,nasdaq_trader_nasdaqlisted,data/raw/source_providers/nasdaq_trader_nasdaqlisted/nasdaq_trader_nasdaqlisted.csv,COMMON_STOCK,IN_SCOPE,HIGH,Security name indicates common equity: COMMON STOCK.,,,,,,1,PRESERVE_EXISTING,Existing validated expanded_universe_v2_4b row preserved as base source.,,USD,XNAS,,,,,,,,,,,,common_equity
BTBT,"Bit Digital, Inc. - Ordinary Share",NASDAQ,USA,nasdaq_trader_nasdaqlisted,data/raw/source_providers/nasdaq_trader_nasdaqlisted/nasdaq_trader_nasdaqlisted.csv,COMMON_STOCK,IN_SCOPE,MEDIUM,No exclusion keyword detected; treated as common equity candidate.,,,,,,1,PRESERVE_EXISTING,Existing validated expanded_universe_v2_4b row preserved as base source.,,USD,XNAS,,,,,,,,,,,,common_equity
BTCS,BTCS Inc. - Common Stock,NASDAQ,USA,nasdaq_trader_nasdaqlisted,data/raw/source_providers/nasdaq_trader_nasdaqlisted/nasdaq_trader_nasdaqlisted.csv,COMMON_STOCK,IN_SCOPE,HIGH,Security name indicates common equity: COMMON STOCK.,,,,,,1,PRESERVE_EXISTING,Existing validated expanded_universe_v2_4b row preserved as base source.,,USD,XNAS,,,,,,,,,,,,common_equity
BTCT,BTC Digital Ltd. - Ordinary Shares,NASDAQ,USA,nasdaq_trader_nasdaqlisted,data/raw/source_providers/nasdaq_trader_nasdaqlisted/nasdaq_trader_nasdaqlisted.csv,COMMON_STOCK,IN_SCOPE,HIGH,Security name indicates common equity: ORDINARY SHARES.,,,,,,1,PRESERVE_EXISTING,Existing validated expanded_universe_v2_4b row preserved as base source.,,USD,XNAS,,,,,,,,,,,,common_equity
BTDR,Bitdeer Technologies Group - Ordinary Shares,NASDAQ,USA,nasdaq_trader_nasdaqlisted,data/raw/source_providers/nasdaq_trader_nasdaqlisted/nasdaq_trader_nasdaqlisted.csv,COMMON_STOCK,IN_SCOPE,HIGH,Security name indicates common equity: ORDINARY SHARES.,,,,,,1,PRESERVE_EXISTING,Existing validated expanded_universe_v2_4b row preserved as base source.,,USD,XNAS,,,,,,,,,,,,common_equity
BTMD,Biote Corp. - Class A common stock,NASDAQ,USA,nasdaq_trader_nasdaqlisted,data/raw/source_providers/nasdaq_trader_nasdaqlisted/nasdaq_trader_nasdaqlisted.csv,COMMON_STOCK,IN_SCOPE,HIGH,Security name indicates common equity: COMMON STOCK.,,,,,,1,PRESERVE_EXISTING,Existing validated expanded_universe_v2_4b row preserved as base source.,,USD,XNAS,,,,,,,,,,,,common_equity
BTOC,Armlogi Holding Corp. - common stock,NASDAQ,USA,nasdaq_trader_nasdaqlisted,data/raw/source_providers/nasdaq_trader_nasdaqlisted/nasdaq_trader_nasdaqlisted.csv,COMMON_STOCK,IN_SCOPE,HIGH,Security name indicates common equity: COMMON STOCK.,,,,,,1,PRESERVE_EXISTING,Existing validated expanded_universe_v2_4b row preserved as base source.,,USD,XNAS,,,,,,,,,,,,common_equity
BTOG,Bit Origin Limited - Class A Ordinary Shares,NASDAQ,USA,nasdaq_trader_nasdaqlisted,data/raw/source_providers/nasdaq_trader_nasdaqlisted/nasdaq_trader_nasdaqlisted.csv,COMMON_STOCK,IN_SCOPE,HIGH,Security name indicates common equity: ORDINARY SHARES.,,,,,,1,PRESERVE_EXISTING,Existing validated expanded_universe_v2_4b row preserved as base source.,,USD,XNAS,,,,,,,,,,,,common_equity
BTQ,BTQ Technologies Corp. - Common Stock,NASDAQ,USA,nasdaq_trader_nasdaqlisted,data/raw/source_providers/nasdaq_trader_nasdaqlisted/nasdaq_trader_nasdaqlisted.csv,COMMON_STOCK,IN_SCOPE,HIGH,Security name indicates common equity: COMMON STOCK.,,,,,,1,PRESERVE_EXISTING,Existing validated expanded_universe_v2_4b row preserved as base source.,,USD,XNAS,,,,,,,,,,,,common_equity
BTTC,Black Titan Corp - Ordinary Shares,NASDAQ,USA,nasdaq_trader_nasdaqlisted,data/raw/source_providers/nasdaq_trader_nasdaqlisted/nasdaq_trader_nasdaqlisted.csv,COMMON_STOCK,IN_SCOPE,HIGH,Security name indicates common equity: ORDINARY SHARES.,,,,,,1,PRESERVE_EXISTING,Existing validated expanded_universe_v2_4b row preserved as base source.,,USD,XNAS,,,,,,,,,,,,common_equity
BULL,Webull Corporation - Class A Ordinary Shares,NASDAQ,USA,nasdaq_trader_nasdaqlisted,data/raw/source_providers/nasdaq_trader_nasdaqlisted/nasdaq_trader_nasdaqlisted.csv,COMMON_STOCK,IN_SCOPE,HIGH,Security name indicates common equity: ORDINARY SHARES.,,,,,,1,PRESERVE_EXISTING,Existing validated expanded_universe_v2_4b row preserved as base source.,,USD,XNAS,,,,,,,,,,,,common_equity
BUSE,First Busey Corporation - Common Stock,NASDAQ,USA,nasdaq_trader_nasdaqlisted,data/raw/source_providers/nasdaq_trader_nasdaqlisted/nasdaq_trader_nasdaqlisted.csv,COMMON_STOCK,IN_SCOPE,HIGH,Security name indicates common equity: COMMON STOCK.,,,,,,1,PRESERVE_EXISTING,Existing validated expanded_universe_v2_4b row preserved as base source.,,USD,XNAS,,,,,,,,,,,,common_equity
BUUU,BUUU Group Limited - Class A Ordinary Share,NASDAQ,USA,nasdaq_trader_nasdaqlisted,data/raw/source_providers/nasdaq_trader_nasdaqlisted/nasdaq_trader_nasdaqlisted.csv,COMMON_STOCK,IN_SCOPE,HIGH,Security name indicates common equity: CLASS A.,,,,,,1,PRESERVE_EXISTING,Existing validated expanded_universe_v2_4b row preserved as base source.,,USD,XNAS,,,,,,,,,,,,common_equity
BVC,BitVentures Limited - Ordinary Share,NASDAQ,USA,nasdaq_trader_nasdaqlisted,data/raw/source_providers/nasdaq_trader_nasdaqlisted/nasdaq_trader_nasdaqlisted.csv,COMMON_STOCK,IN_SCOPE,MEDIUM,No exclusion keyword detected; treated as common equity candidate.,,,,,,1,PRESERVE_EXISTING,Existing validated expanded_universe_v2_4b row preserved as base source.,,USD,XNAS,,,,,,,,,,,,common_equity
BVFL,"BV Financial, Inc. - Common Stock",NASDAQ,USA,nasdaq_trader_nasdaqlisted,data/raw/source_providers/nasdaq_trader_nasdaqlisted/nasdaq_trader_nasdaqlisted.csv,COMMON_STOCK,IN_SCOPE,HIGH,Security name indicates common equity: COMMON STOCK.,,,,,,1,PRESERVE_EXISTING,Existing validated expanded_universe_v2_4b row preserved as base source.,,USD,XNAS,,,,,,,,,,,,common_equity
BVS,Bioventus Inc. - Class A Common Stock,NASDAQ,USA,nasdaq_trader_nasdaqlisted,data/raw/source_providers/nasdaq_trader_nasdaqlisted/nasdaq_trader_nasdaqlisted.csv,COMMON_STOCK,IN_SCOPE,HIGH,Security name indicates common equity: COMMON STOCK.,,,,,,1,PRESERVE_EXISTING,Existing validated expanded_universe_v2_4b row preserved as base source.,,USD,XNAS,,,,,,,,,,,,common_equity
BWB,"Bridgewater Bancshares, Inc. - Common Stock",NASDAQ,USA,nasdaq_trader_nasdaqlisted,data/raw/source_providers/nasdaq_trader_nasdaqlisted/nasdaq_trader_nasdaqlisted.csv,COMMON_STOCK,IN_SCOPE,HIGH,Security name indicates common equity: COMMON STOCK.,,,,,,1,PRESERVE_EXISTING,Existing validated expanded_universe_v2_4b row preserved as base source.,,USD,XNAS,,,,,,,,,,,,common_equity
BWEN,"Broadwind, Inc. - Common Stock",NASDAQ,USA,nasdaq_trader_nasdaqlisted,data/raw/source_providers/nasdaq_trader_nasdaqlisted/nasdaq_trader_nasdaqlisted.csv,COMMON_STOCK,IN_SCOPE,HIGH,Security name indicates common equity: COMMON STOCK.,,,,,,1,PRESERVE_EXISTING,Existing validated expanded_universe_v2_4b row preserved as base source.,,USD,XNAS,,,,,,,,,,,,common_equity
BWFG,"Bankwell Financial Group, Inc. - Common Stock",NASDAQ,USA,nasdaq_trader_nasdaqlisted,data/raw/source_providers/nasdaq_trader_nasdaqlisted/nasdaq_trader_nasdaqlisted.csv,COMMON_STOCK,IN_SCOPE,HIGH,Security name indicates common equity: COMMON STOCK.,,,,,,1,PRESERVE_EXISTING,Existing validated expanded_universe_v2_4b row preserved as base source.,,USD,XNAS,,,,,,,,,,,,common_equity
BWIN,"The Baldwin Insurance Group, Inc. - Class A Common Stock",NASDAQ,USA,nasdaq_trader_nasdaqlisted,data/raw/source_providers/nasdaq_trader_nasdaqlisted/nasdaq_trader_nasdaqlisted.csv,COMMON_STOCK,IN_SCOPE,HIGH,Security name indicates common equity: COMMON STOCK.,,,,,,1,PRESERVE_EXISTING,Existing validated expanded_universe_v2_4b row preserved as base source.,,USD,XNAS,,,,,,,,,,,,common_equity
BWMN,Bowman Consulting Group Ltd. - Common Stock,NASDAQ,USA,nasdaq_trader_nasdaqlisted,data/raw/source_providers/nasdaq_trader_nasdaqlisted/nasdaq_trader_nasdaqlisted.csv,COMMON_STOCK,IN_SCOPE,HIGH,Security name indicates common equity: COMMON STOCK.,,,,,,1,PRESERVE_EXISTING,Existing validated expanded_universe_v2_4b row preserved as base source.,,USD,XNAS,,,,,,,,,,,,common_equity
BYAH,"Park Ha Biological Technology Co., Ltd. - Class A Ordinary Shares",NASDAQ,USA,nasdaq_trader_nasdaqlisted,data/raw/source_providers/nasdaq_trader_nasdaqlisted/nasdaq_trader_nasdaqlisted.csv,COMMON_STOCK,IN_SCOPE,HIGH,Security name indicates common equity: ORDINARY SHARES.,,,,,,1,PRESERVE_EXISTING,Existing validated expanded_universe_v2_4b row preserved as base source.,,USD,XNAS,,,,,,,,,,,,common_equity
BYFC,Broadway Financial Corporation - Class A Common Stock,NASDAQ,USA,nasdaq_trader_nasdaqlisted,data/raw/source_providers/nasdaq_trader_nasdaqlisted/nasdaq_trader_nasdaqlisted.csv,COMMON_STOCK,IN_SCOPE,HIGH,Security name indicates common equity: COMMON STOCK.,,,,,,1,PRESERVE_EXISTING,Existing validated expanded_universe_v2_4b row preserved as base source.,,USD,XNAS,,,,,,,,,,,,common_equity
BYND,"Beyond Meat, Inc. - Common stock",NASDAQ,USA,nasdaq_trader_nasdaqlisted,data/raw/source_providers/nasdaq_trader_nasdaqlisted/nasdaq_trader_nasdaqlisted.csv,COMMON_STOCK,IN_SCOPE,HIGH,Security name indicates common equity: COMMON STOCK.,,,,,,1,PRESERVE_EXISTING,Existing validated expanded_universe_v2_4b row preserved as base source.,,USD,XNAS,,,,,,,,,,,,common_equity
BYRN,"Byrna Technologies, Inc. - Common Stock",NASDAQ,USA,nasdaq_trader_nasdaqlisted,data/raw/source_providers/nasdaq_trader_nasdaqlisted/nasdaq_trader_nasdaqlisted.csv,COMMON_STOCK,IN_SCOPE,HIGH,Security name indicates common equity: COMMON STOCK.,,,,,,1,PRESERVE_EXISTING,Existing validated expanded_universe_v2_4b row preserved as base source.,,USD,XNAS,,,,,,,,,,,,common_equity
BYSI,"BeyondSpring, Inc. - Ordinary Shares",NASDAQ,USA,nasdaq_trader_nasdaqlisted,data/raw/source_providers/nasdaq_trader_nasdaqlisted/nasdaq_trader_nasdaqlisted.csv,COMMON_STOCK,IN_SCOPE,HIGH,Security name indicates common equity: ORDINARY SHARES.,,,,,,1,PRESERVE_EXISTING,Existing validated expanded_universe_v2_4b row preserved as base source.,,USD,XNAS,,,,,,,,,,,,common_equity
BZ,KANZHUN LIMITED - American Depository Shares,NASDAQ,USA,nasdaq_trader_nasdaqlisted,data/raw/source_providers/nasdaq_trader_nasdaqlisted/nasdaq_trader_nasdaqlisted.csv,ADR,IN_SCOPE_ADR,MEDIUM,Security name indicates ADR/ADS: AMERICAN DEPOSITORY.,,,,,,1,PRESERVE_EXISTING,Existing validated expanded_universe_v2_4b row preserved as base source.,,USD,XNAS,,,,,,,,,,,,adr_equity
BZAI,"Blaize Holdings, Inc. - Common Stock",NASDAQ,USA,nasdaq_trader_nasdaqlisted,data/raw/source_providers/nasdaq_trader_nasdaqlisted/nasdaq_trader_nasdaqlisted.csv,COMMON_STOCK,IN_SCOPE,HIGH,Security name indicates common equity: COMMON STOCK.,,,,,,1,PRESERVE_EXISTING,Existing validated expanded_universe_v2_4b row preserved as base source.,,USD,XNAS,,,,,,,,,,,,common_equity
BZFD,"BuzzFeed, Inc. - Class A Common Stock",NASDAQ,USA,nasdaq_trader_nasdaqlisted,data/raw/source_providers/nasdaq_trader_nasdaqlisted/nasdaq_trader_nasdaqlisted.csv,COMMON_STOCK,IN_SCOPE,HIGH,Security name indicates common equity: COMMON STOCK.,,,,,,1,PRESERVE_EXISTING,Existing validated expanded_universe_v2_4b row preserved as base source.,,USD,XNAS,,,,,,,,,,,,common_equity
CAAS,"China Automotive Systems, Inc. - Ordinary Share",NASDAQ,USA,nasdaq_trader_nasdaqlisted,data/raw/source_providers/nasdaq_trader_nasdaqlisted/nasdaq_trader_nasdaqlisted.csv,COMMON_STOCK,IN_SCOPE,MEDIUM,No exclusion keyword detected; treated as common equity candidate.,,,,,,1,PRESERVE_EXISTING,Existing validated expanded_universe_v2_4b row preserved as base source.,,USD,XNAS,,,,,,,,,,,,common_equity
CABA,"Cabaletta Bio, Inc. - Common Stock",NASDAQ,USA,nasdaq_trader_nasdaqlisted,data/raw/source_providers/nasdaq_trader_nasdaqlisted/nasdaq_trader_nasdaqlisted.csv,COMMON_STOCK,IN_SCOPE,HIGH,Security name indicates common equity: COMMON STOCK.,,,,,,1,PRESERVE_EXISTING,Existing validated expanded_universe_v2_4b row preserved as base source.,,USD,XNAS,,,,,,,,,,,,common_equity
CABR,"Caring Brands, Inc. - Common Stock",NASDAQ,USA,nasdaq_trader_nasdaqlisted,data/raw/source_providers/nasdaq_trader_nasdaqlisted/nasdaq_trader_nasdaqlisted.csv,COMMON_STOCK,IN_SCOPE,HIGH,Security name indicates common equity: COMMON STOCK.,,,,,,1,PRESERVE_EXISTING,Existing validated expanded_universe_v2_4b row preserved as base source.,,USD,XNAS,,,,,,,,,,,,common_equity
CAC,Camden National Corporation - Common Stock,NASDAQ,USA,nasdaq_trader_nasdaqlisted,data/raw/source_providers/nasdaq_trader_nasdaqlisted/nasdaq_trader_nasdaqlisted.csv,COMMON_STOCK,IN_SCOPE,HIGH,Security name indicates common equity: COMMON STOCK.,,,,,,1,PRESERVE_EXISTING,Existing validated expanded_universe_v2_4b row preserved as base source.,,USD,XNAS,,,,,,,,,,,,common_equity
CACC,Credit Acceptance Corporation - Common Stock,NASDAQ,USA,nasdaq_trader_nasdaqlisted,data/raw/source_providers/nasdaq_trader_nasdaqlisted/nasdaq_trader_nasdaqlisted.csv,COMMON_STOCK,IN_SCOPE,HIGH,Security name indicates common equity: COMMON STOCK.,,,,,,1,PRESERVE_EXISTING,Existing validated expanded_universe_v2_4b row preserved as base source.,,USD,XNAS,,,,,,,,,,,,common_equity
CADL,"Candel Therapeutics, Inc. - Common Stock",NASDAQ,USA,nasdaq_trader_nasdaqlisted,data/raw/source_providers/nasdaq_trader_nasdaqlisted/nasdaq_trader_nasdaqlisted.csv,COMMON_STOCK,IN_SCOPE,HIGH,Security name indicates common equity: COMMON STOCK.,,,,,,1,PRESERVE_EXISTING,Existing validated expanded_universe_v2_4b row preserved as base source.,,USD,XNAS,,,,,,,,,,,,common_equity
CAES,"Cantor Equity Partners VII, Inc. - Class A Ordinary Shares",NASDAQ,USA,nasdaq_trader_nasdaqlisted,data/raw/source_providers/nasdaq_trader_nasdaqlisted/nasdaq_trader_nasdaqlisted.csv,COMMON_STOCK,IN_SCOPE,HIGH,Security name indicates common equity: ORDINARY SHARES.,,,,,,1,PRESERVE_EXISTING,Existing validated expanded_universe_v2_4b row preserved as base source.,,USD,XNAS,,,,,,,,,,,,common_equity
CAI,"Caris Life Sciences, Inc. - Common Stock",NASDAQ,USA,nasdaq_trader_nasdaqlisted,data/raw/source_providers/nasdaq_trader_nasdaqlisted/nasdaq_trader_nasdaqlisted.csv,COMMON_STOCK,IN_SCOPE,HIGH,Security name indicates common equity: COMMON STOCK.,,,,,,1,PRESERVE_EXISTING,Existing validated expanded_universe_v2_4b row preserved as base source.,,USD,XNAS,,,,,,,,,,,,common_equity
CAII,Collective Acquisition Corp. II - Class A Ordinary Shares,NASDAQ,USA,nasdaq_trader_nasdaqlisted,data/raw/source_providers/nasdaq_trader_nasdaqlisted/nasdaq_trader_nasdaqlisted.csv,COMMON_STOCK,IN_SCOPE,HIGH,Security name indicates common equity: ORDINARY SHARES.,,,,,,1,PRESERVE_EXISTING,Existing validated expanded_universe_v2_4b row preserved as base source.,,USD,XNAS,,,,,,,,,,,,common_equity
CAKE,The Cheesecake Factory Incorporated - Common Stock,NASDAQ,USA,nasdaq_trader_nasdaqlisted,data/raw/source_providers/nasdaq_trader_nasdaqlisted/nasdaq_trader_nasdaqlisted.csv,COMMON_STOCK,IN_SCOPE,HIGH,Security name indicates common equity: COMMON STOCK.,,,,,,1,PRESERVE_EXISTING,Existing validated expanded_universe_v2_4b row preserved as base source.,,USD,XNAS,,,,,,,,,,,,common_equity
CALC,"CalciMedica, Inc. - Common Stock",NASDAQ,USA,nasdaq_trader_nasdaqlisted,data/raw/source_providers/nasdaq_trader_nasdaqlisted/nasdaq_trader_nasdaqlisted.csv,COMMON_STOCK,IN_SCOPE,HIGH,Security name indicates common equity: COMMON STOCK.,,,,,,1,PRESERVE_EXISTING,Existing validated expanded_universe_v2_4b row preserved as base source.,,USD,XNAS,,,,,,,,,,,,common_equity
CALM,"Cal-Maine Foods, Inc. - Common Stock",NASDAQ,USA,nasdaq_trader_nasdaqlisted,data/raw/source_providers/nasdaq_trader_nasdaqlisted/nasdaq_trader_nasdaqlisted.csv,COMMON_STOCK,IN_SCOPE,HIGH,Security name indicates common equity: COMMON STOCK.,,,,,,1,PRESERVE_EXISTING,Existing validated expanded_universe_v2_4b row preserved as base source.,,USD,XNAS,,,,,,,,,,,,common_equity
CAMP,CAMP4 Therapeutics Corporation - Common Stock,NASDAQ,USA,nasdaq_trader_nasdaqlisted,data/raw/source_providers/nasdaq_trader_nasdaqlisted/nasdaq_trader_nasdaqlisted.csv,COMMON_STOCK,IN_SCOPE,HIGH,Security name indicates common equity: COMMON STOCK.,,,,,,1,PRESERVE_EXISTING,Existing validated expanded_universe_v2_4b row preserved as base source.,,USD,XNAS,,,,,,,,,,,,common_equity
CAMT,Camtek Ltd. - Ordinary Shares,NASDAQ,USA,nasdaq_trader_nasdaqlisted,data/raw/source_providers/nasdaq_trader_nasdaqlisted/nasdaq_trader_nasdaqlisted.csv,COMMON_STOCK,IN_SCOPE,HIGH,Security name indicates common equity: ORDINARY SHARES.,,,,,,1,PRESERVE_EXISTING,Existing validated expanded_universe_v2_4b row preserved as base source.,,USD,XNAS,,,,,,,,,,,,common_equity
CAPN,Cayson Acquisition Corp - Ordinary Shares,NASDAQ,USA,nasdaq_trader_nasdaqlisted,data/raw/source_providers/nasdaq_trader_nasdaqlisted/nasdaq_trader_nasdaqlisted.csv,COMMON_STOCK,IN_SCOPE,HIGH,Security name indicates common equity: ORDINARY SHARES.,,,,,,1,PRESERVE_EXISTING,Existing validated expanded_universe_v2_4b row preserved as base source.,,USD,XNAS,,,,,,,,,,,,common_equity
CAPR,"Capricor Therapeutics, Inc. - Common Stock",NASDAQ,USA,nasdaq_trader_nasdaqlisted,data/raw/source_providers/nasdaq_trader_nasdaqlisted/nasdaq_trader_nasdaqlisted.csv,COMMON_STOCK,IN_SCOPE,HIGH,Security name indicates common equity: COMMON STOCK.,,,,,,1,PRESERVE_EXISTING,Existing validated expanded_universe_v2_4b row preserved as base source.,,USD,XNAS,,,,,,,,,,,,common_equity
CAPS,Capstone Holding Corp. - Common Stock,NASDAQ,USA,nasdaq_trader_nasdaqlisted,data/raw/source_providers/nasdaq_trader_nasdaqlisted/nasdaq_trader_nasdaqlisted.csv,COMMON_STOCK,IN_SCOPE,HIGH,Security name indicates common equity: COMMON STOCK.,,,,,,1,PRESERVE_EXISTING,Existing validated expanded_universe_v2_4b row preserved as base source.,,USD,XNAS,,,,,,,,,,,,common_equity
CAQ,Cambridge Acquisition Corp. - Class A Ordinary Shares,NASDAQ,USA,nasdaq_trader_nasdaqlisted,data/raw/source_providers/nasdaq_trader_nasdaqlisted/nasdaq_trader_nasdaqlisted.csv,COMMON_STOCK,IN_SCOPE,HIGH,Security name indicates common equity: ORDINARY SHARES.,,,,,,1,PRESERVE_EXISTING,Existing validated expanded_universe_v2_4b row preserved as base source.,,USD,XNAS,,,,,,,,,,,,common_equity
CAR,"Avis Budget Group, Inc. - Common Stock",NASDAQ,USA,nasdaq_trader_nasdaqlisted,data/raw/source_providers/nasdaq_trader_nasdaqlisted/nasdaq_trader_nasdaqlisted.csv,COMMON_STOCK,IN_SCOPE,HIGH,Security name indicates common equity: COMMON STOCK.,,,,,,1,PRESERVE_EXISTING,Existing validated expanded_universe_v2_4b row preserved as base source.,,USD,XNAS,,,,,,,,,,,,common_equity
CARE,"Carter Bankshares, Inc. - Common Stock",NASDAQ,USA,nasdaq_trader_nasdaqlisted,data/raw/source_providers/nasdaq_trader_nasdaqlisted/nasdaq_trader_nasdaqlisted.csv,COMMON_STOCK,IN_SCOPE,HIGH,Security name indicates common equity: COMMON STOCK.,,,,,,1,PRESERVE_EXISTING,Existing validated expanded_universe_v2_4b row preserved as base source.,,USD,XNAS,,,,,,,,,,,,common_equity
CARG,"CarGurus, Inc. - Class A Common Stock",NASDAQ,USA,nasdaq_trader_nasdaqlisted,data/raw/source_providers/nasdaq_trader_nasdaqlisted/nasdaq_trader_nasdaqlisted.csv,COMMON_STOCK,IN_SCOPE,HIGH,Security name indicates common equity: COMMON STOCK.,,,,,,1,PRESERVE_EXISTING,Existing validated expanded_universe_v2_4b row preserved as base source.,,USD,XNAS,,,,,,,,,,,,common_equity
CARL,"Carlsmed, Inc. - Common Stock",NASDAQ,USA,nasdaq_trader_nasdaqlisted,data/raw/source_providers/nasdaq_trader_nasdaqlisted/nasdaq_trader_nasdaqlisted.csv,COMMON_STOCK,IN_SCOPE,HIGH,Security name indicates common equity: COMMON STOCK.,,,,,,1,PRESERVE_EXISTING,Existing validated expanded_universe_v2_4b row preserved as base source.,,USD,XNAS,,,,,,,,,,,,common_equity
CART,Maplebear Inc. - Common Stock,NASDAQ,USA,nasdaq_trader_nasdaqlisted,data/raw/source_providers/nasdaq_trader_nasdaqlisted/nasdaq_trader_nasdaqlisted.csv,COMMON_STOCK,IN_SCOPE,HIGH,Security name indicates common equity: COMMON STOCK.,,,,,,1,PRESERVE_EXISTING,Existing validated expanded_universe_v2_4b row preserved as base source.,,USD,XNAS,,,,,,,,,,,,common_equity
CASH,"Pathward Financial, Inc. - Common Stock",NASDAQ,USA,nasdaq_trader_nasdaqlisted,data/raw/source_providers/nasdaq_trader_nasdaqlisted/nasdaq_trader_nasdaqlisted.csv,COMMON_STOCK,IN_SCOPE,HIGH,Security name indicates common equity: COMMON STOCK.,,,,,,1,PRESERVE_EXISTING,Existing validated expanded_universe_v2_4b row preserved as base source.,,USD,XNAS,,,,,,,,,,,,common_equity
CASS,"Cass Information Systems, Inc - Common Stock",NASDAQ,USA,nasdaq_trader_nasdaqlisted,data/raw/source_providers/nasdaq_trader_nasdaqlisted/nasdaq_trader_nasdaqlisted.csv,COMMON_STOCK,IN_SCOPE,HIGH,Security name indicates common equity: COMMON STOCK.,,,,,,1,PRESERVE_EXISTING,Existing validated expanded_universe_v2_4b row preserved as base source.,,USD,XNAS,,,,,,,,,,,,common_equity
CAST,"FreeCast, Inc. - Class A common stock",NASDAQ,USA,nasdaq_trader_nasdaqlisted,data/raw/source_providers/nasdaq_trader_nasdaqlisted/nasdaq_trader_nasdaqlisted.csv,COMMON_STOCK,IN_SCOPE,HIGH,Security name indicates common equity: COMMON STOCK.,,,,,,1,PRESERVE_EXISTING,Existing validated expanded_universe_v2_4b row preserved as base source.,,USD,XNAS,,,,,,,,,,,,common_equity
CASY,"Caseys General Stores, Inc. - Common Stock",NASDAQ,USA,nasdaq_trader_nasdaqlisted,data/raw/source_providers/nasdaq_trader_nasdaqlisted/nasdaq_trader_nasdaqlisted.csv,COMMON_STOCK,IN_SCOPE,HIGH,Security name indicates common equity: COMMON STOCK.,,,,,,1,PRESERVE_EXISTING,Existing validated expanded_universe_v2_4b row preserved as base source.,,USD,XNAS,,,,,,,,,,,,common_equity
CATY,Cathay General Bancorp - Common Stock,NASDAQ,USA,nasdaq_trader_nasdaqlisted,data/raw/source_providers/nasdaq_trader_nasdaqlisted/nasdaq_trader_nasdaqlisted.csv,COMMON_STOCK,IN_SCOPE,HIGH,Security name indicates common equity: COMMON STOCK.,,,,,,1,PRESERVE_EXISTING,Existing validated expanded_universe_v2_4b row preserved as base source.,,USD,XNAS,,,,,,,,,,,,common_equity
CBAT,CBAK Energy Technology Limited - Ordinary Shares,NASDAQ,USA,nasdaq_trader_nasdaqlisted,data/raw/source_providers/nasdaq_trader_nasdaqlisted/nasdaq_trader_nasdaqlisted.csv,COMMON_STOCK,IN_SCOPE,HIGH,Security name indicates common equity: ORDINARY SHARES.,,,,,,1,PRESERVE_EXISTING,Existing validated expanded_universe_v2_4b row preserved as base source.,,USD,XNAS,,,,,,,,,,,,common_equity
CBC,"Central Bancompany, Inc. - Class A Common Stock",NASDAQ,USA,nasdaq_trader_nasdaqlisted,data/raw/source_providers/nasdaq_trader_nasdaqlisted/nasdaq_trader_nasdaqlisted.csv,COMMON_STOCK,IN_SCOPE,HIGH,Security name indicates common equity: COMMON STOCK.,,,,,,1,PRESERVE_EXISTING,Existing validated expanded_universe_v2_4b row preserved as base source.,,USD,XNAS,,,,,,,,,,,,common_equity
CBFV,"CB Financial Services, Inc. - Common Stock",NASDAQ,USA,nasdaq_trader_nasdaqlisted,data/raw/source_providers/nasdaq_trader_nasdaqlisted/nasdaq_trader_nasdaqlisted.csv,COMMON_STOCK,IN_SCOPE,HIGH,Security name indicates common equity: COMMON STOCK.,,,,,,1,PRESERVE_EXISTING,Existing validated expanded_universe_v2_4b row preserved as base source.,,USD,XNAS,,,,,,,,,,,,common_equity
CBIO,"Crescent Biopharma, Inc. - Common Stock",NASDAQ,USA,nasdaq_trader_nasdaqlisted,data/raw/source_providers/nasdaq_trader_nasdaqlisted/nasdaq_trader_nasdaqlisted.csv,COMMON_STOCK,IN_SCOPE,HIGH,Security name indicates common equity: COMMON STOCK.,,,,,,1,PRESERVE_EXISTING,Existing validated expanded_universe_v2_4b row preserved as base source.,,USD,XNAS,,,,,,,,,,,,common_equity
CBK,"Commercial Bancgroup, Inc. - Common Stock",NASDAQ,USA,nasdaq_trader_nasdaqlisted,data/raw/source_providers/nasdaq_trader_nasdaqlisted/nasdaq_trader_nasdaqlisted.csv,COMMON_STOCK,IN_SCOPE,HIGH,Security name indicates common equity: COMMON STOCK.,,,,,,1,PRESERVE_EXISTING,Existing validated expanded_universe_v2_4b row preserved as base source.,,USD,XNAS,,,,,,,,,,,,common_equity
CBLL,"CeriBell, Inc. - Common Stock",NASDAQ,USA,nasdaq_trader_nasdaqlisted,data/raw/source_providers/nasdaq_trader_nasdaqlisted/nasdaq_trader_nasdaqlisted.csv,COMMON_STOCK,IN_SCOPE,HIGH,Security name indicates common equity: COMMON STOCK.,,,,,,1,PRESERVE_EXISTING,Existing validated expanded_universe_v2_4b row preserved as base source.,,USD,XNAS,,,,,,,,,,,,common_equity
CBNK,"Capital Bancorp, Inc. - Common Stock",NASDAQ,USA,nasdaq_trader_nasdaqlisted,data/raw/source_providers/nasdaq_trader_nasdaqlisted/nasdaq_trader_nasdaqlisted.csv,COMMON_STOCK,IN_SCOPE,HIGH,Security name indicates common equity: COMMON STOCK.,,,,,,1,PRESERVE_EXISTING,Existing validated expanded_universe_v2_4b row preserved as base source.,,USD,XNAS,,,,,,,,,,,,common_equity
CBRL,"Cracker Barrel Old Country Store, Inc. - Common Stock",NASDAQ,USA,nasdaq_trader_nasdaqlisted,data/raw/source_providers/nasdaq_trader_nasdaqlisted/nasdaq_trader_nasdaqlisted.csv,COMMON_STOCK,IN_SCOPE,HIGH,Security name indicates common equity: COMMON STOCK.,,,,,,1,PRESERVE_EXISTING,Existing validated expanded_universe_v2_4b row preserved as base source.,,USD,XNAS,,,,,,,,,,,,common_equity
CBRS,Cerebras Systems Inc. - Class A Common Stock,NASDAQ,USA,nasdaq_trader_nasdaqlisted,data/raw/source_providers/nasdaq_trader_nasdaqlisted/nasdaq_trader_nasdaqlisted.csv,COMMON_STOCK,IN_SCOPE,HIGH,Security name indicates common equity: COMMON STOCK.,,,,,,1,PRESERVE_EXISTING,Existing validated expanded_universe_v2_4b row preserved as base source.,,USD,XNAS,,,,,,,,,,,,common_equity
CBSH,"Commerce Bancshares, Inc. - Common Stock",NASDAQ,USA,nasdaq_trader_nasdaqlisted,data/raw/source_providers/nasdaq_trader_nasdaqlisted/nasdaq_trader_nasdaqlisted.csv,COMMON_STOCK,IN_SCOPE,HIGH,Security name indicates common equity: COMMON STOCK.,,,,,,1,PRESERVE_EXISTING,Existing validated expanded_universe_v2_4b row preserved as base source.,,USD,XNAS,,,,,,,,,,,,common_equity
CBUS,"Cibus, Inc. - Class A Common Stock",NASDAQ,USA,nasdaq_trader_nasdaqlisted,data/raw/source_providers/nasdaq_trader_nasdaqlisted/nasdaq_trader_nasdaqlisted.csv,COMMON_STOCK,IN_SCOPE,HIGH,Security name indicates common equity: COMMON STOCK.,,,,,,1,PRESERVE_EXISTING,Existing validated expanded_universe_v2_4b row preserved as base source.,,USD,XNAS,,,,,,,,,,,,common_equity
CCAP,"Crescent Capital BDC, Inc. - Common Stock",NASDAQ,USA,nasdaq_trader_nasdaqlisted,data/raw/source_providers/nasdaq_trader_nasdaqlisted/nasdaq_trader_nasdaqlisted.csv,COMMON_STOCK,IN_SCOPE,HIGH,Security name indicates common equity: COMMON STOCK.,,,,,,1,PRESERVE_EXISTING,Existing validated expanded_universe_v2_4b row preserved as base source.,,USD,XNAS,,,,,,,,,,,,common_equity
CCAQ,Collective Acquisition Corp. - Class A ordinary shares,NASDAQ,USA,nasdaq_trader_nasdaqlisted,data/raw/source_providers/nasdaq_trader_nasdaqlisted/nasdaq_trader_nasdaqlisted.csv,COMMON_STOCK,IN_SCOPE,HIGH,Security name indicates common equity: ORDINARY SHARES.,,,,,,1,PRESERVE_EXISTING,Existing validated expanded_universe_v2_4b row preserved as base source.,,USD,XNAS,,,,,,,,,,,,common_equity
CCB,Coastal Financial Corporation - Common Stock,NASDAQ,USA,nasdaq_trader_nasdaqlisted,data/raw/source_providers/nasdaq_trader_nasdaqlisted/nasdaq_trader_nasdaqlisted.csv,COMMON_STOCK,IN_SCOPE,HIGH,Security name indicates common equity: COMMON STOCK.,,,,,,1,PRESERVE_EXISTING,Existing validated expanded_universe_v2_4b row preserved as base source.,,USD,XNAS,,,,,,,,,,,,common_equity
CCBG,Capital City Bank Group - Common Stock,NASDAQ,USA,nasdaq_trader_nasdaqlisted,data/raw/source_providers/nasdaq_trader_nasdaqlisted/nasdaq_trader_nasdaqlisted.csv,COMMON_STOCK,IN_SCOPE,HIGH,Security name indicates common equity: COMMON STOCK.,,,,,,1,PRESERVE_EXISTING,Existing validated expanded_universe_v2_4b row preserved as base source.,,USD,XNAS,,,,,,,,,,,,common_equity
CCC,CCC Intelligent Solutions Holdings Inc. - Common Stock,NASDAQ,USA,nasdaq_trader_nasdaqlisted,data/raw/source_providers/nasdaq_trader_nasdaqlisted/nasdaq_trader_nasdaqlisted.csv,COMMON_STOCK,IN_SCOPE,HIGH,Security name indicates common equity: COMMON STOCK.,,,,,,1,PRESERVE_EXISTING,Existing validated expanded_universe_v2_4b row preserved as base source.,,USD,XNAS,,,,,,,,,,,,common_equity
CCCC,"C4 Therapeutics, Inc. - Common Stock",NASDAQ,USA,nasdaq_trader_nasdaqlisted,data/raw/source_providers/nasdaq_trader_nasdaqlisted/nasdaq_trader_nasdaqlisted.csv,COMMON_STOCK,IN_SCOPE,HIGH,Security name indicates common equity: COMMON STOCK.,,,,,,1,PRESERVE_EXISTING,Existing validated expanded_universe_v2_4b row preserved as base source.,,USD,XNAS,,,,,,,,,,,,common_equity
CCD,Calamos Dynamic Convertible & Income Fund - Closed End Fund,NASDAQ,USA,nasdaq_trader_nasdaqlisted,data/raw/source_providers/nasdaq_trader_nasdaqlisted/nasdaq_trader_nasdaqlisted.csv,COMMON_STOCK,IN_SCOPE,MEDIUM,No exclusion keyword detected; treated as common equity candidate.,,,,,,1,PRESERVE_EXISTING,Existing validated expanded_universe_v2_4b row preserved as base source.,,USD,XNAS,,,,,,,,,,,,common_equity
CCEC,Capital Clean Energy Carriers Corp. - Common Share,NASDAQ,USA,nasdaq_trader_nasdaqlisted,data/raw/source_providers/nasdaq_trader_nasdaqlisted/nasdaq_trader_nasdaqlisted.csv,COMMON_STOCK,IN_SCOPE,MEDIUM,No exclusion keyword detected; treated as common equity candidate.,,,,,,1,PRESERVE_EXISTING,Existing validated expanded_universe_v2_4b row preserved as base source.,,USD,XNAS,,,,,,,,,,,,common_equity
CCEP,Coca-Cola Europacific Partners plc - Ordinary Shares,NASDAQ,USA,nasdaq_trader_nasdaqlisted,data/raw/source_providers/nasdaq_trader_nasdaqlisted/nasdaq_trader_nasdaqlisted.csv,COMMON_STOCK,IN_SCOPE,HIGH,Security name indicates common equity: ORDINARY SHARES.,,,,,,1,PRESERVE_EXISTING,Existing validated expanded_universe_v2_4b row preserved as base source.,,USD,XNAS,,,,,,,,,,,,common_equity
CCG,Cheche Group Inc. - Class A Ordinary Shares,NASDAQ,USA,nasdaq_trader_nasdaqlisted,data/raw/source_providers/nasdaq_trader_nasdaqlisted/nasdaq_trader_nasdaqlisted.csv,COMMON_STOCK,IN_SCOPE,HIGH,Security name indicates common equity: ORDINARY SHARES.,,,,,,1,PRESERVE_EXISTING,Existing validated expanded_universe_v2_4b row preserved as base source.,,USD,XNAS,,,,,,,,,,,,common_equity
CCHH,CCH Holdings Ltd - Class A Ordinary Shares,NASDAQ,USA,nasdaq_trader_nasdaqlisted,data/raw/source_providers/nasdaq_trader_nasdaqlisted/nasdaq_trader_nasdaqlisted.csv,COMMON_STOCK,IN_SCOPE,HIGH,Security name indicates common equity: ORDINARY SHARES.,,,,,,1,PRESERVE_EXISTING,Existing validated expanded_universe_v2_4b row preserved as base source.,,USD,XNAS,,,,,,,,,,,,common_equity
CCII,Cohen Circle Acquisition Corp. II - Class A Ordinary Shares,NASDAQ,USA,nasdaq_trader_nasdaqlisted,data/raw/source_providers/nasdaq_trader_nasdaqlisted/nasdaq_trader_nasdaqlisted.csv,COMMON_STOCK,IN_SCOPE,HIGH,Security name indicates common equity: ORDINARY SHARES.,,,,,,1,PRESERVE_EXISTING,Existing validated expanded_universe_v2_4b row preserved as base source.,,USD,XNAS,,,,,,,,,,,,common_equity
CCIX,Churchill Capital Corp IX - Ordinary Shares,NASDAQ,USA,nasdaq_trader_nasdaqlisted,data/raw/source_providers/nasdaq_trader_nasdaqlisted/nasdaq_trader_nasdaqlisted.csv,COMMON_STOCK,IN_SCOPE,HIGH,Security name indicates common equity: ORDINARY SHARES.,,,,,,1,PRESERVE_EXISTING,Existing validated expanded_universe_v2_4b row preserved as base source.,,USD,XNAS,,,,,,,,,,,,common_equity
CCLD,"CareCloud, Inc. - Common Stock",NASDAQ,USA,nasdaq_trader_nasdaqlisted,data/raw/source_providers/nasdaq_trader_nasdaqlisted/nasdaq_trader_nasdaqlisted.csv,COMMON_STOCK,IN_SCOPE,HIGH,Security name indicates common equity: COMMON STOCK.,,,,,,1,PRESERVE_EXISTING,Existing validated expanded_universe_v2_4b row preserved as base source.,,USD,XNAS,,,,,,,,,,,,common_equity
CCNE,CNB Financial Corporation - Common Stock,NASDAQ,USA,nasdaq_trader_nasdaqlisted,data/raw/source_providers/nasdaq_trader_nasdaqlisted/nasdaq_trader_nasdaqlisted.csv,COMMON_STOCK,IN_SCOPE,HIGH,Security name indicates common equity: COMMON STOCK.,,,,,,1,PRESERVE_EXISTING,Existing validated expanded_universe_v2_4b row preserved as base source.,,USD,XNAS,,,,,,,,,,,,common_equity
CCOI,"Cogent Communications Holdings, Inc. - Common Stock",NASDAQ,USA,nasdaq_trader_nasdaqlisted,data/raw/source_providers/nasdaq_trader_nasdaqlisted/nasdaq_trader_nasdaqlisted.csv,COMMON_STOCK,IN_SCOPE,HIGH,Security name indicates common equity: COMMON STOCK.,,,,,,1,PRESERVE_EXISTING,Existing validated expanded_universe_v2_4b row preserved as base source.,,USD,XNAS,,,,,,,,,,,,common_equity
CCRN,"Cross Country Healthcare, Inc. - Common Stock",NASDAQ,USA,nasdaq_trader_nasdaqlisted,data/raw/source_providers/nasdaq_trader_nasdaqlisted/nasdaq_trader_nasdaqlisted.csv,COMMON_STOCK,IN_SCOPE,HIGH,Security name indicates common equity: COMMON STOCK.,,,,,,1,PRESERVE_EXISTING,Existing validated expanded_universe_v2_4b row preserved as base source.,,USD,XNAS,,,,,,,,,,,,common_equity
CCSI,"Consensus Cloud Solutions, Inc. - Common Stock",NASDAQ,USA,nasdaq_trader_nasdaqlisted,data/raw/source_providers/nasdaq_trader_nasdaqlisted/nasdaq_trader_nasdaqlisted.csv,COMMON_STOCK,IN_SCOPE,HIGH,Security name indicates common equity: COMMON STOCK.,,,,,,1,PRESERVE_EXISTING,Existing validated expanded_universe_v2_4b row preserved as base source.,,USD,XNAS,,,,,,,,,,,,common_equity
CCTG,CCSC Technology International Holdings Limited - Class A Ordinary Shares,NASDAQ,USA,nasdaq_trader_nasdaqlisted,data/raw/source_providers/nasdaq_trader_nasdaqlisted/nasdaq_trader_nasdaqlisted.csv,COMMON_STOCK,IN_SCOPE,HIGH,Security name indicates common equity: ORDINARY SHARES.,,,,,,1,PRESERVE_EXISTING,Existing validated expanded_universe_v2_4b row preserved as base source.,,USD,XNAS,,,,,,,,,,,,common_equity
CCXI,Churchill Capital Corp XI - Class A Ordinary Shares,NASDAQ,USA,nasdaq_trader_nasdaqlisted,data/raw/source_providers/nasdaq_trader_nasdaqlisted/nasdaq_trader_nasdaqlisted.csv,COMMON_STOCK,IN_SCOPE,HIGH,Security name indicates common equity: ORDINARY SHARES.,,,,,,1,PRESERVE_EXISTING,Existing validated expanded_universe_v2_4b row preserved as base source.,,USD,XNAS,,,,,,,,,,,,common_equity
CD,Chaince Digital Holdings Inc. - American Ordinary Shares,NASDAQ,USA,nasdaq_trader_nasdaqlisted,data/raw/source_providers/nasdaq_trader_nasdaqlisted/nasdaq_trader_nasdaqlisted.csv,COMMON_STOCK,IN_SCOPE,HIGH,Security name indicates common equity: ORDINARY SHARES.,,,,,,1,PRESERVE_EXISTING,Existing validated expanded_universe_v2_4b row preserved as base source.,,USD,XNAS,,,,,,,,,,,,common_equity
CDIO,Cardio Diagnostics Holdings Inc. - Common stock,NASDAQ,USA,nasdaq_trader_nasdaqlisted,data/raw/source_providers/nasdaq_trader_nasdaqlisted/nasdaq_trader_nasdaqlisted.csv,COMMON_STOCK,IN_SCOPE,HIGH,Security name indicates common equity: COMMON STOCK.,,,,,,1,PRESERVE_EXISTING,Existing validated expanded_universe_v2_4b row preserved as base source.,,USD,XNAS,,,,,,,,,,,,common_equity
CDLX,"Cardlytics, Inc. - Common Stock",NASDAQ,USA,nasdaq_trader_nasdaqlisted,data/raw/source_providers/nasdaq_trader_nasdaqlisted/nasdaq_trader_nasdaqlisted.csv,COMMON_STOCK,IN_SCOPE,HIGH,Security name indicates common equity: COMMON STOCK.,,,,,,1,PRESERVE_EXISTING,Existing validated expanded_universe_v2_4b row preserved as base source.,,USD,XNAS,,,,,,,,,,,,common_equity
CDNA,"CareDx, Inc. - Common Stock",NASDAQ,USA,nasdaq_trader_nasdaqlisted,data/raw/source_providers/nasdaq_trader_nasdaqlisted/nasdaq_trader_nasdaqlisted.csv,COMMON_STOCK,IN_SCOPE,HIGH,Security name indicates common equity: COMMON STOCK.,,,,,,1,PRESERVE_EXISTING,Existing validated expanded_universe_v2_4b row preserved as base source.,,USD,XNAS,,,,,,,,,,,,common_equity
CDNL,Cardinal Infrastructure Group Inc. - Class A Common Stock,NASDAQ,USA,nasdaq_trader_nasdaqlisted,data/raw/source_providers/nasdaq_trader_nasdaqlisted/nasdaq_trader_nasdaqlisted.csv,COMMON_STOCK,IN_SCOPE,HIGH,Security name indicates common equity: COMMON STOCK.,,,,,,1,PRESERVE_EXISTING,Existing validated expanded_universe_v2_4b row preserved as base source.,,USD,XNAS,,,,,,,,,,,,common_equity
CDNS,"Cadence Design Systems, Inc. - Common Stock",NASDAQ,USA,nasdaq_trader_nasdaqlisted,data/raw/source_providers/nasdaq_trader_nasdaqlisted/nasdaq_trader_nasdaqlisted.csv,COMMON_STOCK,IN_SCOPE,HIGH,Security name indicates common equity: COMMON STOCK.,,,,,,1,PRESERVE_EXISTING,Existing validated expanded_universe_v2_4b row preserved as base source.,,USD,XNAS,,,,,,,,,,,,common_equity
CDRO,"Codere Online Luxembourg, S.A. - Ordinary Shares",NASDAQ,USA,nasdaq_trader_nasdaqlisted,data/raw/source_providers/nasdaq_trader_nasdaqlisted/nasdaq_trader_nasdaqlisted.csv,COMMON_STOCK,IN_SCOPE,HIGH,Security name indicates common equity: ORDINARY SHARES.,,,,,,1,PRESERVE_EXISTING,Existing validated expanded_universe_v2_4b row preserved as base source.,,USD,XNAS,,,,,,,,,,,,common_equity
CDT,CDT Equity Inc. - Common Stock,NASDAQ,USA,nasdaq_trader_nasdaqlisted,data/raw/source_providers/nasdaq_trader_nasdaqlisted/nasdaq_trader_nasdaqlisted.csv,COMMON_STOCK,IN_SCOPE,HIGH,Security name indicates common equity: COMMON STOCK.,,,,,,1,PRESERVE_EXISTING,Existing validated expanded_universe_v2_4b row preserved as base source.,,USD,XNAS,,,,,,,,,,,,common_equity
CDTG,CDT Environmental Technology Investment Holdings Limited - ordinary shares,NASDAQ,USA,nasdaq_trader_nasdaqlisted,data/raw/source_providers/nasdaq_trader_nasdaqlisted/nasdaq_trader_nasdaqlisted.csv,COMMON_STOCK,IN_SCOPE,HIGH,Security name indicates common equity: ORDINARY SHARES.,,,,,,1,PRESERVE_EXISTING,Existing validated expanded_universe_v2_4b row preserved as base source.,,USD,XNAS,,,,,,,,,,,,common_equity
CDW,CDW Corporation - Common Stock,NASDAQ,USA,nasdaq_trader_nasdaqlisted,data/raw/source_providers/nasdaq_trader_nasdaqlisted/nasdaq_trader_nasdaqlisted.csv,COMMON_STOCK,IN_SCOPE,HIGH,Security name indicates common equity: COMMON STOCK.,,,,,,1,PRESERVE_EXISTING,Existing validated expanded_universe_v2_4b row preserved as base source.,,USD,XNAS,,,,,,,,,,,,common_equity
CDXS,"Codexis, Inc. - Common Stock",NASDAQ,USA,nasdaq_trader_nasdaqlisted,data/raw/source_providers/nasdaq_trader_nasdaqlisted/nasdaq_trader_nasdaqlisted.csv,COMMON_STOCK,IN_SCOPE,HIGH,Security name indicates common equity: COMMON STOCK.,,,,,,1,PRESERVE_EXISTING,Existing validated expanded_universe_v2_4b row preserved as base source.,,USD,XNAS,,,,,,,,,,,,common_equity
CDZI,"Cadiz, Inc. - Common Stock",NASDAQ,USA,nasdaq_trader_nasdaqlisted,data/raw/source_providers/nasdaq_trader_nasdaqlisted/nasdaq_trader_nasdaqlisted.csv,COMMON_STOCK,IN_SCOPE,HIGH,Security name indicates common equity: COMMON STOCK.,,,,,,1,PRESERVE_EXISTING,Existing validated expanded_universe_v2_4b row preserved as base source.,,USD,XNAS,,,,,,,,,,,,common_equity
CECO,CECO Environmental Corp. - Common Stock,NASDAQ,USA,nasdaq_trader_nasdaqlisted,data/raw/source_providers/nasdaq_trader_nasdaqlisted/nasdaq_trader_nasdaqlisted.csv,COMMON_STOCK,IN_SCOPE,HIGH,Security name indicates common equity: COMMON STOCK.,,,,,,1,PRESERVE_EXISTING,Existing validated expanded_universe_v2_4b row preserved as base source.,,USD,XNAS,,,,,,,,,,,,common_equity
CEG,Constellation Energy Corporation - Common Stock When-Issued,NASDAQ,USA,nasdaq_trader_nasdaqlisted,data/raw/source_providers/nasdaq_trader_nasdaqlisted/nasdaq_trader_nasdaqlisted.csv,COMMON_STOCK,IN_SCOPE,HIGH,Security name indicates common equity: COMMON STOCK.,,,,,,1,PRESERVE_EXISTING,Existing validated expanded_universe_v2_4b row preserved as base source.,,USD,XNAS,,,,,,,,,,,,common_equity
CELC,Celcuity Inc. - Common Stock,NASDAQ,USA,nasdaq_trader_nasdaqlisted,data/raw/source_providers/nasdaq_trader_nasdaqlisted/nasdaq_trader_nasdaqlisted.csv,COMMON_STOCK,IN_SCOPE,HIGH,Security name indicates common equity: COMMON STOCK.,,,,,,1,PRESERVE_EXISTING,Existing validated expanded_universe_v2_4b row preserved as base source.,,USD,XNAS,,,,,,,,,,,,common_equity
CELH,"Celsius Holdings, Inc. - Common Stock",NASDAQ,USA,nasdaq_trader_nasdaqlisted,data/raw/source_providers/nasdaq_trader_nasdaqlisted/nasdaq_trader_nasdaqlisted.csv,COMMON_STOCK,IN_SCOPE,HIGH,Security name indicates common equity: COMMON STOCK.,,,,,,1,PRESERVE_EXISTING,Existing validated expanded_universe_v2_4b row preserved as base source.,,USD,XNAS,,,,,,,,,,,,common_equity
CELU,Celularity Inc. - Class A Common Stock,NASDAQ,USA,nasdaq_trader_nasdaqlisted,data/raw/source_providers/nasdaq_trader_nasdaqlisted/nasdaq_trader_nasdaqlisted.csv,COMMON_STOCK,IN_SCOPE,HIGH,Security name indicates common equity: COMMON STOCK.,,,,,,1,PRESERVE_EXISTING,Existing validated expanded_universe_v2_4b row preserved as base source.,,USD,XNAS,,,,,,,,,,,,common_equity
CELZ,"Creative Medical Technology Holdings, Inc. - Common Stock",NASDAQ,USA,nasdaq_trader_nasdaqlisted,data/raw/source_providers/nasdaq_trader_nasdaqlisted/nasdaq_trader_nasdaqlisted.csv,COMMON_STOCK,IN_SCOPE,HIGH,Security name indicates common equity: COMMON STOCK.,,,,,,1,PRESERVE_EXISTING,Existing validated expanded_universe_v2_4b row preserved as base source.,,USD,XNAS,,,,,,,,,,,,common_equity
CENN,Cenntro Inc. - Common Stock,NASDAQ,USA,nasdaq_trader_nasdaqlisted,data/raw/source_providers/nasdaq_trader_nasdaqlisted/nasdaq_trader_nasdaqlisted.csv,COMMON_STOCK,IN_SCOPE,HIGH,Security name indicates common equity: COMMON STOCK.,,,,,,1,PRESERVE_EXISTING,Existing validated expanded_universe_v2_4b row preserved as base source.,,USD,XNAS,,,,,,,,,,,,common_equity
CENT,Central Garden & Pet Company - Common Stock,NASDAQ,USA,nasdaq_trader_nasdaqlisted,data/raw/source_providers/nasdaq_trader_nasdaqlisted/nasdaq_trader_nasdaqlisted.csv,COMMON_STOCK,IN_SCOPE,HIGH,Security name indicates common equity: COMMON STOCK.,,,,,,1,PRESERVE_EXISTING,Existing validated expanded_universe_v2_4b row preserved as base source.,,USD,XNAS,,,,,,,,,,,,common_equity
CENTA,Central Garden & Pet Company - Class A Common Stock Nonvoting,NASDAQ,USA,nasdaq_trader_nasdaqlisted,data/raw/source_providers/nasdaq_trader_nasdaqlisted/nasdaq_trader_nasdaqlisted.csv,COMMON_STOCK,IN_SCOPE,HIGH,Security name indicates common equity: COMMON STOCK.,,,,,,1,PRESERVE_EXISTING,Existing validated expanded_universe_v2_4b row preserved as base source.,,USD,XNAS,,,,,,,,,,,,common_equity
CENX,Century Aluminum Company - Common Stock,NASDAQ,USA,nasdaq_trader_nasdaqlisted,data/raw/source_providers/nasdaq_trader_nasdaqlisted/nasdaq_trader_nasdaqlisted.csv,COMMON_STOCK,IN_SCOPE,HIGH,Security name indicates common equity: COMMON STOCK.,,,,,,1,PRESERVE_EXISTING,Existing validated expanded_universe_v2_4b row preserved as base source.,,USD,XNAS,,,,,,,,,,,,common_equity
CEPF,"Cantor Equity Partners IV, Inc. - Class A Ordinary Shares",NASDAQ,USA,nasdaq_trader_nasdaqlisted,data/raw/source_providers/nasdaq_trader_nasdaqlisted/nasdaq_trader_nasdaqlisted.csv,COMMON_STOCK,IN_SCOPE,HIGH,Security name indicates common equity: ORDINARY SHARES.,,,,,,1,PRESERVE_EXISTING,Existing validated expanded_universe_v2_4b row preserved as base source.,,USD,XNAS,,,,,,,,,,,,common_equity
CEPO,"Cantor Equity Partners I, Inc. - Class A Ordinary Shares",NASDAQ,USA,nasdaq_trader_nasdaqlisted,data/raw/source_providers/nasdaq_trader_nasdaqlisted/nasdaq_trader_nasdaqlisted.csv,COMMON_STOCK,IN_SCOPE,HIGH,Security name indicates common equity: ORDINARY SHARES.,,,,,,1,PRESERVE_EXISTING,Existing validated expanded_universe_v2_4b row preserved as base source.,,USD,XNAS,,,,,,,,,,,,common_equity
CEPS,"Cantor Equity Partners VI, Inc. - Class A Ordinary Shares",NASDAQ,USA,nasdaq_trader_nasdaqlisted,data/raw/source_providers/nasdaq_trader_nasdaqlisted/nasdaq_trader_nasdaqlisted.csv,COMMON_STOCK,IN_SCOPE,HIGH,Security name indicates common equity: ORDINARY SHARES.,,,,,,1,PRESERVE_EXISTING,Existing validated expanded_universe_v2_4b row preserved as base source.,,USD,XNAS,,,,,,,,,,,,common_equity
CEPV,"Cantor Equity Partners V, Inc. - Class A Ordinary Shares",NASDAQ,USA,nasdaq_trader_nasdaqlisted,data/raw/source_providers/nasdaq_trader_nasdaqlisted/nasdaq_trader_nasdaqlisted.csv,COMMON_STOCK,IN_SCOPE,HIGH,Security name indicates common equity: ORDINARY SHARES.,,,,,,1,PRESERVE_EXISTING,Existing validated expanded_universe_v2_4b row preserved as base source.,,USD,XNAS,,,,,,,,,,,,common_equity
CERS,Cerus Corporation - Common Stock,NASDAQ,USA,nasdaq_trader_nasdaqlisted,data/raw/source_providers/nasdaq_trader_nasdaqlisted/nasdaq_trader_nasdaqlisted.csv,COMMON_STOCK,IN_SCOPE,HIGH,Security name indicates common equity: COMMON STOCK.,,,,,,1,PRESERVE_EXISTING,Existing validated expanded_universe_v2_4b row preserved as base source.,,USD,XNAS,,,,,,,,,,,,common_equity
CERT,"Certara, Inc. - Common Stock",NASDAQ,USA,nasdaq_trader_nasdaqlisted,data/raw/source_providers/nasdaq_trader_nasdaqlisted/nasdaq_trader_nasdaqlisted.csv,COMMON_STOCK,IN_SCOPE,HIGH,Security name indicates common equity: COMMON STOCK.,,,,,,1,PRESERVE_EXISTING,Existing validated expanded_universe_v2_4b row preserved as base source.,,USD,XNAS,,,,,,,,,,,,common_equity
CETX,Cemtrex Inc. - Common Stock,NASDAQ,USA,nasdaq_trader_nasdaqlisted,data/raw/source_providers/nasdaq_trader_nasdaqlisted/nasdaq_trader_nasdaqlisted.csv,COMMON_STOCK,IN_SCOPE,HIGH,Security name indicates common equity: COMMON STOCK.,,,,,,1,PRESERVE_EXISTING,Existing validated expanded_universe_v2_4b row preserved as base source.,,USD,XNAS,,,,,,,,,,,,common_equity
CETY,"Clean Energy Technologies, Inc. - Common Stock",NASDAQ,USA,nasdaq_trader_nasdaqlisted,data/raw/source_providers/nasdaq_trader_nasdaqlisted/nasdaq_trader_nasdaqlisted.csv,COMMON_STOCK,IN_SCOPE,HIGH,Security name indicates common equity: COMMON STOCK.,,,,,,1,PRESERVE_EXISTING,Existing validated expanded_universe_v2_4b row preserved as base source.,,USD,XNAS,,,,,,,,,,,,common_equity
CEVA,"CEVA, Inc. - Common Stock",NASDAQ,USA,nasdaq_trader_nasdaqlisted,data/raw/source_providers/nasdaq_trader_nasdaqlisted/nasdaq_trader_nasdaqlisted.csv,COMMON_STOCK,IN_SCOPE,HIGH,Security name indicates common equity: COMMON STOCK.,,,,,,1,PRESERVE_EXISTING,Existing validated expanded_universe_v2_4b row preserved as base source.,,USD,XNAS,,,,,,,,,,,,common_equity
CFBK,CF Bankshares Inc. - Common Stock,NASDAQ,USA,nasdaq_trader_nasdaqlisted,data/raw/source_providers/nasdaq_trader_nasdaqlisted/nasdaq_trader_nasdaqlisted.csv,COMMON_STOCK,IN_SCOPE,HIGH,Security name indicates common equity: COMMON STOCK.,,,,,,1,PRESERVE_EXISTING,Existing validated expanded_universe_v2_4b row preserved as base source.,,USD,XNAS,,,,,,,,,,,,common_equity
CFFI,C&F Financial Corporation - Common Stock,NASDAQ,USA,nasdaq_trader_nasdaqlisted,data/raw/source_providers/nasdaq_trader_nasdaqlisted/nasdaq_trader_nasdaqlisted.csv,COMMON_STOCK,IN_SCOPE,HIGH,Security name indicates common equity: COMMON STOCK.,,,,,,1,PRESERVE_EXISTING,Existing validated expanded_universe_v2_4b row preserved as base source.,,USD,XNAS,,,,,,,,,,,,common_equity
CFFN,"Capitol Federal Financial, Inc. - Common Stock",NASDAQ,USA,nasdaq_trader_nasdaqlisted,data/raw/source_providers/nasdaq_trader_nasdaqlisted/nasdaq_trader_nasdaqlisted.csv,COMMON_STOCK,IN_SCOPE,HIGH,Security name indicates common equity: COMMON STOCK.,,,,,,1,PRESERVE_EXISTING,Existing validated expanded_universe_v2_4b row preserved as base source.,,USD,XNAS,,,,,,,,,,,,common_equity
CG,The Carlyle Group Inc. - Common Stock,NASDAQ,USA,nasdaq_trader_nasdaqlisted,data/raw/source_providers/nasdaq_trader_nasdaqlisted/nasdaq_trader_nasdaqlisted.csv,COMMON_STOCK,IN_SCOPE,HIGH,Security name indicates common equity: COMMON STOCK.,,,,,,1,PRESERVE_EXISTING,Existing validated expanded_universe_v2_4b row preserved as base source.,,USD,XNAS,,,,,,,,,,,,common_equity
CGBD,"Carlyle Secured Lending, Inc. - Closed End Fund",NASDAQ,USA,nasdaq_trader_nasdaqlisted,data/raw/source_providers/nasdaq_trader_nasdaqlisted/nasdaq_trader_nasdaqlisted.csv,COMMON_STOCK,IN_SCOPE,MEDIUM,No exclusion keyword detected; treated as common equity candidate.,,,,,,1,PRESERVE_EXISTING,Existing validated expanded_universe_v2_4b row preserved as base source.,,USD,XNAS,,,,,,,,,,,,common_equity
CGC,Canopy Growth Corporation - Common Shares,NASDAQ,USA,nasdaq_trader_nasdaqlisted,data/raw/source_providers/nasdaq_trader_nasdaqlisted/nasdaq_trader_nasdaqlisted.csv,COMMON_STOCK,IN_SCOPE,MEDIUM,No exclusion keyword detected; treated as common equity candidate.,,,,,,1,PRESERVE_EXISTING,Existing validated expanded_universe_v2_4b row preserved as base source.,,USD,XNAS,,,,,,,,,,,,common_equity
CGEM,"Cullinan Therapeutics, Inc. - Common Stock",NASDAQ,USA,nasdaq_trader_nasdaqlisted,data/raw/source_providers/nasdaq_trader_nasdaqlisted/nasdaq_trader_nasdaqlisted.csv,COMMON_STOCK,IN_SCOPE,HIGH,Security name indicates common equity: COMMON STOCK.,,,,,,1,PRESERVE_EXISTING,Existing validated expanded_universe_v2_4b row preserved as base source.,,USD,XNAS,,,,,,,,,,,,common_equity
CGEN,Compugen Ltd. - Ordinary Shares,NASDAQ,USA,nasdaq_trader_nasdaqlisted,data/raw/source_providers/nasdaq_trader_nasdaqlisted/nasdaq_trader_nasdaqlisted.csv,COMMON_STOCK,IN_SCOPE,HIGH,Security name indicates common equity: ORDINARY SHARES.,,,,,,1,PRESERVE_EXISTING,Existing validated expanded_universe_v2_4b row preserved as base source.,,USD,XNAS,,,,,,,,,,,,common_equity
CGNT,Cognyte Software Ltd. - Ordinary Shares,NASDAQ,USA,nasdaq_trader_nasdaqlisted,data/raw/source_providers/nasdaq_trader_nasdaqlisted/nasdaq_trader_nasdaqlisted.csv,COMMON_STOCK,IN_SCOPE,HIGH,Security name indicates common equity: ORDINARY SHARES.,,,,,,1,PRESERVE_EXISTING,Existing validated expanded_universe_v2_4b row preserved as base source.,,USD,XNAS,,,,,,,,,,,,common_equity
CGNX,Cognex Corporation - Common Stock,NASDAQ,USA,nasdaq_trader_nasdaqlisted,data/raw/source_providers/nasdaq_trader_nasdaqlisted/nasdaq_trader_nasdaqlisted.csv,COMMON_STOCK,IN_SCOPE,HIGH,Security name indicates common equity: COMMON STOCK.,,,,,,1,PRESERVE_EXISTING,Existing validated expanded_universe_v2_4b row preserved as base source.,,USD,XNAS,,,,,,,,,,,,common_equity
CGO,Calamos Global Total Return Fund - Closed End Fund,NASDAQ,USA,nasdaq_trader_nasdaqlisted,data/raw/source_providers/nasdaq_trader_nasdaqlisted/nasdaq_trader_nasdaqlisted.csv,COMMON_STOCK,IN_SCOPE,MEDIUM,No exclusion keyword detected; treated as common equity candidate.,,,,,,1,PRESERVE_EXISTING,Existing validated expanded_universe_v2_4b row preserved as base source.,,USD,XNAS,,,,,,,,,,,,common_equity
CGON,"CG Oncology, Inc. - Common stock",NASDAQ,USA,nasdaq_trader_nasdaqlisted,data/raw/source_providers/nasdaq_trader_nasdaqlisted/nasdaq_trader_nasdaqlisted.csv,COMMON_STOCK,IN_SCOPE,HIGH,Security name indicates common equity: COMMON STOCK.,,,,,,1,PRESERVE_EXISTING,Existing validated expanded_universe_v2_4b row preserved as base source.,,USD,XNAS,,,,,,,,,,,,common_equity
CGTL,Creative Global Technology Holdings Limited - Class A Ordinary Shares,NASDAQ,USA,nasdaq_trader_nasdaqlisted,data/raw/source_providers/nasdaq_trader_nasdaqlisted/nasdaq_trader_nasdaqlisted.csv,COMMON_STOCK,IN_SCOPE,HIGH,Security name indicates common equity: ORDINARY SHARES.,,,,,,1,PRESERVE_EXISTING,Existing validated expanded_universe_v2_4b row preserved as base source.,,USD,XNAS,,,,,,,,,,,,common_equity
CGTX,"Cognition Therapeutics, Inc. - Common Stock",NASDAQ,USA,nasdaq_trader_nasdaqlisted,data/raw/source_providers/nasdaq_trader_nasdaqlisted/nasdaq_trader_nasdaqlisted.csv,COMMON_STOCK,IN_SCOPE,HIGH,Security name indicates common equity: COMMON STOCK.,,,,,,1,PRESERVE_EXISTING,Existing validated expanded_universe_v2_4b row preserved as base source.,,USD,XNAS,,,,,,,,,,,,common_equity
CHAI,"Core AI Holdings, Inc. - Common Shares",NASDAQ,USA,nasdaq_trader_nasdaqlisted,data/raw/source_providers/nasdaq_trader_nasdaqlisted/nasdaq_trader_nasdaqlisted.csv,COMMON_STOCK,IN_SCOPE,MEDIUM,No exclusion keyword detected; treated as common equity candidate.,,,,,,1,PRESERVE_EXISTING,Existing validated expanded_universe_v2_4b row preserved as base source.,,USD,XNAS,,,,,,,,,,,,common_equity
CHAR,Charlton Aria Acquisition Corporation - Class A Ordinary Shares,NASDAQ,USA,nasdaq_trader_nasdaqlisted,data/raw/source_providers/nasdaq_trader_nasdaqlisted/nasdaq_trader_nasdaqlisted.csv,COMMON_STOCK,IN_SCOPE,HIGH,Security name indicates common equity: ORDINARY SHARES.,,,,,,1,PRESERVE_EXISTING,Existing validated expanded_universe_v2_4b row preserved as base source.,,USD,XNAS,,,,,,,,,,,,common_equity
CHCI,"Comstock Holding Companies, Inc. - Class A Common Stock",NASDAQ,USA,nasdaq_trader_nasdaqlisted,data/raw/source_providers/nasdaq_trader_nasdaqlisted/nasdaq_trader_nasdaqlisted.csv,COMMON_STOCK,IN_SCOPE,HIGH,Security name indicates common equity: COMMON STOCK.,,,,,,1,PRESERVE_EXISTING,Existing validated expanded_universe_v2_4b row preserved as base source.,,USD,XNAS,,,,,,,,,,,,common_equity
CHCO,City Holding Company - Common Stock,NASDAQ,USA,nasdaq_trader_nasdaqlisted,data/raw/source_providers/nasdaq_trader_nasdaqlisted/nasdaq_trader_nasdaqlisted.csv,COMMON_STOCK,IN_SCOPE,HIGH,Security name indicates common equity: COMMON STOCK.,,,,,,1,PRESERVE_EXISTING,Existing validated expanded_universe_v2_4b row preserved as base source.,,USD,XNAS,,,,,,,,,,,,common_equity
CHDN,"Churchill Downs, Incorporated - Common Stock",NASDAQ,USA,nasdaq_trader_nasdaqlisted,data/raw/source_providers/nasdaq_trader_nasdaqlisted/nasdaq_trader_nasdaqlisted.csv,COMMON_STOCK,IN_SCOPE,HIGH,Security name indicates common equity: COMMON STOCK.,,,,,,1,PRESERVE_EXISTING,Existing validated expanded_universe_v2_4b row preserved as base source.,,USD,XNAS,,,,,,,,,,,,common_equity
CHEC,Chenghe Acquisition III Co. - Class A Ordinary Shares,NASDAQ,USA,nasdaq_trader_nasdaqlisted,data/raw/source_providers/nasdaq_trader_nasdaqlisted/nasdaq_trader_nasdaqlisted.csv,COMMON_STOCK,IN_SCOPE,HIGH,Security name indicates common equity: ORDINARY SHARES.,,,,,,1,PRESERVE_EXISTING,Existing validated expanded_universe_v2_4b row preserved as base source.,,USD,XNAS,,,,,,,,,,,,common_equity
CHEF,"The Chefs' Warehouse, Inc. - Common Stock",NASDAQ,USA,nasdaq_trader_nasdaqlisted,data/raw/source_providers/nasdaq_trader_nasdaqlisted/nasdaq_trader_nasdaqlisted.csv,COMMON_STOCK,IN_SCOPE,HIGH,Security name indicates common equity: COMMON STOCK.,,,,,,1,PRESERVE_EXISTING,Existing validated expanded_universe_v2_4b row preserved as base source.,,USD,XNAS,,,,,,,,,,,,common_equity
CHI,Calamos Convertible Opportunities and Income Fund - Closed End Fund,NASDAQ,USA,nasdaq_trader_nasdaqlisted,data/raw/source_providers/nasdaq_trader_nasdaqlisted/nasdaq_trader_nasdaqlisted.csv,COMMON_STOCK,IN_SCOPE,MEDIUM,No exclusion keyword detected; treated as common equity candidate.,,,,,,1,PRESERVE_EXISTING,Existing validated expanded_universe_v2_4b row preserved as base source.,,USD,XNAS,,,,,,,,,,,,common_equity
CHKP,Check Point Software Technologies Ltd. - Ordinary Shares,NASDAQ,USA,nasdaq_trader_nasdaqlisted,data/raw/source_providers/nasdaq_trader_nasdaqlisted/nasdaq_trader_nasdaqlisted.csv,COMMON_STOCK,IN_SCOPE,HIGH,Security name indicates common equity: ORDINARY SHARES.,,,,,,1,PRESERVE_EXISTING,Existing validated expanded_universe_v2_4b row preserved as base source.,,USD,XNAS,,,,,,,,,,,,common_equity
CHMG,Chemung Financial Corp - Common Stock,NASDAQ,USA,nasdaq_trader_nasdaqlisted,data/raw/source_providers/nasdaq_trader_nasdaqlisted/nasdaq_trader_nasdaqlisted.csv,COMMON_STOCK,IN_SCOPE,HIGH,Security name indicates common equity: COMMON STOCK.,,,,,,1,PRESERVE_EXISTING,Existing validated expanded_universe_v2_4b row preserved as base source.,,USD,XNAS,,,,,,,,,,,,common_equity
CHNR,"China Natural Resources, Inc. - Common Shares",NASDAQ,USA,nasdaq_trader_nasdaqlisted,data/raw/source_providers/nasdaq_trader_nasdaqlisted/nasdaq_trader_nasdaqlisted.csv,COMMON_STOCK,IN_SCOPE,MEDIUM,No exclusion keyword detected; treated as common equity candidate.,,,,,,1,PRESERVE_EXISTING,Existing validated expanded_universe_v2_4b row preserved as base source.,,USD,XNAS,,,,,,,,,,,,common_equity
CHPG,ChampionsGate Acquisition Corporation - Class A Ordinary Share,NASDAQ,USA,nasdaq_trader_nasdaqlisted,data/raw/source_providers/nasdaq_trader_nasdaqlisted/nasdaq_trader_nasdaqlisted.csv,COMMON_STOCK,IN_SCOPE,HIGH,Security name indicates common equity: CLASS A.,,,,,,1,PRESERVE_EXISTING,Existing validated expanded_universe_v2_4b row preserved as base source.,,USD,XNAS,,,,,,,,,,,,common_equity
CHR,"Cheer Holding, Inc. - Class A Ordinary Share",NASDAQ,USA,nasdaq_trader_nasdaqlisted,data/raw/source_providers/nasdaq_trader_nasdaqlisted/nasdaq_trader_nasdaqlisted.csv,COMMON_STOCK,IN_SCOPE,HIGH,Security name indicates common equity: CLASS A.,,,,,,1,PRESERVE_EXISTING,Existing validated expanded_universe_v2_4b row preserved as base source.,,USD,XNAS,,,,,,,,,,,,common_equity
CHRD,Chord Energy Corporation - Common Stock,NASDAQ,USA,nasdaq_trader_nasdaqlisted,data/raw/source_providers/nasdaq_trader_nasdaqlisted/nasdaq_trader_nasdaqlisted.csv,COMMON_STOCK,IN_SCOPE,HIGH,Security name indicates common equity: COMMON STOCK.,,,,,,1,PRESERVE_EXISTING,Existing validated expanded_universe_v2_4b row preserved as base source.,,USD,XNAS,,,,,,,,,,,,common_equity
CHRN,ChronoScale Holdings Corporation - Common Stock,NASDAQ,USA,nasdaq_trader_nasdaqlisted,data/raw/source_providers/nasdaq_trader_nasdaqlisted/nasdaq_trader_nasdaqlisted.csv,COMMON_STOCK,IN_SCOPE,HIGH,Security name indicates common equity: COMMON STOCK.,,,,,,1,PRESERVE_EXISTING,Existing validated expanded_universe_v2_4b row preserved as base source.,,USD,XNAS,,,,,,,,,,,,common_equity
CHRS,"Coherus Oncology, Inc. - Common Stock",NASDAQ,USA,nasdaq_trader_nasdaqlisted,data/raw/source_providers/nasdaq_trader_nasdaqlisted/nasdaq_trader_nasdaqlisted.csv,COMMON_STOCK,IN_SCOPE,HIGH,Security name indicates common equity: COMMON STOCK.,,,,,,1,PRESERVE_EXISTING,Existing validated expanded_universe_v2_4b row preserved as base source.,,USD,XNAS,,,,,,,,,,,,common_equity
CHRW,"C.H. Robinson Worldwide, Inc. - Common Stock",NASDAQ,USA,nasdaq_trader_nasdaqlisted,data/raw/source_providers/nasdaq_trader_nasdaqlisted/nasdaq_trader_nasdaqlisted.csv,COMMON_STOCK,IN_SCOPE,HIGH,Security name indicates common equity: COMMON STOCK.,,,,,,1,PRESERVE_EXISTING,Existing validated expanded_universe_v2_4b row preserved as base source.,,USD,XNAS,,,,,,,,,,,,common_equity
CHSN,Chanson International Holding - Class A Ordinary Shares,NASDAQ,USA,nasdaq_trader_nasdaqlisted,data/raw/source_providers/nasdaq_trader_nasdaqlisted/nasdaq_trader_nasdaqlisted.csv,COMMON_STOCK,IN_SCOPE,HIGH,Security name indicates common equity: ORDINARY SHARES.,,,,,,1,PRESERVE_EXISTING,Existing validated expanded_universe_v2_4b row preserved as base source.,,USD,XNAS,,,,,,,,,,,,common_equity
CHTR,"Charter Communications, Inc. - Class A Common Stock",NASDAQ,USA,nasdaq_trader_nasdaqlisted,data/raw/source_providers/nasdaq_trader_nasdaqlisted/nasdaq_trader_nasdaqlisted.csv,COMMON_STOCK,IN_SCOPE,HIGH,Security name indicates common equity: COMMON STOCK.,,,,,,1,PRESERVE_EXISTING,Existing validated expanded_universe_v2_4b row preserved as base source.,,USD,XNAS,,,,,,,,,,,,common_equity
CHW,Calamos Global Dynamic Income Fund - Closed End Fund,NASDAQ,USA,nasdaq_trader_nasdaqlisted,data/raw/source_providers/nasdaq_trader_nasdaqlisted/nasdaq_trader_nasdaqlisted.csv,COMMON_STOCK,IN_SCOPE,MEDIUM,No exclusion keyword detected; treated as common equity candidate.,,,,,,1,PRESERVE_EXISTING,Existing validated expanded_universe_v2_4b row preserved as base source.,,USD,XNAS,,,,,,,,,,,,common_equity
CHY,Calamos Convertible and High Income Fund - Closed End Fund,NASDAQ,USA,nasdaq_trader_nasdaqlisted,data/raw/source_providers/nasdaq_trader_nasdaqlisted/nasdaq_trader_nasdaqlisted.csv,COMMON_STOCK,IN_SCOPE,MEDIUM,No exclusion keyword detected; treated as common equity candidate.,,,,,,1,PRESERVE_EXISTING,Existing validated expanded_universe_v2_4b row preserved as base source.,,USD,XNAS,,,,,,,,,,,,common_equity
CHYM,"Chime Financial, Inc. - Class A Common Stock",NASDAQ,USA,nasdaq_trader_nasdaqlisted,data/raw/source_providers/nasdaq_trader_nasdaqlisted/nasdaq_trader_nasdaqlisted.csv,COMMON_STOCK,IN_SCOPE,HIGH,Security name indicates common equity: COMMON STOCK.,,,,,,1,PRESERVE_EXISTING,Existing validated expanded_universe_v2_4b row preserved as base source.,,USD,XNAS,,,,,,,,,,,,common_equity
CIFR,Cipher Digital Inc. - Common Stock,NASDAQ,USA,nasdaq_trader_nasdaqlisted,data/raw/source_providers/nasdaq_trader_nasdaqlisted/nasdaq_trader_nasdaqlisted.csv,COMMON_STOCK,IN_SCOPE,HIGH,Security name indicates common equity: COMMON STOCK.,,,,,,1,PRESERVE_EXISTING,Existing validated expanded_universe_v2_4b row preserved as base source.,,USD,XNAS,,,,,,,,,,,,common_equity
CIGI,Colliers International Group Inc. - Subordinate Voting Shares,NASDAQ,USA,nasdaq_trader_nasdaqlisted,data/raw/source_providers/nasdaq_trader_nasdaqlisted/nasdaq_trader_nasdaqlisted.csv,COMMON_STOCK,IN_SCOPE,MEDIUM,No exclusion keyword detected; treated as common equity candidate.,,,,,,1,PRESERVE_EXISTING,Existing validated expanded_universe_v2_4b row preserved as base source.,,USD,XNAS,,,,,,,,,,,,common_equity
CIIT,"Tianci International, Inc. - Common Stock",NASDAQ,USA,nasdaq_trader_nasdaqlisted,data/raw/source_providers/nasdaq_trader_nasdaqlisted/nasdaq_trader_nasdaqlisted.csv,COMMON_STOCK,IN_SCOPE,HIGH,Security name indicates common equity: COMMON STOCK.,,,,,,1,PRESERVE_EXISTING,Existing validated expanded_universe_v2_4b row preserved as base source.,,USD,XNAS,,,,,,,,,,,,common_equity
CINF,Cincinnati Financial Corporation - Common Stock,NASDAQ,USA,nasdaq_trader_nasdaqlisted,data/raw/source_providers/nasdaq_trader_nasdaqlisted/nasdaq_trader_nasdaqlisted.csv,COMMON_STOCK,IN_SCOPE,HIGH,Security name indicates common equity: COMMON STOCK.,,,,,,1,PRESERVE_EXISTING,Existing validated expanded_universe_v2_4b row preserved as base source.,,USD,XNAS,,,,,,,,,,,,common_equity
CING,Cingulate Inc. - Common Stock,NASDAQ,USA,nasdaq_trader_nasdaqlisted,data/raw/source_providers/nasdaq_trader_nasdaqlisted/nasdaq_trader_nasdaqlisted.csv,COMMON_STOCK,IN_SCOPE,HIGH,Security name indicates common equity: COMMON STOCK.,,,,,,1,PRESERVE_EXISTING,Existing validated expanded_universe_v2_4b row preserved as base source.,,USD,XNAS,,,,,,,,,,,,common_equity
CIRC,"Circle8 Group, Inc. - Common Stock",NASDAQ,USA,nasdaq_trader_nasdaqlisted,data/raw/source_providers/nasdaq_trader_nasdaqlisted/nasdaq_trader_nasdaqlisted.csv,COMMON_STOCK,IN_SCOPE,HIGH,Security name indicates common equity: COMMON STOCK.,,,,,,1,PRESERVE_EXISTING,Existing validated expanded_universe_v2_4b row preserved as base source.,,USD,XNAS,,,,,,,,,,,,common_equity
CISO,"CISO Global, Inc. - Common Stock",NASDAQ,USA,nasdaq_trader_nasdaqlisted,data/raw/source_providers/nasdaq_trader_nasdaqlisted/nasdaq_trader_nasdaqlisted.csv,COMMON_STOCK,IN_SCOPE,HIGH,Security name indicates common equity: COMMON STOCK.,,,,,,1,PRESERVE_EXISTING,Existing validated expanded_universe_v2_4b row preserved as base source.,,USD,XNAS,,,,,,,,,,,,common_equity
CISS,C3is Inc. - Common Stock,NASDAQ,USA,nasdaq_trader_nasdaqlisted,data/raw/source_providers/nasdaq_trader_nasdaqlisted/nasdaq_trader_nasdaqlisted.csv,COMMON_STOCK,IN_SCOPE,HIGH,Security name indicates common equity: COMMON STOCK.,,,,,,1,PRESERVE_EXISTING,Existing validated expanded_universe_v2_4b row preserved as base source.,,USD,XNAS,,,,,,,,,,,,common_equity
CIVB,"Civista Bancshares, Inc. - Common Stock",NASDAQ,USA,nasdaq_trader_nasdaqlisted,data/raw/source_providers/nasdaq_trader_nasdaqlisted/nasdaq_trader_nasdaqlisted.csv,COMMON_STOCK,IN_SCOPE,HIGH,Security name indicates common equity: COMMON STOCK.,,,,,,1,PRESERVE_EXISTING,Existing validated expanded_universe_v2_4b row preserved as base source.,,USD,XNAS,,,,,,,,,,,,common_equity
CJMB,Callan JMB Inc. - Common Stock,NASDAQ,USA,nasdaq_trader_nasdaqlisted,data/raw/source_providers/nasdaq_trader_nasdaqlisted/nasdaq_trader_nasdaqlisted.csv,COMMON_STOCK,IN_SCOPE,HIGH,Security name indicates common equity: COMMON STOCK.,,,,,,1,PRESERVE_EXISTING,Existing validated expanded_universe_v2_4b row preserved as base source.,,USD,XNAS,,,,,,,,,,,,common_equity
CLAR,Clarus Corporation - Common Stock,NASDAQ,USA,nasdaq_trader_nasdaqlisted,data/raw/source_providers/nasdaq_trader_nasdaqlisted/nasdaq_trader_nasdaqlisted.csv,COMMON_STOCK,IN_SCOPE,HIGH,Security name indicates common equity: COMMON STOCK.,,,,,,1,PRESERVE_EXISTING,Existing validated expanded_universe_v2_4b row preserved as base source.,,USD,XNAS,,,,,,,,,,,,common_equity
CLBK,"Columbia Financial, Inc. - Common Stock",NASDAQ,USA,nasdaq_trader_nasdaqlisted,data/raw/source_providers/nasdaq_trader_nasdaqlisted/nasdaq_trader_nasdaqlisted.csv,COMMON_STOCK,IN_SCOPE,HIGH,Security name indicates common equity: COMMON STOCK.,,,,,,1,PRESERVE_EXISTING,Existing validated expanded_universe_v2_4b row preserved as base source.,,USD,XNAS,,,,,,,,,,,,common_equity
CLBT,Cellebrite DI Ltd. - Ordinary Shares,NASDAQ,USA,nasdaq_trader_nasdaqlisted,data/raw/source_providers/nasdaq_trader_nasdaqlisted/nasdaq_trader_nasdaqlisted.csv,COMMON_STOCK,IN_SCOPE,HIGH,Security name indicates common equity: ORDINARY SHARES.,,,,,,1,PRESERVE_EXISTING,Existing validated expanded_universe_v2_4b row preserved as base source.,,USD,XNAS,,,,,,,,,,,,common_equity
CLDX,"Celldex Therapeutics, Inc. - Common Stock",NASDAQ,USA,nasdaq_trader_nasdaqlisted,data/raw/source_providers/nasdaq_trader_nasdaqlisted/nasdaq_trader_nasdaqlisted.csv,COMMON_STOCK,IN_SCOPE,HIGH,Security name indicates common equity: COMMON STOCK.,,,,,,1,PRESERVE_EXISTING,Existing validated expanded_universe_v2_4b row preserved as base source.,,USD,XNAS,,,,,,,,,,,,common_equity
CLFD,"Clearfield, Inc. - Common Stock",NASDAQ,USA,nasdaq_trader_nasdaqlisted,data/raw/source_providers/nasdaq_trader_nasdaqlisted/nasdaq_trader_nasdaqlisted.csv,COMMON_STOCK,IN_SCOPE,HIGH,Security name indicates common equity: COMMON STOCK.,,,,,,1,PRESERVE_EXISTING,Existing validated expanded_universe_v2_4b row preserved as base source.,,USD,XNAS,,,,,,,,,,,,common_equity
CLGN,CollPlant Biotechnologies Ltd. - Ordinary Shares,NASDAQ,USA,nasdaq_trader_nasdaqlisted,data/raw/source_providers/nasdaq_trader_nasdaqlisted/nasdaq_trader_nasdaqlisted.csv,COMMON_STOCK,IN_SCOPE,HIGH,Security name indicates common equity: ORDINARY SHARES.,,,,,,1,PRESERVE_EXISTING,Existing validated expanded_universe_v2_4b row preserved as base source.,,USD,XNAS,,,,,,,,,,,,common_equity
CLIK,Click Holdings Limited - Ordinary Share,NASDAQ,USA,nasdaq_trader_nasdaqlisted,data/raw/source_providers/nasdaq_trader_nasdaqlisted/nasdaq_trader_nasdaqlisted.csv,COMMON_STOCK,IN_SCOPE,MEDIUM,No exclusion keyword detected; treated as common equity candidate.,,,,,,1,PRESERVE_EXISTING,Existing validated expanded_universe_v2_4b row preserved as base source.,,USD,XNAS,,,,,,,,,,,,common_equity
CLIR,ClearSign Technologies Corporation - Common Stock,NASDAQ,USA,nasdaq_trader_nasdaqlisted,data/raw/source_providers/nasdaq_trader_nasdaqlisted/nasdaq_trader_nasdaqlisted.csv,COMMON_STOCK,IN_SCOPE,HIGH,Security name indicates common equity: COMMON STOCK.,,,,,,1,PRESERVE_EXISTING,Existing validated expanded_universe_v2_4b row preserved as base source.,,USD,XNAS,,,,,,,,,,,,common_equity
CLMB,"Climb Global Solutions, Inc. - Common Stock",NASDAQ,USA,nasdaq_trader_nasdaqlisted,data/raw/source_providers/nasdaq_trader_nasdaqlisted/nasdaq_trader_nasdaqlisted.csv,COMMON_STOCK,IN_SCOPE,HIGH,Security name indicates common equity: COMMON STOCK.,,,,,,1,PRESERVE_EXISTING,Existing validated expanded_universe_v2_4b row preserved as base source.,,USD,XNAS,,,,,,,,,,,,common_equity
CLMT,"Calumet, Inc - Common Stock",NASDAQ,USA,nasdaq_trader_nasdaqlisted,data/raw/source_providers/nasdaq_trader_nasdaqlisted/nasdaq_trader_nasdaqlisted.csv,COMMON_STOCK,IN_SCOPE,HIGH,Security name indicates common equity: COMMON STOCK.,,,,,,1,PRESERVE_EXISTING,Existing validated expanded_universe_v2_4b row preserved as base source.,,USD,XNAS,,,,,,,,,,,,common_equity
CLNE,Clean Energy Fuels Corp. - Common Stock,NASDAQ,USA,nasdaq_trader_nasdaqlisted,data/raw/source_providers/nasdaq_trader_nasdaqlisted/nasdaq_trader_nasdaqlisted.csv,COMMON_STOCK,IN_SCOPE,HIGH,Security name indicates common equity: COMMON STOCK.,,,,,,1,PRESERVE_EXISTING,Existing validated expanded_universe_v2_4b row preserved as base source.,,USD,XNAS,,,,,,,,,,,,common_equity
CLNN,Clene Inc. - Common Stock,NASDAQ,USA,nasdaq_trader_nasdaqlisted,data/raw/source_providers/nasdaq_trader_nasdaqlisted/nasdaq_trader_nasdaqlisted.csv,COMMON_STOCK,IN_SCOPE,HIGH,Security name indicates common equity: COMMON STOCK.,,,,,,1,PRESERVE_EXISTING,Existing validated expanded_universe_v2_4b row preserved as base source.,,USD,XNAS,,,,,,,,,,,,common_equity
CLOV,"Clover Health Investments, Corp. - Class A Common stock",NASDAQ,USA,nasdaq_trader_nasdaqlisted,data/raw/source_providers/nasdaq_trader_nasdaqlisted/nasdaq_trader_nasdaqlisted.csv,COMMON_STOCK,IN_SCOPE,HIGH,Security name indicates common equity: COMMON STOCK.,,,,,,1,PRESERVE_EXISTING,Existing validated expanded_universe_v2_4b row preserved as base source.,,USD,XNAS,,,,,,,,,,,,common_equity
CLPS,CLPS Incorporation - Common Stock,NASDAQ,USA,nasdaq_trader_nasdaqlisted,data/raw/source_providers/nasdaq_trader_nasdaqlisted/nasdaq_trader_nasdaqlisted.csv,COMMON_STOCK,IN_SCOPE,HIGH,Security name indicates common equity: COMMON STOCK.,,,,,,1,PRESERVE_EXISTING,Existing validated expanded_universe_v2_4b row preserved as base source.,,USD,XNAS,,,,,,,,,,,,common_equity
CLPT,ClearPoint Neuro Inc. - Common Stock,NASDAQ,USA,nasdaq_trader_nasdaqlisted,data/raw/source_providers/nasdaq_trader_nasdaqlisted/nasdaq_trader_nasdaqlisted.csv,COMMON_STOCK,IN_SCOPE,HIGH,Security name indicates common equity: COMMON STOCK.,,,,,,1,PRESERVE_EXISTING,Existing validated expanded_universe_v2_4b row preserved as base source.,,USD,XNAS,,,,,,,,,,,,common_equity
CLRB,"Cellectar Biosciences, Inc. - Common Stock",NASDAQ,USA,nasdaq_trader_nasdaqlisted,data/raw/source_providers/nasdaq_trader_nasdaqlisted/nasdaq_trader_nasdaqlisted.csv,COMMON_STOCK,IN_SCOPE,HIGH,Security name indicates common equity: COMMON STOCK.,,,,,,1,PRESERVE_EXISTING,Existing validated expanded_universe_v2_4b row preserved as base source.,,USD,XNAS,,,,,,,,,,,,common_equity
CLRO,"ClearOne, Inc. - Common Stock",NASDAQ,USA,nasdaq_trader_nasdaqlisted,data/raw/source_providers/nasdaq_trader_nasdaqlisted/nasdaq_trader_nasdaqlisted.csv,COMMON_STOCK,IN_SCOPE,HIGH,Security name indicates common equity: COMMON STOCK.,,,,,,1,PRESERVE_EXISTING,Existing validated expanded_universe_v2_4b row preserved as base source.,,USD,XNAS,,,,,,,,,,,,common_equity
CLSK,"CleanSpark, Inc. - Common Stock",NASDAQ,USA,nasdaq_trader_nasdaqlisted,data/raw/source_providers/nasdaq_trader_nasdaqlisted/nasdaq_trader_nasdaqlisted.csv,COMMON_STOCK,IN_SCOPE,HIGH,Security name indicates common equity: COMMON STOCK.,,,,,,1,PRESERVE_EXISTING,Existing validated expanded_universe_v2_4b row preserved as base source.,,USD,XNAS,,,,,,,,,,,,common_equity
CLST,"Catalyst Bancorp, Inc. - common stock",NASDAQ,USA,nasdaq_trader_nasdaqlisted,data/raw/source_providers/nasdaq_trader_nasdaqlisted/nasdaq_trader_nasdaqlisted.csv,COMMON_STOCK,IN_SCOPE,HIGH,Security name indicates common equity: COMMON STOCK.,,,,,,1,PRESERVE_EXISTING,Existing validated expanded_universe_v2_4b row preserved as base source.,,USD,XNAS,,,,,,,,,,,,common_equity
CLWT,Euro Tech Holdings Company Limited - Ordinary Shares,NASDAQ,USA,nasdaq_trader_nasdaqlisted,data/raw/source_providers/nasdaq_trader_nasdaqlisted/nasdaq_trader_nasdaqlisted.csv,COMMON_STOCK,IN_SCOPE,HIGH,Security name indicates common equity: ORDINARY SHARES.,,,,,,1,PRESERVE_EXISTING,Existing validated expanded_universe_v2_4b row preserved as base source.,,USD,XNAS,,,,,,,,,,,,common_equity
CLYM,"Climb Bio, Inc. - Common Stock",NASDAQ,USA,nasdaq_trader_nasdaqlisted,data/raw/source_providers/nasdaq_trader_nasdaqlisted/nasdaq_trader_nasdaqlisted.csv,COMMON_STOCK,IN_SCOPE,HIGH,Security name indicates common equity: COMMON STOCK.,,,,,,1,PRESERVE_EXISTING,Existing validated expanded_universe_v2_4b row preserved as base source.,,USD,XNAS,,,,,,,,,,,,common_equity
CMCO,Columbus McKinnon Corporation - Common Stock,NASDAQ,USA,nasdaq_trader_nasdaqlisted,data/raw/source_providers/nasdaq_trader_nasdaqlisted/nasdaq_trader_nasdaqlisted.csv,COMMON_STOCK,IN_SCOPE,HIGH,Security name indicates common equity: COMMON STOCK.,,,,,,1,PRESERVE_EXISTING,Existing validated expanded_universe_v2_4b row preserved as base source.,,USD,XNAS,,,,,,,,,,,,common_equity
CMCSA,Comcast Corporation - Class A Common Stock,NASDAQ,USA,nasdaq_trader_nasdaqlisted,data/raw/source_providers/nasdaq_trader_nasdaqlisted/nasdaq_trader_nasdaqlisted.csv,COMMON_STOCK,IN_SCOPE,HIGH,Security name indicates common equity: COMMON STOCK.,,,,,,1,PRESERVE_EXISTING,Existing validated expanded_universe_v2_4b row preserved as base source.,,USD,XNAS,,,,,,,,,,,,common_equity
CMCT,Creative Media - Common Stock,NASDAQ,USA,nasdaq_trader_nasdaqlisted,data/raw/source_providers/nasdaq_trader_nasdaqlisted/nasdaq_trader_nasdaqlisted.csv,COMMON_STOCK,IN_SCOPE,HIGH,Security name indicates common equity: COMMON STOCK.,,,,,,1,PRESERVE_EXISTING,Existing validated expanded_universe_v2_4b row preserved as base source.,,USD,XNAS,,,,,,,,,,,,common_equity
CME,CME Group Inc. - Class A Common Stock,NASDAQ,USA,nasdaq_trader_nasdaqlisted,data/raw/source_providers/nasdaq_trader_nasdaqlisted/nasdaq_trader_nasdaqlisted.csv,COMMON_STOCK,IN_SCOPE,HIGH,Security name indicates common equity: COMMON STOCK.,,,,,,1,PRESERVE_EXISTING,Existing validated expanded_universe_v2_4b row preserved as base source.,,USD,XNAS,,,,,,,,,,,,common_equity
CMII,Columbus Circle Capital Corp II - Class A Ordinary Shares,NASDAQ,USA,nasdaq_trader_nasdaqlisted,data/raw/source_providers/nasdaq_trader_nasdaqlisted/nasdaq_trader_nasdaqlisted.csv,COMMON_STOCK,IN_SCOPE,HIGH,Security name indicates common equity: ORDINARY SHARES.,,,,,,1,PRESERVE_EXISTING,Existing validated expanded_universe_v2_4b row preserved as base source.,,USD,XNAS,,,,,,,,,,,,common_equity
CMND,Clearmind Medicine Inc. - Common Shares,NASDAQ,USA,nasdaq_trader_nasdaqlisted,data/raw/source_providers/nasdaq_trader_nasdaqlisted/nasdaq_trader_nasdaqlisted.csv,COMMON_STOCK,IN_SCOPE,MEDIUM,No exclusion keyword detected; treated as common equity candidate.,,,,,,1,PRESERVE_EXISTING,Existing validated expanded_universe_v2_4b row preserved as base source.,,USD,XNAS,,,,,,,,,,,,common_equity
CMPR,Cimpress plc - Ordinary Shares,NASDAQ,USA,nasdaq_trader_nasdaqlisted,data/raw/source_providers/nasdaq_trader_nasdaqlisted/nasdaq_trader_nasdaqlisted.csv,COMMON_STOCK,IN_SCOPE,HIGH,Security name indicates common equity: ORDINARY SHARES.,,,,,,1,PRESERVE_EXISTING,Existing validated expanded_universe_v2_4b row preserved as base source.,,USD,XNAS,,,,,,,,,,,,common_equity
CMPS,COMPASS Pathways Plc - American Depository Shares,NASDAQ,USA,nasdaq_trader_nasdaqlisted,data/raw/source_providers/nasdaq_trader_nasdaqlisted/nasdaq_trader_nasdaqlisted.csv,ADR,IN_SCOPE_ADR,MEDIUM,Security name indicates ADR/ADS: AMERICAN DEPOSITORY.,,,,,,1,PRESERVE_EXISTING,Existing validated expanded_universe_v2_4b row preserved as base source.,,USD,XNAS,,,,,,,,,,,,adr_equity
CMPX,"Compass Therapeutics, Inc. - Common Stock",NASDAQ,USA,nasdaq_trader_nasdaqlisted,data/raw/source_providers/nasdaq_trader_nasdaqlisted/nasdaq_trader_nasdaqlisted.csv,COMMON_STOCK,IN_SCOPE,HIGH,Security name indicates common equity: COMMON STOCK.,,,,,,1,PRESERVE_EXISTING,Existing validated expanded_universe_v2_4b row preserved as base source.,,USD,XNAS,,,,,,,,,,,,common_equity
CMRC,"Commerce.com, Inc. - Series 1 Common Stock",NASDAQ,USA,nasdaq_trader_nasdaqlisted,data/raw/source_providers/nasdaq_trader_nasdaqlisted/nasdaq_trader_nasdaqlisted.csv,COMMON_STOCK,IN_SCOPE,HIGH,Security name indicates common equity: COMMON STOCK.,,,,,,1,PRESERVE_EXISTING,Existing validated expanded_universe_v2_4b row preserved as base source.,,USD,XNAS,,,,,,,,,,,,common_equity
CMTL,Comtech Telecommunications Corp. - Common Stock,NASDAQ,USA,nasdaq_trader_nasdaqlisted,data/raw/source_providers/nasdaq_trader_nasdaqlisted/nasdaq_trader_nasdaqlisted.csv,COMMON_STOCK,IN_SCOPE,HIGH,Security name indicates common equity: COMMON STOCK.,,,,,,1,PRESERVE_EXISTING,Existing validated expanded_universe_v2_4b row preserved as base source.,,USD,XNAS,,,,,,,,,,,,common_equity
CMTV,Community Bancorp. - Common stock,NASDAQ,USA,nasdaq_trader_nasdaqlisted,data/raw/source_providers/nasdaq_trader_nasdaqlisted/nasdaq_trader_nasdaqlisted.csv,COMMON_STOCK,IN_SCOPE,HIGH,Security name indicates common equity: COMMON STOCK.,,,,,,1,PRESERVE_EXISTING,Existing validated expanded_universe_v2_4b row preserved as base source.,,USD,XNAS,,,,,,,,,,,,common_equity
CNCK,Coincheck Group N.V. - Ordinary Shares,NASDAQ,USA,nasdaq_trader_nasdaqlisted,data/raw/source_providers/nasdaq_trader_nasdaqlisted/nasdaq_trader_nasdaqlisted.csv,COMMON_STOCK,IN_SCOPE,HIGH,Security name indicates common equity: ORDINARY SHARES.,,,,,,1,PRESERVE_EXISTING,Existing validated expanded_universe_v2_4b row preserved as base source.,,USD,XNAS,,,,,,,,,,,,common_equity
CNDT,Conduent Incorporated - Common Stock,NASDAQ,USA,nasdaq_trader_nasdaqlisted,data/raw/source_providers/nasdaq_trader_nasdaqlisted/nasdaq_trader_nasdaqlisted.csv,COMMON_STOCK,IN_SCOPE,HIGH,Security name indicates common equity: COMMON STOCK.,,,,,,1,PRESERVE_EXISTING,Existing validated expanded_universe_v2_4b row preserved as base source.,,USD,XNAS,,,,,,,,,,,,common_equity
CNET,ZW Data Action Technologies Inc. - Common Stock,NASDAQ,USA,nasdaq_trader_nasdaqlisted,data/raw/source_providers/nasdaq_trader_nasdaqlisted/nasdaq_trader_nasdaqlisted.csv,COMMON_STOCK,IN_SCOPE,HIGH,Security name indicates common equity: COMMON STOCK.,,,,,,1,PRESERVE_EXISTING,Existing validated expanded_universe_v2_4b row preserved as base source.,,USD,XNAS,,,,,,,,,,,,common_equity
CNEY,CN Energy Group Inc. - Class A Ordinary Shares,NASDAQ,USA,nasdaq_trader_nasdaqlisted,data/raw/source_providers/nasdaq_trader_nasdaqlisted/nasdaq_trader_nasdaqlisted.csv,COMMON_STOCK,IN_SCOPE,HIGH,Security name indicates common equity: ORDINARY SHARES.,,,,,,1,PRESERVE_EXISTING,Existing validated expanded_universe_v2_4b row preserved as base source.,,USD,XNAS,,,,,,,,,,,,common_equity
CNOB,"ConnectOne Bancorp, Inc. - Common Stock",NASDAQ,USA,nasdaq_trader_nasdaqlisted,data/raw/source_providers/nasdaq_trader_nasdaqlisted/nasdaq_trader_nasdaqlisted.csv,COMMON_STOCK,IN_SCOPE,HIGH,Security name indicates common equity: COMMON STOCK.,,,,,,1,PRESERVE_EXISTING,Existing validated expanded_universe_v2_4b row preserved as base source.,,USD,XNAS,,,,,,,,,,,,common_equity
CNSP,"CNS Pharmaceuticals, Inc. - Common Stock",NASDAQ,USA,nasdaq_trader_nasdaqlisted,data/raw/source_providers/nasdaq_trader_nasdaqlisted/nasdaq_trader_nasdaqlisted.csv,COMMON_STOCK,IN_SCOPE,HIGH,Security name indicates common equity: COMMON STOCK.,,,,,,1,PRESERVE_EXISTING,Existing validated expanded_universe_v2_4b row preserved as base source.,,USD,XNAS,,,,,,,,,,,,common_equity
CNTB,Connect Biopharma Holdings Limited - Ordinary Shares,NASDAQ,USA,nasdaq_trader_nasdaqlisted,data/raw/source_providers/nasdaq_trader_nasdaqlisted/nasdaq_trader_nasdaqlisted.csv,COMMON_STOCK,IN_SCOPE,HIGH,Security name indicates common equity: ORDINARY SHARES.,,,,,,1,PRESERVE_EXISTING,Existing validated expanded_universe_v2_4b row preserved as base source.,,USD,XNAS,,,,,,,,,,,,common_equity
CNTN,"Canton Strategic Holdings, Inc. - Common Stock",NASDAQ,USA,nasdaq_trader_nasdaqlisted,data/raw/source_providers/nasdaq_trader_nasdaqlisted/nasdaq_trader_nasdaqlisted.csv,COMMON_STOCK,IN_SCOPE,HIGH,Security name indicates common equity: COMMON STOCK.,,,,,,1,PRESERVE_EXISTING,Existing validated expanded_universe_v2_4b row preserved as base source.,,USD,XNAS,,,,,,,,,,,,common_equity
CNTX,Context Therapeutics Inc. - Common Stock,NASDAQ,USA,nasdaq_trader_nasdaqlisted,data/raw/source_providers/nasdaq_trader_nasdaqlisted/nasdaq_trader_nasdaqlisted.csv,COMMON_STOCK,IN_SCOPE,HIGH,Security name indicates common equity: COMMON STOCK.,,,,,,1,PRESERVE_EXISTING,Existing validated expanded_universe_v2_4b row preserved as base source.,,USD,XNAS,,,,,,,,,,,,common_equity
CNTY,"Century Casinos, Inc. - Common Stock",NASDAQ,USA,nasdaq_trader_nasdaqlisted,data/raw/source_providers/nasdaq_trader_nasdaqlisted/nasdaq_trader_nasdaqlisted.csv,COMMON_STOCK,IN_SCOPE,HIGH,Security name indicates common equity: COMMON STOCK.,,,,,,1,PRESERVE_EXISTING,Existing validated expanded_universe_v2_4b row preserved as base source.,,USD,XNAS,,,,,,,,,,,,common_equity
CNVS,Cineverse Corp. - Class A Common Stock,NASDAQ,USA,nasdaq_trader_nasdaqlisted,data/raw/source_providers/nasdaq_trader_nasdaqlisted/nasdaq_trader_nasdaqlisted.csv,COMMON_STOCK,IN_SCOPE,HIGH,Security name indicates common equity: COMMON STOCK.,,,,,,1,PRESERVE_EXISTING,Existing validated expanded_universe_v2_4b row preserved as base source.,,USD,XNAS,,,,,,,,,,,,common_equity
CNXC,Concentrix Corporation - Common Stock,NASDAQ,USA,nasdaq_trader_nasdaqlisted,data/raw/source_providers/nasdaq_trader_nasdaqlisted/nasdaq_trader_nasdaqlisted.csv,COMMON_STOCK,IN_SCOPE,HIGH,Security name indicates common equity: COMMON STOCK.,,,,,,1,PRESERVE_EXISTING,Existing validated expanded_universe_v2_4b row preserved as base source.,,USD,XNAS,,,,,,,,,,,,common_equity
CNXN,"PC Connection, Inc. - Common Stock",NASDAQ,USA,nasdaq_trader_nasdaqlisted,data/raw/source_providers/nasdaq_trader_nasdaqlisted/nasdaq_trader_nasdaqlisted.csv,COMMON_STOCK,IN_SCOPE,HIGH,Security name indicates common equity: COMMON STOCK.,,,,,,1,PRESERVE_EXISTING,Existing validated expanded_universe_v2_4b row preserved as base source.,,USD,XNAS,,,,,,,,,,,,common_equity
CNXU,Conexeu Sciences Inc. - Common Stock,NASDAQ,USA,nasdaq_trader_nasdaqlisted,data/raw/source_providers/nasdaq_trader_nasdaqlisted/nasdaq_trader_nasdaqlisted.csv,COMMON_STOCK,IN_SCOPE,HIGH,Security name indicates common equity: COMMON STOCK.,,,,,,1,PRESERVE_EXISTING,Existing validated expanded_universe_v2_4b row preserved as base source.,,USD,XNAS,,,,,,,,,,,,common_equity
COAG,"Hemab Therapeutics Holdings, Inc. - Common Stock",NASDAQ,USA,nasdaq_trader_nasdaqlisted,data/raw/source_providers/nasdaq_trader_nasdaqlisted/nasdaq_trader_nasdaqlisted.csv,COMMON_STOCK,IN_SCOPE,HIGH,Security name indicates common equity: COMMON STOCK.,,,,,,1,PRESERVE_EXISTING,Existing validated expanded_universe_v2_4b row preserved as base source.,,USD,XNAS,,,,,,,,,,,,common_equity
COCH,"Envoy Medical, Inc. - Class A Common Stock",NASDAQ,USA,nasdaq_trader_nasdaqlisted,data/raw/source_providers/nasdaq_trader_nasdaqlisted/nasdaq_trader_nasdaqlisted.csv,COMMON_STOCK,IN_SCOPE,HIGH,Security name indicates common equity: COMMON STOCK.,,,,,,1,PRESERVE_EXISTING,Existing validated expanded_universe_v2_4b row preserved as base source.,,USD,XNAS,,,,,,,,,,,,common_equity
COCO,"The Vita Coco Company, Inc. - Common Stock",NASDAQ,USA,nasdaq_trader_nasdaqlisted,data/raw/source_providers/nasdaq_trader_nasdaqlisted/nasdaq_trader_nasdaqlisted.csv,COMMON_STOCK,IN_SCOPE,HIGH,Security name indicates common equity: COMMON STOCK.,,,,,,1,PRESERVE_EXISTING,Existing validated expanded_universe_v2_4b row preserved as base source.,,USD,XNAS,,,,,,,,,,,,common_equity
COCP,"Cocrystal Pharma, Inc. - Common Stock",NASDAQ,USA,nasdaq_trader_nasdaqlisted,data/raw/source_providers/nasdaq_trader_nasdaqlisted/nasdaq_trader_nasdaqlisted.csv,COMMON_STOCK,IN_SCOPE,HIGH,Security name indicates common equity: COMMON STOCK.,,,,,,1,PRESERVE_EXISTING,Existing validated expanded_universe_v2_4b row preserved as base source.,,USD,XNAS,,,,,,,,,,,,common_equity
CODA,"Coda Octopus Group, Inc. - Common stock",NASDAQ,USA,nasdaq_trader_nasdaqlisted,data/raw/source_providers/nasdaq_trader_nasdaqlisted/nasdaq_trader_nasdaqlisted.csv,COMMON_STOCK,IN_SCOPE,HIGH,Security name indicates common equity: COMMON STOCK.,,,,,,1,PRESERVE_EXISTING,Existing validated expanded_universe_v2_4b row preserved as base source.,,USD,XNAS,,,,,,,,,,,,common_equity
CODX,"Co-Diagnostics, Inc. - Common Stock",NASDAQ,USA,nasdaq_trader_nasdaqlisted,data/raw/source_providers/nasdaq_trader_nasdaqlisted/nasdaq_trader_nasdaqlisted.csv,COMMON_STOCK,IN_SCOPE,HIGH,Security name indicates common equity: COMMON STOCK.,,,,,,1,PRESERVE_EXISTING,Existing validated expanded_universe_v2_4b row preserved as base source.,,USD,XNAS,,,,,,,,,,,,common_equity
COFS,"ChoiceOne Financial Services, Inc. - Common Stock",NASDAQ,USA,nasdaq_trader_nasdaqlisted,data/raw/source_providers/nasdaq_trader_nasdaqlisted/nasdaq_trader_nasdaqlisted.csv,COMMON_STOCK,IN_SCOPE,HIGH,Security name indicates common equity: COMMON STOCK.,,,,,,1,PRESERVE_EXISTING,Existing validated expanded_universe_v2_4b row preserved as base source.,,USD,XNAS,,,,,,,,,,,,common_equity
COGT,"Cogent Biosciences, Inc. - Common Stock",NASDAQ,USA,nasdaq_trader_nasdaqlisted,data/raw/source_providers/nasdaq_trader_nasdaqlisted/nasdaq_trader_nasdaqlisted.csv,COMMON_STOCK,IN_SCOPE,HIGH,Security name indicates common equity: COMMON STOCK.,,,,,,1,PRESERVE_EXISTING,Existing validated expanded_universe_v2_4b row preserved as base source.,,USD,XNAS,,,,,,,,,,,,common_equity
COHU,"Cohu, Inc. - Common Stock",NASDAQ,USA,nasdaq_trader_nasdaqlisted,data/raw/source_providers/nasdaq_trader_nasdaqlisted/nasdaq_trader_nasdaqlisted.csv,COMMON_STOCK,IN_SCOPE,HIGH,Security name indicates common equity: COMMON STOCK.,,,,,,1,PRESERVE_EXISTING,Existing validated expanded_universe_v2_4b row preserved as base source.,,USD,XNAS,,,,,,,,,,,,common_equity
COIN,"Coinbase Global, Inc. - Class A Common Stock",NASDAQ,USA,nasdaq_trader_nasdaqlisted,data/raw/source_providers/nasdaq_trader_nasdaqlisted/nasdaq_trader_nasdaqlisted.csv,COMMON_STOCK,IN_SCOPE,HIGH,Security name indicates common equity: COMMON STOCK.,,,,,,1,PRESERVE_EXISTING,Existing validated expanded_universe_v2_4b row preserved as base source.,,USD,XNAS,,,,,,,,,,,,common_equity
COKE,"Coca-Cola Consolidated, Inc. - Common Stock",NASDAQ,USA,nasdaq_trader_nasdaqlisted,data/raw/source_providers/nasdaq_trader_nasdaqlisted/nasdaq_trader_nasdaqlisted.csv,COMMON_STOCK,IN_SCOPE,HIGH,Security name indicates common equity: COMMON STOCK.,,,,,,1,PRESERVE_EXISTING,Existing validated expanded_universe_v2_4b row preserved as base source.,,USD,XNAS,,,,,,,,,,,,common_equity
COLA,Columbus Acquisition Corp - Ordinary Shares,NASDAQ,USA,nasdaq_trader_nasdaqlisted,data/raw/source_providers/nasdaq_trader_nasdaqlisted/nasdaq_trader_nasdaqlisted.csv,COMMON_STOCK,IN_SCOPE,HIGH,Security name indicates common equity: ORDINARY SHARES.,,,,,,1,PRESERVE_EXISTING,Existing validated expanded_universe_v2_4b row preserved as base source.,,USD,XNAS,,,,,,,,,,,,common_equity
COLB,"Columbia Banking System, Inc. - Common Stock",NASDAQ,USA,nasdaq_trader_nasdaqlisted,data/raw/source_providers/nasdaq_trader_nasdaqlisted/nasdaq_trader_nasdaqlisted.csv,COMMON_STOCK,IN_SCOPE,HIGH,Security name indicates common equity: COMMON STOCK.,,,,,,1,PRESERVE_EXISTING,Existing validated expanded_universe_v2_4b row preserved as base source.,,USD,XNAS,,,,,,,,,,,,common_equity
COLL,"Collegium Pharmaceutical, Inc. - Common Stock",NASDAQ,USA,nasdaq_trader_nasdaqlisted,data/raw/source_providers/nasdaq_trader_nasdaqlisted/nasdaq_trader_nasdaqlisted.csv,COMMON_STOCK,IN_SCOPE,HIGH,Security name indicates common equity: COMMON STOCK.,,,,,,1,PRESERVE_EXISTING,Existing validated expanded_universe_v2_4b row preserved as base source.,,USD,XNAS,,,,,,,,,,,,common_equity
COLM,Columbia Sportswear Company - Common Stock,NASDAQ,USA,nasdaq_trader_nasdaqlisted,data/raw/source_providers/nasdaq_trader_nasdaqlisted/nasdaq_trader_nasdaqlisted.csv,COMMON_STOCK,IN_SCOPE,HIGH,Security name indicates common equity: COMMON STOCK.,,,,,,1,PRESERVE_EXISTING,Existing validated expanded_universe_v2_4b row preserved as base source.,,USD,XNAS,,,,,,,,,,,,common_equity
COO,"The Cooper Companies, Inc. - Common Stock",NASDAQ,USA,nasdaq_trader_nasdaqlisted,data/raw/source_providers/nasdaq_trader_nasdaqlisted/nasdaq_trader_nasdaqlisted.csv,COMMON_STOCK,IN_SCOPE,HIGH,Security name indicates common equity: COMMON STOCK.,,,,,,1,PRESERVE_EXISTING,Existing validated expanded_universe_v2_4b row preserved as base source.,,USD,XNAS,,,,,,,,,,,,common_equity
COOT,Australian Oilseeds Holdings Limited - Ordinary Shares,NASDAQ,USA,nasdaq_trader_nasdaqlisted,data/raw/source_providers/nasdaq_trader_nasdaqlisted/nasdaq_trader_nasdaqlisted.csv,COMMON_STOCK,IN_SCOPE,HIGH,Security name indicates common equity: ORDINARY SHARES.,,,,,,1,PRESERVE_EXISTING,Existing validated expanded_universe_v2_4b row preserved as base source.,,USD,XNAS,,,,,,,,,,,,common_equity
CORT,Corcept Therapeutics Incorporated - Common Stock,NASDAQ,USA,nasdaq_trader_nasdaqlisted,data/raw/source_providers/nasdaq_trader_nasdaqlisted/nasdaq_trader_nasdaqlisted.csv,COMMON_STOCK,IN_SCOPE,HIGH,Security name indicates common equity: COMMON STOCK.,,,,,,1,PRESERVE_EXISTING,Existing validated expanded_universe_v2_4b row preserved as base source.,,USD,XNAS,,,,,,,,,,,,common_equity
CORZ,"Core Scientific, Inc. - Common Stock",NASDAQ,USA,nasdaq_trader_nasdaqlisted,data/raw/source_providers/nasdaq_trader_nasdaqlisted/nasdaq_trader_nasdaqlisted.csv,COMMON_STOCK,IN_SCOPE,HIGH,Security name indicates common equity: COMMON STOCK.,,,,,,1,PRESERVE_EXISTING,Existing validated expanded_universe_v2_4b row preserved as base source.,,USD,XNAS,,,,,,,,,,,,common_equity
COSM,Cosmos Health Inc. - Common Stock,NASDAQ,USA,nasdaq_trader_nasdaqlisted,data/raw/source_providers/nasdaq_trader_nasdaqlisted/nasdaq_trader_nasdaqlisted.csv,COMMON_STOCK,IN_SCOPE,HIGH,Security name indicates common equity: COMMON STOCK.,,,,,,1,PRESERVE_EXISTING,Existing validated expanded_universe_v2_4b row preserved as base source.,,USD,XNAS,,,,,,,,,,,,common_equity
COST,Costco Wholesale Corporation - Common Stock,NASDAQ,USA,nasdaq_trader_nasdaqlisted,data/raw/source_providers/nasdaq_trader_nasdaqlisted/nasdaq_trader_nasdaqlisted.csv,COMMON_STOCK,IN_SCOPE,HIGH,Security name indicates common equity: COMMON STOCK.,,,,,,1,PRESERVE_EXISTING,Existing validated expanded_universe_v2_4b row preserved as base source.,,USD,XNAS,,,,,,,,,,,,common_equity
COYA,"Coya Therapeutics, Inc. - Common Stock",NASDAQ,USA,nasdaq_trader_nasdaqlisted,data/raw/source_providers/nasdaq_trader_nasdaqlisted/nasdaq_trader_nasdaqlisted.csv,COMMON_STOCK,IN_SCOPE,HIGH,Security name indicates common equity: COMMON STOCK.,,,,,,1,PRESERVE_EXISTING,Existing validated expanded_universe_v2_4b row preserved as base source.,,USD,XNAS,,,,,,,,,,,,common_equity
CPB,The Campbell's Company - Common Stock,NASDAQ,USA,nasdaq_trader_nasdaqlisted,data/raw/source_providers/nasdaq_trader_nasdaqlisted/nasdaq_trader_nasdaqlisted.csv,COMMON_STOCK,IN_SCOPE,HIGH,Security name indicates common equity: COMMON STOCK.,,,,,,1,PRESERVE_EXISTING,Existing validated expanded_universe_v2_4b row preserved as base source.,,USD,XNAS,,,,,,,,,,,,common_equity
CPBI,"Central Plains Bancshares, Inc. - Common Stock",NASDAQ,USA,nasdaq_trader_nasdaqlisted,data/raw/source_providers/nasdaq_trader_nasdaqlisted/nasdaq_trader_nasdaqlisted.csv,COMMON_STOCK,IN_SCOPE,HIGH,Security name indicates common equity: COMMON STOCK.,,,,,,1,PRESERVE_EXISTING,Existing validated expanded_universe_v2_4b row preserved as base source.,,USD,XNAS,,,,,,,,,,,,common_equity
CPHC,Canterbury Park Holding Corporation - Common Stock,NASDAQ,USA,nasdaq_trader_nasdaqlisted,data/raw/source_providers/nasdaq_trader_nasdaqlisted/nasdaq_trader_nasdaqlisted.csv,COMMON_STOCK,IN_SCOPE,HIGH,Security name indicates common equity: COMMON STOCK.,,,,,,1,PRESERVE_EXISTING,Existing validated expanded_universe_v2_4b row preserved as base source.,,USD,XNAS,,,,,,,,,,,,common_equity
CPIX,Cumberland Pharmaceuticals Inc. - Common Stock,NASDAQ,USA,nasdaq_trader_nasdaqlisted,data/raw/source_providers/nasdaq_trader_nasdaqlisted/nasdaq_trader_nasdaqlisted.csv,COMMON_STOCK,IN_SCOPE,HIGH,Security name indicates common equity: COMMON STOCK.,,,,,,1,PRESERVE_EXISTING,Existing validated expanded_universe_v2_4b row preserved as base source.,,USD,XNAS,,,,,,,,,,,,common_equity
CPOP,"Pop Culture Group Co., Ltd - Class A Ordinary Shares",NASDAQ,USA,nasdaq_trader_nasdaqlisted,data/raw/source_providers/nasdaq_trader_nasdaqlisted/nasdaq_trader_nasdaqlisted.csv,COMMON_STOCK,IN_SCOPE,HIGH,Security name indicates common equity: ORDINARY SHARES.,,,,,,1,PRESERVE_EXISTING,Existing validated expanded_universe_v2_4b row preserved as base source.,,USD,XNAS,,,,,,,,,,,,common_equity
CPRT,"Copart, Inc. - Common Stock",NASDAQ,USA,nasdaq_trader_nasdaqlisted,data/raw/source_providers/nasdaq_trader_nasdaqlisted/nasdaq_trader_nasdaqlisted.csv,COMMON_STOCK,IN_SCOPE,HIGH,Security name indicates common equity: COMMON STOCK.,,,,,,1,PRESERVE_EXISTING,Existing validated expanded_universe_v2_4b row preserved as base source.,,USD,XNAS,,,,,,,,,,,,common_equity
CPRX,"Catalyst Pharmaceuticals, Inc. - Common Stock",NASDAQ,USA,nasdaq_trader_nasdaqlisted,data/raw/source_providers/nasdaq_trader_nasdaqlisted/nasdaq_trader_nasdaqlisted.csv,COMMON_STOCK,IN_SCOPE,HIGH,Security name indicates common equity: COMMON STOCK.,,,,,,1,PRESERVE_EXISTING,Existing validated expanded_universe_v2_4b row preserved as base source.,,USD,XNAS,,,,,,,,,,,,common_equity
CPSH,CPS Technologies Corp. - Common Stock,NASDAQ,USA,nasdaq_trader_nasdaqlisted,data/raw/source_providers/nasdaq_trader_nasdaqlisted/nasdaq_trader_nasdaqlisted.csv,COMMON_STOCK,IN_SCOPE,HIGH,Security name indicates common equity: COMMON STOCK.,,,,,,1,PRESERVE_EXISTING,Existing validated expanded_universe_v2_4b row preserved as base source.,,USD,XNAS,,,,,,,,,,,,common_equity
CPSS,"Consumer Portfolio Services, Inc. - Common Stock",NASDAQ,USA,nasdaq_trader_nasdaqlisted,data/raw/source_providers/nasdaq_trader_nasdaqlisted/nasdaq_trader_nasdaqlisted.csv,COMMON_STOCK,IN_SCOPE,HIGH,Security name indicates common equity: COMMON STOCK.,,,,,,1,PRESERVE_EXISTING,Existing validated expanded_universe_v2_4b row preserved as base source.,,USD,XNAS,,,,,,,,,,,,common_equity
CPZ,Calamos Long/Short Equity & Dynamic Income Trust - Closed End Fund,NASDAQ,USA,nasdaq_trader_nasdaqlisted,data/raw/source_providers/nasdaq_trader_nasdaqlisted/nasdaq_trader_nasdaqlisted.csv,COMMON_STOCK,IN_SCOPE,MEDIUM,No exclusion keyword detected; treated as common equity candidate.,,,,,,1,PRESERVE_EXISTING,Existing validated expanded_universe_v2_4b row preserved as base source.,,USD,XNAS,,,,,,,,,,,,common_equity
CRAC,Crown Reserve Acquisition Corp. I - Class A Ordinary Shares,NASDAQ,USA,nasdaq_trader_nasdaqlisted,data/raw/source_providers/nasdaq_trader_nasdaqlisted/nasdaq_trader_nasdaqlisted.csv,COMMON_STOCK,IN_SCOPE,HIGH,Security name indicates common equity: ORDINARY SHARES.,,,,,,1,PRESERVE_EXISTING,Existing validated expanded_universe_v2_4b row preserved as base source.,,USD,XNAS,,,,,,,,,,,,common_equity
CRAI,"CRA International,Inc. - Common Stock",NASDAQ,USA,nasdaq_trader_nasdaqlisted,data/raw/source_providers/nasdaq_trader_nasdaqlisted/nasdaq_trader_nasdaqlisted.csv,COMMON_STOCK,IN_SCOPE,HIGH,Security name indicates common equity: COMMON STOCK.,,,,,,1,PRESERVE_EXISTING,Existing validated expanded_universe_v2_4b row preserved as base source.,,USD,XNAS,,,,,,,,,,,,common_equity
CRAN,Crane Harbor Acquisition Corp. II - Class A Ordinary Shares,NASDAQ,USA,nasdaq_trader_nasdaqlisted,data/raw/source_providers/nasdaq_trader_nasdaqlisted/nasdaq_trader_nasdaqlisted.csv,COMMON_STOCK,IN_SCOPE,HIGH,Security name indicates common equity: ORDINARY SHARES.,,,,,,1,PRESERVE_EXISTING,Existing validated expanded_universe_v2_4b row preserved as base source.,,USD,XNAS,,,,,,,,,,,,common_equity
CRAQ,Cal Redwood Acquisition Corp. - Class A Ordinary Shares,NASDAQ,USA,nasdaq_trader_nasdaqlisted,data/raw/source_providers/nasdaq_trader_nasdaqlisted/nasdaq_trader_nasdaqlisted.csv,COMMON_STOCK,IN_SCOPE,HIGH,Security name indicates common equity: ORDINARY SHARES.,,,,,,1,PRESERVE_EXISTING,Existing validated expanded_universe_v2_4b row preserved as base source.,,USD,XNAS,,,,,,,,,,,,common_equity
CRBP,"Corbus Pharmaceuticals Holdings, Inc. - Common Stock",NASDAQ,USA,nasdaq_trader_nasdaqlisted,data/raw/source_providers/nasdaq_trader_nasdaqlisted/nasdaq_trader_nasdaqlisted.csv,COMMON_STOCK,IN_SCOPE,HIGH,Security name indicates common equity: COMMON STOCK.,,,,,,1,PRESERVE_EXISTING,Existing validated expanded_universe_v2_4b row preserved as base source.,,USD,XNAS,,,,,,,,,,,,common_equity
CRBU,"Caribou Biosciences, Inc. - Common Stock",NASDAQ,USA,nasdaq_trader_nasdaqlisted,data/raw/source_providers/nasdaq_trader_nasdaqlisted/nasdaq_trader_nasdaqlisted.csv,COMMON_STOCK,IN_SCOPE,HIGH,Security name indicates common equity: COMMON STOCK.,,,,,,1,PRESERVE_EXISTING,Existing validated expanded_universe_v2_4b row preserved as base source.,,USD,XNAS,,,,,,,,,,,,common_equity
CRCT,"Cricut, Inc. - Class A common stock",NASDAQ,USA,nasdaq_trader_nasdaqlisted,data/raw/source_providers/nasdaq_trader_nasdaqlisted/nasdaq_trader_nasdaqlisted.csv,COMMON_STOCK,IN_SCOPE,HIGH,Security name indicates common equity: COMMON STOCK.,,,,,,1,PRESERVE_EXISTING,Existing validated expanded_universe_v2_4b row preserved as base source.,,USD,XNAS,,,,,,,,,,,,common_equity
CRDF,"Cardiff Oncology, Inc. - Common Stock",NASDAQ,USA,nasdaq_trader_nasdaqlisted,data/raw/source_providers/nasdaq_trader_nasdaqlisted/nasdaq_trader_nasdaqlisted.csv,COMMON_STOCK,IN_SCOPE,HIGH,Security name indicates common equity: COMMON STOCK.,,,,,,1,PRESERVE_EXISTING,Existing validated expanded_universe_v2_4b row preserved as base source.,,USD,XNAS,,,,,,,,,,,,common_equity
CRDL,Cardiol Therapeutics Inc. - Class A Common Shares,NASDAQ,USA,nasdaq_trader_nasdaqlisted,data/raw/source_providers/nasdaq_trader_nasdaqlisted/nasdaq_trader_nasdaqlisted.csv,COMMON_STOCK,IN_SCOPE,HIGH,Security name indicates common equity: CLASS A.,,,,,,1,PRESERVE_EXISTING,Existing validated expanded_universe_v2_4b row preserved as base source.,,USD,XNAS,,,,,,,,,,,,common_equity
CRDO,Credo Technology Group Holding Ltd - Ordinary Shares,NASDAQ,USA,nasdaq_trader_nasdaqlisted,data/raw/source_providers/nasdaq_trader_nasdaqlisted/nasdaq_trader_nasdaqlisted.csv,COMMON_STOCK,IN_SCOPE,HIGH,Security name indicates common equity: ORDINARY SHARES.,,,,,,1,PRESERVE_EXISTING,Existing validated expanded_universe_v2_4b row preserved as base source.,,USD,XNAS,,,,,,,,,,,,common_equity
CRE,Cre8 Enterprise Limited - Class A Ordinary Shares,NASDAQ,USA,nasdaq_trader_nasdaqlisted,data/raw/source_providers/nasdaq_trader_nasdaqlisted/nasdaq_trader_nasdaqlisted.csv,COMMON_STOCK,IN_SCOPE,HIGH,Security name indicates common equity: ORDINARY SHARES.,,,,,,1,PRESERVE_EXISTING,Existing validated expanded_universe_v2_4b row preserved as base source.,,USD,XNAS,,,,,,,,,,,,common_equity
CREG,Smart Powerr Corp. - Common Stock,NASDAQ,USA,nasdaq_trader_nasdaqlisted,data/raw/source_providers/nasdaq_trader_nasdaqlisted/nasdaq_trader_nasdaqlisted.csv,COMMON_STOCK,IN_SCOPE,HIGH,Security name indicates common equity: COMMON STOCK.,,,,,,1,PRESERVE_EXISTING,Existing validated expanded_universe_v2_4b row preserved as base source.,,USD,XNAS,,,,,,,,,,,,common_equity
CREX,"Creative Realities, Inc. - Common Stock",NASDAQ,USA,nasdaq_trader_nasdaqlisted,data/raw/source_providers/nasdaq_trader_nasdaqlisted/nasdaq_trader_nasdaqlisted.csv,COMMON_STOCK,IN_SCOPE,HIGH,Security name indicates common equity: COMMON STOCK.,,,,,,1,PRESERVE_EXISTING,Existing validated expanded_universe_v2_4b row preserved as base source.,,USD,XNAS,,,,,,,,,,,,common_equity
CRGO,Freightos Limited - Ordinary shares,NASDAQ,USA,nasdaq_trader_nasdaqlisted,data/raw/source_providers/nasdaq_trader_nasdaqlisted/nasdaq_trader_nasdaqlisted.csv,COMMON_STOCK,IN_SCOPE,HIGH,Security name indicates common equity: ORDINARY SHARES.,,,,,,1,PRESERVE_EXISTING,Existing validated expanded_universe_v2_4b row preserved as base source.,,USD,XNAS,,,,,,,,,,,,common_equity
CRIS,"Curis, Inc. - Common Stock",NASDAQ,USA,nasdaq_trader_nasdaqlisted,data/raw/source_providers/nasdaq_trader_nasdaqlisted/nasdaq_trader_nasdaqlisted.csv,COMMON_STOCK,IN_SCOPE,HIGH,Security name indicates common equity: COMMON STOCK.,,,,,,1,PRESERVE_EXISTING,Existing validated expanded_universe_v2_4b row preserved as base source.,,USD,XNAS,,,,,,,,,,,,common_equity
CRMD,CorMedix Inc. - Common Stock,NASDAQ,USA,nasdaq_trader_nasdaqlisted,data/raw/source_providers/nasdaq_trader_nasdaqlisted/nasdaq_trader_nasdaqlisted.csv,COMMON_STOCK,IN_SCOPE,HIGH,Security name indicates common equity: COMMON STOCK.,,,,,,1,PRESERVE_EXISTING,Existing validated expanded_universe_v2_4b row preserved as base source.,,USD,XNAS,,,,,,,,,,,,common_equity
CRML,Critical Metals Corp. - Ordinary Shares,NASDAQ,USA,nasdaq_trader_nasdaqlisted,data/raw/source_providers/nasdaq_trader_nasdaqlisted/nasdaq_trader_nasdaqlisted.csv,COMMON_STOCK,IN_SCOPE,HIGH,Security name indicates common equity: ORDINARY SHARES.,,,,,,1,PRESERVE_EXISTING,Existing validated expanded_universe_v2_4b row preserved as base source.,,USD,XNAS,,,,,,,,,,,,common_equity
CRMT,"America's Car-Mart, Inc. - Common Stock",NASDAQ,USA,nasdaq_trader_nasdaqlisted,data/raw/source_providers/nasdaq_trader_nasdaqlisted/nasdaq_trader_nasdaqlisted.csv,COMMON_STOCK,IN_SCOPE,HIGH,Security name indicates common equity: COMMON STOCK.,,,,,,1,PRESERVE_EXISTING,Existing validated expanded_universe_v2_4b row preserved as base source.,,USD,XNAS,,,,,,,,,,,,common_equity
CRNC,Cerence Inc. - Common Stock,NASDAQ,USA,nasdaq_trader_nasdaqlisted,data/raw/source_providers/nasdaq_trader_nasdaqlisted/nasdaq_trader_nasdaqlisted.csv,COMMON_STOCK,IN_SCOPE,HIGH,Security name indicates common equity: COMMON STOCK.,,,,,,1,PRESERVE_EXISTING,Existing validated expanded_universe_v2_4b row preserved as base source.,,USD,XNAS,,,,,,,,,,,,common_equity
CRNT,Ceragon Networks Ltd. - Ordinary Shares,NASDAQ,USA,nasdaq_trader_nasdaqlisted,data/raw/source_providers/nasdaq_trader_nasdaqlisted/nasdaq_trader_nasdaqlisted.csv,COMMON_STOCK,IN_SCOPE,HIGH,Security name indicates common equity: ORDINARY SHARES.,,,,,,1,PRESERVE_EXISTING,Existing validated expanded_universe_v2_4b row preserved as base source.,,USD,XNAS,,,,,,,,,,,,common_equity
CRNX,"Crinetics Pharmaceuticals, Inc. - Common Stock",NASDAQ,USA,nasdaq_trader_nasdaqlisted,data/raw/source_providers/nasdaq_trader_nasdaqlisted/nasdaq_trader_nasdaqlisted.csv,COMMON_STOCK,IN_SCOPE,HIGH,Security name indicates common equity: COMMON STOCK.,,,,,,1,PRESERVE_EXISTING,Existing validated expanded_universe_v2_4b row preserved as base source.,,USD,XNAS,,,,,,,,,,,,common_equity
CRON,Cronos Group Inc. - Common Share,NASDAQ,USA,nasdaq_trader_nasdaqlisted,data/raw/source_providers/nasdaq_trader_nasdaqlisted/nasdaq_trader_nasdaqlisted.csv,COMMON_STOCK,IN_SCOPE,MEDIUM,No exclusion keyword detected; treated as common equity candidate.,,,,,,1,PRESERVE_EXISTING,Existing validated expanded_universe_v2_4b row preserved as base source.,,USD,XNAS,,,,,,,,,,,,common_equity
CROX,"Crocs, Inc. - Common Stock",NASDAQ,USA,nasdaq_trader_nasdaqlisted,data/raw/source_providers/nasdaq_trader_nasdaqlisted/nasdaq_trader_nasdaqlisted.csv,COMMON_STOCK,IN_SCOPE,HIGH,Security name indicates common equity: COMMON STOCK.,,,,,,1,PRESERVE_EXISTING,Existing validated expanded_universe_v2_4b row preserved as base source.,,USD,XNAS,,,,,,,,,,,,common_equity
CRSP,CRISPR Therapeutics AG - Common Shares,NASDAQ,USA,nasdaq_trader_nasdaqlisted,data/raw/source_providers/nasdaq_trader_nasdaqlisted/nasdaq_trader_nasdaqlisted.csv,COMMON_STOCK,IN_SCOPE,MEDIUM,No exclusion keyword detected; treated as common equity candidate.,,,,,,1,PRESERVE_EXISTING,Existing validated expanded_universe_v2_4b row preserved as base source.,,USD,XNAS,,,,,,,,,,,,common_equity
CRSR,"Corsair Gaming, Inc. - Common Stock",NASDAQ,USA,nasdaq_trader_nasdaqlisted,data/raw/source_providers/nasdaq_trader_nasdaqlisted/nasdaq_trader_nasdaqlisted.csv,COMMON_STOCK,IN_SCOPE,HIGH,Security name indicates common equity: COMMON STOCK.,,,,,,1,PRESERVE_EXISTING,Existing validated expanded_universe_v2_4b row preserved as base source.,,USD,XNAS,,,,,,,,,,,,common_equity
CRUS,"Cirrus Logic, Inc. - Common Stock",NASDAQ,USA,nasdaq_trader_nasdaqlisted,data/raw/source_providers/nasdaq_trader_nasdaqlisted/nasdaq_trader_nasdaqlisted.csv,COMMON_STOCK,IN_SCOPE,HIGH,Security name indicates common equity: COMMON STOCK.,,,,,,1,PRESERVE_EXISTING,Existing validated expanded_universe_v2_4b row preserved as base source.,,USD,XNAS,,,,,,,,,,,,common_equity
CRVL,CorVel Corp. - Common Stock,NASDAQ,USA,nasdaq_trader_nasdaqlisted,data/raw/source_providers/nasdaq_trader_nasdaqlisted/nasdaq_trader_nasdaqlisted.csv,COMMON_STOCK,IN_SCOPE,HIGH,Security name indicates common equity: COMMON STOCK.,,,,,,1,PRESERVE_EXISTING,Existing validated expanded_universe_v2_4b row preserved as base source.,,USD,XNAS,,,,,,,,,,,,common_equity
CRVO,CervoMed Inc. - Common Stock,NASDAQ,USA,nasdaq_trader_nasdaqlisted,data/raw/source_providers/nasdaq_trader_nasdaqlisted/nasdaq_trader_nasdaqlisted.csv,COMMON_STOCK,IN_SCOPE,HIGH,Security name indicates common equity: COMMON STOCK.,,,,,,1,PRESERVE_EXISTING,Existing validated expanded_universe_v2_4b row preserved as base source.,,USD,XNAS,,,,,,,,,,,,common_equity
CRVS,"Corvus Pharmaceuticals, Inc. - Common Stock",NASDAQ,USA,nasdaq_trader_nasdaqlisted,data/raw/source_providers/nasdaq_trader_nasdaqlisted/nasdaq_trader_nasdaqlisted.csv,COMMON_STOCK,IN_SCOPE,HIGH,Security name indicates common equity: COMMON STOCK.,,,,,,1,PRESERVE_EXISTING,Existing validated expanded_universe_v2_4b row preserved as base source.,,USD,XNAS,,,,,,,,,,,,common_equity
CRWD,"CrowdStrike Holdings, Inc. - Class A Common Stock",NASDAQ,USA,nasdaq_trader_nasdaqlisted,data/raw/source_providers/nasdaq_trader_nasdaqlisted/nasdaq_trader_nasdaqlisted.csv,COMMON_STOCK,IN_SCOPE,HIGH,Security name indicates common equity: COMMON STOCK.,,,,,,1,PRESERVE_EXISTING,Existing validated expanded_universe_v2_4b row preserved as base source.,,USD,XNAS,,,,,,,,,,,,common_equity
CRWS,"Crown Crafts, Inc. - Common Stock",NASDAQ,USA,nasdaq_trader_nasdaqlisted,data/raw/source_providers/nasdaq_trader_nasdaqlisted/nasdaq_trader_nasdaqlisted.csv,COMMON_STOCK,IN_SCOPE,HIGH,Security name indicates common equity: COMMON STOCK.,,,,,,1,PRESERVE_EXISTING,Existing validated expanded_universe_v2_4b row preserved as base source.,,USD,XNAS,,,,,,,,,,,,common_equity
CRWV,"CoreWeave, Inc. - Class A Common Stock",NASDAQ,USA,nasdaq_trader_nasdaqlisted,data/raw/source_providers/nasdaq_trader_nasdaqlisted/nasdaq_trader_nasdaqlisted.csv,COMMON_STOCK,IN_SCOPE,HIGH,Security name indicates common equity: COMMON STOCK.,,,,,,1,PRESERVE_EXISTING,Existing validated expanded_universe_v2_4b row preserved as base source.,,USD,XNAS,,,,,,,,,,,,common_equity
CSAI,"Cloudastructure, Inc. - Class A Common Stock",NASDAQ,USA,nasdaq_trader_nasdaqlisted,data/raw/source_providers/nasdaq_trader_nasdaqlisted/nasdaq_trader_nasdaqlisted.csv,COMMON_STOCK,IN_SCOPE,HIGH,Security name indicates common equity: COMMON STOCK.,,,,,,1,PRESERVE_EXISTING,Existing validated expanded_universe_v2_4b row preserved as base source.,,USD,XNAS,,,,,,,,,,,,common_equity
CSBR,"Champions Oncology, Inc. - Common Stock",NASDAQ,USA,nasdaq_trader_nasdaqlisted,data/raw/source_providers/nasdaq_trader_nasdaqlisted/nasdaq_trader_nasdaqlisted.csv,COMMON_STOCK,IN_SCOPE,HIGH,Security name indicates common equity: COMMON STOCK.,,,,,,1,PRESERVE_EXISTING,Existing validated expanded_universe_v2_4b row preserved as base source.,,USD,XNAS,,,,,,,,,,,,common_equity
CSCO,"Cisco Systems, Inc. - Common Stock",NASDAQ,USA,nasdaq_trader_nasdaqlisted,data/raw/source_providers/nasdaq_trader_nasdaqlisted/nasdaq_trader_nasdaqlisted.csv,COMMON_STOCK,IN_SCOPE,HIGH,Security name indicates common equity: COMMON STOCK.,,,,,,1,PRESERVE_EXISTING,Existing validated expanded_universe_v2_4b row preserved as base source.,,USD,XNAS,,,,,,,,,,,,common_equity
CSGP,"CoStar Group, Inc. - Common Stock",NASDAQ,USA,nasdaq_trader_nasdaqlisted,data/raw/source_providers/nasdaq_trader_nasdaqlisted/nasdaq_trader_nasdaqlisted.csv,COMMON_STOCK,IN_SCOPE,HIGH,Security name indicates common equity: COMMON STOCK.,,,,,,1,PRESERVE_EXISTING,Existing validated expanded_universe_v2_4b row preserved as base source.,,USD,XNAS,,,,,,,,,,,,common_equity
CSHR,CoinShares PLC - Ordinary Shares,NASDAQ,USA,nasdaq_trader_nasdaqlisted,data/raw/source_providers/nasdaq_trader_nasdaqlisted/nasdaq_trader_nasdaqlisted.csv,COMMON_STOCK,IN_SCOPE,HIGH,Security name indicates common equity: ORDINARY SHARES.,,,,,,1,PRESERVE_EXISTING,Existing validated expanded_universe_v2_4b row preserved as base source.,,USD,XNAS,,,,,,,,,,,,common_equity
CSIQ,Canadian Solar Inc. - Common Shares,NASDAQ,USA,nasdaq_trader_nasdaqlisted,data/raw/source_providers/nasdaq_trader_nasdaqlisted/nasdaq_trader_nasdaqlisted.csv,COMMON_STOCK,IN_SCOPE,MEDIUM,No exclusion keyword detected; treated as common equity candidate.,,,,,,1,PRESERVE_EXISTING,Existing validated expanded_universe_v2_4b row preserved as base source.,,USD,XNAS,,,,,,,,,,,,common_equity
CSPI,CSP Inc. - Common Stock,NASDAQ,USA,nasdaq_trader_nasdaqlisted,data/raw/source_providers/nasdaq_trader_nasdaqlisted/nasdaq_trader_nasdaqlisted.csv,COMMON_STOCK,IN_SCOPE,HIGH,Security name indicates common equity: COMMON STOCK.,,,,,,1,PRESERVE_EXISTING,Existing validated expanded_universe_v2_4b row preserved as base source.,,USD,XNAS,,,,,,,,,,,,common_equity
CSQ,Calamos Strategic Total Return Fund - Closed End Fund,NASDAQ,USA,nasdaq_trader_nasdaqlisted,data/raw/source_providers/nasdaq_trader_nasdaqlisted/nasdaq_trader_nasdaqlisted.csv,COMMON_STOCK,IN_SCOPE,MEDIUM,No exclusion keyword detected; treated as common equity candidate.,,,,,,1,PRESERVE_EXISTING,Existing validated expanded_universe_v2_4b row preserved as base source.,,USD,XNAS,,,,,,,,,,,,common_equity
CSTE,Caesarstone Ltd. - Ordinary Shares,NASDAQ,USA,nasdaq_trader_nasdaqlisted,data/raw/source_providers/nasdaq_trader_nasdaqlisted/nasdaq_trader_nasdaqlisted.csv,COMMON_STOCK,IN_SCOPE,HIGH,Security name indicates common equity: ORDINARY SHARES.,,,,,,1,PRESERVE_EXISTING,Existing validated expanded_universe_v2_4b row preserved as base source.,,USD,XNAS,,,,,,,,,,,,common_equity
CSTL,"Castle Biosciences, Inc. - Common stock",NASDAQ,USA,nasdaq_trader_nasdaqlisted,data/raw/source_providers/nasdaq_trader_nasdaqlisted/nasdaq_trader_nasdaqlisted.csv,COMMON_STOCK,IN_SCOPE,HIGH,Security name indicates common equity: COMMON STOCK.,,,,,,1,PRESERVE_EXISTING,Existing validated expanded_universe_v2_4b row preserved as base source.,,USD,XNAS,,,,,,,,,,,,common_equity
CSWC,Capital Southwest Corporation - Common Stock,NASDAQ,USA,nasdaq_trader_nasdaqlisted,data/raw/source_providers/nasdaq_trader_nasdaqlisted/nasdaq_trader_nasdaqlisted.csv,COMMON_STOCK,IN_SCOPE,HIGH,Security name indicates common equity: COMMON STOCK.,,,,,,1,PRESERVE_EXISTING,Existing validated expanded_universe_v2_4b row preserved as base source.,,USD,XNAS,,,,,,,,,,,,common_equity
CSX,CSX Corporation - Common Stock,NASDAQ,USA,nasdaq_trader_nasdaqlisted,data/raw/source_providers/nasdaq_trader_nasdaqlisted/nasdaq_trader_nasdaqlisted.csv,COMMON_STOCK,IN_SCOPE,HIGH,Security name indicates common equity: COMMON STOCK.,,,,,,1,PRESERVE_EXISTING,Existing validated expanded_universe_v2_4b row preserved as base source.,,USD,XNAS,,,,,,,,,,,,common_equity
CTAA,ClearThink 1 Acquisition Corp. - Class A Ordinary Shares,NASDAQ,USA,nasdaq_trader_nasdaqlisted,data/raw/source_providers/nasdaq_trader_nasdaqlisted/nasdaq_trader_nasdaqlisted.csv,COMMON_STOCK,IN_SCOPE,HIGH,Security name indicates common equity: ORDINARY SHARES.,,,,,,1,PRESERVE_EXISTING,Existing validated expanded_universe_v2_4b row preserved as base source.,,USD,XNAS,,,,,,,,,,,,common_equity
CTAS,Cintas Corporation - Common Stock,NASDAQ,USA,nasdaq_trader_nasdaqlisted,data/raw/source_providers/nasdaq_trader_nasdaqlisted/nasdaq_trader_nasdaqlisted.csv,COMMON_STOCK,IN_SCOPE,HIGH,Security name indicates common equity: COMMON STOCK.,,,,,,1,PRESERVE_EXISTING,Existing validated expanded_universe_v2_4b row preserved as base source.,,USD,XNAS,,,,,,,,,,,,common_equity
CTBI,"Community Trust Bancorp, Inc. - Common Stock",NASDAQ,USA,nasdaq_trader_nasdaqlisted,data/raw/source_providers/nasdaq_trader_nasdaqlisted/nasdaq_trader_nasdaqlisted.csv,COMMON_STOCK,IN_SCOPE,HIGH,Security name indicates common equity: COMMON STOCK.,,,,,,1,PRESERVE_EXISTING,Existing validated expanded_universe_v2_4b row preserved as base source.,,USD,XNAS,,,,,,,,,,,,common_equity
CTKB,"Cytek Biosciences, Inc. - Common Stock",NASDAQ,USA,nasdaq_trader_nasdaqlisted,data/raw/source_providers/nasdaq_trader_nasdaqlisted/nasdaq_trader_nasdaqlisted.csv,COMMON_STOCK,IN_SCOPE,HIGH,Security name indicates common equity: COMMON STOCK.,,,,,,1,PRESERVE_EXISTING,Existing validated expanded_universe_v2_4b row preserved as base source.,,USD,XNAS,,,,,,,,,,,,common_equity
CTMX,"CytomX Therapeutics, Inc. - Common Stock",NASDAQ,USA,nasdaq_trader_nasdaqlisted,data/raw/source_providers/nasdaq_trader_nasdaqlisted/nasdaq_trader_nasdaqlisted.csv,COMMON_STOCK,IN_SCOPE,HIGH,Security name indicates common equity: COMMON STOCK.,,,,,,1,PRESERVE_EXISTING,Existing validated expanded_universe_v2_4b row preserved as base source.,,USD,XNAS,,,,,,,,,,,,common_equity
CTNM,"Contineum Therapeutics, Inc. - Common stock",NASDAQ,USA,nasdaq_trader_nasdaqlisted,data/raw/source_providers/nasdaq_trader_nasdaqlisted/nasdaq_trader_nasdaqlisted.csv,COMMON_STOCK,IN_SCOPE,HIGH,Security name indicates common equity: COMMON STOCK.,,,,,,1,PRESERVE_EXISTING,Existing validated expanded_universe_v2_4b row preserved as base source.,,USD,XNAS,,,,,,,,,,,,common_equity
CTNT,Cheetah Net Supply Chain Service Inc. - Class A Common Stock,NASDAQ,USA,nasdaq_trader_nasdaqlisted,data/raw/source_providers/nasdaq_trader_nasdaqlisted/nasdaq_trader_nasdaqlisted.csv,COMMON_STOCK,IN_SCOPE,HIGH,Security name indicates common equity: COMMON STOCK.,,,,,,1,PRESERVE_EXISTING,Existing validated expanded_universe_v2_4b row preserved as base source.,,USD,XNAS,,,,,,,,,,,,common_equity
CTOR,"Citius Oncology, Inc. - Common Stock",NASDAQ,USA,nasdaq_trader_nasdaqlisted,data/raw/source_providers/nasdaq_trader_nasdaqlisted/nasdaq_trader_nasdaqlisted.csv,COMMON_STOCK,IN_SCOPE,HIGH,Security name indicates common equity: COMMON STOCK.,,,,,,1,PRESERVE_EXISTING,Existing validated expanded_universe_v2_4b row preserved as base source.,,USD,XNAS,,,,,,,,,,,,common_equity
CTRM,Castor Maritime Inc. - Common Shares,NASDAQ,USA,nasdaq_trader_nasdaqlisted,data/raw/source_providers/nasdaq_trader_nasdaqlisted/nasdaq_trader_nasdaqlisted.csv,COMMON_STOCK,IN_SCOPE,MEDIUM,No exclusion keyword detected; treated as common equity candidate.,,,,,,1,PRESERVE_EXISTING,Existing validated expanded_universe_v2_4b row preserved as base source.,,USD,XNAS,,,,,,,,,,,,common_equity
CTRN,"Citi Trends, Inc. - Common Stock",NASDAQ,USA,nasdaq_trader_nasdaqlisted,data/raw/source_providers/nasdaq_trader_nasdaqlisted/nasdaq_trader_nasdaqlisted.csv,COMMON_STOCK,IN_SCOPE,HIGH,Security name indicates common equity: COMMON STOCK.,,,,,,1,PRESERVE_EXISTING,Existing validated expanded_universe_v2_4b row preserved as base source.,,USD,XNAS,,,,,,,,,,,,common_equity
CTSH,Cognizant Technology Solutions Corporation - Class A Common Stock,NASDAQ,USA,nasdaq_trader_nasdaqlisted,data/raw/source_providers/nasdaq_trader_nasdaqlisted/nasdaq_trader_nasdaqlisted.csv,COMMON_STOCK,IN_SCOPE,HIGH,Security name indicates common equity: COMMON STOCK.,,,,,,1,PRESERVE_EXISTING,Existing validated expanded_universe_v2_4b row preserved as base source.,,USD,XNAS,,,,,,,,,,,,common_equity
CTSO,Cytosorbents Corporation - Common Stock,NASDAQ,USA,nasdaq_trader_nasdaqlisted,data/raw/source_providers/nasdaq_trader_nasdaqlisted/nasdaq_trader_nasdaqlisted.csv,COMMON_STOCK,IN_SCOPE,HIGH,Security name indicates common equity: COMMON STOCK.,,,,,,1,PRESERVE_EXISTING,Existing validated expanded_universe_v2_4b row preserved as base source.,,USD,XNAS,,,,,,,,,,,,common_equity
CTW,CTW - Class A Ordinary Shares,NASDAQ,USA,nasdaq_trader_nasdaqlisted,data/raw/source_providers/nasdaq_trader_nasdaqlisted/nasdaq_trader_nasdaqlisted.csv,COMMON_STOCK,IN_SCOPE,HIGH,Security name indicates common equity: ORDINARY SHARES.,,,,,,1,PRESERVE_EXISTING,Existing validated expanded_universe_v2_4b row preserved as base source.,,USD,XNAS,,,,,,,,,,,,common_equity
CTXR,"Citius Pharmaceuticals, Inc. - Common Stock",NASDAQ,USA,nasdaq_trader_nasdaqlisted,data/raw/source_providers/nasdaq_trader_nasdaqlisted/nasdaq_trader_nasdaqlisted.csv,COMMON_STOCK,IN_SCOPE,HIGH,Security name indicates common equity: COMMON STOCK.,,,,,,1,PRESERVE_EXISTING,Existing validated expanded_universe_v2_4b row preserved as base source.,,USD,XNAS,,,,,,,,,,,,common_equity
CUB,Lionheart Holdings - Class A Ordinary Shares,NASDAQ,USA,nasdaq_trader_nasdaqlisted,data/raw/source_providers/nasdaq_trader_nasdaqlisted/nasdaq_trader_nasdaqlisted.csv,COMMON_STOCK,IN_SCOPE,HIGH,Security name indicates common equity: ORDINARY SHARES.,,,,,,1,PRESERVE_EXISTING,Existing validated expanded_universe_v2_4b row preserved as base source.,,USD,XNAS,,,,,,,,,,,,common_equity
CUE,"Cue Biopharma, Inc. - Common Stock",NASDAQ,USA,nasdaq_trader_nasdaqlisted,data/raw/source_providers/nasdaq_trader_nasdaqlisted/nasdaq_trader_nasdaqlisted.csv,COMMON_STOCK,IN_SCOPE,HIGH,Security name indicates common equity: COMMON STOCK.,,,,,,1,PRESERVE_EXISTING,Existing validated expanded_universe_v2_4b row preserved as base source.,,USD,XNAS,,,,,,,,,,,,common_equity
CULP,"Culp, Inc. - Common Shares",NASDAQ,USA,nasdaq_trader_nasdaqlisted,data/raw/source_providers/nasdaq_trader_nasdaqlisted/nasdaq_trader_nasdaqlisted.csv,COMMON_STOCK,IN_SCOPE,MEDIUM,No exclusion keyword detected; treated as common equity candidate.,,,,,,1,PRESERVE_EXISTING,Existing validated expanded_universe_v2_4b row preserved as base source.,,USD,XNAS,,,,,,,,,,,,common_equity
CUPR,Cuprina Holdings (Cayman) Limited - Class A Ordinary shares,NASDAQ,USA,nasdaq_trader_nasdaqlisted,data/raw/source_providers/nasdaq_trader_nasdaqlisted/nasdaq_trader_nasdaqlisted.csv,COMMON_STOCK,IN_SCOPE,HIGH,Security name indicates common equity: ORDINARY SHARES.,,,,,,1,PRESERVE_EXISTING,Existing validated expanded_universe_v2_4b row preserved as base source.,,USD,XNAS,,,,,,,,,,,,common_equity
CURI,CuriosityStream Inc. - Class A Common Stock,NASDAQ,USA,nasdaq_trader_nasdaqlisted,data/raw/source_providers/nasdaq_trader_nasdaqlisted/nasdaq_trader_nasdaqlisted.csv,COMMON_STOCK,IN_SCOPE,HIGH,Security name indicates common equity: COMMON STOCK.,,,,,,1,PRESERVE_EXISTING,Existing validated expanded_universe_v2_4b row preserved as base source.,,USD,XNAS,,,,,,,,,,,,common_equity
CURR,Currenc Group Inc. - Ordinary Shares,NASDAQ,USA,nasdaq_trader_nasdaqlisted,data/raw/source_providers/nasdaq_trader_nasdaqlisted/nasdaq_trader_nasdaqlisted.csv,COMMON_STOCK,IN_SCOPE,HIGH,Security name indicates common equity: ORDINARY SHARES.,,,,,,1,PRESERVE_EXISTING,Existing validated expanded_universe_v2_4b row preserved as base source.,,USD,XNAS,,,,,,,,,,,,common_equity
CURX,Curanex Pharmaceuticals Inc - Common Stock,NASDAQ,USA,nasdaq_trader_nasdaqlisted,data/raw/source_providers/nasdaq_trader_nasdaqlisted/nasdaq_trader_nasdaqlisted.csv,COMMON_STOCK,IN_SCOPE,HIGH,Security name indicates common equity: COMMON STOCK.,,,,,,1,PRESERVE_EXISTING,Existing validated expanded_universe_v2_4b row preserved as base source.,,USD,XNAS,,,,,,,,,,,,common_equity
CV,"CapsoVision, Inc. - Common Stock",NASDAQ,USA,nasdaq_trader_nasdaqlisted,data/raw/source_providers/nasdaq_trader_nasdaqlisted/nasdaq_trader_nasdaqlisted.csv,COMMON_STOCK,IN_SCOPE,HIGH,Security name indicates common equity: COMMON STOCK.,,,,,,1,PRESERVE_EXISTING,Existing validated expanded_universe_v2_4b row preserved as base source.,,USD,XNAS,,,,,,,,,,,,common_equity
CVBF,CVB Financial Corporation - Common Stock,NASDAQ,USA,nasdaq_trader_nasdaqlisted,data/raw/source_providers/nasdaq_trader_nasdaqlisted/nasdaq_trader_nasdaqlisted.csv,COMMON_STOCK,IN_SCOPE,HIGH,Security name indicates common equity: COMMON STOCK.,,,,,,1,PRESERVE_EXISTING,Existing validated expanded_universe_v2_4b row preserved as base source.,,USD,XNAS,,,,,,,,,,,,common_equity
CVCO,"Cavco Industries, Inc. - Common Stock",NASDAQ,USA,nasdaq_trader_nasdaqlisted,data/raw/source_providers/nasdaq_trader_nasdaqlisted/nasdaq_trader_nasdaqlisted.csv,COMMON_STOCK,IN_SCOPE,HIGH,Security name indicates common equity: COMMON STOCK.,,,,,,1,PRESERVE_EXISTING,Existing validated expanded_universe_v2_4b row preserved as base source.,,USD,XNAS,,,,,,,,,,,,common_equity
CVGI,"Commercial Vehicle Group, Inc. - Common Stock",NASDAQ,USA,nasdaq_trader_nasdaqlisted,data/raw/source_providers/nasdaq_trader_nasdaqlisted/nasdaq_trader_nasdaqlisted.csv,COMMON_STOCK,IN_SCOPE,HIGH,Security name indicates common equity: COMMON STOCK.,,,,,,1,PRESERVE_EXISTING,Existing validated expanded_universe_v2_4b row preserved as base source.,,USD,XNAS,,,,,,,,,,,,common_equity
CVKD,"Cadrenal Therapeutics, Inc. - Common Stock",NASDAQ,USA,nasdaq_trader_nasdaqlisted,data/raw/source_providers/nasdaq_trader_nasdaqlisted/nasdaq_trader_nasdaqlisted.csv,ADR,IN_SCOPE_ADR,MEDIUM,Security name indicates ADR/ADS: ADR.,,,,,,1,PRESERVE_EXISTING,Existing validated expanded_universe_v2_4b row preserved as base source.,,USD,XNAS,,,,,,,,,,,,adr_equity
CVLT,"Commvault Systems, Inc. - Common Stock",NASDAQ,USA,nasdaq_trader_nasdaqlisted,data/raw/source_providers/nasdaq_trader_nasdaqlisted/nasdaq_trader_nasdaqlisted.csv,COMMON_STOCK,IN_SCOPE,HIGH,Security name indicates common equity: COMMON STOCK.,,,,,,1,PRESERVE_EXISTING,Existing validated expanded_universe_v2_4b row preserved as base source.,,USD,XNAS,,,,,,,,,,,,common_equity
CVRX,"CVRx, Inc. - Common Stock",NASDAQ,USA,nasdaq_trader_nasdaqlisted,data/raw/source_providers/nasdaq_trader_nasdaqlisted/nasdaq_trader_nasdaqlisted.csv,COMMON_STOCK,IN_SCOPE,HIGH,Security name indicates common equity: COMMON STOCK.,,,,,,1,PRESERVE_EXISTING,Existing validated expanded_universe_v2_4b row preserved as base source.,,USD,XNAS,,,,,,,,,,,,common_equity
CVV,CVD Equipment Corporation - Common Stock,NASDAQ,USA,nasdaq_trader_nasdaqlisted,data/raw/source_providers/nasdaq_trader_nasdaqlisted/nasdaq_trader_nasdaqlisted.csv,COMMON_STOCK,IN_SCOPE,HIGH,Security name indicates common equity: COMMON STOCK.,,,,,,1,PRESERVE_EXISTING,Existing validated expanded_universe_v2_4b row preserved as base source.,,USD,XNAS,,,,,,,,,,,,common_equity
CWBC,Community West Bancshares - Common Stock,NASDAQ,USA,nasdaq_trader_nasdaqlisted,data/raw/source_providers/nasdaq_trader_nasdaqlisted/nasdaq_trader_nasdaqlisted.csv,COMMON_STOCK,IN_SCOPE,HIGH,Security name indicates common equity: COMMON STOCK.,,,,,,1,PRESERVE_EXISTING,Existing validated expanded_universe_v2_4b row preserved as base source.,,USD,XNAS,,,,,,,,,,,,common_equity
CWCO,Consolidated Water Co. Ltd. - Ordinary Shares,NASDAQ,USA,nasdaq_trader_nasdaqlisted,data/raw/source_providers/nasdaq_trader_nasdaqlisted/nasdaq_trader_nasdaqlisted.csv,COMMON_STOCK,IN_SCOPE,HIGH,Security name indicates common equity: ORDINARY SHARES.,,,,,,1,PRESERVE_EXISTING,Existing validated expanded_universe_v2_4b row preserved as base source.,,USD,XNAS,,,,,,,,,,,,common_equity
CWD,CaliberCos Inc. - Class A Common Stock,NASDAQ,USA,nasdaq_trader_nasdaqlisted,data/raw/source_providers/nasdaq_trader_nasdaqlisted/nasdaq_trader_nasdaqlisted.csv,COMMON_STOCK,IN_SCOPE,HIGH,Security name indicates common equity: COMMON STOCK.,,,,,,1,PRESERVE_EXISTING,Existing validated expanded_universe_v2_4b row preserved as base source.,,USD,XNAS,,,,,,,,,,,,common_equity
CWST,"Casella Waste Systems, Inc. - Class A Common Stock",NASDAQ,USA,nasdaq_trader_nasdaqlisted,data/raw/source_providers/nasdaq_trader_nasdaqlisted/nasdaq_trader_nasdaqlisted.csv,COMMON_STOCK,IN_SCOPE,HIGH,Security name indicates common equity: COMMON STOCK.,,,,,,1,PRESERVE_EXISTING,Existing validated expanded_universe_v2_4b row preserved as base source.,,USD,XNAS,,,,,,,,,,,,common_equity
CXAI,CXApp Inc. - Class A Common Stock,NASDAQ,USA,nasdaq_trader_nasdaqlisted,data/raw/source_providers/nasdaq_trader_nasdaqlisted/nasdaq_trader_nasdaqlisted.csv,COMMON_STOCK,IN_SCOPE,HIGH,Security name indicates common equity: COMMON STOCK.,,,,,,1,PRESERVE_EXISTING,Existing validated expanded_universe_v2_4b row preserved as base source.,,USD,XNAS,,,,,,,,,,,,common_equity
CXDO,"Crexendo, Inc. - Common Stock",NASDAQ,USA,nasdaq_trader_nasdaqlisted,data/raw/source_providers/nasdaq_trader_nasdaqlisted/nasdaq_trader_nasdaqlisted.csv,COMMON_STOCK,IN_SCOPE,HIGH,Security name indicates common equity: COMMON STOCK.,,,,,,1,PRESERVE_EXISTING,Existing validated expanded_universe_v2_4b row preserved as base source.,,USD,XNAS,,,,,,,,,,,,common_equity
CXII,Churchill Capital Corp XII - Class A Ordinary Shares,NASDAQ,USA,nasdaq_trader_nasdaqlisted,data/raw/source_providers/nasdaq_trader_nasdaqlisted/nasdaq_trader_nasdaqlisted.csv,COMMON_STOCK,IN_SCOPE,HIGH,Security name indicates common equity: ORDINARY SHARES.,,,,,,1,PRESERVE_EXISTING,Existing validated expanded_universe_v2_4b row preserved as base source.,,USD,XNAS,,,,,,,,,,,,common_equity
CYAB,"Cyabra, Inc. - Common Stock",NASDAQ,USA,nasdaq_trader_nasdaqlisted,data/raw/source_providers/nasdaq_trader_nasdaqlisted/nasdaq_trader_nasdaqlisted.csv,COMMON_STOCK,IN_SCOPE,HIGH,Security name indicates common equity: COMMON STOCK.,,,,,,1,PRESERVE_EXISTING,Existing validated expanded_universe_v2_4b row preserved as base source.,,USD,XNAS,,,,,,,,,,,,common_equity
CYCN,"Cyclerion Therapeutics, Inc. - Common Stock",NASDAQ,USA,nasdaq_trader_nasdaqlisted,data/raw/source_providers/nasdaq_trader_nasdaqlisted/nasdaq_trader_nasdaqlisted.csv,COMMON_STOCK,IN_SCOPE,HIGH,Security name indicates common equity: COMMON STOCK.,,,,,,1,PRESERVE_EXISTING,Existing validated expanded_universe_v2_4b row preserved as base source.,,USD,XNAS,,,,,,,,,,,,common_equity
CYCU,"Cycurion, Inc. - Common Stock",NASDAQ,USA,nasdaq_trader_nasdaqlisted,data/raw/source_providers/nasdaq_trader_nasdaqlisted/nasdaq_trader_nasdaqlisted.csv,COMMON_STOCK,IN_SCOPE,HIGH,Security name indicates common equity: COMMON STOCK.,,,,,,1,PRESERVE_EXISTING,Existing validated expanded_universe_v2_4b row preserved as base source.,,USD,XNAS,,,,,,,,,,,,common_equity
CYN,Cyngn Inc. - Common stock,NASDAQ,USA,nasdaq_trader_nasdaqlisted,data/raw/source_providers/nasdaq_trader_nasdaqlisted/nasdaq_trader_nasdaqlisted.csv,COMMON_STOCK,IN_SCOPE,HIGH,Security name indicates common equity: COMMON STOCK.,,,,,,1,PRESERVE_EXISTING,Existing validated expanded_universe_v2_4b row preserved as base source.,,USD,XNAS,,,,,,,,,,,,common_equity
CYPH,Cypherpunk Technologies Inc. - Common Stock,NASDAQ,USA,nasdaq_trader_nasdaqlisted,data/raw/source_providers/nasdaq_trader_nasdaqlisted/nasdaq_trader_nasdaqlisted.csv,COMMON_STOCK,IN_SCOPE,HIGH,Security name indicates common equity: COMMON STOCK.,,,,,,1,PRESERVE_EXISTING,Existing validated expanded_universe_v2_4b row preserved as base source.,,USD,XNAS,,,,,,,,,,,,common_equity
CYRX,"CryoPort, Inc. - Common Stock",NASDAQ,USA,nasdaq_trader_nasdaqlisted,data/raw/source_providers/nasdaq_trader_nasdaqlisted/nasdaq_trader_nasdaqlisted.csv,COMMON_STOCK,IN_SCOPE,HIGH,Security name indicates common equity: COMMON STOCK.,,,,,,1,PRESERVE_EXISTING,Existing validated expanded_universe_v2_4b row preserved as base source.,,USD,XNAS,,,,,,,,,,,,common_equity
CYTK,"Cytokinetics, Incorporated - Common Stock",NASDAQ,USA,nasdaq_trader_nasdaqlisted,data/raw/source_providers/nasdaq_trader_nasdaqlisted/nasdaq_trader_nasdaqlisted.csv,COMMON_STOCK,IN_SCOPE,HIGH,Security name indicates common equity: COMMON STOCK.,,,,,,1,PRESERVE_EXISTING,Existing validated expanded_universe_v2_4b row preserved as base source.,,USD,XNAS,,,,,,,,,,,,common_equity
CZFS,"Citizens Financial Services, Inc. - Common Stock",NASDAQ,USA,nasdaq_trader_nasdaqlisted,data/raw/source_providers/nasdaq_trader_nasdaqlisted/nasdaq_trader_nasdaqlisted.csv,COMMON_STOCK,IN_SCOPE,HIGH,Security name indicates common equity: COMMON STOCK.,,,,,,1,PRESERVE_EXISTING,Existing validated expanded_universe_v2_4b row preserved as base source.,,USD,XNAS,,,,,,,,,,,,common_equity
CZNC,Citizens & Northern Corp - Common Stock,NASDAQ,USA,nasdaq_trader_nasdaqlisted,data/raw/source_providers/nasdaq_trader_nasdaqlisted/nasdaq_trader_nasdaqlisted.csv,COMMON_STOCK,IN_SCOPE,HIGH,Security name indicates common equity: COMMON STOCK.,,,,,,1,PRESERVE_EXISTING,Existing validated expanded_universe_v2_4b row preserved as base source.,,USD,XNAS,,,,,,,,,,,,common_equity
CZR,"Caesars Entertainment, Inc. - Common Stock",NASDAQ,USA,nasdaq_trader_nasdaqlisted,data/raw/source_providers/nasdaq_trader_nasdaqlisted/nasdaq_trader_nasdaqlisted.csv,COMMON_STOCK,IN_SCOPE,HIGH,Security name indicates common equity: COMMON STOCK.,,,,,,1,PRESERVE_EXISTING,Existing validated expanded_universe_v2_4b row preserved as base source.,,USD,XNAS,,,,,,,,,,,,common_equity
CZWI,"Citizens Community Bancorp, Inc. - Common Stock",NASDAQ,USA,nasdaq_trader_nasdaqlisted,data/raw/source_providers/nasdaq_trader_nasdaqlisted/nasdaq_trader_nasdaqlisted.csv,COMMON_STOCK,IN_SCOPE,HIGH,Security name indicates common equity: COMMON STOCK.,,,,,,1,PRESERVE_EXISTING,Existing validated expanded_universe_v2_4b row preserved as base source.,,USD,XNAS,,,,,,,,,,,,common_equity
DAAQ,Digital Asset Acquisition Corp. - Class A Ordinary shares,NASDAQ,USA,nasdaq_trader_nasdaqlisted,data/raw/source_providers/nasdaq_trader_nasdaqlisted/nasdaq_trader_nasdaqlisted.csv,COMMON_STOCK,IN_SCOPE,HIGH,Security name indicates common equity: ORDINARY SHARES.,,,,,,1,PRESERVE_EXISTING,Existing validated expanded_universe_v2_4b row preserved as base source.,,USD,XNAS,,,,,,,,,,,,common_equity
DAIC,"CID HoldCo, Inc. - Common Stock",NASDAQ,USA,nasdaq_trader_nasdaqlisted,data/raw/source_providers/nasdaq_trader_nasdaqlisted/nasdaq_trader_nasdaqlisted.csv,COMMON_STOCK,IN_SCOPE,HIGH,Security name indicates common equity: COMMON STOCK.,,,,,,1,PRESERVE_EXISTING,Existing validated expanded_universe_v2_4b row preserved as base source.,,USD,XNAS,,,,,,,,,,,,common_equity
DAIO,Data I/O Corporation - Common Stock,NASDAQ,USA,nasdaq_trader_nasdaqlisted,data/raw/source_providers/nasdaq_trader_nasdaqlisted/nasdaq_trader_nasdaqlisted.csv,COMMON_STOCK,IN_SCOPE,HIGH,Security name indicates common equity: COMMON STOCK.,,,,,,1,PRESERVE_EXISTING,Existing validated expanded_universe_v2_4b row preserved as base source.,,USD,XNAS,,,,,,,,,,,,common_equity
DAKT,"Daktronics, Inc. - Common Stock",NASDAQ,USA,nasdaq_trader_nasdaqlisted,data/raw/source_providers/nasdaq_trader_nasdaqlisted/nasdaq_trader_nasdaqlisted.csv,COMMON_STOCK,IN_SCOPE,HIGH,Security name indicates common equity: COMMON STOCK.,,,,,,1,PRESERVE_EXISTING,Existing validated expanded_universe_v2_4b row preserved as base source.,,USD,XNAS,,,,,,,,,,,,common_equity
DARE,"Dare Bioscience, Inc. - Common Stock",NASDAQ,USA,nasdaq_trader_nasdaqlisted,data/raw/source_providers/nasdaq_trader_nasdaqlisted/nasdaq_trader_nasdaqlisted.csv,COMMON_STOCK,IN_SCOPE,HIGH,Security name indicates common equity: COMMON STOCK.,,,,,,1,PRESERVE_EXISTING,Existing validated expanded_universe_v2_4b row preserved as base source.,,USD,XNAS,,,,,,,,,,,,common_equity
DASH,"DoorDash, Inc. - Common Stock",NASDAQ,USA,nasdaq_trader_nasdaqlisted,data/raw/source_providers/nasdaq_trader_nasdaqlisted/nasdaq_trader_nasdaqlisted.csv,COMMON_STOCK,IN_SCOPE,HIGH,Security name indicates common equity: COMMON STOCK.,,,,,,1,PRESERVE_EXISTING,Existing validated expanded_universe_v2_4b row preserved as base source.,,USD,XNAS,,,,,,,,,,,,common_equity
DAVE,Dave Inc. - Class A Common Stock,NASDAQ,USA,nasdaq_trader_nasdaqlisted,data/raw/source_providers/nasdaq_trader_nasdaqlisted/nasdaq_trader_nasdaqlisted.csv,COMMON_STOCK,IN_SCOPE,HIGH,Security name indicates common equity: COMMON STOCK.,,,,,,1,PRESERVE_EXISTING,Existing validated expanded_universe_v2_4b row preserved as base source.,,USD,XNAS,,,,,,,,,,,,common_equity
DBCA,D. Boral Acquisition I Corp. - Class A Ordinary Shares,NASDAQ,USA,nasdaq_trader_nasdaqlisted,data/raw/source_providers/nasdaq_trader_nasdaqlisted/nasdaq_trader_nasdaqlisted.csv,COMMON_STOCK,IN_SCOPE,HIGH,Security name indicates common equity: ORDINARY SHARES.,,,,,,1,PRESERVE_EXISTING,Existing validated expanded_universe_v2_4b row preserved as base source.,,USD,XNAS,,,,,,,,,,,,common_equity
DBGI,"Digital Brands Group, Inc. - Common Stock",NASDAQ,USA,nasdaq_trader_nasdaqlisted,data/raw/source_providers/nasdaq_trader_nasdaqlisted/nasdaq_trader_nasdaqlisted.csv,COMMON_STOCK,IN_SCOPE,HIGH,Security name indicates common equity: COMMON STOCK.,,,,,,1,PRESERVE_EXISTING,Existing validated expanded_universe_v2_4b row preserved as base source.,,USD,XNAS,,,,,,,,,,,,common_equity
DBX,"Dropbox, Inc. - Class A Common Stock",NASDAQ,USA,nasdaq_trader_nasdaqlisted,data/raw/source_providers/nasdaq_trader_nasdaqlisted/nasdaq_trader_nasdaqlisted.csv,COMMON_STOCK,IN_SCOPE,HIGH,Security name indicates common equity: COMMON STOCK.,,,,,,1,PRESERVE_EXISTING,Existing validated expanded_universe_v2_4b row preserved as base source.,,USD,XNAS,,,,,,,,,,,,common_equity
DCBO,Docebo Inc. - Common Shares,NASDAQ,USA,nasdaq_trader_nasdaqlisted,data/raw/source_providers/nasdaq_trader_nasdaqlisted/nasdaq_trader_nasdaqlisted.csv,COMMON_STOCK,IN_SCOPE,MEDIUM,No exclusion keyword detected; treated as common equity candidate.,,,,,,1,PRESERVE_EXISTING,Existing validated expanded_universe_v2_4b row preserved as base source.,,USD,XNAS,,,,,,,,,,,,common_equity
DCGO,DocGo Inc. - Common Stock,NASDAQ,USA,nasdaq_trader_nasdaqlisted,data/raw/source_providers/nasdaq_trader_nasdaqlisted/nasdaq_trader_nasdaqlisted.csv,COMMON_STOCK,IN_SCOPE,HIGH,Security name indicates common equity: COMMON STOCK.,,,,,,1,PRESERVE_EXISTING,Existing validated expanded_universe_v2_4b row preserved as base source.,,USD,XNAS,,,,,,,,,,,,common_equity
DCOY,Decoy Therapeutics Inc. - Common Stock,NASDAQ,USA,nasdaq_trader_nasdaqlisted,data/raw/source_providers/nasdaq_trader_nasdaqlisted/nasdaq_trader_nasdaqlisted.csv,COMMON_STOCK,IN_SCOPE,HIGH,Security name indicates common equity: COMMON STOCK.,,,,,,1,PRESERVE_EXISTING,Existing validated expanded_universe_v2_4b row preserved as base source.,,USD,XNAS,,,,,,,,,,,,common_equity
DCTH,"Delcath Systems, Inc. - Common Stock",NASDAQ,USA,nasdaq_trader_nasdaqlisted,data/raw/source_providers/nasdaq_trader_nasdaqlisted/nasdaq_trader_nasdaqlisted.csv,COMMON_STOCK,IN_SCOPE,HIGH,Security name indicates common equity: COMMON STOCK.,,,,,,1,PRESERVE_EXISTING,Existing validated expanded_universe_v2_4b row preserved as base source.,,USD,XNAS,,,,,,,,,,,,common_equity
DCX,Digital Currency X Technology Inc. - Class A Ordinary Shares,NASDAQ,USA,nasdaq_trader_nasdaqlisted,data/raw/source_providers/nasdaq_trader_nasdaqlisted/nasdaq_trader_nasdaqlisted.csv,COMMON_STOCK,IN_SCOPE,HIGH,Security name indicates common equity: ORDINARY SHARES.,,,,,,1,PRESERVE_EXISTING,Existing validated expanded_universe_v2_4b row preserved as base source.,,USD,XNAS,,,,,,,,,,,,common_equity
DDI,"DoubleDown Interactive Co., Ltd. - American Depository Shares",NASDAQ,USA,nasdaq_trader_nasdaqlisted,data/raw/source_providers/nasdaq_trader_nasdaqlisted/nasdaq_trader_nasdaqlisted.csv,ADR,IN_SCOPE_ADR,MEDIUM,Security name indicates ADR/ADS: AMERICAN DEPOSITORY.,,,,,,1,PRESERVE_EXISTING,Existing validated expanded_universe_v2_4b row preserved as base source.,,USD,XNAS,,,,,,,,,,,,adr_equity
DDOG,"Datadog, Inc. - Class A Common Stock",NASDAQ,USA,nasdaq_trader_nasdaqlisted,data/raw/source_providers/nasdaq_trader_nasdaqlisted/nasdaq_trader_nasdaqlisted.csv,COMMON_STOCK,IN_SCOPE,HIGH,Security name indicates common equity: COMMON STOCK.,,,,,,1,PRESERVE_EXISTING,Existing validated expanded_universe_v2_4b row preserved as base source.,,USD,XNAS,,,,,,,,,,,,common_equity
DEFT,"Defi Technologies, Inc. - Common Stock",NASDAQ,USA,nasdaq_trader_nasdaqlisted,data/raw/source_providers/nasdaq_trader_nasdaqlisted/nasdaq_trader_nasdaqlisted.csv,COMMON_STOCK,IN_SCOPE,HIGH,Security name indicates common equity: COMMON STOCK.,,,,,,1,PRESERVE_EXISTING,Existing validated expanded_universe_v2_4b row preserved as base source.,,USD,XNAS,,,,,,,,,,,,common_equity
DERM,Journey Medical Corporation - Common Stock,NASDAQ,USA,nasdaq_trader_nasdaqlisted,data/raw/source_providers/nasdaq_trader_nasdaqlisted/nasdaq_trader_nasdaqlisted.csv,COMMON_STOCK,IN_SCOPE,HIGH,Security name indicates common equity: COMMON STOCK.,,,,,,1,PRESERVE_EXISTING,Existing validated expanded_universe_v2_4b row preserved as base source.,,USD,XNAS,,,,,,,,,,,,common_equity
DETX,"Liberty Defense Holdings, Ltd. - Common Shares",NASDAQ,USA,nasdaq_trader_nasdaqlisted,data/raw/source_providers/nasdaq_trader_nasdaqlisted/nasdaq_trader_nasdaqlisted.csv,COMMON_STOCK,IN_SCOPE,MEDIUM,No exclusion keyword detected; treated as common equity candidate.,,,,,,1,PRESERVE_EXISTING,Existing validated expanded_universe_v2_4b row preserved as base source.,,USD,XNAS,,,,,,,,,,,,common_equity
DFDV,DeFi Development Corp. - Common Stock,NASDAQ,USA,nasdaq_trader_nasdaqlisted,data/raw/source_providers/nasdaq_trader_nasdaqlisted/nasdaq_trader_nasdaqlisted.csv,COMMON_STOCK,IN_SCOPE,HIGH,Security name indicates common equity: COMMON STOCK.,,,,,,1,PRESERVE_EXISTING,Existing validated expanded_universe_v2_4b row preserved as base source.,,USD,XNAS,,,,,,,,,,,,common_equity
DFLI,Dragonfly Energy Holdings Corp - Common Stock,NASDAQ,USA,nasdaq_trader_nasdaqlisted,data/raw/source_providers/nasdaq_trader_nasdaqlisted/nasdaq_trader_nasdaqlisted.csv,COMMON_STOCK,IN_SCOPE,HIGH,Security name indicates common equity: COMMON STOCK.,,,,,,1,PRESERVE_EXISTING,Existing validated expanded_universe_v2_4b row preserved as base source.,,USD,XNAS,,,,,,,,,,,,common_equity
DFNS,T3 Defense Inc. - Common Stock,NASDAQ,USA,nasdaq_trader_nasdaqlisted,data/raw/source_providers/nasdaq_trader_nasdaqlisted/nasdaq_trader_nasdaqlisted.csv,COMMON_STOCK,IN_SCOPE,HIGH,Security name indicates common equity: COMMON STOCK.,,,,,,1,PRESERVE_EXISTING,Existing validated expanded_universe_v2_4b row preserved as base source.,,USD,XNAS,,,,,,,,,,,,common_equity
DFSC,"DEFSEC Technologies Inc. - common stock, no R/S concurrent with offering",NASDAQ,USA,nasdaq_trader_nasdaqlisted,data/raw/source_providers/nasdaq_trader_nasdaqlisted/nasdaq_trader_nasdaqlisted.csv,COMMON_STOCK,IN_SCOPE,HIGH,Security name indicates common equity: COMMON STOCK.,,,,,,1,PRESERVE_EXISTING,Existing validated expanded_universe_v2_4b row preserved as base source.,,USD,XNAS,,,,,,,,,,,,common_equity
DFTX,"Definium Therapeutics, Inc. - Common Shares",NASDAQ,USA,nasdaq_trader_nasdaqlisted,data/raw/source_providers/nasdaq_trader_nasdaqlisted/nasdaq_trader_nasdaqlisted.csv,COMMON_STOCK,IN_SCOPE,MEDIUM,No exclusion keyword detected; treated as common equity candidate.,,,,,,1,PRESERVE_EXISTING,Existing validated expanded_universe_v2_4b row preserved as base source.,,USD,XNAS,,,,,,,,,,,,common_equity
DGICA,"Donegal Group, Inc. - Class A Common Stock",NASDAQ,USA,nasdaq_trader_nasdaqlisted,data/raw/source_providers/nasdaq_trader_nasdaqlisted/nasdaq_trader_nasdaqlisted.csv,COMMON_STOCK,IN_SCOPE,HIGH,Security name indicates common equity: COMMON STOCK.,,,,,,1,PRESERVE_EXISTING,Existing validated expanded_universe_v2_4b row preserved as base source.,,USD,XNAS,,,,,,,,,,,,common_equity
DGICB,"Donegal Group, Inc. - Class B Common Stock",NASDAQ,USA,nasdaq_trader_nasdaqlisted,data/raw/source_providers/nasdaq_trader_nasdaqlisted/nasdaq_trader_nasdaqlisted.csv,COMMON_STOCK,IN_SCOPE,HIGH,Security name indicates common equity: COMMON STOCK.,,,,,,1,PRESERVE_EXISTING,Existing validated expanded_universe_v2_4b row preserved as base source.,,USD,XNAS,,,,,,,,,,,,common_equity
DGII,Digi International Inc. - Common Stock,NASDAQ,USA,nasdaq_trader_nasdaqlisted,data/raw/source_providers/nasdaq_trader_nasdaqlisted/nasdaq_trader_nasdaqlisted.csv,COMMON_STOCK,IN_SCOPE,HIGH,Security name indicates common equity: COMMON STOCK.,,,,,,1,PRESERVE_EXISTING,Existing validated expanded_universe_v2_4b row preserved as base source.,,USD,XNAS,,,,,,,,,,,,common_equity
DGNX,Diginex Limited - Ordinary Shares,NASDAQ,USA,nasdaq_trader_nasdaqlisted,data/raw/source_providers/nasdaq_trader_nasdaqlisted/nasdaq_trader_nasdaqlisted.csv,COMMON_STOCK,IN_SCOPE,HIGH,Security name indicates common equity: ORDINARY SHARES.,,,,,,1,PRESERVE_EXISTING,Existing validated expanded_universe_v2_4b row preserved as base source.,,USD,XNAS,,,,,,,,,,,,common_equity
DGXX,Digi Power X Inc. - Common Subordinate Voting Shares,NASDAQ,USA,nasdaq_trader_nasdaqlisted,data/raw/source_providers/nasdaq_trader_nasdaqlisted/nasdaq_trader_nasdaqlisted.csv,COMMON_STOCK,IN_SCOPE,MEDIUM,No exclusion keyword detected; treated as common equity candidate.,,,,,,1,PRESERVE_EXISTING,Existing validated expanded_universe_v2_4b row preserved as base source.,,USD,XNAS,,,,,,,,,,,,common_equity
DH,Definitive Healthcare Corp. - Class A Common Stock,NASDAQ,USA,nasdaq_trader_nasdaqlisted,data/raw/source_providers/nasdaq_trader_nasdaqlisted/nasdaq_trader_nasdaqlisted.csv,COMMON_STOCK,IN_SCOPE,HIGH,Security name indicates common equity: COMMON STOCK.,,,,,,1,PRESERVE_EXISTING,Existing validated expanded_universe_v2_4b row preserved as base source.,,USD,XNAS,,,,,,,,,,,,common_equity
DHC,Diversified Healthcare Trust - Common Shares of Beneficial Interest,NASDAQ,USA,nasdaq_trader_nasdaqlisted,data/raw/source_providers/nasdaq_trader_nasdaqlisted/nasdaq_trader_nasdaqlisted.csv,COMMON_STOCK,IN_SCOPE,MEDIUM,No exclusion keyword detected; treated as common equity candidate.,,,,,,1,PRESERVE_EXISTING,Existing validated expanded_universe_v2_4b row preserved as base source.,,USD,XNAS,,,,,,,,,,,,common_equity
DIBS,"1stdibs.com, Inc. - Common Stock",NASDAQ,USA,nasdaq_trader_nasdaqlisted,data/raw/source_providers/nasdaq_trader_nasdaqlisted/nasdaq_trader_nasdaqlisted.csv,COMMON_STOCK,IN_SCOPE,HIGH,Security name indicates common equity: COMMON STOCK.,,,,,,1,PRESERVE_EXISTING,Existing validated expanded_universe_v2_4b row preserved as base source.,,USD,XNAS,,,,,,,,,,,,common_equity
DIOD,Diodes Incorporated - Common Stock,NASDAQ,USA,nasdaq_trader_nasdaqlisted,data/raw/source_providers/nasdaq_trader_nasdaqlisted/nasdaq_trader_nasdaqlisted.csv,COMMON_STOCK,IN_SCOPE,HIGH,Security name indicates common equity: COMMON STOCK.,,,,,,1,PRESERVE_EXISTING,Existing validated expanded_universe_v2_4b row preserved as base source.,,USD,XNAS,,,,,,,,,,,,common_equity
DJCO,Daily Journal Corp. (S.C.) - Common Stock,NASDAQ,USA,nasdaq_trader_nasdaqlisted,data/raw/source_providers/nasdaq_trader_nasdaqlisted/nasdaq_trader_nasdaqlisted.csv,COMMON_STOCK,IN_SCOPE,HIGH,Security name indicates common equity: COMMON STOCK.,,,,,,1,PRESERVE_EXISTING,Existing validated expanded_universe_v2_4b row preserved as base source.,,USD,XNAS,,,,,,,,,,,,common_equity
DJT,Trump Media & Technology Group Corp. - Common Stock,NASDAQ,USA,nasdaq_trader_nasdaqlisted,data/raw/source_providers/nasdaq_trader_nasdaqlisted/nasdaq_trader_nasdaqlisted.csv,COMMON_STOCK,IN_SCOPE,HIGH,Security name indicates common equity: COMMON STOCK.,,,,,,1,PRESERVE_EXISTING,Existing validated expanded_universe_v2_4b row preserved as base source.,,USD,XNAS,,,,,,,,,,,,common_equity
DKI,DarkIris Inc. - Class A Ordinary Shares,NASDAQ,USA,nasdaq_trader_nasdaqlisted,data/raw/source_providers/nasdaq_trader_nasdaqlisted/nasdaq_trader_nasdaqlisted.csv,COMMON_STOCK,IN_SCOPE,HIGH,Security name indicates common equity: ORDINARY SHARES.,,,,,,1,PRESERVE_EXISTING,Existing validated expanded_universe_v2_4b row preserved as base source.,,USD,XNAS,,,,,,,,,,,,common_equity
DKNG,DraftKings Inc. - Class A Common Stock,NASDAQ,USA,nasdaq_trader_nasdaqlisted,data/raw/source_providers/nasdaq_trader_nasdaqlisted/nasdaq_trader_nasdaqlisted.csv,COMMON_STOCK,IN_SCOPE,HIGH,Security name indicates common equity: COMMON STOCK.,,,,,,1,PRESERVE_EXISTING,Existing validated expanded_universe_v2_4b row preserved as base source.,,USD,XNAS,,,,,,,,,,,,common_equity
DLHC,DLH Holdings Corp. - Common Stock,NASDAQ,USA,nasdaq_trader_nasdaqlisted,data/raw/source_providers/nasdaq_trader_nasdaqlisted/nasdaq_trader_nasdaqlisted.csv,COMMON_STOCK,IN_SCOPE,HIGH,Security name indicates common equity: COMMON STOCK.,,,,,,1,PRESERVE_EXISTING,Existing validated expanded_universe_v2_4b row preserved as base source.,,USD,XNAS,,,,,,,,,,,,common_equity
DLO,DLocal Limited - Class A Common Shares,NASDAQ,USA,nasdaq_trader_nasdaqlisted,data/raw/source_providers/nasdaq_trader_nasdaqlisted/nasdaq_trader_nasdaqlisted.csv,COMMON_STOCK,IN_SCOPE,HIGH,Security name indicates common equity: CLASS A.,,,,,,1,PRESERVE_EXISTING,Existing validated expanded_universe_v2_4b row preserved as base source.,,USD,XNAS,,,,,,,,,,,,common_equity
DLPN,"Dolphin Entertainment, Inc. - Common Stock",NASDAQ,USA,nasdaq_trader_nasdaqlisted,data/raw/source_providers/nasdaq_trader_nasdaqlisted/nasdaq_trader_nasdaqlisted.csv,COMMON_STOCK,IN_SCOPE,HIGH,Security name indicates common equity: COMMON STOCK.,,,,,,1,PRESERVE_EXISTING,Existing validated expanded_universe_v2_4b row preserved as base source.,,USD,XNAS,,,,,,,,,,,,common_equity
DLTH,Duluth Holdings Inc. - Class B Common Stock,NASDAQ,USA,nasdaq_trader_nasdaqlisted,data/raw/source_providers/nasdaq_trader_nasdaqlisted/nasdaq_trader_nasdaqlisted.csv,COMMON_STOCK,IN_SCOPE,HIGH,Security name indicates common equity: COMMON STOCK.,,,,,,1,PRESERVE_EXISTING,Existing validated expanded_universe_v2_4b row preserved as base source.,,USD,XNAS,,,,,,,,,,,,common_equity
DLTR,"Dollar Tree, Inc. - Common Stock",NASDAQ,USA,nasdaq_trader_nasdaqlisted,data/raw/source_providers/nasdaq_trader_nasdaqlisted/nasdaq_trader_nasdaqlisted.csv,COMMON_STOCK,IN_SCOPE,HIGH,Security name indicates common equity: COMMON STOCK.,,,,,,1,PRESERVE_EXISTING,Existing validated expanded_universe_v2_4b row preserved as base source.,,USD,XNAS,,,,,,,,,,,,common_equity
DLXY,Delixy Holdings Limited - Class A Ordinary Shares,NASDAQ,USA,nasdaq_trader_nasdaqlisted,data/raw/source_providers/nasdaq_trader_nasdaqlisted/nasdaq_trader_nasdaqlisted.csv,COMMON_STOCK,IN_SCOPE,HIGH,Security name indicates common equity: ORDINARY SHARES.,,,,,,1,PRESERVE_EXISTING,Existing validated expanded_universe_v2_4b row preserved as base source.,,USD,XNAS,,,,,,,,,,,,common_equity
DMAA,Drugs Made In America Acquisition Corp. - Ordinary Shares,NASDAQ,USA,nasdaq_trader_nasdaqlisted,data/raw/source_providers/nasdaq_trader_nasdaqlisted/nasdaq_trader_nasdaqlisted.csv,COMMON_STOCK,IN_SCOPE,HIGH,Security name indicates common equity: ORDINARY SHARES.,,,,,,1,PRESERVE_EXISTING,Existing validated expanded_universe_v2_4b row preserved as base source.,,USD,XNAS,,,,,,,,,,,,common_equity
DMAC,DiaMedica Therapeutics Inc. - Common Stock,NASDAQ,USA,nasdaq_trader_nasdaqlisted,data/raw/source_providers/nasdaq_trader_nasdaqlisted/nasdaq_trader_nasdaqlisted.csv,COMMON_STOCK,IN_SCOPE,HIGH,Security name indicates common equity: COMMON STOCK.,,,,,,1,PRESERVE_EXISTING,Existing validated expanded_universe_v2_4b row preserved as base source.,,USD,XNAS,,,,,,,,,,,,common_equity
DMII,Drugs Made In America Acquisition II Corp. - Ordinary Shares,NASDAQ,USA,nasdaq_trader_nasdaqlisted,data/raw/source_providers/nasdaq_trader_nasdaqlisted/nasdaq_trader_nasdaqlisted.csv,COMMON_STOCK,IN_SCOPE,HIGH,Security name indicates common equity: ORDINARY SHARES.,,,,,,1,PRESERVE_EXISTING,Existing validated expanded_universe_v2_4b row preserved as base source.,,USD,XNAS,,,,,,,,,,,,common_equity
DMRA,"Damora Therapeutics, Inc. - Common Stock",NASDAQ,USA,nasdaq_trader_nasdaqlisted,data/raw/source_providers/nasdaq_trader_nasdaqlisted/nasdaq_trader_nasdaqlisted.csv,COMMON_STOCK,IN_SCOPE,HIGH,Security name indicates common equity: COMMON STOCK.,,,,,,1,PRESERVE_EXISTING,Existing validated expanded_universe_v2_4b row preserved as base source.,,USD,XNAS,,,,,,,,,,,,common_equity
DMRC,Digimarc Corporation - Common Stock,NASDAQ,USA,nasdaq_trader_nasdaqlisted,data/raw/source_providers/nasdaq_trader_nasdaqlisted/nasdaq_trader_nasdaqlisted.csv,COMMON_STOCK,IN_SCOPE,HIGH,Security name indicates common equity: COMMON STOCK.,,,,,,1,PRESERVE_EXISTING,Existing validated expanded_universe_v2_4b row preserved as base source.,,USD,XNAS,,,,,,,,,,,,common_equity
DNLI,Denali Therapeutics Inc. - Common Stock,NASDAQ,USA,nasdaq_trader_nasdaqlisted,data/raw/source_providers/nasdaq_trader_nasdaqlisted/nasdaq_trader_nasdaqlisted.csv,COMMON_STOCK,IN_SCOPE,HIGH,Security name indicates common equity: COMMON STOCK.,,,,,,1,PRESERVE_EXISTING,Existing validated expanded_universe_v2_4b row preserved as base source.,,USD,XNAS,,,,,,,,,,,,common_equity
DNMX,Dynamix Corporation III - Class A Ordinary Shares,NASDAQ,USA,nasdaq_trader_nasdaqlisted,data/raw/source_providers/nasdaq_trader_nasdaqlisted/nasdaq_trader_nasdaqlisted.csv,COMMON_STOCK,IN_SCOPE,HIGH,Security name indicates common equity: ORDINARY SHARES.,,,,,,1,PRESERVE_EXISTING,Existing validated expanded_universe_v2_4b row preserved as base source.,,USD,XNAS,,,,,,,,,,,,common_equity
DNTH,"Dianthus Therapeutics, Inc. - Common Stock",NASDAQ,USA,nasdaq_trader_nasdaqlisted,data/raw/source_providers/nasdaq_trader_nasdaqlisted/nasdaq_trader_nasdaqlisted.csv,COMMON_STOCK,IN_SCOPE,HIGH,Security name indicates common equity: COMMON STOCK.,,,,,,1,PRESERVE_EXISTING,Existing validated expanded_universe_v2_4b row preserved as base source.,,USD,XNAS,,,,,,,,,,,,common_equity
DNUT,"Krispy Kreme, Inc. - Common Stock",NASDAQ,USA,nasdaq_trader_nasdaqlisted,data/raw/source_providers/nasdaq_trader_nasdaqlisted/nasdaq_trader_nasdaqlisted.csv,COMMON_STOCK,IN_SCOPE,HIGH,Security name indicates common equity: COMMON STOCK.,,,,,,1,PRESERVE_EXISTING,Existing validated expanded_universe_v2_4b row preserved as base source.,,USD,XNAS,,,,,,,,,,,,common_equity
DOCU,"DocuSign, Inc. - Common Stock",NASDAQ,USA,nasdaq_trader_nasdaqlisted,data/raw/source_providers/nasdaq_trader_nasdaqlisted/nasdaq_trader_nasdaqlisted.csv,COMMON_STOCK,IN_SCOPE,HIGH,Security name indicates common equity: COMMON STOCK.,,,,,,1,PRESERVE_EXISTING,Existing validated expanded_universe_v2_4b row preserved as base source.,,USD,XNAS,,,,,,,,,,,,common_equity
DOGZ,Dogness (International) Corporation - Class A Common Stock,NASDAQ,USA,nasdaq_trader_nasdaqlisted,data/raw/source_providers/nasdaq_trader_nasdaqlisted/nasdaq_trader_nasdaqlisted.csv,COMMON_STOCK,IN_SCOPE,HIGH,Security name indicates common equity: COMMON STOCK.,,,,,,1,PRESERVE_EXISTING,Existing validated expanded_universe_v2_4b row preserved as base source.,,USD,XNAS,,,,,,,,,,,,common_equity
DOMH,Dominari Holdings Inc. - Common Stock,NASDAQ,USA,nasdaq_trader_nasdaqlisted,data/raw/source_providers/nasdaq_trader_nasdaqlisted/nasdaq_trader_nasdaqlisted.csv,COMMON_STOCK,IN_SCOPE,HIGH,Security name indicates common equity: COMMON STOCK.,,,,,,1,PRESERVE_EXISTING,Existing validated expanded_universe_v2_4b row preserved as base source.,,USD,XNAS,,,,,,,,,,,,common_equity
DOMO,"Domo, Inc. - Class B Common Stock",NASDAQ,USA,nasdaq_trader_nasdaqlisted,data/raw/source_providers/nasdaq_trader_nasdaqlisted/nasdaq_trader_nasdaqlisted.csv,COMMON_STOCK,IN_SCOPE,HIGH,Security name indicates common equity: COMMON STOCK.,,,,,,1,PRESERVE_EXISTING,Existing validated expanded_universe_v2_4b row preserved as base source.,,USD,XNAS,,,,,,,,,,,,common_equity
DOO,BRP Inc. - Common Subordinate Voting Shares,NASDAQ,USA,nasdaq_trader_nasdaqlisted,data/raw/source_providers/nasdaq_trader_nasdaqlisted/nasdaq_trader_nasdaqlisted.csv,COMMON_STOCK,IN_SCOPE,MEDIUM,No exclusion keyword detected; treated as common equity candidate.,,,,,,1,PRESERVE_EXISTING,Existing validated expanded_universe_v2_4b row preserved as base source.,,USD,XNAS,,,,,,,,,,,,common_equity
DORM,"Dorman Products, Inc. - Common Stock",NASDAQ,USA,nasdaq_trader_nasdaqlisted,data/raw/source_providers/nasdaq_trader_nasdaqlisted/nasdaq_trader_nasdaqlisted.csv,COMMON_STOCK,IN_SCOPE,HIGH,Security name indicates common equity: COMMON STOCK.,,,,,,1,PRESERVE_EXISTING,Existing validated expanded_universe_v2_4b row preserved as base source.,,USD,XNAS,,,,,,,,,,,,common_equity
DOX,Amdocs Limited - Ordinary Shares,NASDAQ,USA,nasdaq_trader_nasdaqlisted,data/raw/source_providers/nasdaq_trader_nasdaqlisted/nasdaq_trader_nasdaqlisted.csv,COMMON_STOCK,IN_SCOPE,HIGH,Security name indicates common equity: ORDINARY SHARES.,,,,,,1,PRESERVE_EXISTING,Existing validated expanded_universe_v2_4b row preserved as base source.,,USD,XNAS,,,,,,,,,,,,common_equity
DPRO,Draganfly Inc. - Common Shares,NASDAQ,USA,nasdaq_trader_nasdaqlisted,data/raw/source_providers/nasdaq_trader_nasdaqlisted/nasdaq_trader_nasdaqlisted.csv,COMMON_STOCK,IN_SCOPE,MEDIUM,No exclusion keyword detected; treated as common equity candidate.,,,,,,1,PRESERVE_EXISTING,Existing validated expanded_universe_v2_4b row preserved as base source.,,USD,XNAS,,,,,,,,,,,,common_equity
DPZ,Domino's Pizza Inc - Common Stock,NASDAQ,USA,nasdaq_trader_nasdaqlisted,data/raw/source_providers/nasdaq_trader_nasdaqlisted/nasdaq_trader_nasdaqlisted.csv,COMMON_STOCK,IN_SCOPE,HIGH,Security name indicates common equity: COMMON STOCK.,,,,,,1,PRESERVE_EXISTING,Existing validated expanded_universe_v2_4b row preserved as base source.,,USD,XNAS,,,,,,,,,,,,common_equity
DRCT,"Direct Digital Holdings, Inc. - Class A Common Stock",NASDAQ,USA,nasdaq_trader_nasdaqlisted,data/raw/source_providers/nasdaq_trader_nasdaqlisted/nasdaq_trader_nasdaqlisted.csv,COMMON_STOCK,IN_SCOPE,HIGH,Security name indicates common equity: COMMON STOCK.,,,,,,1,PRESERVE_EXISTING,Existing validated expanded_universe_v2_4b row preserved as base source.,,USD,XNAS,,,,,,,,,,,,common_equity
DRDB,Roman DBDR Acquisition Corp. II - Ordinary shares,NASDAQ,USA,nasdaq_trader_nasdaqlisted,data/raw/source_providers/nasdaq_trader_nasdaqlisted/nasdaq_trader_nasdaqlisted.csv,COMMON_STOCK,IN_SCOPE,HIGH,Security name indicates common equity: ORDINARY SHARES.,,,,,,1,PRESERVE_EXISTING,Existing validated expanded_universe_v2_4b row preserved as base source.,,USD,XNAS,,,,,,,,,,,,common_equity
DRH,Diamondrock Hospitality Company - Common Stock,NASDAQ,USA,nasdaq_trader_nasdaqlisted,data/raw/source_providers/nasdaq_trader_nasdaqlisted/nasdaq_trader_nasdaqlisted.csv,COMMON_STOCK,IN_SCOPE,HIGH,Security name indicates common equity: COMMON STOCK.,,,,,,1,PRESERVE_EXISTING,Existing validated expanded_universe_v2_4b row preserved as base source.,,USD,XNAS,,,,,,,,,,,,common_equity
DRIO,DarioHealth Corp. - Common Stock,NASDAQ,USA,nasdaq_trader_nasdaqlisted,data/raw/source_providers/nasdaq_trader_nasdaqlisted/nasdaq_trader_nasdaqlisted.csv,COMMON_STOCK,IN_SCOPE,HIGH,Security name indicates common equity: COMMON STOCK.,,,,,,1,PRESERVE_EXISTING,Existing validated expanded_universe_v2_4b row preserved as base source.,,USD,XNAS,,,,,,,,,,,,common_equity
DRMA,"Dermata Therapeutics, Inc. - Common Stock",NASDAQ,USA,nasdaq_trader_nasdaqlisted,data/raw/source_providers/nasdaq_trader_nasdaqlisted/nasdaq_trader_nasdaqlisted.csv,COMMON_STOCK,IN_SCOPE,HIGH,Security name indicates common equity: COMMON STOCK.,,,,,,1,PRESERVE_EXISTING,Existing validated expanded_universe_v2_4b row preserved as base source.,,USD,XNAS,,,,,,,,,,,,common_equity
DRS,"Leonardo DRS, Inc. - Common Stock",NASDAQ,USA,nasdaq_trader_nasdaqlisted,data/raw/source_providers/nasdaq_trader_nasdaqlisted/nasdaq_trader_nasdaqlisted.csv,COMMON_STOCK,IN_SCOPE,HIGH,Security name indicates common equity: COMMON STOCK.,,,,,,1,PRESERVE_EXISTING,Existing validated expanded_universe_v2_4b row preserved as base source.,,USD,XNAS,,,,,,,,,,,,common_equity
DRTS,Alpha Tau Medical Ltd. - Ordinary Shares,NASDAQ,USA,nasdaq_trader_nasdaqlisted,data/raw/source_providers/nasdaq_trader_nasdaqlisted/nasdaq_trader_nasdaqlisted.csv,COMMON_STOCK,IN_SCOPE,HIGH,Security name indicates common equity: ORDINARY SHARES.,,,,,,1,PRESERVE_EXISTING,Existing validated expanded_universe_v2_4b row preserved as base source.,,USD,XNAS,,,,,,,,,,,,common_equity
DRVN,Driven Brands Holdings Inc. - Common Stock,NASDAQ,USA,nasdaq_trader_nasdaqlisted,data/raw/source_providers/nasdaq_trader_nasdaqlisted/nasdaq_trader_nasdaqlisted.csv,COMMON_STOCK,IN_SCOPE,HIGH,Security name indicates common equity: COMMON STOCK.,,,,,,1,PRESERVE_EXISTING,Existing validated expanded_universe_v2_4b row preserved as base source.,,USD,XNAS,,,,,,,,,,,,common_equity
DSAC,Daedalus Special Acquisition Corp. - Class A Ordinary Shares,NASDAQ,USA,nasdaq_trader_nasdaqlisted,data/raw/source_providers/nasdaq_trader_nasdaqlisted/nasdaq_trader_nasdaqlisted.csv,COMMON_STOCK,IN_SCOPE,HIGH,Security name indicates common equity: ORDINARY SHARES.,,,,,,1,PRESERVE_EXISTING,Existing validated expanded_universe_v2_4b row preserved as base source.,,USD,XNAS,,,,,,,,,,,,common_equity
DSGN,"Design Therapeutics, Inc. - Common Stock",NASDAQ,USA,nasdaq_trader_nasdaqlisted,data/raw/source_providers/nasdaq_trader_nasdaqlisted/nasdaq_trader_nasdaqlisted.csv,COMMON_STOCK,IN_SCOPE,HIGH,Security name indicates common equity: COMMON STOCK.,,,,,,1,PRESERVE_EXISTING,Existing validated expanded_universe_v2_4b row preserved as base source.,,USD,XNAS,,,,,,,,,,,,common_equity
DSGR,"Distribution Solutions Group, Inc. - Common Stock",NASDAQ,USA,nasdaq_trader_nasdaqlisted,data/raw/source_providers/nasdaq_trader_nasdaqlisted/nasdaq_trader_nasdaqlisted.csv,COMMON_STOCK,IN_SCOPE,HIGH,Security name indicates common equity: COMMON STOCK.,,,,,,1,PRESERVE_EXISTING,Existing validated expanded_universe_v2_4b row preserved as base source.,,USD,XNAS,,,,,,,,,,,,common_equity
DSGX,The Descartes Systems Group Inc. - Common Stock,NASDAQ,USA,nasdaq_trader_nasdaqlisted,data/raw/source_providers/nasdaq_trader_nasdaqlisted/nasdaq_trader_nasdaqlisted.csv,COMMON_STOCK,IN_SCOPE,HIGH,Security name indicates common equity: COMMON STOCK.,,,,,,1,PRESERVE_EXISTING,Existing validated expanded_universe_v2_4b row preserved as base source.,,USD,XNAS,,,,,,,,,,,,common_equity
DSP,Viant Technology Inc. - common stock,NASDAQ,USA,nasdaq_trader_nasdaqlisted,data/raw/source_providers/nasdaq_trader_nasdaqlisted/nasdaq_trader_nasdaqlisted.csv,COMMON_STOCK,IN_SCOPE,HIGH,Security name indicates common equity: COMMON STOCK.,,,,,,1,PRESERVE_EXISTING,Existing validated expanded_universe_v2_4b row preserved as base source.,,USD,XNAS,,,,,,,,,,,,common_equity
DSWL,"Deswell Industries, Inc. - Common Shares",NASDAQ,USA,nasdaq_trader_nasdaqlisted,data/raw/source_providers/nasdaq_trader_nasdaqlisted/nasdaq_trader_nasdaqlisted.csv,COMMON_STOCK,IN_SCOPE,MEDIUM,No exclusion keyword detected; treated as common equity candidate.,,,,,,1,PRESERVE_EXISTING,Existing validated expanded_universe_v2_4b row preserved as base source.,,USD,XNAS,,,,,,,,,,,,common_equity
DSY,Big Tree Cloud Holdings Limited - Class A Ordinary Shares,NASDAQ,USA,nasdaq_trader_nasdaqlisted,data/raw/source_providers/nasdaq_trader_nasdaqlisted/nasdaq_trader_nasdaqlisted.csv,COMMON_STOCK,IN_SCOPE,HIGH,Security name indicates common equity: ORDINARY SHARES.,,,,,,1,PRESERVE_EXISTING,Existing validated expanded_universe_v2_4b row preserved as base source.,,USD,XNAS,,,,,,,,,,,,common_equity
DTCX,"Datacentrex, Inc. - Common Stock",NASDAQ,USA,nasdaq_trader_nasdaqlisted,data/raw/source_providers/nasdaq_trader_nasdaqlisted/nasdaq_trader_nasdaqlisted.csv,COMMON_STOCK,IN_SCOPE,HIGH,Security name indicates common equity: COMMON STOCK.,,,,,,1,PRESERVE_EXISTING,Existing validated expanded_universe_v2_4b row preserved as base source.,,USD,XNAS,,,,,,,,,,,,common_equity
DTI,Drilling Tools International Corporation - Common Stock,NASDAQ,USA,nasdaq_trader_nasdaqlisted,data/raw/source_providers/nasdaq_trader_nasdaqlisted/nasdaq_trader_nasdaqlisted.csv,COMMON_STOCK,IN_SCOPE,HIGH,Security name indicates common equity: COMMON STOCK.,,,,,,1,PRESERVE_EXISTING,Existing validated expanded_universe_v2_4b row preserved as base source.,,USD,XNAS,,,,,,,,,,,,common_equity
DTIL,"Precision BioSciences, Inc. - Common Stock",NASDAQ,USA,nasdaq_trader_nasdaqlisted,data/raw/source_providers/nasdaq_trader_nasdaqlisted/nasdaq_trader_nasdaqlisted.csv,COMMON_STOCK,IN_SCOPE,HIGH,Security name indicates common equity: COMMON STOCK.,,,,,,1,PRESERVE_EXISTING,Existing validated expanded_universe_v2_4b row preserved as base source.,,USD,XNAS,,,,,,,,,,,,common_equity
DTSQ,DT Cloud Star Acquisition Corporation - Ordinary Shares,NASDAQ,USA,nasdaq_trader_nasdaqlisted,data/raw/source_providers/nasdaq_trader_nasdaqlisted/nasdaq_trader_nasdaqlisted.csv,COMMON_STOCK,IN_SCOPE,HIGH,Security name indicates common equity: ORDINARY SHARES.,,,,,,1,PRESERVE_EXISTING,Existing validated expanded_universe_v2_4b row preserved as base source.,,USD,XNAS,,,,,,,,,,,,common_equity
DTSS,Datasea Intelligent Technology Ltd. - Class A Ordinary Shares,NASDAQ,USA,nasdaq_trader_nasdaqlisted,data/raw/source_providers/nasdaq_trader_nasdaqlisted/nasdaq_trader_nasdaqlisted.csv,COMMON_STOCK,IN_SCOPE,HIGH,Security name indicates common equity: ORDINARY SHARES.,,,,,,1,PRESERVE_EXISTING,Existing validated expanded_universe_v2_4b row preserved as base source.,,USD,XNAS,,,,,,,,,,,,common_equity
DTST,Data Storage Corporation - Common Stock,NASDAQ,USA,nasdaq_trader_nasdaqlisted,data/raw/source_providers/nasdaq_trader_nasdaqlisted/nasdaq_trader_nasdaqlisted.csv,COMMON_STOCK,IN_SCOPE,HIGH,Security name indicates common equity: COMMON STOCK.,,,,,,1,PRESERVE_EXISTING,Existing validated expanded_universe_v2_4b row preserved as base source.,,USD,XNAS,,,,,,,,,,,,common_equity
DUKR,DUKE Robotics Corp. - Common Stock,NASDAQ,USA,nasdaq_trader_nasdaqlisted,data/raw/source_providers/nasdaq_trader_nasdaqlisted/nasdaq_trader_nasdaqlisted.csv,COMMON_STOCK,IN_SCOPE,HIGH,Security name indicates common equity: COMMON STOCK.,,,,,,1,PRESERVE_EXISTING,Existing validated expanded_universe_v2_4b row preserved as base source.,,USD,XNAS,,,,,,,,,,,,common_equity
DUO,Fangdd Network Group Ltd. - Class A Ordinary Shares,NASDAQ,USA,nasdaq_trader_nasdaqlisted,data/raw/source_providers/nasdaq_trader_nasdaqlisted/nasdaq_trader_nasdaqlisted.csv,COMMON_STOCK,IN_SCOPE,HIGH,Security name indicates common equity: ORDINARY SHARES.,,,,,,1,PRESERVE_EXISTING,Existing validated expanded_universe_v2_4b row preserved as base source.,,USD,XNAS,,,,,,,,,,,,common_equity
DUOL,"Duolingo, Inc. - Class A Common Stock",NASDAQ,USA,nasdaq_trader_nasdaqlisted,data/raw/source_providers/nasdaq_trader_nasdaqlisted/nasdaq_trader_nasdaqlisted.csv,COMMON_STOCK,IN_SCOPE,HIGH,Security name indicates common equity: COMMON STOCK.,,,,,,1,PRESERVE_EXISTING,Existing validated expanded_universe_v2_4b row preserved as base source.,,USD,XNAS,,,,,,,,,,,,common_equity
DUOT,"Duos Technologies Group, Inc. - Common Stock",NASDAQ,USA,nasdaq_trader_nasdaqlisted,data/raw/source_providers/nasdaq_trader_nasdaqlisted/nasdaq_trader_nasdaqlisted.csv,COMMON_STOCK,IN_SCOPE,HIGH,Security name indicates common equity: COMMON STOCK.,,,,,,1,PRESERVE_EXISTING,Existing validated expanded_universe_v2_4b row preserved as base source.,,USD,XNAS,,,,,,,,,,,,common_equity
DVLT,Datavault AI Inc. - Common Stock,NASDAQ,USA,nasdaq_trader_nasdaqlisted,data/raw/source_providers/nasdaq_trader_nasdaqlisted/nasdaq_trader_nasdaqlisted.csv,COMMON_STOCK,IN_SCOPE,HIGH,Security name indicates common equity: COMMON STOCK.,,,,,,1,PRESERVE_EXISTING,Existing validated expanded_universe_v2_4b row preserved as base source.,,USD,XNAS,,,,,,,,,,,,common_equity
DWSN,Dawson Geophysical Company - Common Stock,NASDAQ,USA,nasdaq_trader_nasdaqlisted,data/raw/source_providers/nasdaq_trader_nasdaqlisted/nasdaq_trader_nasdaqlisted.csv,COMMON_STOCK,IN_SCOPE,HIGH,Security name indicates common equity: COMMON STOCK.,,,,,,1,PRESERVE_EXISTING,Existing validated expanded_universe_v2_4b row preserved as base source.,,USD,XNAS,,,,,,,,,,,,common_equity
DWTX,"Dogwood Therapeutics, Inc. - Common Stock",NASDAQ,USA,nasdaq_trader_nasdaqlisted,data/raw/source_providers/nasdaq_trader_nasdaqlisted/nasdaq_trader_nasdaqlisted.csv,COMMON_STOCK,IN_SCOPE,HIGH,Security name indicates common equity: COMMON STOCK.,,,,,,1,PRESERVE_EXISTING,Existing validated expanded_universe_v2_4b row preserved as base source.,,USD,XNAS,,,,,,,,,,,,common_equity
DXCM,"DexCom, Inc. - Common Stock",NASDAQ,USA,nasdaq_trader_nasdaqlisted,data/raw/source_providers/nasdaq_trader_nasdaqlisted/nasdaq_trader_nasdaqlisted.csv,COMMON_STOCK,IN_SCOPE,HIGH,Security name indicates common equity: COMMON STOCK.,,,,,,1,PRESERVE_EXISTING,Existing validated expanded_universe_v2_4b row preserved as base source.,,USD,XNAS,,,,,,,,,,,,common_equity
DXLG,"Destination XL Group, Inc. - Common Stock",NASDAQ,USA,nasdaq_trader_nasdaqlisted,data/raw/source_providers/nasdaq_trader_nasdaqlisted/nasdaq_trader_nasdaqlisted.csv,COMMON_STOCK,IN_SCOPE,HIGH,Security name indicates common equity: COMMON STOCK.,,,,,,1,PRESERVE_EXISTING,Existing validated expanded_universe_v2_4b row preserved as base source.,,USD,XNAS,,,,,,,,,,,,common_equity
DXPE,"DXP Enterprises, Inc. - Common Stock",NASDAQ,USA,nasdaq_trader_nasdaqlisted,data/raw/source_providers/nasdaq_trader_nasdaqlisted/nasdaq_trader_nasdaqlisted.csv,COMMON_STOCK,IN_SCOPE,HIGH,Security name indicates common equity: COMMON STOCK.,,,,,,1,PRESERVE_EXISTING,Existing validated expanded_universe_v2_4b row preserved as base source.,,USD,XNAS,,,,,,,,,,,,common_equity
DXR,Daxor Corporation - Closed End Fund,NASDAQ,USA,nasdaq_trader_nasdaqlisted,data/raw/source_providers/nasdaq_trader_nasdaqlisted/nasdaq_trader_nasdaqlisted.csv,COMMON_STOCK,IN_SCOPE,MEDIUM,No exclusion keyword detected; treated as common equity candidate.,,,,,,1,PRESERVE_EXISTING,Existing validated expanded_universe_v2_4b row preserved as base source.,,USD,XNAS,,,,,,,,,,,,common_equity
DXST,Decent Holding Inc. - Class A Ordinary Shares,NASDAQ,USA,nasdaq_trader_nasdaqlisted,data/raw/source_providers/nasdaq_trader_nasdaqlisted/nasdaq_trader_nasdaqlisted.csv,COMMON_STOCK,IN_SCOPE,HIGH,Security name indicates common equity: ORDINARY SHARES.,,,,,,1,PRESERVE_EXISTING,Existing validated expanded_universe_v2_4b row preserved as base source.,,USD,XNAS,,,,,,,,,,,,common_equity
DYAI,"Dyadic International, Inc. - Common Stock",NASDAQ,USA,nasdaq_trader_nasdaqlisted,data/raw/source_providers/nasdaq_trader_nasdaqlisted/nasdaq_trader_nasdaqlisted.csv,COMMON_STOCK,IN_SCOPE,HIGH,Security name indicates common equity: COMMON STOCK.,,,,,,1,PRESERVE_EXISTING,Existing validated expanded_universe_v2_4b row preserved as base source.,,USD,XNAS,,,,,,,,,,,,common_equity
DYN,"Dyne Therapeutics, Inc. - Common Stock",NASDAQ,USA,nasdaq_trader_nasdaqlisted,data/raw/source_providers/nasdaq_trader_nasdaqlisted/nasdaq_trader_nasdaqlisted.csv,COMMON_STOCK,IN_SCOPE,HIGH,Security name indicates common equity: COMMON STOCK.,,,,,,1,PRESERVE_EXISTING,Existing validated expanded_universe_v2_4b row preserved as base source.,,USD,XNAS,,,,,,,,,,,,common_equity
DYNC,Dynamix Corporation - Class A Ordinary Share,NASDAQ,USA,nasdaq_trader_nasdaqlisted,data/raw/source_providers/nasdaq_trader_nasdaqlisted/nasdaq_trader_nasdaqlisted.csv,COMMON_STOCK,IN_SCOPE,HIGH,Security name indicates common equity: CLASS A.,,,,,,1,PRESERVE_EXISTING,Existing validated expanded_universe_v2_4b row preserved as base source.,,USD,XNAS,,,,,,,,,,,,common_equity
DYOR,Insight Digital Partners II - Class A Ordinary Shares,NASDAQ,USA,nasdaq_trader_nasdaqlisted,data/raw/source_providers/nasdaq_trader_nasdaqlisted/nasdaq_trader_nasdaqlisted.csv,COMMON_STOCK,IN_SCOPE,HIGH,Security name indicates common equity: ORDINARY SHARES.,,,,,,1,PRESERVE_EXISTING,Existing validated expanded_universe_v2_4b row preserved as base source.,,USD,XNAS,,,,,,,,,,,,common_equity
EA,Electronic Arts Inc. - Common Stock,NASDAQ,USA,nasdaq_trader_nasdaqlisted,data/raw/source_providers/nasdaq_trader_nasdaqlisted/nasdaq_trader_nasdaqlisted.csv,COMMON_STOCK,IN_SCOPE,HIGH,Security name indicates common equity: COMMON STOCK.,,,,,,1,PRESERVE_EXISTING,Existing validated expanded_universe_v2_4b row preserved as base source.,,USD,XNAS,,,,,,,,,,,,common_equity
EBAY,eBay Inc. - Common Stock,NASDAQ,USA,nasdaq_trader_nasdaqlisted,data/raw/source_providers/nasdaq_trader_nasdaqlisted/nasdaq_trader_nasdaqlisted.csv,COMMON_STOCK,IN_SCOPE,HIGH,Security name indicates common equity: COMMON STOCK.,,,,,,1,PRESERVE_EXISTING,Existing validated expanded_universe_v2_4b row preserved as base source.,,USD,XNAS,,,,,,,,,,,,common_equity
EBC,"Eastern Bankshares, Inc. - Common Stock",NASDAQ,USA,nasdaq_trader_nasdaqlisted,data/raw/source_providers/nasdaq_trader_nasdaqlisted/nasdaq_trader_nasdaqlisted.csv,COMMON_STOCK,IN_SCOPE,HIGH,Security name indicates common equity: COMMON STOCK.,,,,,,1,PRESERVE_EXISTING,Existing validated expanded_universe_v2_4b row preserved as base source.,,USD,XNAS,,,,,,,,,,,,common_equity
EBMT,"Eagle Bancorp Montana, Inc. - Common Stock",NASDAQ,USA,nasdaq_trader_nasdaqlisted,data/raw/source_providers/nasdaq_trader_nasdaqlisted/nasdaq_trader_nasdaqlisted.csv,COMMON_STOCK,IN_SCOPE,HIGH,Security name indicates common equity: COMMON STOCK.,,,,,,1,PRESERVE_EXISTING,Existing validated expanded_universe_v2_4b row preserved as base source.,,USD,XNAS,,,,,,,,,,,,common_equity
EBON,Ebang International Holdings Inc. - Class A Ordinary Shares,NASDAQ,USA,nasdaq_trader_nasdaqlisted,data/raw/source_providers/nasdaq_trader_nasdaqlisted/nasdaq_trader_nasdaqlisted.csv,COMMON_STOCK,IN_SCOPE,HIGH,Security name indicates common equity: ORDINARY SHARES.,,,,,,1,PRESERVE_EXISTING,Existing validated expanded_universe_v2_4b row preserved as base source.,,USD,XNAS,,,,,,,,,,,,common_equity
ECBK,"ECB Bancorp, Inc. - Common Stock",NASDAQ,USA,nasdaq_trader_nasdaqlisted,data/raw/source_providers/nasdaq_trader_nasdaqlisted/nasdaq_trader_nasdaqlisted.csv,COMMON_STOCK,IN_SCOPE,HIGH,Security name indicates common equity: COMMON STOCK.,,,,,,1,PRESERVE_EXISTING,Existing validated expanded_universe_v2_4b row preserved as base source.,,USD,XNAS,,,,,,,,,,,,common_equity
ECHO,EchoStar Corporation - Common stock,NASDAQ,USA,nasdaq_trader_nasdaqlisted,data/raw/source_providers/nasdaq_trader_nasdaqlisted/nasdaq_trader_nasdaqlisted.csv,COMMON_STOCK,IN_SCOPE,HIGH,Security name indicates common equity: COMMON STOCK.,,,,,,1,PRESERVE_EXISTING,Existing validated expanded_universe_v2_4b row preserved as base source.,,USD,XNAS,,,,,,,,,,,,common_equity
ECOR,"electroCore, Inc. - Common Stock",NASDAQ,USA,nasdaq_trader_nasdaqlisted,data/raw/source_providers/nasdaq_trader_nasdaqlisted/nasdaq_trader_nasdaqlisted.csv,COMMON_STOCK,IN_SCOPE,HIGH,Security name indicates common equity: COMMON STOCK.,,,,,,1,PRESERVE_EXISTING,Existing validated expanded_universe_v2_4b row preserved as base source.,,USD,XNAS,,,,,,,,,,,,common_equity
ECPG,Encore Capital Group Inc - Common Stock,NASDAQ,USA,nasdaq_trader_nasdaqlisted,data/raw/source_providers/nasdaq_trader_nasdaqlisted/nasdaq_trader_nasdaqlisted.csv,COMMON_STOCK,IN_SCOPE,HIGH,Security name indicates common equity: COMMON STOCK.,,,,,,1,PRESERVE_EXISTING,Existing validated expanded_universe_v2_4b row preserved as base source.,,USD,XNAS,,,,,,,,,,,,common_equity
ECX,ECARX Holdings Inc. - Class A Ordinary shares,NASDAQ,USA,nasdaq_trader_nasdaqlisted,data/raw/source_providers/nasdaq_trader_nasdaqlisted/nasdaq_trader_nasdaqlisted.csv,COMMON_STOCK,IN_SCOPE,HIGH,Security name indicates common equity: ORDINARY SHARES.,,,,,,1,PRESERVE_EXISTING,Existing validated expanded_universe_v2_4b row preserved as base source.,,USD,XNAS,,,,,,,,,,,,common_equity
EDBL,Edible Garden AG Incorporated - Common Stock,NASDAQ,USA,nasdaq_trader_nasdaqlisted,data/raw/source_providers/nasdaq_trader_nasdaqlisted/nasdaq_trader_nasdaqlisted.csv,COMMON_STOCK,IN_SCOPE,HIGH,Security name indicates common equity: COMMON STOCK.,,,,,,1,PRESERVE_EXISTING,Existing validated expanded_universe_v2_4b row preserved as base source.,,USD,XNAS,,,,,,,,,,,,common_equity
EDIT,"Editas Medicine, Inc. - Common Stock",NASDAQ,USA,nasdaq_trader_nasdaqlisted,data/raw/source_providers/nasdaq_trader_nasdaqlisted/nasdaq_trader_nasdaqlisted.csv,COMMON_STOCK,IN_SCOPE,HIGH,Security name indicates common equity: COMMON STOCK.,,,,,,1,PRESERVE_EXISTING,Existing validated expanded_universe_v2_4b row preserved as base source.,,USD,XNAS,,,,,,,,,,,,common_equity
EDRY,EuroDry Ltd. - Common Shares,NASDAQ,USA,nasdaq_trader_nasdaqlisted,data/raw/source_providers/nasdaq_trader_nasdaqlisted/nasdaq_trader_nasdaqlisted.csv,COMMON_STOCK,IN_SCOPE,MEDIUM,No exclusion keyword detected; treated as common equity candidate.,,,,,,1,PRESERVE_EXISTING,Existing validated expanded_universe_v2_4b row preserved as base source.,,USD,XNAS,,,,,,,,,,,,common_equity
EDSA,"Edesa Biotech, Inc. - Common Shares",NASDAQ,USA,nasdaq_trader_nasdaqlisted,data/raw/source_providers/nasdaq_trader_nasdaqlisted/nasdaq_trader_nasdaqlisted.csv,COMMON_STOCK,IN_SCOPE,MEDIUM,No exclusion keyword detected; treated as common equity candidate.,,,,,,1,PRESERVE_EXISTING,Existing validated expanded_universe_v2_4b row preserved as base source.,,USD,XNAS,,,,,,,,,,,,common_equity
EDTK,Skillful Craftsman Education Technology Limited - Ordinary Share,NASDAQ,USA,nasdaq_trader_nasdaqlisted,data/raw/source_providers/nasdaq_trader_nasdaqlisted/nasdaq_trader_nasdaqlisted.csv,COMMON_STOCK,IN_SCOPE,MEDIUM,No exclusion keyword detected; treated as common equity candidate.,,,,,,1,PRESERVE_EXISTING,Existing validated expanded_universe_v2_4b row preserved as base source.,,USD,XNAS,,,,,,,,,,,,common_equity
EDUC,Educational Development Corporation - Common Stock,NASDAQ,USA,nasdaq_trader_nasdaqlisted,data/raw/source_providers/nasdaq_trader_nasdaqlisted/nasdaq_trader_nasdaqlisted.csv,COMMON_STOCK,IN_SCOPE,HIGH,Security name indicates common equity: COMMON STOCK.,,,,,,1,PRESERVE_EXISTING,Existing validated expanded_universe_v2_4b row preserved as base source.,,USD,XNAS,,,,,,,,,,,,common_equity
EEFT,"Euronet Worldwide, Inc. - Common Stock",NASDAQ,USA,nasdaq_trader_nasdaqlisted,data/raw/source_providers/nasdaq_trader_nasdaqlisted/nasdaq_trader_nasdaqlisted.csv,COMMON_STOCK,IN_SCOPE,HIGH,Security name indicates common equity: COMMON STOCK.,,,,,,1,PRESERVE_EXISTING,Existing validated expanded_universe_v2_4b row preserved as base source.,,USD,XNAS,,,,,,,,,,,,common_equity
EEIQ,EpicQuest Education Group International Limited - Common Stock,NASDAQ,USA,nasdaq_trader_nasdaqlisted,data/raw/source_providers/nasdaq_trader_nasdaqlisted/nasdaq_trader_nasdaqlisted.csv,COMMON_STOCK,IN_SCOPE,HIGH,Security name indicates common equity: COMMON STOCK.,,,,,,1,PRESERVE_EXISTING,Existing validated expanded_universe_v2_4b row preserved as base source.,,USD,XNAS,,,,,,,,,,,,common_equity
EFOI,"Energy Focus, Inc. - Common Stock",NASDAQ,USA,nasdaq_trader_nasdaqlisted,data/raw/source_providers/nasdaq_trader_nasdaqlisted/nasdaq_trader_nasdaqlisted.csv,COMMON_STOCK,IN_SCOPE,HIGH,Security name indicates common equity: COMMON STOCK.,,,,,,1,PRESERVE_EXISTING,Existing validated expanded_universe_v2_4b row preserved as base source.,,USD,XNAS,,,,,,,,,,,,common_equity
EFSC,Enterprise Financial Services Corporation - Common Stock,NASDAQ,USA,nasdaq_trader_nasdaqlisted,data/raw/source_providers/nasdaq_trader_nasdaqlisted/nasdaq_trader_nasdaqlisted.csv,COMMON_STOCK,IN_SCOPE,HIGH,Security name indicates common equity: COMMON STOCK.,,,,,,1,PRESERVE_EXISTING,Existing validated expanded_universe_v2_4b row preserved as base source.,,USD,XNAS,,,,,,,,,,,,common_equity
EFSI,Eagle Financial Services Inc - Common Stock,NASDAQ,USA,nasdaq_trader_nasdaqlisted,data/raw/source_providers/nasdaq_trader_nasdaqlisted/nasdaq_trader_nasdaqlisted.csv,COMMON_STOCK,IN_SCOPE,HIGH,Security name indicates common equity: COMMON STOCK.,,,,,,1,PRESERVE_EXISTING,Existing validated expanded_universe_v2_4b row preserved as base source.,,USD,XNAS,,,,,,,,,,,,common_equity
EFTY,"Etoiles Capital Group Co., Ltd. - Class A Ordinary Shares",NASDAQ,USA,nasdaq_trader_nasdaqlisted,data/raw/source_providers/nasdaq_trader_nasdaqlisted/nasdaq_trader_nasdaqlisted.csv,COMMON_STOCK,IN_SCOPE,HIGH,Security name indicates common equity: ORDINARY SHARES.,,,,,,1,PRESERVE_EXISTING,Existing validated expanded_universe_v2_4b row preserved as base source.,,USD,XNAS,,,,,,,,,,,,common_equity
EGAN,eGain Corporation - Common Stock,NASDAQ,USA,nasdaq_trader_nasdaqlisted,data/raw/source_providers/nasdaq_trader_nasdaqlisted/nasdaq_trader_nasdaqlisted.csv,COMMON_STOCK,IN_SCOPE,HIGH,Security name indicates common equity: COMMON STOCK.,,,,,,1,PRESERVE_EXISTING,Existing validated expanded_universe_v2_4b row preserved as base source.,,USD,XNAS,,,,,,,,,,,,common_equity
EGBN,"Eagle Bancorp, Inc. - Common Stock",NASDAQ,USA,nasdaq_trader_nasdaqlisted,data/raw/source_providers/nasdaq_trader_nasdaqlisted/nasdaq_trader_nasdaqlisted.csv,COMMON_STOCK,IN_SCOPE,HIGH,Security name indicates common equity: COMMON STOCK.,,,,,,1,PRESERVE_EXISTING,Existing validated expanded_universe_v2_4b row preserved as base source.,,USD,XNAS,,,,,,,,,,,,common_equity
EGHA,EGH Acquisition Corp. - Class A ordinary shares,NASDAQ,USA,nasdaq_trader_nasdaqlisted,data/raw/source_providers/nasdaq_trader_nasdaqlisted/nasdaq_trader_nasdaqlisted.csv,COMMON_STOCK,IN_SCOPE,HIGH,Security name indicates common equity: ORDINARY SHARES.,,,,,,1,PRESERVE_EXISTING,Existing validated expanded_universe_v2_4b row preserved as base source.,,USD,XNAS,,,,,,,,,,,,common_equity
EGHT,8x8 Inc - Common stock,NASDAQ,USA,nasdaq_trader_nasdaqlisted,data/raw/source_providers/nasdaq_trader_nasdaqlisted/nasdaq_trader_nasdaqlisted.csv,COMMON_STOCK,IN_SCOPE,HIGH,Security name indicates common equity: COMMON STOCK.,,,,,,1,PRESERVE_EXISTING,Existing validated expanded_universe_v2_4b row preserved as base source.,,USD,XNAS,,,,,,,,,,,,common_equity
EH,EHang Holdings Limited - ADS,NASDAQ,USA,nasdaq_trader_nasdaqlisted,data/raw/source_providers/nasdaq_trader_nasdaqlisted/nasdaq_trader_nasdaqlisted.csv,ADR,IN_SCOPE_ADR,MEDIUM,Security name indicates ADR/ADS: ADS.,,,,,,1,PRESERVE_EXISTING,Existing validated expanded_universe_v2_4b row preserved as base source.,,USD,XNAS,,,,,,,,,,,,adr_equity
EHGO,Eshallgo Inc. - Class A Ordinary Shares,NASDAQ,USA,nasdaq_trader_nasdaqlisted,data/raw/source_providers/nasdaq_trader_nasdaqlisted/nasdaq_trader_nasdaqlisted.csv,COMMON_STOCK,IN_SCOPE,HIGH,Security name indicates common equity: ORDINARY SHARES.,,,,,,1,PRESERVE_EXISTING,Existing validated expanded_universe_v2_4b row preserved as base source.,,USD,XNAS,,,,,,,,,,,,common_equity
EHLD,Euroholdings Ltd. - Common Stock,NASDAQ,USA,nasdaq_trader_nasdaqlisted,data/raw/source_providers/nasdaq_trader_nasdaqlisted/nasdaq_trader_nasdaqlisted.csv,COMMON_STOCK,IN_SCOPE,HIGH,Security name indicates common equity: COMMON STOCK.,,,,,,1,PRESERVE_EXISTING,Existing validated expanded_universe_v2_4b row preserved as base source.,,USD,XNAS,,,,,,,,,,,,common_equity
EHTH,"eHealth, Inc. - Common Stock",NASDAQ,USA,nasdaq_trader_nasdaqlisted,data/raw/source_providers/nasdaq_trader_nasdaqlisted/nasdaq_trader_nasdaqlisted.csv,COMMON_STOCK,IN_SCOPE,HIGH,Security name indicates common equity: COMMON STOCK.,,,,,,1,PRESERVE_EXISTING,Existing validated expanded_universe_v2_4b row preserved as base source.,,USD,XNAS,,,,,,,,,,,,common_equity
EIKN,"Eikon Therapeutics, Inc. - Common Stock",NASDAQ,USA,nasdaq_trader_nasdaqlisted,data/raw/source_providers/nasdaq_trader_nasdaqlisted/nasdaq_trader_nasdaqlisted.csv,COMMON_STOCK,IN_SCOPE,HIGH,Security name indicates common equity: COMMON STOCK.,,,,,,1,PRESERVE_EXISTING,Existing validated expanded_universe_v2_4b row preserved as base source.,,USD,XNAS,,,,,,,,,,,,common_equity
EJH,E-Home Household Service Holdings Limited - Ordinary shares,NASDAQ,USA,nasdaq_trader_nasdaqlisted,data/raw/source_providers/nasdaq_trader_nasdaqlisted/nasdaq_trader_nasdaqlisted.csv,COMMON_STOCK,IN_SCOPE,HIGH,Security name indicates common equity: ORDINARY SHARES.,,,,,,1,PRESERVE_EXISTING,Existing validated expanded_universe_v2_4b row preserved as base source.,,USD,XNAS,,,,,,,,,,,,common_equity
ELAB,PMGC Holdings Inc. - Common Stock,NASDAQ,USA,nasdaq_trader_nasdaqlisted,data/raw/source_providers/nasdaq_trader_nasdaqlisted/nasdaq_trader_nasdaqlisted.csv,COMMON_STOCK,IN_SCOPE,HIGH,Security name indicates common equity: COMMON STOCK.,,,,,,1,PRESERVE_EXISTING,Existing validated expanded_universe_v2_4b row preserved as base source.,,USD,XNAS,,,,,,,,,,,,common_equity
ELBM,Electra Battery Materials Corporation - Common Stock,NASDAQ,USA,nasdaq_trader_nasdaqlisted,data/raw/source_providers/nasdaq_trader_nasdaqlisted/nasdaq_trader_nasdaqlisted.csv,COMMON_STOCK,IN_SCOPE,HIGH,Security name indicates common equity: COMMON STOCK.,,,,,,1,PRESERVE_EXISTING,Existing validated expanded_universe_v2_4b row preserved as base source.,,USD,XNAS,,,,,,,,,,,,common_equity
ELDN,"Eledon Pharmaceuticals, Inc. - Common Stock",NASDAQ,USA,nasdaq_trader_nasdaqlisted,data/raw/source_providers/nasdaq_trader_nasdaqlisted/nasdaq_trader_nasdaqlisted.csv,COMMON_STOCK,IN_SCOPE,HIGH,Security name indicates common equity: COMMON STOCK.,,,,,,1,PRESERVE_EXISTING,Existing validated expanded_universe_v2_4b row preserved as base source.,,USD,XNAS,,,,,,,,,,,,common_equity
ELE,Elemental Royalty Corporation - Common Stock,NASDAQ,USA,nasdaq_trader_nasdaqlisted,data/raw/source_providers/nasdaq_trader_nasdaqlisted/nasdaq_trader_nasdaqlisted.csv,COMMON_STOCK,IN_SCOPE,HIGH,Security name indicates common equity: COMMON STOCK.,,,,,,1,PRESERVE_EXISTING,Existing validated expanded_universe_v2_4b row preserved as base source.,,USD,XNAS,,,,,,,,,,,,common_equity
ELMT,The Elmet Group Co. - Common Stock,NASDAQ,USA,nasdaq_trader_nasdaqlisted,data/raw/source_providers/nasdaq_trader_nasdaqlisted/nasdaq_trader_nasdaqlisted.csv,COMMON_STOCK,IN_SCOPE,HIGH,Security name indicates common equity: COMMON STOCK.,,,,,,1,PRESERVE_EXISTING,Existing validated expanded_universe_v2_4b row preserved as base source.,,USD,XNAS,,,,,,,,,,,,common_equity
ELOG,Eastern International Ltd. - Ordinary Shares,NASDAQ,USA,nasdaq_trader_nasdaqlisted,data/raw/source_providers/nasdaq_trader_nasdaqlisted/nasdaq_trader_nasdaqlisted.csv,COMMON_STOCK,IN_SCOPE,HIGH,Security name indicates common equity: ORDINARY SHARES.,,,,,,1,PRESERVE_EXISTING,Existing validated expanded_universe_v2_4b row preserved as base source.,,USD,XNAS,,,,,,,,,,,,common_equity
ELOX,"Eloxx Pharmaceuticals, Inc. - Common Stock",NASDAQ,USA,nasdaq_trader_nasdaqlisted,data/raw/source_providers/nasdaq_trader_nasdaqlisted/nasdaq_trader_nasdaqlisted.csv,COMMON_STOCK,IN_SCOPE,HIGH,Security name indicates common equity: COMMON STOCK.,,,,,,1,PRESERVE_EXISTING,Existing validated expanded_universe_v2_4b row preserved as base source.,,USD,XNAS,,,,,,,,,,,,common_equity
ELPW,Elong Power Holding Limited - Class A Ordinary Shares,NASDAQ,USA,nasdaq_trader_nasdaqlisted,data/raw/source_providers/nasdaq_trader_nasdaqlisted/nasdaq_trader_nasdaqlisted.csv,COMMON_STOCK,IN_SCOPE,HIGH,Security name indicates common equity: ORDINARY SHARES.,,,,,,1,PRESERVE_EXISTING,Existing validated expanded_universe_v2_4b row preserved as base source.,,USD,XNAS,,,,,,,,,,,,common_equity
ELSE,"Electro-Sensors, Inc. - Common Stock",NASDAQ,USA,nasdaq_trader_nasdaqlisted,data/raw/source_providers/nasdaq_trader_nasdaqlisted/nasdaq_trader_nasdaqlisted.csv,COMMON_STOCK,IN_SCOPE,HIGH,Security name indicates common equity: COMMON STOCK.,,,,,,1,PRESERVE_EXISTING,Existing validated expanded_universe_v2_4b row preserved as base source.,,USD,XNAS,,,,,,,,,,,,common_equity
ELTK,Eltek Ltd. - Ordinary Shares,NASDAQ,USA,nasdaq_trader_nasdaqlisted,data/raw/source_providers/nasdaq_trader_nasdaqlisted/nasdaq_trader_nasdaqlisted.csv,COMMON_STOCK,IN_SCOPE,HIGH,Security name indicates common equity: ORDINARY SHARES.,,,,,,1,PRESERVE_EXISTING,Existing validated expanded_universe_v2_4b row preserved as base source.,,USD,XNAS,,,,,,,,,,,,common_equity
ELTX,"Elicio Therapeutics, Inc. - Common Stock",NASDAQ,USA,nasdaq_trader_nasdaqlisted,data/raw/source_providers/nasdaq_trader_nasdaqlisted/nasdaq_trader_nasdaqlisted.csv,COMMON_STOCK,IN_SCOPE,HIGH,Security name indicates common equity: COMMON STOCK.,,,,,,1,PRESERVE_EXISTING,Existing validated expanded_universe_v2_4b row preserved as base source.,,USD,XNAS,,,,,,,,,,,,common_equity
ELUT,"Elutia, Inc. - Class A Common Stock",NASDAQ,USA,nasdaq_trader_nasdaqlisted,data/raw/source_providers/nasdaq_trader_nasdaqlisted/nasdaq_trader_nasdaqlisted.csv,COMMON_STOCK,IN_SCOPE,HIGH,Security name indicates common equity: COMMON STOCK.,,,,,,1,PRESERVE_EXISTING,Existing validated expanded_universe_v2_4b row preserved as base source.,,USD,XNAS,,,,,,,,,,,,common_equity
ELVA,Electrovaya Inc. - Common Shares,NASDAQ,USA,nasdaq_trader_nasdaqlisted,data/raw/source_providers/nasdaq_trader_nasdaqlisted/nasdaq_trader_nasdaqlisted.csv,COMMON_STOCK,IN_SCOPE,MEDIUM,No exclusion keyword detected; treated as common equity candidate.,,,,,,1,PRESERVE_EXISTING,Existing validated expanded_universe_v2_4b row preserved as base source.,,USD,XNAS,,,,,,,,,,,,common_equity
ELVN,"Enliven Therapeutics, Inc. - Common Stock",NASDAQ,USA,nasdaq_trader_nasdaqlisted,data/raw/source_providers/nasdaq_trader_nasdaqlisted/nasdaq_trader_nasdaqlisted.csv,COMMON_STOCK,IN_SCOPE,HIGH,Security name indicates common equity: COMMON STOCK.,,,,,,1,PRESERVE_EXISTING,Existing validated expanded_universe_v2_4b row preserved as base source.,,USD,XNAS,,,,,,,,,,,,common_equity
ELVR,Elevra Lithium Limited - American Depository Shares,NASDAQ,USA,nasdaq_trader_nasdaqlisted,data/raw/source_providers/nasdaq_trader_nasdaqlisted/nasdaq_trader_nasdaqlisted.csv,ADR,IN_SCOPE_ADR,MEDIUM,Security name indicates ADR/ADS: AMERICAN DEPOSITORY.,,,,,,1,PRESERVE_EXISTING,Existing validated expanded_universe_v2_4b row preserved as base source.,,USD,XNAS,,,,,,,,,,,,adr_equity
ELWT,"Elauwit Connection, Inc. - Common Stock",NASDAQ,USA,nasdaq_trader_nasdaqlisted,data/raw/source_providers/nasdaq_trader_nasdaqlisted/nasdaq_trader_nasdaqlisted.csv,COMMON_STOCK,IN_SCOPE,HIGH,Security name indicates common equity: COMMON STOCK.,,,,,,1,PRESERVE_EXISTING,Existing validated expanded_universe_v2_4b row preserved as base source.,,USD,XNAS,,,,,,,,,,,,common_equity
EMAT,Evolution Metals & Technologies Corp. - Common Stock,NASDAQ,USA,nasdaq_trader_nasdaqlisted,data/raw/source_providers/nasdaq_trader_nasdaqlisted/nasdaq_trader_nasdaqlisted.csv,COMMON_STOCK,IN_SCOPE,HIGH,Security name indicates common equity: COMMON STOCK.,,,,,,1,PRESERVE_EXISTING,Existing validated expanded_universe_v2_4b row preserved as base source.,,USD,XNAS,,,,,,,,,,,,common_equity
EMBC,Embecta Corp. - Common Stock,NASDAQ,USA,nasdaq_trader_nasdaqlisted,data/raw/source_providers/nasdaq_trader_nasdaqlisted/nasdaq_trader_nasdaqlisted.csv,COMMON_STOCK,IN_SCOPE,HIGH,Security name indicates common equity: COMMON STOCK.,,,,,,1,PRESERVE_EXISTING,Existing validated expanded_universe_v2_4b row preserved as base source.,,USD,XNAS,,,,,,,,,,,,common_equity
EMIS,Emmis Acquisition Corp. - Class A Ordinary Share,NASDAQ,USA,nasdaq_trader_nasdaqlisted,data/raw/source_providers/nasdaq_trader_nasdaqlisted/nasdaq_trader_nasdaqlisted.csv,COMMON_STOCK,IN_SCOPE,HIGH,Security name indicates common equity: CLASS A.,,,,,,1,PRESERVE_EXISTING,Existing validated expanded_universe_v2_4b row preserved as base source.,,USD,XNAS,,,,,,,,,,,,common_equity
EML,Eastern Company (The) - Common Stock,NASDAQ,USA,nasdaq_trader_nasdaqlisted,data/raw/source_providers/nasdaq_trader_nasdaqlisted/nasdaq_trader_nasdaqlisted.csv,COMMON_STOCK,IN_SCOPE,HIGH,Security name indicates common equity: COMMON STOCK.,,,,,,1,PRESERVE_EXISTING,Existing validated expanded_universe_v2_4b row preserved as base source.,,USD,XNAS,,,,,,,,,,,,common_equity
EMPD,Empery Digital Inc. - Common stock,NASDAQ,USA,nasdaq_trader_nasdaqlisted,data/raw/source_providers/nasdaq_trader_nasdaqlisted/nasdaq_trader_nasdaqlisted.csv,COMMON_STOCK,IN_SCOPE,HIGH,Security name indicates common equity: COMMON STOCK.,,,,,,1,PRESERVE_EXISTING,Existing validated expanded_universe_v2_4b row preserved as base source.,,USD,XNAS,,,,,,,,,,,,common_equity
EMPG,Empro Group Inc. - Ordinary shares,NASDAQ,USA,nasdaq_trader_nasdaqlisted,data/raw/source_providers/nasdaq_trader_nasdaqlisted/nasdaq_trader_nasdaqlisted.csv,COMMON_STOCK,IN_SCOPE,HIGH,Security name indicates common equity: ORDINARY SHARES.,,,,,,1,PRESERVE_EXISTING,Existing validated expanded_universe_v2_4b row preserved as base source.,,USD,XNAS,,,,,,,,,,,,common_equity
ENGN,enGene Therapeutics Inc. - Common Stock,NASDAQ,USA,nasdaq_trader_nasdaqlisted,data/raw/source_providers/nasdaq_trader_nasdaqlisted/nasdaq_trader_nasdaqlisted.csv,COMMON_STOCK,IN_SCOPE,HIGH,Security name indicates common equity: COMMON STOCK.,,,,,,1,PRESERVE_EXISTING,Existing validated expanded_universe_v2_4b row preserved as base source.,,USD,XNAS,,,,,,,,,,,,common_equity
ENGS,Energys Group Limited - Ordinary Shares,NASDAQ,USA,nasdaq_trader_nasdaqlisted,data/raw/source_providers/nasdaq_trader_nasdaqlisted/nasdaq_trader_nasdaqlisted.csv,COMMON_STOCK,IN_SCOPE,HIGH,Security name indicates common equity: ORDINARY SHARES.,,,,,,1,PRESERVE_EXISTING,Existing validated expanded_universe_v2_4b row preserved as base source.,,USD,XNAS,,,,,,,,,,,,common_equity
ENLT,Enlight Renewable Energy Ltd. - Ordinary Shares,NASDAQ,USA,nasdaq_trader_nasdaqlisted,data/raw/source_providers/nasdaq_trader_nasdaqlisted/nasdaq_trader_nasdaqlisted.csv,COMMON_STOCK,IN_SCOPE,HIGH,Security name indicates common equity: ORDINARY SHARES.,,,,,,1,PRESERVE_EXISTING,Existing validated expanded_universe_v2_4b row preserved as base source.,,USD,XNAS,,,,,,,,,,,,common_equity
ENLV,Enlivex Ltd. - Ordinary Shares,NASDAQ,USA,nasdaq_trader_nasdaqlisted,data/raw/source_providers/nasdaq_trader_nasdaqlisted/nasdaq_trader_nasdaqlisted.csv,COMMON_STOCK,IN_SCOPE,HIGH,Security name indicates common equity: ORDINARY SHARES.,,,,,,1,PRESERVE_EXISTING,Existing validated expanded_universe_v2_4b row preserved as base source.,,USD,XNAS,,,,,,,,,,,,common_equity
ENPH,"Enphase Energy, Inc. - Common Stock",NASDAQ,USA,nasdaq_trader_nasdaqlisted,data/raw/source_providers/nasdaq_trader_nasdaqlisted/nasdaq_trader_nasdaqlisted.csv,COMMON_STOCK,IN_SCOPE,HIGH,Security name indicates common equity: COMMON STOCK.,,,,,,1,PRESERVE_EXISTING,Existing validated expanded_universe_v2_4b row preserved as base source.,,USD,XNAS,,,,,,,,,,,,common_equity
ENSC,"Ensysce Biosciences, Inc. - Common Stock",NASDAQ,USA,nasdaq_trader_nasdaqlisted,data/raw/source_providers/nasdaq_trader_nasdaqlisted/nasdaq_trader_nasdaqlisted.csv,COMMON_STOCK,IN_SCOPE,HIGH,Security name indicates common equity: COMMON STOCK.,,,,,,1,PRESERVE_EXISTING,Existing validated expanded_universe_v2_4b row preserved as base source.,,USD,XNAS,,,,,,,,,,,,common_equity
ENSG,"The Ensign Group, Inc. - Common Stock",NASDAQ,USA,nasdaq_trader_nasdaqlisted,data/raw/source_providers/nasdaq_trader_nasdaqlisted/nasdaq_trader_nasdaqlisted.csv,COMMON_STOCK,IN_SCOPE,HIGH,Security name indicates common equity: COMMON STOCK.,,,,,,1,PRESERVE_EXISTING,Existing validated expanded_universe_v2_4b row preserved as base source.,,USD,XNAS,,,,,,,,,,,,common_equity
ENTA,"Enanta Pharmaceuticals, Inc. - Common Stock",NASDAQ,USA,nasdaq_trader_nasdaqlisted,data/raw/source_providers/nasdaq_trader_nasdaqlisted/nasdaq_trader_nasdaqlisted.csv,COMMON_STOCK,IN_SCOPE,HIGH,Security name indicates common equity: COMMON STOCK.,,,,,,1,PRESERVE_EXISTING,Existing validated expanded_universe_v2_4b row preserved as base source.,,USD,XNAS,,,,,,,,,,,,common_equity
ENTG,"Entegris, Inc. - Common Stock",NASDAQ,USA,nasdaq_trader_nasdaqlisted,data/raw/source_providers/nasdaq_trader_nasdaqlisted/nasdaq_trader_nasdaqlisted.csv,COMMON_STOCK,IN_SCOPE,HIGH,Security name indicates common equity: COMMON STOCK.,,,,,,1,PRESERVE_EXISTING,Existing validated expanded_universe_v2_4b row preserved as base source.,,USD,XNAS,,,,,,,,,,,,common_equity
ENTX,Entera Bio Ltd. - Ordinary Shares,NASDAQ,USA,nasdaq_trader_nasdaqlisted,data/raw/source_providers/nasdaq_trader_nasdaqlisted/nasdaq_trader_nasdaqlisted.csv,COMMON_STOCK,IN_SCOPE,HIGH,Security name indicates common equity: ORDINARY SHARES.,,,,,,1,PRESERVE_EXISTING,Existing validated expanded_universe_v2_4b row preserved as base source.,,USD,XNAS,,,,,,,,,,,,common_equity
ENVB,"Enveric Biosciences, Inc. - Common Stock",NASDAQ,USA,nasdaq_trader_nasdaqlisted,data/raw/source_providers/nasdaq_trader_nasdaqlisted/nasdaq_trader_nasdaqlisted.csv,COMMON_STOCK,IN_SCOPE,HIGH,Security name indicates common equity: COMMON STOCK.,,,,,,1,PRESERVE_EXISTING,Existing validated expanded_universe_v2_4b row preserved as base source.,,USD,XNAS,,,,,,,,,,,,common_equity
ENVX,Enovix Corporation - Common Stock,NASDAQ,USA,nasdaq_trader_nasdaqlisted,data/raw/source_providers/nasdaq_trader_nasdaqlisted/nasdaq_trader_nasdaqlisted.csv,COMMON_STOCK,IN_SCOPE,HIGH,Security name indicates common equity: COMMON STOCK.,,,,,,1,PRESERVE_EXISTING,Existing validated expanded_universe_v2_4b row preserved as base source.,,USD,XNAS,,,,,,,,,,,,common_equity
EOLS,"Evolus, Inc. - Common Stock",NASDAQ,USA,nasdaq_trader_nasdaqlisted,data/raw/source_providers/nasdaq_trader_nasdaqlisted/nasdaq_trader_nasdaqlisted.csv,COMMON_STOCK,IN_SCOPE,HIGH,Security name indicates common equity: COMMON STOCK.,,,,,,1,PRESERVE_EXISTING,Existing validated expanded_universe_v2_4b row preserved as base source.,,USD,XNAS,,,,,,,,,,,,common_equity
EOSE,"Eos Energy Enterprises, Inc. - Common Stock",NASDAQ,USA,nasdaq_trader_nasdaqlisted,data/raw/source_providers/nasdaq_trader_nasdaqlisted/nasdaq_trader_nasdaqlisted.csv,COMMON_STOCK,IN_SCOPE,HIGH,Security name indicates common equity: COMMON STOCK.,,,,,,1,PRESERVE_EXISTING,Existing validated expanded_universe_v2_4b row preserved as base source.,,USD,XNAS,,,,,,,,,,,,common_equity
EPOW,E-Power Inc. - Class A Ordinary Shares,NASDAQ,USA,nasdaq_trader_nasdaqlisted,data/raw/source_providers/nasdaq_trader_nasdaqlisted/nasdaq_trader_nasdaqlisted.csv,COMMON_STOCK,IN_SCOPE,HIGH,Security name indicates common equity: ORDINARY SHARES.,,,,,,1,PRESERVE_EXISTING,Existing validated expanded_universe_v2_4b row preserved as base source.,,USD,XNAS,,,,,,,,,,,,common_equity
EPRX,Eupraxia Pharmaceuticals Inc. - Common Stock,NASDAQ,USA,nasdaq_trader_nasdaqlisted,data/raw/source_providers/nasdaq_trader_nasdaqlisted/nasdaq_trader_nasdaqlisted.csv,COMMON_STOCK,IN_SCOPE,HIGH,Security name indicates common equity: COMMON STOCK.,,,,,,1,PRESERVE_EXISTING,Existing validated expanded_universe_v2_4b row preserved as base source.,,USD,XNAS,,,,,,,,,,,,common_equity
EPSM,Epsium Enterprise Limited - Class A Ordinary Shares,NASDAQ,USA,nasdaq_trader_nasdaqlisted,data/raw/source_providers/nasdaq_trader_nasdaqlisted/nasdaq_trader_nasdaqlisted.csv,COMMON_STOCK,IN_SCOPE,HIGH,Security name indicates common equity: ORDINARY SHARES.,,,,,,1,PRESERVE_EXISTING,Existing validated expanded_universe_v2_4b row preserved as base source.,,USD,XNAS,,,,,,,,,,,,common_equity
EPSN,Epsilon Energy Ltd. - Common Shares,NASDAQ,USA,nasdaq_trader_nasdaqlisted,data/raw/source_providers/nasdaq_trader_nasdaqlisted/nasdaq_trader_nasdaqlisted.csv,COMMON_STOCK,IN_SCOPE,MEDIUM,No exclusion keyword detected; treated as common equity candidate.,,,,,,1,PRESERVE_EXISTING,Existing validated expanded_universe_v2_4b row preserved as base source.,,USD,XNAS,,,,,,,,,,,,common_equity
EQ,"Equillium, Inc. - Common Stock",NASDAQ,USA,nasdaq_trader_nasdaqlisted,data/raw/source_providers/nasdaq_trader_nasdaqlisted/nasdaq_trader_nasdaqlisted.csv,COMMON_STOCK,IN_SCOPE,HIGH,Security name indicates common equity: COMMON STOCK.,,,,,,1,PRESERVE_EXISTING,Existing validated expanded_universe_v2_4b row preserved as base source.,,USD,XNAS,,,,,,,,,,,,common_equity
EQIX,"Equinix, Inc. - Common Stock",NASDAQ,USA,nasdaq_trader_nasdaqlisted,data/raw/source_providers/nasdaq_trader_nasdaqlisted/nasdaq_trader_nasdaqlisted.csv,COMMON_STOCK,IN_SCOPE,HIGH,Security name indicates common equity: COMMON STOCK.,,,,,,1,PRESERVE_EXISTING,Existing validated expanded_universe_v2_4b row preserved as base source.,,USD,XNAS,,,,,,,,,,,,common_equity
EQPT,EquipmentShare.com Inc - Class A Common Stock,NASDAQ,USA,nasdaq_trader_nasdaqlisted,data/raw/source_providers/nasdaq_trader_nasdaqlisted/nasdaq_trader_nasdaqlisted.csv,COMMON_STOCK,IN_SCOPE,HIGH,Security name indicates common equity: COMMON STOCK.,,,,,,1,PRESERVE_EXISTING,Existing validated expanded_universe_v2_4b row preserved as base source.,,USD,XNAS,,,,,,,,,,,,common_equity
ERAS,"Erasca, Inc. - Common Stock",NASDAQ,USA,nasdaq_trader_nasdaqlisted,data/raw/source_providers/nasdaq_trader_nasdaqlisted/nasdaq_trader_nasdaqlisted.csv,COMMON_STOCK,IN_SCOPE,HIGH,Security name indicates common equity: COMMON STOCK.,,,,,,1,PRESERVE_EXISTING,Existing validated expanded_universe_v2_4b row preserved as base source.,,USD,XNAS,,,,,,,,,,,,common_equity
ERIE,Erie Indemnity Company - Class A Common Stock,NASDAQ,USA,nasdaq_trader_nasdaqlisted,data/raw/source_providers/nasdaq_trader_nasdaqlisted/nasdaq_trader_nasdaqlisted.csv,COMMON_STOCK,IN_SCOPE,HIGH,Security name indicates common equity: COMMON STOCK.,,,,,,1,PRESERVE_EXISTING,Existing validated expanded_universe_v2_4b row preserved as base source.,,USD,XNAS,,,,,,,,,,,,common_equity
ERII,"Energy Recovery, Inc. - Common Stock",NASDAQ,USA,nasdaq_trader_nasdaqlisted,data/raw/source_providers/nasdaq_trader_nasdaqlisted/nasdaq_trader_nasdaqlisted.csv,COMMON_STOCK,IN_SCOPE,HIGH,Security name indicates common equity: COMMON STOCK.,,,,,,1,PRESERVE_EXISTING,Existing validated expanded_universe_v2_4b row preserved as base source.,,USD,XNAS,,,,,,,,,,,,common_equity
ERNA,Ernexa Therapeutics Inc. - Common Stock,NASDAQ,USA,nasdaq_trader_nasdaqlisted,data/raw/source_providers/nasdaq_trader_nasdaqlisted/nasdaq_trader_nasdaqlisted.csv,COMMON_STOCK,IN_SCOPE,HIGH,Security name indicates common equity: COMMON STOCK.,,,,,,1,PRESERVE_EXISTING,Existing validated expanded_universe_v2_4b row preserved as base source.,,USD,XNAS,,,,,,,,,,,,common_equity
ESCA,"Escalade, Incorporated - Common Stock",NASDAQ,USA,nasdaq_trader_nasdaqlisted,data/raw/source_providers/nasdaq_trader_nasdaqlisted/nasdaq_trader_nasdaqlisted.csv,COMMON_STOCK,IN_SCOPE,HIGH,Security name indicates common equity: COMMON STOCK.,,,,,,1,PRESERVE_EXISTING,Existing validated expanded_universe_v2_4b row preserved as base source.,,USD,XNAS,,,,,,,,,,,,common_equity
ESEA,Euroseas Ltd. - Common Stock,NASDAQ,USA,nasdaq_trader_nasdaqlisted,data/raw/source_providers/nasdaq_trader_nasdaqlisted/nasdaq_trader_nasdaqlisted.csv,COMMON_STOCK,IN_SCOPE,HIGH,Security name indicates common equity: COMMON STOCK.,,,,,,1,PRESERVE_EXISTING,Existing validated expanded_universe_v2_4b row preserved as base source.,,USD,XNAS,,,,,,,,,,,,common_equity
ESLA,"Estrella Immunopharma, Inc. - Common Stock",NASDAQ,USA,nasdaq_trader_nasdaqlisted,data/raw/source_providers/nasdaq_trader_nasdaqlisted/nasdaq_trader_nasdaqlisted.csv,COMMON_STOCK,IN_SCOPE,HIGH,Security name indicates common equity: COMMON STOCK.,,,,,,1,PRESERVE_EXISTING,Existing validated expanded_universe_v2_4b row preserved as base source.,,USD,XNAS,,,,,,,,,,,,common_equity
ESLT,Elbit Systems Ltd. - Ordinary Shares,NASDAQ,USA,nasdaq_trader_nasdaqlisted,data/raw/source_providers/nasdaq_trader_nasdaqlisted/nasdaq_trader_nasdaqlisted.csv,COMMON_STOCK,IN_SCOPE,HIGH,Security name indicates common equity: ORDINARY SHARES.,,,,,,1,PRESERVE_EXISTING,Existing validated expanded_universe_v2_4b row preserved as base source.,,USD,XNAS,,,,,,,,,,,,common_equity
ESOA,Energy Services of America Corporation - Common Stock,NASDAQ,USA,nasdaq_trader_nasdaqlisted,data/raw/source_providers/nasdaq_trader_nasdaqlisted/nasdaq_trader_nasdaqlisted.csv,COMMON_STOCK,IN_SCOPE,HIGH,Security name indicates common equity: COMMON STOCK.,,,,,,1,PRESERVE_EXISTING,Existing validated expanded_universe_v2_4b row preserved as base source.,,USD,XNAS,,,,,,,,,,,,common_equity
ESPR,"Esperion Therapeutics, Inc. - Common Stock",NASDAQ,USA,nasdaq_trader_nasdaqlisted,data/raw/source_providers/nasdaq_trader_nasdaqlisted/nasdaq_trader_nasdaqlisted.csv,COMMON_STOCK,IN_SCOPE,HIGH,Security name indicates common equity: COMMON STOCK.,,,,,,1,PRESERVE_EXISTING,Existing validated expanded_universe_v2_4b row preserved as base source.,,USD,XNAS,,,,,,,,,,,,common_equity
ESQ,"Esquire Financial Holdings, Inc. - Common Stock",NASDAQ,USA,nasdaq_trader_nasdaqlisted,data/raw/source_providers/nasdaq_trader_nasdaqlisted/nasdaq_trader_nasdaqlisted.csv,COMMON_STOCK,IN_SCOPE,HIGH,Security name indicates common equity: COMMON STOCK.,,,,,,1,PRESERVE_EXISTING,Existing validated expanded_universe_v2_4b row preserved as base source.,,USD,XNAS,,,,,,,,,,,,common_equity
ESTA,Establishment Labs Holdings Inc. - Common Shares,NASDAQ,USA,nasdaq_trader_nasdaqlisted,data/raw/source_providers/nasdaq_trader_nasdaqlisted/nasdaq_trader_nasdaqlisted.csv,COMMON_STOCK,IN_SCOPE,MEDIUM,No exclusion keyword detected; treated as common equity candidate.,,,,,,1,PRESERVE_EXISTING,Existing validated expanded_universe_v2_4b row preserved as base source.,,USD,XNAS,,,,,,,,,,,,common_equity
ETON,"Eton Pharmaceuticals, Inc. - Common Stock",NASDAQ,USA,nasdaq_trader_nasdaqlisted,data/raw/source_providers/nasdaq_trader_nasdaqlisted/nasdaq_trader_nasdaqlisted.csv,COMMON_STOCK,IN_SCOPE,HIGH,Security name indicates common equity: COMMON STOCK.,,,,,,1,PRESERVE_EXISTING,Existing validated expanded_universe_v2_4b row preserved as base source.,,USD,XNAS,,,,,,,,,,,,common_equity
ETOR,eToro Group Ltd. - Class A Common Shares,NASDAQ,USA,nasdaq_trader_nasdaqlisted,data/raw/source_providers/nasdaq_trader_nasdaqlisted/nasdaq_trader_nasdaqlisted.csv,COMMON_STOCK,IN_SCOPE,HIGH,Security name indicates common equity: CLASS A.,,,,,,1,PRESERVE_EXISTING,Existing validated expanded_universe_v2_4b row preserved as base source.,,USD,XNAS,,,,,,,,,,,,common_equity
ETS,Elite Express Holding Inc. - Class A Common Stock,NASDAQ,USA,nasdaq_trader_nasdaqlisted,data/raw/source_providers/nasdaq_trader_nasdaqlisted/nasdaq_trader_nasdaqlisted.csv,COMMON_STOCK,IN_SCOPE,HIGH,Security name indicates common equity: COMMON STOCK.,,,,,,1,PRESERVE_EXISTING,Existing validated expanded_universe_v2_4b row preserved as base source.,,USD,XNAS,,,,,,,,,,,,common_equity
EU,enCore Energy Corp. - Common Stock,NASDAQ,USA,nasdaq_trader_nasdaqlisted,data/raw/source_providers/nasdaq_trader_nasdaqlisted/nasdaq_trader_nasdaqlisted.csv,COMMON_STOCK,IN_SCOPE,HIGH,Security name indicates common equity: COMMON STOCK.,,,,,,1,PRESERVE_EXISTING,Existing validated expanded_universe_v2_4b row preserved as base source.,,USD,XNAS,,,,,,,,,,,,common_equity
EUDA,Euda Health Holdings Limited - Ordinary Shares,NASDAQ,USA,nasdaq_trader_nasdaqlisted,data/raw/source_providers/nasdaq_trader_nasdaqlisted/nasdaq_trader_nasdaqlisted.csv,COMMON_STOCK,IN_SCOPE,HIGH,Security name indicates common equity: ORDINARY SHARES.,,,,,,1,PRESERVE_EXISTING,Existing validated expanded_universe_v2_4b row preserved as base source.,,USD,XNAS,,,,,,,,,,,,common_equity
EURK,Eureka Acquisition Corp - Class A Ordinary Share,NASDAQ,USA,nasdaq_trader_nasdaqlisted,data/raw/source_providers/nasdaq_trader_nasdaqlisted/nasdaq_trader_nasdaqlisted.csv,COMMON_STOCK,IN_SCOPE,HIGH,Security name indicates common equity: CLASS A.,,,,,,1,PRESERVE_EXISTING,Existing validated expanded_universe_v2_4b row preserved as base source.,,USD,XNAS,,,,,,,,,,,,common_equity
EVAX,Evaxion A/S - American Depositary Share,NASDAQ,USA,nasdaq_trader_nasdaqlisted,data/raw/source_providers/nasdaq_trader_nasdaqlisted/nasdaq_trader_nasdaqlisted.csv,ADR,IN_SCOPE_ADR,MEDIUM,Security name indicates ADR/ADS: AMERICAN DEPOSITARY.,,,,,,1,PRESERVE_EXISTING,Existing validated expanded_universe_v2_4b row preserved as base source.,,USD,XNAS,,,,,,,,,,,,adr_equity
EVCM,EverCommerce Inc. - Common Stock,NASDAQ,USA,nasdaq_trader_nasdaqlisted,data/raw/source_providers/nasdaq_trader_nasdaqlisted/nasdaq_trader_nasdaqlisted.csv,COMMON_STOCK,IN_SCOPE,HIGH,Security name indicates common equity: COMMON STOCK.,,,,,,1,PRESERVE_EXISTING,Existing validated expanded_universe_v2_4b row preserved as base source.,,USD,XNAS,,,,,,,,,,,,common_equity
EVER,"EverQuote, Inc. - Class A Common Stock",NASDAQ,USA,nasdaq_trader_nasdaqlisted,data/raw/source_providers/nasdaq_trader_nasdaqlisted/nasdaq_trader_nasdaqlisted.csv,COMMON_STOCK,IN_SCOPE,HIGH,Security name indicates common equity: COMMON STOCK.,,,,,,1,PRESERVE_EXISTING,Existing validated expanded_universe_v2_4b row preserved as base source.,,USD,XNAS,,,,,,,,,,,,common_equity
EVGN,Evogene Ltd. - Ordinary Shares,NASDAQ,USA,nasdaq_trader_nasdaqlisted,data/raw/source_providers/nasdaq_trader_nasdaqlisted/nasdaq_trader_nasdaqlisted.csv,COMMON_STOCK,IN_SCOPE,HIGH,Security name indicates common equity: ORDINARY SHARES.,,,,,,1,PRESERVE_EXISTING,Existing validated expanded_universe_v2_4b row preserved as base source.,,USD,XNAS,,,,,,,,,,,,common_equity
EVGO,EVgo Inc. - Common Stock,NASDAQ,USA,nasdaq_trader_nasdaqlisted,data/raw/source_providers/nasdaq_trader_nasdaqlisted/nasdaq_trader_nasdaqlisted.csv,COMMON_STOCK,IN_SCOPE,HIGH,Security name indicates common equity: COMMON STOCK.,,,,,,1,PRESERVE_EXISTING,Existing validated expanded_universe_v2_4b row preserved as base source.,,USD,XNAS,,,,,,,,,,,,common_equity
EVLV,"Evolv Technologies Holdings, Inc. - Class A Common Stock",NASDAQ,USA,nasdaq_trader_nasdaqlisted,data/raw/source_providers/nasdaq_trader_nasdaqlisted/nasdaq_trader_nasdaqlisted.csv,COMMON_STOCK,IN_SCOPE,HIGH,Security name indicates common equity: COMMON STOCK.,,,,,,1,PRESERVE_EXISTING,Existing validated expanded_universe_v2_4b row preserved as base source.,,USD,XNAS,,,,,,,,,,,,common_equity
EVOX,Evolution Global Acquisition Corp - Class A Ordinary Shares,NASDAQ,USA,nasdaq_trader_nasdaqlisted,data/raw/source_providers/nasdaq_trader_nasdaqlisted/nasdaq_trader_nasdaqlisted.csv,COMMON_STOCK,IN_SCOPE,HIGH,Security name indicates common equity: ORDINARY SHARES.,,,,,,1,PRESERVE_EXISTING,Existing validated expanded_universe_v2_4b row preserved as base source.,,USD,XNAS,,,,,,,,,,,,common_equity
EVRG,"Evergy, Inc. - Common Stock",NASDAQ,USA,nasdaq_trader_nasdaqlisted,data/raw/source_providers/nasdaq_trader_nasdaqlisted/nasdaq_trader_nasdaqlisted.csv,COMMON_STOCK,IN_SCOPE,HIGH,Security name indicates common equity: COMMON STOCK.,,,,,,1,PRESERVE_EXISTING,Existing validated expanded_universe_v2_4b row preserved as base source.,,USD,XNAS,,,,,,,,,,,,common_equity
EVTV,"Envirotech Vehicles, Inc. - Common stock",NASDAQ,USA,nasdaq_trader_nasdaqlisted,data/raw/source_providers/nasdaq_trader_nasdaqlisted/nasdaq_trader_nasdaqlisted.csv,COMMON_STOCK,IN_SCOPE,HIGH,Security name indicates common equity: COMMON STOCK.,,,,,,1,PRESERVE_EXISTING,Existing validated expanded_universe_v2_4b row preserved as base source.,,USD,XNAS,,,,,,,,,,,,common_equity
EWBC,"East West Bancorp, Inc. - Common Stock",NASDAQ,USA,nasdaq_trader_nasdaqlisted,data/raw/source_providers/nasdaq_trader_nasdaqlisted/nasdaq_trader_nasdaqlisted.csv,COMMON_STOCK,IN_SCOPE,HIGH,Security name indicates common equity: COMMON STOCK.,,,,,,1,PRESERVE_EXISTING,Existing validated expanded_universe_v2_4b row preserved as base source.,,USD,XNAS,,,,,,,,,,,,common_equity
EWTX,"Edgewise Therapeutics, Inc. - Common Stock",NASDAQ,USA,nasdaq_trader_nasdaqlisted,data/raw/source_providers/nasdaq_trader_nasdaqlisted/nasdaq_trader_nasdaqlisted.csv,COMMON_STOCK,IN_SCOPE,HIGH,Security name indicates common equity: COMMON STOCK.,,,,,,1,PRESERVE_EXISTING,Existing validated expanded_universe_v2_4b row preserved as base source.,,USD,XNAS,,,,,,,,,,,,common_equity
EXC,Exelon Corporation - Common Stock,NASDAQ,USA,nasdaq_trader_nasdaqlisted,data/raw/source_providers/nasdaq_trader_nasdaqlisted/nasdaq_trader_nasdaqlisted.csv,COMMON_STOCK,IN_SCOPE,HIGH,Security name indicates common equity: COMMON STOCK.,,,,,,1,PRESERVE_EXISTING,Existing validated expanded_universe_v2_4b row preserved as base source.,,USD,XNAS,,,,,,,,,,,,common_equity
EXE,Expand Energy Corporation - Common Stock,NASDAQ,USA,nasdaq_trader_nasdaqlisted,data/raw/source_providers/nasdaq_trader_nasdaqlisted/nasdaq_trader_nasdaqlisted.csv,COMMON_STOCK,IN_SCOPE,HIGH,Security name indicates common equity: COMMON STOCK.,,,,,,1,PRESERVE_EXISTING,Existing validated expanded_universe_v2_4b row preserved as base source.,,USD,XNAS,,,,,,,,,,,,common_equity
EXEL,"Exelixis, Inc. - Common Stock",NASDAQ,USA,nasdaq_trader_nasdaqlisted,data/raw/source_providers/nasdaq_trader_nasdaqlisted/nasdaq_trader_nasdaqlisted.csv,COMMON_STOCK,IN_SCOPE,HIGH,Security name indicates common equity: COMMON STOCK.,,,,,,1,PRESERVE_EXISTING,Existing validated expanded_universe_v2_4b row preserved as base source.,,USD,XNAS,,,,,,,,,,,,common_equity
EXFY,"Expensify, Inc. - Class A Common Stock",NASDAQ,USA,nasdaq_trader_nasdaqlisted,data/raw/source_providers/nasdaq_trader_nasdaqlisted/nasdaq_trader_nasdaqlisted.csv,COMMON_STOCK,IN_SCOPE,HIGH,Security name indicates common equity: COMMON STOCK.,,,,,,1,PRESERVE_EXISTING,Existing validated expanded_universe_v2_4b row preserved as base source.,,USD,XNAS,,,,,,,,,,,,common_equity
EXLS,"ExlService Holdings, Inc. - Common Stock",NASDAQ,USA,nasdaq_trader_nasdaqlisted,data/raw/source_providers/nasdaq_trader_nasdaqlisted/nasdaq_trader_nasdaqlisted.csv,COMMON_STOCK,IN_SCOPE,HIGH,Security name indicates common equity: COMMON STOCK.,,,,,,1,PRESERVE_EXISTING,Existing validated expanded_universe_v2_4b row preserved as base source.,,USD,XNAS,,,,,,,,,,,,common_equity
EXOZ,eXoZymes Inc. - Common Stock,NASDAQ,USA,nasdaq_trader_nasdaqlisted,data/raw/source_providers/nasdaq_trader_nasdaqlisted/nasdaq_trader_nasdaqlisted.csv,COMMON_STOCK,IN_SCOPE,HIGH,Security name indicates common equity: COMMON STOCK.,,,,,,1,PRESERVE_EXISTING,Existing validated expanded_universe_v2_4b row preserved as base source.,,USD,XNAS,,,,,,,,,,,,common_equity
EXPE,"Expedia Group, Inc. - Common Stock",NASDAQ,USA,nasdaq_trader_nasdaqlisted,data/raw/source_providers/nasdaq_trader_nasdaqlisted/nasdaq_trader_nasdaqlisted.csv,COMMON_STOCK,IN_SCOPE,HIGH,Security name indicates common equity: COMMON STOCK.,,,,,,1,PRESERVE_EXISTING,Existing validated expanded_universe_v2_4b row preserved as base source.,,USD,XNAS,,,,,,,,,,,,common_equity
EXPO,"Exponent, Inc. - Common Stock",NASDAQ,USA,nasdaq_trader_nasdaqlisted,data/raw/source_providers/nasdaq_trader_nasdaqlisted/nasdaq_trader_nasdaqlisted.csv,COMMON_STOCK,IN_SCOPE,HIGH,Security name indicates common equity: COMMON STOCK.,,,,,,1,PRESERVE_EXISTING,Existing validated expanded_universe_v2_4b row preserved as base source.,,USD,XNAS,,,,,,,,,,,,common_equity
EXTR,"Extreme Networks, Inc. - Common Stock",NASDAQ,USA,nasdaq_trader_nasdaqlisted,data/raw/source_providers/nasdaq_trader_nasdaqlisted/nasdaq_trader_nasdaqlisted.csv,COMMON_STOCK,IN_SCOPE,HIGH,Security name indicates common equity: COMMON STOCK.,,,,,,1,PRESERVE_EXISTING,Existing validated expanded_universe_v2_4b row preserved as base source.,,USD,XNAS,,,,,,,,,,,,common_equity
EXYN,"Exyn Technologies, Inc. - Common Stock",NASDAQ,USA,nasdaq_trader_nasdaqlisted,data/raw/source_providers/nasdaq_trader_nasdaqlisted/nasdaq_trader_nasdaqlisted.csv,COMMON_STOCK,IN_SCOPE,HIGH,Security name indicates common equity: COMMON STOCK.,,,,,,1,PRESERVE_EXISTING,Existing validated expanded_universe_v2_4b row preserved as base source.,,USD,XNAS,,,,,,,,,,,,common_equity
EYE,"National Vision Holdings, Inc. - Common Stock",NASDAQ,USA,nasdaq_trader_nasdaqlisted,data/raw/source_providers/nasdaq_trader_nasdaqlisted/nasdaq_trader_nasdaqlisted.csv,COMMON_STOCK,IN_SCOPE,HIGH,Security name indicates common equity: COMMON STOCK.,,,,,,1,PRESERVE_EXISTING,Existing validated expanded_universe_v2_4b row preserved as base source.,,USD,XNAS,,,,,,,,,,,,common_equity
EYPT,"EyePoint, Inc. - Common Stock",NASDAQ,USA,nasdaq_trader_nasdaqlisted,data/raw/source_providers/nasdaq_trader_nasdaqlisted/nasdaq_trader_nasdaqlisted.csv,COMMON_STOCK,IN_SCOPE,HIGH,Security name indicates common equity: COMMON STOCK.,,,,,,1,PRESERVE_EXISTING,Existing validated expanded_universe_v2_4b row preserved as base source.,,USD,XNAS,,,,,,,,,,,,common_equity
EZGO,EZGO Technologies Ltd. - Ordinary Shares,NASDAQ,USA,nasdaq_trader_nasdaqlisted,data/raw/source_providers/nasdaq_trader_nasdaqlisted/nasdaq_trader_nasdaqlisted.csv,COMMON_STOCK,IN_SCOPE,HIGH,Security name indicates common equity: ORDINARY SHARES.,,,,,,1,PRESERVE_EXISTING,Existing validated expanded_universe_v2_4b row preserved as base source.,,USD,XNAS,,,,,,,,,,,,common_equity
EZPW,"EZCORP, Inc. - Class A Non-Voting Common Stock",NASDAQ,USA,nasdaq_trader_nasdaqlisted,data/raw/source_providers/nasdaq_trader_nasdaqlisted/nasdaq_trader_nasdaqlisted.csv,COMMON_STOCK,IN_SCOPE,HIGH,Security name indicates common equity: COMMON STOCK.,,,,,,1,PRESERVE_EXISTING,Existing validated expanded_universe_v2_4b row preserved as base source.,,USD,XNAS,,,,,,,,,,,,common_equity
EZRA,"Reliance Global Group, Inc. - Common Stock",NASDAQ,USA,nasdaq_trader_nasdaqlisted,data/raw/source_providers/nasdaq_trader_nasdaqlisted/nasdaq_trader_nasdaqlisted.csv,COMMON_STOCK,IN_SCOPE,HIGH,Security name indicates common equity: COMMON STOCK.,,,,,,1,PRESERVE_EXISTING,Existing validated expanded_universe_v2_4b row preserved as base source.,,USD,XNAS,,,,,,,,,,,,common_equity
FA,First Advantage Corporation - Common Stock,NASDAQ,USA,nasdaq_trader_nasdaqlisted,data/raw/source_providers/nasdaq_trader_nasdaqlisted/nasdaq_trader_nasdaqlisted.csv,COMMON_STOCK,IN_SCOPE,HIGH,Security name indicates common equity: COMMON STOCK.,,,,,,1,PRESERVE_EXISTING,Existing validated expanded_universe_v2_4b row preserved as base source.,,USD,XNAS,,,,,,,,,,,,common_equity
FABC,"Fabric.AI, Inc. - Common Stock",NASDAQ,USA,nasdaq_trader_nasdaqlisted,data/raw/source_providers/nasdaq_trader_nasdaqlisted/nasdaq_trader_nasdaqlisted.csv,COMMON_STOCK,IN_SCOPE,HIGH,Security name indicates common equity: COMMON STOCK.,,,,,,1,PRESERVE_EXISTING,Existing validated expanded_universe_v2_4b row preserved as base source.,,USD,XNAS,,,,,,,,,,,,common_equity
FAC,Factorial Energy Inc. - Class A Common Stock,NASDAQ,USA,nasdaq_trader_nasdaqlisted,data/raw/source_providers/nasdaq_trader_nasdaqlisted/nasdaq_trader_nasdaqlisted.csv,COMMON_STOCK,IN_SCOPE,HIGH,Security name indicates common equity: COMMON STOCK.,,,,,,1,PRESERVE_EXISTING,Existing validated expanded_universe_v2_4b row preserved as base source.,,USD,XNAS,,,,,,,,,,,,common_equity
FACT,FACT II Acquisition Corp. - Class A Ordinary Shares,NASDAQ,USA,nasdaq_trader_nasdaqlisted,data/raw/source_providers/nasdaq_trader_nasdaqlisted/nasdaq_trader_nasdaqlisted.csv,COMMON_STOCK,IN_SCOPE,HIGH,Security name indicates common equity: ORDINARY SHARES.,,,,,,1,PRESERVE_EXISTING,Existing validated expanded_universe_v2_4b row preserved as base source.,,USD,XNAS,,,,,,,,,,,,common_equity
FAMI,"Farmmi, Inc. - Class A Ordinary Shares",NASDAQ,USA,nasdaq_trader_nasdaqlisted,data/raw/source_providers/nasdaq_trader_nasdaqlisted/nasdaq_trader_nasdaqlisted.csv,COMMON_STOCK,IN_SCOPE,HIGH,Security name indicates common equity: ORDINARY SHARES.,,,,,,1,PRESERVE_EXISTING,Existing validated expanded_universe_v2_4b row preserved as base source.,,USD,XNAS,,,,,,,,,,,,common_equity
FANG,"Diamondback Energy, Inc. - Common Stock",NASDAQ,USA,nasdaq_trader_nasdaqlisted,data/raw/source_providers/nasdaq_trader_nasdaqlisted/nasdaq_trader_nasdaqlisted.csv,COMMON_STOCK,IN_SCOPE,HIGH,Security name indicates common equity: COMMON STOCK.,,,,,,1,PRESERVE_EXISTING,Existing validated expanded_universe_v2_4b row preserved as base source.,,USD,XNAS,,,,,,,,,,,,common_equity
FAST,Fastenal Company - Common Stock,NASDAQ,USA,nasdaq_trader_nasdaqlisted,data/raw/source_providers/nasdaq_trader_nasdaqlisted/nasdaq_trader_nasdaqlisted.csv,COMMON_STOCK,IN_SCOPE,HIGH,Security name indicates common equity: COMMON STOCK.,,,,,,1,PRESERVE_EXISTING,Existing validated expanded_universe_v2_4b row preserved as base source.,,USD,XNAS,,,,,,,,,,,,common_equity
FATE,"Fate Therapeutics, Inc. - Common Stock",NASDAQ,USA,nasdaq_trader_nasdaqlisted,data/raw/source_providers/nasdaq_trader_nasdaqlisted/nasdaq_trader_nasdaqlisted.csv,COMMON_STOCK,IN_SCOPE,HIGH,Security name indicates common equity: COMMON STOCK.,,,,,,1,PRESERVE_EXISTING,Existing validated expanded_universe_v2_4b row preserved as base source.,,USD,XNAS,,,,,,,,,,,,common_equity
FATN,"FatPipe, Inc. - common stock",NASDAQ,USA,nasdaq_trader_nasdaqlisted,data/raw/source_providers/nasdaq_trader_nasdaqlisted/nasdaq_trader_nasdaqlisted.csv,COMMON_STOCK,IN_SCOPE,HIGH,Security name indicates common equity: COMMON STOCK.,,,,,,1,PRESERVE_EXISTING,Existing validated expanded_universe_v2_4b row preserved as base source.,,USD,XNAS,,,,,,,,,,,,common_equity
FBGL,FBS Global Limited - Ordinary Shares,NASDAQ,USA,nasdaq_trader_nasdaqlisted,data/raw/source_providers/nasdaq_trader_nasdaqlisted/nasdaq_trader_nasdaqlisted.csv,COMMON_STOCK,IN_SCOPE,HIGH,Security name indicates common equity: ORDINARY SHARES.,,,,,,1,PRESERVE_EXISTING,Existing validated expanded_universe_v2_4b row preserved as base source.,,USD,XNAS,,,,,,,,,,,,common_equity
FBIO,"Fortress Biotech, Inc. - Common Stock",NASDAQ,USA,nasdaq_trader_nasdaqlisted,data/raw/source_providers/nasdaq_trader_nasdaqlisted/nasdaq_trader_nasdaqlisted.csv,COMMON_STOCK,IN_SCOPE,HIGH,Security name indicates common equity: COMMON STOCK.,,,,,,1,PRESERVE_EXISTING,Existing validated expanded_universe_v2_4b row preserved as base source.,,USD,XNAS,,,,,,,,,,,,common_equity
FBIZ,"First Business Financial Services, Inc. - Common Stock",NASDAQ,USA,nasdaq_trader_nasdaqlisted,data/raw/source_providers/nasdaq_trader_nasdaqlisted/nasdaq_trader_nasdaqlisted.csv,COMMON_STOCK,IN_SCOPE,HIGH,Security name indicates common equity: COMMON STOCK.,,,,,,1,PRESERVE_EXISTING,Existing validated expanded_universe_v2_4b row preserved as base source.,,USD,XNAS,,,,,,,,,,,,common_equity
FBLA,"FB Bancorp, Inc. - Common Stock",NASDAQ,USA,nasdaq_trader_nasdaqlisted,data/raw/source_providers/nasdaq_trader_nasdaqlisted/nasdaq_trader_nasdaqlisted.csv,COMMON_STOCK,IN_SCOPE,HIGH,Security name indicates common equity: COMMON STOCK.,,,,,,1,PRESERVE_EXISTING,Existing validated expanded_universe_v2_4b row preserved as base source.,,USD,XNAS,,,,,,,,,,,,common_equity
FBLG,"FibroBiologics, Inc. - Common Stock",NASDAQ,USA,nasdaq_trader_nasdaqlisted,data/raw/source_providers/nasdaq_trader_nasdaqlisted/nasdaq_trader_nasdaqlisted.csv,COMMON_STOCK,IN_SCOPE,HIGH,Security name indicates common equity: COMMON STOCK.,,,,,,1,PRESERVE_EXISTING,Existing validated expanded_universe_v2_4b row preserved as base source.,,USD,XNAS,,,,,,,,,,,,common_equity
FBNC,First Bancorp - Common Stock,NASDAQ,USA,nasdaq_trader_nasdaqlisted,data/raw/source_providers/nasdaq_trader_nasdaqlisted/nasdaq_trader_nasdaqlisted.csv,COMMON_STOCK,IN_SCOPE,HIGH,Security name indicates common equity: COMMON STOCK.,,,,,,1,PRESERVE_EXISTING,Existing validated expanded_universe_v2_4b row preserved as base source.,,USD,XNAS,,,,,,,,,,,,common_equity
FBRX,"Forte Biosciences, Inc. - Common Stock",NASDAQ,USA,nasdaq_trader_nasdaqlisted,data/raw/source_providers/nasdaq_trader_nasdaqlisted/nasdaq_trader_nasdaqlisted.csv,COMMON_STOCK,IN_SCOPE,HIGH,Security name indicates common equity: COMMON STOCK.,,,,,,1,PRESERVE_EXISTING,Existing validated expanded_universe_v2_4b row preserved as base source.,,USD,XNAS,,,,,,,,,,,,common_equity
FBYD,"Falcon's Beyond Global, Inc. - Class A Common Stock",NASDAQ,USA,nasdaq_trader_nasdaqlisted,data/raw/source_providers/nasdaq_trader_nasdaqlisted/nasdaq_trader_nasdaqlisted.csv,COMMON_STOCK,IN_SCOPE,HIGH,Security name indicates common equity: COMMON STOCK.,,,,,,1,PRESERVE_EXISTING,Existing validated expanded_universe_v2_4b row preserved as base source.,,USD,XNAS,,,,,,,,,,,,common_equity
FCAP,"First Capital, Inc. - Common Stock",NASDAQ,USA,nasdaq_trader_nasdaqlisted,data/raw/source_providers/nasdaq_trader_nasdaqlisted/nasdaq_trader_nasdaqlisted.csv,COMMON_STOCK,IN_SCOPE,HIGH,Security name indicates common equity: COMMON STOCK.,,,,,,1,PRESERVE_EXISTING,Existing validated expanded_universe_v2_4b row preserved as base source.,,USD,XNAS,,,,,,,,,,,,common_equity
FCBC,"First Community Bankshares, Inc. - Common Stock",NASDAQ,USA,nasdaq_trader_nasdaqlisted,data/raw/source_providers/nasdaq_trader_nasdaqlisted/nasdaq_trader_nasdaqlisted.csv,COMMON_STOCK,IN_SCOPE,HIGH,Security name indicates common equity: COMMON STOCK.,,,,,,1,PRESERVE_EXISTING,Existing validated expanded_universe_v2_4b row preserved as base source.,,USD,XNAS,,,,,,,,,,,,common_equity
FCCO,First Community Corporation - Common Stock,NASDAQ,USA,nasdaq_trader_nasdaqlisted,data/raw/source_providers/nasdaq_trader_nasdaqlisted/nasdaq_trader_nasdaqlisted.csv,COMMON_STOCK,IN_SCOPE,HIGH,Security name indicates common equity: COMMON STOCK.,,,,,,1,PRESERVE_EXISTING,Existing validated expanded_universe_v2_4b row preserved as base source.,,USD,XNAS,,,,,,,,,,,,common_equity
FCEL,"FuelCell Energy, Inc. - Common Stock",NASDAQ,USA,nasdaq_trader_nasdaqlisted,data/raw/source_providers/nasdaq_trader_nasdaqlisted/nasdaq_trader_nasdaqlisted.csv,COMMON_STOCK,IN_SCOPE,HIGH,Security name indicates common equity: COMMON STOCK.,,,,,,1,PRESERVE_EXISTING,Existing validated expanded_universe_v2_4b row preserved as base source.,,USD,XNAS,,,,,,,,,,,,common_equity
FCFS,"FirstCash Holdings, Inc. - Common Stock",NASDAQ,USA,nasdaq_trader_nasdaqlisted,data/raw/source_providers/nasdaq_trader_nasdaqlisted/nasdaq_trader_nasdaqlisted.csv,COMMON_STOCK,IN_SCOPE,HIGH,Security name indicates common equity: COMMON STOCK.,,,,,,1,PRESERVE_EXISTING,Existing validated expanded_universe_v2_4b row preserved as base source.,,USD,XNAS,,,,,,,,,,,,common_equity
FCHL,Fitness Champs Holdings Limited - Ordinary Shares,NASDAQ,USA,nasdaq_trader_nasdaqlisted,data/raw/source_providers/nasdaq_trader_nasdaqlisted/nasdaq_trader_nasdaqlisted.csv,COMMON_STOCK,IN_SCOPE,HIGH,Security name indicates common equity: ORDINARY SHARES.,,,,,,1,PRESERVE_EXISTING,Existing validated expanded_universe_v2_4b row preserved as base source.,,USD,XNAS,,,,,,,,,,,,common_equity
FCNCA,"First Citizens BancShares, Inc. - Class A Common Stock",NASDAQ,USA,nasdaq_trader_nasdaqlisted,data/raw/source_providers/nasdaq_trader_nasdaqlisted/nasdaq_trader_nasdaqlisted.csv,COMMON_STOCK,IN_SCOPE,HIGH,Security name indicates common equity: COMMON STOCK.,,,,,,1,PRESERVE_EXISTING,Existing validated expanded_universe_v2_4b row preserved as base source.,,USD,XNAS,,,,,,,,,,,,common_equity
FCUV,Focus Universal Inc. - Common Stock,NASDAQ,USA,nasdaq_trader_nasdaqlisted,data/raw/source_providers/nasdaq_trader_nasdaqlisted/nasdaq_trader_nasdaqlisted.csv,COMMON_STOCK,IN_SCOPE,HIGH,Security name indicates common equity: COMMON STOCK.,,,,,,1,PRESERVE_EXISTING,Existing validated expanded_universe_v2_4b row preserved as base source.,,USD,XNAS,,,,,,,,,,,,common_equity
FDBC,"Fidelity D & D Bancorp, Inc. - Common Stock",NASDAQ,USA,nasdaq_trader_nasdaqlisted,data/raw/source_providers/nasdaq_trader_nasdaqlisted/nasdaq_trader_nasdaqlisted.csv,COMMON_STOCK,IN_SCOPE,HIGH,Security name indicates common equity: COMMON STOCK.,,,,,,1,PRESERVE_EXISTING,Existing validated expanded_universe_v2_4b row preserved as base source.,,USD,XNAS,,,,,,,,,,,,common_equity
FDMT,"4D Molecular Therapeutics, Inc. - Common Stock",NASDAQ,USA,nasdaq_trader_nasdaqlisted,data/raw/source_providers/nasdaq_trader_nasdaqlisted/nasdaq_trader_nasdaqlisted.csv,COMMON_STOCK,IN_SCOPE,HIGH,Security name indicates common equity: COMMON STOCK.,,,,,,1,PRESERVE_EXISTING,Existing validated expanded_universe_v2_4b row preserved as base source.,,USD,XNAS,,,,,,,,,,,,common_equity
FDSB,"Fifth District Bancorp, Inc. - Common Stock",NASDAQ,USA,nasdaq_trader_nasdaqlisted,data/raw/source_providers/nasdaq_trader_nasdaqlisted/nasdaq_trader_nasdaqlisted.csv,COMMON_STOCK,IN_SCOPE,HIGH,Security name indicates common equity: COMMON STOCK.,,,,,,1,PRESERVE_EXISTING,Existing validated expanded_universe_v2_4b row preserved as base source.,,USD,XNAS,,,,,,,,,,,,common_equity
FDUS,Fidus Investment Corporation - Closed End Fund,NASDAQ,USA,nasdaq_trader_nasdaqlisted,data/raw/source_providers/nasdaq_trader_nasdaqlisted/nasdaq_trader_nasdaqlisted.csv,COMMON_STOCK,IN_SCOPE,MEDIUM,No exclusion keyword detected; treated as common equity candidate.,,,,,,1,PRESERVE_EXISTING,Existing validated expanded_universe_v2_4b row preserved as base source.,,USD,XNAS,,,,,,,,,,,,common_equity
FEAM,"5E Advanced Materials, Inc. - Common Stock",NASDAQ,USA,nasdaq_trader_nasdaqlisted,data/raw/source_providers/nasdaq_trader_nasdaqlisted/nasdaq_trader_nasdaqlisted.csv,COMMON_STOCK,IN_SCOPE,HIGH,Security name indicates common equity: COMMON STOCK.,,,,,,1,PRESERVE_EXISTING,Existing validated expanded_universe_v2_4b row preserved as base source.,,USD,XNAS,,,,,,,,,,,,common_equity
FEBO,Fenbo Holdings Limited - Class A Ordinary Shares,NASDAQ,USA,nasdaq_trader_nasdaqlisted,data/raw/source_providers/nasdaq_trader_nasdaqlisted/nasdaq_trader_nasdaqlisted.csv,COMMON_STOCK,IN_SCOPE,HIGH,Security name indicates common equity: ORDINARY SHARES.,,,,,,1,PRESERVE_EXISTING,Existing validated expanded_universe_v2_4b row preserved as base source.,,USD,XNAS,,,,,,,,,,,,common_equity
FEED,"ENvue Medical, Inc. - Common Stock",NASDAQ,USA,nasdaq_trader_nasdaqlisted,data/raw/source_providers/nasdaq_trader_nasdaqlisted/nasdaq_trader_nasdaqlisted.csv,COMMON_STOCK,IN_SCOPE,HIGH,Security name indicates common equity: COMMON STOCK.,,,,,,1,PRESERVE_EXISTING,Existing validated expanded_universe_v2_4b row preserved as base source.,,USD,XNAS,,,,,,,,,,,,common_equity
FEIM,"Frequency Electronics, Inc. - Common Stock",NASDAQ,USA,nasdaq_trader_nasdaqlisted,data/raw/source_providers/nasdaq_trader_nasdaqlisted/nasdaq_trader_nasdaqlisted.csv,COMMON_STOCK,IN_SCOPE,HIGH,Security name indicates common equity: COMMON STOCK.,,,,,,1,PRESERVE_EXISTING,Existing validated expanded_universe_v2_4b row preserved as base source.,,USD,XNAS,,,,,,,,,,,,common_equity
FELE,"Franklin Electric Co., Inc. - Common Stock",NASDAQ,USA,nasdaq_trader_nasdaqlisted,data/raw/source_providers/nasdaq_trader_nasdaqlisted/nasdaq_trader_nasdaqlisted.csv,COMMON_STOCK,IN_SCOPE,HIGH,Security name indicates common equity: COMMON STOCK.,,,,,,1,PRESERVE_EXISTING,Existing validated expanded_universe_v2_4b row preserved as base source.,,USD,XNAS,,,,,,,,,,,,common_equity
FEMY,Femasys Inc. - Common Stock,NASDAQ,USA,nasdaq_trader_nasdaqlisted,data/raw/source_providers/nasdaq_trader_nasdaqlisted/nasdaq_trader_nasdaqlisted.csv,COMMON_STOCK,IN_SCOPE,HIGH,Security name indicates common equity: COMMON STOCK.,,,,,,1,PRESERVE_EXISTING,Existing validated expanded_universe_v2_4b row preserved as base source.,,USD,XNAS,,,,,,,,,,,,common_equity
FENC,Fennec Pharmaceuticals Inc. - Common Stock,NASDAQ,USA,nasdaq_trader_nasdaqlisted,data/raw/source_providers/nasdaq_trader_nasdaqlisted/nasdaq_trader_nasdaqlisted.csv,COMMON_STOCK,IN_SCOPE,HIGH,Security name indicates common equity: COMMON STOCK.,,,,,,1,PRESERVE_EXISTING,Existing validated expanded_universe_v2_4b row preserved as base source.,,USD,XNAS,,,,,,,,,,,,common_equity
FER,Ferrovial N.V. - Ordinary Shares,NASDAQ,USA,nasdaq_trader_nasdaqlisted,data/raw/source_providers/nasdaq_trader_nasdaqlisted/nasdaq_trader_nasdaqlisted.csv,COMMON_STOCK,IN_SCOPE,HIGH,Security name indicates common equity: ORDINARY SHARES.,,,,,,1,PRESERVE_EXISTING,Existing validated expanded_universe_v2_4b row preserved as base source.,,USD,XNAS,,,,,,,,,,,,common_equity
FERA,Fifth Era Acquisition Corp I - Class A Ordinary Shares,NASDAQ,USA,nasdaq_trader_nasdaqlisted,data/raw/source_providers/nasdaq_trader_nasdaqlisted/nasdaq_trader_nasdaqlisted.csv,COMMON_STOCK,IN_SCOPE,HIGH,Security name indicates common equity: ORDINARY SHARES.,,,,,,1,PRESERVE_EXISTING,Existing validated expanded_universe_v2_4b row preserved as base source.,,USD,XNAS,,,,,,,,,,,,common_equity
FFAI,Faraday Future Intelligent Electric Inc. - Class A Common Stock,NASDAQ,USA,nasdaq_trader_nasdaqlisted,data/raw/source_providers/nasdaq_trader_nasdaqlisted/nasdaq_trader_nasdaqlisted.csv,COMMON_STOCK,IN_SCOPE,HIGH,Security name indicates common equity: COMMON STOCK.,,,,,,1,PRESERVE_EXISTING,Existing validated expanded_universe_v2_4b row preserved as base source.,,USD,XNAS,,,,,,,,,,,,common_equity
FFBC,First Financial Bancorp. - Common Stock,NASDAQ,USA,nasdaq_trader_nasdaqlisted,data/raw/source_providers/nasdaq_trader_nasdaqlisted/nasdaq_trader_nasdaqlisted.csv,COMMON_STOCK,IN_SCOPE,HIGH,Security name indicates common equity: COMMON STOCK.,,,,,,1,PRESERVE_EXISTING,Existing validated expanded_universe_v2_4b row preserved as base source.,,USD,XNAS,,,,,,,,,,,,common_equity
FFIN,"First Financial Bankshares, Inc. - Common Stock",NASDAQ,USA,nasdaq_trader_nasdaqlisted,data/raw/source_providers/nasdaq_trader_nasdaqlisted/nasdaq_trader_nasdaqlisted.csv,COMMON_STOCK,IN_SCOPE,HIGH,Security name indicates common equity: COMMON STOCK.,,,,,,1,PRESERVE_EXISTING,Existing validated expanded_universe_v2_4b row preserved as base source.,,USD,XNAS,,,,,,,,,,,,common_equity
FFIV,"F5, Inc. - Common Stock",NASDAQ,USA,nasdaq_trader_nasdaqlisted,data/raw/source_providers/nasdaq_trader_nasdaqlisted/nasdaq_trader_nasdaqlisted.csv,COMMON_STOCK,IN_SCOPE,HIGH,Security name indicates common equity: COMMON STOCK.,,,,,,1,PRESERVE_EXISTING,Existing validated expanded_universe_v2_4b row preserved as base source.,,USD,XNAS,,,,,,,,,,,,common_equity
FGBI,"First Guaranty Bancshares, Inc. - Common Stock",NASDAQ,USA,nasdaq_trader_nasdaqlisted,data/raw/source_providers/nasdaq_trader_nasdaqlisted/nasdaq_trader_nasdaqlisted.csv,COMMON_STOCK,IN_SCOPE,HIGH,Security name indicates common equity: COMMON STOCK.,,,,,,1,PRESERVE_EXISTING,Existing validated expanded_universe_v2_4b row preserved as base source.,,USD,XNAS,,,,,,,,,,,,common_equity
FGI,FGI Industries Ltd. - Ordinary Shares,NASDAQ,USA,nasdaq_trader_nasdaqlisted,data/raw/source_providers/nasdaq_trader_nasdaqlisted/nasdaq_trader_nasdaqlisted.csv,COMMON_STOCK,IN_SCOPE,HIGH,Security name indicates common equity: ORDINARY SHARES.,,,,,,1,PRESERVE_EXISTING,Existing validated expanded_universe_v2_4b row preserved as base source.,,USD,XNAS,,,,,,,,,,,,common_equity
FGII,FG Imperii Acquisition Corp. - Class A Ordinary Shares,NASDAQ,USA,nasdaq_trader_nasdaqlisted,data/raw/source_providers/nasdaq_trader_nasdaqlisted/nasdaq_trader_nasdaqlisted.csv,COMMON_STOCK,IN_SCOPE,HIGH,Security name indicates common equity: ORDINARY SHARES.,,,,,,1,PRESERVE_EXISTING,Existing validated expanded_universe_v2_4b row preserved as base source.,,USD,XNAS,,,,,,,,,,,,common_equity
FGL,Founder Group Limited - Class A Ordinary Shares,NASDAQ,USA,nasdaq_trader_nasdaqlisted,data/raw/source_providers/nasdaq_trader_nasdaqlisted/nasdaq_trader_nasdaqlisted.csv,COMMON_STOCK,IN_SCOPE,HIGH,Security name indicates common equity: ORDINARY SHARES.,,,,,,1,PRESERVE_EXISTING,Existing validated expanded_universe_v2_4b row preserved as base source.,,USD,XNAS,,,,,,,,,,,,common_equity
FGMC,FG Merger II Corp. - Common stock,NASDAQ,USA,nasdaq_trader_nasdaqlisted,data/raw/source_providers/nasdaq_trader_nasdaqlisted/nasdaq_trader_nasdaqlisted.csv,COMMON_STOCK,IN_SCOPE,HIGH,Security name indicates common equity: COMMON STOCK.,,,,,,1,PRESERVE_EXISTING,Existing validated expanded_universe_v2_4b row preserved as base source.,,USD,XNAS,,,,,,,,,,,,common_equity
FGNX,FG Nexus Inc. - Common Stock,NASDAQ,USA,nasdaq_trader_nasdaqlisted,data/raw/source_providers/nasdaq_trader_nasdaqlisted/nasdaq_trader_nasdaqlisted.csv,COMMON_STOCK,IN_SCOPE,HIGH,Security name indicates common equity: COMMON STOCK.,,,,,,1,PRESERVE_EXISTING,Existing validated expanded_universe_v2_4b row preserved as base source.,,USD,XNAS,,,,,,,,,,,,common_equity
FHB,"First Hawaiian, Inc. - Common Stock",NASDAQ,USA,nasdaq_trader_nasdaqlisted,data/raw/source_providers/nasdaq_trader_nasdaqlisted/nasdaq_trader_nasdaqlisted.csv,COMMON_STOCK,IN_SCOPE,HIGH,Security name indicates common equity: COMMON STOCK.,,,,,,1,PRESERVE_EXISTING,Existing validated expanded_universe_v2_4b row preserved as base source.,,USD,XNAS,,,,,,,,,,,,common_equity
FHTX,Foghorn Therapeutics Inc. - Common Stock,NASDAQ,USA,nasdaq_trader_nasdaqlisted,data/raw/source_providers/nasdaq_trader_nasdaqlisted/nasdaq_trader_nasdaqlisted.csv,COMMON_STOCK,IN_SCOPE,HIGH,Security name indicates common equity: COMMON STOCK.,,,,,,1,PRESERVE_EXISTING,Existing validated expanded_universe_v2_4b row preserved as base source.,,USD,XNAS,,,,,,,,,,,,common_equity
FIBK,"First Interstate BancSystem, Inc. - Common Stock",NASDAQ,USA,nasdaq_trader_nasdaqlisted,data/raw/source_providers/nasdaq_trader_nasdaqlisted/nasdaq_trader_nasdaqlisted.csv,COMMON_STOCK,IN_SCOPE,HIGH,Security name indicates common equity: COMMON STOCK.,,,,,,1,PRESERVE_EXISTING,Existing validated expanded_universe_v2_4b row preserved as base source.,,USD,XNAS,,,,,,,,,,,,common_equity
FIEE,"FiEE, Inc - Common Stock",NASDAQ,USA,nasdaq_trader_nasdaqlisted,data/raw/source_providers/nasdaq_trader_nasdaqlisted/nasdaq_trader_nasdaqlisted.csv,COMMON_STOCK,IN_SCOPE,HIGH,Security name indicates common equity: COMMON STOCK.,,,,,,1,PRESERVE_EXISTING,Existing validated expanded_universe_v2_4b row preserved as base source.,,USD,XNAS,,,,,,,,,,,,common_equity
FIGR,"Figure Technology Solutions, Inc. - Class A Common Stock",NASDAQ,USA,nasdaq_trader_nasdaqlisted,data/raw/source_providers/nasdaq_trader_nasdaqlisted/nasdaq_trader_nasdaqlisted.csv,COMMON_STOCK,IN_SCOPE,HIGH,Security name indicates common equity: COMMON STOCK.,,,,,,1,PRESERVE_EXISTING,Existing validated expanded_universe_v2_4b row preserved as base source.,,USD,XNAS,,,,,,,,,,,,common_equity
FIGX,FIGX Capital Acquisition Corp. - Class A ordinary share,NASDAQ,USA,nasdaq_trader_nasdaqlisted,data/raw/source_providers/nasdaq_trader_nasdaqlisted/nasdaq_trader_nasdaqlisted.csv,COMMON_STOCK,IN_SCOPE,HIGH,Security name indicates common equity: CLASS A.,,,,,,1,PRESERVE_EXISTING,Existing validated expanded_universe_v2_4b row preserved as base source.,,USD,XNAS,,,,,,,,,,,,common_equity
FINW,FinWise Bancorp - Common Stock,NASDAQ,USA,nasdaq_trader_nasdaqlisted,data/raw/source_providers/nasdaq_trader_nasdaqlisted/nasdaq_trader_nasdaqlisted.csv,COMMON_STOCK,IN_SCOPE,HIGH,Security name indicates common equity: COMMON STOCK.,,,,,,1,PRESERVE_EXISTING,Existing validated expanded_universe_v2_4b row preserved as base source.,,USD,XNAS,,,,,,,,,,,,common_equity
FIP,FTAI Infrastructure Inc. - Common Stock,NASDAQ,USA,nasdaq_trader_nasdaqlisted,data/raw/source_providers/nasdaq_trader_nasdaqlisted/nasdaq_trader_nasdaqlisted.csv,COMMON_STOCK,IN_SCOPE,HIGH,Security name indicates common equity: COMMON STOCK.,,,,,,1,PRESERVE_EXISTING,Existing validated expanded_universe_v2_4b row preserved as base source.,,USD,XNAS,,,,,,,,,,,,common_equity
FISI,"Financial Institutions, Inc. - Common Stock",NASDAQ,USA,nasdaq_trader_nasdaqlisted,data/raw/source_providers/nasdaq_trader_nasdaqlisted/nasdaq_trader_nasdaqlisted.csv,COMMON_STOCK,IN_SCOPE,HIGH,Security name indicates common equity: COMMON STOCK.,,,,,,1,PRESERVE_EXISTING,Existing validated expanded_universe_v2_4b row preserved as base source.,,USD,XNAS,,,,,,,,,,,,common_equity
FISN,"Deep Fission, Inc. - Common Stock",NASDAQ,USA,nasdaq_trader_nasdaqlisted,data/raw/source_providers/nasdaq_trader_nasdaqlisted/nasdaq_trader_nasdaqlisted.csv,COMMON_STOCK,IN_SCOPE,HIGH,Security name indicates common equity: COMMON STOCK.,,,,,,1,PRESERVE_EXISTING,Existing validated expanded_universe_v2_4b row preserved as base source.,,USD,XNAS,,,,,,,,,,,,common_equity
FISV,"Fiserv, Inc. - Common Stock",NASDAQ,USA,nasdaq_trader_nasdaqlisted,data/raw/source_providers/nasdaq_trader_nasdaqlisted/nasdaq_trader_nasdaqlisted.csv,COMMON_STOCK,IN_SCOPE,HIGH,Security name indicates common equity: COMMON STOCK.,,,,,,1,PRESERVE_EXISTING,Existing validated expanded_universe_v2_4b row preserved as base source.,,USD,XNAS,,,,,,,,,,,,common_equity
FIVE,"Five Below, Inc. - Common Stock",NASDAQ,USA,nasdaq_trader_nasdaqlisted,data/raw/source_providers/nasdaq_trader_nasdaqlisted/nasdaq_trader_nasdaqlisted.csv,COMMON_STOCK,IN_SCOPE,HIGH,Security name indicates common equity: COMMON STOCK.,,,,,,1,PRESERVE_EXISTING,Existing validated expanded_universe_v2_4b row preserved as base source.,,USD,XNAS,,,,,,,,,,,,common_equity
FIVN,"Five9, Inc. - Common Stock",NASDAQ,USA,nasdaq_trader_nasdaqlisted,data/raw/source_providers/nasdaq_trader_nasdaqlisted/nasdaq_trader_nasdaqlisted.csv,COMMON_STOCK,IN_SCOPE,HIGH,Security name indicates common equity: COMMON STOCK.,,,,,,1,PRESERVE_EXISTING,Existing validated expanded_universe_v2_4b row preserved as base source.,,USD,XNAS,,,,,,,,,,,,common_equity
FIZZ,National Beverage Corp. - Common Stock,NASDAQ,USA,nasdaq_trader_nasdaqlisted,data/raw/source_providers/nasdaq_trader_nasdaqlisted/nasdaq_trader_nasdaqlisted.csv,COMMON_STOCK,IN_SCOPE,HIGH,Security name indicates common equity: COMMON STOCK.,,,,,,1,PRESERVE_EXISTING,Existing validated expanded_universe_v2_4b row preserved as base source.,,USD,XNAS,,,,,,,,,,,,common_equity
FKWL,Franklin Wireless Corp. - common stock,NASDAQ,USA,nasdaq_trader_nasdaqlisted,data/raw/source_providers/nasdaq_trader_nasdaqlisted/nasdaq_trader_nasdaqlisted.csv,COMMON_STOCK,IN_SCOPE,HIGH,Security name indicates common equity: COMMON STOCK.,,,,,,1,PRESERVE_EXISTING,Existing validated expanded_universe_v2_4b row preserved as base source.,,USD,XNAS,,,,,,,,,,,,common_equity
FLD,"Fold Holdings, Inc. - Class A Common Stock",NASDAQ,USA,nasdaq_trader_nasdaqlisted,data/raw/source_providers/nasdaq_trader_nasdaqlisted/nasdaq_trader_nasdaqlisted.csv,COMMON_STOCK,IN_SCOPE,HIGH,Security name indicates common equity: COMMON STOCK.,,,,,,1,PRESERVE_EXISTING,Existing validated expanded_universe_v2_4b row preserved as base source.,,USD,XNAS,,,,,,,,,,,,common_equity
FLEX,Flex Ltd. - Ordinary Shares,NASDAQ,USA,nasdaq_trader_nasdaqlisted,data/raw/source_providers/nasdaq_trader_nasdaqlisted/nasdaq_trader_nasdaqlisted.csv,COMMON_STOCK,IN_SCOPE,HIGH,Security name indicates common equity: ORDINARY SHARES.,,,,,,1,PRESERVE_EXISTING,Existing validated expanded_universe_v2_4b row preserved as base source.,,USD,XNAS,,,,,,,,,,,,common_equity
FLGT,"Fulgent Genetics, Inc. - Common Stock",NASDAQ,USA,nasdaq_trader_nasdaqlisted,data/raw/source_providers/nasdaq_trader_nasdaqlisted/nasdaq_trader_nasdaqlisted.csv,COMMON_STOCK,IN_SCOPE,HIGH,Security name indicates common equity: COMMON STOCK.,,,,,,1,PRESERVE_EXISTING,Existing validated expanded_universe_v2_4b row preserved as base source.,,USD,XNAS,,,,,,,,,,,,common_equity
FLL,"Full House Resorts, Inc. - Common Stock",NASDAQ,USA,nasdaq_trader_nasdaqlisted,data/raw/source_providers/nasdaq_trader_nasdaqlisted/nasdaq_trader_nasdaqlisted.csv,COMMON_STOCK,IN_SCOPE,HIGH,Security name indicates common equity: COMMON STOCK.,,,,,,1,PRESERVE_EXISTING,Existing validated expanded_universe_v2_4b row preserved as base source.,,USD,XNAS,,,,,,,,,,,,common_equity
FLNA,"Filana Therapeutics, Inc. - Common Stock",NASDAQ,USA,nasdaq_trader_nasdaqlisted,data/raw/source_providers/nasdaq_trader_nasdaqlisted/nasdaq_trader_nasdaqlisted.csv,COMMON_STOCK,IN_SCOPE,HIGH,Security name indicates common equity: COMMON STOCK.,,,,,,1,PRESERVE_EXISTING,Existing validated expanded_universe_v2_4b row preserved as base source.,,USD,XNAS,,,,,,,,,,,,common_equity
FLNC,"Fluence Energy, Inc. - Class A Common Stock",NASDAQ,USA,nasdaq_trader_nasdaqlisted,data/raw/source_providers/nasdaq_trader_nasdaqlisted/nasdaq_trader_nasdaqlisted.csv,COMMON_STOCK,IN_SCOPE,HIGH,Security name indicates common equity: COMMON STOCK.,,,,,,1,PRESERVE_EXISTING,Existing validated expanded_universe_v2_4b row preserved as base source.,,USD,XNAS,,,,,,,,,,,,common_equity
FLNT,"Fluent, Inc. - Common Stock",NASDAQ,USA,nasdaq_trader_nasdaqlisted,data/raw/source_providers/nasdaq_trader_nasdaqlisted/nasdaq_trader_nasdaqlisted.csv,COMMON_STOCK,IN_SCOPE,HIGH,Security name indicates common equity: COMMON STOCK.,,,,,,1,PRESERVE_EXISTING,Existing validated expanded_universe_v2_4b row preserved as base source.,,USD,XNAS,,,,,,,,,,,,common_equity
FLUX,"Flux Power Holdings, Inc. - Common Stock",NASDAQ,USA,nasdaq_trader_nasdaqlisted,data/raw/source_providers/nasdaq_trader_nasdaqlisted/nasdaq_trader_nasdaqlisted.csv,COMMON_STOCK,IN_SCOPE,HIGH,Security name indicates common equity: COMMON STOCK.,,,,,,1,PRESERVE_EXISTING,Existing validated expanded_universe_v2_4b row preserved as base source.,,USD,XNAS,,,,,,,,,,,,common_equity
FLWS,"1-800-FLOWERS.COM, Inc. - Class A Common Stock",NASDAQ,USA,nasdaq_trader_nasdaqlisted,data/raw/source_providers/nasdaq_trader_nasdaqlisted/nasdaq_trader_nasdaqlisted.csv,COMMON_STOCK,IN_SCOPE,HIGH,Security name indicates common equity: COMMON STOCK.,,,,,,1,PRESERVE_EXISTING,Existing validated expanded_universe_v2_4b row preserved as base source.,,USD,XNAS,,,,,,,,,,,,common_equity
FLXS,"Flexsteel Industries, Inc. - Common Stock",NASDAQ,USA,nasdaq_trader_nasdaqlisted,data/raw/source_providers/nasdaq_trader_nasdaqlisted/nasdaq_trader_nasdaqlisted.csv,COMMON_STOCK,IN_SCOPE,HIGH,Security name indicates common equity: COMMON STOCK.,,,,,,1,PRESERVE_EXISTING,Existing validated expanded_universe_v2_4b row preserved as base source.,,USD,XNAS,,,,,,,,,,,,common_equity
FLY,Firefly Aerospace Inc. - Common Stock,NASDAQ,USA,nasdaq_trader_nasdaqlisted,data/raw/source_providers/nasdaq_trader_nasdaqlisted/nasdaq_trader_nasdaqlisted.csv,COMMON_STOCK,IN_SCOPE,HIGH,Security name indicates common equity: COMMON STOCK.,,,,,,1,PRESERVE_EXISTING,Existing validated expanded_universe_v2_4b row preserved as base source.,,USD,XNAS,,,,,,,,,,,,common_equity
FLYE,"Fly-E Group, Inc. - Common Stock",NASDAQ,USA,nasdaq_trader_nasdaqlisted,data/raw/source_providers/nasdaq_trader_nasdaqlisted/nasdaq_trader_nasdaqlisted.csv,COMMON_STOCK,IN_SCOPE,HIGH,Security name indicates common equity: COMMON STOCK.,,,,,,1,PRESERVE_EXISTING,Existing validated expanded_universe_v2_4b row preserved as base source.,,USD,XNAS,,,,,,,,,,,,common_equity
FLYW,Flywire Corporation - Voting Common Stock,NASDAQ,USA,nasdaq_trader_nasdaqlisted,data/raw/source_providers/nasdaq_trader_nasdaqlisted/nasdaq_trader_nasdaqlisted.csv,COMMON_STOCK,IN_SCOPE,HIGH,Security name indicates common equity: COMMON STOCK.,,,,,,1,PRESERVE_EXISTING,Existing validated expanded_universe_v2_4b row preserved as base source.,,USD,XNAS,,,,,,,,,,,,common_equity
FLZH,"Flash Sports & Media Holdings, Inc. - Common Stock",NASDAQ,USA,nasdaq_trader_nasdaqlisted,data/raw/source_providers/nasdaq_trader_nasdaqlisted/nasdaq_trader_nasdaqlisted.csv,COMMON_STOCK,IN_SCOPE,HIGH,Security name indicates common equity: COMMON STOCK.,,,,,,1,PRESERVE_EXISTING,Existing validated expanded_universe_v2_4b row preserved as base source.,,USD,XNAS,,,,,,,,,,,,common_equity
FMAC,Future Money Acquisition Corporation - Ordinary Shares,NASDAQ,USA,nasdaq_trader_nasdaqlisted,data/raw/source_providers/nasdaq_trader_nasdaqlisted/nasdaq_trader_nasdaqlisted.csv,COMMON_STOCK,IN_SCOPE,HIGH,Security name indicates common equity: ORDINARY SHARES.,,,,,,1,PRESERVE_EXISTING,Existing validated expanded_universe_v2_4b row preserved as base source.,,USD,XNAS,,,,,,,,,,,,common_equity
FMAO,"Farmers & Merchants Bancorp, Inc. - Common Stock",NASDAQ,USA,nasdaq_trader_nasdaqlisted,data/raw/source_providers/nasdaq_trader_nasdaqlisted/nasdaq_trader_nasdaqlisted.csv,COMMON_STOCK,IN_SCOPE,HIGH,Security name indicates common equity: COMMON STOCK.,,,,,,1,PRESERVE_EXISTING,Existing validated expanded_universe_v2_4b row preserved as base source.,,USD,XNAS,,,,,,,,,,,,common_equity
FMBH,"First Mid Bancshares, Inc. - Common Stock",NASDAQ,USA,nasdaq_trader_nasdaqlisted,data/raw/source_providers/nasdaq_trader_nasdaqlisted/nasdaq_trader_nasdaqlisted.csv,COMMON_STOCK,IN_SCOPE,HIGH,Security name indicates common equity: COMMON STOCK.,,,,,,1,PRESERVE_EXISTING,Existing validated expanded_universe_v2_4b row preserved as base source.,,USD,XNAS,,,,,,,,,,,,common_equity
FMFC,Kandal M Venture Limited - Class A ordinary Shares,NASDAQ,USA,nasdaq_trader_nasdaqlisted,data/raw/source_providers/nasdaq_trader_nasdaqlisted/nasdaq_trader_nasdaqlisted.csv,COMMON_STOCK,IN_SCOPE,HIGH,Security name indicates common equity: ORDINARY SHARES.,,,,,,1,PRESERVE_EXISTING,Existing validated expanded_universe_v2_4b row preserved as base source.,,USD,XNAS,,,,,,,,,,,,common_equity
FMNB,Farmers National Banc Corp. - Common Stock,NASDAQ,USA,nasdaq_trader_nasdaqlisted,data/raw/source_providers/nasdaq_trader_nasdaqlisted/nasdaq_trader_nasdaqlisted.csv,COMMON_STOCK,IN_SCOPE,HIGH,Security name indicates common equity: COMMON STOCK.,,,,,,1,PRESERVE_EXISTING,Existing validated expanded_universe_v2_4b row preserved as base source.,,USD,XNAS,,,,,,,,,,,,common_equity
FMST,Foremost Clean Energy Ltd. - Common Shares,NASDAQ,USA,nasdaq_trader_nasdaqlisted,data/raw/source_providers/nasdaq_trader_nasdaqlisted/nasdaq_trader_nasdaqlisted.csv,COMMON_STOCK,IN_SCOPE,MEDIUM,No exclusion keyword detected; treated as common equity candidate.,,,,,,1,PRESERVE_EXISTING,Existing validated expanded_universe_v2_4b row preserved as base source.,,USD,XNAS,,,,,,,,,,,,common_equity
FNGR,"FingerMotion, Inc. - common stock",NASDAQ,USA,nasdaq_trader_nasdaqlisted,data/raw/source_providers/nasdaq_trader_nasdaqlisted/nasdaq_trader_nasdaqlisted.csv,COMMON_STOCK,IN_SCOPE,HIGH,Security name indicates common equity: COMMON STOCK.,,,,,,1,PRESERVE_EXISTING,Existing validated expanded_universe_v2_4b row preserved as base source.,,USD,XNAS,,,,,,,,,,,,common_equity
FNKO,"Funko, Inc. - Class A Common Stock",NASDAQ,USA,nasdaq_trader_nasdaqlisted,data/raw/source_providers/nasdaq_trader_nasdaqlisted/nasdaq_trader_nasdaqlisted.csv,COMMON_STOCK,IN_SCOPE,HIGH,Security name indicates common equity: COMMON STOCK.,,,,,,1,PRESERVE_EXISTING,Existing validated expanded_universe_v2_4b row preserved as base source.,,USD,XNAS,,,,,,,,,,,,common_equity
FNLC,"First Bancorp, Inc (ME) - Common Stock",NASDAQ,USA,nasdaq_trader_nasdaqlisted,data/raw/source_providers/nasdaq_trader_nasdaqlisted/nasdaq_trader_nasdaqlisted.csv,COMMON_STOCK,IN_SCOPE,HIGH,Security name indicates common equity: COMMON STOCK.,,,,,,1,PRESERVE_EXISTING,Existing validated expanded_universe_v2_4b row preserved as base source.,,USD,XNAS,,,,,,,,,,,,common_equity
FNRN,First Northern Community Bancorp - Common stock,NASDAQ,USA,nasdaq_trader_nasdaqlisted,data/raw/source_providers/nasdaq_trader_nasdaqlisted/nasdaq_trader_nasdaqlisted.csv,COMMON_STOCK,IN_SCOPE,HIGH,Security name indicates common equity: COMMON STOCK.,,,,,,1,PRESERVE_EXISTING,Existing validated expanded_universe_v2_4b row preserved as base source.,,USD,XNAS,,,,,,,,,,,,common_equity
FNUC,Frontier Nuclear and Minerals Inc. - Common Shares,NASDAQ,USA,nasdaq_trader_nasdaqlisted,data/raw/source_providers/nasdaq_trader_nasdaqlisted/nasdaq_trader_nasdaqlisted.csv,COMMON_STOCK,IN_SCOPE,MEDIUM,No exclusion keyword detected; treated as common equity candidate.,,,,,,1,PRESERVE_EXISTING,Existing validated expanded_universe_v2_4b row preserved as base source.,,USD,XNAS,,,,,,,,,,,,common_equity
FNWB,First Northwest Bancorp - Common Stock,NASDAQ,USA,nasdaq_trader_nasdaqlisted,data/raw/source_providers/nasdaq_trader_nasdaqlisted/nasdaq_trader_nasdaqlisted.csv,COMMON_STOCK,IN_SCOPE,HIGH,Security name indicates common equity: COMMON STOCK.,,,,,,1,PRESERVE_EXISTING,Existing validated expanded_universe_v2_4b row preserved as base source.,,USD,XNAS,,,,,,,,,,,,common_equity
FNWD,Finward Bancorp - common stock,NASDAQ,USA,nasdaq_trader_nasdaqlisted,data/raw/source_providers/nasdaq_trader_nasdaqlisted/nasdaq_trader_nasdaqlisted.csv,COMMON_STOCK,IN_SCOPE,HIGH,Security name indicates common equity: COMMON STOCK.,,,,,,1,PRESERVE_EXISTING,Existing validated expanded_universe_v2_4b row preserved as base source.,,USD,XNAS,,,,,,,,,,,,common_equity
FOFO,"Hang Feng Technology Innovation Co., Ltd. - Ordinary Shares",NASDAQ,USA,nasdaq_trader_nasdaqlisted,data/raw/source_providers/nasdaq_trader_nasdaqlisted/nasdaq_trader_nasdaqlisted.csv,COMMON_STOCK,IN_SCOPE,HIGH,Security name indicates common equity: ORDINARY SHARES.,,,,,,1,PRESERVE_EXISTING,Existing validated expanded_universe_v2_4b row preserved as base source.,,USD,XNAS,,,,,,,,,,,,common_equity
FORM,"FormFactor, Inc. - Common Stock",NASDAQ,USA,nasdaq_trader_nasdaqlisted,data/raw/source_providers/nasdaq_trader_nasdaqlisted/nasdaq_trader_nasdaqlisted.csv,COMMON_STOCK,IN_SCOPE,HIGH,Security name indicates common equity: COMMON STOCK.,,,,,,1,PRESERVE_EXISTING,Existing validated expanded_universe_v2_4b row preserved as base source.,,USD,XNAS,,,,,,,,,,,,common_equity
FORR,"Forrester Research, Inc. - Common Stock",NASDAQ,USA,nasdaq_trader_nasdaqlisted,data/raw/source_providers/nasdaq_trader_nasdaqlisted/nasdaq_trader_nasdaqlisted.csv,COMMON_STOCK,IN_SCOPE,HIGH,Security name indicates common equity: COMMON STOCK.,,,,,,1,PRESERVE_EXISTING,Existing validated expanded_universe_v2_4b row preserved as base source.,,USD,XNAS,,,,,,,,,,,,common_equity
FOSL,"Fossil Group, Inc. - Common Stock",NASDAQ,USA,nasdaq_trader_nasdaqlisted,data/raw/source_providers/nasdaq_trader_nasdaqlisted/nasdaq_trader_nasdaqlisted.csv,COMMON_STOCK,IN_SCOPE,HIGH,Security name indicates common equity: COMMON STOCK.,,,,,,1,PRESERVE_EXISTING,Existing validated expanded_universe_v2_4b row preserved as base source.,,USD,XNAS,,,,,,,,,,,,common_equity
FOX,Fox Corporation - Class B Common Stock,NASDAQ,USA,nasdaq_trader_nasdaqlisted,data/raw/source_providers/nasdaq_trader_nasdaqlisted/nasdaq_trader_nasdaqlisted.csv,COMMON_STOCK,IN_SCOPE,HIGH,Security name indicates common equity: COMMON STOCK.,,,,,,1,PRESERVE_EXISTING,Existing validated expanded_universe_v2_4b row preserved as base source.,,USD,XNAS,,,,,,,,,,,,common_equity
FOXA,Fox Corporation - Class A Common Stock,NASDAQ,USA,nasdaq_trader_nasdaqlisted,data/raw/source_providers/nasdaq_trader_nasdaqlisted/nasdaq_trader_nasdaqlisted.csv,COMMON_STOCK,IN_SCOPE,HIGH,Security name indicates common equity: COMMON STOCK.,,,,,,1,PRESERVE_EXISTING,Existing validated expanded_universe_v2_4b row preserved as base source.,,USD,XNAS,,,,,,,,,,,,common_equity
FOXF,Fox Factory Holding Corp. - Common Stock,NASDAQ,USA,nasdaq_trader_nasdaqlisted,data/raw/source_providers/nasdaq_trader_nasdaqlisted/nasdaq_trader_nasdaqlisted.csv,COMMON_STOCK,IN_SCOPE,HIGH,Security name indicates common equity: COMMON STOCK.,,,,,,1,PRESERVE_EXISTING,Existing validated expanded_universe_v2_4b row preserved as base source.,,USD,XNAS,,,,,,,,,,,,common_equity
FOXX,Foxx Development Holdings Inc. - Common Stock,NASDAQ,USA,nasdaq_trader_nasdaqlisted,data/raw/source_providers/nasdaq_trader_nasdaqlisted/nasdaq_trader_nasdaqlisted.csv,COMMON_STOCK,IN_SCOPE,HIGH,Security name indicates common equity: COMMON STOCK.,,,,,,1,PRESERVE_EXISTING,Existing validated expanded_universe_v2_4b row preserved as base source.,,USD,XNAS,,,,,,,,,,,,common_equity
FRAF,Franklin Financial Services Corporation - Common Stock,NASDAQ,USA,nasdaq_trader_nasdaqlisted,data/raw/source_providers/nasdaq_trader_nasdaqlisted/nasdaq_trader_nasdaqlisted.csv,COMMON_STOCK,IN_SCOPE,HIGH,Security name indicates common equity: COMMON STOCK.,,,,,,1,PRESERVE_EXISTING,Existing validated expanded_universe_v2_4b row preserved as base source.,,USD,XNAS,,,,,,,,,,,,common_equity
FRBA,First Bank - Common Stock,NASDAQ,USA,nasdaq_trader_nasdaqlisted,data/raw/source_providers/nasdaq_trader_nasdaqlisted/nasdaq_trader_nasdaqlisted.csv,COMMON_STOCK,IN_SCOPE,HIGH,Security name indicates common equity: COMMON STOCK.,,,,,,1,PRESERVE_EXISTING,Existing validated expanded_universe_v2_4b row preserved as base source.,,USD,XNAS,,,,,,,,,,,,common_equity
FRD,Friedman Industries Inc. - Common Stock,NASDAQ,USA,nasdaq_trader_nasdaqlisted,data/raw/source_providers/nasdaq_trader_nasdaqlisted/nasdaq_trader_nasdaqlisted.csv,COMMON_STOCK,IN_SCOPE,HIGH,Security name indicates common equity: COMMON STOCK.,,,,,,1,PRESERVE_EXISTING,Existing validated expanded_universe_v2_4b row preserved as base source.,,USD,XNAS,,,,,,,,,,,,common_equity
FRGT,"Freight Technologies, Inc. - Ordinary Shares",NASDAQ,USA,nasdaq_trader_nasdaqlisted,data/raw/source_providers/nasdaq_trader_nasdaqlisted/nasdaq_trader_nasdaqlisted.csv,COMMON_STOCK,IN_SCOPE,HIGH,Security name indicates common equity: ORDINARY SHARES.,,,,,,1,PRESERVE_EXISTING,Existing validated expanded_universe_v2_4b row preserved as base source.,,USD,XNAS,,,,,,,,,,,,common_equity
FRHC,Freedom Holding Corp. - Common Stock,NASDAQ,USA,nasdaq_trader_nasdaqlisted,data/raw/source_providers/nasdaq_trader_nasdaqlisted/nasdaq_trader_nasdaqlisted.csv,COMMON_STOCK,IN_SCOPE,HIGH,Security name indicates common equity: COMMON STOCK.,,,,,,1,PRESERVE_EXISTING,Existing validated expanded_universe_v2_4b row preserved as base source.,,USD,XNAS,,,,,,,,,,,,common_equity
FRME,First Merchants Corporation - Common Stock,NASDAQ,USA,nasdaq_trader_nasdaqlisted,data/raw/source_providers/nasdaq_trader_nasdaqlisted/nasdaq_trader_nasdaqlisted.csv,COMMON_STOCK,IN_SCOPE,HIGH,Security name indicates common equity: COMMON STOCK.,,,,,,1,PRESERVE_EXISTING,Existing validated expanded_universe_v2_4b row preserved as base source.,,USD,XNAS,,,,,,,,,,,,common_equity
FRMI,Fermi Inc. - Common Stock,NASDAQ,USA,nasdaq_trader_nasdaqlisted,data/raw/source_providers/nasdaq_trader_nasdaqlisted/nasdaq_trader_nasdaqlisted.csv,COMMON_STOCK,IN_SCOPE,HIGH,Security name indicates common equity: COMMON STOCK.,,,,,,1,PRESERVE_EXISTING,Existing validated expanded_universe_v2_4b row preserved as base source.,,USD,XNAS,,,,,,,,,,,,common_equity
FRMM,"Forum Markets, Incorporated - Common Stock",NASDAQ,USA,nasdaq_trader_nasdaqlisted,data/raw/source_providers/nasdaq_trader_nasdaqlisted/nasdaq_trader_nasdaqlisted.csv,COMMON_STOCK,IN_SCOPE,HIGH,Security name indicates common equity: COMMON STOCK.,,,,,,1,PRESERVE_EXISTING,Existing validated expanded_universe_v2_4b row preserved as base source.,,USD,XNAS,,,,,,,,,,,,common_equity
FROG,JFrog Ltd. - Ordinary shares,NASDAQ,USA,nasdaq_trader_nasdaqlisted,data/raw/source_providers/nasdaq_trader_nasdaqlisted/nasdaq_trader_nasdaqlisted.csv,COMMON_STOCK,IN_SCOPE,HIGH,Security name indicates common equity: ORDINARY SHARES.,,,,,,1,PRESERVE_EXISTING,Existing validated expanded_universe_v2_4b row preserved as base source.,,USD,XNAS,,,,,,,,,,,,common_equity
FRPH,"FRP Holdings, Inc. - Common Stock",NASDAQ,USA,nasdaq_trader_nasdaqlisted,data/raw/source_providers/nasdaq_trader_nasdaqlisted/nasdaq_trader_nasdaqlisted.csv,COMMON_STOCK,IN_SCOPE,HIGH,Security name indicates common equity: COMMON STOCK.,,,,,,1,PRESERVE_EXISTING,Existing validated expanded_universe_v2_4b row preserved as base source.,,USD,XNAS,,,,,,,,,,,,common_equity
FRPT,"Freshpet, Inc. - Common Stock",NASDAQ,USA,nasdaq_trader_nasdaqlisted,data/raw/source_providers/nasdaq_trader_nasdaqlisted/nasdaq_trader_nasdaqlisted.csv,COMMON_STOCK,IN_SCOPE,HIGH,Security name indicates common equity: COMMON STOCK.,,,,,,1,PRESERVE_EXISTING,Existing validated expanded_universe_v2_4b row preserved as base source.,,USD,XNAS,,,,,,,,,,,,common_equity
FRSH,Freshworks Inc. - Class A Common Stock,NASDAQ,USA,nasdaq_trader_nasdaqlisted,data/raw/source_providers/nasdaq_trader_nasdaqlisted/nasdaq_trader_nasdaqlisted.csv,COMMON_STOCK,IN_SCOPE,HIGH,Security name indicates common equity: COMMON STOCK.,,,,,,1,PRESERVE_EXISTING,Existing validated expanded_universe_v2_4b row preserved as base source.,,USD,XNAS,,,,,,,,,,,,common_equity
FRST,Primis Financial Corp. - Common Stock,NASDAQ,USA,nasdaq_trader_nasdaqlisted,data/raw/source_providers/nasdaq_trader_nasdaqlisted/nasdaq_trader_nasdaqlisted.csv,COMMON_STOCK,IN_SCOPE,HIGH,Security name indicates common equity: COMMON STOCK.,,,,,,1,PRESERVE_EXISTING,Existing validated expanded_universe_v2_4b row preserved as base source.,,USD,XNAS,,,,,,,,,,,,common_equity
FRTT,Fort Technology Inc. - Common Shares,NASDAQ,USA,nasdaq_trader_nasdaqlisted,data/raw/source_providers/nasdaq_trader_nasdaqlisted/nasdaq_trader_nasdaqlisted.csv,COMMON_STOCK,IN_SCOPE,MEDIUM,No exclusion keyword detected; treated as common equity candidate.,,,,,,1,PRESERVE_EXISTING,Existing validated expanded_universe_v2_4b row preserved as base source.,,USD,XNAS,,,,,,,,,,,,common_equity
FRVO,Fervo Energy Company - Class A common stock,NASDAQ,USA,nasdaq_trader_nasdaqlisted,data/raw/source_providers/nasdaq_trader_nasdaqlisted/nasdaq_trader_nasdaqlisted.csv,COMMON_STOCK,IN_SCOPE,HIGH,Security name indicates common equity: COMMON STOCK.,,,,,,1,PRESERVE_EXISTING,Existing validated expanded_universe_v2_4b row preserved as base source.,,USD,XNAS,,,,,,,,,,,,common_equity
FSBC,Five Star Bancorp - Common Stock,NASDAQ,USA,nasdaq_trader_nasdaqlisted,data/raw/source_providers/nasdaq_trader_nasdaqlisted/nasdaq_trader_nasdaqlisted.csv,COMMON_STOCK,IN_SCOPE,HIGH,Security name indicates common equity: COMMON STOCK.,,,,,,1,PRESERVE_EXISTING,Existing validated expanded_universe_v2_4b row preserved as base source.,,USD,XNAS,,,,,,,,,,,,common_equity
FSBW,"FS Bancorp, Inc. - Common Stock",NASDAQ,USA,nasdaq_trader_nasdaqlisted,data/raw/source_providers/nasdaq_trader_nasdaqlisted/nasdaq_trader_nasdaqlisted.csv,COMMON_STOCK,IN_SCOPE,HIGH,Security name indicates common equity: COMMON STOCK.,,,,,,1,PRESERVE_EXISTING,Existing validated expanded_universe_v2_4b row preserved as base source.,,USD,XNAS,,,,,,,,,,,,common_equity
FSEA,"First Seacoast Bancorp, Inc. - Common Stock",NASDAQ,USA,nasdaq_trader_nasdaqlisted,data/raw/source_providers/nasdaq_trader_nasdaqlisted/nasdaq_trader_nasdaqlisted.csv,COMMON_STOCK,IN_SCOPE,HIGH,Security name indicates common equity: COMMON STOCK.,,,,,,1,PRESERVE_EXISTING,Existing validated expanded_universe_v2_4b row preserved as base source.,,USD,XNAS,,,,,,,,,,,,common_equity
FSHP,Flag Ship Acquisition Corp. - Ordinary Shares,NASDAQ,USA,nasdaq_trader_nasdaqlisted,data/raw/source_providers/nasdaq_trader_nasdaqlisted/nasdaq_trader_nasdaqlisted.csv,COMMON_STOCK,IN_SCOPE,HIGH,Security name indicates common equity: ORDINARY SHARES.,,,,,,1,PRESERVE_EXISTING,Existing validated expanded_universe_v2_4b row preserved as base source.,,USD,XNAS,,,,,,,,,,,,common_equity
FSLR,"First Solar, Inc. - Common Stock",NASDAQ,USA,nasdaq_trader_nasdaqlisted,data/raw/source_providers/nasdaq_trader_nasdaqlisted/nasdaq_trader_nasdaqlisted.csv,COMMON_STOCK,IN_SCOPE,HIGH,Security name indicates common equity: COMMON STOCK.,,,,,,1,PRESERVE_EXISTING,Existing validated expanded_universe_v2_4b row preserved as base source.,,USD,XNAS,,,,,,,,,,,,common_equity
FSLY,"Fastly, Inc. - Class A Common Stock",NASDAQ,USA,nasdaq_trader_nasdaqlisted,data/raw/source_providers/nasdaq_trader_nasdaqlisted/nasdaq_trader_nasdaqlisted.csv,COMMON_STOCK,IN_SCOPE,HIGH,Security name indicates common equity: COMMON STOCK.,,,,,,1,PRESERVE_EXISTING,Existing validated expanded_universe_v2_4b row preserved as base source.,,USD,XNAS,,,,,,,,,,,,common_equity
FSTR,L.B. Foster Company - Common Stock,NASDAQ,USA,nasdaq_trader_nasdaqlisted,data/raw/source_providers/nasdaq_trader_nasdaqlisted/nasdaq_trader_nasdaqlisted.csv,COMMON_STOCK,IN_SCOPE,HIGH,Security name indicates common equity: COMMON STOCK.,,,,,,1,PRESERVE_EXISTING,Existing validated expanded_universe_v2_4b row preserved as base source.,,USD,XNAS,,,,,,,,,,,,common_equity
FSUN,FirstSun Capital Bancorp - Common Stock,NASDAQ,USA,nasdaq_trader_nasdaqlisted,data/raw/source_providers/nasdaq_trader_nasdaqlisted/nasdaq_trader_nasdaqlisted.csv,COMMON_STOCK,IN_SCOPE,HIGH,Security name indicates common equity: COMMON STOCK.,,,,,,1,PRESERVE_EXISTING,Existing validated expanded_universe_v2_4b row preserved as base source.,,USD,XNAS,,,,,,,,,,,,common_equity
FSV,FirstService Corporation - Common Shares,NASDAQ,USA,nasdaq_trader_nasdaqlisted,data/raw/source_providers/nasdaq_trader_nasdaqlisted/nasdaq_trader_nasdaqlisted.csv,COMMON_STOCK,IN_SCOPE,MEDIUM,No exclusion keyword detected; treated as common equity candidate.,,,,,,1,PRESERVE_EXISTING,Existing validated expanded_universe_v2_4b row preserved as base source.,,USD,XNAS,,,,,,,,,,,,common_equity
FTAI,FTAI Aviation Ltd. - Common Stock,NASDAQ,USA,nasdaq_trader_nasdaqlisted,data/raw/source_providers/nasdaq_trader_nasdaqlisted/nasdaq_trader_nasdaqlisted.csv,COMMON_STOCK,IN_SCOPE,HIGH,Security name indicates common equity: COMMON STOCK.,,,,,,1,PRESERVE_EXISTING,Existing validated expanded_universe_v2_4b row preserved as base source.,,USD,XNAS,,,,,,,,,,,,common_equity
FTCI,"FTC Solar, Inc. - Common Stock",NASDAQ,USA,nasdaq_trader_nasdaqlisted,data/raw/source_providers/nasdaq_trader_nasdaqlisted/nasdaq_trader_nasdaqlisted.csv,COMMON_STOCK,IN_SCOPE,HIGH,Security name indicates common equity: COMMON STOCK.,,,,,,1,PRESERVE_EXISTING,Existing validated expanded_universe_v2_4b row preserved as base source.,,USD,XNAS,,,,,,,,,,,,common_equity
FTDR,"Frontdoor, Inc. - Common Stock",NASDAQ,USA,nasdaq_trader_nasdaqlisted,data/raw/source_providers/nasdaq_trader_nasdaqlisted/nasdaq_trader_nasdaqlisted.csv,COMMON_STOCK,IN_SCOPE,HIGH,Security name indicates common equity: COMMON STOCK.,,,,,,1,PRESERVE_EXISTING,Existing validated expanded_universe_v2_4b row preserved as base source.,,USD,XNAS,,,,,,,,,,,,common_equity
FTEK,"Fuel Tech, Inc. - Common Stock",NASDAQ,USA,nasdaq_trader_nasdaqlisted,data/raw/source_providers/nasdaq_trader_nasdaqlisted/nasdaq_trader_nasdaqlisted.csv,COMMON_STOCK,IN_SCOPE,HIGH,Security name indicates common equity: COMMON STOCK.,,,,,,1,PRESERVE_EXISTING,Existing validated expanded_universe_v2_4b row preserved as base source.,,USD,XNAS,,,,,,,,,,,,common_equity
FTFT,Future FinTech Group Inc. - Common Stock,NASDAQ,USA,nasdaq_trader_nasdaqlisted,data/raw/source_providers/nasdaq_trader_nasdaqlisted/nasdaq_trader_nasdaqlisted.csv,COMMON_STOCK,IN_SCOPE,HIGH,Security name indicates common equity: COMMON STOCK.,,,,,,1,PRESERVE_EXISTING,Existing validated expanded_universe_v2_4b row preserved as base source.,,USD,XNAS,,,,,,,,,,,,common_equity
FTH,"Faeth Therapeutics, Inc. - Common Stock",NASDAQ,USA,nasdaq_trader_nasdaqlisted,data/raw/source_providers/nasdaq_trader_nasdaqlisted/nasdaq_trader_nasdaqlisted.csv,COMMON_STOCK,IN_SCOPE,HIGH,Security name indicates common equity: COMMON STOCK.,,,,,,1,PRESERVE_EXISTING,Existing validated expanded_universe_v2_4b row preserved as base source.,,USD,XNAS,,,,,,,,,,,,common_equity
FTHA,Forefront Tech Holdings Acquisition Corp - Class A Ordinary Shares,NASDAQ,USA,nasdaq_trader_nasdaqlisted,data/raw/source_providers/nasdaq_trader_nasdaqlisted/nasdaq_trader_nasdaqlisted.csv,COMMON_STOCK,IN_SCOPE,HIGH,Security name indicates common equity: ORDINARY SHARES.,,,,,,1,PRESERVE_EXISTING,Existing validated expanded_universe_v2_4b row preserved as base source.,,USD,XNAS,,,,,,,,,,,,common_equity
FTHM,Fathom Holdings Inc. - Common Stock,NASDAQ,USA,nasdaq_trader_nasdaqlisted,data/raw/source_providers/nasdaq_trader_nasdaqlisted/nasdaq_trader_nasdaqlisted.csv,COMMON_STOCK,IN_SCOPE,HIGH,Security name indicates common equity: COMMON STOCK.,,,,,,1,PRESERVE_EXISTING,Existing validated expanded_universe_v2_4b row preserved as base source.,,USD,XNAS,,,,,,,,,,,,common_equity
FTLF,"FitLife Brands, Inc. - Common Stock",NASDAQ,USA,nasdaq_trader_nasdaqlisted,data/raw/source_providers/nasdaq_trader_nasdaqlisted/nasdaq_trader_nasdaqlisted.csv,COMMON_STOCK,IN_SCOPE,HIGH,Security name indicates common equity: COMMON STOCK.,,,,,,1,PRESERVE_EXISTING,Existing validated expanded_universe_v2_4b row preserved as base source.,,USD,XNAS,,,,,,,,,,,,common_equity
FTNT,"Fortinet, Inc. - Common Stock",NASDAQ,USA,nasdaq_trader_nasdaqlisted,data/raw/source_providers/nasdaq_trader_nasdaqlisted/nasdaq_trader_nasdaqlisted.csv,COMMON_STOCK,IN_SCOPE,HIGH,Security name indicates common equity: COMMON STOCK.,,,,,,1,PRESERVE_EXISTING,Existing validated expanded_universe_v2_4b row preserved as base source.,,USD,XNAS,,,,,,,,,,,,common_equity
FTRE,Fortrea Holdings Inc. - Common Stock,NASDAQ,USA,nasdaq_trader_nasdaqlisted,data/raw/source_providers/nasdaq_trader_nasdaqlisted/nasdaq_trader_nasdaqlisted.csv,COMMON_STOCK,IN_SCOPE,HIGH,Security name indicates common equity: COMMON STOCK.,,,,,,1,PRESERVE_EXISTING,Existing validated expanded_universe_v2_4b row preserved as base source.,,USD,XNAS,,,,,,,,,,,,common_equity
FTRK,FAST TRACK GROUP - Ordinary shares,NASDAQ,USA,nasdaq_trader_nasdaqlisted,data/raw/source_providers/nasdaq_trader_nasdaqlisted/nasdaq_trader_nasdaqlisted.csv,COMMON_STOCK,IN_SCOPE,HIGH,Security name indicates common equity: ORDINARY SHARES.,,,,,,1,PRESERVE_EXISTING,Existing validated expanded_universe_v2_4b row preserved as base source.,,USD,XNAS,,,,,,,,,,,,common_equity
FUFU,BitFuFu Inc. - Class A Ordinary Shares,NASDAQ,USA,nasdaq_trader_nasdaqlisted,data/raw/source_providers/nasdaq_trader_nasdaqlisted/nasdaq_trader_nasdaqlisted.csv,COMMON_STOCK,IN_SCOPE,HIGH,Security name indicates common equity: ORDINARY SHARES.,,,,,,1,PRESERVE_EXISTING,Existing validated expanded_universe_v2_4b row preserved as base source.,,USD,XNAS,,,,,,,,,,,,common_equity
FULC,"Fulcrum Therapeutics, Inc. - Common Stock",NASDAQ,USA,nasdaq_trader_nasdaqlisted,data/raw/source_providers/nasdaq_trader_nasdaqlisted/nasdaq_trader_nasdaqlisted.csv,COMMON_STOCK,IN_SCOPE,HIGH,Security name indicates common equity: COMMON STOCK.,,,,,,1,PRESERVE_EXISTING,Existing validated expanded_universe_v2_4b row preserved as base source.,,USD,XNAS,,,,,,,,,,,,common_equity
FULT,Fulton Financial Corporation - Common Stock,NASDAQ,USA,nasdaq_trader_nasdaqlisted,data/raw/source_providers/nasdaq_trader_nasdaqlisted/nasdaq_trader_nasdaqlisted.csv,COMMON_STOCK,IN_SCOPE,HIGH,Security name indicates common equity: COMMON STOCK.,,,,,,1,PRESERVE_EXISTING,Existing validated expanded_universe_v2_4b row preserved as base source.,,USD,XNAS,,,,,,,,,,,,common_equity
FUND,"Sprott Focus Trust, Inc. - Closed End Fund",NASDAQ,USA,nasdaq_trader_nasdaqlisted,data/raw/source_providers/nasdaq_trader_nasdaqlisted/nasdaq_trader_nasdaqlisted.csv,COMMON_STOCK,IN_SCOPE,MEDIUM,No exclusion keyword detected; treated as common equity candidate.,,,,,,1,PRESERVE_EXISTING,Existing validated expanded_universe_v2_4b row preserved as base source.,,USD,XNAS,,,,,,,,,,,,common_equity
FUSB,"First US Bancshares, Inc. - Common Stock",NASDAQ,USA,nasdaq_trader_nasdaqlisted,data/raw/source_providers/nasdaq_trader_nasdaqlisted/nasdaq_trader_nasdaqlisted.csv,COMMON_STOCK,IN_SCOPE,HIGH,Security name indicates common equity: COMMON STOCK.,,,,,,1,PRESERVE_EXISTING,Existing validated expanded_universe_v2_4b row preserved as base source.,,USD,XNAS,,,,,,,,,,,,common_equity
FUSE,Fusemachines Inc. - Common stock,NASDAQ,USA,nasdaq_trader_nasdaqlisted,data/raw/source_providers/nasdaq_trader_nasdaqlisted/nasdaq_trader_nasdaqlisted.csv,COMMON_STOCK,IN_SCOPE,HIGH,Security name indicates common equity: COMMON STOCK.,,,,,,1,PRESERVE_EXISTING,Existing validated expanded_universe_v2_4b row preserved as base source.,,USD,XNAS,,,,,,,,,,,,common_equity
FVAV,Fortress Value Acquisition Corp. V - Class A Ordinary Shares,NASDAQ,USA,nasdaq_trader_nasdaqlisted,data/raw/source_providers/nasdaq_trader_nasdaqlisted/nasdaq_trader_nasdaqlisted.csv,COMMON_STOCK,IN_SCOPE,HIGH,Security name indicates common equity: ORDINARY SHARES.,,,,,,1,PRESERVE_EXISTING,Existing validated expanded_universe_v2_4b row preserved as base source.,,USD,XNAS,,,,,,,,,,,,common_equity
FVCB,"FVCBankcorp, Inc. - Common Stock",NASDAQ,USA,nasdaq_trader_nasdaqlisted,data/raw/source_providers/nasdaq_trader_nasdaqlisted/nasdaq_trader_nasdaqlisted.csv,COMMON_STOCK,IN_SCOPE,HIGH,Security name indicates common equity: COMMON STOCK.,,,,,,1,PRESERVE_EXISTING,Existing validated expanded_universe_v2_4b row preserved as base source.,,USD,XNAS,,,,,,,,,,,,common_equity
FVN,Future Vision II Acquisition Corporation - Ordinary Shares,NASDAQ,USA,nasdaq_trader_nasdaqlisted,data/raw/source_providers/nasdaq_trader_nasdaqlisted/nasdaq_trader_nasdaqlisted.csv,COMMON_STOCK,IN_SCOPE,HIGH,Security name indicates common equity: ORDINARY SHARES.,,,,,,1,PRESERVE_EXISTING,Existing validated expanded_universe_v2_4b row preserved as base source.,,USD,XNAS,,,,,,,,,,,,common_equity
FWDI,"Forward Industries, Inc. - Common Stock",NASDAQ,USA,nasdaq_trader_nasdaqlisted,data/raw/source_providers/nasdaq_trader_nasdaqlisted/nasdaq_trader_nasdaqlisted.csv,COMMON_STOCK,IN_SCOPE,HIGH,Security name indicates common equity: COMMON STOCK.,,,,,,1,PRESERVE_EXISTING,Existing validated expanded_universe_v2_4b row preserved as base source.,,USD,XNAS,,,,,,,,,,,,common_equity
FWONA,Liberty Media Corporation - Series A Liberty Formula One Common Stock,NASDAQ,USA,nasdaq_trader_nasdaqlisted,data/raw/source_providers/nasdaq_trader_nasdaqlisted/nasdaq_trader_nasdaqlisted.csv,COMMON_STOCK,IN_SCOPE,HIGH,Security name indicates common equity: COMMON STOCK.,,,,,,1,PRESERVE_EXISTING,Existing validated expanded_universe_v2_4b row preserved as base source.,,USD,XNAS,,,,,,,,,,,,common_equity
FWONK,Liberty Media Corporation - Series C Liberty Formula One Common Stock,NASDAQ,USA,nasdaq_trader_nasdaqlisted,data/raw/source_providers/nasdaq_trader_nasdaqlisted/nasdaq_trader_nasdaqlisted.csv,COMMON_STOCK,IN_SCOPE,HIGH,Security name indicates common equity: COMMON STOCK.,,,,,,1,PRESERVE_EXISTING,Existing validated expanded_universe_v2_4b row preserved as base source.,,USD,XNAS,,,,,,,,,,,,common_equity
FWRD,Forward Air Corporation - Common Stock,NASDAQ,USA,nasdaq_trader_nasdaqlisted,data/raw/source_providers/nasdaq_trader_nasdaqlisted/nasdaq_trader_nasdaqlisted.csv,COMMON_STOCK,IN_SCOPE,HIGH,Security name indicates common equity: COMMON STOCK.,,,,,,1,PRESERVE_EXISTING,Existing validated expanded_universe_v2_4b row preserved as base source.,,USD,XNAS,,,,,,,,,,,,common_equity
FWRG,"First Watch Restaurant Group, Inc. - Common Stock",NASDAQ,USA,nasdaq_trader_nasdaqlisted,data/raw/source_providers/nasdaq_trader_nasdaqlisted/nasdaq_trader_nasdaqlisted.csv,COMMON_STOCK,IN_SCOPE,HIGH,Security name indicates common equity: COMMON STOCK.,,,,,,1,PRESERVE_EXISTING,Existing validated expanded_universe_v2_4b row preserved as base source.,,USD,XNAS,,,,,,,,,,,,common_equity
FXHO,UTime Limited - Class A Ordinary Shares,NASDAQ,USA,nasdaq_trader_nasdaqlisted,data/raw/source_providers/nasdaq_trader_nasdaqlisted/nasdaq_trader_nasdaqlisted.csv,COMMON_STOCK,IN_SCOPE,HIGH,Security name indicates common equity: ORDINARY SHARES.,,,,,,1,PRESERVE_EXISTING,Existing validated expanded_universe_v2_4b row preserved as base source.,,USD,XNAS,,,,,,,,,,,,common_equity
FXNC,First National Corporation - Common Stock,NASDAQ,USA,nasdaq_trader_nasdaqlisted,data/raw/source_providers/nasdaq_trader_nasdaqlisted/nasdaq_trader_nasdaqlisted.csv,COMMON_STOCK,IN_SCOPE,HIGH,Security name indicates common equity: COMMON STOCK.,,,,,,1,PRESERVE_EXISTING,Existing validated expanded_universe_v2_4b row preserved as base source.,,USD,XNAS,,,,,,,,,,,,common_equity
GABC,"German American Bancorp, Inc. - Common Stock",NASDAQ,USA,nasdaq_trader_nasdaqlisted,data/raw/source_providers/nasdaq_trader_nasdaqlisted/nasdaq_trader_nasdaqlisted.csv,COMMON_STOCK,IN_SCOPE,HIGH,Security name indicates common equity: COMMON STOCK.,,,,,,1,PRESERVE_EXISTING,Existing validated expanded_universe_v2_4b row preserved as base source.,,USD,XNAS,,,,,,,,,,,,common_equity
GAIA,"Gaia, Inc. - Class A Common Stock",NASDAQ,USA,nasdaq_trader_nasdaqlisted,data/raw/source_providers/nasdaq_trader_nasdaqlisted/nasdaq_trader_nasdaqlisted.csv,COMMON_STOCK,IN_SCOPE,HIGH,Security name indicates common equity: COMMON STOCK.,,,,,,1,PRESERVE_EXISTING,Existing validated expanded_universe_v2_4b row preserved as base source.,,USD,XNAS,,,,,,,,,,,,common_equity
GAIN,Gladstone Investment Corporation - Business Development Company,NASDAQ,USA,nasdaq_trader_nasdaqlisted,data/raw/source_providers/nasdaq_trader_nasdaqlisted/nasdaq_trader_nasdaqlisted.csv,ADR,IN_SCOPE_ADR,MEDIUM,Security name indicates ADR/ADS: ADS.,,,,,,1,PRESERVE_EXISTING,Existing validated expanded_universe_v2_4b row preserved as base source.,,USD,XNAS,,,,,,,,,,,,adr_equity
GALT,Galectin Therapeutics Inc. - Common Stock,NASDAQ,USA,nasdaq_trader_nasdaqlisted,data/raw/source_providers/nasdaq_trader_nasdaqlisted/nasdaq_trader_nasdaqlisted.csv,COMMON_STOCK,IN_SCOPE,HIGH,Security name indicates common equity: COMMON STOCK.,,,,,,1,PRESERVE_EXISTING,Existing validated expanded_universe_v2_4b row preserved as base source.,,USD,XNAS,,,,,,,,,,,,common_equity
GAMB,Gambling.com Group Limited - Ordinary Shares,NASDAQ,USA,nasdaq_trader_nasdaqlisted,data/raw/source_providers/nasdaq_trader_nasdaqlisted/nasdaq_trader_nasdaqlisted.csv,COMMON_STOCK,IN_SCOPE,HIGH,Security name indicates common equity: ORDINARY SHARES.,,,,,,1,PRESERVE_EXISTING,Existing validated expanded_universe_v2_4b row preserved as base source.,,USD,XNAS,,,,,,,,,,,,common_equity
GAME,"GameSquare Holdings, Inc. - Common stock",NASDAQ,USA,nasdaq_trader_nasdaqlisted,data/raw/source_providers/nasdaq_trader_nasdaqlisted/nasdaq_trader_nasdaqlisted.csv,COMMON_STOCK,IN_SCOPE,HIGH,Security name indicates common equity: COMMON STOCK.,,,,,,1,PRESERVE_EXISTING,Existing validated expanded_universe_v2_4b row preserved as base source.,,USD,XNAS,,,,,,,,,,,,common_equity
GANX,"Gain Therapeutics, Inc. - Common Stock",NASDAQ,USA,nasdaq_trader_nasdaqlisted,data/raw/source_providers/nasdaq_trader_nasdaqlisted/nasdaq_trader_nasdaqlisted.csv,COMMON_STOCK,IN_SCOPE,HIGH,Security name indicates common equity: COMMON STOCK.,,,,,,1,PRESERVE_EXISTING,Existing validated expanded_universe_v2_4b row preserved as base source.,,USD,XNAS,,,,,,,,,,,,common_equity
GASS,"StealthGas, Inc. - common stock",NASDAQ,USA,nasdaq_trader_nasdaqlisted,data/raw/source_providers/nasdaq_trader_nasdaqlisted/nasdaq_trader_nasdaqlisted.csv,COMMON_STOCK,IN_SCOPE,HIGH,Security name indicates common equity: COMMON STOCK.,,,,,,1,PRESERVE_EXISTING,Existing validated expanded_universe_v2_4b row preserved as base source.,,USD,XNAS,,,,,,,,,,,,common_equity
GAUZ,Gauzy Ltd. - Ordinary Shares,NASDAQ,USA,nasdaq_trader_nasdaqlisted,data/raw/source_providers/nasdaq_trader_nasdaqlisted/nasdaq_trader_nasdaqlisted.csv,COMMON_STOCK,IN_SCOPE,HIGH,Security name indicates common equity: ORDINARY SHARES.,,,,,,1,PRESERVE_EXISTING,Existing validated expanded_universe_v2_4b row preserved as base source.,,USD,XNAS,,,,,,,,,,,,common_equity
GBDC,"Golub Capital BDC, Inc. - Closed End Fund",NASDAQ,USA,nasdaq_trader_nasdaqlisted,data/raw/source_providers/nasdaq_trader_nasdaqlisted/nasdaq_trader_nasdaqlisted.csv,COMMON_STOCK,IN_SCOPE,MEDIUM,No exclusion keyword detected; treated as common equity candidate.,,,,,,1,PRESERVE_EXISTING,Existing validated expanded_universe_v2_4b row preserved as base source.,,USD,XNAS,,,,,,,,,,,,common_equity
GBFH,GBank Financial Holdings Inc. - Common Stock,NASDAQ,USA,nasdaq_trader_nasdaqlisted,data/raw/source_providers/nasdaq_trader_nasdaqlisted/nasdaq_trader_nasdaqlisted.csv,COMMON_STOCK,IN_SCOPE,HIGH,Security name indicates common equity: COMMON STOCK.,,,,,,1,PRESERVE_EXISTING,Existing validated expanded_universe_v2_4b row preserved as base source.,,USD,XNAS,,,,,,,,,,,,common_equity
GBLI,"Global Indemnity Group, LLC - Class A Common Shares",NASDAQ,USA,nasdaq_trader_nasdaqlisted,data/raw/source_providers/nasdaq_trader_nasdaqlisted/nasdaq_trader_nasdaqlisted.csv,COMMON_STOCK,IN_SCOPE,HIGH,Security name indicates common equity: CLASS A.,,,,,,1,PRESERVE_EXISTING,Existing validated expanded_universe_v2_4b row preserved as base source.,,USD,XNAS,,,,,,,,,,,,common_equity
GCBC,"Greene County Bancorp, Inc. - Common Stock",NASDAQ,USA,nasdaq_trader_nasdaqlisted,data/raw/source_providers/nasdaq_trader_nasdaqlisted/nasdaq_trader_nasdaqlisted.csv,COMMON_STOCK,IN_SCOPE,HIGH,Security name indicates common equity: COMMON STOCK.,,,,,,1,PRESERVE_EXISTING,Existing validated expanded_universe_v2_4b row preserved as base source.,,USD,XNAS,,,,,,,,,,,,common_equity
GCGR,General Catalyst Global Resilience Merger Corp. - Class A Ordinary Shares,NASDAQ,USA,nasdaq_trader_nasdaqlisted,data/raw/source_providers/nasdaq_trader_nasdaqlisted/nasdaq_trader_nasdaqlisted.csv,COMMON_STOCK,IN_SCOPE,HIGH,Security name indicates common equity: ORDINARY SHARES.,,,,,,1,PRESERVE_EXISTING,Existing validated expanded_universe_v2_4b row preserved as base source.,,USD,XNAS,,,,,,,,,,,,common_equity
GCL,GCL Global Holdings Ltd - Ordinary Shares,NASDAQ,USA,nasdaq_trader_nasdaqlisted,data/raw/source_providers/nasdaq_trader_nasdaqlisted/nasdaq_trader_nasdaqlisted.csv,COMMON_STOCK,IN_SCOPE,HIGH,Security name indicates common equity: ORDINARY SHARES.,,,,,,1,PRESERVE_EXISTING,Existing validated expanded_universe_v2_4b row preserved as base source.,,USD,XNAS,,,,,,,,,,,,common_equity
GCMG,GCM Grosvenor Inc. - Class A Common Stock,NASDAQ,USA,nasdaq_trader_nasdaqlisted,data/raw/source_providers/nasdaq_trader_nasdaqlisted/nasdaq_trader_nasdaqlisted.csv,COMMON_STOCK,IN_SCOPE,HIGH,Security name indicates common equity: COMMON STOCK.,,,,,,1,PRESERVE_EXISTING,Existing validated expanded_universe_v2_4b row preserved as base source.,,USD,XNAS,,,,,,,,,,,,common_equity
GCT,GigaCloud Technology Inc - Class A Ordinary Shares,NASDAQ,USA,nasdaq_trader_nasdaqlisted,data/raw/source_providers/nasdaq_trader_nasdaqlisted/nasdaq_trader_nasdaqlisted.csv,COMMON_STOCK,IN_SCOPE,HIGH,Security name indicates common equity: ORDINARY SHARES.,,,,,,1,PRESERVE_EXISTING,Existing validated expanded_universe_v2_4b row preserved as base source.,,USD,XNAS,,,,,,,,,,,,common_equity
GCTK,"GlucoTrack, Inc. - Common Stock",NASDAQ,USA,nasdaq_trader_nasdaqlisted,data/raw/source_providers/nasdaq_trader_nasdaqlisted/nasdaq_trader_nasdaqlisted.csv,COMMON_STOCK,IN_SCOPE,HIGH,Security name indicates common equity: COMMON STOCK.,,,,,,1,PRESERVE_EXISTING,Existing validated expanded_universe_v2_4b row preserved as base source.,,USD,XNAS,,,,,,,,,,,,common_equity
GDC,GD Culture Group Limited - Common Stock,NASDAQ,USA,nasdaq_trader_nasdaqlisted,data/raw/source_providers/nasdaq_trader_nasdaqlisted/nasdaq_trader_nasdaqlisted.csv,COMMON_STOCK,IN_SCOPE,HIGH,Security name indicates common equity: COMMON STOCK.,,,,,,1,PRESERVE_EXISTING,Existing validated expanded_universe_v2_4b row preserved as base source.,,USD,XNAS,,,,,,,,,,,,common_equity
GDEV,GDEV Inc. - Ordinary Shares,NASDAQ,USA,nasdaq_trader_nasdaqlisted,data/raw/source_providers/nasdaq_trader_nasdaqlisted/nasdaq_trader_nasdaqlisted.csv,COMMON_STOCK,IN_SCOPE,HIGH,Security name indicates common equity: ORDINARY SHARES.,,,,,,1,PRESERVE_EXISTING,Existing validated expanded_universe_v2_4b row preserved as base source.,,USD,XNAS,,,,,,,,,,,,common_equity
GDHG,Golden Heaven Group Holdings Ltd. - Class A Ordinary Shares,NASDAQ,USA,nasdaq_trader_nasdaqlisted,data/raw/source_providers/nasdaq_trader_nasdaqlisted/nasdaq_trader_nasdaqlisted.csv,COMMON_STOCK,IN_SCOPE,HIGH,Security name indicates common equity: ORDINARY SHARES.,,,,,,1,PRESERVE_EXISTING,Existing validated expanded_universe_v2_4b row preserved as base source.,,USD,XNAS,,,,,,,,,,,,common_equity
GDRX,"GoodRx Holdings, Inc. - Class A Common Stock",NASDAQ,USA,nasdaq_trader_nasdaqlisted,data/raw/source_providers/nasdaq_trader_nasdaqlisted/nasdaq_trader_nasdaqlisted.csv,COMMON_STOCK,IN_SCOPE,HIGH,Security name indicates common equity: COMMON STOCK.,,,,,,1,PRESERVE_EXISTING,Existing validated expanded_universe_v2_4b row preserved as base source.,,USD,XNAS,,,,,,,,,,,,common_equity
GDTC,CytoMed Therapeutics Limited - Ordinary Shares,NASDAQ,USA,nasdaq_trader_nasdaqlisted,data/raw/source_providers/nasdaq_trader_nasdaqlisted/nasdaq_trader_nasdaqlisted.csv,COMMON_STOCK,IN_SCOPE,HIGH,Security name indicates common equity: ORDINARY SHARES.,,,,,,1,PRESERVE_EXISTING,Existing validated expanded_universe_v2_4b row preserved as base source.,,USD,XNAS,,,,,,,,,,,,common_equity
GDYN,"Grid Dynamics Holdings, Inc. - Class A Common Stock",NASDAQ,USA,nasdaq_trader_nasdaqlisted,data/raw/source_providers/nasdaq_trader_nasdaqlisted/nasdaq_trader_nasdaqlisted.csv,COMMON_STOCK,IN_SCOPE,HIGH,Security name indicates common equity: COMMON STOCK.,,,,,,1,PRESERVE_EXISTING,Existing validated expanded_universe_v2_4b row preserved as base source.,,USD,XNAS,,,,,,,,,,,,common_equity
GECC,Great Elm Capital Corp. - Closed End Fund,NASDAQ,USA,nasdaq_trader_nasdaqlisted,data/raw/source_providers/nasdaq_trader_nasdaqlisted/nasdaq_trader_nasdaqlisted.csv,COMMON_STOCK,IN_SCOPE,MEDIUM,No exclusion keyword detected; treated as common equity candidate.,,,,,,1,PRESERVE_EXISTING,Existing validated expanded_universe_v2_4b row preserved as base source.,,USD,XNAS,,,,,,,,,,,,common_equity
GEG,"Great Elm Group, Inc. - Common Stock",NASDAQ,USA,nasdaq_trader_nasdaqlisted,data/raw/source_providers/nasdaq_trader_nasdaqlisted/nasdaq_trader_nasdaqlisted.csv,COMMON_STOCK,IN_SCOPE,HIGH,Security name indicates common equity: COMMON STOCK.,,,,,,1,PRESERVE_EXISTING,Existing validated expanded_universe_v2_4b row preserved as base source.,,USD,XNAS,,,,,,,,,,,,common_equity
GEHC,GE HealthCare Technologies Inc. - Common Stock,NASDAQ,USA,nasdaq_trader_nasdaqlisted,data/raw/source_providers/nasdaq_trader_nasdaqlisted/nasdaq_trader_nasdaqlisted.csv,COMMON_STOCK,IN_SCOPE,HIGH,Security name indicates common equity: COMMON STOCK.,,,,,,1,PRESERVE_EXISTING,Existing validated expanded_universe_v2_4b row preserved as base source.,,USD,XNAS,,,,,,,,,,,,common_equity
GELS,Gelteq Limited - Ordinary Shares,NASDAQ,USA,nasdaq_trader_nasdaqlisted,data/raw/source_providers/nasdaq_trader_nasdaqlisted/nasdaq_trader_nasdaqlisted.csv,COMMON_STOCK,IN_SCOPE,HIGH,Security name indicates common equity: ORDINARY SHARES.,,,,,,1,PRESERVE_EXISTING,Existing validated expanded_universe_v2_4b row preserved as base source.,,USD,XNAS,,,,,,,,,,,,common_equity
GEMI,"Gemini Space Station, Inc. - Class A Common Stock",NASDAQ,USA,nasdaq_trader_nasdaqlisted,data/raw/source_providers/nasdaq_trader_nasdaqlisted/nasdaq_trader_nasdaqlisted.csv,COMMON_STOCK,IN_SCOPE,HIGH,Security name indicates common equity: COMMON STOCK.,,,,,,1,PRESERVE_EXISTING,Existing validated expanded_universe_v2_4b row preserved as base source.,,USD,XNAS,,,,,,,,,,,,common_equity
GEN,Gen Digital Inc. - Common Stock,NASDAQ,USA,nasdaq_trader_nasdaqlisted,data/raw/source_providers/nasdaq_trader_nasdaqlisted/nasdaq_trader_nasdaqlisted.csv,COMMON_STOCK,IN_SCOPE,HIGH,Security name indicates common equity: COMMON STOCK.,,,,,,1,PRESERVE_EXISTING,Existing validated expanded_universe_v2_4b row preserved as base source.,,USD,XNAS,,,,,,,,,,,,common_equity
GENB,"Generate Biomedicines, Inc. - Common Stock",NASDAQ,USA,nasdaq_trader_nasdaqlisted,data/raw/source_providers/nasdaq_trader_nasdaqlisted/nasdaq_trader_nasdaqlisted.csv,COMMON_STOCK,IN_SCOPE,HIGH,Security name indicates common equity: COMMON STOCK.,,,,,,1,PRESERVE_EXISTING,Existing validated expanded_universe_v2_4b row preserved as base source.,,USD,XNAS,,,,,,,,,,,,common_equity
GENK,"GEN Restaurant Group, Inc. - Class A Common Stock",NASDAQ,USA,nasdaq_trader_nasdaqlisted,data/raw/source_providers/nasdaq_trader_nasdaqlisted/nasdaq_trader_nasdaqlisted.csv,COMMON_STOCK,IN_SCOPE,HIGH,Security name indicates common equity: COMMON STOCK.,,,,,,1,PRESERVE_EXISTING,Existing validated expanded_universe_v2_4b row preserved as base source.,,USD,XNAS,,,,,,,,,,,,common_equity
GEOS,Geospace Technologies Corporation - Common Stock,NASDAQ,USA,nasdaq_trader_nasdaqlisted,data/raw/source_providers/nasdaq_trader_nasdaqlisted/nasdaq_trader_nasdaqlisted.csv,COMMON_STOCK,IN_SCOPE,HIGH,Security name indicates common equity: COMMON STOCK.,,,,,,1,PRESERVE_EXISTING,Existing validated expanded_universe_v2_4b row preserved as base source.,,USD,XNAS,,,,,,,,,,,,common_equity
GERN,Geron Corporation - Common Stock,NASDAQ,USA,nasdaq_trader_nasdaqlisted,data/raw/source_providers/nasdaq_trader_nasdaqlisted/nasdaq_trader_nasdaqlisted.csv,COMMON_STOCK,IN_SCOPE,HIGH,Security name indicates common equity: COMMON STOCK.,,,,,,1,PRESERVE_EXISTING,Existing validated expanded_universe_v2_4b row preserved as base source.,,USD,XNAS,,,,,,,,,,,,common_equity
GEVO,"Gevo, Inc. - Common Stock",NASDAQ,USA,nasdaq_trader_nasdaqlisted,data/raw/source_providers/nasdaq_trader_nasdaqlisted/nasdaq_trader_nasdaqlisted.csv,COMMON_STOCK,IN_SCOPE,HIGH,Security name indicates common equity: COMMON STOCK.,,,,,,1,PRESERVE_EXISTING,Existing validated expanded_universe_v2_4b row preserved as base source.,,USD,XNAS,,,,,,,,,,,,common_equity
GFAI,"Guardforce AI Co., Limited - Ordinary Shares",NASDAQ,USA,nasdaq_trader_nasdaqlisted,data/raw/source_providers/nasdaq_trader_nasdaqlisted/nasdaq_trader_nasdaqlisted.csv,COMMON_STOCK,IN_SCOPE,HIGH,Security name indicates common equity: ORDINARY SHARES.,,,,,,1,PRESERVE_EXISTING,Existing validated expanded_universe_v2_4b row preserved as base source.,,USD,XNAS,,,,,,,,,,,,common_equity
GFS,GlobalFoundries Inc. - Ordinary Share,NASDAQ,USA,nasdaq_trader_nasdaqlisted,data/raw/source_providers/nasdaq_trader_nasdaqlisted/nasdaq_trader_nasdaqlisted.csv,COMMON_STOCK,IN_SCOPE,MEDIUM,No exclusion keyword detected; treated as common equity candidate.,,,,,,1,PRESERVE_EXISTING,Existing validated expanded_universe_v2_4b row preserved as base source.,,USD,XNAS,,,,,,,,,,,,common_equity
GGR,Gogoro Inc. - Ordinary Shares,NASDAQ,USA,nasdaq_trader_nasdaqlisted,data/raw/source_providers/nasdaq_trader_nasdaqlisted/nasdaq_trader_nasdaqlisted.csv,COMMON_STOCK,IN_SCOPE,HIGH,Security name indicates common equity: ORDINARY SHARES.,,,,,,1,PRESERVE_EXISTING,Existing validated expanded_universe_v2_4b row preserved as base source.,,USD,XNAS,,,,,,,,,,,,common_equity
GGRP,"The Glimpse Group, Inc. - Common Stock",NASDAQ,USA,nasdaq_trader_nasdaqlisted,data/raw/source_providers/nasdaq_trader_nasdaqlisted/nasdaq_trader_nasdaqlisted.csv,COMMON_STOCK,IN_SCOPE,HIGH,Security name indicates common equity: COMMON STOCK.,,,,,,1,PRESERVE_EXISTING,Existing validated expanded_universe_v2_4b row preserved as base source.,,USD,XNAS,,,,,,,,,,,,common_equity
GH,"Guardant Health, Inc. - Common Stock",NASDAQ,USA,nasdaq_trader_nasdaqlisted,data/raw/source_providers/nasdaq_trader_nasdaqlisted/nasdaq_trader_nasdaqlisted.csv,COMMON_STOCK,IN_SCOPE,HIGH,Security name indicates common equity: COMMON STOCK.,,,,,,1,PRESERVE_EXISTING,Existing validated expanded_universe_v2_4b row preserved as base source.,,USD,XNAS,,,,,,,,,,,,common_equity
GHRS,GH Research PLC - Ordinary Shares,NASDAQ,USA,nasdaq_trader_nasdaqlisted,data/raw/source_providers/nasdaq_trader_nasdaqlisted/nasdaq_trader_nasdaqlisted.csv,COMMON_STOCK,IN_SCOPE,HIGH,Security name indicates common equity: ORDINARY SHARES.,,,,,,1,PRESERVE_EXISTING,Existing validated expanded_universe_v2_4b row preserved as base source.,,USD,XNAS,,,,,,,,,,,,common_equity
GIBO,GIBO Holdings Limited - Class A Ordinary Shares,NASDAQ,USA,nasdaq_trader_nasdaqlisted,data/raw/source_providers/nasdaq_trader_nasdaqlisted/nasdaq_trader_nasdaqlisted.csv,COMMON_STOCK,IN_SCOPE,HIGH,Security name indicates common equity: ORDINARY SHARES.,,,,,,1,PRESERVE_EXISTING,Existing validated expanded_universe_v2_4b row preserved as base source.,,USD,XNAS,,,,,,,,,,,,common_equity
GIFT,"Giftify, Inc. - Common Stock",NASDAQ,USA,nasdaq_trader_nasdaqlisted,data/raw/source_providers/nasdaq_trader_nasdaqlisted/nasdaq_trader_nasdaqlisted.csv,COMMON_STOCK,IN_SCOPE,HIGH,Security name indicates common equity: COMMON STOCK.,,,,,,1,PRESERVE_EXISTING,Existing validated expanded_universe_v2_4b row preserved as base source.,,USD,XNAS,,,,,,,,,,,,common_equity
GIGM,GigaMedia Limited - Ordinary Shares,NASDAQ,USA,nasdaq_trader_nasdaqlisted,data/raw/source_providers/nasdaq_trader_nasdaqlisted/nasdaq_trader_nasdaqlisted.csv,COMMON_STOCK,IN_SCOPE,HIGH,Security name indicates common equity: ORDINARY SHARES.,,,,,,1,PRESERVE_EXISTING,Existing validated expanded_universe_v2_4b row preserved as base source.,,USD,XNAS,,,,,,,,,,,,common_equity
GIII,"G-III Apparel Group, LTD. - Common Stock",NASDAQ,USA,nasdaq_trader_nasdaqlisted,data/raw/source_providers/nasdaq_trader_nasdaqlisted/nasdaq_trader_nasdaqlisted.csv,COMMON_STOCK,IN_SCOPE,HIGH,Security name indicates common equity: COMMON STOCK.,,,,,,1,PRESERVE_EXISTING,Existing validated expanded_universe_v2_4b row preserved as base source.,,USD,XNAS,,,,,,,,,,,,common_equity
GILD,"Gilead Sciences, Inc. - Common Stock",NASDAQ,USA,nasdaq_trader_nasdaqlisted,data/raw/source_providers/nasdaq_trader_nasdaqlisted/nasdaq_trader_nasdaqlisted.csv,COMMON_STOCK,IN_SCOPE,HIGH,Security name indicates common equity: COMMON STOCK.,,,,,,1,PRESERVE_EXISTING,Existing validated expanded_universe_v2_4b row preserved as base source.,,USD,XNAS,,,,,,,,,,,,common_equity
GILT,Gilat Satellite Networks Ltd. - Ordinary Shares,NASDAQ,USA,nasdaq_trader_nasdaqlisted,data/raw/source_providers/nasdaq_trader_nasdaqlisted/nasdaq_trader_nasdaqlisted.csv,COMMON_STOCK,IN_SCOPE,HIGH,Security name indicates common equity: ORDINARY SHARES.,,,,,,1,PRESERVE_EXISTING,Existing validated expanded_universe_v2_4b row preserved as base source.,,USD,XNAS,,,,,,,,,,,,common_equity
GIPR,Generation Income Properties Inc. - Common stock,NASDAQ,USA,nasdaq_trader_nasdaqlisted,data/raw/source_providers/nasdaq_trader_nasdaqlisted/nasdaq_trader_nasdaqlisted.csv,COMMON_STOCK,IN_SCOPE,HIGH,Security name indicates common equity: COMMON STOCK.,,,,,,1,PRESERVE_EXISTING,Existing validated expanded_universe_v2_4b row preserved as base source.,,USD,XNAS,,,,,,,,,,,,common_equity
GITS,"Global Interactive Technologies, Inc. Common Stock - Common Stock",NASDAQ,USA,nasdaq_trader_nasdaqlisted,data/raw/source_providers/nasdaq_trader_nasdaqlisted/nasdaq_trader_nasdaqlisted.csv,COMMON_STOCK,IN_SCOPE,HIGH,Security name indicates common equity: COMMON STOCK.,,,,,,1,PRESERVE_EXISTING,Existing validated expanded_universe_v2_4b row preserved as base source.,,USD,XNAS,,,,,,,,,,,,common_equity
GIW,GigCapital8 Corp. - Class A Ordinary Shares,NASDAQ,USA,nasdaq_trader_nasdaqlisted,data/raw/source_providers/nasdaq_trader_nasdaqlisted/nasdaq_trader_nasdaqlisted.csv,COMMON_STOCK,IN_SCOPE,HIGH,Security name indicates common equity: ORDINARY SHARES.,,,,,,1,PRESERVE_EXISTING,Existing validated expanded_universe_v2_4b row preserved as base source.,,USD,XNAS,,,,,,,,,,,,common_equity
GIX,GigCapital9 Corp. - Class A Ordinary Share,NASDAQ,USA,nasdaq_trader_nasdaqlisted,data/raw/source_providers/nasdaq_trader_nasdaqlisted/nasdaq_trader_nasdaqlisted.csv,COMMON_STOCK,IN_SCOPE,HIGH,Security name indicates common equity: CLASS A.,,,,,,1,PRESERVE_EXISTING,Existing validated expanded_universe_v2_4b row preserved as base source.,,USD,XNAS,,,,,,,,,,,,common_equity
GLAD,Gladstone Capital Corporation - Closed End Fund,NASDAQ,USA,nasdaq_trader_nasdaqlisted,data/raw/source_providers/nasdaq_trader_nasdaqlisted/nasdaq_trader_nasdaqlisted.csv,ADR,IN_SCOPE_ADR,MEDIUM,Security name indicates ADR/ADS: ADS.,,,,,,1,PRESERVE_EXISTING,Existing validated expanded_universe_v2_4b row preserved as base source.,,USD,XNAS,,,,,,,,,,,,adr_equity
GLBE,Global-E Online Ltd. - ordinary shares,NASDAQ,USA,nasdaq_trader_nasdaqlisted,data/raw/source_providers/nasdaq_trader_nasdaqlisted/nasdaq_trader_nasdaqlisted.csv,COMMON_STOCK,IN_SCOPE,HIGH,Security name indicates common equity: ORDINARY SHARES.,,,,,,1,PRESERVE_EXISTING,Existing validated expanded_universe_v2_4b row preserved as base source.,,USD,XNAS,,,,,,,,,,,,common_equity
GLBS,Globus Maritime Limited - Common Stock,NASDAQ,USA,nasdaq_trader_nasdaqlisted,data/raw/source_providers/nasdaq_trader_nasdaqlisted/nasdaq_trader_nasdaqlisted.csv,COMMON_STOCK,IN_SCOPE,HIGH,Security name indicates common equity: COMMON STOCK.,,,,,,1,PRESERVE_EXISTING,Existing validated expanded_universe_v2_4b row preserved as base source.,,USD,XNAS,,,,,,,,,,,,common_equity
GLE,Global Engine Group Holding Limited - Class A Ordinary Shares,NASDAQ,USA,nasdaq_trader_nasdaqlisted,data/raw/source_providers/nasdaq_trader_nasdaqlisted/nasdaq_trader_nasdaqlisted.csv,COMMON_STOCK,IN_SCOPE,HIGH,Security name indicates common equity: ORDINARY SHARES.,,,,,,1,PRESERVE_EXISTING,Existing validated expanded_universe_v2_4b row preserved as base source.,,USD,XNAS,,,,,,,,,,,,common_equity
GLIBA,Liberty Capital Corporation - Series A GCI Group Common Stock,NASDAQ,USA,nasdaq_trader_nasdaqlisted,data/raw/source_providers/nasdaq_trader_nasdaqlisted/nasdaq_trader_nasdaqlisted.csv,COMMON_STOCK,IN_SCOPE,HIGH,Security name indicates common equity: COMMON STOCK.,,,,,,1,PRESERVE_EXISTING,Existing validated expanded_universe_v2_4b row preserved as base source.,,USD,XNAS,,,,,,,,,,,,common_equity
GLIBK,Liberty Capital Corporation - Series C GCI Group Common Stock,NASDAQ,USA,nasdaq_trader_nasdaqlisted,data/raw/source_providers/nasdaq_trader_nasdaqlisted/nasdaq_trader_nasdaqlisted.csv,COMMON_STOCK,IN_SCOPE,HIGH,Security name indicates common equity: COMMON STOCK.,,,,,,1,PRESERVE_EXISTING,Existing validated expanded_universe_v2_4b row preserved as base source.,,USD,XNAS,,,,,,,,,,,,common_equity
GLMD,Galmed Pharmaceuticals Ltd. - Ordinary Shares,NASDAQ,USA,nasdaq_trader_nasdaqlisted,data/raw/source_providers/nasdaq_trader_nasdaqlisted/nasdaq_trader_nasdaqlisted.csv,COMMON_STOCK,IN_SCOPE,HIGH,Security name indicates common equity: ORDINARY SHARES.,,,,,,1,PRESERVE_EXISTING,Existing validated expanded_universe_v2_4b row preserved as base source.,,USD,XNAS,,,,,,,,,,,,common_equity
GLND,Greenland Energy Company - Common Stock,NASDAQ,USA,nasdaq_trader_nasdaqlisted,data/raw/source_providers/nasdaq_trader_nasdaqlisted/nasdaq_trader_nasdaqlisted.csv,COMMON_STOCK,IN_SCOPE,HIGH,Security name indicates common equity: COMMON STOCK.,,,,,,1,PRESERVE_EXISTING,Existing validated expanded_universe_v2_4b row preserved as base source.,,USD,XNAS,,,,,,,,,,,,common_equity
GLNG,Golar LNG Limited - Common Shares,NASDAQ,USA,nasdaq_trader_nasdaqlisted,data/raw/source_providers/nasdaq_trader_nasdaqlisted/nasdaq_trader_nasdaqlisted.csv,COMMON_STOCK,IN_SCOPE,MEDIUM,No exclusion keyword detected; treated as common equity candidate.,,,,,,1,PRESERVE_EXISTING,Existing validated expanded_universe_v2_4b row preserved as base source.,,USD,XNAS,,,,,,,,,,,,common_equity
GLOO,"Gloo Holdings, Inc. - Common Stock",NASDAQ,USA,nasdaq_trader_nasdaqlisted,data/raw/source_providers/nasdaq_trader_nasdaqlisted/nasdaq_trader_nasdaqlisted.csv,COMMON_STOCK,IN_SCOPE,HIGH,Security name indicates common equity: COMMON STOCK.,,,,,,1,PRESERVE_EXISTING,Existing validated expanded_universe_v2_4b row preserved as base source.,,USD,XNAS,,,,,,,,,,,,common_equity
GLPI,"Gaming and Leisure Properties, Inc. - Common Stock",NASDAQ,USA,nasdaq_trader_nasdaqlisted,data/raw/source_providers/nasdaq_trader_nasdaqlisted/nasdaq_trader_nasdaqlisted.csv,COMMON_STOCK,IN_SCOPE,HIGH,Security name indicates common equity: COMMON STOCK.,,,,,,1,PRESERVE_EXISTING,Existing validated expanded_universe_v2_4b row preserved as base source.,,USD,XNAS,,,,,,,,,,,,common_equity
GLRE,"Greenlight Reinsurance, Ltd. - Class A Ordinary Shares",NASDAQ,USA,nasdaq_trader_nasdaqlisted,data/raw/source_providers/nasdaq_trader_nasdaqlisted/nasdaq_trader_nasdaqlisted.csv,COMMON_STOCK,IN_SCOPE,HIGH,Security name indicates common equity: ORDINARY SHARES.,,,,,,1,PRESERVE_EXISTING,Existing validated expanded_universe_v2_4b row preserved as base source.,,USD,XNAS,,,,,,,,,,,,common_equity
GLSI,"Greenwich LifeSciences, Inc. - Common stock",NASDAQ,USA,nasdaq_trader_nasdaqlisted,data/raw/source_providers/nasdaq_trader_nasdaqlisted/nasdaq_trader_nasdaqlisted.csv,COMMON_STOCK,IN_SCOPE,HIGH,Security name indicates common equity: COMMON STOCK.,,,,,,1,PRESERVE_EXISTING,Existing validated expanded_universe_v2_4b row preserved as base source.,,USD,XNAS,,,,,,,,,,,,common_equity
GLUE,"Monte Rosa Therapeutics, Inc. - Common Stock",NASDAQ,USA,nasdaq_trader_nasdaqlisted,data/raw/source_providers/nasdaq_trader_nasdaqlisted/nasdaq_trader_nasdaqlisted.csv,COMMON_STOCK,IN_SCOPE,HIGH,Security name indicates common equity: COMMON STOCK.,,,,,,1,PRESERVE_EXISTING,Existing validated expanded_universe_v2_4b row preserved as base source.,,USD,XNAS,,,,,,,,,,,,common_equity
GLXG,Galaxy Payroll Group Limited - Class A Ordinary Shares,NASDAQ,USA,nasdaq_trader_nasdaqlisted,data/raw/source_providers/nasdaq_trader_nasdaqlisted/nasdaq_trader_nasdaqlisted.csv,COMMON_STOCK,IN_SCOPE,HIGH,Security name indicates common equity: ORDINARY SHARES.,,,,,,1,PRESERVE_EXISTING,Existing validated expanded_universe_v2_4b row preserved as base source.,,USD,XNAS,,,,,,,,,,,,common_equity
GLXY,Galaxy Digital Inc. - Class A common stock,NASDAQ,USA,nasdaq_trader_nasdaqlisted,data/raw/source_providers/nasdaq_trader_nasdaqlisted/nasdaq_trader_nasdaqlisted.csv,COMMON_STOCK,IN_SCOPE,HIGH,Security name indicates common equity: COMMON STOCK.,,,,,,1,PRESERVE_EXISTING,Existing validated expanded_universe_v2_4b row preserved as base source.,,USD,XNAS,,,,,,,,,,,,common_equity
GMEX,GMEX ROBOTICS CORPORATION - Class A Ordinary Shares,NASDAQ,USA,nasdaq_trader_nasdaqlisted,data/raw/source_providers/nasdaq_trader_nasdaqlisted/nasdaq_trader_nasdaqlisted.csv,COMMON_STOCK,IN_SCOPE,HIGH,Security name indicates common equity: ORDINARY SHARES.,,,,,,1,PRESERVE_EXISTING,Existing validated expanded_universe_v2_4b row preserved as base source.,,USD,XNAS,,,,,,,,,,,,common_equity
GMHS,Gamehaus Holdings Inc. - Class A Ordinary Shares,NASDAQ,USA,nasdaq_trader_nasdaqlisted,data/raw/source_providers/nasdaq_trader_nasdaqlisted/nasdaq_trader_nasdaqlisted.csv,COMMON_STOCK,IN_SCOPE,HIGH,Security name indicates common equity: ORDINARY SHARES.,,,,,,1,PRESERVE_EXISTING,Existing validated expanded_universe_v2_4b row preserved as base source.,,USD,XNAS,,,,,,,,,,,,common_equity
GMM,Global Mofy AI Limited - Class A Ordinary Shares,NASDAQ,USA,nasdaq_trader_nasdaqlisted,data/raw/source_providers/nasdaq_trader_nasdaqlisted/nasdaq_trader_nasdaqlisted.csv,COMMON_STOCK,IN_SCOPE,HIGH,Security name indicates common equity: ORDINARY SHARES.,,,,,,1,PRESERVE_EXISTING,Existing validated expanded_universe_v2_4b row preserved as base source.,,USD,XNAS,,,,,,,,,,,,common_equity
GNLN,"Greenlane Holdings, Inc. - Class A Common Stock",NASDAQ,USA,nasdaq_trader_nasdaqlisted,data/raw/source_providers/nasdaq_trader_nasdaqlisted/nasdaq_trader_nasdaqlisted.csv,COMMON_STOCK,IN_SCOPE,HIGH,Security name indicates common equity: COMMON STOCK.,,,,,,1,PRESERVE_EXISTING,Existing validated expanded_universe_v2_4b row preserved as base source.,,USD,XNAS,,,,,,,,,,,,common_equity
GNLX,Genelux Corporation - Common Stock,NASDAQ,USA,nasdaq_trader_nasdaqlisted,data/raw/source_providers/nasdaq_trader_nasdaqlisted/nasdaq_trader_nasdaqlisted.csv,COMMON_STOCK,IN_SCOPE,HIGH,Security name indicates common equity: COMMON STOCK.,,,,,,1,PRESERVE_EXISTING,Existing validated expanded_universe_v2_4b row preserved as base source.,,USD,XNAS,,,,,,,,,,,,common_equity
GNPX,"Genprex, Inc. - Common Stock",NASDAQ,USA,nasdaq_trader_nasdaqlisted,data/raw/source_providers/nasdaq_trader_nasdaqlisted/nasdaq_trader_nasdaqlisted.csv,COMMON_STOCK,IN_SCOPE,HIGH,Security name indicates common equity: COMMON STOCK.,,,,,,1,PRESERVE_EXISTING,Existing validated expanded_universe_v2_4b row preserved as base source.,,USD,XNAS,,,,,,,,,,,,common_equity
GNSS,Genasys Inc. - Common Stock,NASDAQ,USA,nasdaq_trader_nasdaqlisted,data/raw/source_providers/nasdaq_trader_nasdaqlisted/nasdaq_trader_nasdaqlisted.csv,COMMON_STOCK,IN_SCOPE,HIGH,Security name indicates common equity: COMMON STOCK.,,,,,,1,PRESERVE_EXISTING,Existing validated expanded_universe_v2_4b row preserved as base source.,,USD,XNAS,,,,,,,,,,,,common_equity
GNTX,Gentex Corporation - Common Stock,NASDAQ,USA,nasdaq_trader_nasdaqlisted,data/raw/source_providers/nasdaq_trader_nasdaqlisted/nasdaq_trader_nasdaqlisted.csv,COMMON_STOCK,IN_SCOPE,HIGH,Security name indicates common equity: COMMON STOCK.,,,,,,1,PRESERVE_EXISTING,Existing validated expanded_universe_v2_4b row preserved as base source.,,USD,XNAS,,,,,,,,,,,,common_equity
GO,Grocery Outlet Holding Corp. - Common Stock,NASDAQ,USA,nasdaq_trader_nasdaqlisted,data/raw/source_providers/nasdaq_trader_nasdaqlisted/nasdaq_trader_nasdaqlisted.csv,COMMON_STOCK,IN_SCOPE,HIGH,Security name indicates common equity: COMMON STOCK.,,,,,,1,PRESERVE_EXISTING,Existing validated expanded_universe_v2_4b row preserved as base source.,,USD,XNAS,,,,,,,,,,,,common_equity
GOAI,Eva Live Inc. - Common Stock,NASDAQ,USA,nasdaq_trader_nasdaqlisted,data/raw/source_providers/nasdaq_trader_nasdaqlisted/nasdaq_trader_nasdaqlisted.csv,COMMON_STOCK,IN_SCOPE,HIGH,Security name indicates common equity: COMMON STOCK.,,,,,,1,PRESERVE_EXISTING,Existing validated expanded_universe_v2_4b row preserved as base source.,,USD,XNAS,,,,,,,,,,,,common_equity
GOGO,Gogo Inc. - Common Stock,NASDAQ,USA,nasdaq_trader_nasdaqlisted,data/raw/source_providers/nasdaq_trader_nasdaqlisted/nasdaq_trader_nasdaqlisted.csv,COMMON_STOCK,IN_SCOPE,HIGH,Security name indicates common equity: COMMON STOCK.,,,,,,1,PRESERVE_EXISTING,Existing validated expanded_universe_v2_4b row preserved as base source.,,USD,XNAS,,,,,,,,,,,,common_equity
GOOD,Gladstone Commercial Corporation - Real Estate Investment Trust,NASDAQ,USA,nasdaq_trader_nasdaqlisted,data/raw/source_providers/nasdaq_trader_nasdaqlisted/nasdaq_trader_nasdaqlisted.csv,ADR,IN_SCOPE_ADR,MEDIUM,Security name indicates ADR/ADS: ADS.,,,,,,1,PRESERVE_EXISTING,Existing validated expanded_universe_v2_4b row preserved as base source.,,USD,XNAS,,,,,,,,,,,,adr_equity
GOOG,Alphabet Inc. - Class C Capital Stock,NASDAQ,USA,nasdaq_trader_nasdaqlisted,data/raw/source_providers/nasdaq_trader_nasdaqlisted/nasdaq_trader_nasdaqlisted.csv,COMMON_STOCK,IN_SCOPE,HIGH,Security name indicates common equity: CLASS C.,,,,,,1,PRESERVE_EXISTING,Existing validated expanded_universe_v2_4b row preserved as base source.,,USD,XNAS,,,,,,,,,,,,common_equity
GOOGL,Alphabet Inc. - Class A Common Stock,NASDAQ,USA,nasdaq_trader_nasdaqlisted,data/raw/source_providers/nasdaq_trader_nasdaqlisted/nasdaq_trader_nasdaqlisted.csv,COMMON_STOCK,IN_SCOPE,HIGH,Security name indicates common equity: COMMON STOCK.,,,,,,1,PRESERVE_EXISTING,Existing validated expanded_universe_v2_4b row preserved as base source.,,USD,XNAS,,,,,,,,,,,,common_equity
GOSS,"Gossamer Bio, Inc. - Common Stock",NASDAQ,USA,nasdaq_trader_nasdaqlisted,data/raw/source_providers/nasdaq_trader_nasdaqlisted/nasdaq_trader_nasdaqlisted.csv,COMMON_STOCK,IN_SCOPE,HIGH,Security name indicates common equity: COMMON STOCK.,,,,,,1,PRESERVE_EXISTING,Existing validated expanded_universe_v2_4b row preserved as base source.,,USD,XNAS,,,,,,,,,,,,common_equity
GOVX,"GeoVax Labs, Inc. - Common Stock",NASDAQ,USA,nasdaq_trader_nasdaqlisted,data/raw/source_providers/nasdaq_trader_nasdaqlisted/nasdaq_trader_nasdaqlisted.csv,COMMON_STOCK,IN_SCOPE,HIGH,Security name indicates common equity: COMMON STOCK.,,,,,,1,PRESERVE_EXISTING,Existing validated expanded_universe_v2_4b row preserved as base source.,,USD,XNAS,,,,,,,,,,,,common_equity
GP,GreenPower Motor Company Inc. - Common Shares,NASDAQ,USA,nasdaq_trader_nasdaqlisted,data/raw/source_providers/nasdaq_trader_nasdaqlisted/nasdaq_trader_nasdaqlisted.csv,COMMON_STOCK,IN_SCOPE,MEDIUM,No exclusion keyword detected; treated as common equity candidate.,,,,,,1,PRESERVE_EXISTING,Existing validated expanded_universe_v2_4b row preserved as base source.,,USD,XNAS,,,,,,,,,,,,common_equity
GPAC,General Purpose Acquisition Corp. - Class A Ordinary Shares,NASDAQ,USA,nasdaq_trader_nasdaqlisted,data/raw/source_providers/nasdaq_trader_nasdaqlisted/nasdaq_trader_nasdaqlisted.csv,COMMON_STOCK,IN_SCOPE,HIGH,Security name indicates common equity: ORDINARY SHARES.,,,,,,1,PRESERVE_EXISTING,Existing validated expanded_universe_v2_4b row preserved as base source.,,USD,XNAS,,,,,,,,,,,,common_equity
GPAT,GP-Act III Acquisition Corp. - Class A Ordinary Share,NASDAQ,USA,nasdaq_trader_nasdaqlisted,data/raw/source_providers/nasdaq_trader_nasdaqlisted/nasdaq_trader_nasdaqlisted.csv,COMMON_STOCK,IN_SCOPE,HIGH,Security name indicates common equity: CLASS A.,,,,,,1,PRESERVE_EXISTING,Existing validated expanded_universe_v2_4b row preserved as base source.,,USD,XNAS,,,,,,,,,,,,common_equity
GPRE,"Green Plains, Inc. - Common Stock",NASDAQ,USA,nasdaq_trader_nasdaqlisted,data/raw/source_providers/nasdaq_trader_nasdaqlisted/nasdaq_trader_nasdaqlisted.csv,COMMON_STOCK,IN_SCOPE,HIGH,Security name indicates common equity: COMMON STOCK.,,,,,,1,PRESERVE_EXISTING,Existing validated expanded_universe_v2_4b row preserved as base source.,,USD,XNAS,,,,,,,,,,,,common_equity
GPRO,"GoPro, Inc. - Class A Common Stock",NASDAQ,USA,nasdaq_trader_nasdaqlisted,data/raw/source_providers/nasdaq_trader_nasdaqlisted/nasdaq_trader_nasdaqlisted.csv,COMMON_STOCK,IN_SCOPE,HIGH,Security name indicates common equity: COMMON STOCK.,,,,,,1,PRESERVE_EXISTING,Existing validated expanded_universe_v2_4b row preserved as base source.,,USD,XNAS,,,,,,,,,,,,common_equity
GRAB,Grab Holdings Limited - Class A Ordinary Shares,NASDAQ,USA,nasdaq_trader_nasdaqlisted,data/raw/source_providers/nasdaq_trader_nasdaqlisted/nasdaq_trader_nasdaqlisted.csv,COMMON_STOCK,IN_SCOPE,HIGH,Security name indicates common equity: ORDINARY SHARES.,,,,,,1,PRESERVE_EXISTING,Existing validated expanded_universe_v2_4b row preserved as base source.,,USD,XNAS,,,,,,,,,,,,common_equity
GRAL,"GRAIL, Inc. - Common Stock",NASDAQ,USA,nasdaq_trader_nasdaqlisted,data/raw/source_providers/nasdaq_trader_nasdaqlisted/nasdaq_trader_nasdaqlisted.csv,COMMON_STOCK,IN_SCOPE,HIGH,Security name indicates common equity: COMMON STOCK.,,,,,,1,PRESERVE_EXISTING,Existing validated expanded_universe_v2_4b row preserved as base source.,,USD,XNAS,,,,,,,,,,,,common_equity
GRAN,Grande Group Limited - Class A Ordinary Shares,NASDAQ,USA,nasdaq_trader_nasdaqlisted,data/raw/source_providers/nasdaq_trader_nasdaqlisted/nasdaq_trader_nasdaqlisted.csv,COMMON_STOCK,IN_SCOPE,HIGH,Security name indicates common equity: ORDINARY SHARES.,,,,,,1,PRESERVE_EXISTING,Existing validated expanded_universe_v2_4b row preserved as base source.,,USD,XNAS,,,,,,,,,,,,common_equity
GRCE,"Grace Therapeutics, Inc. - Common Stock",NASDAQ,USA,nasdaq_trader_nasdaqlisted,data/raw/source_providers/nasdaq_trader_nasdaqlisted/nasdaq_trader_nasdaqlisted.csv,COMMON_STOCK,IN_SCOPE,HIGH,Security name indicates common equity: COMMON STOCK.,,,,,,1,PRESERVE_EXISTING,Existing validated expanded_universe_v2_4b row preserved as base source.,,USD,XNAS,,,,,,,,,,,,common_equity
GRDX,GridAI Technologies Corp. - Common Stock,NASDAQ,USA,nasdaq_trader_nasdaqlisted,data/raw/source_providers/nasdaq_trader_nasdaqlisted/nasdaq_trader_nasdaqlisted.csv,COMMON_STOCK,IN_SCOPE,HIGH,Security name indicates common equity: COMMON STOCK.,,,,,,1,PRESERVE_EXISTING,Existing validated expanded_universe_v2_4b row preserved as base source.,,USD,XNAS,,,,,,,,,,,,common_equity
GREE,Greenidge Generation Holdings Inc. - Class A Common Stock,NASDAQ,USA,nasdaq_trader_nasdaqlisted,data/raw/source_providers/nasdaq_trader_nasdaqlisted/nasdaq_trader_nasdaqlisted.csv,COMMON_STOCK,IN_SCOPE,HIGH,Security name indicates common equity: COMMON STOCK.,,,,,,1,PRESERVE_EXISTING,Existing validated expanded_universe_v2_4b row preserved as base source.,,USD,XNAS,,,,,,,,,,,,common_equity
GRI,"GRI Bio, Inc. - Common Stock",NASDAQ,USA,nasdaq_trader_nasdaqlisted,data/raw/source_providers/nasdaq_trader_nasdaqlisted/nasdaq_trader_nasdaqlisted.csv,COMMON_STOCK,IN_SCOPE,HIGH,Security name indicates common equity: COMMON STOCK.,,,,,,1,PRESERVE_EXISTING,Existing validated expanded_universe_v2_4b row preserved as base source.,,USD,XNAS,,,,,,,,,,,,common_equity
GRML,Greenland Mines Ltd - Common Stock,NASDAQ,USA,nasdaq_trader_nasdaqlisted,data/raw/source_providers/nasdaq_trader_nasdaqlisted/nasdaq_trader_nasdaqlisted.csv,COMMON_STOCK,IN_SCOPE,HIGH,Security name indicates common equity: COMMON STOCK.,,,,,,1,PRESERVE_EXISTING,Existing validated expanded_universe_v2_4b row preserved as base source.,,USD,XNAS,,,,,,,,,,,,common_equity
GRNQ,Greenpro Capital Corp. - Common Stock,NASDAQ,USA,nasdaq_trader_nasdaqlisted,data/raw/source_providers/nasdaq_trader_nasdaqlisted/nasdaq_trader_nasdaqlisted.csv,COMMON_STOCK,IN_SCOPE,HIGH,Security name indicates common equity: COMMON STOCK.,,,,,,1,PRESERVE_EXISTING,Existing validated expanded_universe_v2_4b row preserved as base source.,,USD,XNAS,,,,,,,,,,,,common_equity
GROW,"U.S. Global Investors, Inc. - Class A Common Stock",NASDAQ,USA,nasdaq_trader_nasdaqlisted,data/raw/source_providers/nasdaq_trader_nasdaqlisted/nasdaq_trader_nasdaqlisted.csv,COMMON_STOCK,IN_SCOPE,HIGH,Security name indicates common equity: COMMON STOCK.,,,,,,1,PRESERVE_EXISTING,Existing validated expanded_universe_v2_4b row preserved as base source.,,USD,XNAS,,,,,,,,,,,,common_equity
GRPN,"Groupon, Inc. - Common Stock",NASDAQ,USA,nasdaq_trader_nasdaqlisted,data/raw/source_providers/nasdaq_trader_nasdaqlisted/nasdaq_trader_nasdaqlisted.csv,COMMON_STOCK,IN_SCOPE,HIGH,Security name indicates common equity: COMMON STOCK.,,,,,,1,PRESERVE_EXISTING,Existing validated expanded_universe_v2_4b row preserved as base source.,,USD,XNAS,,,,,,,,,,,,common_equity
GRRR,Gorilla Technology Group Inc. - Ordinary shares,NASDAQ,USA,nasdaq_trader_nasdaqlisted,data/raw/source_providers/nasdaq_trader_nasdaqlisted/nasdaq_trader_nasdaqlisted.csv,COMMON_STOCK,IN_SCOPE,HIGH,Security name indicates common equity: ORDINARY SHARES.,,,,,,1,PRESERVE_EXISTING,Existing validated expanded_universe_v2_4b row preserved as base source.,,USD,XNAS,,,,,,,,,,,,common_equity
GRWG,GrowGeneration Corp. - Common Stock,NASDAQ,USA,nasdaq_trader_nasdaqlisted,data/raw/source_providers/nasdaq_trader_nasdaqlisted/nasdaq_trader_nasdaqlisted.csv,COMMON_STOCK,IN_SCOPE,HIGH,Security name indicates common equity: COMMON STOCK.,,,,,,1,PRESERVE_EXISTING,Existing validated expanded_universe_v2_4b row preserved as base source.,,USD,XNAS,,,,,,,,,,,,common_equity
GSAT,"Globalstar, Inc. - Common Stock",NASDAQ,USA,nasdaq_trader_nasdaqlisted,data/raw/source_providers/nasdaq_trader_nasdaqlisted/nasdaq_trader_nasdaqlisted.csv,COMMON_STOCK,IN_SCOPE,HIGH,Security name indicates common equity: COMMON STOCK.,,,,,,1,PRESERVE_EXISTING,Existing validated expanded_universe_v2_4b row preserved as base source.,,USD,XNAS,,,,,,,,,,,,common_equity
GSBC,"Great Southern Bancorp, Inc. - Common Stock",NASDAQ,USA,nasdaq_trader_nasdaqlisted,data/raw/source_providers/nasdaq_trader_nasdaqlisted/nasdaq_trader_nasdaqlisted.csv,COMMON_STOCK,IN_SCOPE,HIGH,Security name indicates common equity: COMMON STOCK.,,,,,,1,PRESERVE_EXISTING,Existing validated expanded_universe_v2_4b row preserved as base source.,,USD,XNAS,,,,,,,,,,,,common_equity
GSHD,"Goosehead Insurance, Inc. - Class A Common Stock",NASDAQ,USA,nasdaq_trader_nasdaqlisted,data/raw/source_providers/nasdaq_trader_nasdaqlisted/nasdaq_trader_nasdaqlisted.csv,COMMON_STOCK,IN_SCOPE,HIGH,Security name indicates common equity: COMMON STOCK.,,,,,,1,PRESERVE_EXISTING,Existing validated expanded_universe_v2_4b row preserved as base source.,,USD,XNAS,,,,,,,,,,,,common_equity
GSHR,Gesher Acquisition Corp. II - Class A Ordinary Shares,NASDAQ,USA,nasdaq_trader_nasdaqlisted,data/raw/source_providers/nasdaq_trader_nasdaqlisted/nasdaq_trader_nasdaqlisted.csv,COMMON_STOCK,IN_SCOPE,HIGH,Security name indicates common equity: ORDINARY SHARES.,,,,,,1,PRESERVE_EXISTING,Existing validated expanded_universe_v2_4b row preserved as base source.,,USD,XNAS,,,,,,,,,,,,common_equity
GSIT,"GSI Technology, Inc. - Common Stock",NASDAQ,USA,nasdaq_trader_nasdaqlisted,data/raw/source_providers/nasdaq_trader_nasdaqlisted/nasdaq_trader_nasdaqlisted.csv,COMMON_STOCK,IN_SCOPE,HIGH,Security name indicates common equity: COMMON STOCK.,,,,,,1,PRESERVE_EXISTING,Existing validated expanded_universe_v2_4b row preserved as base source.,,USD,XNAS,,,,,,,,,,,,common_equity
GSIW,Garden Stage Limited - Class A Ordinary Shares,NASDAQ,USA,nasdaq_trader_nasdaqlisted,data/raw/source_providers/nasdaq_trader_nasdaqlisted/nasdaq_trader_nasdaqlisted.csv,COMMON_STOCK,IN_SCOPE,HIGH,Security name indicates common equity: ORDINARY SHARES.,,,,,,1,PRESERVE_EXISTING,Existing validated expanded_universe_v2_4b row preserved as base source.,,USD,XNAS,,,,,,,,,,,,common_equity
GSM,Ferroglobe PLC - Ordinary Shares,NASDAQ,USA,nasdaq_trader_nasdaqlisted,data/raw/source_providers/nasdaq_trader_nasdaqlisted/nasdaq_trader_nasdaqlisted.csv,COMMON_STOCK,IN_SCOPE,HIGH,Security name indicates common equity: ORDINARY SHARES.,,,,,,1,PRESERVE_EXISTING,Existing validated expanded_universe_v2_4b row preserved as base source.,,USD,XNAS,,,,,,,,,,,,common_equity
GSRF,GSR IV Acquisition Corp. - Class A ordinary share,NASDAQ,USA,nasdaq_trader_nasdaqlisted,data/raw/source_providers/nasdaq_trader_nasdaqlisted/nasdaq_trader_nasdaqlisted.csv,COMMON_STOCK,IN_SCOPE,HIGH,Security name indicates common equity: CLASS A.,,,,,,1,PRESERVE_EXISTING,Existing validated expanded_universe_v2_4b row preserved as base source.,,USD,XNAS,,,,,,,,,,,,common_equity
GSRV,GSR V Acquisition Corp. - Class A ordinary shares,NASDAQ,USA,nasdaq_trader_nasdaqlisted,data/raw/source_providers/nasdaq_trader_nasdaqlisted/nasdaq_trader_nasdaqlisted.csv,COMMON_STOCK,IN_SCOPE,HIGH,Security name indicates common equity: ORDINARY SHARES.,,,,,,1,PRESERVE_EXISTING,Existing validated expanded_universe_v2_4b row preserved as base source.,,USD,XNAS,,,,,,,,,,,,common_equity
GSUN,Golden Sun Technology Group Limited - Class A Ordinary Shares,NASDAQ,USA,nasdaq_trader_nasdaqlisted,data/raw/source_providers/nasdaq_trader_nasdaqlisted/nasdaq_trader_nasdaqlisted.csv,COMMON_STOCK,IN_SCOPE,HIGH,Security name indicates common equity: ORDINARY SHARES.,,,,,,1,PRESERVE_EXISTING,Existing validated expanded_universe_v2_4b row preserved as base source.,,USD,XNAS,,,,,,,,,,,,common_equity
GT,The Goodyear Tire & Rubber Company - Common Stock,NASDAQ,USA,nasdaq_trader_nasdaqlisted,data/raw/source_providers/nasdaq_trader_nasdaqlisted/nasdaq_trader_nasdaqlisted.csv,COMMON_STOCK,IN_SCOPE,HIGH,Security name indicates common equity: COMMON STOCK.,,,,,,1,PRESERVE_EXISTING,Existing validated expanded_universe_v2_4b row preserved as base source.,,USD,XNAS,,,,,,,,,,,,common_equity
GTBP,"GT Biopharma, Inc. - Common Stock",NASDAQ,USA,nasdaq_trader_nasdaqlisted,data/raw/source_providers/nasdaq_trader_nasdaqlisted/nasdaq_trader_nasdaqlisted.csv,COMMON_STOCK,IN_SCOPE,HIGH,Security name indicates common equity: COMMON STOCK.,,,,,,1,PRESERVE_EXISTING,Existing validated expanded_universe_v2_4b row preserved as base source.,,USD,XNAS,,,,,,,,,,,,common_equity
GTEC,Greenland Technologies Holding Corporation - Class A Ordinary Shares,NASDAQ,USA,nasdaq_trader_nasdaqlisted,data/raw/source_providers/nasdaq_trader_nasdaqlisted/nasdaq_trader_nasdaqlisted.csv,COMMON_STOCK,IN_SCOPE,HIGH,Security name indicates common equity: ORDINARY SHARES.,,,,,,1,PRESERVE_EXISTING,Existing validated expanded_universe_v2_4b row preserved as base source.,,USD,XNAS,,,,,,,,,,,,common_equity
GTEN,"Gores Holdings X, Inc. - Class A ordinary shares",NASDAQ,USA,nasdaq_trader_nasdaqlisted,data/raw/source_providers/nasdaq_trader_nasdaqlisted/nasdaq_trader_nasdaqlisted.csv,COMMON_STOCK,IN_SCOPE,HIGH,Security name indicates common equity: ORDINARY SHARES.,,,,,,1,PRESERVE_EXISTING,Existing validated expanded_universe_v2_4b row preserved as base source.,,USD,XNAS,,,,,,,,,,,,common_equity
GTERA,Globa Terra Acquisition Corporation - Class A Ordinary Shares,NASDAQ,USA,nasdaq_trader_nasdaqlisted,data/raw/source_providers/nasdaq_trader_nasdaqlisted/nasdaq_trader_nasdaqlisted.csv,COMMON_STOCK,IN_SCOPE,HIGH,Security name indicates common equity: ORDINARY SHARES.,,,,,,1,PRESERVE_EXISTING,Existing validated expanded_universe_v2_4b row preserved as base source.,,USD,XNAS,,,,,,,,,,,,common_equity
GTIM,Good Times Restaurants Inc. - Common Stock,NASDAQ,USA,nasdaq_trader_nasdaqlisted,data/raw/source_providers/nasdaq_trader_nasdaqlisted/nasdaq_trader_nasdaqlisted.csv,COMMON_STOCK,IN_SCOPE,HIGH,Security name indicates common equity: COMMON STOCK.,,,,,,1,PRESERVE_EXISTING,Existing validated expanded_universe_v2_4b row preserved as base source.,,USD,XNAS,,,,,,,,,,,,common_equity
GTLB,GitLab Inc. - Class A Common Stock,NASDAQ,USA,nasdaq_trader_nasdaqlisted,data/raw/source_providers/nasdaq_trader_nasdaqlisted/nasdaq_trader_nasdaqlisted.csv,COMMON_STOCK,IN_SCOPE,HIGH,Security name indicates common equity: COMMON STOCK.,,,,,,1,PRESERVE_EXISTING,Existing validated expanded_universe_v2_4b row preserved as base source.,,USD,XNAS,,,,,,,,,,,,common_equity
GTM,ZoomInfo Technologies Inc. - Common Stock,NASDAQ,USA,nasdaq_trader_nasdaqlisted,data/raw/source_providers/nasdaq_trader_nasdaqlisted/nasdaq_trader_nasdaqlisted.csv,COMMON_STOCK,IN_SCOPE,HIGH,Security name indicates common equity: COMMON STOCK.,,,,,,1,PRESERVE_EXISTING,Existing validated expanded_universe_v2_4b row preserved as base source.,,USD,XNAS,,,,,,,,,,,,common_equity
GTX,Garrett Motion Inc. - Common Stock,NASDAQ,USA,nasdaq_trader_nasdaqlisted,data/raw/source_providers/nasdaq_trader_nasdaqlisted/nasdaq_trader_nasdaqlisted.csv,COMMON_STOCK,IN_SCOPE,HIGH,Security name indicates common equity: COMMON STOCK.,,,,,,1,PRESERVE_EXISTING,Existing validated expanded_universe_v2_4b row preserved as base source.,,USD,XNAS,,,,,,,,,,,,common_equity
GURE,"Gulf Resources, Inc. - Common Stock",NASDAQ,USA,nasdaq_trader_nasdaqlisted,data/raw/source_providers/nasdaq_trader_nasdaqlisted/nasdaq_trader_nasdaqlisted.csv,COMMON_STOCK,IN_SCOPE,HIGH,Security name indicates common equity: COMMON STOCK.,,,,,,1,PRESERVE_EXISTING,Existing validated expanded_universe_v2_4b row preserved as base source.,,USD,XNAS,,,,,,,,,,,,common_equity
GUTS,"Fractyl Health, Inc. - Common Stock",NASDAQ,USA,nasdaq_trader_nasdaqlisted,data/raw/source_providers/nasdaq_trader_nasdaqlisted/nasdaq_trader_nasdaqlisted.csv,COMMON_STOCK,IN_SCOPE,HIGH,Security name indicates common equity: COMMON STOCK.,,,,,,1,PRESERVE_EXISTING,Existing validated expanded_universe_v2_4b row preserved as base source.,,USD,XNAS,,,,,,,,,,,,common_equity
GV,Visionary Holdings Inc. - Common Shares,NASDAQ,USA,nasdaq_trader_nasdaqlisted,data/raw/source_providers/nasdaq_trader_nasdaqlisted/nasdaq_trader_nasdaqlisted.csv,COMMON_STOCK,IN_SCOPE,MEDIUM,No exclusion keyword detected; treated as common equity candidate.,,,,,,1,PRESERVE_EXISTING,Existing validated expanded_universe_v2_4b row preserved as base source.,,USD,XNAS,,,,,,,,,,,,common_equity
GVH,Globavend Holdings Limited - Ord Shares,NASDAQ,USA,nasdaq_trader_nasdaqlisted,data/raw/source_providers/nasdaq_trader_nasdaqlisted/nasdaq_trader_nasdaqlisted.csv,COMMON_STOCK,IN_SCOPE,MEDIUM,No exclusion keyword detected; treated as common equity candidate.,,,,,,1,PRESERVE_EXISTING,Existing validated expanded_universe_v2_4b row preserved as base source.,,USD,XNAS,,,,,,,,,,,,common_equity
GWAV,"Greenwave Technology Solutions, Inc. - Common Stock",NASDAQ,USA,nasdaq_trader_nasdaqlisted,data/raw/source_providers/nasdaq_trader_nasdaqlisted/nasdaq_trader_nasdaqlisted.csv,COMMON_STOCK,IN_SCOPE,HIGH,Security name indicates common equity: COMMON STOCK.,,,,,,1,PRESERVE_EXISTING,Existing validated expanded_universe_v2_4b row preserved as base source.,,USD,XNAS,,,,,,,,,,,,common_equity
GWRS,"Global Water Resources, Inc. - common stock",NASDAQ,USA,nasdaq_trader_nasdaqlisted,data/raw/source_providers/nasdaq_trader_nasdaqlisted/nasdaq_trader_nasdaqlisted.csv,COMMON_STOCK,IN_SCOPE,HIGH,Security name indicates common equity: COMMON STOCK.,,,,,,1,PRESERVE_EXISTING,Existing validated expanded_universe_v2_4b row preserved as base source.,,USD,XNAS,,,,,,,,,,,,common_equity
GXAI,Gaxos.ai Inc. - Common Stock,NASDAQ,USA,nasdaq_trader_nasdaqlisted,data/raw/source_providers/nasdaq_trader_nasdaqlisted/nasdaq_trader_nasdaqlisted.csv,COMMON_STOCK,IN_SCOPE,HIGH,Security name indicates common equity: COMMON STOCK.,,,,,,1,PRESERVE_EXISTING,Existing validated expanded_universe_v2_4b row preserved as base source.,,