path,suffix,size_bytes,name_signal_pointer_like,content_scanned,contains_previous_operational_base_name,contains_final_reference_name,contains_activated_reference_name,contains_pointer_language,existing_file_modified_by_v2_21h,recommended_action
docs/technical/data_pipeline_current_state_v2_14i.md,.md,1913,True,True,False,False,False,True,False,review_only_no_automatic_mutation
docs/technical/expanded_universe_canonical_path_v2_14i.md,.md,1424,True,True,False,False,False,True,False,review_only_no_automatic_mutation
outputs/audit/documentation_canonical_dataset_path_v2_14i.json,.json,1793,True,True,True,False,False,True,False,review_only_no_automatic_mutation
outputs/audit/documentation_canonical_dataset_path_v2_14i.md,.md,1423,True,True,False,False,False,True,False,review_only_no_automatic_mutation
outputs/full_universe_source_acquisition/asx_active_pointer_decision_gate_activation_readiness_v2_20o.csv,.csv,442,True,True,False,False,False,True,False,review_only_no_automatic_mutation
outputs/full_universe_source_acquisition/asx_active_pointer_decision_gate_checks_v2_20o.csv,.csv,6413,True,True,True,False,False,True,False,review_only_no_automatic_mutation
outputs/full_universe_source_acquisition/asx_active_pointer_decision_gate_decision_register_v2_20o.csv,.csv,1024,True,True,False,False,False,True,False,review_only_no_automatic_mutation
outputs/full_universe_source_acquisition/asx_active_pointer_decision_gate_next_actions_v2_20o.csv,.csv,695,True,True,False,False,False,True,False,review_only_no_automatic_mutation
outputs/full_universe_source_acquisition/asx_active_pointer_decision_gate_pointer_plan_preview_v2_20o.csv,.csv,719,True,True,True,False,False,True,False,review_only_no_automatic_mutation
outputs/full_universe_source_acquisition/asx_active_pointer_decision_gate_rollback_controls_v2_20o.csv,.csv,786,True,True,True,False,False,True,False,review_only_no_automatic_mutation
outputs/full_universe_source_acquisition/asx_active_pointer_decision_gate_summary_v2_20o.csv,.csv,1670,True,True,True,False,False,True,False,review_only_no_automatic_mutation
outputs/full_universe_source_acquisition/asx_active_pointer_decision_gate_v2_20o.json,.json,22299,True,True,True,False,False,True,False,review_only_no_automatic_mutation
outputs/full_universe_source_acquisition/asx_active_pointer_decision_gate_v2_20o.md,.md,11807,True,True,True,False,False,True,False,review_only_no_automatic_mutation
outputs/full_universe_source_acquisition/asx_active_pointer_update_plan_checks_v2_20p.csv,.csv,3247,True,True,False,False,False,True,False,review_only_no_automatic_mutation
outputs/full_universe_source_acquisition/asx_active_pointer_update_plan_controls_v2_20p.csv,.csv,505,True,True,False,False,False,True,False,review_only_no_automatic_mutation
outputs/full_universe_source_acquisition/asx_active_pointer_update_plan_historical_references_v2_20p.csv,.csv,21836,True,True,False,False,False,True,False,review_only_no_automatic_mutation
outputs/full_universe_source_acquisition/asx_active_pointer_update_plan_next_actions_v2_20p.csv,.csv,778,True,True,False,False,False,True,False,review_only_no_automatic_mutation
outputs/full_universe_source_acquisition/asx_active_pointer_update_plan_reference_inventory_v2_20p.csv,.csv,22228,True,True,False,False,False,True,False,review_only_no_automatic_mutation
outputs/full_universe_source_acquisition/asx_active_pointer_update_plan_rollback_controls_v2_20p.csv,.csv,923,True,True,True,False,False,True,False,review_only_no_automatic_mutation
outputs/full_universe_source_acquisition/asx_active_pointer_update_plan_summary_v2_20p.csv,.csv,1597,True,True,True,False,False,True,False,review_only_no_automatic_mutation
outputs/full_universe_source_acquisition/asx_active_pointer_update_plan_update_candidates_v2_20p.csv,.csv,582,True,True,False,False,False,True,False,review_only_no_automatic_mutation
outputs/full_universe_source_acquisition/asx_active_pointer_update_plan_v2_20p.json,.json,144679,True,True,True,False,False,True,False,review_only_no_automatic_mutation
outputs/full_universe_source_acquisition/asx_active_pointer_update_plan_v2_20p.md,.md,6760,True,True,True,False,False,True,False,review_only_no_automatic_mutation
outputs/full_universe_source_acquisition/asx_active_pointer_update_validation_checks_v2_20r.csv,.csv,6407,True,True,False,False,False,True,False,review_only_no_automatic_mutation
outputs/full_universe_source_acquisition/asx_active_pointer_update_validation_dataset_controls_v2_20r.csv,.csv,918,True,True,True,False,False,True,False,review_only_no_automatic_mutation
outputs/full_universe_source_acquisition/asx_active_pointer_update_validation_historical_preservation_v2_20r.csv,.csv,31726,True,True,False,False,False,True,False,review_only_no_automatic_mutation
outputs/full_universe_source_acquisition/asx_active_pointer_update_validation_next_actions_v2_20r.csv,.csv,778,True,True,False,False,False,True,False,review_only_no_automatic_mutation
outputs/full_universe_source_acquisition/asx_active_pointer_update_validation_readiness_gate_v2_20r.csv,.csv,676,True,True,False,False,False,True,False,review_only_no_automatic_mutation
outputs/full_universe_source_acquisition/asx_active_pointer_update_validation_rollback_controls_v2_20r.csv,.csv,1096,True,True,True,False,False,True,False,review_only_no_automatic_mutation
outputs/full_universe_source_acquisition/asx_active_pointer_update_validation_summary_v2_20r.csv,.csv,1428,True,True,True,False,False,True,False,review_only_no_automatic_mutation
outputs/full_universe_source_acquisition/asx_active_pointer_update_validation_target_files_v2_20r.csv,.csv,788,True,True,False,False,False,True,False,review_only_no_automatic_mutation
outputs/full_universe_source_acquisition/asx_active_pointer_update_validation_v2_20r.json,.json,80400,True,True,True,False,False,True,False,review_only_no_automatic_mutation
outputs/full_universe_source_acquisition/asx_active_pointer_update_validation_v2_20r.md,.md,10008,True,True,True,False,False,True,False,review_only_no_automatic_mutation
outputs/full_universe_source_acquisition/asx_candidate_validation_against_current_dry_run_v2_20f.json,.json,13309,True,True,False,False,False,True,False,review_only_no_automatic_mutation
outputs/full_universe_source_acquisition/asx_candidate_validation_against_current_dry_run_v2_20f.md,.md,6919,True,True,False,False,False,True,False,review_only_no_automatic_mutation
outputs/full_universe_source_acquisition/asx_candidate_validation_current_index_profile_v2_20f.csv,.csv,645,True,True,False,False,False,False,False,review_only_no_automatic_mutation
outputs/full_universe_source_acquisition/asx_candidate_validation_duplicate_current_rows_v2_20f.csv,.csv,210737,True,True,False,False,False,True,False,review_only_no_automatic_mutation
outputs/full_universe_source_acquisition/asx_canonical_promotion_dry_run_checks_v2_20l.csv,.csv,4757,True,True,True,False,False,True,False,review_only_no_automatic_mutation
outputs/full_universe_source_acquisition/asx_canonical_promotion_dry_run_next_actions_v2_20l.csv,.csv,780,True,True,False,False,False,True,False,review_only_no_automatic_mutation
outputs/full_universe_source_acquisition/asx_canonical_promotion_dry_run_preflight_v2_20l.csv,.csv,686,True,True,True,False,False,True,False,review_only_no_automatic_mutation
outputs/full_universe_source_acquisition/asx_canonical_promotion_dry_run_rollback_controls_v2_20l.csv,.csv,823,True,True,True,False,False,True,False,review_only_no_automatic_mutation
outputs/full_universe_source_acquisition/asx_canonical_promotion_dry_run_schema_controls_v2_20l.csv,.csv,1702,True,True,False,False,False,True,False,review_only_no_automatic_mutation
outputs/full_universe_source_acquisition/asx_canonical_promotion_dry_run_sha_controls_v2_20l.csv,.csv,1014,True,True,True,False,False,True,False,review_only_no_automatic_mutation
outputs/full_universe_source_acquisition/asx_canonical_promotion_dry_run_summary_v2_20l.csv,.csv,1606,True,True,True,False,False,True,False,review_only_no_automatic_mutation
outputs/full_universe_source_acquisition/asx_canonical_promotion_dry_run_v2_20l.json,.json,20890,True,True,True,False,False,True,False,review_only_no_automatic_mutation
outputs/full_universe_source_acquisition/asx_canonical_promotion_dry_run_v2_20l.md,.md,9306,True,True,True,False,False,True,False,review_only_no_automatic_mutation
outputs/full_universe_source_acquisition/asx_canonical_promotion_execution_plan_v2_20k.csv,.csv,1495,True,True,True,False,False,True,False,review_only_no_automatic_mutation
outputs/full_universe_source_acquisition/asx_canonical_promotion_plan_checks_v2_20k.csv,.csv,4202,True,True,True,False,False,True,False,review_only_no_automatic_mutation
outputs/full_universe_source_acquisition/asx_canonical_promotion_plan_next_actions_v2_20k.csv,.csv,789,True,True,False,False,False,True,False,review_only_no_automatic_mutation
outputs/full_universe_source_acquisition/asx_canonical_promotion_plan_summary_v2_20k.csv,.csv,1411,True,True,True,False,False,True,False,review_only_no_automatic_mutation
outputs/full_universe_source_acquisition/asx_canonical_promotion_plan_v2_20k.json,.json,17995,True,True,True,False,False,True,False,review_only_no_automatic_mutation
outputs/full_universe_source_acquisition/asx_canonical_promotion_plan_v2_20k.md,.md,8586,True,True,True,False,False,True,False,review_only_no_automatic_mutation
outputs/full_universe_source_acquisition/asx_canonical_promotion_risk_register_v2_20k.csv,.csv,881,True,True,False,False,False,True,False,review_only_no_automatic_mutation
outputs/full_universe_source_acquisition/asx_canonical_promotion_rollback_plan_v2_20k.csv,.csv,992,True,True,True,False,False,True,False,review_only_no_automatic_mutation
outputs/full_universe_source_acquisition/asx_controlled_active_pointer_update_checks_v2_20q.csv,.csv,6598,True,True,False,False,False,True,False,review_only_no_automatic_mutation
outputs/full_universe_source_acquisition/asx_controlled_active_pointer_update_manifest_v2_20q.csv,.csv,823,True,True,False,False,False,True,False,review_only_no_automatic_mutation
outputs/full_universe_source_acquisition/asx_controlled_active_pointer_update_next_actions_v2_20q.csv,.csv,735,True,True,False,False,False,True,False,review_only_no_automatic_mutation
outputs/full_universe_source_acquisition/asx_controlled_active_pointer_update_preservation_audit_v2_20q.csv,.csv,37298,True,True,False,False,False,True,False,review_only_no_automatic_mutation
outputs/full_universe_source_acquisition/asx_controlled_active_pointer_update_reference_audit_v2_20q.csv,.csv,530,True,True,False,False,False,True,False,review_only_no_automatic_mutation
outputs/full_universe_source_acquisition/asx_controlled_active_pointer_update_rollback_controls_v2_20q.csv,.csv,890,True,True,True,False,False,True,False,review_only_no_automatic_mutation
outputs/full_universe_source_acquisition/asx_controlled_active_pointer_update_summary_v2_20q.csv,.csv,1577,True,True,True,False,False,True,False,review_only_no_automatic_mutation
outputs/full_universe_source_acquisition/asx_controlled_active_pointer_update_v2_20q.json,.json,77300,True,True,True,False,False,True,False,review_only_no_automatic_mutation
outputs/full_universe_source_acquisition/asx_controlled_active_pointer_update_v2_20q.md,.md,9426,True,True,True,False,False,True,False,review_only_no_automatic_mutation
outputs/full_universe_source_acquisition/asx_final_promotion_closure_pointer_controls_v2_20t.csv,.csv,527,True,True,False,False,False,True,False,review_only_no_automatic_mutation
outputs/full_universe_source_acquisition/asx_post_pointer_operational_readiness_gate_checks_v2_20s.csv,.csv,5240,True,True,False,False,False,True,False,review_only_no_automatic_mutation
outputs/full_universe_source_acquisition/asx_post_pointer_operational_readiness_gate_dataset_controls_v2_20s.csv,.csv,909,True,True,True,False,False,True,False,review_only_no_automatic_mutation
outputs/full_universe_source_acquisition/asx_post_pointer_operational_readiness_gate_decision_register_v2_20s.csv,.csv,1016,True,True,False,False,False,True,False,review_only_no_automatic_mutation
outputs/full_universe_source_acquisition/asx_post_pointer_operational_readiness_gate_final_closure_plan_v2_20s.csv,.csv,448,True,True,False,False,False,True,False,review_only_no_automatic_mutation
outputs/full_universe_source_acquisition/asx_post_pointer_operational_readiness_gate_next_actions_v2_20s.csv,.csv,688,True,True,False,False,False,True,False,review_only_no_automatic_mutation
outputs/full_universe_source_acquisition/asx_post_pointer_operational_readiness_gate_pointer_controls_v2_20s.csv,.csv,537,True,True,False,False,False,True,False,review_only_no_automatic_mutation
outputs/full_universe_source_acquisition/asx_post_pointer_operational_readiness_gate_readiness_v2_20s.csv,.csv,954,True,True,False,False,False,True,False,review_only_no_automatic_mutation
outputs/full_universe_source_acquisition/asx_post_pointer_operational_readiness_gate_rollback_controls_v2_20s.csv,.csv,1047,True,True,True,False,False,True,False,review_only_no_automatic_mutation
outputs/full_universe_source_acquisition/asx_post_pointer_operational_readiness_gate_scoring_gate_v2_20s.csv,.csv,510,True,True,False,False,False,False,False,review_only_no_automatic_mutation
outputs/full_universe_source_acquisition/asx_post_pointer_operational_readiness_gate_summary_v2_20s.csv,.csv,1302,True,True,True,False,False,True,False,review_only_no_automatic_mutation
outputs/full_universe_source_acquisition/asx_post_pointer_operational_readiness_gate_v2_20s.json,.json,24696,True,True,True,False,False,True,False,review_only_no_automatic_mutation
outputs/full_universe_source_acquisition/asx_post_pointer_operational_readiness_gate_v2_20s.md,.md,9639,True,True,True,False,False,True,False,review_only_no_automatic_mutation
outputs/full_universe_source_acquisition/asx_promoted_canonical_validation_activation_gate_v2_20n.csv,.csv,470,True,True,False,False,False,True,False,review_only_no_automatic_mutation
outputs/full_universe_source_acquisition/asx_promoted_canonical_validation_artifact_manifest_v2_20n.csv,.csv,979,True,True,True,False,False,True,False,review_only_no_automatic_mutation
outputs/full_universe_source_acquisition/asx_promoted_canonical_validation_checks_v2_20n.csv,.csv,5808,True,True,True,False,False,True,False,review_only_no_automatic_mutation
outputs/full_universe_source_acquisition/asx_promoted_canonical_validation_content_controls_v2_20n.csv,.csv,463,True,True,False,False,False,False,False,review_only_no_automatic_mutation
outputs/full_universe_source_acquisition/asx_promoted_canonical_validation_next_actions_v2_20n.csv,.csv,776,True,True,False,False,False,True,False,review_only_no_automatic_mutation
outputs/full_universe_source_acquisition/asx_promoted_canonical_validation_rollback_controls_v2_20n.csv,.csv,955,True,True,True,False,False,True,False,review_only_no_automatic_mutation
outputs/full_universe_source_acquisition/asx_promoted_canonical_validation_schema_controls_v2_20n.csv,.csv,1554,True,True,False,False,False,True,False,review_only_no_automatic_mutation
outputs/full_universe_source_acquisition/asx_promoted_canonical_validation_sha_controls_v2_20n.csv,.csv,881,True,True,False,False,False,True,False,review_only_no_automatic_mutation
outputs/full_universe_source_acquisition/asx_promoted_canonical_validation_summary_v2_20n.csv,.csv,1612,True,True,True,False,False,True,False,review_only_no_automatic_mutation
outputs/full_universe_source_acquisition/asx_promoted_canonical_validation_v2_20n.json,.json,24232,True,True,True,False,False,True,False,review_only_no_automatic_mutation
outputs/full_universe_source_acquisition/asx_promoted_canonical_validation_v2_20n.md,.md,11721,True,True,True,False,False,True,False,review_only_no_automatic_mutation
outputs/full_universe_source_acquisition/colombia_promotion_freeze_decision_pointer_manifest_v2_21e_c.json,.json,1382,True,True,True,False,False,True,False,review_only_no_automatic_mutation
outputs/full_universe_source_acquisition/expanded_universe_v2_21g_final_reference.csv,.csv,9558734,True,False,False,False,False,False,False,review_only_no_automatic_mutation
outputs/full_universe_source_acquisition/final_v2_21_closure_pointer_manifest.json,.json,976,True,True,True,True,False,True,False,review_only_no_automatic_mutation
outputs/full_universe_source_acquisition/hkex_candidate_validation_against_canonical_dry_run_checks_v2_19o.csv,.csv,2585,True,True,False,False,False,True,False,review_only_no_automatic_mutation
outputs/full_universe_source_acquisition/hkex_candidate_validation_against_canonical_dry_run_comparison_summary_v2_19o.csv,.csv,1040,True,True,False,False,False,True,False,review_only_no_automatic_mutation
outputs/full_universe_source_acquisition/hkex_candidate_validation_against_canonical_dry_run_dataset_index_summary_v2_19o.csv,.csv,745,True,True,False,False,False,True,False,review_only_no_automatic_mutation
outputs/full_universe_source_acquisition/hkex_candidate_validation_against_canonical_dry_run_duplicate_matches_v2_19o.csv,.csv,1909897,True,True,False,False,False,True,False,review_only_no_automatic_mutation
outputs/full_universe_source_acquisition/hkex_candidate_validation_against_canonical_dry_run_exclusions_v2_19o.csv,.csv,10018245,True,False,False,False,False,False,False,review_only_no_automatic_mutation
outputs/full_universe_source_acquisition/hkex_candidate_validation_against_canonical_dry_run_instrument_validation_summary_v2_19o.csv,.csv,492,True,True,False,False,False,True,False,review_only_no_automatic_mutation
outputs/full_universe_source_acquisition/hkex_candidate_validation_against_canonical_dry_run_net_new_candidates_v2_19o.csv,.csv,224965,True,True,False,False,False,True,False,review_only_no_automatic_mutation
outputs/full_universe_source_acquisition/hkex_candidate_validation_against_canonical_dry_run_next_actions_v2_19o.csv,.csv,735,True,True,False,False,False,True,False,review_only_no_automatic_mutation
outputs/full_universe_source_acquisition/hkex_candidate_validation_against_canonical_dry_run_v2_19o.json,.json,9564,True,True,False,False,False,True,False,review_only_no_automatic_mutation
outputs/full_universe_source_acquisition/hkex_candidate_validation_against_canonical_dry_run_v2_19o.md,.md,7063,True,True,False,False,False,True,False,review_only_no_automatic_mutation
outputs/full_universe_source_acquisition/hkex_candidate_validation_against_canonical_dry_run_validated_candidates_v2_19o.csv,.csv,10242474,True,False,False,False,False,False,False,review_only_no_automatic_mutation
outputs/full_universe_source_acquisition/nse_india_candidate_validation_against_canonical_dry_run_v2_17f.json,.json,297167,True,True,False,False,False,True,False,review_only_no_automatic_mutation
outputs/full_universe_source_acquisition/nse_india_candidate_validation_against_canonical_dry_run_v2_17f.md,.md,5563,True,True,False,False,False,True,False,review_only_no_automatic_mutation
outputs/full_universe_source_acquisition/nse_india_candidate_validation_canonical_profile_v2_17f.csv,.csv,1152,True,True,False,False,False,True,False,review_only_no_automatic_mutation
outputs/full_universe_source_acquisition/nse_raw_acquisition_v2_17c/nse_preference_shares__raw_source_file.csv,.csv,609,True,True,False,False,False,False,False,review_only_no_automatic_mutation
outputs/full_universe_source_acquisition/raw/cboe_europe_v2_11c/reference_data_page.html,.html,602256,True,False,False,False,False,False,False,review_only_no_automatic_mutation
outputs/full_universe_source_acquisition/raw/deutsche_boerse_xetra_v2_14c/shares_reference_en.html,.html,152202,True,False,False,False,False,False,False,review_only_no_automatic_mutation
outputs/full_universe_source_acquisition/raw/euronext_v2_15c/euronext_advanced_reference_data.html,.html,409557,True,False,False,False,False,False,False,review_only_no_automatic_mutation
outputs/full_universe_source_acquisition/raw/euronext_v2_15c/euronext_static_reference_data.html,.html,415621,True,False,False,False,False,False,False,review_only_no_automatic_mutation
outputs/full_universe_source_acquisition/singapore_promotion_freeze_decision_pointer_discovery_v2_21e_s.csv,.csv,3253,True,True,False,False,False,True,False,review_only_no_automatic_mutation
outputs/full_universe_source_acquisition/singapore_promotion_freeze_decision_pointer_manifest_v2_21e_s.json,.json,1088,True,True,True,False,False,True,False,review_only_no_automatic_mutation
outputs/full_universe_source_acquisition/targeted_market_gap_decision_gate_current_coverage_gap_v2_21a.csv,.csv,184,True,True,False,False,False,False,False,review_only_no_automatic_mutation
outputs/full_universe_source_acquisition/tmx_candidate_validation_against_canonical_v2_16f.json,.json,21875,True,True,False,False,False,True,False,review_only_no_automatic_mutation
outputs/full_universe_source_acquisition/tmx_candidate_validation_against_canonical_v2_16f.md,.md,7090,True,True,False,False,False,True,False,review_only_no_automatic_mutation
outputs/full_universe_source_acquisition/tmx_candidate_validation_canonical_profile_v2_16f.csv,.csv,446,True,True,False,False,False,True,False,review_only_no_automatic_mutation
outputs/full_universe_source_acquisition/twse_tpex_candidate_validation_against_canonical_dry_run_v2_18f.json,.json,9145,True,True,False,False,False,True,False,review_only_no_automatic_mutation
outputs/full_universe_source_acquisition/twse_tpex_candidate_validation_against_canonical_dry_run_v2_18f.md,.md,6126,True,True,False,False,False,True,False,review_only_no_automatic_mutation
outputs/full_universe_source_acquisition/twse_tpex_candidate_validation_canonical_profile_v2_18f.csv,.csv,1149,True,True,False,False,False,True,False,review_only_no_automatic_mutation
outputs/research/current_ranking/AAPL_research.json,.json,1150,True,True,False,False,False,True,False,review_only_no_automatic_mutation
outputs/research/current_ranking/ASML_research.json,.json,1251,True,True,False,False,False,True,False,review_only_no_automatic_mutation
outputs/research/current_ranking/MSFT_research.json,.json,2082,True,True,False,False,False,True,False,review_only_no_automatic_mutation
outputs/research/current_ranking/current_ranking_research_index.json,.json,1375,True,True,False,False,False,True,False,review_only_no_automatic_mutation
outputs/research/current_ranking/current_ranking_research_report.md,.md,704,True,True,False,False,False,True,False,review_only_no_automatic_mutation
outputs/research/current_ranking/manual_review_log_v1_8a.json,.json,1836,True,True,False,False,False,True,False,review_only_no_automatic_mutation
outputs/research/current_ranking_compare/current_ranking_compare_v1_7b.csv,.csv,923,True,True,False,False,False,True,False,review_only_no_automatic_mutation
outputs/research/current_ranking_compare/current_ranking_compare_v1_7b.json,.json,2816,True,True,False,False,False,True,False,review_only_no_automatic_mutation
outputs/research/current_ranking_compare/current_ranking_compare_v1_7b.md,.md,1018,True,True,False,False,False,True,False,review_only_no_automatic_mutation
outputs/scale_tests/size_100/active_real_universe_top_candidates.csv,.csv,134155,True,True,False,False,False,False,False,review_only_no_automatic_mutation
outputs/scale_tests/size_1000/active_real_universe_top_candidates.csv,.csv,1338523,True,True,False,False,False,False,False,review_only_no_automatic_mutation
outputs/scale_tests/size_20/active_real_universe_top_candidates.csv,.csv,27295,True,True,False,False,False,False,False,review_only_no_automatic_mutation
outputs/scale_tests/size_250/active_real_universe_top_candidates.csv,.csv,335177,True,True,False,False,False,False,False,review_only_no_automatic_mutation
outputs/scale_tests/size_50/active_real_universe_top_candidates.csv,.csv,67373,True,True,False,False,False,False,False,review_only_no_automatic_mutation
outputs/scale_tests/size_500/active_real_universe_top_candidates.csv,.csv,669763,True,True,False,False,False,False,False,review_only_no_automatic_mutation
outputs/scouting/active_pipeline_policy_status.json,.json,518,True,True,False,False,False,True,False,review_only_no_automatic_mutation
outputs/scouting/active_real_universe_top_candidates.csv,.csv,8206,True,True,False,False,False,False,False,review_only_no_automatic_mutation
outputs/scouting/active_stage1_policy_status.json,.json,422,True,True,False,False,False,True,False,review_only_no_automatic_mutation
outputs/scouting/stage1_policy_simulation_aligned_current_base_alignment.csv,.csv,32637,True,True,False,False,False,False,False,review_only_no_automatic_mutation
outputs/scouting/stage1_policy_simulation_final_current_base_alignment.csv,.csv,48777,True,True,False,False,False,False,False,review_only_no_automatic_mutation
releases/v0.7/outputs/scouting/active_pipeline_policy_status.json,.json,518,True,True,False,False,False,True,False,review_only_no_automatic_mutation
scripts/activate_final_v2_21_reference_gate_v2_21h.py,.py,29771,True,True,True,True,True,True,False,review_only_no_automatic_mutation
scripts/asx_active_pointer_decision_gate_v2_20o.py,.py,38390,True,True,True,False,False,True,False,review_only_no_automatic_mutation
scripts/asx_active_pointer_update_plan_v2_20p.py,.py,32913,True,True,True,False,False,True,False,review_only_no_automatic_mutation
scripts/asx_active_pointer_update_validation_v2_20r.py,.py,36016,True,True,True,False,False,True,False,review_only_no_automatic_mutation
scripts/asx_candidate_validation_against_current_dry_run_v2_20f.py,.py,41450,True,True,False,False,False,True,False,review_only_no_automatic_mutation
scripts/asx_canonical_promotion_dry_run_v2_20l.py,.py,35607,True,True,True,False,False,True,False,review_only_no_automatic_mutation
scripts/asx_canonical_promotion_plan_v2_20k.py,.py,30833,True,True,True,False,False,True,False,review_only_no_automatic_mutation
scripts/asx_controlled_active_pointer_update_v2_20q.py,.py,34403,True,True,True,False,False,True,False,review_only_no_automatic_mutation
scripts/asx_post_pointer_operational_readiness_gate_v2_20s.py,.py,38395,True,True,True,False,False,True,False,review_only_no_automatic_mutation
scripts/asx_promoted_canonical_validation_v2_20n.py,.py,40745,True,True,True,False,False,True,False,review_only_no_automatic_mutation
scripts/compare_current_ranking_research_v1_7b.py,.py,9913,True,True,False,False,False,True,False,review_only_no_automatic_mutation
scripts/create_current_ranking_research_v1_7a.py,.py,6153,True,True,False,False,False,True,False,review_only_no_automatic_mutation
scripts/documentation_canonical_dataset_path_v2_14i.py,.py,11016,True,True,False,False,False,True,False,review_only_no_automatic_mutation
scripts/hkex_candidate_validation_against_canonical_dry_run_v2_19o.py,.py,39863,True,True,False,False,False,True,False,review_only_no_automatic_mutation
scripts/nse_india_candidate_validation_against_canonical_dry_run_v2_17f.py,.py,40688,True,True,False,False,False,True,False,review_only_no_automatic_mutation
scripts/tmx_candidate_validation_against_canonical_v2_16f.py,.py,26143,True,True,False,False,False,True,False,review_only_no_automatic_mutation
scripts/twse_tpex_candidate_validation_against_canonical_dry_run_v2_18f.py,.py,42357,True,True,False,False,False,True,False,review_only_no_automatic_mutation
CHANGELOG.md,.md,2426,False,True,False,False,False,True,False,review_only_no_automatic_mutation
PHASE6A_COLUMNS.md,.md,1483,False,True,False,False,False,True,False,review_only_no_automatic_mutation
PHASE6A_REAL_UNIVERSE_SOURCE_FORMAT.md,.md,2795,False,True,False,False,False,True,False,review_only_no_automatic_mutation
README.md,.md,3184,False,True,False,False,False,True,False,review_only_no_automatic_mutation
VERSION.md,.md,1564,False,True,False,False,False,True,False,review_only_no_automatic_mutation
app.py,.py,275814,False,True,False,False,False,True,False,review_only_no_automatic_mutation
app_v0_5_stable.py,.py,161086,False,True,False,False,False,True,False,review_only_no_automatic_mutation
app_v0_6_stable.py,.py,166468,False,True,False,False,False,True,False,review_only_no_automatic_mutation
data/cache/demo/market_snapshots/market_snapshot_demo_1y_20260528.csv,.csv,10899,False,True,False,False,False,True,False,review_only_no_automatic_mutation
data/cache/demo/market_snapshots/market_snapshot_demo_1y_20260528.json,.json,787,False,True,False,False,False,True,False,review_only_no_automatic_mutation
data/demo/demo_universe.csv,.csv,2808,False,True,False,False,False,True,False,review_only_no_automatic_mutation
data/raw/expanded_universe/README_v2_3e.md,.md,328,False,True,False,False,False,True,False,review_only_no_automatic_mutation
data/raw/expanded_universe/expanded_universe_exclusions_v2_4b.csv,.csv,1696796,False,True,False,False,False,True,False,review_only_no_automatic_mutation
data/raw/expanded_universe/expanded_universe_v2_4b.csv,.csv,1481305,False,True,False,False,False,True,False,review_only_no_automatic_mutation
data/raw/fundamentals_source.csv,.csv,619,False,True,False,False,False,True,False,review_only_no_automatic_mutation
data/raw/fundamentals_source_yfinance.csv,.csv,58993,False,True,False,False,False,True,False,review_only_no_automatic_mutation
data/raw/source_providers/nasdaq_trader_nasdaqlisted/nasdaq_trader_nasdaqlisted.csv,.csv,346966,False,True,False,False,False,True,False,review_only_no_automatic_mutation
data/raw/source_providers/nasdaq_trader_otherlisted/nasdaq_trader_otherlisted.csv,.csv,530196,False,True,False,False,False,True,False,review_only_no_automatic_mutation
data/raw/source_providers/sec_company_tickers_exchange/company_tickers_exchange.json,.json,521876,False,True,False,False,False,True,False,review_only_no_automatic_mutation
data/raw/universe_source_real.csv,.csv,563078,False,True,False,False,False,True,False,review_only_no_automatic_mutation
data/raw/universe_source_real_clean.csv,.csv,879101,False,True,False,False,False,True,False,review_only_no_automatic_mutation
data/raw/universe_source_real_excluded.csv,.csv,569570,False,True,False,False,False,True,False,review_only_no_automatic_mutation
data/stages/stage1_passed.csv,.csv,53244,False,True,False,False,False,True,False,review_only_no_automatic_mutation
data/stages/stage1_passed_enriched.csv,.csv,111165,False,True,False,False,False,True,False,review_only_no_automatic_mutation
data/stages/stage1_rejected.csv,.csv,86318,False,True,False,False,False,True,False,review_only_no_automatic_mutation
data/stages/stage1_watchlist.csv,.csv,31006,False,True,False,False,False,True,False,review_only_no_automatic_mutation
data/stages/stage2_passed.csv,.csv,46336,False,True,False,False,False,True,False,review_only_no_automatic_mutation
data/stages/stage2_rejected.csv,.csv,29096,False,True,False,False,False,True,False,review_only_no_automatic_mutation
data/stages/stage2_rejection_log.csv,.csv,135906,False,True,False,False,False,True,False,review_only_no_automatic_mutation
data/stages/stage2_watchlist.csv,.csv,60097,False,True,False,False,False,True,False,review_only_no_automatic_mutation
data/stages/stage3_passed.csv,.csv,6101,False,True,False,False,False,True,False,review_only_no_automatic_mutation
data/stages/stage3_rejected.csv,.csv,25636,False,True,False,False,False,True,False,review_only_no_automatic_mutation
data/stages/stage3_watchlist.csv,.csv,25801,False,True,False,False,False,True,False,review_only_no_automatic_mutation
data/universe/global_universe.csv,.csv,103442,False,True,False,False,False,True,False,review_only_no_automatic_mutation
data/universe/global_universe_validated.csv,.csv,139049,False,True,False,False,False,True,False,review_only_no_automatic_mutation
docs/phase5/DATA_REQUIREMENTS.md,.md,1525,False,True,False,False,False,True,False,review_only_no_automatic_mutation
docs/phase5/FILTERING_RULES.md,.md,2858,False,True,False,False,False,True,False,review_only_no_automatic_mutation
docs/phase5/GLOBAL_FUNNEL_DESIGN.md,.md,2631,False,True,False,False,False,True,False,review_only_no_automatic_mutation
docs/phase5/REJECTION_LOG_DESIGN.md,.md,1292,False,True,False,False,False,True,False,review_only_no_automatic_mutation
docs/phase7/PHASE7B1_STAGE1_POLICY_SIMULATOR.md,.md,900,False,True,False,False,False,True,False,review_only_no_automatic_mutation
docs/phase7/PHASE7B2_ALIGN_STAGE1_SIMULATOR.md,.md,908,False,True,False,False,False,True,False,review_only_no_automatic_mutation
docs/phase7/PHASE7B3_ALIGNED_STAGE1_POLICY_SIMULATOR.md,.md,994,False,True,False,False,False,True,False,review_only_no_automatic_mutation
docs/phase9/PHASE9A_DATA_LAYER_EXTERNAL_CALLS_AUDIT.md,.md,937,False,True,False,False,False,True,False,review_only_no_automatic_mutation
docs/v1/V1_0B_HUMAN_REVIEW_LAYER.md,.md,957,False,True,False,False,False,True,False,review_only_no_automatic_mutation
docs/v1/V1_4C1_HOTFIX_REAL_UNIVERSE_LABEL.md,.md,627,False,True,False,False,False,True,False,review_only_no_automatic_mutation
docs/v1/V1_4C_REGENERATE_CANDIDATES_REAL_UNIVERSE.md,.md,1711,False,True,False,False,False,True,False,review_only_no_automatic_mutation
docs/v1/V1_4D_REAL_UNIVERSE_SCORING_BRIDGE.md,.md,1639,False,True,False,False,False,True,False,review_only_no_automatic_mutation
docs/v1/V1_5A_LOCAL_SCORING_V0.md,.md,856,False,True,False,False,False,True,False,review_only_no_automatic_mutation
docs/v1/V1_5B_RANKING_EXPLAINABILITY.md,.md,864,False,True,False,False,False,True,False,review_only_no_automatic_mutation
docs/v1/V1_5C1_SCALE_TEST_OUTPUT_RESTORE_HOTFIX.md,.md,804,False,True,False,False,False,True,False,review_only_no_automatic_mutation
docs/v1/V1_6C8_DATA_SOURCE_DETECTION_REFACTOR.md,.md,1540,False,True,False,False,False,True,False,review_only_no_automatic_mutation
docs/v1/V1_6C_COMBINED_SCORING_V1.md,.md,1104,False,True,False,False,False,True,False,review_only_no_automatic_mutation
hotfix_phase7a5_2_dashboard.py,.py,10084,False,True,False,False,False,True,False,review_only_no_automatic_mutation
outputs/analyses/AAPL_20260531_202902.json,.json,6513,False,True,False,False,False,True,False,review_only_no_automatic_mutation
outputs/analyses/AAPL_20260531_202902.md,.md,5306,False,True,False,False,False,True,False,review_only_no_automatic_mutation
outputs/analyses/AAPL_20260531_205056.json,.json,6531,False,True,False,False,False,True,False,review_only_no_automatic_mutation
outputs/analyses/AAPL_20260601_083711.json,.json,6365,False,True,False,False,False,True,False,review_only_no_automatic_mutation
outputs/analyses/AAPL_20260601_083711.md,.md,4219,False,True,False,False,False,True,False,review_only_no_automatic_mutation
outputs/analyses/AAPL_20260601_084103.json,.json,6080,False,True,False,False,False,True,False,review_only_no_automatic_mutation
outputs/analyses/AAPL_20260601_084103.md,.md,4346,False,True,False,False,False,True,False,review_only_no_automatic_mutation
outputs/audit/app_dead_code_audit_v1_6d1.md,.md,8465,False,True,False,False,False,True,False,review_only_no_automatic_mutation
outputs/audit/auditoria_tecnica_scout_finance_v1.md,.md,22079,False,True,False,False,False,True,False,review_only_no_automatic_mutation
outputs/audit/eol_guard_v2_14k.json,.json,1818,False,True,True,False,False,True,False,review_only_no_automatic_mutation
outputs/audit/eol_guard_v2_14k.md,.md,1515,False,True,False,False,False,True,False,review_only_no_automatic_mutation
outputs/audit/legacy_helper_usage_v1_6d3.md,.md,4402,False,True,False,False,False,True,False,review_only_no_automatic_mutation
outputs/audit/post_closure_integrity_test_v2_14j.json,.json,6819,False,True,False,False,False,True,False,review_only_no_automatic_mutation
outputs/audit/post_closure_integrity_test_v2_14j.md,.md,3516,False,True,False,False,False,True,False,review_only_no_automatic_mutation
outputs/audit/scout_finance_audit_triage_v2_14h.md,.md,2083,False,True,False,False,False,True,False,review_only_no_automatic_mutation
outputs/full_universe_source_acquisition/asx_candidate_extraction_checks_v2_20e.csv,.csv,3506,False,True,False,False,False,True,False,review_only_no_automatic_mutation
outputs/full_universe_source_acquisition/asx_candidate_extraction_dry_run_included_rows_v2_20e.csv,.csv,647906,False,True,False,False,False,True,False,review_only_no_automatic_mutation
outputs/full_universe_source_acquisition/asx_candidate_extraction_dry_run_v2_20e.json,.json,13838,False,True,False,False,False,True,False,review_only_no_automatic_mutation
outputs/full_universe_source_acquisition/asx_candidate_extraction_dry_run_v2_20e.md,.md,7476,False,True,False,False,False,True,False,review_only_no_automatic_mutation
outputs/full_universe_source_acquisition/asx_candidate_extraction_next_actions_v2_20e.csv,.csv,1051,False,True,False,False,False,True,False,review_only_no_automatic_mutation
outputs/full_universe_source_acquisition/asx_candidate_promotion_decision_gate_checks_v2_20j.csv,.csv,3393,False,True,False,False,False,True,False,review_only_no_automatic_mutation
outputs/full_universe_source_acquisition/asx_candidate_promotion_decision_gate_next_actions_v2_20j.csv,.csv,780,False,True,False,False,False,True,False,review_only_no_automatic_mutation
outputs/full_universe_source_acquisition/asx_candidate_promotion_decision_gate_register_v2_20j.csv,.csv,1158,False,True,False,False,False,True,False,review_only_no_automatic_mutation
outputs/full_universe_source_acquisition/asx_candidate_promotion_decision_gate_summary_v2_20j.csv,.csv,1503,False,True,False,False,False,True,False,review_only_no_automatic_mutation
outputs/full_universe_source_acquisition/asx_candidate_promotion_decision_gate_v2_20j.json,.json,14653,False,True,False,False,False,True,False,review_only_no_automatic_mutation
outputs/full_universe_source_acquisition/asx_candidate_promotion_decision_gate_v2_20j.md,.md,7262,False,True,False,False,False,True,False,review_only_no_automatic_mutation
outputs/full_universe_source_acquisition/asx_candidate_promotion_readiness_v2_20j.csv,.csv,910,False,True,False,False,False,True,False,review_only_no_automatic_mutation
outputs/full_universe_source_acquisition/asx_candidate_validation_checks_v2_20f.csv,.csv,3558,False,True,False,False,False,True,False,review_only_no_automatic_mutation
outputs/full_universe_source_acquisition/asx_candidate_validation_internal_duplicate_rows_v2_20f.csv,.csv,869,False,True,False,False,False,True,False,review_only_no_automatic_mutation
outputs/full_universe_source_acquisition/asx_candidate_validation_match_type_summary_v2_20f.csv,.csv,111,False,True,False,False,False,True,False,review_only_no_automatic_mutation
outputs/full_universe_source_acquisition/asx_candidate_validation_net_new_candidates_v2_20f.csv,.csv,493414,False,True,False,False,False,True,False,review_only_no_automatic_mutation
outputs/full_universe_source_acquisition/asx_candidate_validation_next_actions_v2_20f.csv,.csv,806,False,True,False,False,False,True,False,review_only_no_automatic_mutation
outputs/full_universe_source_acquisition/asx_candidate_validation_review_rows_v2_20f.csv,.csv,15034,False,True,False,False,False,True,False,review_only_no_automatic_mutation
outputs/full_universe_source_acquisition/asx_candidate_validation_rows_v2_20f.csv,.csv,718638,False,True,False,False,False,True,False,review_only_no_automatic_mutation
outputs/full_universe_source_acquisition/asx_candidate_validation_summary_v2_20f.csv,.csv,486,False,True,False,False,False,True,False,review_only_no_automatic_mutation
outputs/full_universe_source_acquisition/asx_closure_report_checks_v2_20i.csv,.csv,4461,False,True,False,False,False,True,False,review_only_no_automatic_mutation
outputs/full_universe_source_acquisition/asx_closure_report_decision_register_v2_20i.csv,.csv,1010,False,True,False,False,False,True,False,review_only_no_automatic_mutation
outputs/full_universe_source_acquisition/asx_closure_report_next_actions_v2_20i.csv,.csv,767,False,True,False,False,False,True,False,review_only_no_automatic_mutation
outputs/full_universe_source_acquisition/asx_closure_report_summary_v2_20i.csv,.csv,1403,False,True,False,False,False,True,False,review_only_no_automatic_mutation
outputs/full_universe_source_acquisition/asx_closure_report_v2_20i.json,.json,15423,False,True,False,False,False,True,False,review_only_no_automatic_mutation
outputs/full_universe_source_acquisition/asx_closure_report_v2_20i.md,.md,7943,False,True,False,False,False,True,False,review_only_no_automatic_mutation
outputs/full_universe_source_acquisition/asx_controlled_promoted_file_creation_checks_v2_20m.csv,.csv,5938,False,True,False,False,False,True,False,review_only_no_automatic_mutation
outputs/full_universe_source_acquisition/asx_controlled_promoted_file_creation_copy_controls_v2_20m.csv,.csv,798,False,True,True,False,False,False,False,review_only_no_automatic_mutation
outputs/full_universe_source_acquisition/asx_controlled_promoted_file_creation_manifest_v2_20m.csv,.csv,917,False,True,True,False,False,True,False,review_only_no_automatic_mutation
outputs/full_universe_source_acquisition/asx_controlled_promoted_file_creation_next_actions_v2_20m.csv,.csv,712,False,True,False,False,False,True,False,review_only_no_automatic_mutation
outputs/full_universe_source_acquisition/asx_controlled_promoted_file_creation_rollback_controls_v2_20m.csv,.csv,930,False,True,True,False,False,True,False,review_only_no_automatic_mutation
outputs/full_universe_source_acquisition/asx_controlled_promoted_file_creation_summary_v2_20m.csv,.csv,1597,False,True,True,False,False,True,False,review_only_no_automatic_mutation
outputs/full_universe_source_acquisition/asx_controlled_promoted_file_creation_v2_20m.json,.json,20747,False,True,True,False,False,True,False,review_only_no_automatic_mutation
outputs/full_universe_source_acquisition/asx_controlled_promoted_file_creation_v2_20m.md,.md,11557,False,True,True,False,False,True,False,review_only_no_automatic_mutation
outputs/full_universe_source_acquisition/asx_expanded_rebuild_appended_audit_v2_20g.csv,.csv,212446,False,True,False,False,False,True,False,review_only_no_automatic_mutation
outputs/full_universe_source_acquisition/asx_expanded_rebuild_appended_rows_v2_20g.csv,.csv,764263,False,True,False,False,False,True,False,review_only_no_automatic_mutation
outputs/full_universe_source_acquisition/asx_expanded_rebuild_candidate_v2_20g.json,.json,13246,False,True,False,False,False,True,False,review_only_no_automatic_mutation
outputs/full_universe_source_acquisition/asx_expanded_rebuild_candidate_v2_20g.md,.md,7352,False,True,False,False,False,True,False,review_only_no_automatic_mutation
outputs/full_universe_source_acquisition/asx_expanded_rebuild_checks_v2_20g.csv,.csv,4058,False,True,False,False,False,True,False,review_only_no_automatic_mutation
outputs/full_universe_source_acquisition/asx_expanded_rebuild_next_actions_v2_20g.csv,.csv,745,False,True,False,False,False,True,False,review_only_no_automatic_mutation
outputs/full_universe_source_acquisition/asx_expanded_rebuild_summary_v2_20g.csv,.csv,1592,False,True,False,False,False,True,False,review_only_no_automatic_mutation
outputs/full_universe_source_acquisition/asx_expanded_validation_checks_v2_20h.csv,.csv,5529,False,True,False,False,False,True,False,review_only_no_automatic_mutation
outputs/full_universe_source_acquisition/asx_expanded_validation_duplicates_v2_20h.csv,.csv,671,False,True,False,False,False,True,False,review_only_no_automatic_mutation
outputs/full_universe_source_acquisition/asx_expanded_validation_next_actions_v2_20h.csv,.csv,774,False,True,False,False,False,True,False,review_only_no_automatic_mutation
outputs/full_universe_source_acquisition/asx_expanded_validation_row_integrity_v2_20h.csv,.csv,275,False,True,False,False,False,True,False,review_only_no_automatic_mutation
outputs/full_universe_source_acquisition/asx_expanded_validation_schema_profile_v2_20h.csv,.csv,579,False,True,False,False,False,True,False,review_only_no_automatic_mutation
outputs/full_universe_source_acquisition/asx_expanded_validation_summary_v2_20h.csv,.csv,1428,False,True,False,False,False,True,False,review_only_no_automatic_mutation
outputs/full_universe_source_acquisition/asx_expanded_validation_v2_20h.json,.json,20850,False,True,False,False,False,True,False,review_only_no_automatic_mutation
outputs/full_universe_source_acquisition/asx_expanded_validation_v2_20h.md,.md,8830,False,True,False,False,False,True,False,review_only_no_automatic_mutation
outputs/full_universe_source_acquisition/asx_final_promotion_closure_checks_v2_20t.csv,.csv,5671,False,True,False,False,False,True,False,review_only_no_automatic_mutation
outputs/full_universe_source_acquisition/asx_final_promotion_closure_dataset_controls_v2_20t.csv,.csv,1191,False,True,True,False,False,True,False,review_only_no_automatic_mutation
outputs/full_universe_source_acquisition/asx_final_promotion_closure_decision_register_v2_20t.csv,.csv,1115,False,True,True,False,False,True,False,review_only_no_automatic_mutation
outputs/full_universe_source_acquisition/asx_final_promotion_closure_next_actions_v2_20t.csv,.csv,662,False,True,False,False,False,True,False,review_only_no_automatic_mutation
outputs/full_universe_source_acquisition/asx_final_promotion_closure_provider_freeze_v2_20t.csv,.csv,313,False,True,False,False,False,True,False,review_only_no_automatic_mutation
outputs/full_universe_source_acquisition/asx_final_promotion_closure_report_v2_20t.json,.json,27981,False,True,True,False,False,True,False,review_only_no_automatic_mutation
outputs/full_universe_source_acquisition/asx_final_promotion_closure_report_v2_20t.md,.md,10987,False,True,True,False,False,True,False,review_only_no_automatic_mutation
outputs/full_universe_source_acquisition/asx_final_promotion_closure_roadmap_v2_20t.csv,.csv,1727,False,True,False,False,False,True,False,review_only_no_automatic_mutation
outputs/full_universe_source_acquisition/asx_final_promotion_closure_rollback_controls_v2_20t.csv,.csv,1026,False,True,True,False,False,True,False,review_only_no_automatic_mutation
outputs/full_universe_source_acquisition/asx_final_promotion_closure_summary_v2_20t.csv,.csv,1571,False,True,True,False,False,True,False,review_only_no_automatic_mutation
outputs/full_universe_source_acquisition/asx_quality_first_acquisition_plan_checks_v2_20b.csv,.csv,3225,False,True,False,False,False,True,False,review_only_no_automatic_mutation
outputs/full_universe_source_acquisition/asx_quality_first_acquisition_plan_v2_20b.json,.json,22253,False,True,False,False,False,True,False,review_only_no_automatic_mutation
outputs/full_universe_source_acquisition/asx_quality_first_acquisition_plan_v2_20b.md,.md,9182,False,True,False,False,False,True,False,review_only_no_automatic_mutation
outputs/full_universe_source_acquisition/asx_quality_first_acquisition_sources_v2_20b.csv,.csv,2715,False,True,False,False,False,True,False,review_only_no_automatic_mutation
outputs/full_universe_source_acquisition/asx_quality_first_expected_yield_v2_20b.csv,.csv,790,False,True,False,False,False,True,False,review_only_no_automatic_mutation
outputs/full_universe_source_acquisition/asx_quality_first_next_actions_v2_20b.csv,.csv,795,False,True,False,False,False,True,False,review_only_no_automatic_mutation
outputs/full_universe_source_acquisition/asx_quality_first_raw_acquisition_checks_v2_20c.csv,.csv,3177,False,True,False,False,False,True,False,review_only_no_automatic_mutation
outputs/full_universe_source_acquisition/asx_quality_first_raw_acquisition_v2_20c.json,.json,56050,False,True,False,False,False,True,False,review_only_no_automatic_mutation
outputs/full_universe_source_acquisition/asx_quality_first_raw_acquisition_v2_20c.md,.md,7568,False,True,False,False,False,True,False,review_only_no_automatic_mutation
outputs/full_universe_source_acquisition/asx_quality_first_raw_download_attempts_v2_20c.csv,.csv,3247,False,True,False,False,False,True,False,review_only_no_automatic_mutation
outputs/full_universe_source_acquisition/asx_quality_first_raw_manifest_v2_20c.csv,.csv,2774,False,True,False,False,False,True,False,review_only_no_automatic_mutation
outputs/full_universe_source_acquisition/asx_quality_first_raw_next_actions_v2_20c.csv,.csv,876,False,True,False,False,False,True,False,review_only_no_automatic_mutation
outputs/full_universe_source_acquisition/asx_quality_first_roadmap_v2_20b.csv,.csv,1166,False,True,False,False,False,True,False,review_only_no_automatic_mutation
outputs/full_universe_source_acquisition/asx_quality_first_scope_rules_v2_20b.csv,.csv,2459,False,True,False,False,False,True,False,review_only_no_automatic_mutation
outputs/full_universe_source_acquisition/asx_raw_validation_checks_v2_20d.csv,.csv,3683,False,True,False,False,False,True,False,review_only_no_automatic_mutation
outputs/full_universe_source_acquisition/asx_raw_validation_files_v2_20d.csv,.csv,2705,False,True,False,False,False,True,False,review_only_no_automatic_mutation
outputs/full_universe_source_acquisition/asx_raw_validation_next_actions_v2_20d.csv,.csv,950,False,True,False,False,False,True,False,review_only_no_automatic_mutation
outputs/full_universe_source_acquisition/asx_raw_validation_v2_20d.json,.json,23368,False,True,False,False,False,True,False,review_only_no_automatic_mutation
outputs/full_universe_source_acquisition/asx_raw_validation_v2_20d.md,.md,7422,False,True,False,False,False,True,False,review_only_no_automatic_mutation
outputs/full_universe_source_acquisition/cboe_europe_acquisition_contract_v2_11b.csv,.csv,3132,False,True,False,False,False,True,False,review_only_no_automatic_mutation
outputs/full_universe_source_acquisition/cboe_europe_acquisition_plan_v2_11b.json,.json,10903,False,True,False,False,False,True,False,review_only_no_automatic_mutation
outputs/full_universe_source_acquisition/cboe_europe_acquisition_plan_v2_11b.md,.md,3911,False,True,False,False,False,True,False,review_only_no_automatic_mutation
outputs/full_universe_source_acquisition/cboe_europe_acquisition_report_v2_11c.md,.md,1850,False,True,False,False,False,True,False,review_only_no_automatic_mutation
outputs/full_universe_source_acquisition/cboe_europe_closure_report_v2_11g.json,.json,5922,False,True,False,False,False,True,False,review_only_no_automatic_mutation
outputs/full_universe_source_acquisition/cboe_europe_closure_report_v2_11g.md,.md,4706,False,True,False,False,False,True,False,review_only_no_automatic_mutation
outputs/full_universe_source_acquisition/cboe_europe_closure_summary_v2_11g.csv,.csv,454,False,True,False,False,False,True,False,review_only_no_automatic_mutation
outputs/full_universe_source_acquisition/cboe_europe_csv_profile_v2_11d.csv,.csv,15299,False,True,False,False,False,True,False,review_only_no_automatic_mutation
outputs/full_universe_source_acquisition/cboe_europe_discovered_links_v2_11c.csv,.csv,3613,False,True,False,False,False,True,False,review_only_no_automatic_mutation
outputs/full_universe_source_acquisition/cboe_europe_download_manifest_v2_11c.csv,.csv,9082,False,True,False,False,False,True,False,review_only_no_automatic_mutation
outputs/full_universe_source_acquisition/cboe_europe_download_manifest_v2_11c.json,.json,25282,False,True,False,False,False,True,False,review_only_no_automatic_mutation
outputs/full_universe_source_acquisition/cboe_europe_expanded_validation_report_v2_11f.md,.md,2637,False,True,False,False,False,True,False,review_only_no_automatic_mutation
outputs/full_universe_source_acquisition/cboe_europe_expanded_validation_v2_11f.json,.json,6526,False,True,False,False,False,True,False,review_only_no_automatic_mutation
outputs/full_universe_source_acquisition/cboe_europe_planned_downloads_v2_11b.csv,.csv,1272,False,True,False,False,False,True,False,review_only_no_automatic_mutation
outputs/full_universe_source_acquisition/cboe_europe_planned_outputs_v2_11a.csv,.csv,785,False,True,False,False,False,True,False,review_only_no_automatic_mutation
outputs/full_universe_source_acquisition/cboe_europe_provider_breakdown_v2_11f.csv,.csv,175,False,True,False,False,False,True,False,review_only_no_automatic_mutation
outputs/full_universe_source_acquisition/cboe_europe_rebuild_report_v2_11e.json,.json,4191,False,True,False,False,False,True,False,review_only_no_automatic_mutation
outputs/full_universe_source_acquisition/cboe_europe_route_candidates_v2_11a.csv,.csv,1129,False,True,False,False,False,True,False,review_only_no_automatic_mutation
outputs/full_universe_source_acquisition/cboe_europe_route_v2_11a.json,.json,9559,False,True,False,False,False,True,False,review_only_no_automatic_mutation
outputs/full_universe_source_acquisition/cboe_europe_route_v2_11a.md,.md,6689,False,True,False,False,False,True,False,review_only_no_automatic_mutation
outputs/full_universe_source_acquisition/cboe_europe_validation_decision_v2_11d.csv,.csv,1016,False,True,False,False,False,True,False,review_only_no_automatic_mutation
outputs/full_universe_source_acquisition/cboe_europe_validation_report_v2_11d.md,.md,3780,False,True,False,False,False,True,False,review_only_no_automatic_mutation
outputs/full_universe_source_acquisition/cboe_europe_validation_v2_11d.json,.json,33181,False,True,False,False,False,True,False,review_only_no_automatic_mutation
outputs/full_universe_source_acquisition/cboe_listed_symbols_acquisition_real_v2_8b.json,.json,6853,False,True,False,False,False,True,False,review_only_no_automatic_mutation
outputs/full_universe_source_acquisition/cboe_listed_symbols_acquisition_real_v2_8b.md,.md,4498,False,True,False,False,False,True,False,review_only_no_automatic_mutation
outputs/full_universe_source_acquisition/cboe_listed_symbols_net_new_candidates_v2_8c.csv,.csv,430742,False,True,False,False,False,True,False,review_only_no_automatic_mutation
outputs/full_universe_source_acquisition/cboe_listed_symbols_normalized_candidate_v2_8c.csv,.csv,440485,False,True,False,False,False,True,False,review_only_no_automatic_mutation
outputs/full_universe_source_acquisition/cboe_listed_symbols_route_plan_v2_8a.json,.json,6181,False,True,False,False,False,True,False,review_only_no_automatic_mutation
outputs/full_universe_source_acquisition/cboe_listed_symbols_route_plan_v2_8a.md,.md,5342,False,True,False,False,False,True,False,review_only_no_automatic_mutation
outputs/full_universe_source_acquisition/cboe_listed_symbols_validation_sample_v2_8c.csv,.csv,18285,False,True,False,False,False,True,False,review_only_no_automatic_mutation
outputs/full_universe_source_acquisition/cboe_listed_symbols_validation_v2_8c.json,.json,6673,False,True,False,False,False,True,False,review_only_no_automatic_mutation
outputs/full_universe_source_acquisition/cboe_listed_symbols_validation_v2_8c.md,.md,4861,False,True,False,False,False,True,False,review_only_no_automatic_mutation
outputs/full_universe_source_acquisition/colombia_conditional_build_freeze_append_manifest_v2_21d_c.csv,.csv,1097,False,True,True,False,False,True,False,review_only_no_automatic_mutation
outputs/full_universe_source_acquisition/colombia_conditional_build_freeze_checks_v2_21d_c.csv,.csv,2569,False,True,False,False,False,True,False,review_only_no_automatic_mutation
outputs/full_universe_source_acquisition/colombia_conditional_build_freeze_next_actions_v2_21d_c.csv,.csv,776,False,True,False,False,False,True,False,review_only_no_automatic_mutation
outputs/full_universe_source_acquisition/colombia_conditional_build_freeze_summary_v2_21d_c.csv,.csv,1901,False,True,True,False,False,True,False,review_only_no_automatic_mutation
outputs/full_universe_source_acquisition/colombia_conditional_build_freeze_v2_21d_c.json,.json,12757,False,True,True,False,False,True,False,review_only_no_automatic_mutation
outputs/full_universe_source_acquisition/colombia_conditional_build_freeze_v2_21d_c.md,.md,4297,False,True,False,False,False,True,False,review_only_no_automatic_mutation
outputs/full_universe_source_acquisition/colombia_promotion_freeze_decision_checks_v2_21e_c.csv,.csv,3729,False,True,False,False,False,True,False,review_only_no_automatic_mutation
outputs/full_universe_source_acquisition/colombia_promotion_freeze_decision_decision_register_v2_21e_c.csv,.csv,820,False,True,False,False,False,True,False,review_only_no_automatic_mutation
outputs/full_universe_source_acquisition/colombia_promotion_freeze_decision_manifest_v2_21e_c.csv,.csv,1354,False,True,True,False,False,True,False,review_only_no_automatic_mutation
outputs/full_universe_source_acquisition/colombia_promotion_freeze_decision_next_actions_v2_21e_c.csv,.csv,753,False,True,False,False,False,True,False,review_only_no_automatic_mutation
outputs/full_universe_source_acquisition/colombia_promotion_freeze_decision_summary_v2_21e_c.csv,.csv,2155,False,True,True,False,False,True,False,review_only_no_automatic_mutation
outputs/full_universe_source_acquisition/colombia_promotion_freeze_decision_v2_21e_c.json,.json,18101,False,True,True,False,False,True,False,review_only_no_automatic_mutation
outputs/full_universe_source_acquisition/colombia_promotion_freeze_decision_v2_21e_c.md,.md,6779,False,True,False,False,False,True,False,review_only_no_automatic_mutation
outputs/full_universe_source_acquisition/colombia_regulatory_discovery_extraction_decision_checks_v2_21c3b.csv,.csv,2245,False,True,False,False,False,True,False,review_only_no_automatic_mutation
outputs/full_universe_source_acquisition/colombia_regulatory_discovery_extraction_decision_next_actions_v2_21c3b.csv,.csv,785,False,True,False,False,False,True,False,review_only_no_automatic_mutation
outputs/full_universe_source_acquisition/colombia_regulatory_discovery_extraction_decision_source_inventory_v2_21c3b.csv,.csv,4063,False,True,False,False,False,True,False,review_only_no_automatic_mutation
outputs/full_universe_source_acquisition/colombia_regulatory_discovery_extraction_decision_summary_v2_21c3b.csv,.csv,1763,False,True,True,False,False,True,False,review_only_no_automatic_mutation
outputs/full_universe_source_acquisition/colombia_regulatory_discovery_extraction_decision_v2_21c3b.json,.json,40651,False,True,True,False,False,True,False,review_only_no_automatic_mutation
outputs/full_universe_source_acquisition/colombia_regulatory_discovery_extraction_decision_v2_21c3b.md,.md,5953,False,True,False,False,False,True,False,review_only_no_automatic_mutation
outputs/full_universe_source_acquisition/controlled_nyse_provider_acquisition_plan_v2_5c.json,.json,5318,False,True,False,False,False,True,False,review_only_no_automatic_mutation
outputs/full_universe_source_acquisition/controlled_nyse_provider_acquisition_plan_v2_5c.md,.md,4209,False,True,False,False,False,True,False,review_only_no_automatic_mutation
outputs/full_universe_source_acquisition/controlled_nyse_provider_acquisition_real_v2_5d.json,.json,4162,False,True,False,False,False,True,False,review_only_no_automatic_mutation
outputs/full_universe_source_acquisition/controlled_nyse_provider_acquisition_real_v2_5d.md,.md,2304,False,True,False,False,False,True,False,review_only_no_automatic_mutation
outputs/full_universe_source_acquisition/country_breakdown_by_source_provider.csv,.csv,597,False,True,False,False,False,True,False,review_only_no_automatic_mutation
outputs/full_universe_source_acquisition/deutsche_boerse_xetra_acquisition_contract_v2_14b.csv,.csv,2952,False,True,False,False,False,True,False,review_only_no_automatic_mutation
outputs/full_universe_source_acquisition/deutsche_boerse_xetra_acquisition_plan_v2_14b.json,.json,9652,False,True,False,False,False,True,False,review_only_no_automatic_mutation
outputs/full_universe_source_acquisition/deutsche_boerse_xetra_acquisition_plan_v2_14b.md,.md,885,False,True,False,False,False,True,False,review_only_no_automatic_mutation
outputs/full_universe_source_acquisition/deutsche_boerse_xetra_acquisition_report_v2_14c.md,.md,1327,False,True,False,False,False,True,False,review_only_no_automatic_mutation
outputs/full_universe_source_acquisition/deutsche_boerse_xetra_closure_report_v2_14g.json,.json,2701,False,True,False,False,False,True,False,review_only_no_automatic_mutation
outputs/full_universe_source_acquisition/deutsche_boerse_xetra_closure_report_v2_14g.md,.md,2030,False,True,False,False,False,True,False,review_only_no_automatic_mutation
outputs/full_universe_source_acquisition/deutsche_boerse_xetra_corrected_validation_v2_14d3.json,.json,4689,False,True,False,False,False,True,False,review_only_no_automatic_mutation
outputs/full_universe_source_acquisition/deutsche_boerse_xetra_discovered_links_v2_14c.csv,.csv,479501,False,True,False,False,False,True,False,review_only_no_automatic_mutation
outputs/full_universe_source_acquisition/deutsche_boerse_xetra_download_manifest_v2_14c.csv,.csv,2437,False,True,False,False,False,True,False,review_only_no_automatic_mutation
outputs/full_universe_source_acquisition/deutsche_boerse_xetra_download_manifest_v2_14c.json,.json,5408,False,True,False,False,False,True,False,review_only_no_automatic_mutation
outputs/full_universe_source_acquisition/deutsche_boerse_xetra_expanded_validation_v2_14f.json,.json,5872,False,True,False,False,False,True,False,review_only_no_automatic_mutation
outputs/full_universe_source_acquisition/deutsche_boerse_xetra_expanded_validation_v2_14f.md,.md,3585,False,True,False,False,False,True,False,review_only_no_automatic_mutation
outputs/full_universe_source_acquisition/deutsche_boerse_xetra_provider_breakdown_v2_14f.csv,.csv,283,False,True,False,False,False,True,False,review_only_no_automatic_mutation
outputs/full_universe_source_acquisition/deutsche_boerse_xetra_taxonomy_validation_v2_14d4.json,.json,6252,False,True,False,False,False,True,False,review_only_no_automatic_mutation
outputs/full_universe_source_acquisition/deutsche_boerse_xetra_validation_questions_v2_14b.csv,.csv,981,False,True,False,False,False,True,False,review_only_no_automatic_mutation
outputs/full_universe_source_acquisition/deutsche_boerse_xetra_validation_v2_14d.json,.json,3715,False,True,False,False,False,True,False,review_only_no_automatic_mutation
outputs/full_universe_source_acquisition/euronext_acquisition_plan_v2_15b.json,.json,6612,False,True,False,False,False,True,False,review_only_no_automatic_mutation
outputs/full_universe_source_acquisition/euronext_acquisition_plan_v2_15b.md,.md,3963,False,True,False,False,False,True,False,review_only_no_automatic_mutation
outputs/full_universe_source_acquisition/euronext_candidate_endpoints_v2_15d.csv,.csv,337360,False,True,False,False,False,True,False,review_only_no_automatic_mutation
outputs/full_universe_source_acquisition/euronext_candidate_extraction_dry_run_v2_15f.json,.json,16553,False,True,False,False,False,True,False,review_only_no_automatic_mutation
outputs/full_universe_source_acquisition/euronext_candidate_extraction_dry_run_v2_15f.md,.md,5268,False,True,False,False,False,True,False,review_only_no_automatic_mutation
outputs/full_universe_source_acquisition/euronext_closure_decisions_v2_15g.csv,.csv,887,False,True,False,False,False,True,False,review_only_no_automatic_mutation
outputs/full_universe_source_acquisition/euronext_closure_evidence_matrix_v2_15g.csv,.csv,3400,False,True,False,False,False,True,False,review_only_no_automatic_mutation
outputs/full_universe_source_acquisition/euronext_closure_report_v2_15g.json,.json,12144,False,True,False,False,False,True,False,review_only_no_automatic_mutation
outputs/full_universe_source_acquisition/euronext_closure_report_v2_15g.md,.md,6698,False,True,False,False,False,True,False,review_only_no_automatic_mutation
outputs/full_universe_source_acquisition/euronext_controlled_endpoint_probe_v2_15f3.json,.json,41701,False,True,False,False,False,True,False,review_only_no_automatic_mutation
outputs/full_universe_source_acquisition/euronext_controlled_endpoint_probe_v2_15f3.md,.md,12448,False,True,False,False,False,True,False,review_only_no_automatic_mutation
outputs/full_universe_source_acquisition/euronext_discovered_links_v2_15c.json,.json,1250609,False,True,False,False,False,True,False,review_only_no_automatic_mutation
outputs/full_universe_source_acquisition/euronext_endpoint_candidate_extraction_dry_run_v2_15f5.json,.json,6621,False,True,False,False,False,True,False,review_only_no_automatic_mutation
outputs/full_universe_source_acquisition/euronext_endpoint_candidate_extraction_dry_run_v2_15f5.md,.md,3836,False,True,False,False,False,True,False,review_only_no_automatic_mutation
outputs/full_universe_source_acquisition/euronext_endpoint_candidate_extraction_quality_v2_15f5.csv,.csv,802,False,True,False,False,False,True,False,review_only_no_automatic_mutation
outputs/full_universe_source_acquisition/euronext_endpoint_payload_shape_validation_v2_15f4.json,.json,7516,False,True,False,False,False,True,False,review_only_no_automatic_mutation
outputs/full_universe_source_acquisition/euronext_endpoint_payload_shape_validation_v2_15f4.md,.md,4356,False,True,False,False,False,True,False,review_only_no_automatic_mutation
outputs/full_universe_source_acquisition/euronext_endpoint_probe_plan_v2_15f2.csv,.csv,594163,False,True,False,False,False,True,False,review_only_no_automatic_mutation
outputs/full_universe_source_acquisition/euronext_extraction_quality_v2_15f.csv,.csv,2308,False,True,False,False,False,True,False,review_only_no_automatic_mutation
outputs/full_universe_source_acquisition/euronext_extraction_strategy_revision_v2_15f2.json,.json,52801,False,True,False,False,False,True,False,review_only_no_automatic_mutation
outputs/full_universe_source_acquisition/euronext_extraction_strategy_revision_v2_15f2.md,.md,7688,False,True,False,False,False,True,False,review_only_no_automatic_mutation
outputs/full_universe_source_acquisition/euronext_raw_acquisition_manifest_v2_15c.json,.json,12395,False,True,False,False,False,True,False,review_only_no_automatic_mutation
outputs/full_universe_source_acquisition/euronext_raw_acquisition_report_v2_15c.md,.md,3468,False,True,False,False,False,True,False,review_only_no_automatic_mutation
outputs/full_universe_source_acquisition/euronext_raw_file_diagnostics_v2_15d.csv,.csv,3633,False,True,False,False,False,True,False,review_only_no_automatic_mutation
outputs/full_universe_source_acquisition/euronext_rebuild_candidate_prep_v2_15e.json,.json,33812,False,True,False,False,False,True,False,review_only_no_automatic_mutation
outputs/full_universe_source_acquisition/euronext_rebuild_candidate_prep_v2_15e.md,.md,7117,False,True,False,False,False,True,False,review_only_no_automatic_mutation
outputs/full_universe_source_acquisition/euronext_source_candidates_v2_15b.csv,.csv,1944,False,True,False,False,False,True,False,review_only_no_automatic_mutation
outputs/full_universe_source_acquisition/euronext_source_strategy_v2_15e.csv,.csv,332475,False,True,False,False,False,True,False,review_only_no_automatic_mutation
outputs/full_universe_source_acquisition/euronext_strategy_decisions_v2_15f2.csv,.csv,722,False,True,False,False,False,True,False,review_only_no_automatic_mutation
outputs/full_universe_source_acquisition/euronext_validation_v2_15d.json,.json,33688,False,True,False,False,False,True,False,review_only_no_automatic_mutation
outputs/full_universe_source_acquisition/euronext_validation_v2_15d.md,.md,6524,False,True,False,False,False,True,False,review_only_no_automatic_mutation
outputs/full_universe_source_acquisition/expanded_source_builder_real_v2_4b.json,.json,3370,False,True,False,False,False,True,False,review_only_no_automatic_mutation
outputs/full_universe_source_acquisition/expanded_source_builder_real_v2_4b.md,.md,2285,False,True,False,False,False,True,False,review_only_no_automatic_mutation
outputs/full_universe_source_acquisition/expanded_source_builder_skeleton_v2_3e.json,.json,8112,False,True,False,False,False,True,False,review_only_no_automatic_mutation
outputs/full_universe_source_acquisition/expanded_source_builder_skeleton_v2_3e.md,.md,3222,False,True,False,False,False,True,False,review_only_no_automatic_mutation
outputs/full_universe_source_acquisition/expanded_source_partial_closure_v2_4d.json,.json,3727,False,True,False,False,False,True,False,review_only_no_automatic_mutation
outputs/full_universe_source_acquisition/expanded_source_partial_closure_v2_4d.md,.md,3657,False,True,False,False,False,True,False,review_only_no_automatic_mutation
outputs/full_universe_source_acquisition/expanded_source_revalidation_gate_v2_5a.json,.json,2621,False,True,False,False,False,True,False,review_only_no_automatic_mutation
outputs/full_universe_source_acquisition/expanded_source_revalidation_gate_v2_5a.md,.md,1991,False,True,False,False,False,True,False,review_only_no_automatic_mutation
outputs/full_universe_source_acquisition/expanded_source_validation_real_v2_4c.json,.json,3534,False,True,False,False,False,True,False,review_only_no_automatic_mutation
outputs/full_universe_source_acquisition/expanded_source_validation_real_v2_4c.md,.md,2703,False,True,False,False,False,True,False,review_only_no_automatic_mutation
outputs/full_universe_source_acquisition/expanded_source_validation_v2_3f.json,.json,3479,False,True,False,False,False,True,False,review_only_no_automatic_mutation
outputs/full_universe_source_acquisition/expanded_source_validation_v2_3f.md,.md,2078,False,True,False,False,False,True,False,review_only_no_automatic_mutation
outputs/full_universe_source_acquisition/expanded_source_with_cboe_closure_report_v2_8g.json,.json,5342,False,True,False,False,False,True,False,review_only_no_automatic_mutation
outputs/full_universe_source_acquisition/expanded_source_with_cboe_closure_report_v2_8g.md,.md,4451,False,True,False,False,False,True,False,review_only_no_automatic_mutation
outputs/full_universe_source_acquisition/expanded_source_with_sec_closure_report_v2_7d.json,.json,4953,False,True,False,False,False,True,False,review_only_no_automatic_mutation
outputs/full_universe_source_acquisition/expanded_source_with_sec_closure_report_v2_7d.md,.md,4007,False,True,False,False,False,True,False,review_only_no_automatic_mutation
outputs/full_universe_source_acquisition/final_v2_21_closure_artifact_manifest.csv,.csv,1123,False,True,True,True,False,True,False,review_only_no_automatic_mutation
outputs/full_universe_source_acquisition/final_v2_21_closure_checks.csv,.csv,2582,False,True,False,False,False,True,False,review_only_no_automatic_mutation
outputs/full_universe_source_acquisition/final_v2_21_closure_decision_register.csv,.csv,903,False,True,False,False,False,True,False,review_only_no_automatic_mutation
outputs/full_universe_source_acquisition/final_v2_21_closure_next_actions.csv,.csv,822,False,True,False,False,False,True,False,review_only_no_automatic_mutation
outputs/full_universe_source_acquisition/final_v2_21_closure_phase_register.csv,.csv,3996,False,True,False,False,False,True,False,review_only_no_automatic_mutation
outputs/full_universe_source_acquisition/final_v2_21_closure_report.json,.json,24665,False,True,True,True,False,True,False,review_only_no_automatic_mutation
outputs/full_universe_source_acquisition/final_v2_21_closure_report.md,.md,7428,False,True,False,True,False,True,False,review_only_no_automatic_mutation
outputs/full_universe_source_acquisition/final_v2_21_closure_summary.csv,.csv,1992,False,True,True,True,False,True,False,review_only_no_automatic_mutation
outputs/full_universe_source_acquisition/full_universe_source_acquisition_audit_v2_3a.json,.json,34302,False,True,False,False,False,True,False,review_only_no_automatic_mutation
outputs/full_universe_source_acquisition/full_universe_source_acquisition_audit_v2_3a.md,.md,3541,False,True,False,False,False,True,False,review_only_no_automatic_mutation
outputs/full_universe_source_acquisition/full_universe_source_candidates_v2_3a.csv,.csv,23179,False,True,False,False,False,True,False,review_only_no_automatic_mutation
outputs/full_universe_source_acquisition/full_universe_source_strategy_v2_3b.json,.json,6092,False,True,False,False,False,True,False,review_only_no_automatic_mutation
outputs/full_universe_source_acquisition/full_universe_source_strategy_v2_3b.md,.md,3830,False,True,False,False,False,True,False,review_only_no_automatic_mutation
outputs/full_universe_source_acquisition/hkex_acquisition_plan_checks_v2_19k.csv,.csv,2428,False,True,False,False,False,True,False,review_only_no_automatic_mutation
outputs/full_universe_source_acquisition/hkex_acquisition_plan_filtering_policy_v2_19k.csv,.csv,1182,False,True,False,False,False,True,False,review_only_no_automatic_mutation
outputs/full_universe_source_acquisition/hkex_acquisition_plan_next_actions_v2_19k.csv,.csv,719,False,True,False,False,False,True,False,review_only_no_automatic_mutation
outputs/full_universe_source_acquisition/hkex_acquisition_plan_risk_register_v2_19k.csv,.csv,999,False,True,False,False,False,True,False,review_only_no_automatic_mutation
outputs/full_universe_source_acquisition/hkex_acquisition_plan_source_inventory_v2_19k.csv,.csv,2538,False,True,False,False,False,True,False,review_only_no_automatic_mutation
outputs/full_universe_source_acquisition/hkex_acquisition_plan_v2_12b.json,.json,8343,False,True,False,False,False,True,False,review_only_no_automatic_mutation
outputs/full_universe_source_acquisition/hkex_acquisition_plan_v2_12b.md,.md,4611,False,True,False,False,False,True,False,review_only_no_automatic_mutation
outputs/full_universe_source_acquisition/hkex_acquisition_plan_v2_19k.json,.json,8549,False,True,False,False,False,True,False,review_only_no_automatic_mutation
outputs/full_universe_source_acquisition/hkex_acquisition_plan_v2_19k.md,.md,7235,False,True,False,False,False,True,False,review_only_no_automatic_mutation
outputs/full_universe_source_acquisition/hkex_acquisition_plan_validation_strategy_v2_19k.csv,.csv,838,False,True,False,False,False,True,False,review_only_no_automatic_mutation
outputs/full_universe_source_acquisition/hkex_candidate_extraction_dry_run_checks_v2_19n.csv,.csv,3560,False,True,False,False,False,True,False,review_only_no_automatic_mutation
outputs/full_universe_source_acquisition/hkex_candidate_extraction_dry_run_field_mapping_v2_19n.csv,.csv,817,False,True,False,False,False,True,False,review_only_no_automatic_mutation
outputs/full_universe_source_acquisition/hkex_candidate_extraction_dry_run_next_actions_v2_19n.csv,.csv,874,False,True,False,False,False,True,False,review_only_no_automatic_mutation
outputs/full_universe_source_acquisition/hkex_candidate_extraction_dry_run_quality_summary_v2_19n.csv,.csv,1417,False,True,False,False,False,True,False,review_only_no_automatic_mutation
outputs/full_universe_source_acquisition/hkex_candidate_extraction_dry_run_v2_19n.json,.json,10430,False,True,False,False,False,True,False,review_only_no_automatic_mutation
outputs/full_universe_source_acquisition/hkex_candidate_extraction_dry_run_v2_19n.md,.md,7572,False,True,False,False,False,True,False,review_only_no_automatic_mutation
outputs/full_universe_source_acquisition/hkex_candidate_preview_diagnostic_v2_12d.csv,.csv,27429,False,True,False,False,False,True,False,review_only_no_automatic_mutation
outputs/full_universe_source_acquisition/hkex_closure_report_checks_v2_19r.csv,.csv,2272,False,True,False,False,False,True,False,review_only_no_automatic_mutation
outputs/full_universe_source_acquisition/hkex_closure_report_dataset_summary_v2_19r.csv,.csv,835,False,True,False,False,False,True,False,review_only_no_automatic_mutation
outputs/full_universe_source_acquisition/hkex_closure_report_next_actions_v2_19r.csv,.csv,598,False,True,False,False,False,True,False,review_only_no_automatic_mutation
outputs/full_universe_source_acquisition/hkex_closure_report_outcome_v2_19r.csv,.csv,1128,False,True,False,False,False,True,False,review_only_no_automatic_mutation
outputs/full_universe_source_acquisition/hkex_closure_report_phase_summary_v2_19r.csv,.csv,3133,False,True,False,False,False,True,False,review_only_no_automatic_mutation
outputs/full_universe_source_acquisition/hkex_closure_report_roadmap_v2_19r.csv,.csv,1064,False,True,False,False,False,True,False,review_only_no_automatic_mutation
outputs/full_universe_source_acquisition/hkex_closure_report_v2_12g.json,.json,3992,False,True,False,False,False,True,False,review_only_no_automatic_mutation
outputs/full_universe_source_acquisition/hkex_closure_report_v2_12g.md,.md,3771,False,True,False,False,False,True,False,review_only_no_automatic_mutation
outputs/full_universe_source_acquisition/hkex_closure_report_v2_19r.json,.json,18027,False,True,False,False,False,True,False,review_only_no_automatic_mutation
outputs/full_universe_source_acquisition/hkex_closure_report_v2_19r.md,.md,9657,False,True,False,False,False,True,False,review_only_no_automatic_mutation
outputs/full_universe_source_acquisition/hkex_closure_summary_v2_12g.csv,.csv,580,False,True,False,False,False,True,False,review_only_no_automatic_mutation
outputs/full_universe_source_acquisition/hkex_expanded_rebuild_candidate_appended_rows_v2_19p.csv,.csv,283154,False,True,False,False,False,True,False,review_only_no_automatic_mutation
outputs/full_universe_source_acquisition/hkex_expanded_rebuild_candidate_checks_v2_19p.csv,.csv,2724,False,True,False,False,False,True,False,review_only_no_automatic_mutation
outputs/full_universe_source_acquisition/hkex_expanded_rebuild_candidate_next_actions_v2_19p.csv,.csv,517,False,True,False,False,False,True,False,review_only_no_automatic_mutation
outputs/full_universe_source_acquisition/hkex_expanded_rebuild_candidate_rowcount_audit_v2_19p.csv,.csv,1688,False,True,False,False,False,True,False,review_only_no_automatic_mutation
outputs/full_universe_source_acquisition/hkex_expanded_rebuild_candidate_v2_19p.json,.json,9953,False,True,False,False,False,True,False,review_only_no_automatic_mutation
outputs/full_universe_source_acquisition/hkex_expanded_rebuild_candidate_v2_19p.md,.md,7632,False,True,False,False,False,True,False,review_only_no_automatic_mutation
outputs/full_universe_source_acquisition/hkex_expanded_validation_appended_tail_v2_19q.csv,.csv,800,False,True,False,False,False,True,False,review_only_no_automatic_mutation
outputs/full_universe_source_acquisition/hkex_expanded_validation_checks_v2_19q.csv,.csv,3119,False,True,False,False,False,True,False,review_only_no_automatic_mutation
outputs/full_universe_source_acquisition/hkex_expanded_validation_duplicates_v2_19q.csv,.csv,1642,False,True,False,False,False,True,False,review_only_no_automatic_mutation
outputs/full_universe_source_acquisition/hkex_expanded_validation_next_actions_v2_19q.csv,.csv,547,False,True,False,False,False,True,False,review_only_no_automatic_mutation
outputs/full_universe_source_acquisition/hkex_expanded_validation_report_v2_12f.md,.md,3302,False,True,False,False,False,True,False,review_only_no_automatic_mutation
outputs/full_universe_source_acquisition/hkex_expanded_validation_rowcount_v2_19q.csv,.csv,797,False,True,False,False,False,True,False,review_only_no_automatic_mutation
outputs/full_universe_source_acquisition/hkex_expanded_validation_schema_v2_19q.csv,.csv,1530,False,True,False,False,False,True,False,review_only_no_automatic_mutation
outputs/full_universe_source_acquisition/hkex_expanded_validation_v2_12f.json,.json,5873,False,True,False,False,False,True,False,review_only_no_automatic_mutation
outputs/full_universe_source_acquisition/hkex_expanded_validation_v2_19q.json,.json,10754,False,True,False,False,False,True,False,review_only_no_automatic_mutation
outputs/full_universe_source_acquisition/hkex_expanded_validation_v2_19q.md,.md,7642,False,True,False,False,False,True,False,review_only_no_automatic_mutation
outputs/full_universe_source_acquisition/hkex_provider_breakdown_v2_12f.csv,.csv,209,False,True,False,False,False,True,False,review_only_no_automatic_mutation
outputs/full_universe_source_acquisition/hkex_raw_acquisition_checks_v2_19l.csv,.csv,2769,False,True,False,False,False,True,False,review_only_no_automatic_mutation
outputs/full_universe_source_acquisition/hkex_raw_acquisition_next_actions_v2_19l.csv,.csv,741,False,True,False,False,False,True,False,review_only_no_automatic_mutation
outputs/full_universe_source_acquisition/hkex_raw_acquisition_repair_checks_v2_19l_fix.csv,.csv,2734,False,True,False,False,False,True,False,review_only_no_automatic_mutation
outputs/full_universe_source_acquisition/hkex_raw_acquisition_repair_next_actions_v2_19l_fix.csv,.csv,786,False,True,False,False,False,True,False,review_only_no_automatic_mutation
outputs/full_universe_source_acquisition/hkex_raw_acquisition_repair_v2_19l_fix.json,.json,9355,False,True,False,False,False,True,False,review_only_no_automatic_mutation
outputs/full_universe_source_acquisition/hkex_raw_acquisition_repair_v2_19l_fix.md,.md,7212,False,True,False,False,False,True,False,review_only_no_automatic_mutation
outputs/full_universe_source_acquisition/hkex_raw_acquisition_v2_19l.json,.json,9511,False,True,False,False,False,True,False,review_only_no_automatic_mutation
outputs/full_universe_source_acquisition/hkex_raw_acquisition_v2_19l.md,.md,7017,False,True,False,False,False,True,False,review_only_no_automatic_mutation
outputs/full_universe_source_acquisition/hkex_raw_validation_artifact_audit_v2_19m.csv,.csv,2840,False,True,False,False,False,True,False,review_only_no_automatic_mutation
outputs/full_universe_source_acquisition/hkex_raw_validation_checks_v2_19m.csv,.csv,3210,False,True,False,False,False,True,False,review_only_no_automatic_mutation
outputs/full_universe_source_acquisition/hkex_raw_validation_next_actions_v2_19m.csv,.csv,859,False,True,False,False,False,True,False,review_only_no_automatic_mutation
outputs/full_universe_source_acquisition/hkex_raw_validation_source_readiness_v2_19m.csv,.csv,1463,False,True,False,False,False,True,False,review_only_no_automatic_mutation
outputs/full_universe_source_acquisition/hkex_raw_validation_v2_19m.json,.json,10600,False,True,False,False,False,True,False,review_only_no_automatic_mutation
outputs/full_universe_source_acquisition/hkex_raw_validation_v2_19m.md,.md,11237,False,True,False,False,False,True,False,review_only_no_automatic_mutation
outputs/full_universe_source_acquisition/hkex_repaired_raw_validation_checks_v2_19m_fix.csv,.csv,3325,False,True,False,False,False,True,False,review_only_no_automatic_mutation
outputs/full_universe_source_acquisition/hkex_repaired_raw_validation_next_actions_v2_19m_fix.csv,.csv,705,False,True,False,False,False,True,False,review_only_no_automatic_mutation
outputs/full_universe_source_acquisition/hkex_repaired_raw_validation_v2_19m_fix.json,.json,10910,False,True,False,False,False,True,False,review_only_no_automatic_mutation
outputs/full_universe_source_acquisition/hkex_repaired_raw_validation_v2_19m_fix.md,.md,8526,False,True,False,False,False,True,False,review_only_no_automatic_mutation
outputs/full_universe_source_acquisition/hkex_validation_decision_v2_12d.csv,.csv,601,False,True,False,False,False,True,False,review_only_no_automatic_mutation
outputs/full_universe_source_acquisition/hkex_validation_questions_v2_12b.csv,.csv,825,False,True,False,False,False,True,False,review_only_no_automatic_mutation
outputs/full_universe_source_acquisition/hkex_validation_v2_12d.json,.json,4534,False,True,False,False,False,True,False,review_only_no_automatic_mutation
outputs/full_universe_source_acquisition/jpx_accepted_rows_v2_13e.csv,.csv,269120,False,True,False,False,False,True,False,review_only_no_automatic_mutation
outputs/full_universe_source_acquisition/jpx_acquisition_plan_v2_13b.json,.json,9458,False,True,False,False,False,True,False,review_only_no_automatic_mutation
outputs/full_universe_source_acquisition/jpx_acquisition_plan_v2_13b.md,.md,5030,False,True,False,False,False,True,False,review_only_no_automatic_mutation
outputs/full_universe_source_acquisition/jpx_candidate_preview_diagnostic_v2_13d.csv,.csv,33276,False,True,False,False,False,True,False,review_only_no_automatic_mutation
outputs/full_universe_source_acquisition/jpx_closure_report_v2_13g.json,.json,5331,False,True,False,False,False,True,False,review_only_no_automatic_mutation
outputs/full_universe_source_acquisition/jpx_closure_report_v2_13g.md,.md,3188,False,True,False,False,False,True,False,review_only_no_automatic_mutation
outputs/full_universe_source_acquisition/jpx_excluded_rows_v2_13e.csv,.csv,77255,False,True,False,False,False,True,False,review_only_no_automatic_mutation
outputs/full_universe_source_acquisition/jpx_expanded_validation_report_v2_13f.md,.md,3892,False,True,False,False,False,True,False,review_only_no_automatic_mutation
outputs/full_universe_source_acquisition/jpx_expanded_validation_v2_13f.json,.json,6530,False,True,False,False,False,True,False,review_only_no_automatic_mutation
outputs/full_universe_source_acquisition/jpx_rebuild_report_v2_13e.md,.md,2696,False,True,False,False,False,True,False,review_only_no_automatic_mutation
outputs/full_universe_source_acquisition/jpx_rebuild_summary_v2_13e.json,.json,4989,False,True,False,False,False,True,False,review_only_no_automatic_mutation
outputs/full_universe_source_acquisition/jpx_validation_decision_v2_13d.csv,.csv,588,False,True,False,False,False,True,False,review_only_no_automatic_mutation
outputs/full_universe_source_acquisition/jpx_validation_questions_v2_13b.csv,.csv,940,False,True,False,False,False,True,False,review_only_no_automatic_mutation
outputs/full_universe_source_acquisition/jpx_validation_v2_13d.json,.json,5114,False,True,False,False,False,True,False,review_only_no_automatic_mutation
outputs/full_universe_source_acquisition/krx_acquisition_plan_checks_v2_19b.csv,.csv,2823,False,True,False,False,False,True,False,review_only_no_automatic_mutation
outputs/full_universe_source_acquisition/krx_acquisition_plan_instrument_filters_v2_19b.csv,.csv,1297,False,True,False,False,False,True,False,review_only_no_automatic_mutation
outputs/full_universe_source_acquisition/krx_acquisition_plan_source_inventory_v2_19b.csv,.csv,2724,False,True,False,False,False,True,False,review_only_no_automatic_mutation
outputs/full_universe_source_acquisition/krx_acquisition_plan_v2_19b.json,.json,19525,False,True,False,False,False,True,False,review_only_no_automatic_mutation
outputs/full_universe_source_acquisition/krx_acquisition_plan_v2_19b.md,.md,9011,False,True,False,False,False,True,False,review_only_no_automatic_mutation
outputs/full_universe_source_acquisition/krx_acquisition_plan_validation_strategy_v2_19b.csv,.csv,1498,False,True,False,False,False,True,False,review_only_no_automatic_mutation
outputs/full_universe_source_acquisition/krx_closure_report_checks_v2_19i.csv,.csv,2894,False,True,False,False,False,True,False,review_only_no_automatic_mutation
outputs/full_universe_source_acquisition/krx_closure_report_evidence_matrix_v2_19i.csv,.csv,1329,False,True,False,False,False,True,False,review_only_no_automatic_mutation
outputs/full_universe_source_acquisition/krx_closure_report_next_actions_v2_19i.csv,.csv,894,False,True,False,False,False,True,False,review_only_no_automatic_mutation
outputs/full_universe_source_acquisition/krx_closure_report_phase_summary_v2_19i.csv,.csv,2289,False,True,False,False,False,True,False,review_only_no_automatic_mutation
outputs/full_universe_source_acquisition/krx_closure_report_route_decision_v2_19i.csv,.csv,530,False,True,False,False,False,True,False,review_only_no_automatic_mutation
outputs/full_universe_source_acquisition/krx_closure_report_skipped_phases_v2_19i.csv,.csv,523,False,True,False,False,False,True,False,review_only_no_automatic_mutation
outputs/full_universe_source_acquisition/krx_closure_report_v2_19i.json,.json,10253,False,True,False,False,False,True,False,review_only_no_automatic_mutation
outputs/full_universe_source_acquisition/krx_closure_report_v2_19i.md,.md,8705,False,True,False,False,False,True,False,review_only_no_automatic_mutation
outputs/full_universe_source_acquisition/krx_raw_acquisition_checks_v2_19c.csv,.csv,2490,False,True,False,False,False,True,False,review_only_no_automatic_mutation
outputs/full_universe_source_acquisition/krx_raw_acquisition_manifest_v2_19c.csv,.csv,4763,False,True,False,False,False,True,False,review_only_no_automatic_mutation
outputs/full_universe_source_acquisition/krx_raw_acquisition_next_actions_v2_19c.csv,.csv,704,False,True,False,False,False,True,False,review_only_no_automatic_mutation
outputs/full_universe_source_acquisition/krx_raw_acquisition_repair_checks_v2_19c_fix.csv,.csv,2873,False,True,False,False,False,True,False,review_only_no_automatic_mutation
outputs/full_universe_source_acquisition/krx_raw_acquisition_repair_manifest_v2_19c_fix.csv,.csv,12698,False,True,False,False,False,True,False,review_only_no_automatic_mutation
outputs/full_universe_source_acquisition/krx_raw_acquisition_repair_next_actions_v2_19c_fix.csv,.csv,967,False,True,False,False,False,True,False,review_only_no_automatic_mutation
outputs/full_universe_source_acquisition/krx_raw_acquisition_repair_v2_19c_fix.json,.json,9079,False,True,False,False,False,True,False,review_only_no_automatic_mutation
outputs/full_universe_source_acquisition/krx_raw_acquisition_repair_v2_19c_fix.md,.md,11512,False,True,False,False,False,True,False,review_only_no_automatic_mutation
outputs/full_universe_source_acquisition/krx_raw_acquisition_source_diagnostics_v2_19c.csv,.csv,835,False,True,False,False,False,True,False,review_only_no_automatic_mutation
outputs/full_universe_source_acquisition/krx_raw_acquisition_v2_19c.json,.json,8126,False,True,False,False,False,True,False,review_only_no_automatic_mutation
outputs/full_universe_source_acquisition/krx_raw_acquisition_v2_19c.md,.md,7262,False,True,False,False,False,True,False,review_only_no_automatic_mutation
outputs/full_universe_source_acquisition/krx_raw_validation_artifact_audit_v2_19d.csv,.csv,4333,False,True,False,False,False,True,False,review_only_no_automatic_mutation
outputs/full_universe_source_acquisition/krx_raw_validation_checks_v2_19d.csv,.csv,2246,False,True,False,False,False,True,False,review_only_no_automatic_mutation
outputs/full_universe_source_acquisition/krx_raw_validation_source_readiness_v2_19d.csv,.csv,834,False,True,False,False,False,True,False,review_only_no_automatic_mutation
outputs/full_universe_source_acquisition/krx_raw_validation_v2_19d.json,.json,7689,False,True,False,False,False,True,False,review_only_no_automatic_mutation
outputs/full_universe_source_acquisition/krx_raw_validation_v2_19d.md,.md,7994,False,True,False,False,False,True,False,review_only_no_automatic_mutation
outputs/full_universe_source_acquisition/krx_repaired_raw_validation_artifact_audit_v2_19d_fix.csv,.csv,12748,False,True,False,False,False,True,False,review_only_no_automatic_mutation
outputs/full_universe_source_acquisition/krx_repaired_raw_validation_checks_v2_19d_fix.csv,.csv,2770,False,True,False,False,False,True,False,review_only_no_automatic_mutation
outputs/full_universe_source_acquisition/krx_repaired_raw_validation_issue_audit_v2_19d_fix.csv,.csv,6010,False,True,False,False,False,True,False,review_only_no_automatic_mutation
outputs/full_universe_source_acquisition/krx_repaired_raw_validation_next_actions_v2_19d_fix.csv,.csv,865,False,True,False,False,False,True,False,review_only_no_automatic_mutation
outputs/full_universe_source_acquisition/krx_repaired_raw_validation_source_readiness_v2_19d_fix.csv,.csv,1337,False,True,False,False,False,True,False,review_only_no_automatic_mutation
outputs/full_universe_source_acquisition/krx_repaired_raw_validation_v2_19d_fix.json,.json,9151,False,True,False,False,False,True,False,review_only_no_automatic_mutation
outputs/full_universe_source_acquisition/krx_repaired_raw_validation_v2_19d_fix.md,.md,13890,False,True,False,False,False,True,False,review_only_no_automatic_mutation
outputs/full_universe_source_acquisition/lse_acquisition_plan_v2_10b.json,.json,10360,False,True,False,False,False,True,False,review_only_no_automatic_mutation
outputs/full_universe_source_acquisition/lse_acquisition_plan_v2_10b.md,.md,8844,False,True,False,False,False,True,False,review_only_no_automatic_mutation
outputs/full_universe_source_acquisition/lse_acquisition_real_v2_10c.json,.json,5645,False,True,False,False,False,True,False,review_only_no_automatic_mutation
outputs/full_universe_source_acquisition/lse_acquisition_real_v2_10c.md,.md,5133,False,True,False,False,False,True,False,review_only_no_automatic_mutation
outputs/full_universe_source_acquisition/lse_closure_report_v2_10g.json,.json,4531,False,True,False,False,False,True,False,review_only_no_automatic_mutation
outputs/full_universe_source_acquisition/lse_closure_report_v2_10g.md,.md,3892,False,True,False,False,False,True,False,review_only_no_automatic_mutation
outputs/full_universe_source_acquisition/lse_closure_summary_v2_10g.csv,.csv,738,False,True,False,False,False,True,False,review_only_no_automatic_mutation
outputs/full_universe_source_acquisition/lse_discovered_links_v2_10b.csv,.csv,1191,False,True,False,False,False,True,False,review_only_no_automatic_mutation
outputs/full_universe_source_acquisition/lse_route_probe_v2_10b.csv,.csv,907,False,True,False,False,False,True,False,review_only_no_automatic_mutation
outputs/full_universe_source_acquisition/lse_validation_v2_10d.json,.json,4702,False,True,False,False,False,True,False,review_only_no_automatic_mutation
outputs/full_universe_source_acquisition/lse_validation_v2_10d.md,.md,4228,False,True,False,False,False,True,False,review_only_no_automatic_mutation
outputs/full_universe_source_acquisition/next_official_provider_route_v2_6a.json,.json,6843,False,True,False,False,False,True,False,review_only_no_automatic_mutation
outputs/full_universe_source_acquisition/next_official_provider_route_v2_6a.md,.md,4638,False,True,False,False,False,True,False,review_only_no_automatic_mutation
outputs/full_universe_source_acquisition/next_official_provider_route_v2_9a.json,.json,7711,False,True,False,False,False,True,False,review_only_no_automatic_mutation
outputs/full_universe_source_acquisition/next_official_provider_route_v2_9a.md,.md,7000,False,True,False,False,False,True,False,review_only_no_automatic_mutation
outputs/full_universe_source_acquisition/next_provider_acquisition_plan_v2_5b.json,.json,4005,False,True,False,False,False,True,False,review_only_no_automatic_mutation
outputs/full_universe_source_acquisition/next_provider_acquisition_plan_v2_5b.md,.md,3356,False,True,False,False,False,True,False,review_only_no_automatic_mutation
outputs/full_universe_source_acquisition/next_provider_route_candidates_v2_12a.csv,.csv,3383,False,True,False,False,False,True,False,review_only_no_automatic_mutation
outputs/full_universe_source_acquisition/next_provider_route_candidates_v2_13a.csv,.csv,3389,False,True,False,False,False,True,False,review_only_no_automatic_mutation
outputs/full_universe_source_acquisition/next_provider_route_candidates_v2_14a.csv,.csv,1701,False,True,False,False,False,True,False,review_only_no_automatic_mutation
outputs/full_universe_source_acquisition/next_provider_route_candidates_v2_17a.csv,.csv,3143,False,True,False,False,False,True,False,review_only_no_automatic_mutation
outputs/full_universe_source_acquisition/next_provider_route_decision_log_v2_17a.csv,.csv,944,False,True,False,False,False,True,False,review_only_no_automatic_mutation
outputs/full_universe_source_acquisition/next_provider_route_decision_v2_18a.csv,.csv,853,False,True,False,False,False,True,False,review_only_no_automatic_mutation
outputs/full_universe_source_acquisition/next_provider_route_selection_after_krx_blocklist_v2_19j.csv,.csv,863,False,True,False,False,False,True,False,review_only_no_automatic_mutation
outputs/full_universe_source_acquisition/next_provider_route_selection_after_krx_candidates_v2_19j.csv,.csv,2669,False,True,False,False,False,True,False,review_only_no_automatic_mutation
outputs/full_universe_source_acquisition/next_provider_route_selection_after_krx_checks_v2_19j.csv,.csv,2388,False,True,False,False,False,True,False,review_only_no_automatic_mutation
outputs/full_universe_source_acquisition/next_provider_route_selection_after_krx_next_actions_v2_19j.csv,.csv,696,False,True,False,False,False,True,False,review_only_no_automatic_mutation
outputs/full_universe_source_acquisition/next_provider_route_selection_after_krx_v2_19j.json,.json,8852,False,True,False,False,False,True,False,review_only_no_automatic_mutation
outputs/full_universe_source_acquisition/next_provider_route_selection_after_krx_v2_19j.md,.md,6587,False,True,False,False,False,True,False,review_only_no_automatic_mutation
outputs/full_universe_source_acquisition/next_provider_route_selection_checks_v2_19a.csv,.csv,2219,False,True,False,False,False,True,False,review_only_no_automatic_mutation
outputs/full_universe_source_acquisition/next_provider_route_selection_v2_17a.json,.json,13028,False,True,False,False,False,True,False,review_only_no_automatic_mutation
outputs/full_universe_source_acquisition/next_provider_route_selection_v2_17a.md,.md,4379,False,True,False,False,False,True,False,review_only_no_automatic_mutation
outputs/full_universe_source_acquisition/next_provider_route_selection_v2_18a.json,.json,6704,False,True,False,False,False,True,False,review_only_no_automatic_mutation
outputs/full_universe_source_acquisition/next_provider_route_selection_v2_18a.md,.md,5436,False,True,False,False,False,True,False,review_only_no_automatic_mutation
outputs/full_universe_source_acquisition/next_provider_route_selection_v2_19a.json,.json,11976,False,True,False,False,False,True,False,review_only_no_automatic_mutation
outputs/full_universe_source_acquisition/next_provider_route_selection_v2_19a.md,.md,6603,False,True,False,False,False,True,False,review_only_no_automatic_mutation
outputs/full_universe_source_acquisition/next_provider_route_v2_10a.json,.json,7606,False,True,False,False,False,True,False,review_only_no_automatic_mutation
outputs/full_universe_source_acquisition/next_provider_route_v2_10a.md,.md,6999,False,True,False,False,False,True,False,review_only_no_automatic_mutation
outputs/full_universe_source_acquisition/next_provider_route_v2_12a.json,.json,9099,False,True,False,False,False,True,False,review_only_no_automatic_mutation
outputs/full_universe_source_acquisition/next_provider_route_v2_12a.md,.md,4302,False,True,False,False,False,True,False,review_only_no_automatic_mutation
outputs/full_universe_source_acquisition/next_provider_route_v2_13a.json,.json,8948,False,True,False,False,False,True,False,review_only_no_automatic_mutation
outputs/full_universe_source_acquisition/next_provider_route_v2_13a.md,.md,4653,False,True,False,False,False,True,False,review_only_no_automatic_mutation
outputs/full_universe_source_acquisition/next_provider_route_v2_14a.json,.json,6977,False,True,False,False,False,True,False,review_only_no_automatic_mutation
outputs/full_universe_source_acquisition/next_provider_route_v2_14a.md,.md,3286,False,True,False,False,False,True,False,review_only_no_automatic_mutation
outputs/full_universe_source_acquisition/next_provider_route_v2_15a.json,.json,5625,False,True,False,False,False,True,False,review_only_no_automatic_mutation
outputs/full_universe_source_acquisition/next_provider_route_v2_15a.md,.md,2744,False,True,False,False,False,True,False,review_only_no_automatic_mutation
outputs/full_universe_source_acquisition/next_provider_selected_route_v2_19a.csv,.csv,667,False,True,False,False,False,True,False,review_only_no_automatic_mutation
outputs/full_universe_source_acquisition/nse_india_acquisition_actions_v2_17b.csv,.csv,5417,False,True,False,False,False,True,False,review_only_no_automatic_mutation
outputs/full_universe_source_acquisition/nse_india_acquisition_plan_v2_17b.json,.json,28530,False,True,False,False,False,True,False,review_only_no_automatic_mutation
outputs/full_universe_source_acquisition/nse_india_acquisition_plan_v2_17b.md,.md,5934,False,True,False,False,False,True,False,review_only_no_automatic_mutation
outputs/full_universe_source_acquisition/nse_india_candidate_extraction_dry_run_v2_17e.json,.json,155498,False,True,False,False,False,True,False,review_only_no_automatic_mutation
outputs/full_universe_source_acquisition/nse_india_candidate_extraction_dry_run_v2_17e.md,.md,17399,False,True,False,False,False,True,False,review_only_no_automatic_mutation
outputs/full_universe_source_acquisition/nse_india_candidate_extraction_source_diagnostics_v2_17e.csv,.csv,8267,False,True,False,False,False,True,False,review_only_no_automatic_mutation
outputs/full_universe_source_acquisition/nse_india_candidate_validation_existing_matches_v2_17f.csv,.csv,21941,False,True,False,False,False,True,False,review_only_no_automatic_mutation
outputs/full_universe_source_acquisition/nse_india_candidate_validation_source_diagnostics_v2_17f.csv,.csv,670,False,True,False,False,False,True,False,review_only_no_automatic_mutation
outputs/full_universe_source_acquisition/nse_india_closure_artifacts_v2_17i.csv,.csv,4499,False,True,False,False,False,True,False,review_only_no_automatic_mutation
outputs/full_universe_source_acquisition/nse_india_closure_ledger_v2_17i.csv,.csv,2575,False,True,False,False,False,True,False,review_only_no_automatic_mutation
outputs/full_universe_source_acquisition/nse_india_closure_next_steps_v2_17i.csv,.csv,793,False,True,False,False,False,True,False,review_only_no_automatic_mutation
outputs/full_universe_source_acquisition/nse_india_closure_report_v2_17i.json,.json,12375,False,True,False,False,False,True,False,review_only_no_automatic_mutation
outputs/full_universe_source_acquisition/nse_india_closure_report_v2_17i.md,.md,6125,False,True,False,False,False,True,False,review_only_no_automatic_mutation
outputs/full_universe_source_acquisition/nse_india_expanded_rebuild_candidate_delta_rows_v2_17g.csv,.csv,279337,False,True,False,False,False,True,False,review_only_no_automatic_mutation
outputs/full_universe_source_acquisition/nse_india_expanded_rebuild_candidate_promotions_v2_17g.csv,.csv,605238,False,True,False,False,False,True,False,review_only_no_automatic_mutation
outputs/full_universe_source_acquisition/nse_india_expanded_rebuild_candidate_schema_mapping_v2_17g.csv,.csv,2909,False,True,False,False,False,True,False,review_only_no_automatic_mutation
outputs/full_universe_source_acquisition/nse_india_expanded_rebuild_candidate_v2_17g.json,.json,9165,False,True,False,False,False,True,False,review_only_no_automatic_mutation
outputs/full_universe_source_acquisition/nse_india_expanded_rebuild_candidate_v2_17g.md,.md,5941,False,True,False,False,False,True,False,review_only_no_automatic_mutation
outputs/full_universe_source_acquisition/nse_india_expanded_validation_dataset_profile_v2_17h.csv,.csv,1576,False,True,False,False,False,True,False,review_only_no_automatic_mutation
outputs/full_universe_source_acquisition/nse_india_expanded_validation_delta_integrity_v2_17h.csv,.csv,402,False,True,False,False,False,True,False,review_only_no_automatic_mutation
outputs/full_universe_source_acquisition/nse_india_expanded_validation_promotion_policy_qa_v2_17h.csv,.csv,482378,False,True,False,False,False,True,False,review_only_no_automatic_mutation
outputs/full_universe_source_acquisition/nse_india_expanded_validation_v2_17h.json,.json,9420,False,True,False,False,False,True,False,review_only_no_automatic_mutation
outputs/full_universe_source_acquisition/nse_india_expanded_validation_v2_17h.md,.md,6160,False,True,False,False,False,True,False,review_only_no_automatic_mutation
outputs/full_universe_source_acquisition/nse_india_filter_policy_v2_17b.csv,.csv,2783,False,True,False,False,False,True,False,review_only_no_automatic_mutation
outputs/full_universe_source_acquisition/nse_india_raw_acquisition_manifest_v2_17c.csv,.csv,7697,False,True,False,False,False,True,False,review_only_no_automatic_mutation
outputs/full_universe_source_acquisition/nse_india_raw_acquisition_source_actions_v2_17c.csv,.csv,4038,False,True,False,False,False,True,False,review_only_no_automatic_mutation
outputs/full_universe_source_acquisition/nse_india_raw_acquisition_v2_17c.json,.json,27495,False,True,False,False,False,True,False,review_only_no_automatic_mutation
outputs/full_universe_source_acquisition/nse_india_raw_acquisition_v2_17c.md,.md,9222,False,True,False,False,False,True,False,review_only_no_automatic_mutation
outputs/full_universe_source_acquisition/nse_india_raw_validation_file_profile_v2_17d.csv,.csv,9871,False,True,False,False,False,True,False,review_only_no_automatic_mutation
outputs/full_universe_source_acquisition/nse_india_raw_validation_schema_profile_v2_17d.csv,.csv,6868,False,True,False,False,False,True,False,review_only_no_automatic_mutation
outputs/full_universe_source_acquisition/nse_india_raw_validation_source_diagnostics_v2_17d.csv,.csv,1774,False,True,False,False,False,True,False,review_only_no_automatic_mutation
outputs/full_universe_source_acquisition/nse_india_raw_validation_v2_17d.json,.json,38221,False,True,False,False,False,True,False,review_only_no_automatic_mutation
outputs/full_universe_source_acquisition/nse_india_raw_validation_v2_17d.md,.md,11804,False,True,False,False,False,True,False,review_only_no_automatic_mutation
outputs/full_universe_source_acquisition/nse_india_source_plan_v2_17b.csv,.csv,5330,False,True,False,False,False,True,False,review_only_no_automatic_mutation
outputs/full_universe_source_acquisition/nse_raw_acquisition_v2_17c/nse_securities_available_equity_segment__raw_source_file.csv,.csv,169183,False,True,False,False,False,True,False,review_only_no_automatic_mutation
outputs/full_universe_source_acquisition/nse_raw_acquisition_v2_17c/nse_securities_available_sme__raw_source_file.csv,.csv,38817,False,True,False,False,False,True,False,review_only_no_automatic_mutation
outputs/full_universe_source_acquisition/nyse_endpoint_candidate_validation_js_findings_v2_5f.csv,.csv,84502,False,True,False,False,False,True,False,review_only_no_automatic_mutation
outputs/full_universe_source_acquisition/nyse_endpoint_candidate_validation_v2_5f.json,.json,8827,False,True,False,False,False,True,False,review_only_no_automatic_mutation
outputs/full_universe_source_acquisition/nyse_endpoint_candidate_validation_v2_5f.md,.md,17656,False,True,False,False,False,True,False,review_only_no_automatic_mutation
outputs/full_universe_source_acquisition/nyse_endpoint_discovery_review_v2_5e.json,.json,10763,False,True,False,False,False,True,False,review_only_no_automatic_mutation
outputs/full_universe_source_acquisition/nyse_endpoint_discovery_review_v2_5e.md,.md,5109,False,True,False,False,False,True,False,review_only_no_automatic_mutation
outputs/full_universe_source_acquisition/nyse_usability_decision_gate_v2_5g.json,.json,3739,False,True,False,False,False,True,False,review_only_no_automatic_mutation
outputs/full_universe_source_acquisition/nyse_usability_decision_gate_v2_5g.md,.md,3221,False,True,False,False,False,True,False,review_only_no_automatic_mutation
outputs/full_universe_source_acquisition/otc_markets_acquisition_plan_v2_9b.json,.json,7383,False,True,False,False,False,True,False,review_only_no_automatic_mutation
outputs/full_universe_source_acquisition/otc_markets_acquisition_plan_v2_9b.md,.md,6511,False,True,False,False,False,True,False,review_only_no_automatic_mutation
outputs/full_universe_source_acquisition/otc_markets_acquisition_real_v2_9c.json,.json,4279,False,True,False,False,False,True,False,review_only_no_automatic_mutation
outputs/full_universe_source_acquisition/otc_markets_acquisition_real_v2_9c.md,.md,3864,False,True,False,False,False,True,False,review_only_no_automatic_mutation
outputs/full_universe_source_acquisition/otc_markets_closure_report_v2_9g.json,.json,6304,False,True,False,False,False,True,False,review_only_no_automatic_mutation
outputs/full_universe_source_acquisition/otc_markets_closure_report_v2_9g.md,.md,4882,False,True,False,False,False,True,False,review_only_no_automatic_mutation
outputs/full_universe_source_acquisition/otc_markets_validation_v2_9d.json,.json,4785,False,True,False,False,False,True,False,review_only_no_automatic_mutation
outputs/full_universe_source_acquisition/otc_markets_validation_v2_9d.md,.md,3987,False,True,False,False,False,True,False,review_only_no_automatic_mutation
outputs/full_universe_source_acquisition/provider_breakdown_v2_13e.csv,.csv,230,False,True,False,False,False,True,False,review_only_no_automatic_mutation
outputs/full_universe_source_acquisition/provider_breakdown_validation_v2_13f.csv,.csv,230,False,True,False,False,False,True,False,review_only_no_automatic_mutation
outputs/full_universe_source_acquisition/quality_first_provider_ranking_v2_20a.csv,.csv,3110,False,True,False,False,False,True,False,review_only_no_automatic_mutation
outputs/full_universe_source_acquisition/quality_first_stop_rules_v2_20a.csv,.csv,1200,False,True,False,False,False,True,False,review_only_no_automatic_mutation
outputs/full_universe_source_acquisition/quality_first_target_reset_checks_v2_20a.csv,.csv,2664,False,True,False,False,False,True,False,review_only_no_automatic_mutation
outputs/full_universe_source_acquisition/quality_first_target_reset_decision_v2_20a.csv,.csv,719,False,True,False,False,False,True,False,review_only_no_automatic_mutation
outputs/full_universe_source_acquisition/quality_first_target_reset_provider_selection_v2_20a.json,.json,18304,False,True,False,False,False,True,False,review_only_no_automatic_mutation
outputs/full_universe_source_acquisition/quality_first_target_reset_provider_selection_v2_20a.md,.md,8241,False,True,False,False,False,True,False,review_only_no_automatic_mutation
outputs/full_universe_source_acquisition/raw/asx_v2_20c/downloads/asx_discovered_last_known_closing_price_fy26.csv,.csv,326441,False,True,False,False,False,True,False,review_only_no_automatic_mutation
outputs/full_universe_source_acquisition/raw/cboe_europe_v2_11c/csv/003_csv.csv,.csv,1371610,False,True,False,False,False,True,False,review_only_no_automatic_mutation
outputs/full_universe_source_acquisition/rebuild_expanded_source_with_cboe_plan_v2_8d.json,.json,6143,False,True,False,False,False,True,False,review_only_no_automatic_mutation
outputs/full_universe_source_acquisition/rebuild_expanded_source_with_cboe_plan_v2_8d.md,.md,5417,False,True,False,False,False,True,False,review_only_no_automatic_mutation
outputs/full_universe_source_acquisition/rebuild_expanded_source_with_cboe_real_v2_8e.json,.json,4020,False,True,False,False,False,True,False,review_only_no_automatic_mutation
outputs/full_universe_source_acquisition/rebuild_expanded_source_with_cboe_real_v2_8e.md,.md,3476,False,True,False,False,False,True,False,review_only_no_automatic_mutation
outputs/full_universe_source_acquisition/rebuild_expanded_source_with_sec_exclusion_breakdown_v2_7b.csv,.csv,168,False,True,False,False,False,True,False,review_only_no_automatic_mutation
outputs/full_universe_source_acquisition/rebuild_expanded_source_with_sec_plan_v2_7a.json,.json,7639,False,True,False,False,False,True,False,review_only_no_automatic_mutation
outputs/full_universe_source_acquisition/rebuild_expanded_source_with_sec_plan_v2_7a.md,.md,6774,False,True,False,False,False,True,False,review_only_no_automatic_mutation
outputs/full_universe_source_acquisition/rebuild_expanded_source_with_sec_real_v2_7b.json,.json,3834,False,True,False,False,False,True,False,review_only_no_automatic_mutation
outputs/full_universe_source_acquisition/rebuild_expanded_source_with_sec_real_v2_7b.md,.md,3268,False,True,False,False,False,True,False,review_only_no_automatic_mutation
outputs/full_universe_source_acquisition/sec_company_tickers_exchange_acquisition_plan_v2_6b.json,.json,5334,False,True,False,False,False,True,False,review_only_no_automatic_mutation
outputs/full_universe_source_acquisition/sec_company_tickers_exchange_acquisition_plan_v2_6b.md,.md,4107,False,True,False,False,False,True,False,review_only_no_automatic_mutation
outputs/full_universe_source_acquisition/sec_company_tickers_exchange_acquisition_real_v2_6c.json,.json,3828,False,True,False,False,False,True,False,review_only_no_automatic_mutation
outputs/full_universe_source_acquisition/sec_company_tickers_exchange_acquisition_real_v2_6c.md,.md,2794,False,True,False,False,False,True,False,review_only_no_automatic_mutation
outputs/full_universe_source_acquisition/sec_company_tickers_exchange_validation_overlap_sample_v2_6d.csv,.csv,6429,False,True,False,False,False,True,False,review_only_no_automatic_mutation
outputs/full_universe_source_acquisition/sec_company_tickers_exchange_validation_v2_6d.json,.json,5194,False,True,False,False,False,True,False,review_only_no_automatic_mutation
outputs/full_universe_source_acquisition/sec_company_tickers_exchange_validation_v2_6d.md,.md,3851,False,True,False,False,False,True,False,review_only_no_automatic_mutation
outputs/full_universe_source_acquisition/sec_incremental_coverage_analysis_v2_6e.json,.json,4119,False,True,False,False,False,True,False,review_only_no_automatic_mutation
outputs/full_universe_source_acquisition/sec_incremental_coverage_analysis_v2_6e.md,.md,3473,False,True,False,False,False,True,False,review_only_no_automatic_mutation
outputs/full_universe_source_acquisition/sec_incremental_decision_breakdown_v2_6e.csv,.csv,834,False,True,False,False,False,True,False,review_only_no_automatic_mutation
outputs/full_universe_source_acquisition/sec_incremental_enrichment_rows_v2_6e.csv,.csv,539210,False,True,False,False,False,True,False,review_only_no_automatic_mutation
outputs/full_universe_source_acquisition/sec_incremental_primary_overlap_rows_v2_6e.csv,.csv,1009613,False,True,False,False,False,True,False,review_only_no_automatic_mutation
outputs/full_universe_source_acquisition/singapore_expanded_rebuild_validation_candidate_checks_v2_21d_s.csv,.csv,3451,False,True,False,False,False,True,False,review_only_no_automatic_mutation
outputs/full_universe_source_acquisition/singapore_expanded_rebuild_validation_candidate_manifest_v2_21d_s.csv,.csv,1163,False,True,True,False,False,True,False,review_only_no_automatic_mutation
outputs/full_universe_source_acquisition/singapore_expanded_rebuild_validation_candidate_next_actions_v2_21d_s.csv,.csv,806,False,True,False,False,False,True,False,review_only_no_automatic_mutation
outputs/full_universe_source_acquisition/singapore_expanded_rebuild_validation_candidate_summary_v2_21d_s.csv,.csv,1829,False,True,True,False,False,True,False,review_only_no_automatic_mutation
outputs/full_universe_source_acquisition/singapore_expanded_rebuild_validation_candidate_v2_21d_s.json,.json,15555,False,True,True,False,False,True,False,review_only_no_automatic_mutation
outputs/full_universe_source_acquisition/singapore_expanded_rebuild_validation_candidate_v2_21d_s.md,.md,6007,False,True,False,False,False,True,False,review_only_no_automatic_mutation
outputs/full_universe_source_acquisition/singapore_expanded_rebuild_validation_candidate_validation_summary_v2_21d_s.csv,.csv,492,False,True,False,False,False,True,False,review_only_no_automatic_mutation
outputs/full_universe_source_acquisition/singapore_promotion_freeze_decision_checks_v2_21e_s.csv,.csv,3130,False,True,False,False,False,True,False,review_only_no_automatic_mutation
outputs/full_universe_source_acquisition/singapore_promotion_freeze_decision_decision_register_v2_21e_s.csv,.csv,1116,False,True,False,False,False,True,False,review_only_no_automatic_mutation
outputs/full_universe_source_acquisition/singapore_promotion_freeze_decision_manifest_v2_21e_s.csv,.csv,1148,False,True,True,False,False,True,False,review_only_no_automatic_mutation
outputs/full_universe_source_acquisition/singapore_promotion_freeze_decision_next_actions_v2_21e_s.csv,.csv,967,False,True,False,False,False,True,False,review_only_no_automatic_mutation
outputs/full_universe_source_acquisition/singapore_promotion_freeze_decision_summary_v2_21e_s.csv,.csv,2180,False,True,True,False,False,True,False,review_only_no_automatic_mutation
outputs/full_universe_source_acquisition/singapore_promotion_freeze_decision_v2_21e_s.json,.json,17046,False,True,True,False,False,True,False,review_only_no_automatic_mutation
outputs/full_universe_source_acquisition/singapore_promotion_freeze_decision_v2_21e_s.md,.md,6286,False,True,False,False,False,True,False,review_only_no_automatic_mutation
outputs/full_universe_source_acquisition/source_expansion_plan_v2_3c.json,.json,6739,False,True,False,False,False,True,False,review_only_no_automatic_mutation
outputs/full_universe_source_acquisition/source_expansion_plan_v2_3c.md,.md,4993,False,True,False,False,False,True,False,review_only_no_automatic_mutation
outputs/full_universe_source_acquisition/source_provider_inventory_v2_3d.csv,.csv,2369,False,True,False,False,False,True,False,review_only_no_automatic_mutation
outputs/full_universe_source_acquisition/source_provider_inventory_v2_3d.json,.json,8867,False,True,False,False,False,True,False,review_only_no_automatic_mutation
outputs/full_universe_source_acquisition/source_provider_inventory_v2_3d.md,.md,4633,False,True,False,False,False,True,False,review_only_no_automatic_mutation
outputs/full_universe_source_acquisition/target_policy_50k_v2_18a.csv,.csv,790,False,True,False,False,False,True,False,review_only_no_automatic_mutation
outputs/full_universe_source_acquisition/targeted_market_acquisition_raw_validation_checks_v2_21b.csv,.csv,2196,False,True,False,False,False,True,False,review_only_no_automatic_mutation
outputs/full_universe_source_acquisition/targeted_market_acquisition_raw_validation_next_actions_v2_21b.csv,.csv,876,False,True,False,False,False,True,False,review_only_no_automatic_mutation
outputs/full_universe_source_acquisition/targeted_market_acquisition_raw_validation_summary_v2_21b.csv,.csv,1413,False,True,True,False,False,True,False,review_only_no_automatic_mutation
outputs/full_universe_source_acquisition/targeted_market_acquisition_raw_validation_v2_21b.json,.json,19743,False,True,True,False,False,True,False,review_only_no_automatic_mutation
outputs/full_universe_source_acquisition/targeted_market_acquisition_raw_validation_v2_21b.md,.md,4296,False,True,False,False,False,True,False,review_only_no_automatic_mutation
outputs/full_universe_source_acquisition/targeted_market_candidate_extraction_dedup_dry_run_checks_v2_21c.csv,.csv,1895,False,True,False,False,False,True,False,review_only_no_automatic_mutation
outputs/full_universe_source_acquisition/targeted_market_candidate_extraction_dedup_dry_run_extracted_candidates_v2_21c.csv,.csv,1440,False,True,False,False,False,True,False,review_only_no_automatic_mutation
outputs/full_universe_source_acquisition/targeted_market_candidate_extraction_dedup_dry_run_next_actions_v2_21c.csv,.csv,836,False,True,False,False,False,True,False,review_only_no_automatic_mutation
outputs/full_universe_source_acquisition/targeted_market_candidate_extraction_dedup_dry_run_summary_v2_21c.csv,.csv,1472,False,True,True,False,False,True,False,review_only_no_automatic_mutation
outputs/full_universe_source_acquisition/targeted_market_candidate_extraction_dedup_dry_run_v2_21c.json,.json,14093,False,True,True,False,False,True,False,review_only_no_automatic_mutation
outputs/full_universe_source_acquisition/targeted_market_candidate_extraction_dedup_dry_run_v2_21c.md,.md,4057,False,True,False,False,False,True,False,review_only_no_automatic_mutation
outputs/full_universe_source_acquisition/targeted_market_candidate_false_positive_review_checks_v2_21c2.csv,.csv,2180,False,True,False,False,False,True,False,review_only_no_automatic_mutation
outputs/full_universe_source_acquisition/targeted_market_candidate_false_positive_review_decision_register_v2_21c2.csv,.csv,1031,False,True,False,False,False,True,False,review_only_no_automatic_mutation
outputs/full_universe_source_acquisition/targeted_market_candidate_false_positive_review_next_actions_v2_21c2.csv,.csv,843,False,True,False,False,False,True,False,review_only_no_automatic_mutation
outputs/full_universe_source_acquisition/targeted_market_candidate_false_positive_review_summary_v2_21c2.csv,.csv,1561,False,True,True,False,False,True,False,review_only_no_automatic_mutation
outputs/full_universe_source_acquisition/targeted_market_candidate_false_positive_review_v2_21c2.json,.json,16411,False,True,True,False,False,True,False,review_only_no_automatic_mutation
outputs/full_universe_source_acquisition/targeted_market_candidate_false_positive_review_v2_21c2.md,.md,5243,False,True,False,False,False,True,False,review_only_no_automatic_mutation
outputs/full_universe_source_acquisition/targeted_market_gap_decision_gate_capacity_controls_v2_21a.csv,.csv,653,False,True,False,False,False,True,False,review_only_no_automatic_mutation
outputs/full_universe_source_acquisition/targeted_market_gap_decision_gate_checks_v2_21a.csv,.csv,2596,False,True,False,False,False,True,False,review_only_no_automatic_mutation
outputs/full_universe_source_acquisition/targeted_market_gap_decision_gate_decision_register_v2_21a.csv,.csv,937,False,True,False,False,False,True,False,review_only_no_automatic_mutation
outputs/full_universe_source_acquisition/targeted_market_gap_decision_gate_next_actions_v2_21a.csv,.csv,877,False,True,False,False,False,True,False,review_only_no_automatic_mutation
outputs/full_universe_source_acquisition/targeted_market_gap_decision_gate_source_candidates_v2_21a.csv,.csv,1150,False,True,False,False,False,True,False,review_only_no_automatic_mutation
outputs/full_universe_source_acquisition/targeted_market_gap_decision_gate_summary_v2_21a.csv,.csv,1375,False,True,True,False,False,True,False,review_only_no_automatic_mutation
outputs/full_universe_source_acquisition/targeted_market_gap_decision_gate_target_markets_v2_21a.csv,.csv,511,False,True,False,False,False,True,False,review_only_no_automatic_mutation
outputs/full_universe_source_acquisition/targeted_market_gap_decision_gate_v2_21a.json,.json,16758,False,True,True,False,False,True,False,review_only_no_automatic_mutation
outputs/full_universe_source_acquisition/targeted_market_gap_decision_gate_v2_21a.md,.md,5445,False,True,True,False,False,True,False,review_only_no_automatic_mutation
outputs/full_universe_source_acquisition/targeted_market_missing_official_endpoint_review_checks_v2_21c3_review.csv,.csv,2026,False,True,False,False,False,True,False,review_only_no_automatic_mutation
outputs/full_universe_source_acquisition/targeted_market_missing_official_endpoint_review_decision_register_v2_21c3_review.csv,.csv,1193,False,True,False,False,False,True,False,review_only_no_automatic_mutation
outputs/full_universe_source_acquisition/targeted_market_missing_official_endpoint_review_next_actions_v2_21c3_review.csv,.csv,965,False,True,False,False,False,True,False,review_only_no_automatic_mutation
outputs/full_universe_source_acquisition/targeted_market_missing_official_endpoint_review_route_options_v2_21c3_review.csv,.csv,961,False,True,False,False,False,True,False,review_only_no_automatic_mutation
outputs/full_universe_source_acquisition/targeted_market_missing_official_endpoint_review_summary_v2_21c3_review.csv,.csv,1518,False,True,True,False,False,True,False,review_only_no_automatic_mutation
outputs/full_universe_source_acquisition/targeted_market_missing_official_endpoint_review_v2_21c3_review.json,.json,16666,False,True,True,False,False,True,False,review_only_no_automatic_mutation
outputs/full_universe_source_acquisition/targeted_market_missing_official_endpoint_review_v2_21c3_review.md,.md,5712,False,True,False,False,False,True,False,review_only_no_automatic_mutation
outputs/full_universe_source_acquisition/targeted_market_official_endpoint_discovery_checks_v2_21c3.csv,.csv,2098,False,True,False,False,False,True,False,review_only_no_automatic_mutation
outputs/full_universe_source_acquisition/targeted_market_official_endpoint_discovery_decision_register_v2_21c3.csv,.csv,965,False,True,False,False,False,True,False,review_only_no_automatic_mutation
outputs/full_universe_source_acquisition/targeted_market_official_endpoint_discovery_endpoint_inventory_v2_21c3.csv,.csv,4853,False,True,False,False,False,True,False,review_only_no_automatic_mutation
outputs/full_universe_source_acquisition/targeted_market_official_endpoint_discovery_next_actions_v2_21c3.csv,.csv,846,False,True,False,False,False,True,False,review_only_no_automatic_mutation
outputs/full_universe_source_acquisition/targeted_market_official_endpoint_discovery_summary_v2_21c3.csv,.csv,1584,False,True,True,False,False,True,False,review_only_no_automatic_mutation
outputs/full_universe_source_acquisition/targeted_market_official_endpoint_discovery_v2_21c3.json,.json,40493,False,True,True,False,False,True,False,review_only_no_automatic_mutation
outputs/full_universe_source_acquisition/targeted_market_official_endpoint_discovery_v2_21c3.md,.md,8974,False,True,False,False,False,True,False,review_only_no_automatic_mutation
outputs/full_universe_source_acquisition/targeted_market_singapore_structured_candidate_extraction_dedup_dry_run_checks_v2_21c4s.csv,.csv,2418,False,True,False,False,False,True,False,review_only_no_automatic_mutation
outputs/full_universe_source_acquisition/targeted_market_singapore_structured_candidate_extraction_dedup_dry_run_eligible_candidates_v2_21c4s.csv,.csv,378100,False,True,False,False,False,True,False,review_only_no_automatic_mutation
outputs/full_universe_source_acquisition/targeted_market_singapore_structured_candidate_extraction_dedup_dry_run_next_actions_v2_21c4s.csv,.csv,926,False,True,False,False,False,True,False,review_only_no_automatic_mutation
outputs/full_universe_source_acquisition/targeted_market_singapore_structured_candidate_extraction_dedup_dry_run_summary_v2_21c4s.csv,.csv,1947,False,True,True,False,False,True,False,review_only_no_automatic_mutation
outputs/full_universe_source_acquisition/targeted_market_singapore_structured_candidate_extraction_dedup_dry_run_v2_21c4s.json,.json,13143,False,True,True,False,False,True,False,review_only_no_automatic_mutation
outputs/full_universe_source_acquisition/targeted_market_singapore_structured_candidate_extraction_dedup_dry_run_v2_21c4s.md,.md,4565,False,True,False,False,False,True,False,review_only_no_automatic_mutation
outputs/full_universe_source_acquisition/tmx_acquisition_next_phase_checklist_v2_16b.csv,.csv,757,False,True,False,False,False,True,False,review_only_no_automatic_mutation
outputs/full_universe_source_acquisition/tmx_acquisition_plan_v2_16b.json,.json,17285,False,True,False,False,False,True,False,review_only_no_automatic_mutation
outputs/full_universe_source_acquisition/tmx_acquisition_plan_v2_16b.md,.md,8652,False,True,False,False,False,True,False,review_only_no_automatic_mutation
outputs/full_universe_source_acquisition/tmx_acquisition_risk_matrix_v2_16b.csv,.csv,1583,False,True,False,False,False,True,False,review_only_no_automatic_mutation
outputs/full_universe_source_acquisition/tmx_candidate_endpoint_seeds_v2_16d.csv,.csv,310972,False,True,False,False,False,True,False,review_only_no_automatic_mutation
outputs/full_universe_source_acquisition/tmx_candidate_extraction_dry_run_v2_16e.json,.json,57528,False,True,False,False,False,True,False,review_only_no_automatic_mutation
outputs/full_universe_source_acquisition/tmx_candidate_extraction_dry_run_v2_16e.md,.md,7112,False,True,False,False,False,True,False,review_only_no_automatic_mutation
outputs/full_universe_source_acquisition/tmx_candidate_extraction_source_diagnostics_v2_16e.csv,.csv,1852,False,True,False,False,False,True,False,review_only_no_automatic_mutation
outputs/full_universe_source_acquisition/tmx_candidate_validation_rows_v2_16f.csv,.csv,6690,False,True,False,False,False,True,False,review_only_no_automatic_mutation
outputs/full_universe_source_acquisition/tmx_closure_decision_log_v2_16i.csv,.csv,960,False,True,False,False,False,True,False,review_only_no_automatic_mutation
outputs/full_universe_source_acquisition/tmx_closure_phase_inventory_v2_16i.csv,.csv,2807,False,True,False,False,False,True,False,review_only_no_automatic_mutation
outputs/full_universe_source_acquisition/tmx_closure_report_v2_16i.json,.json,13713,False,True,False,False,False,True,False,review_only_no_automatic_mutation
outputs/full_universe_source_acquisition/tmx_closure_report_v2_16i.md,.md,6762,False,True,False,False,False,True,False,review_only_no_automatic_mutation
outputs/full_universe_source_acquisition/tmx_controlled_endpoint_probe_v2_16d2.json,.json,6736,False,True,False,False,False,True,False,review_only_no_automatic_mutation
outputs/full_universe_source_acquisition/tmx_controlled_endpoint_probe_v2_16d2.md,.md,4297,False,True,False,False,False,True,False,review_only_no_automatic_mutation
outputs/full_universe_source_acquisition/tmx_expanded_rebuild_candidate_additions_v2_16g.csv,.csv,691,False,True,False,False,False,True,False,review_only_no_automatic_mutation
outputs/full_universe_source_acquisition/tmx_expanded_rebuild_candidate_row_audit_v2_16g.csv,.csv,381,False,True,False,False,False,True,False,review_only_no_automatic_mutation
outputs/full_universe_source_acquisition/tmx_expanded_rebuild_candidate_v2_16g.json,.json,7868,False,True,False,False,False,True,False,review_only_no_automatic_mutation
outputs/full_universe_source_acquisition/tmx_expanded_rebuild_candidate_v2_16g.md,.md,4363,False,True,False,False,False,True,False,review_only_no_automatic_mutation
outputs/full_universe_source_acquisition/tmx_expanded_validation_profile_v2_16h.csv,.csv,907,False,True,False,False,False,True,False,review_only_no_automatic_mutation
outputs/full_universe_source_acquisition/tmx_expanded_validation_row_checks_v2_16h.csv,.csv,3186,False,True,False,False,False,True,False,review_only_no_automatic_mutation
outputs/full_universe_source_acquisition/tmx_expanded_validation_v2_16h.json,.json,9602,False,True,False,False,False,True,False,review_only_no_automatic_mutation
outputs/full_universe_source_acquisition/tmx_expanded_validation_v2_16h.md,.md,5052,False,True,False,False,False,True,False,review_only_no_automatic_mutation
outputs/full_universe_source_acquisition/tmx_provider_route_checklist_v2_16a.csv,.csv,684,False,True,False,False,False,True,False,review_only_no_automatic_mutation
outputs/full_universe_source_acquisition/tmx_provider_route_confirmation_v2_16a.json,.json,8470,False,True,False,False,False,True,False,review_only_no_automatic_mutation
outputs/full_universe_source_acquisition/tmx_provider_route_confirmation_v2_16a.md,.md,5209,False,True,False,False,False,True,False,review_only_no_automatic_mutation
outputs/full_universe_source_acquisition/tmx_provider_route_decision_matrix_v2_16a.csv,.csv,1050,False,True,False,False,False,True,False,review_only_no_automatic_mutation
outputs/full_universe_source_acquisition/tmx_raw_acquisition_manifest_v2_16c.csv,.csv,3651,False,True,False,False,False,True,False,review_only_no_automatic_mutation
outputs/full_universe_source_acquisition/tmx_raw_acquisition_manifest_v2_16c.json,.json,15543,False,True,False,False,False,True,False,review_only_no_automatic_mutation
outputs/full_universe_source_acquisition/tmx_raw_acquisition_manifest_v2_16c.md,.md,5963,False,True,False,False,False,True,False,review_only_no_automatic_mutation
outputs/full_universe_source_acquisition/tmx_raw_acquisition_source_actions_v2_16c.csv,.csv,1915,False,True,False,False,False,True,False,review_only_no_automatic_mutation
outputs/full_universe_source_acquisition/tmx_raw_file_diagnostics_v2_16d.csv,.csv,3110,False,True,False,False,False,True,False,review_only_no_automatic_mutation
outputs/full_universe_source_acquisition/tmx_source_candidates_v2_16b.csv,.csv,3451,False,True,False,False,False,True,False,review_only_no_automatic_mutation
outputs/full_universe_source_acquisition/tmx_taxonomy_policy_v2_16b.csv,.csv,1396,False,True,False,False,False,True,False,review_only_no_automatic_mutation
outputs/full_universe_source_acquisition/tmx_validation_v2_16d.json,.json,91865,False,True,False,False,False,True,False,review_only_no_automatic_mutation
outputs/full_universe_source_acquisition/tmx_validation_v2_16d.md,.md,9615,False,True,False,False,False,True,False,review_only_no_automatic_mutation
outputs/full_universe_source_acquisition/twse_tpex_acquisition_plan_v2_18b.json,.json,6763,False,True,False,False,False,True,False,review_only_no_automatic_mutation
outputs/full_universe_source_acquisition/twse_tpex_acquisition_plan_v2_18b.md,.md,6756,False,True,False,False,False,True,False,review_only_no_automatic_mutation
outputs/full_universe_source_acquisition/twse_tpex_candidate_extraction_dry_run_v2_18e.json,.json,9219,False,True,False,False,False,True,False,review_only_no_automatic_mutation
outputs/full_universe_source_acquisition/twse_tpex_candidate_extraction_dry_run_v2_18e.md,.md,6113,False,True,False,False,False,True,False,review_only_no_automatic_mutation
outputs/full_universe_source_acquisition/twse_tpex_candidate_validation_classification_v2_18f.csv,.csv,256283,False,True,False,False,False,True,False,review_only_no_automatic_mutation
outputs/full_universe_source_acquisition/twse_tpex_candidate_validation_match_evidence_v2_18f.csv,.csv,441355,False,True,False,False,False,True,False,review_only_no_automatic_mutation
outputs/full_universe_source_acquisition/twse_tpex_candidate_validation_next_actions_v2_18f.csv,.csv,615,False,True,False,False,False,True,False,review_only_no_automatic_mutation
outputs/full_universe_source_acquisition/twse_tpex_candidate_validation_summary_by_bucket_v2_18f.csv,.csv,329,False,True,False,False,False,True,False,review_only_no_automatic_mutation
outputs/full_universe_source_acquisition/twse_tpex_closure_checks_v2_18i.csv,.csv,3375,False,True,False,False,False,True,False,review_only_no_automatic_mutation
outputs/full_universe_source_acquisition/twse_tpex_closure_metric_summary_v2_18i.csv,.csv,516,False,True,False,False,False,True,False,review_only_no_automatic_mutation
outputs/full_universe_source_acquisition/twse_tpex_closure_next_actions_v2_18i.csv,.csv,828,False,True,False,False,False,True,False,review_only_no_automatic_mutation
outputs/full_universe_source_acquisition/twse_tpex_closure_phase_ledger_v2_18i.csv,.csv,1940,False,True,False,False,False,True,False,review_only_no_automatic_mutation
outputs/full_universe_source_acquisition/twse_tpex_closure_report_v2_18i.json,.json,11613,False,True,False,False,False,True,False,review_only_no_automatic_mutation
outputs/full_universe_source_acquisition/twse_tpex_closure_report_v2_18i.md,.md,8662,False,True,False,False,False,True,False,review_only_no_automatic_mutation
outputs/full_universe_source_acquisition/twse_tpex_closure_source_status_v2_18i.csv,.csv,667,False,True,False,False,False,True,False,review_only_no_automatic_mutation
outputs/full_universe_source_acquisition/twse_tpex_expanded_rebuild_added_rows_v2_18g.csv,.csv,350037,False,True,False,False,False,True,False,review_only_no_automatic_mutation
outputs/full_universe_source_acquisition/twse_tpex_expanded_rebuild_candidate_v2_18g.json,.json,9267,False,True,False,False,False,True,False,review_only_no_automatic_mutation
outputs/full_universe_source_acquisition/twse_tpex_expanded_rebuild_candidate_v2_18g.md,.md,6343,False,True,False,False,False,True,False,review_only_no_automatic_mutation
outputs/full_universe_source_acquisition/twse_tpex_expanded_rebuild_next_actions_v2_18g.csv,.csv,768,False,True,False,False,False,True,False,review_only_no_automatic_mutation
outputs/full_universe_source_acquisition/twse_tpex_expanded_rebuild_profile_v2_18g.csv,.csv,1424,False,True,False,False,False,True,False,review_only_no_automatic_mutation
outputs/full_universe_source_acquisition/twse_tpex_expanded_rebuild_withheld_rows_v2_18g.csv,.csv,462,False,True,False,False,False,True,False,review_only_no_automatic_mutation
outputs/full_universe_source_acquisition/twse_tpex_expanded_validation_issue_audit_v2_18h.csv,.csv,4125,False,True,False,False,False,True,False,review_only_no_automatic_mutation
outputs/full_universe_source_acquisition/twse_tpex_expanded_validation_next_actions_v2_18h.csv,.csv,491,False,True,False,False,False,True,False,review_only_no_automatic_mutation
outputs/full_universe_source_acquisition/twse_tpex_expanded_validation_profile_v2_18h.csv,.csv,1758,False,True,False,False,False,True,False,review_only_no_automatic_mutation
outputs/full_universe_source_acquisition/twse_tpex_expanded_validation_v2_18h.json,.json,12547,False,True,False,False,False,True,False,review_only_no_automatic_mutation
outputs/full_universe_source_acquisition/twse_tpex_expanded_validation_v2_18h.md,.md,7192,False,True,False,False,False,True,False,review_only_no_automatic_mutation
outputs/full_universe_source_acquisition/twse_tpex_filter_policy_v2_18b.csv,.csv,1833,False,True,False,False,False,True,False,review_only_no_automatic_mutation
outputs/full_universe_source_acquisition/twse_tpex_raw_acquisition_repair_endpoint_discovery_v2_18c_fix.csv,.csv,2862,False,True,False,False,False,True,False,review_only_no_automatic_mutation
outputs/full_universe_source_acquisition/twse_tpex_raw_acquisition_repair_v2_18c_fix.json,.json,10475,False,True,False,False,False,True,False,review_only_no_automatic_mutation
outputs/full_universe_source_acquisition/twse_tpex_raw_acquisition_repair_v2_18c_fix.md,.md,8135,False,True,False,False,False,True,False,review_only_no_automatic_mutation
outputs/full_universe_source_acquisition/twse_tpex_raw_acquisition_v2_18c.json,.json,9191,False,True,False,False,False,True,False,review_only_no_automatic_mutation
outputs/full_universe_source_acquisition/twse_tpex_raw_acquisition_v2_18c.md,.md,7695,False,True,False,False,False,True,False,review_only_no_automatic_mutation
outputs/full_universe_source_acquisition/twse_tpex_raw_validation_v2_18d.json,.json,9909,False,True,False,False,False,True,False,review_only_no_automatic_mutation
outputs/full_universe_source_acquisition/twse_tpex_raw_validation_v2_18d.md,.md,8969,False,True,False,False,False,True,False,review_only_no_automatic_mutation
outputs/full_universe_source_acquisition/twse_tpex_repaired_raw_validation_next_actions_v2_18d_fix.csv,.csv,680,False,True,False,False,False,True,False,review_only_no_automatic_mutation
outputs/full_universe_source_acquisition/twse_tpex_repaired_raw_validation_v2_18d_fix.json,.json,11030,False,True,False,False,False,True,False,review_only_no_automatic_mutation
outputs/full_universe_source_acquisition/twse_tpex_repaired_raw_validation_v2_18d_fix.md,.md,9767,False,True,False,False,False,True,False,review_only_no_automatic_mutation
outputs/full_universe_source_acquisition/twse_tpex_source_plan_v2_18b.csv,.csv,3246,False,True,False,False,False,True,False,review_only_no_automatic_mutation
outputs/full_universe_source_acquisition/validate_expanded_source_with_cboe_v2_8f.json,.json,5172,False,True,False,False,False,True,False,review_only_no_automatic_mutation
outputs/full_universe_source_acquisition/validate_expanded_source_with_cboe_v2_8f.md,.md,4485,False,True,False,False,False,True,False,review_only_no_automatic_mutation
outputs/full_universe_source_acquisition/validate_expanded_source_with_sec_v2_7c.json,.json,6128,False,True,False,False,False,True,False,review_only_no_automatic_mutation
outputs/full_universe_source_acquisition/validate_expanded_source_with_sec_v2_7c.md,.md,3911,False,True,False,False,False,True,False,review_only_no_automatic_mutation
outputs/large_universe/controlled_large_universe_audit_v1_9b.json,.json,26461,False,True,False,False,False,True,False,review_only_no_automatic_mutation
outputs/large_universe/controlled_large_universe_audit_v1_9b.md,.md,1938,False,True,False,False,False,True,False,review_only_no_automatic_mutation
outputs/large_universe/controlled_large_universe_files_v1_9b.csv,.csv,1792,False,True,False,False,False,True,False,review_only_no_automatic_mutation
outputs/large_universe_dry_run_59k/batches/batch_1000/small_batch_dry_run_v2_2d.json,.json,1863,False,True,False,False,False,True,False,review_only_no_automatic_mutation
outputs/large_universe_dry_run_59k/batches/batch_1000/small_batch_dry_run_v2_2d.md,.md,1855,False,True,False,False,False,True,False,review_only_no_automatic_mutation
outputs/large_universe_dry_run_59k/batches/batch_1000/small_batch_universe_v2_2d.csv,.csv,194860,False,True,False,False,False,True,False,review_only_no_automatic_mutation
outputs/large_universe_dry_run_59k/dry_run_59k_skeleton_v2_2b.json,.json,1883,False,True,False,False,False,True,False,review_only_no_automatic_mutation
outputs/large_universe_dry_run_59k/dry_run_59k_skeleton_v2_2b.md,.md,1644,False,True,False,False,False,True,False,review_only_no_automatic_mutation
outputs/large_universe_dry_run_59k/full_59k_dry_run_gate_v2_2e.json,.json,2146,False,True,False,False,False,True,False,review_only_no_automatic_mutation
outputs/large_universe_dry_run_59k/full_59k_dry_run_gate_v2_2e.md,.md,1914,False,True,False,False,False,True,False,review_only_no_automatic_mutation
outputs/large_universe_dry_run_59k/source_validation_columns_v2_2c.csv,.csv,360,False,True,False,False,False,True,False,review_only_no_automatic_mutation
outputs/large_universe_dry_run_59k/source_validation_v2_2c.json,.json,1906,False,True,False,False,False,True,False,review_only_no_automatic_mutation
outputs/large_universe_dry_run_59k/source_validation_v2_2c.md,.md,1755,False,True,False,False,False,True,False,review_only_no_automatic_mutation
outputs/large_universe_mode/controlled_scale_250_500_1000_files_v2_1a.csv,.csv,1853,False,True,False,False,False,True,False,review_only_no_automatic_mutation
outputs/large_universe_mode/controlled_scale_250_500_1000_v2_1a.json,.json,26526,False,True,False,False,False,True,False,review_only_no_automatic_mutation
outputs/large_universe_mode/controlled_scale_250_500_1000_v2_1a.md,.md,1962,False,True,False,False,False,True,False,review_only_no_automatic_mutation
outputs/large_universe_mode/dry_run_59k_plan_v2_2a.json,.json,3887,False,True,False,False,False,True,False,review_only_no_automatic_mutation
outputs/large_universe_mode/dry_run_59k_plan_v2_2a.md,.md,2857,False,True,False,False,False,True,False,review_only_no_automatic_mutation
outputs/large_universe_mode/generate_controlled_scale_outputs_files_v2_1b.csv,.csv,2940,False,True,False,False,False,True,False,review_only_no_automatic_mutation
outputs/large_universe_mode/generate_controlled_scale_outputs_v2_1b.json,.json,6777,False,True,False,False,False,True,False,review_only_no_automatic_mutation
outputs/large_universe_mode/generate_controlled_scale_outputs_v2_1b.md,.md,2134,False,True,False,False,False,True,False,review_only_no_automatic_mutation
outputs/large_universe_mode/large_universe_mode_closure_v2_1e.json,.json,2662,False,True,False,False,False,True,False,review_only_no_automatic_mutation
outputs/large_universe_mode/large_universe_mode_closure_v2_1e.md,.md,2497,False,True,False,False,False,True,False,review_only_no_automatic_mutation
outputs/large_universe_mode/performance_ui_large_mode_files_v2_1c.csv,.csv,2053,False,True,False,False,False,True,False,review_only_no_automatic_mutation
outputs/large_universe_mode/performance_ui_large_mode_readiness_v2_1c.json,.json,6109,False,True,False,False,False,True,False,review_only_no_automatic_mutation
outputs/large_universe_mode/performance_ui_large_mode_readiness_v2_1c.md,.md,2267,False,True,False,False,False,True,False,review_only_no_automatic_mutation
outputs/mvp/local_research_mvp_queue_v2_0.csv,.csv,1302,False,True,False,False,False,True,False,review_only_no_automatic_mutation
outputs/mvp/local_research_mvp_v2_0.json,.json,3980,False,True,False,False,False,True,False,review_only_no_automatic_mutation
outputs/mvp/local_research_mvp_v2_0.md,.md,1491,False,True,False,False,False,True,False,review_only_no_automatic_mutation
outputs/scale_readiness/scale_readiness_audit_v1_9a.json,.json,9220,False,True,False,False,False,True,False,review_only_no_automatic_mutation
outputs/scale_readiness/scale_readiness_audit_v1_9a.md,.md,1409,False,True,False,False,False,True,False,review_only_no_automatic_mutation
outputs/scale_readiness/scale_readiness_files_v1_9a.csv,.csv,698,False,True,False,False,False,True,False,review_only_no_automatic_mutation
outputs/scale_tests/scale_test_report.md,.md,578,False,True,False,False,False,True,False,review_only_no_automatic_mutation
outputs/scale_tests/scale_test_summary.json,.json,1537,False,True,False,False,False,True,False,review_only_no_automatic_mutation
outputs/scoring/combined_score_calibration_audit_v1_6e.md,.md,1340,False,True,False,False,False,True,False,review_only_no_automatic_mutation
outputs/scoring/combined_score_v1_report.md,.md,736,False,True,False,False,False,True,False,review_only_no_automatic_mutation
outputs/scoring/combined_score_v1_summary.json,.json,966,False,True,False,False,False,True,False,review_only_no_automatic_mutation
outputs/scoring/combined_score_weight_sensitivity_v1_6e.csv,.csv,1157,False,True,False,False,False,True,False,review_only_no_automatic_mutation
outputs/scouting/ai_profiles_dry_run/ai_profile_prompt_01_AUPH_quality_analyst.json,.json,15917,False,True,False,False,False,True,False,review_only_no_automatic_mutation
outputs/scouting/ai_profiles_dry_run/ai_profile_prompt_01_AUPH_quality_analyst.md,.md,14974,False,True,False,False,False,True,False,review_only_no_automatic_mutation
outputs/scouting/ai_profiles_dry_run/ai_profile_prompt_01_AUPH_risk_analyst.json,.json,15908,False,True,False,False,False,True,False,review_only_no_automatic_mutation
outputs/scouting/ai_profiles_dry_run/ai_profile_prompt_01_AUPH_risk_analyst.md,.md,14963,False,True,False,False,False,True,False,review_only_no_automatic_mutation
outputs/scouting/ai_profiles_dry_run/ai_profile_prompt_01_AUPH_skeptic_analyst.json,.json,15980,False,True,False,False,False,True,False,review_only_no_automatic_mutation
outputs/scouting/ai_profiles_dry_run/ai_profile_prompt_01_AUPH_skeptic_analyst.md,.md,15035,False,True,False,False,False,True,False,review_only_no_automatic_mutation
outputs/scouting/ai_profiles_dry_run/ai_profile_prompt_01_AUPH_value_analyst.json,.json,15947,False,True,False,False,False,True,False,review_only_no_automatic_mutation
outputs/scouting/ai_profiles_dry_run/ai_profile_prompt_01_AUPH_value_analyst.md,.md,15004,False,True,False,False,False,True,False,review_only_no_automatic_mutation
outputs/scouting/ai_profiles_dry_run/ai_profile_prompt_02_BZ_quality_analyst.json,.json,15895,False,True,False,False,False,True,False,review_only_no_automatic_mutation
outputs/scouting/ai_profiles_dry_run/ai_profile_prompt_02_BZ_quality_analyst.md,.md,14950,False,True,False,False,False,True,False,review_only_no_automatic_mutation
outputs/scouting/ai_profiles_dry_run/ai_profile_prompt_02_BZ_risk_analyst.json,.json,15886,False,True,False,False,False,True,False,review_only_no_automatic_mutation
outputs/scouting/ai_profiles_dry_run/ai_profile_prompt_02_BZ_risk_analyst.md,.md,14939,False,True,False,False,False,True,False,review_only_no_automatic_mutation
outputs/scouting/ai_profiles_dry_run/ai_profile_prompt_02_BZ_skeptic_analyst.json,.json,15958,False,True,False,False,False,True,False,review_only_no_automatic_mutation
outputs/scouting/ai_profiles_dry_run/ai_profile_prompt_02_BZ_skeptic_analyst.md,.md,15011,False,True,False,False,False,True,False,review_only_no_automatic_mutation
outputs/scouting/ai_profiles_dry_run/ai_profile_prompt_02_BZ_value_analyst.json,.json,15925,False,True,False,False,False,True,False,review_only_no_automatic_mutation
outputs/scouting/ai_profiles_dry_run/ai_profile_prompt_02_BZ_value_analyst.md,.md,14980,False,True,False,False,False,True,False,review_only_no_automatic_mutation
outputs/scouting/ai_profiles_dry_run/ai_profile_prompt_03_ADBE_quality_analyst.json,.json,15863,False,True,False,False,False,True,False,review_only_no_automatic_mutation
outputs/scouting/ai_profiles_dry_run/ai_profile_prompt_03_ADBE_quality_analyst.md,.md,14920,False,True,False,False,False,True,False,review_only_no_automatic_mutation
outputs/scouting/ai_profiles_dry_run/ai_profile_prompt_03_ADBE_risk_analyst.json,.json,15854,False,True,False,False,False,True,False,review_only_no_automatic_mutation
outputs/scouting/ai_profiles_dry_run/ai_profile_prompt_03_ADBE_risk_analyst.md,.md,14909,False,True,False,False,False,True,False,review_only_no_automatic_mutation
outputs/scouting/ai_profiles_dry_run/ai_profile_prompt_03_ADBE_skeptic_analyst.json,.json,15926,False,True,False,False,False,True,False,review_only_no_automatic_mutation
outputs/scouting/ai_profiles_dry_run/ai_profile_prompt_03_ADBE_skeptic_analyst.md,.md,14981,False,True,False,False,False,True,False,review_only_no_automatic_mutation
outputs/scouting/ai_profiles_dry_run/ai_profile_prompt_03_ADBE_value_analyst.json,.json,15893,False,True,False,False,False,True,False,review_only_no_automatic_mutation
outputs/scouting/ai_profiles_dry_run/ai_profile_prompt_03_ADBE_value_analyst.md,.md,14950,False,True,False,False,False,True,False,review_only_no_automatic_mutation
outputs/scouting/fundamental_coverage_report.csv,.csv,1554,False,True,False,False,False,True,False,review_only_no_automatic_mutation
outputs/scouting/fundamental_coverage_report.json,.json,2562,False,True,False,False,False,True,False,review_only_no_automatic_mutation
outputs/scouting/fundamental_missing_by_company.csv,.csv,87213,False,True,False,False,False,True,False,review_only_no_automatic_mutation
outputs/scouting/fundamentals_yfinance_enrichment_coverage.csv,.csv,698,False,True,False,False,False,True,False,review_only_no_automatic_mutation
outputs/scouting/global_funnel_run_summary.json,.json,11904,False,True,False,False,False,True,False,review_only_no_automatic_mutation
outputs/scouting/institutional_cleaning_comparison_report.json,.json,3481,False,True,False,False,False,True,False,review_only_no_automatic_mutation
outputs/scouting/phase7c4_pipeline_revalidation_report.md,.md,4862,False,True,False,False,False,True,False,review_only_no_automatic_mutation
outputs/scouting/phase7c4_pipeline_revalidation_summary.json,.json,7765,False,True,False,False,False,True,False,review_only_no_automatic_mutation
outputs/scouting/phase7d_dashboard_revalidated_funnel_summary.json,.json,1071,False,True,False,False,False,True,False,review_only_no_automatic_mutation
outputs/scouting/phase7e_v07_release_checkpoint_evidence.csv,.csv,2338,False,True,False,False,False,True,False,review_only_no_automatic_mutation
outputs/scouting/phase7e_v07_release_checkpoint_report.md,.md,4108,False,True,False,False,False,True,False,review_only_no_automatic_mutation
outputs/scouting/phase7e_v07_release_checkpoint_summary.json,.json,6415,False,True,False,False,False,True,False,review_only_no_automatic_mutation
outputs/scouting/phase7f1_release_v07_files_audit.csv,.csv,23584,False,True,False,False,False,True,False,review_only_no_automatic_mutation
outputs/scouting/phase7f1_release_v07_integrity_report.md,.md,1960,False,True,False,False,False,True,False,review_only_no_automatic_mutation
outputs/scouting/phase7f1_release_v07_integrity_summary.json,.json,2670,False,True,False,False,False,True,False,review_only_no_automatic_mutation
outputs/scouting/phase7f_release_v07_packaging_summary.json,.json,74996,False,True,False,False,False,True,False,review_only_no_automatic_mutation
outputs/scouting/phase8d_candidate_source_binding_report.md,.md,2831,False,True,False,False,False,True,False,review_only_no_automatic_mutation
outputs/scouting/phase8d_candidate_source_bound_memos.json,.json,50155,False,True,False,False,False,True,False,review_only_no_automatic_mutation
outputs/scouting/phase8d_candidate_source_discovery.json,.json,7361,False,True,False,False,False,True,False,review_only_no_automatic_mutation
outputs/scouting/phase8e_persisted_equity_research_memos.json,.json,28970,False,True,False,False,False,True,False,review_only_no_automatic_mutation
outputs/scouting/phase8f_research_memo_export_report_layer_export.json,.json,36212,False,True,False,False,False,True,False,review_only_no_automatic_mutation
outputs/scouting/phase8h_ai_prompt_packages.json,.json,37459,False,True,False,False,False,True,False,review_only_no_automatic_mutation
outputs/scouting/phase8i_ai_execution_sandbox_results.json,.json,40123,False,True,False,False,False,True,False,review_only_no_automatic_mutation
outputs/scouting/phase9a_data_layer_external_calls_audit.json,.json,418957,False,True,False,False,False,True,False,review_only_no_automatic_mutation
outputs/scouting/phase9a_external_calls_and_data_access.csv,.csv,139937,False,True,False,False,False,True,False,review_only_no_automatic_mutation
outputs/scouting/phase9b_datahub_local_source_manifest.csv,.csv,55705,False,True,False,False,False,True,False,review_only_no_automatic_mutation
outputs/scouting/phase9b_datahub_local_source_manifest.json,.json,113672,False,True,False,False,False,True,False,review_only_no_automatic_mutation
outputs/scouting/phase9b_minimal_datahub_cache_audit.json,.json,29825,False,True,False,False,False,True,False,review_only_no_automatic_mutation
outputs/scouting/phase9c_research_memo_v2_contract_audit.json,.json,41888,False,True,False,False,False,True,False,review_only_no_automatic_mutation
outputs/scouting/phase9c_research_memo_v2_contract_export.json,.json,38189,False,True,False,False,False,True,False,review_only_no_automatic_mutation
outputs/scouting/phase9e_memo_v2_red_flags_audit.json,.json,49646,False,True,False,False,False,True,False,review_only_no_automatic_mutation
outputs/scouting/phase9e_memo_v2_red_flags_export.json,.json,45392,False,True,False,False,False,True,False,review_only_no_automatic_mutation
outputs/scouting/phase9f_ai_profiles_dry_run_audit.json,.json,214080,False,True,False,False,False,True,False,review_only_no_automatic_mutation
outputs/scouting/phase9f_ai_profiles_dry_run_export.json,.json,201803,False,True,False,False,False,True,False,review_only_no_automatic_mutation
outputs/scouting/real_universe_candidates_report.md,.md,875,False,True,False,False,False,True,False,review_only_no_automatic_mutation
outputs/scouting/real_universe_candidates_summary.json,.json,872,False,True,False,False,False,True,False,review_only_no_automatic_mutation
outputs/scouting/real_universe_pilot_summary.json,.json,9841,False,True,False,False,False,True,False,review_only_no_automatic_mutation
outputs/scouting/real_universe_scoring_bridge_summary.json,.json,892,False,True,False,False,False,True,False,review_only_no_automatic_mutation
outputs/scouting/research_memo_ai_execution_sandbox/ai_execution_sandbox_01_AUPH.json,.json,13258,False,True,False,False,False,True,False,review_only_no_automatic_mutation
outputs/scouting/research_memo_ai_execution_sandbox/ai_execution_sandbox_01_AUPH.md,.md,2651,False,True,False,False,False,True,False,review_only_no_automatic_mutation
outputs/scouting/research_memo_ai_execution_sandbox/ai_execution_sandbox_02_BZ.json,.json,13229,False,True,False,False,False,True,False,review_only_no_automatic_mutation
outputs/scouting/research_memo_ai_execution_sandbox/ai_execution_sandbox_02_BZ.md,.md,2647,False,True,False,False,False,True,False,review_only_no_automatic_mutation
outputs/scouting/research_memo_ai_execution_sandbox/ai_execution_sandbox_03_ADBE.json,.json,13204,False,True,False,False,False,True,False,review_only_no_automatic_mutation
outputs/scouting/research_memo_ai_execution_sandbox/ai_execution_sandbox_03_ADBE.md,.md,2633,False,True,False,False,False,True,False,review_only_no_automatic_mutation
outputs/scouting/research_memo_ai_prompts/ai_prompt_package_01_AUPH.json,.json,12121,False,True,False,False,False,True,False,review_only_no_automatic_mutation
outputs/scouting/research_memo_ai_prompts/ai_prompt_package_01_AUPH.md,.md,12123,False,True,False,False,False,True,False,review_only_no_automatic_mutation
outputs/scouting/research_memo_ai_prompts/ai_prompt_package_02_BZ.json,.json,12099,False,True,False,False,False,True,False,review_only_no_automatic_mutation
outputs/scouting/research_memo_ai_prompts/ai_prompt_package_02_BZ.md,.md,12102,False,True,False,False,False,True,False,review_only_no_automatic_mutation
outputs/scouting/research_memo_ai_prompts/ai_prompt_package_03_ADBE.json,.json,12049,False,True,False,False,False,True,False,review_only_no_automatic_mutation
outputs/scouting/research_memo_ai_prompts/ai_prompt_package_03_ADBE.md,.md,12051,False,True,False,False,False,True,False,review_only_no_automatic_mutation
outputs/scouting/research_memos/equity_research_memo_01_AUPH.md,.md,9052,False,True,False,False,False,True,False,review_only_no_automatic_mutation
outputs/scouting/research_memos/equity_research_memo_02_BZ.md,.md,9035,False,True,False,False,False,True,False,review_only_no_automatic_mutation
outputs/scouting/research_memos/equity_research_memo_03_ADBE.md,.md,9016,False,True,False,False,False,True,False,review_only_no_automatic_mutation
outputs/scouting/research_memos_v2/equity_research_memo_v2_01_AUPH.json,.json,12002,False,True,False,False,False,True,False,review_only_no_automatic_mutation
outputs/scouting/research_memos_v2/equity_research_memo_v2_01_AUPH.md,.md,11348,False,True,False,False,False,True,False,review_only_no_automatic_mutation
outputs/scouting/research_memos_v2/equity_research_memo_v2_02_BZ.json,.json,11983,False,True,False,False,False,True,False,review_only_no_automatic_mutation
outputs/scouting/research_memos_v2/equity_research_memo_v2_02_BZ.md,.md,11329,False,True,False,False,False,True,False,review_only_no_automatic_mutation
outputs/scouting/research_memos_v2/equity_research_memo_v2_03_ADBE.json,.json,11966,False,True,False,False,False,True,False,review_only_no_automatic_mutation
outputs/scouting/research_memos_v2/equity_research_memo_v2_03_ADBE.md,.md,11312,False,True,False,False,False,True,False,review_only_no_automatic_mutation
outputs/scouting/research_memos_v2_red_flags/equity_research_memo_v2_red_flags_01_AUPH.json,.json,14263,False,True,False,False,False,True,False,review_only_no_automatic_mutation
outputs/scouting/research_memos_v2_red_flags/equity_research_memo_v2_red_flags_01_AUPH.md,.md,13063,False,True,False,False,False,True,False,review_only_no_automatic_mutation
outputs/scouting/research_memos_v2_red_flags/equity_research_memo_v2_red_flags_02_BZ.json,.json,14244,False,True,False,False,False,True,False,review_only_no_automatic_mutation
outputs/scouting/research_memos_v2_red_flags/equity_research_memo_v2_red_flags_02_BZ.md,.md,13044,False,True,False,False,False,True,False,review_only_no_automatic_mutation
outputs/scouting/research_memos_v2_red_flags/equity_research_memo_v2_red_flags_03_ADBE.json,.json,14227,False,True,False,False,False,True,False,review_only_no_automatic_mutation
outputs/scouting/research_memos_v2_red_flags/equity_research_memo_v2_red_flags_03_ADBE.md,.md,13027,False,True,False,False,False,True,False,review_only_no_automatic_mutation
outputs/scouting/stage1_balanced_dry_run/balanced_dry_run_report.md,.md,1016,False,True,False,False,False,True,False,review_only_no_automatic_mutation
outputs/scouting/stage1_balanced_impact_approval_report.json,.json,3404,False,True,False,False,False,True,False,review_only_no_automatic_mutation
outputs/scouting/stage1_balanced_impact_approval_report.md,.md,2165,False,True,False,False,False,True,False,review_only_no_automatic_mutation
outputs/scouting/stage1_balanced_official_closure_report.md,.md,1194,False,True,False,False,False,True,False,review_only_no_automatic_mutation
outputs/scouting/stage1_balanced_official_closure_summary.json,.json,2418,False,True,False,False,False,True,False,review_only_no_automatic_mutation
outputs/scouting/stage1_candidate_policy_comparison.csv,.csv,846,False,True,False,False,False,True,False,review_only_no_automatic_mutation
outputs/scouting/stage1_candidate_policy_decision.csv,.csv,270,False,True,False,False,False,True,False,review_only_no_automatic_mutation
outputs/scouting/stage1_candidate_policy_decision_report.json,.json,3609,False,True,False,False,False,True,False,review_only_no_automatic_mutation
outputs/scouting/stage1_candidate_policy_decision_report.md,.md,1474,False,True,False,False,False,True,False,review_only_no_automatic_mutation
outputs/scouting/stage1_policy_simulation_aligned_decisions.csv,.csv,317751,False,True,False,False,False,True,False,review_only_no_automatic_mutation
outputs/scouting/stage1_policy_simulation_aligned_report.json,.json,5059,False,True,False,False,False,True,False,review_only_no_automatic_mutation
outputs/scouting/stage1_policy_simulation_aligned_summary.csv,.csv,660,False,True,False,False,False,True,False,review_only_no_automatic_mutation
outputs/scouting/stage1_policy_simulation_bucket_summary.csv,.csv,1118,False,True,False,False,False,True,False,review_only_no_automatic_mutation
outputs/scouting/stage1_policy_simulation_decisions.csv,.csv,301044,False,True,False,False,False,True,False,review_only_no_automatic_mutation
outputs/scouting/stage1_policy_simulation_final_decisions.csv,.csv,314718,False,True,False,False,False,True,False,review_only_no_automatic_mutation
outputs/scouting/stage1_policy_simulation_final_report.json,.json,5001,False,True,False,False,False,True,False,review_only_no_automatic_mutation
outputs/scouting/stage1_policy_simulation_final_summary.csv,.csv,653,False,True,False,False,False,True,False,review_only_no_automatic_mutation
outputs/scouting/stage1_policy_simulation_report.json,.json,6752,False,True,False,False,False,True,False,review_only_no_automatic_mutation
outputs/scouting/stage1_policy_simulation_report.md,.md,2207,False,True,False,False,False,True,False,review_only_no_automatic_mutation
outputs/scouting/stage1_policy_simulation_summary.csv,.csv,607,False,True,False,False,False,True,False,review_only_no_automatic_mutation
outputs/scouting/stage1_professional_passed_sample.csv,.csv,14851,False,True,False,False,False,True,False,review_only_no_automatic_mutation
outputs/scouting/stage1_simulator_alignment_report.json,.json,1796,False,True,False,False,False,True,False,review_only_no_automatic_mutation
outputs/scouting/stage1_simulator_alignment_report.md,.md,1276,False,True,False,False,False,True,False,review_only_no_automatic_mutation
outputs/scouting/stage2_yfinance_policy_dryrun_report.md,.md,1746,False,True,False,False,False,True,False,review_only_no_automatic_mutation
outputs/scouting/stage2_yfinance_policy_dryrun_results.csv,.csv,29111,False,True,False,False,False,True,False,review_only_no_automatic_mutation
outputs/scouting/stage2_yfinance_policy_dryrun_summary.json,.json,3408,False,True,False,False,False,True,False,review_only_no_automatic_mutation
outputs/scouting/top_100_candidates.csv,.csv,30626,False,True,False,False,False,True,False,review_only_no_automatic_mutation
outputs/scouting/top_20_deep_research.csv,.csv,18316,False,True,False,False,False,True,False,review_only_no_automatic_mutation
outputs/scouting/top_50_watchlist.csv,.csv,30626,False,True,False,False,False,True,False,review_only_no_automatic_mutation
outputs/scouting/top_recoverable_candidates.csv,.csv,50161,False,True,False,False,False,True,False,review_only_no_automatic_mutation
outputs/scouting/universe_cleaning_exclusion_log.csv,.csv,569570,False,True,False,False,False,True,False,review_only_no_automatic_mutation
outputs/scouting/universe_validation_summary.json,.json,1245,False,True,False,False,False,True,False,review_only_no_automatic_mutation
releases/MANIFEST_v0.8.0_candidate.json,.json,192731,False,True,False,False,False,True,False,review_only_no_automatic_mutation
releases/v0.4/app.py,.py,143094,False,True,False,False,False,True,False,review_only_no_automatic_mutation
releases/v0.5/RELEASE_MANIFEST_v0_5.json,.json,2688,False,True,False,False,False,True,False,review_only_no_automatic_mutation
releases/v0.5/app.py,.py,161086,False,True,False,False,False,True,False,review_only_no_automatic_mutation
releases/v0.5/app_v0_5_stable.py,.py,161086,False,True,False,False,False,True,False,review_only_no_automatic_mutation
releases/v0.5/docs/phase5/DATA_REQUIREMENTS.md,.md,1525,False,True,False,False,False,True,False,review_only_no_automatic_mutation
releases/v0.5/docs/phase5/FILTERING_RULES.md,.md,2858,False,True,False,False,False,True,False,review_only_no_automatic_mutation
releases/v0.5/docs/phase5/GLOBAL_FUNNEL_DESIGN.md,.md,2631,False,True,False,False,False,True,False,review_only_no_automatic_mutation
releases/v0.5/docs/phase5/REJECTION_LOG_DESIGN.md,.md,1292,False,True,False,False,False,True,False,review_only_no_automatic_mutation
releases/v0.5/scripts/create_release_v0_5.py,.py,6532,False,True,False,False,False,True,False,review_only_no_automatic_mutation
releases/v0.5/src/auth.py,.py,3865,False,True,False,False,False,True,False,review_only_no_automatic_mutation
releases/v0.5/src/cache.py,.py,11579,False,True,False,False,False,True,False,review_only_no_automatic_mutation
releases/v0.5/src/company_research_report.py,.py,19041,False,True,False,False,False,True,False,review_only_no_automatic_mutation
releases/v0.5/src/data_quality.py,.py,9320,False,True,False,False,False,True,False,review_only_no_automatic_mutation
releases/v0.5/src/database.py,.py,9281,False,True,False,False,False,True,False,review_only_no_automatic_mutation
releases/v0.5/src/enrich_stage1_demo_financials.py,.py,2894,False,True,False,False,False,True,False,review_only_no_automatic_mutation
releases/v0.5/src/export.py,.py,18299,False,True,False,False,False,True,False,review_only_no_automatic_mutation
releases/v0.5/src/feedback.py,.py,12390,False,True,False,False,False,True,False,review_only_no_automatic_mutation
releases/v0.5/src/filter_stage1.py,.py,16177,False,True,False,False,False,True,False,review_only_no_automatic_mutation
releases/v0.5/src/filter_stage2.py,.py,22801,False,True,False,False,False,True,False,review_only_no_automatic_mutation
releases/v0.5/src/filter_stage3.py,.py,22732,False,True,False,False,False,True,False,review_only_no_automatic_mutation
releases/v0.5/src/filters.py,.py,8710,False,True,False,False,False,True,False,review_only_no_automatic_mutation
releases/v0.5/src/global_universe.py,.py,9638,False,True,False,False,False,True,False,review_only_no_automatic_mutation
releases/v0.5/src/market_data.py,.py,12182,False,True,False,False,False,True,False,review_only_no_automatic_mutation
releases/v0.5/src/openai_analysis.py,.py,19294,False,True,False,False,False,True,False,review_only_no_automatic_mutation
releases/v0.5/src/openai_client.py,.py,11107,False,True,False,False,False,True,False,review_only_no_automatic_mutation
releases/v0.5/src/openai_equity_research_v2.py,.py,15659,False,True,False,False,False,True,False,review_only_no_automatic_mutation
releases/v0.5/src/openai_persistence.py,.py,13714,False,True,False,False,False,True,False,review_only_no_automatic_mutation
releases/v0.5/src/pipeline.py,.py,15156,False,True,False,False,False,True,False,review_only_no_automatic_mutation
releases/v0.5/src/results.py,.py,26404,False,True,False,False,False,True,False,review_only_no_automatic_mutation
releases/v0.5/src/scoring.py,.py,15917,False,True,False,False,False,True,False,review_only_no_automatic_mutation
releases/v0.5/src/scouting_candidates.py,.py,7114,False,True,False,False,False,True,False,review_only_no_automatic_mutation
releases/v0.5/src/universe.py,.py,6850,False,True,False,False,False,True,False,review_only_no_automatic_mutation
releases/v0.5/src/utils.py,.py,9044,False,True,False,False,False,True,False,review_only_no_automatic_mutation
releases/v0.5/templates/global_universe_sample.csv,.csv,986,False,True,False,False,False,True,False,review_only_no_automatic_mutation
releases/v0.5/templates/global_universe_template.csv,.csv,320,False,True,False,False,False,True,False,review_only_no_automatic_mutation
releases/v0.5/templates/stage1_output_template.csv,.csv,390,False,True,False,False,False,True,False,review_only_no_automatic_mutation
releases/v0.5/templates/stage2_output_template.csv,.csv,731,False,True,False,False,False,True,False,review_only_no_automatic_mutation
releases/v0.5/templates/stage3_output_template.csv,.csv,971,False,True,False,False,False,True,False,review_only_no_automatic_mutation
releases/v0.6/app.py,.py,166468,False,True,False,False,False,True,False,review_only_no_automatic_mutation
releases/v0.6/app_v0_6_stable.py,.py,166468,False,True,False,False,False,True,False,review_only_no_automatic_mutation
releases/v0.6/docs/phase5/DATA_REQUIREMENTS.md,.md,1525,False,True,False,False,False,True,False,review_only_no_automatic_mutation
releases/v0.6/docs/phase5/FILTERING_RULES.md,.md,2858,False,True,False,False,False,True,False,review_only_no_automatic_mutation
releases/v0.6/docs/phase5/GLOBAL_FUNNEL_DESIGN.md,.md,2631,False,True,False,False,False,True,False,review_only_no_automatic_mutation
releases/v0.6/docs/phase5/REJECTION_LOG_DESIGN.md,.md,1292,False,True,False,False,False,True,False,review_only_no_automatic_mutation
releases/v0.6/scripts/check_phase6a_real_universe.py,.py,2595,False,True,False,False,False,True,False,review_only_no_automatic_mutation
releases/v0.6/scripts/create_release_v0_5.py,.py,6532,False,True,False,False,False,True,False,review_only_no_automatic_mutation
releases/v0.6/src/auth.py,.py,3865,False,True,False,False,False,True,False,review_only_no_automatic_mutation
releases/v0.6/src/cache.py,.py,11579,False,True,False,False,False,True,False,review_only_no_automatic_mutation
releases/v0.6/src/company_research_report.py,.py,19041,False,True,False,False,False,True,False,review_only_no_automatic_mutation
releases/v0.6/src/data_quality.py,.py,9320,False,True,False,False,False,True,False,review_only_no_automatic_mutation
releases/v0.6/src/database.py,.py,9281,False,True,False,False,False,True,False,review_only_no_automatic_mutation
releases/v0.6/src/enrich_stage1_demo_financials.py,.py,2894,False,True,False,False,False,True,False,review_only_no_automatic_mutation
releases/v0.6/src/export.py,.py,18299,False,True,False,False,False,True,False,review_only_no_automatic_mutation
releases/v0.6/src/feedback.py,.py,12390,False,True,False,False,False,True,False,review_only_no_automatic_mutation
releases/v0.6/src/filter_stage1.py,.py,16177,False,True,False,False,False,True,False,review_only_no_automatic_mutation
releases/v0.6/src/filter_stage2.py,.py,22801,False,True,False,False,False,True,False,review_only_no_automatic_mutation
releases/v0.6/src/filter_stage3.py,.py,22732,False,True,False,False,False,True,False,review_only_no_automatic_mutation
releases/v0.6/src/filters.py,.py,8710,False,True,False,False,False,True,False,review_only_no_automatic_mutation
releases/v0.6/src/fundamental_coverage_report.py,.py,8690,False,True,False,False,False,True,False,review_only_no_automatic_mutation
releases/v0.6/src/global_universe.py,.py,9638,False,True,False,False,False,True,False,review_only_no_automatic_mutation
releases/v0.6/src/market_data.py,.py,12182,False,True,False,False,False,True,False,review_only_no_automatic_mutation
releases/v0.6/src/openai_analysis.py,.py,19294,False,True,False,False,False,True,False,review_only_no_automatic_mutation
releases/v0.6/src/openai_client.py,.py,11107,False,True,False,False,False,True,False,review_only_no_automatic_mutation
releases/v0.6/src/openai_equity_research_v2.py,.py,15659,False,True,False,False,False,True,False,review_only_no_automatic_mutation
releases/v0.6/src/openai_persistence.py,.py,13714,False,True,False,False,False,True,False,review_only_no_automatic_mutation
releases/v0.6/src/pipeline.py,.py,15156,False,True,False,False,False,True,False,review_only_no_automatic_mutation
releases/v0.6/src/prepare_fundamentals_csv.py,.py,12216,False,True,False,False,False,True,False,review_only_no_automatic_mutation
releases/v0.6/src/prepare_real_universe_csv.py,.py,7606,False,True,False,False,False,True,False,review_only_no_automatic_mutation
releases/v0.6/src/results.py,.py,26404,False,True,False,False,False,True,False,review_only_no_automatic_mutation
releases/v0.6/src/scoring.py,.py,15917,False,True,False,False,False,True,False,review_only_no_automatic_mutation
releases/v0.6/src/scouting_candidates.py,.py,7114,False,True,False,False,False,True,False,review_only_no_automatic_mutation
releases/v0.6/src/universe.py,.py,6850,False,True,False,False,False,True,False,review_only_no_automatic_mutation
releases/v0.6/src/utils.py,.py,9044,False,True,False,False,False,True,False,review_only_no_automatic_mutation
releases/v0.6/templates/fundamentals_source_sample.csv,.csv,615,False,True,False,False,False,True,False,review_only_no_automatic_mutation
releases/v0.6/templates/global_universe_sample.csv,.csv,986,False,True,False,False,False,True,False,review_only_no_automatic_mutation
releases/v0.6/templates/global_universe_template.csv,.csv,320,False,True,False,False,False,True,False,review_only_no_automatic_mutation
releases/v0.6/templates/stage1_output_template.csv,.csv,390,False,True,False,False,False,True,False,review_only_no_automatic_mutation
releases/v0.6/templates/stage2_output_template.csv,.csv,731,False,True,False,False,False,True,False,review_only_no_automatic_mutation
releases/v0.6/templates/stage3_output_template.csv,.csv,971,False,True,False,False,False,True,False,review_only_no_automatic_mutation
releases/v0.7/app.py,.py,185246,False,True,False,False,False,True,False,review_only_no_automatic_mutation
releases/v0.7/data/stages/stage1_passed.csv,.csv,53244,False,True,False,False,False,True,False,review_only_no_automatic_mutation
releases/v0.7/data/stages/stage1_rejected.csv,.csv,86318,False,True,False,False,False,True,False,review_only_no_automatic_mutation
releases/v0.7/data/stages/stage1_watchlist.csv,.csv,31006,False,True,False,False,False,True,False,review_only_no_automatic_mutation
releases/v0.7/data/stages/stage2_passed.csv,.csv,46336,False,True,False,False,False,True,False,review_only_no_automatic_mutation
releases/v0.7/data/stages/stage2_rejected.csv,.csv,29096,False,True,False,False,False,True,False,review_only_no_automatic_mutation
releases/v0.7/data/stages/stage2_watchlist.csv,.csv,60097,False,True,False,False,False,True,False,review_only_no_automatic_mutation
releases/v0.7/data/stages/stage3_passed.csv,.csv,6101,False,True,False,False,False,True,False,review_only_no_automatic_mutation
releases/v0.7/data/stages/stage3_rejected.csv,.csv,25636,False,True,False,False,False,True,False,review_only_no_automatic_mutation
releases/v0.7/data/stages/stage3_watchlist.csv,.csv,25801,False,True,False,False,False,True,False,review_only_no_automatic_mutation
releases/v0.7/docs/phase7/PHASE7B1_STAGE1_POLICY_SIMULATOR.md,.md,900,False,True,False,False,False,True,False,review_only_no_automatic_mutation
releases/v0.7/docs/phase7/PHASE7B2_ALIGN_STAGE1_SIMULATOR.md,.md,908,False,True,False,False,False,True,False,review_only_no_automatic_mutation
releases/v0.7/docs/phase7/PHASE7B3_ALIGNED_STAGE1_POLICY_SIMULATOR.md,.md,994,False,True,False,False,False,True,False,review_only_no_automatic_mutation
releases/v0.7/manifest_v0.7.json,.json,100238,False,True,False,False,False,True,False,review_only_no_automatic_mutation
releases/v0.7/outputs/scouting/phase7c4_pipeline_revalidation_report.md,.md,4862,False,True,False,False,False,True,False,review_only_no_automatic_mutation
releases/v0.7/outputs/scouting/phase7c4_pipeline_revalidation_summary.json,.json,7765,False,True,False,False,False,True,False,review_only_no_automatic_mutation
releases/v0.7/outputs/scouting/phase7e_v07_release_checkpoint_evidence.csv,.csv,2338,False,True,False,False,False,True,False,review_only_no_automatic_mutation
releases/v0.7/outputs/scouting/phase7e_v07_release_checkpoint_report.md,.md,4108,False,True,False,False,False,True,False,review_only_no_automatic_mutation
releases/v0.7/outputs/scouting/phase7e_v07_release_checkpoint_summary.json,.json,6415,False,True,False,False,False,True,False,review_only_no_automatic_mutation
releases/v0.7/outputs/scouting/phase7f1_release_v07_files_audit.csv,.csv,23584,False,True,False,False,False,True,False,review_only_no_automatic_mutation
releases/v0.7/outputs/scouting/phase7f1_release_v07_integrity_report.md,.md,1960,False,True,False,False,False,True,False,review_only_no_automatic_mutation
releases/v0.7/outputs/scouting/phase7f1_release_v07_integrity_summary.json,.json,2670,False,True,False,False,False,True,False,review_only_no_automatic_mutation
releases/v0.7/outputs/scouting/phase7f_release_v07_packaging_summary.json,.json,74996,False,True,False,False,False,True,False,review_only_no_automatic_mutation
releases/v0.7/outputs/scouting/stage1_balanced_official_closure_summary.json,.json,2418,False,True,False,False,False,True,False,review_only_no_automatic_mutation
releases/v0.7/outputs/scouting/top_100_candidates.csv,.csv,30626,False,True,False,False,False,True,False,review_only_no_automatic_mutation
releases/v0.7/outputs/scouting/top_20_deep_research.csv,.csv,18316,False,True,False,False,False,True,False,review_only_no_automatic_mutation
releases/v0.7/outputs/scouting/top_50_watchlist.csv,.csv,30626,False,True,False,False,False,True,False,review_only_no_automatic_mutation
releases/v0.7/scripts/apply_phase7c3_stage2_yfinance_policy.py,.py,10598,False,True,False,False,False,True,False,review_only_no_automatic_mutation
releases/v0.7/scripts/apply_phase7d1_dashboard_hotfix.py,.py,11113,False,True,False,False,False,True,False,review_only_no_automatic_mutation
releases/v0.7/scripts/apply_phase7d_dashboard_revalidated_funnel.py,.py,12439,False,True,False,False,False,True,False,review_only_no_automatic_mutation
releases/v0.7/scripts/check_phase6a_real_universe.py,.py,2595,False,True,False,False,False,True,False,review_only_no_automatic_mutation
releases/v0.7/scripts/check_phase7b1_policy_simulation.py,.py,3245,False,True,False,False,False,True,False,review_only_no_automatic_mutation
releases/v0.7/scripts/check_phase7b2_simulator_alignment.py,.py,3369,False,True,False,False,False,True,False,review_only_no_automatic_mutation
releases/v0.7/scripts/check_phase7b3_aligned_simulator.py,.py,3315,False,True,False,False,False,True,False,review_only_no_automatic_mutation
releases/v0.7/scripts/check_phase7b4_final_simulator.py,.py,3066,False,True,False,False,False,True,False,review_only_no_automatic_mutation
releases/v0.7/scripts/check_phase7b9_stage1_balanced_closure.py,.py,3180,False,True,False,False,False,True,False,review_only_no_automatic_mutation
releases/v0.7/scripts/check_phase7c2_stage2_yfinance_policy.py,.py,3843,False,True,False,False,False,True,False,review_only_no_automatic_mutation
releases/v0.7/scripts/check_phase7c2_v2_stage2_yfinance_policy.py,.py,4615,False,True,False,False,False,True,False,review_only_no_automatic_mutation
releases/v0.7/scripts/check_phase7c4_pipeline_revalidation.py,.py,4423,False,True,False,False,False,True,False,review_only_no_automatic_mutation
releases/v0.7/scripts/check_phase7d_dashboard_revalidated_funnel.py,.py,3558,False,True,False,False,False,True,False,review_only_no_automatic_mutation
releases/v0.7/scripts/create_release_v0_5.py,.py,6532,False,True,False,False,False,True,False,review_only_no_automatic_mutation
releases/v0.7/scripts/hotfix_phase7a5_2_dashboard.py,.py,10084,False,True,False,False,False,True,False,review_only_no_automatic_mutation
releases/v0.7/src/align_stage1_simulator.py,.py,12303,False,True,False,False,False,True,False,review_only_no_automatic_mutation
releases/v0.7/src/auth.py,.py,3865,False,True,False,False,False,True,False,review_only_no_automatic_mutation
releases/v0.7/src/cache.py,.py,11579,False,True,False,False,False,True,False,review_only_no_automatic_mutation
releases/v0.7/src/clean_universe_institutional.py,.py,16725,False,True,False,False,False,True,False,review_only_no_automatic_mutation
releases/v0.7/src/close_phase7c4_pipeline_revalidation.py,.py,13627,False,True,False,False,False,True,False,review_only_no_automatic_mutation
releases/v0.7/src/close_phase7e1_v07_checkpoint_marker_fix.py,.py,10251,False,True,False,False,False,True,False,review_only_no_automatic_mutation
releases/v0.7/src/close_phase7e_v07_release_checkpoint.py,.py,9200,False,True,False,False,False,True,False,review_only_no_automatic_mutation
releases/v0.7/src/close_stage1_balanced_policy.py,.py,6262,False,True,False,False,False,True,False,review_only_no_automatic_mutation
releases/v0.7/src/company_research_report.py,.py,19041,False,True,False,False,False,True,False,review_only_no_automatic_mutation
releases/v0.7/src/compare_institutional_cleaning_impact.py,.py,11743,False,True,False,False,False,True,False,review_only_no_automatic_mutation
releases/v0.7/src/data_quality.py,.py,9320,False,True,False,False,False,True,False,review_only_no_automatic_mutation
releases/v0.7/src/database.py,.py,9281,False,True,False,False,False,True,False,review_only_no_automatic_mutation
releases/v0.7/src/enrich_fundamentals_yfinance.py,.py,12385,False,True,False,False,False,True,False,review_only_no_automatic_mutation
releases/v0.7/src/enrich_market_data_yfinance.py,.py,14629,False,True,False,False,False,True,False,review_only_no_automatic_mutation
releases/v0.7/src/enrich_stage1_demo_financials.py,.py,2894,False,True,False,False,False,True,False,review_only_no_automatic_mutation
releases/v0.7/src/export.py,.py,18299,False,True,False,False,False,True,False,review_only_no_automatic_mutation
releases/v0.7/src/feedback.py,.py,12390,False,True,False,False,False,True,False,review_only_no_automatic_mutation
releases/v0.7/src/filter_stage1.py,.py,17181,False,True,False,False,False,True,False,review_only_no_automatic_mutation
releases/v0.7/src/filter_stage1_before_phase7b8_1_exact.py,.py,16177,False,True,False,False,False,True,False,review_only_no_automatic_mutation
releases/v0.7/src/filter_stage1_before_phase7b8_balanced.py,.py,16177,False,True,False,False,False,True,False,review_only_no_automatic_mutation
releases/v0.7/src/filter_stage2.py,.py,23657,False,True,False,False,False,True,False,review_only_no_automatic_mutation
releases/v0.7/src/filter_stage2_before_phase7c3_yfinance_policy.py,.py,22801,False,True,False,False,False,True,False,review_only_no_automatic_mutation
releases/v0.7/src/filter_stage3.py,.py,22732,False,True,False,False,False,True,False,review_only_no_automatic_mutation
releases/v0.7/src/filters.py,.py,8710,False,True,False,False,False,True,False,review_only_no_automatic_mutation
releases/v0.7/src/fundamental_coverage_report.py,.py,8690,False,True,False,False,False,True,False,review_only_no_automatic_mutation
releases/v0.7/src/global_universe.py,.py,9638,False,True,False,False,False,True,False,review_only_no_automatic_mutation
releases/v0.7/src/market_data.py,.py,12182,False,True,False,False,False,True,False,review_only_no_automatic_mutation
releases/v0.7/src/openai_analysis.py,.py,19294,False,True,False,False,False,True,False,review_only_no_automatic_mutation
releases/v0.7/src/openai_client.py,.py,11107,False,True,False,False,False,True,False,review_only_no_automatic_mutation
releases/v0.7/src/openai_equity_research_v2.py,.py,15659,False,True,False,False,False,True,False,review_only_no_automatic_mutation
releases/v0.7/src/openai_persistence.py,.py,13714,False,True,False,False,False,True,False,review_only_no_automatic_mutation
releases/v0.7/src/package_phase7f_release_v07.py,.py,12673,False,True,False,False,False,True,False,review_only_no_automatic_mutation
releases/v0.7/src/pipeline.py,.py,15156,False,True,False,False,False,True,False,review_only_no_automatic_mutation
releases/v0.7/src/prepare_fundamentals_csv.py,.py,12216,False,True,False,False,False,True,False,review_only_no_automatic_mutation
releases/v0.7/src/prepare_real_universe_csv.py,.py,7606,False,True,False,False,False,True,False,review_only_no_automatic_mutation
releases/v0.7/src/results.py,.py,26404,False,True,False,False,False,True,False,review_only_no_automatic_mutation
releases/v0.7/src/review_stage1_balanced_impact.py,.py,11216,False,True,False,False,False,True,False,review_only_no_automatic_mutation
releases/v0.7/src/run_stage1_balanced_dry_run.py,.py,10852,False,True,False,False,False,True,False,review_only_no_automatic_mutation
releases/v0.7/src/scoring.py,.py,15917,False,True,False,False,False,True,False,review_only_no_automatic_mutation
releases/v0.7/src/scouting_candidates.py,.py,7114,False,True,False,False,False,True,False,review_only_no_automatic_mutation
releases/v0.7/src/select_stage1_candidate_policy.py,.py,10000,False,True,False,False,False,True,False,review_only_no_automatic_mutation
releases/v0.7/src/simulate_stage1_policy.py,.py,15980,False,True,False,False,False,True,False,review_only_no_automatic_mutation
releases/v0.7/src/simulate_stage1_policy_aligned.py,.py,17043,False,True,False,False,False,True,False,review_only_no_automatic_mutation
releases/v0.7/src/simulate_stage1_policy_final.py,.py,15354,False,True,False,False,False,True,False,review_only_no_automatic_mutation
releases/v0.7/src/simulate_stage2_yfinance_policy.py,.py,12429,False,True,False,False,False,True,False,review_only_no_automatic_mutation
releases/v0.7/src/simulate_stage2_yfinance_policy_v2.py,.py,13615,False,True,False,False,False,True,False,review_only_no_automatic_mutation
releases/v0.7/src/universe.py,.py,6850,False,True,False,False,False,True,False,review_only_no_automatic_mutation
releases/v0.7/src/utils.py,.py,9044,False,True,False,False,False,True,False,review_only_no_automatic_mutation
scripts/apply_phase7c3_stage2_yfinance_policy.py,.py,10598,False,True,False,False,False,True,False,review_only_no_automatic_mutation
scripts/apply_phase7d1_dashboard_hotfix.py,.py,11113,False,True,False,False,False,True,False,review_only_no_automatic_mutation
scripts/apply_phase7d_dashboard_revalidated_funnel.py,.py,12439,False,True,False,False,False,True,False,review_only_no_automatic_mutation
scripts/asx_candidate_extraction_dry_run_v2_20e.py,.py,41108,False,True,False,False,False,True,False,review_only_no_automatic_mutation
scripts/asx_candidate_promotion_decision_gate_v2_20j.py,.py,27080,False,True,False,False,False,True,False,review_only_no_automatic_mutation
scripts/asx_closure_report_v2_20i.py,.py,27137,False,True,False,False,False,True,False,review_only_no_automatic_mutation
scripts/asx_controlled_promoted_file_creation_v2_20m.py,.py,37138,False,True,True,False,False,True,False,review_only_no_automatic_mutation
scripts/asx_expanded_rebuild_candidate_v2_20g.py,.py,32561,False,True,False,False,False,True,False,review_only_no_automatic_mutation
scripts/asx_expanded_validation_v2_20h.py,.py,39356,False,True,False,False,False,True,False,review_only_no_automatic_mutation
scripts/asx_final_promotion_closure_report_v2_20t.py,.py,39965,False,True,True,False,False,True,False,review_only_no_automatic_mutation
scripts/asx_quality_first_acquisition_plan_v2_20b.py,.py,35226,False,True,False,False,False,True,False,review_only_no_automatic_mutation
scripts/asx_quality_first_raw_acquisition_v2_20c.py,.py,33719,False,True,False,False,False,True,False,review_only_no_automatic_mutation
scripts/asx_raw_validation_v2_20d.py,.py,39824,False,True,False,False,False,True,False,review_only_no_automatic_mutation
scripts/audit_app_dead_code_v1_6d1a.py,.py,6137,False,True,False,False,False,True,False,review_only_no_automatic_mutation
scripts/audit_combined_score_calibration_v1_6e.py,.py,5811,False,True,False,False,False,True,False,review_only_no_automatic_mutation
scripts/audit_controlled_large_universe_v1_9b.py,.py,10320,False,True,False,False,False,True,False,review_only_no_automatic_mutation
scripts/audit_controlled_scale_v2_1a.py,.py,10241,False,True,False,False,False,True,False,review_only_no_automatic_mutation
scripts/audit_performance_ui_large_mode_v2_1c.py,.py,11442,False,True,False,False,False,True,False,review_only_no_automatic_mutation
scripts/audit_scale_readiness_v1_9a.py,.py,9568,False,True,False,False,False,True,False,review_only_no_automatic_mutation
scripts/build_local_research_mvp_v2_0.py,.py,11030,False,True,False,False,False,True,False,review_only_no_automatic_mutation
scripts/cboe_europe_acquisition_plan_v2_11b.py,.py,17864,False,True,False,False,False,True,False,review_only_no_automatic_mutation
scripts/cboe_europe_acquisition_v2_11c.py,.py,14845,False,True,False,False,False,True,False,review_only_no_automatic_mutation
scripts/cboe_europe_closure_v2_11g.py,.py,14637,False,True,False,False,False,True,False,review_only_no_automatic_mutation
scripts/cboe_europe_expanded_validation_v2_11f.py,.py,17434,False,True,False,False,False,True,False,review_only_no_automatic_mutation
scripts/cboe_europe_rebuild_v2_11e.py,.py,19689,False,True,False,False,False,True,False,review_only_no_automatic_mutation
scripts/cboe_europe_route_v2_11a.py,.py,20847,False,True,False,False,False,True,False,review_only_no_automatic_mutation
scripts/cboe_europe_validation_v2_11d.py,.py,26375,False,True,False,False,False,True,False,review_only_no_automatic_mutation
scripts/cboe_listed_symbols_acquisition_real_v2_8b.py,.py,26353,False,True,False,False,False,True,False,review_only_no_automatic_mutation
scripts/cboe_listed_symbols_route_plan_v2_8a.py,.py,15106,False,True,False,False,False,True,False,review_only_no_automatic_mutation
scripts/cboe_listed_symbols_validation_v2_8c.py,.py,32540,False,True,False,False,False,True,False,review_only_no_automatic_mutation
scripts/check_phase6a_real_universe.py,.py,2595,False,True,False,False,False,True,False,review_only_no_automatic_mutation
scripts/check_phase7b1_policy_simulation.py,.py,3245,False,True,False,False,False,True,False,review_only_no_automatic_mutation
scripts/check_phase7b2_simulator_alignment.py,.py,3369,False,True,False,False,False,True,False,review_only_no_automatic_mutation
scripts/check_phase7b3_aligned_simulator.py,.py,3315,False,True,False,False,False,True,False,review_only_no_automatic_mutation
scripts/check_phase7b4_final_simulator.py,.py,3066,False,True,False,False,False,True,False,review_only_no_automatic_mutation
scripts/check_phase7b9_stage1_balanced_closure.py,.py,3180,False,True,False,False,False,True,False,review_only_no_automatic_mutation
scripts/check_phase7c2_stage2_yfinance_policy.py,.py,3843,False,True,False,False,False,True,False,review_only_no_automatic_mutation
scripts/check_phase7c2_v2_stage2_yfinance_policy.py,.py,4615,False,True,False,False,False,True,False,review_only_no_automatic_mutation
scripts/check_phase7c4_pipeline_revalidation.py,.py,4423,False,True,False,False,False,True,False,review_only_no_automatic_mutation
scripts/check_phase7d_dashboard_revalidated_funnel.py,.py,3558,False,True,False,False,False,True,False,review_only_no_automatic_mutation
scripts/check_v1_4a_real_universe_refresh.py,.py,1589,False,True,False,False,False,True,False,review_only_no_automatic_mutation
scripts/check_v1_4c1_hotfix_real_universe_label.py,.py,1346,False,True,False,False,False,True,False,review_only_no_automatic_mutation
scripts/check_v1_4c_regenerate_candidates_real_universe.py,.py,3189,False,True,False,False,False,True,False,review_only_no_automatic_mutation
scripts/check_v1_4d_real_universe_scoring_bridge.py,.py,3368,False,True,False,False,False,True,False,review_only_no_automatic_mutation
scripts/check_v1_4e1_market_data_adapter_hotfix.py,.py,3371,False,True,False,False,False,True,False,review_only_no_automatic_mutation
scripts/check_v1_4e2_market_data_provider_fallback.py,.py,2794,False,True,False,False,False,True,False,review_only_no_automatic_mutation
scripts/check_v1_4f2_manual_market_data_percent_normalization.py,.py,3055,False,True,False,False,False,True,False,review_only_no_automatic_mutation
scripts/check_v1_5a_local_scoring_v0.py,.py,3658,False,True,False,False,False,True,False,review_only_no_automatic_mutation
scripts/check_v1_5b_ranking_explainability.py,.py,3356,False,True,False,False,False,True,False,review_only_no_automatic_mutation
scripts/check_v1_5c1_scale_test_output_restore_hotfix.py,.py,2563,False,True,False,False,False,True,False,review_only_no_automatic_mutation
scripts/check_v1_6c8_data_source_detection_refactor.py,.py,3652,False,True,False,False,False,True,False,review_only_no_automatic_mutation
scripts/check_v1_6c_combined_scoring_v1.py,.py,3458,False,True,False,False,False,True,False,review_only_no_automatic_mutation
scripts/cleanup_legacy_helpers_v1_6d3b.py,.py,2776,False,True,False,False,False,True,False,review_only_no_automatic_mutation
scripts/colombia_conditional_build_freeze_v2_21d_c.py,.py,45683,False,True,True,False,False,True,False,review_only_no_automatic_mutation
scripts/colombia_promotion_freeze_decision_v2_21e_c.py,.py,33692,False,True,True,False,False,True,False,review_only_no_automatic_mutation
scripts/colombia_regulatory_discovery_extraction_decision_v2_21c3b.py,.py,44353,False,True,True,False,False,True,False,review_only_no_automatic_mutation
scripts/controlled_nyse_provider_acquisition_plan_v2_5c.py,.py,14212,False,True,False,False,False,True,False,review_only_no_automatic_mutation
scripts/controlled_nyse_provider_acquisition_real_v2_5d.py,.py,19175,False,True,False,False,False,True,False,review_only_no_automatic_mutation
scripts/create_59k_dry_run_plan_v2_2a.py,.py,10389,False,True,False,False,False,True,False,review_only_no_automatic_mutation
scripts/create_release_v0_5.py,.py,6532,False,True,False,False,False,True,False,review_only_no_automatic_mutation
scripts/deutsche_boerse_xetra_acquisition_plan_v2_14b.py,.py,14918,False,True,False,False,False,True,False,review_only_no_automatic_mutation
scripts/deutsche_boerse_xetra_acquisition_v2_14c.py,.py,15487,False,True,False,False,False,True,False,review_only_no_automatic_mutation
scripts/deutsche_boerse_xetra_closure_v2_14g.py,.py,11103,False,True,False,False,False,True,False,review_only_no_automatic_mutation
scripts/deutsche_boerse_xetra_corrected_validation_v2_14d3.py,.py,26371,False,True,False,False,False,True,False,review_only_no_automatic_mutation
scripts/deutsche_boerse_xetra_expanded_validation_v2_14f.py,.py,16311,False,True,False,False,False,True,False,review_only_no_automatic_mutation
scripts/deutsche_boerse_xetra_rebuild_v2_14e.py,.py,20417,False,True,False,False,False,True,False,review_only_no_automatic_mutation
scripts/deutsche_boerse_xetra_taxonomy_validation_v2_14d4.py,.py,27889,False,True,False,False,False,True,False,review_only_no_automatic_mutation
scripts/deutsche_boerse_xetra_validation_v2_14d.py,.py,27078,False,True,False,False,False,True,False,review_only_no_automatic_mutation
scripts/dry_run_59k_skeleton_v2_2b.py,.py,12213,False,True,False,False,False,True,False,review_only_no_automatic_mutation
scripts/eol_guard_v2_14k.py,.py,6417,False,True,False,False,False,True,False,review_only_no_automatic_mutation
scripts/euronext_acquisition_plan_v2_15b.py,.py,12620,False,True,False,False,False,True,False,review_only_no_automatic_mutation
scripts/euronext_candidate_extraction_dry_run_v2_15f.py,.py,24531,False,True,False,False,False,True,False,review_only_no_automatic_mutation
scripts/euronext_closure_report_v2_15g.py,.py,19857,False,True,False,False,False,True,False,review_only_no_automatic_mutation
scripts/euronext_controlled_endpoint_probe_v2_15f3.py,.py,24294,False,True,False,False,False,True,False,review_only_no_automatic_mutation
scripts/euronext_endpoint_candidate_extraction_dry_run_v2_15f5.py,.py,27898,False,True,False,False,False,True,False,review_only_no_automatic_mutation
scripts/euronext_endpoint_payload_shape_validation_v2_15f4.py,.py,27806,False,True,False,False,False,True,False,review_only_no_automatic_mutation
scripts/euronext_extraction_strategy_revision_v2_15f2.py,.py,21278,False,True,False,False,False,True,False,review_only_no_automatic_mutation
scripts/euronext_raw_acquisition_v2_15c.py,.py,13310,False,True,False,False,False,True,False,review_only_no_automatic_mutation
scripts/euronext_rebuild_candidate_prep_v2_15e.py,.py,21604,False,True,False,False,False,True,False,review_only_no_automatic_mutation
scripts/euronext_validation_v2_15d.py,.py,17516,False,True,False,False,False,True,False,review_only_no_automatic_mutation
scripts/expanded_source_builder_real_v2_4b.py,.py,21843,False,True,False,False,False,True,False,review_only_no_automatic_mutation
scripts/expanded_source_builder_skeleton_v2_3e.py,.py,13413,False,True,False,False,False,True,False,review_only_no_automatic_mutation
scripts/expanded_source_partial_closure_v2_4d.py,.py,13598,False,True,False,False,False,True,False,review_only_no_automatic_mutation
scripts/expanded_source_revalidation_gate_v2_5a.py,.py,10509,False,True,False,False,False,True,False,review_only_no_automatic_mutation
scripts/expanded_source_validation_real_v2_4c.py,.py,19004,False,True,False,False,False,True,False,review_only_no_automatic_mutation
scripts/expanded_source_validation_v2_3f.py,.py,14703,False,True,False,False,False,True,False,review_only_no_automatic_mutation
scripts/expanded_source_with_cboe_closure_report_v2_8g.py,.py,16258,False,True,False,False,False,True,False,review_only_no_automatic_mutation
scripts/expanded_source_with_sec_closure_report_v2_7d.py,.py,15665,False,True,False,False,False,True,False,review_only_no_automatic_mutation
scripts/final_v2_21_closure_report.py,.py,29638,False,True,True,True,False,True,False,review_only_no_automatic_mutation
scripts/full_59k_dry_run_gate_v2_2e.py,.py,10531,False,True,False,False,False,True,False,review_only_no_automatic_mutation
scripts/full_universe_source_acquisition_audit_v2_3a.py,.py,12334,False,True,False,False,False,True,False,review_only_no_automatic_mutation
scripts/full_universe_source_strategy_v2_3b.py,.py,12372,False,True,False,False,False,True,False,review_only_no_automatic_mutation
scripts/generate_controlled_scale_outputs_v2_1b.py,.py,8302,False,True,False,False,False,True,False,review_only_no_automatic_mutation
scripts/hkex_acquisition_plan_v2_12b.py,.py,16240,False,True,False,False,False,True,False,review_only_no_automatic_mutation
scripts/hkex_acquisition_plan_v2_19k.py,.py,31308,False,True,False,False,False,True,False,review_only_no_automatic_mutation
scripts/hkex_candidate_extraction_dry_run_v2_19n.py,.py,39587,False,True,False,False,False,True,False,review_only_no_automatic_mutation
scripts/hkex_closure_report_v2_19r.py,.py,26570,False,True,False,False,False,True,False,review_only_no_automatic_mutation
scripts/hkex_closure_v2_12g.py,.py,15320,False,True,False,False,False,True,False,review_only_no_automatic_mutation
scripts/hkex_expanded_rebuild_candidate_v2_19p.py,.py,33463,False,True,False,False,False,True,False,review_only_no_automatic_mutation
scripts/hkex_expanded_validation_v2_19q.py,.py,39709,False,True,False,False,False,True,False,review_only_no_automatic_mutation
scripts/hkex_raw_acquisition_repair_v2_19l_fix.py,.py,35853,False,True,False,False,False,True,False,review_only_no_automatic_mutation
scripts/hkex_raw_acquisition_v2_19l.py,.py,42003,False,True,False,False,False,True,False,review_only_no_automatic_mutation
scripts/hkex_raw_validation_v2_19m.py,.py,48465,False,True,False,False,False,True,False,review_only_no_automatic_mutation
scripts/hkex_rebuild_v2_12e.py,.py,27813,False,True,False,False,False,True,False,review_only_no_automatic_mutation
scripts/hkex_repaired_raw_validation_v2_19m_fix.py,.py,52793,False,True,False,False,False,True,False,review_only_no_automatic_mutation
scripts/hkex_validation_v2_12d.py,.py,30002,False,True,False,False,False,True,False,review_only_no_automatic_mutation
scripts/hotfix_phase7a5_2_dashboard.py,.py,10084,False,True,False,False,False,True,False,review_only_no_automatic_mutation
scripts/jpx_acquisition_plan_v2_13b.py,.py,17406,False,True,False,False,False,True,False,review_only_no_automatic_mutation
scripts/jpx_rebuild_expanded_source_v2_13e.py,.py,26220,False,True,False,False,False,True,False,review_only_no_automatic_mutation
scripts/jpx_validation_v2_13d.py,.py,32375,False,True,False,False,False,True,False,review_only_no_automatic_mutation
scripts/krx_acquisition_plan_v2_19b.py,.py,32876,False,True,False,False,False,True,False,review_only_no_automatic_mutation
scripts/krx_closure_report_v2_19i.py,.py,33721,False,True,False,False,False,True,False,review_only_no_automatic_mutation
scripts/krx_raw_acquisition_repair_v2_19c_fix.py,.py,57376,False,True,False,False,False,True,False,review_only_no_automatic_mutation
scripts/krx_raw_acquisition_v2_19c.py,.py,40505,False,True,False,False,False,True,False,review_only_no_automatic_mutation
scripts/krx_raw_validation_v2_19d.py,.py,32218,False,True,False,False,False,True,False,review_only_no_automatic_mutation
scripts/krx_repaired_raw_validation_v2_19d_fix.py,.py,42016,False,True,False,False,False,True,False,review_only_no_automatic_mutation
scripts/large_universe_mode_closure_v2_1e.py,.py,10698,False,True,False,False,False,True,False,review_only_no_automatic_mutation
scripts/lse_acquisition_plan_v2_10b.py,.py,23311,False,True,False,False,False,True,False,review_only_no_automatic_mutation
scripts/lse_acquisition_real_v2_10c.py,.py,27266,False,True,False,False,False,True,False,review_only_no_automatic_mutation
scripts/lse_closure_report_v2_10g.py,.py,17137,False,True,False,False,False,True,False,review_only_no_automatic_mutation
scripts/lse_validation_v2_10d.py,.py,21468,False,True,False,False,False,True,False,review_only_no_automatic_mutation
scripts/manual_review_loop_v1_8a.py,.py,6555,False,True,False,False,False,True,False,review_only_no_automatic_mutation
scripts/next_official_provider_route_v2_6a.py,.py,15563,False,True,False,False,False,True,False,review_only_no_automatic_mutation
scripts/next_official_provider_route_v2_9a.py,.py,17801,False,True,False,False,False,True,False,review_only_no_automatic_mutation
scripts/next_provider_acquisition_plan_v2_5b.py,.py,11782,False,True,False,False,False,True,False,review_only_no_automatic_mutation
scripts/next_provider_route_selection_after_krx_v2_19j.py,.py,32216,False,True,False,False,False,True,False,review_only_no_automatic_mutation
scripts/next_provider_route_selection_v2_17a.py,.py,20331,False,True,False,False,False,True,False,review_only_no_automatic_mutation
scripts/next_provider_route_selection_v2_18a.py,.py,20293,False,True,False,False,False,True,False,review_only_no_automatic_mutation
scripts/next_provider_route_selection_v2_19a.py,.py,23703,False,True,False,False,False,True,False,review_only_no_automatic_mutation
scripts/next_provider_route_v2_10a.py,.py,17539,False,True,False,False,False,True,False,review_only_no_automatic_mutation
scripts/next_provider_route_v2_12a.py,.py,16617,False,True,False,False,False,True,False,review_only_no_automatic_mutation
scripts/next_provider_route_v2_13a.py,.py,16526,False,True,False,False,False,True,False,review_only_no_automatic_mutation
scripts/next_provider_route_v2_14a.py,.py,14562,False,True,False,False,False,True,False,review_only_no_automatic_mutation
scripts/next_provider_route_v2_15a.py,.py,10189,False,True,False,False,False,True,False,review_only_no_automatic_mutation
scripts/nse_india_acquisition_plan_v2_17b.py,.py,30350,False,True,False,False,False,True,False,review_only_no_automatic_mutation
scripts/nse_india_candidate_extraction_dry_run_v2_17e.py,.py,32273,False,True,False,False,False,True,False,review_only_no_automatic_mutation
scripts/nse_india_closure_report_v2_17i.py,.py,25436,False,True,False,False,False,True,False,review_only_no_automatic_mutation
scripts/nse_india_expanded_rebuild_candidate_v2_17g.py,.py,30048,False,True,False,False,False,True,False,review_only_no_automatic_mutation
scripts/nse_india_expanded_validation_v2_17h.py,.py,27159,False,True,False,False,False,True,False,review_only_no_automatic_mutation
scripts/nse_india_raw_acquisition_v2_17c.py,.py,29533,False,True,False,False,False,True,False,review_only_no_automatic_mutation
scripts/nse_india_raw_validation_v2_17d.py,.py,29650,False,True,False,False,False,True,False,review_only_no_automatic_mutation
scripts/nyse_endpoint_candidate_validation_v2_5f.py,.py,21518,False,True,False,False,False,True,False,review_only_no_automatic_mutation
scripts/nyse_endpoint_discovery_review_v2_5e.py,.py,17170,False,True,False,False,False,True,False,review_only_no_automatic_mutation
scripts/nyse_usability_decision_gate_v2_5g.py,.py,15844,False,True,False,False,False,True,False,review_only_no_automatic_mutation
scripts/otc_markets_acquisition_plan_v2_9b.py,.py,17887,False,True,False,False,False,True,False,review_only_no_automatic_mutation
scripts/otc_markets_acquisition_real_v2_9c.py,.py,16885,False,True,False,False,False,True,False,review_only_no_automatic_mutation
scripts/otc_markets_closure_report_v2_9g.py,.py,18606,False,True,False,False,False,True,False,review_only_no_automatic_mutation
scripts/otc_markets_validation_v2_9d.py,.py,23256,False,True,False,False,False,True,False,review_only_no_automatic_mutation
scripts/patch_combined_score_tiebreaker_v1_6e5.py,.py,7824,False,True,False,False,False,True,False,review_only_no_automatic_mutation
scripts/patch_streamlit_cache_v1_6d2b.py,.py,4447,False,True,False,False,False,True,False,review_only_no_automatic_mutation
scripts/post_closure_integrity_test_v2_14j.py,.py,13589,False,True,False,False,False,True,False,review_only_no_automatic_mutation
scripts/quality_first_target_reset_provider_selection_v2_20a.py,.py,31198,False,True,False,False,False,True,False,review_only_no_automatic_mutation
scripts/rebuild_expanded_source_with_cboe_plan_v2_8d.py,.py,16241,False,True,False,False,False,True,False,review_only_no_automatic_mutation
scripts/rebuild_expanded_source_with_cboe_real_v2_8e.py,.py,20197,False,True,False,False,False,True,False,review_only_no_automatic_mutation
scripts/rebuild_expanded_source_with_sec_plan_v2_7a.py,.py,17704,False,True,False,False,False,True,False,review_only_no_automatic_mutation
scripts/rebuild_expanded_source_with_sec_real_v2_7b.py,.py,27758,False,True,False,False,False,True,False,review_only_no_automatic_mutation
scripts/sec_company_tickers_exchange_acquisition_plan_v2_6b.py,.py,14201,False,True,False,False,False,True,False,review_only_no_automatic_mutation
scripts/sec_company_tickers_exchange_acquisition_real_v2_6c.py,.py,23559,False,True,False,False,False,True,False,review_only_no_automatic_mutation
scripts/sec_company_tickers_exchange_validation_v2_6d.py,.py,23861,False,True,False,False,False,True,False,review_only_no_automatic_mutation
scripts/sec_incremental_coverage_analysis_v2_6e.py,.py,25147,False,True,False,False,False,True,False,review_only_no_automatic_mutation
scripts/singapore_expanded_rebuild_validation_candidate_v2_21d_s.py,.py,32104,False,True,True,False,False,True,False,review_only_no_automatic_mutation
scripts/singapore_promotion_freeze_decision_v2_21e_s.py,.py,36314,False,True,True,False,False,True,False,review_only_no_automatic_mutation
scripts/small_batch_dry_run_v2_2d.py,.py,13706,False,True,False,False,False,True,False,review_only_no_automatic_mutation
scripts/source_expansion_plan_v2_3c.py,.py,14426,False,True,False,False,False,True,False,review_only_no_automatic_mutation
scripts/source_provider_inventory_v2_3d.py,.py,17272,False,True,False,False,False,True,False,review_only_no_automatic_mutation
scripts/targeted_market_acquisition_raw_validation_v2_21b.py,.py,29269,False,True,True,False,False,True,False,review_only_no_automatic_mutation
scripts/targeted_market_candidate_extraction_dedup_dry_run_v2_21c.py,.py,40299,False,True,True,False,False,True,False,review_only_no_automatic_mutation
scripts/targeted_market_candidate_false_positive_review_v2_21c2.py,.py,28415,False,True,True,False,False,True,False,review_only_no_automatic_mutation
scripts/targeted_market_gap_decision_gate_v2_21a.py,.py,29202,False,True,True,False,False,True,False,review_only_no_automatic_mutation
scripts/targeted_market_missing_official_endpoint_review_v2_21c3_review.py,.py,28325,False,True,True,False,False,True,False,review_only_no_automatic_mutation
scripts/targeted_market_official_endpoint_discovery_v2_21c3.py,.py,51044,False,True,True,False,False,True,False,review_only_no_automatic_mutation
scripts/targeted_market_singapore_structured_candidate_extraction_dedup_dry_run_v2_21c4s.py,.py,43730,False,True,True,False,False,True,False,review_only_no_automatic_mutation
scripts/tmx_acquisition_plan_v2_16b.py,.py,27054,False,True,False,False,False,True,False,review_only_no_automatic_mutation
scripts/tmx_candidate_extraction_dry_run_v2_16e.py,.py,32104,False,True,False,False,False,True,False,review_only_no_automatic_mutation
scripts/tmx_closure_report_v2_16i.py,.py,25316,False,True,False,False,False,True,False,review_only_no_automatic_mutation
scripts/tmx_controlled_endpoint_probe_v2_16d2.py,.py,25989,False,True,False,False,False,True,False,review_only_no_automatic_mutation
scripts/tmx_expanded_rebuild_candidate_v2_16g.py,.py,23033,False,True,False,False,False,True,False,review_only_no_automatic_mutation
scripts/tmx_expanded_validation_v2_16h.py,.py,22941,False,True,False,False,False,True,False,review_only_no_automatic_mutation
scripts/tmx_provider_route_confirmation_v2_16a.py,.py,15991,False,True,False,False,False,True,False,review_only_no_automatic_mutation
scripts/tmx_raw_acquisition_v2_16c.py,.py,19365,False,True,False,False,False,True,False,review_only_no_automatic_mutation
scripts/tmx_validation_v2_16d.py,.py,27734,False,True,False,False,False,True,False,review_only_no_automatic_mutation
scripts/twse_tpex_acquisition_plan_v2_18b.py,.py,31472,False,True,False,False,False,True,False,review_only_no_automatic_mutation
scripts/twse_tpex_candidate_extraction_dry_run_v2_18e.py,.py,36232,False,True,False,False,False,True,False,review_only_no_automatic_mutation
scripts/twse_tpex_closure_report_v2_18i.py,.py,31471,False,True,False,False,False,True,False,review_only_no_automatic_mutation
scripts/twse_tpex_expanded_rebuild_candidate_v2_18g.py,.py,31533,False,True,False,False,False,True,False,review_only_no_automatic_mutation
scripts/twse_tpex_expanded_validation_v2_18h.py,.py,35968,False,True,False,False,False,True,False,review_only_no_automatic_mutation
scripts/twse_tpex_raw_acquisition_repair_v2_18c_fix.py,.py,48268,False,True,False,False,False,True,False,review_only_no_automatic_mutation
scripts/twse_tpex_raw_acquisition_v2_18c.py,.py,27675,False,True,False,False,False,True,False,review_only_no_automatic_mutation
scripts/twse_tpex_raw_validation_v2_18d.py,.py,38161,False,True,False,False,False,True,False,review_only_no_automatic_mutation
scripts/twse_tpex_repaired_raw_validation_v2_18d_fix.py,.py,41123,False,True,False,False,False,True,False,review_only_no_automatic_mutation
scripts/validate_59k_source_v2_2c.py,.py,12170,False,True,False,False,False,True,False,review_only_no_automatic_mutation
scripts/validate_expanded_source_with_cboe_v2_8f.py,.py,21539,False,True,False,False,False,True,False,review_only_no_automatic_mutation
scripts/validate_expanded_source_with_sec_v2_7c.py,.py,22424,False,True,False,False,False,True,False,review_only_no_automatic_mutation
src/align_stage1_simulator.py,.py,12303,False,True,False,False,False,True,False,review_only_no_automatic_mutation
src/auth.py,.py,3865,False,True,False,False,False,True,False,review_only_no_automatic_mutation
src/cache.py,.py,11579,False,True,False,False,False,True,False,review_only_no_automatic_mutation
src/clean_universe_institutional.py,.py,16725,False,True,False,False,False,True,False,review_only_no_automatic_mutation
src/close_phase7c4_pipeline_revalidation.py,.py,13627,False,True,False,False,False,True,False,review_only_no_automatic_mutation
src/close_phase7e1_v07_checkpoint_marker_fix.py,.py,10251,False,True,False,False,False,True,False,review_only_no_automatic_mutation
src/close_phase7e_v07_release_checkpoint.py,.py,9200,False,True,False,False,False,True,False,review_only_no_automatic_mutation
src/close_stage1_balanced_policy.py,.py,6262,False,True,False,False,False,True,False,review_only_no_automatic_mutation
src/combined_scoring_v1.py,.py,22837,False,True,False,False,False,True,False,review_only_no_automatic_mutation
src/company_research_report.py,.py,19041,False,True,False,False,False,True,False,review_only_no_automatic_mutation
src/compare_institutional_cleaning_impact.py,.py,11743,False,True,False,False,False,True,False,review_only_no_automatic_mutation
src/data_quality.py,.py,9320,False,True,False,False,False,True,False,review_only_no_automatic_mutation
src/database.py,.py,9281,False,True,False,False,False,True,False,review_only_no_automatic_mutation
src/enrich_fundamentals_yfinance.py,.py,12385,False,True,False,False,False,True,False,review_only_no_automatic_mutation
src/enrich_market_data_yfinance.py,.py,14629,False,True,False,False,False,True,False,review_only_no_automatic_mutation
src/enrich_stage1_demo_financials.py,.py,2894,False,True,False,False,False,True,False,review_only_no_automatic_mutation
src/export.py,.py,18299,False,True,False,False,False,True,False,review_only_no_automatic_mutation
src/feedback.py,.py,12390,False,True,False,False,False,True,False,review_only_no_automatic_mutation
src/filter_stage1.py,.py,17181,False,True,False,False,False,True,False,review_only_no_automatic_mutation
src/filter_stage1_before_phase7b8_1_exact.py,.py,16177,False,True,False,False,False,True,False,review_only_no_automatic_mutation
src/filter_stage1_before_phase7b8_balanced.py,.py,16177,False,True,False,False,False,True,False,review_only_no_automatic_mutation
src/filter_stage2.py,.py,23657,False,True,False,False,False,True,False,review_only_no_automatic_mutation
src/filter_stage2_before_phase7c3_yfinance_policy.py,.py,22801,False,True,False,False,False,True,False,review_only_no_automatic_mutation
src/filter_stage3.py,.py,22732,False,True,False,False,False,True,False,review_only_no_automatic_mutation
src/filters.py,.py,8710,False,True,False,False,False,True,False,review_only_no_automatic_mutation
src/fundamental_coverage_report.py,.py,8690,False,True,False,False,False,True,False,review_only_no_automatic_mutation
src/fundamentals.py,.py,4768,False,True,False,False,False,True,False,review_only_no_automatic_mutation
src/global_universe.py,.py,9638,False,True,False,False,False,True,False,review_only_no_automatic_mutation
src/local_scoring_v0.py,.py,12273,False,True,False,False,False,True,False,review_only_no_automatic_mutation
src/market_data.py,.py,12182,False,True,False,False,False,True,False,review_only_no_automatic_mutation
src/market_data_provider_fallback.py,.py,10124,False,True,False,False,False,True,False,review_only_no_automatic_mutation
src/openai_analysis.py,.py,19294,False,True,False,False,False,True,False,review_only_no_automatic_mutation
src/openai_client.py,.py,11107,False,True,False,False,False,True,False,review_only_no_automatic_mutation
src/openai_equity_research_v2.py,.py,15659,False,True,False,False,False,True,False,review_only_no_automatic_mutation
src/openai_persistence.py,.py,13714,False,True,False,False,False,True,False,review_only_no_automatic_mutation
src/package_phase7f_release_v07.py,.py,12673,False,True,False,False,False,True,False,review_only_no_automatic_mutation
src/phase9c_research_memo_v2_contract.py,.py,17093,False,True,False,False,False,True,False,review_only_no_automatic_mutation
src/pipeline.py,.py,15156,False,True,False,False,False,True,False,review_only_no_automatic_mutation
src/prepare_fundamentals_csv.py,.py,12216,False,True,False,False,False,True,False,review_only_no_automatic_mutation
src/prepare_real_universe_csv.py,.py,7606,False,True,False,False,False,True,False,review_only_no_automatic_mutation
src/ranking_explainability.py,.py,8998,False,True,False,False,False,True,False,review_only_no_automatic_mutation
src/real_market_data_adapter.py,.py,8693,False,True,False,False,False,True,False,review_only_no_automatic_mutation
src/real_universe_candidates.py,.py,7153,False,True,False,False,False,True,False,review_only_no_automatic_mutation
src/real_universe_scale_test.py,.py,10817,False,True,False,False,False,True,False,review_only_no_automatic_mutation
src/real_universe_scoring_bridge.py,.py,9615,False,True,False,False,False,True,False,review_only_no_automatic_mutation
src/results.py,.py,26404,False,True,False,False,False,True,False,review_only_no_automatic_mutation
src/review_stage1_balanced_impact.py,.py,11216,False,True,False,False,False,True,False,review_only_no_automatic_mutation
src/risk_analysis.py,.py,3698,False,True,False,False,False,True,False,review_only_no_automatic_mutation
src/run_stage1_balanced_dry_run.py,.py,10852,False,True,False,False,False,True,False,review_only_no_automatic_mutation
src/scoring.py,.py,15917,False,True,False,False,False,True,False,review_only_no_automatic_mutation
src/scouting_candidates.py,.py,7114,False,True,False,False,False,True,False,review_only_no_automatic_mutation
src/select_stage1_candidate_policy.py,.py,10000,False,True,False,False,False,True,False,review_only_no_automatic_mutation
src/simulate_stage1_policy.py,.py,15980,False,True,False,False,False,True,False,review_only_no_automatic_mutation
src/simulate_stage1_policy_aligned.py,.py,17043,False,True,False,False,False,True,False,review_only_no_automatic_mutation
src/simulate_stage1_policy_final.py,.py,15354,False,True,False,False,False,True,False,review_only_no_automatic_mutation
src/simulate_stage2_yfinance_policy.py,.py,12429,False,True,False,False,False,True,False,review_only_no_automatic_mutation
src/simulate_stage2_yfinance_policy_v2.py,.py,13615,False,True,False,False,False,True,False,review_only_no_automatic_mutation
src/universe.py,.py,6850,False,True,False,False,False,True,False,review_only_no_automatic_mutation
src/utils.py,.py,9044,False,True,False,False,False,True,False,review_only_no_automatic_mutation
src/validate_phase7f1_release_v07_integrity.py,.py,8426,False,True,False,False,False,True,False,review_only_no_automatic_mutation
templates/fundamentals_source_sample.csv,.csv,615,False,True,False,False,False,True,False,review_only_no_automatic_mutation
templates/global_universe_sample.csv,.csv,986,False,True,False,False,False,True,False,review_only_no_automatic_mutation
templates/global_universe_template.csv,.csv,320,False,True,False,False,False,True,False,review_only_no_automatic_mutation
templates/stage1_output_template.csv,.csv,390,False,True,False,False,False,True,False,review_only_no_automatic_mutation
templates/stage2_output_template.csv,.csv,731,False,True,False,False,False,True,False,review_only_no_automatic_mutation
templates/stage3_output_template.csv,.csv,971,False,True,False,False,False,True,False,review_only_no_automatic_mutation
tests/test_app_static_integrity.py,.py,1403,False,True,False,False,False,True,False,review_only_no_automatic_mutation
tests/test_combined_scoring_v1.py,.py,2581,False,True,False,False,False,True,False,review_only_no_automatic_mutation
tests/test_expanded_universe_post_closure_v2_14j.py,.py,6321,False,True,True,False,False,True,False,review_only_no_automatic_mutation
