candidate_id,source_phase,source_provider,source_market,source_country,exchange,mic,source_artifact_id,source_file,source_sheet,source_row_number,raw_stock_code,stock_code,ticker,ticker_yahoo,symbol,name,category,sub_category,instrument_family,candidate_scope_flag,board_lot,isin,expiry_date,subject_to_stamp_duty,shortsell_eligible,cas_eligible,vcm_eligible,admitted_to_ccass,debt_securities_board_lot_nominal,debt_securities_investor_type,pos_eligible,spread_table,trading_currency,rmb_counter,duplicate_stock_code_within_hkex_extract,dry_run_only,canonical_validation_status,expanded_rebuild_status,validation_phase,validation_status,validation_reason,matched_dataset,match_count,net_new_candidate,canonical_validation_dry_run_only,v2_19p_append_order,v2_19p_target_dataset,v2_19p_schema_mode,v2_19p_ticker_normalized,v2_19p_isin_normalized
HKEX_00405,v2.19N,HKEX,Hong Kong,Hong Kong,HKEX,XHKG,hkex_repair_01_full_list_of_securities,outputs\full_universe_source_acquisition\raw\hkex_v2_19l_fix\01_full_list_of_securities.xlsx,ListOfSecurities,342,00405,00405,00405.HK,00405.HK,00405.HK,YUEXIU REIT,Real Estate Investment Trusts,,reit,potential_candidate_pending_canonical_validation,"1,000",HK0405033157,,,Y,Y,,Y,,,Y,1,HKD,,False,True,not_performed_v2_19n,not_performed_v2_19o,v2.19O,net_new_pending_expanded_rebuild,no_match_found,not_found_in_active_or_current_candidate,0,True,True,1,outputs\full_universe_source_acquisition\expanded_universe_candidate_hkex_v2_19p.csv,current_candidate_headers_preserved,00405.HK,HK0405033157
HKEX_00435,v2.19N,HKEX,Hong Kong,Hong Kong,HKEX,XHKG,hkex_repair_01_full_list_of_securities,outputs\full_universe_source_acquisition\raw\hkex_v2_19l_fix\01_full_list_of_securities.xlsx,ListOfSecurities,362,00435,00435,00435.HK,00435.HK,00435.HK,SUNLIGHT REIT,Real Estate Investment Trusts,,reit,potential_candidate_pending_canonical_validation,"1,000",HK0435036626,,,Y,Y,,Y,,,Y,1,HKD,,False,True,not_performed_v2_19n,not_performed_v2_19o,v2.19O,net_new_pending_expanded_rebuild,no_match_found,not_found_in_active_or_current_candidate,0,True,True,2,outputs\full_universe_source_acquisition\expanded_universe_candidate_hkex_v2_19p.csv,current_candidate_headers_preserved,00435.HK,HK0435036626
HKEX_00537,v2.19N,HKEX,Hong Kong,Hong Kong,HKEX,XHKG,hkex_repair_01_full_list_of_securities,outputs\full_universe_source_acquisition\raw\hkex_v2_19l_fix\01_full_list_of_securities.xlsx,ListOfSecurities,426,00537,00537,00537.HK,00537.HK,00537.HK,RIGOL,Equity,Equity Securities (Main Board),equity_like,potential_candidate_pending_canonical_validation,100,CNE100007RQ0,,Y,,Y,,Y,,,Y,1,HKD,,False,True,not_performed_v2_19n,not_performed_v2_19o,v2.19O,net_new_pending_expanded_rebuild,no_match_found,not_found_in_active_or_current_candidate,0,True,True,3,outputs\full_universe_source_acquisition\expanded_universe_candidate_hkex_v2_19p.csv,current_candidate_headers_preserved,00537.HK,CNE100007RQ0
HKEX_00778,v2.19N,HKEX,Hong Kong,Hong Kong,HKEX,XHKG,hkex_repair_01_full_list_of_securities,outputs\full_universe_source_acquisition\raw\hkex_v2_19l_fix\01_full_list_of_securities.xlsx,ListOfSecurities,611,00778,00778,00778.HK,00778.HK,00778.HK,FORTUNE REIT,Real Estate Investment Trusts,,reit,potential_candidate_pending_canonical_validation,"1,000",SG1O33912138,,,Y,Y,Y,Y,,,Y,1,HKD,,False,True,not_performed_v2_19n,not_performed_v2_19o,v2.19O,net_new_pending_expanded_rebuild,no_match_found,not_found_in_active_or_current_candidate,0,True,True,4,outputs\full_universe_source_acquisition\expanded_universe_candidate_hkex_v2_19p.csv,current_candidate_headers_preserved,00778.HK,SG1O33912138
HKEX_00808,v2.19N,HKEX,Hong Kong,Hong Kong,HKEX,XHKG,hkex_repair_01_full_list_of_securities,outputs\full_universe_source_acquisition\raw\hkex_v2_19l_fix\01_full_list_of_securities.xlsx,ListOfSecurities,625,00808,00808,00808.HK,00808.HK,00808.HK,PROSPERITY REIT,Real Estate Investment Trusts,,reit,potential_candidate_pending_canonical_validation,"1,000",HK0808032913,,,Y,Y,,Y,,,Y,1,HKD,,False,True,not_performed_v2_19n,not_performed_v2_19o,v2.19O,net_new_pending_expanded_rebuild,no_match_found,not_found_in_active_or_current_candidate,0,True,True,5,outputs\full_universe_source_acquisition\expanded_universe_candidate_hkex_v2_19p.csv,current_candidate_headers_preserved,00808.HK,HK0808032913
HKEX_00823,v2.19N,HKEX,Hong Kong,Hong Kong,HKEX,XHKG,hkex_repair_01_full_list_of_securities,outputs\full_universe_source_acquisition\raw\hkex_v2_19l_fix\01_full_list_of_securities.xlsx,ListOfSecurities,638,00823,00823,00823.HK,00823.HK,00823.HK,LINK REIT,Real Estate Investment Trusts,,reit,potential_candidate_pending_canonical_validation,100,HK0823032773,,,Y,Y,Y,Y,,,Y,1,HKD,,False,True,not_performed_v2_19n,not_performed_v2_19o,v2.19O,net_new_pending_expanded_rebuild,no_match_found,not_found_in_active_or_current_candidate,0,True,True,6,outputs\full_universe_source_acquisition\expanded_universe_candidate_hkex_v2_19p.csv,current_candidate_headers_preserved,00823.HK,HK0823032773
HKEX_01377,v2.19N,HKEX,Hong Kong,Hong Kong,HKEX,XHKG,hkex_repair_01_full_list_of_securities,outputs\full_universe_source_acquisition\raw\hkex_v2_19l_fix\01_full_list_of_securities.xlsx,ListOfSecurities,1045,01377,01377,01377.HK,01377.HK,01377.HK,DTECH,Equity,Equity Securities (Main Board),equity_like,potential_candidate_pending_canonical_validation,100,CNE100007RR8,,Y,,Y,,Y,,,Y,1,HKD,,False,True,not_performed_v2_19n,not_performed_v2_19o,v2.19O,net_new_pending_expanded_rebuild,no_match_found,not_found_in_active_or_current_candidate,0,True,True,7,outputs\full_universe_source_acquisition\expanded_universe_candidate_hkex_v2_19p.csv,current_candidate_headers_preserved,01377.HK,CNE100007RR8
HKEX_01426,v2.19N,HKEX,Hong Kong,Hong Kong,HKEX,XHKG,hkex_repair_01_full_list_of_securities,outputs\full_universe_source_acquisition\raw\hkex_v2_19l_fix\01_full_list_of_securities.xlsx,ListOfSecurities,1079,01426,01426,01426.HK,01426.HK,01426.HK,SPRING REIT,Real Estate Investment Trusts,,reit,potential_candidate_pending_canonical_validation,"1,000",HK0000174232,,,Y,Y,,Y,,,Y,1,HKD,,False,True,not_performed_v2_19n,not_performed_v2_19o,v2.19O,net_new_pending_expanded_rebuild,no_match_found,not_found_in_active_or_current_candidate,0,True,True,8,outputs\full_universe_source_acquisition\expanded_universe_candidate_hkex_v2_19p.csv,current_candidate_headers_preserved,01426.HK,HK0000174232
HKEX_01503,v2.19N,HKEX,Hong Kong,Hong Kong,HKEX,XHKG,hkex_repair_01_full_list_of_securities,outputs\full_universe_source_acquisition\raw\hkex_v2_19l_fix\01_full_list_of_securities.xlsx,ListOfSecurities,1127,01503,01503,01503.HK,01503.HK,01503.HK,CMC REIT,Real Estate Investment Trusts,,reit,potential_candidate_pending_canonical_validation,"1,000",HK0000552189,,,,Y,,Y,,,Y,1,HKD,,False,True,not_performed_v2_19n,not_performed_v2_19o,v2.19O,net_new_pending_expanded_rebuild,no_match_found,not_found_in_active_or_current_candidate,0,True,True,9,outputs\full_universe_source_acquisition\expanded_universe_candidate_hkex_v2_19p.csv,current_candidate_headers_preserved,01503.HK,HK0000552189
HKEX_01881,v2.19N,HKEX,Hong Kong,Hong Kong,HKEX,XHKG,hkex_repair_01_full_list_of_securities,outputs\full_universe_source_acquisition\raw\hkex_v2_19l_fix\01_full_list_of_securities.xlsx,ListOfSecurities,1414,01881,01881,01881.HK,01881.HK,01881.HK,REGAL REIT,Real Estate Investment Trusts,,reit,potential_candidate_pending_canonical_validation,"1,000",HK1881037571,,,,Y,,Y,,,Y,1,HKD,,False,True,not_performed_v2_19n,not_performed_v2_19o,v2.19O,net_new_pending_expanded_rebuild,no_match_found,not_found_in_active_or_current_candidate,0,True,True,10,outputs\full_universe_source_acquisition\expanded_universe_candidate_hkex_v2_19p.csv,current_candidate_headers_preserved,01881.HK,HK1881037571
HKEX_02191,v2.19N,HKEX,Hong Kong,Hong Kong,HKEX,XHKG,hkex_repair_01_full_list_of_securities,outputs\full_universe_source_acquisition\raw\hkex_v2_19l_fix\01_full_list_of_securities.xlsx,ListOfSecurities,1616,02191,02191,02191.HK,02191.HK,02191.HK,SF REIT,Real Estate Investment Trusts,,reit,potential_candidate_pending_canonical_validation,"1,000",HK0000735800,,,Y,Y,,Y,,,Y,1,HKD,,False,True,not_performed_v2_19n,not_performed_v2_19o,v2.19O,net_new_pending_expanded_rebuild,no_match_found,not_found_in_active_or_current_candidate,0,True,True,11,outputs\full_universe_source_acquisition\expanded_universe_candidate_hkex_v2_19p.csv,current_candidate_headers_preserved,02191.HK,HK0000735800
HKEX_02249,v2.19N,HKEX,Hong Kong,Hong Kong,HKEX,XHKG,hkex_repair_01_full_list_of_securities,outputs\full_universe_source_acquisition\raw\hkex_v2_19l_fix\01_full_list_of_securities.xlsx,ListOfSecurities,1654,02249,02249,02249.HK,02249.HK,02249.HK,NEXCHIP,Equity,Equity Securities (Main Board),equity_like,potential_candidate_pending_canonical_validation,100,CNE100007Q87,,Y,,Y,,Y,,,Y,1,HKD,,False,True,not_performed_v2_19n,not_performed_v2_19o,v2.19O,net_new_pending_expanded_rebuild,no_match_found,not_found_in_active_or_current_candidate,0,True,True,12,outputs\full_universe_source_acquisition\expanded_universe_candidate_hkex_v2_19p.csv,current_candidate_headers_preserved,02249.HK,CNE100007Q87
HKEX_02261,v2.19N,HKEX,Hong Kong,Hong Kong,HKEX,XHKG,hkex_repair_01_full_list_of_securities,outputs\full_universe_source_acquisition\raw\hkex_v2_19l_fix\01_full_list_of_securities.xlsx,ListOfSecurities,1664,02261,02261,02261.HK,02261.HK,02261.HK,NASN TECH,Equity,Equity Securities (Main Board),equity_like,potential_candidate_pending_canonical_validation,100,CNE100007SM7,,Y,,Y,,Y,,,Y,1,HKD,,False,True,not_performed_v2_19n,not_performed_v2_19o,v2.19O,net_new_pending_expanded_rebuild,no_match_found,not_found_in_active_or_current_candidate,0,True,True,13,outputs\full_universe_source_acquisition\expanded_universe_candidate_hkex_v2_19p.csv,current_candidate_headers_preserved,02261.HK,CNE100007SM7
HKEX_02475,v2.19N,HKEX,Hong Kong,Hong Kong,HKEX,XHKG,hkex_repair_01_full_list_of_securities,outputs\full_universe_source_acquisition\raw\hkex_v2_19l_fix\01_full_list_of_securities.xlsx,ListOfSecurities,1803,02475,02475,02475.HK,02475.HK,02475.HK,LUXSHARE ICT,Equity,Equity Securities (Main Board),equity_like,potential_candidate_pending_canonical_validation,100,CNE100007QQ2,,Y,Y,Y,,Y,,,Y,1,HKD,,False,True,not_performed_v2_19n,not_performed_v2_19o,v2.19O,net_new_pending_expanded_rebuild,no_match_found,not_found_in_active_or_current_candidate,0,True,True,14,outputs\full_universe_source_acquisition\expanded_universe_candidate_hkex_v2_19p.csv,current_candidate_headers_preserved,02475.HK,CNE100007QQ2
HKEX_02778,v2.19N,HKEX,Hong Kong,Hong Kong,HKEX,XHKG,hkex_repair_01_full_list_of_securities,outputs\full_universe_source_acquisition\raw\hkex_v2_19l_fix\01_full_list_of_securities.xlsx,ListOfSecurities,1990,02778,02778,02778.HK,02778.HK,02778.HK,CHAMPION REIT,Real Estate Investment Trusts,,reit,potential_candidate_pending_canonical_validation,"1,000",HK2778034606,,,Y,Y,Y,Y,,,Y,1,HKD,,False,True,not_performed_v2_19n,not_performed_v2_19o,v2.19O,net_new_pending_expanded_rebuild,no_match_found,not_found_in_active_or_current_candidate,0,True,True,15,outputs\full_universe_source_acquisition\expanded_universe_candidate_hkex_v2_19p.csv,current_candidate_headers_preserved,02778.HK,HK2778034606
HKEX_02797,v2.19N,HKEX,Hong Kong,Hong Kong,HKEX,XHKG,hkex_repair_01_full_list_of_securities,outputs\full_universe_source_acquisition\raw\hkex_v2_19l_fix\01_full_list_of_securities.xlsx,ListOfSecurities,1994,02797,02797,02797.HK,02797.HK,02797.HK,QIYUNSHAN FOOD,Equity,Equity Securities (Main Board),equity_like,potential_candidate_pending_canonical_validation,500,CNE100007QP4,,Y,,Y,,Y,,,Y,1,HKD,,False,True,not_performed_v2_19n,not_performed_v2_19o,v2.19O,net_new_pending_expanded_rebuild,no_match_found,not_found_in_active_or_current_candidate,0,True,True,16,outputs\full_universe_source_acquisition\expanded_universe_candidate_hkex_v2_19p.csv,current_candidate_headers_preserved,02797.HK,CNE100007QP4
HKEX_02800,v2.19N,HKEX,Hong Kong,Hong Kong,HKEX,XHKG,hkex_repair_01_full_list_of_securities,outputs\full_universe_source_acquisition\raw\hkex_v2_19l_fix\01_full_list_of_securities.xlsx,ListOfSecurities,1997,02800,02800,02800.HK,02800.HK,02800.HK,TRACKER FUND,Exchange Traded Products,Exchange Traded Funds,fund_or_etp,potential_candidate_pending_canonical_validation,500,HK2800008867,,,Y,Y,Y,Y,,,Y,5,HKD,82800,False,True,not_performed_v2_19n,not_performed_v2_19o,v2.19O,net_new_pending_expanded_rebuild,no_match_found,not_found_in_active_or_current_candidate,0,True,True,17,outputs\full_universe_source_acquisition\expanded_universe_candidate_hkex_v2_19p.csv,current_candidate_headers_preserved,02800.HK,HK2800008867
HKEX_02801,v2.19N,HKEX,Hong Kong,Hong Kong,HKEX,XHKG,hkex_repair_01_full_list_of_securities,outputs\full_universe_source_acquisition\raw\hkex_v2_19l_fix\01_full_list_of_securities.xlsx,ListOfSecurities,1998,02801,02801,02801.HK,02801.HK,02801.HK,ISHARES CHINA,Exchange Traded Products,Exchange Traded Funds,fund_or_etp,potential_candidate_pending_canonical_validation,200,HK2801040828,,,Y,Y,,Y,,,Y,5,HKD,,False,True,not_performed_v2_19n,not_performed_v2_19o,v2.19O,net_new_pending_expanded_rebuild,no_match_found,not_found_in_active_or_current_candidate,0,True,True,18,outputs\full_universe_source_acquisition\expanded_universe_candidate_hkex_v2_19p.csv,current_candidate_headers_preserved,02801.HK,HK2801040828
HKEX_02802,v2.19N,HKEX,Hong Kong,Hong Kong,HKEX,XHKG,hkex_repair_01_full_list_of_securities,outputs\full_universe_source_acquisition\raw\hkex_v2_19l_fix\01_full_list_of_securities.xlsx,ListOfSecurities,1999,02802,02802,02802.HK,02802.HK,02802.HK,A CSOP HSCEICC,Exchange Traded Products,Exchange Traded Funds,fund_or_etp,potential_candidate_pending_canonical_validation,100,HK0001226486,,,Y,Y,Y,Y,,,Y,5,HKD,,False,True,not_performed_v2_19n,not_performed_v2_19o,v2.19O,net_new_pending_expanded_rebuild,no_match_found,not_found_in_active_or_current_candidate,0,True,True,19,outputs\full_universe_source_acquisition\expanded_universe_candidate_hkex_v2_19p.csv,current_candidate_headers_preserved,02802.HK,HK0001226486
HKEX_02803,v2.19N,HKEX,Hong Kong,Hong Kong,HKEX,XHKG,hkex_repair_01_full_list_of_securities,outputs\full_universe_source_acquisition\raw\hkex_v2_19l_fix\01_full_list_of_securities.xlsx,ListOfSecurities,2000,02803,02803,02803.HK,02803.HK,02803.HK,PP BEDROCK,Exchange Traded Products,Exchange Traded Funds,fund_or_etp,potential_candidate_pending_canonical_validation,500,HK0000366176,,,Y,Y,,Y,,,Y,5,HKD,,False,True,not_performed_v2_19n,not_performed_v2_19o,v2.19O,net_new_pending_expanded_rebuild,no_match_found,not_found_in_active_or_current_candidate,0,True,True,20,outputs\full_universe_source_acquisition\expanded_universe_candidate_hkex_v2_19p.csv,current_candidate_headers_preserved,02803.HK,HK0000366176
HKEX_02804,v2.19N,HKEX,Hong Kong,Hong Kong,HKEX,XHKG,hkex_repair_01_full_list_of_securities,outputs\full_universe_source_acquisition\raw\hkex_v2_19l_fix\01_full_list_of_securities.xlsx,ListOfSecurities,2001,02804,02804,02804.HK,02804.HK,02804.HK,PREMIA VIET,Exchange Traded Products,Exchange Traded Funds,fund_or_etp,potential_candidate_pending_canonical_validation,50,HK0000515871,,,Y,Y,,Y,,,Y,5,HKD,,False,True,not_performed_v2_19n,not_performed_v2_19o,v2.19O,net_new_pending_expanded_rebuild,no_match_found,not_found_in_active_or_current_candidate,0,True,True,21,outputs\full_universe_source_acquisition\expanded_universe_candidate_hkex_v2_19p.csv,current_candidate_headers_preserved,02804.HK,HK0000515871
HKEX_02805,v2.19N,HKEX,Hong Kong,Hong Kong,HKEX,XHKG,hkex_repair_01_full_list_of_securities,outputs\full_universe_source_acquisition\raw\hkex_v2_19l_fix\01_full_list_of_securities.xlsx,ListOfSecurities,2002,02805,02805,02805.HK,02805.HK,02805.HK,CG BS CNASEAN,Exchange Traded Products,Exchange Traded Funds,fund_or_etp,potential_candidate_pending_canonical_validation,100,HK0001247144,,,Y,Y,,Y,,,Y,5,HKD,82805,False,True,not_performed_v2_19n,not_performed_v2_19o,v2.19O,net_new_pending_expanded_rebuild,no_match_found,not_found_in_active_or_current_candidate,0,True,True,22,outputs\full_universe_source_acquisition\expanded_universe_candidate_hkex_v2_19p.csv,current_candidate_headers_preserved,02805.HK,HK0001247144
HKEX_02806,v2.19N,HKEX,Hong Kong,Hong Kong,HKEX,XHKG,hkex_repair_01_full_list_of_securities,outputs\full_universe_source_acquisition\raw\hkex_v2_19l_fix\01_full_list_of_securities.xlsx,ListOfSecurities,2003,02806,02806,02806.HK,02806.HK,02806.HK,GX CN CONSUME,Exchange Traded Products,Exchange Traded Funds,fund_or_etp,potential_candidate_pending_canonical_validation,50,HK0000562634,,,Y,Y,,Y,,,Y,5,HKD,,False,True,not_performed_v2_19n,not_performed_v2_19o,v2.19O,net_new_pending_expanded_rebuild,no_match_found,not_found_in_active_or_current_candidate,0,True,True,23,outputs\full_universe_source_acquisition\expanded_universe_candidate_hkex_v2_19p.csv,current_candidate_headers_preserved,02806.HK,HK0000562634
HKEX_02807,v2.19N,HKEX,Hong Kong,Hong Kong,HKEX,XHKG,hkex_repair_01_full_list_of_securities,outputs\full_universe_source_acquisition\raw\hkex_v2_19l_fix\01_full_list_of_securities.xlsx,ListOfSecurities,2004,02807,02807,02807.HK,02807.HK,02807.HK,GX CN ROBO&AI,Exchange Traded Products,Exchange Traded Funds,fund_or_etp,potential_candidate_pending_canonical_validation,50,HK0000637857,,,Y,Y,,Y,,,Y,5,HKD,,False,True,not_performed_v2_19n,not_performed_v2_19o,v2.19O,net_new_pending_expanded_rebuild,no_match_found,not_found_in_active_or_current_candidate,0,True,True,24,outputs\full_universe_source_acquisition\expanded_universe_candidate_hkex_v2_19p.csv,current_candidate_headers_preserved,02807.HK,HK0000637857
HKEX_02809,v2.19N,HKEX,Hong Kong,Hong Kong,HKEX,XHKG,hkex_repair_01_full_list_of_securities,outputs\full_universe_source_acquisition\raw\hkex_v2_19l_fix\01_full_list_of_securities.xlsx,ListOfSecurities,2005,02809,02809,02809.HK,02809.HK,02809.HK,GX CN CLN EN,Exchange Traded Products,Exchange Traded Funds,fund_or_etp,potential_candidate_pending_canonical_validation,50,HK0000562675,,,Y,Y,,Y,,,Y,5,HKD,,False,True,not_performed_v2_19n,not_performed_v2_19o,v2.19O,net_new_pending_expanded_rebuild,no_match_found,not_found_in_active_or_current_candidate,0,True,True,25,outputs\full_universe_source_acquisition\expanded_universe_candidate_hkex_v2_19p.csv,current_candidate_headers_preserved,02809.HK,HK0000562675
HKEX_02810,v2.19N,HKEX,Hong Kong,Hong Kong,HKEX,XHKG,hkex_repair_01_full_list_of_securities,outputs\full_universe_source_acquisition\raw\hkex_v2_19l_fix\01_full_list_of_securities.xlsx,ListOfSecurities,2006,02810,02810,02810.HK,02810.HK,02810.HK,PREMIAEMASEAN,Exchange Traded Products,Exchange Traded Funds,fund_or_etp,potential_candidate_pending_canonical_validation,50,HK0000433414,,,Y,Y,,Y,,,Y,5,HKD,,False,True,not_performed_v2_19n,not_performed_v2_19o,v2.19O,net_new_pending_expanded_rebuild,no_match_found,not_found_in_active_or_current_candidate,0,True,True,26,outputs\full_universe_source_acquisition\expanded_universe_candidate_hkex_v2_19p.csv,current_candidate_headers_preserved,02810.HK,HK0000433414
HKEX_02812,v2.19N,HKEX,Hong Kong,Hong Kong,HKEX,XHKG,hkex_repair_01_full_list_of_securities,outputs\full_universe_source_acquisition\raw\hkex_v2_19l_fix\01_full_list_of_securities.xlsx,ListOfSecurities,2007,02812,02812,02812.HK,02812.HK,02812.HK,SAMSUNGCDGN,Exchange Traded Products,Exchange Traded Funds,fund_or_etp,potential_candidate_pending_canonical_validation,200,HK0000422805,,,Y,Y,,Y,,,Y,5,HKD,,False,True,not_performed_v2_19n,not_performed_v2_19o,v2.19O,net_new_pending_expanded_rebuild,no_match_found,not_found_in_active_or_current_candidate,0,True,True,27,outputs\full_universe_source_acquisition\expanded_universe_candidate_hkex_v2_19p.csv,current_candidate_headers_preserved,02812.HK,HK0000422805
HKEX_02814,v2.19N,HKEX,Hong Kong,Hong Kong,HKEX,XHKG,hkex_repair_01_full_list_of_securities,outputs\full_universe_source_acquisition\raw\hkex_v2_19l_fix\01_full_list_of_securities.xlsx,ListOfSecurities,2008,02814,02814,02814.HK,02814.HK,02814.HK,SAMSUNG FANG,Exchange Traded Products,Exchange Traded Funds,fund_or_etp,potential_candidate_pending_canonical_validation,200,HK0000736758,,,Y,Y,,Y,,,Y,5,HKD,,False,True,not_performed_v2_19n,not_performed_v2_19o,v2.19O,net_new_pending_expanded_rebuild,no_match_found,not_found_in_active_or_current_candidate,0,True,True,28,outputs\full_universe_source_acquisition\expanded_universe_candidate_hkex_v2_19p.csv,current_candidate_headers_preserved,02814.HK,HK0000736758
HKEX_02815,v2.19N,HKEX,Hong Kong,Hong Kong,HKEX,XHKG,hkex_repair_01_full_list_of_securities,outputs\full_universe_source_acquisition\raw\hkex_v2_19l_fix\01_full_list_of_securities.xlsx,ListOfSecurities,2009,02815,02815,02815.HK,02815.HK,02815.HK,GX CN LIL GIANT,Exchange Traded Products,Exchange Traded Funds,fund_or_etp,potential_candidate_pending_canonical_validation,50,HK0000945656,,,Y,Y,,Y,,,Y,5,HKD,,False,True,not_performed_v2_19n,not_performed_v2_19o,v2.19O,net_new_pending_expanded_rebuild,no_match_found,not_found_in_active_or_current_candidate,0,True,True,29,outputs\full_universe_source_acquisition\expanded_universe_candidate_hkex_v2_19p.csv,current_candidate_headers_preserved,02815.HK,HK0000945656
HKEX_02818,v2.19N,HKEX,Hong Kong,Hong Kong,HKEX,XHKG,hkex_repair_01_full_list_of_securities,outputs\full_universe_source_acquisition\raw\hkex_v2_19l_fix\01_full_list_of_securities.xlsx,ListOfSecurities,2011,02818,02818,02818.HK,02818.HK,02818.HK,PANDO BITCOIN,Exchange Traded Products,Exchange Traded Funds,fund_or_etp,potential_candidate_pending_canonical_validation,100,HK0001171336,,,Y,Y,,Y,,,Y,5,HKD,,False,True,not_performed_v2_19n,not_performed_v2_19o,v2.19O,net_new_pending_expanded_rebuild,no_match_found,not_found_in_active_or_current_candidate,0,True,True,30,outputs\full_universe_source_acquisition\expanded_universe_candidate_hkex_v2_19p.csv,current_candidate_headers_preserved,02818.HK,HK0001171336
HKEX_02819,v2.19N,HKEX,Hong Kong,Hong Kong,HKEX,XHKG,hkex_repair_01_full_list_of_securities,outputs\full_universe_source_acquisition\raw\hkex_v2_19l_fix\01_full_list_of_securities.xlsx,ListOfSecurities,2012,02819,02819,02819.HK,02819.HK,02819.HK,ABF HK IDX ETF,Exchange Traded Products,Exchange Traded Funds,fund_or_etp,potential_candidate_pending_canonical_validation,100,HK2819031405,,,Y,Y,,Y,,,Y,3,HKD,,False,True,not_performed_v2_19n,not_performed_v2_19o,v2.19O,net_new_pending_expanded_rebuild,no_match_found,not_found_in_active_or_current_candidate,0,True,True,31,outputs\full_universe_source_acquisition\expanded_universe_candidate_hkex_v2_19p.csv,current_candidate_headers_preserved,02819.HK,HK2819031405
HKEX_02820,v2.19N,HKEX,Hong Kong,Hong Kong,HKEX,XHKG,hkex_repair_01_full_list_of_securities,outputs\full_universe_source_acquisition\raw\hkex_v2_19l_fix\01_full_list_of_securities.xlsx,ListOfSecurities,2013,02820,02820,02820.HK,02820.HK,02820.HK,GX CN BIOTECH,Exchange Traded Products,Exchange Traded Funds,fund_or_etp,potential_candidate_pending_canonical_validation,50,HK0000516697,,,Y,Y,,Y,,,Y,5,HKD,,False,True,not_performed_v2_19n,not_performed_v2_19o,v2.19O,net_new_pending_expanded_rebuild,no_match_found,not_found_in_active_or_current_candidate,0,True,True,32,outputs\full_universe_source_acquisition\expanded_universe_candidate_hkex_v2_19p.csv,current_candidate_headers_preserved,02820.HK,HK0000516697
HKEX_02821,v2.19N,HKEX,Hong Kong,Hong Kong,HKEX,XHKG,hkex_repair_01_full_list_of_securities,outputs\full_universe_source_acquisition\raw\hkex_v2_19l_fix\01_full_list_of_securities.xlsx,ListOfSecurities,2014,02821,02821,02821.HK,02821.HK,02821.HK,ABF PAIF,Exchange Traded Products,Exchange Traded Funds,fund_or_etp,potential_candidate_pending_canonical_validation,10,SG9999002026,,,Y,Y,,Y,,,Y,3,USD,,False,True,not_performed_v2_19n,not_performed_v2_19o,v2.19O,net_new_pending_expanded_rebuild,no_match_found,not_found_in_active_or_current_candidate,0,True,True,33,outputs\full_universe_source_acquisition\expanded_universe_candidate_hkex_v2_19p.csv,current_candidate_headers_preserved,02821.HK,SG9999002026
HKEX_02822,v2.19N,HKEX,Hong Kong,Hong Kong,HKEX,XHKG,hkex_repair_01_full_list_of_securities,outputs\full_universe_source_acquisition\raw\hkex_v2_19l_fix\01_full_list_of_securities.xlsx,ListOfSecurities,2015,02822,02822,02822.HK,02822.HK,02822.HK,CSOP A50 ETF,Exchange Traded Products,Exchange Traded Funds,fund_or_etp,potential_candidate_pending_canonical_validation,200,HK0000127412,,,Y,Y,,Y,,,Y,5,HKD,82822,False,True,not_performed_v2_19n,not_performed_v2_19o,v2.19O,net_new_pending_expanded_rebuild,no_match_found,not_found_in_active_or_current_candidate,0,True,True,34,outputs\full_universe_source_acquisition\expanded_universe_candidate_hkex_v2_19p.csv,current_candidate_headers_preserved,02822.HK,HK0000127412
HKEX_02823,v2.19N,HKEX,Hong Kong,Hong Kong,HKEX,XHKG,hkex_repair_01_full_list_of_securities,outputs\full_universe_source_acquisition\raw\hkex_v2_19l_fix\01_full_list_of_securities.xlsx,ListOfSecurities,2016,02823,02823,02823.HK,02823.HK,02823.HK,ISHARES A50,Exchange Traded Products,Exchange Traded Funds,fund_or_etp,potential_candidate_pending_canonical_validation,100,HK2823028546,,,Y,Y,,Y,,,Y,5,HKD,82823,False,True,not_performed_v2_19n,not_performed_v2_19o,v2.19O,net_new_pending_expanded_rebuild,no_match_found,not_found_in_active_or_current_candidate,0,True,True,35,outputs\full_universe_source_acquisition\expanded_universe_candidate_hkex_v2_19p.csv,current_candidate_headers_preserved,02823.HK,HK2823028546
HKEX_02824,v2.19N,HKEX,Hong Kong,Hong Kong,HKEX,XHKG,hkex_repair_01_full_list_of_securities,outputs\full_universe_source_acquisition\raw\hkex_v2_19l_fix\01_full_list_of_securities.xlsx,ListOfSecurities,2017,02824,02824,02824.HK,02824.HK,02824.HK,EFUND GOLD MI,Exchange Traded Products,Exchange Traded Funds,fund_or_etp,potential_candidate_pending_canonical_validation,100,HK0001228995,,,Y,Y,,Y,,,Y,5,HKD,82824,False,True,not_performed_v2_19n,not_performed_v2_19o,v2.19O,net_new_pending_expanded_rebuild,no_match_found,not_found_in_active_or_current_candidate,0,True,True,36,outputs\full_universe_source_acquisition\expanded_universe_candidate_hkex_v2_19p.csv,current_candidate_headers_preserved,02824.HK,HK0001228995
HKEX_02825,v2.19N,HKEX,Hong Kong,Hong Kong,HKEX,XHKG,hkex_repair_01_full_list_of_securities,outputs\full_universe_source_acquisition\raw\hkex_v2_19l_fix\01_full_list_of_securities.xlsx,ListOfSecurities,2018,02825,02825,02825.HK,02825.HK,02825.HK,WISECSIHK100ETF,Exchange Traded Products,Exchange Traded Funds,fund_or_etp,potential_candidate_pending_canonical_validation,200,HK0000046224,,,Y,Y,,Y,,,Y,5,HKD,,False,True,not_performed_v2_19n,not_performed_v2_19o,v2.19O,net_new_pending_expanded_rebuild,no_match_found,not_found_in_active_or_current_candidate,0,True,True,37,outputs\full_universe_source_acquisition\expanded_universe_candidate_hkex_v2_19p.csv,current_candidate_headers_preserved,02825.HK,HK0000046224
HKEX_02826,v2.19N,HKEX,Hong Kong,Hong Kong,HKEX,XHKG,hkex_repair_01_full_list_of_securities,outputs\full_universe_source_acquisition\raw\hkex_v2_19l_fix\01_full_list_of_securities.xlsx,ListOfSecurities,2019,02826,02826,02826.HK,02826.HK,02826.HK,GX CN CLOUD,Exchange Traded Products,Exchange Traded Funds,fund_or_etp,potential_candidate_pending_canonical_validation,50,HK0000516713,,,Y,Y,,Y,,,Y,5,HKD,,False,True,not_performed_v2_19n,not_performed_v2_19o,v2.19O,net_new_pending_expanded_rebuild,no_match_found,not_found_in_active_or_current_candidate,0,True,True,38,outputs\full_universe_source_acquisition\expanded_universe_candidate_hkex_v2_19p.csv,current_candidate_headers_preserved,02826.HK,HK0000516713
HKEX_02827,v2.19N,HKEX,Hong Kong,Hong Kong,HKEX,XHKG,hkex_repair_01_full_list_of_securities,outputs\full_universe_source_acquisition\raw\hkex_v2_19l_fix\01_full_list_of_securities.xlsx,ListOfSecurities,2020,02827,02827,02827.HK,02827.HK,02827.HK,WISE CSI300 ETF,Exchange Traded Products,Exchange Traded Funds,fund_or_etp,potential_candidate_pending_canonical_validation,200,HK2827039002,,,Y,Y,,Y,,,Y,5,HKD,,False,True,not_performed_v2_19n,not_performed_v2_19o,v2.19O,net_new_pending_expanded_rebuild,no_match_found,not_found_in_active_or_current_candidate,0,True,True,39,outputs\full_universe_source_acquisition\expanded_universe_candidate_hkex_v2_19p.csv,current_candidate_headers_preserved,02827.HK,HK2827039002
HKEX_02828,v2.19N,HKEX,Hong Kong,Hong Kong,HKEX,XHKG,hkex_repair_01_full_list_of_securities,outputs\full_universe_source_acquisition\raw\hkex_v2_19l_fix\01_full_list_of_securities.xlsx,ListOfSecurities,2021,02828,02828,02828.HK,02828.HK,02828.HK,HSCEI ETF,Exchange Traded Products,Exchange Traded Funds,fund_or_etp,potential_candidate_pending_canonical_validation,200,HK2828013055,,,Y,Y,Y,Y,,,Y,5,HKD,82828,False,True,not_performed_v2_19n,not_performed_v2_19o,v2.19O,net_new_pending_expanded_rebuild,no_match_found,not_found_in_active_or_current_candidate,0,True,True,40,outputs\full_universe_source_acquisition\expanded_universe_candidate_hkex_v2_19p.csv,current_candidate_headers_preserved,02828.HK,HK2828013055
HKEX_02829,v2.19N,HKEX,Hong Kong,Hong Kong,HKEX,XHKG,hkex_repair_01_full_list_of_securities,outputs\full_universe_source_acquisition\raw\hkex_v2_19l_fix\01_full_list_of_securities.xlsx,ListOfSecurities,2022,02829,02829,02829.HK,02829.HK,02829.HK,ISHARESCGB,Exchange Traded Products,Exchange Traded Funds,fund_or_etp,potential_candidate_pending_canonical_validation,10,HK0000782851,,,Y,Y,,Y,,,Y,5,HKD,82829,False,True,not_performed_v2_19n,not_performed_v2_19o,v2.19O,net_new_pending_expanded_rebuild,no_match_found,not_found_in_active_or_current_candidate,0,True,True,41,outputs\full_universe_source_acquisition\expanded_universe_candidate_hkex_v2_19p.csv,current_candidate_headers_preserved,02829.HK,HK0000782851
HKEX_02830,v2.19N,HKEX,Hong Kong,Hong Kong,HKEX,XHKG,hkex_repair_01_full_list_of_securities,outputs\full_universe_source_acquisition\raw\hkex_v2_19l_fix\01_full_list_of_securities.xlsx,ListOfSecurities,2023,02830,02830,02830.HK,02830.HK,02830.HK,CSOP SAUDI,Exchange Traded Products,Exchange Traded Funds,fund_or_etp,potential_candidate_pending_canonical_validation,10,HK0000952678,,,Y,Y,,Y,,,Y,5,HKD,82830,False,True,not_performed_v2_19n,not_performed_v2_19o,v2.19O,net_new_pending_expanded_rebuild,no_match_found,not_found_in_active_or_current_candidate,0,True,True,42,outputs\full_universe_source_acquisition\expanded_universe_candidate_hkex_v2_19p.csv,current_candidate_headers_preserved,02830.HK,HK0000952678
HKEX_02832,v2.19N,HKEX,Hong Kong,Hong Kong,HKEX,XHKG,hkex_repair_01_full_list_of_securities,outputs\full_universe_source_acquisition\raw\hkex_v2_19l_fix\01_full_list_of_securities.xlsx,ListOfSecurities,2024,02832,02832,02832.HK,02832.HK,02832.HK,BOSERA STAR50,Exchange Traded Products,Exchange Traded Funds,fund_or_etp,potential_candidate_pending_canonical_validation,100,HK0000172681,,,Y,Y,,Y,,,Y,5,HKD,82832,False,True,not_performed_v2_19n,not_performed_v2_19o,v2.19O,net_new_pending_expanded_rebuild,no_match_found,not_found_in_active_or_current_candidate,0,True,True,43,outputs\full_universe_source_acquisition\expanded_universe_candidate_hkex_v2_19p.csv,current_candidate_headers_preserved,02832.HK,HK0000172681
HKEX_02834,v2.19N,HKEX,Hong Kong,Hong Kong,HKEX,XHKG,hkex_repair_01_full_list_of_securities,outputs\full_universe_source_acquisition\raw\hkex_v2_19l_fix\01_full_list_of_securities.xlsx,ListOfSecurities,2025,02834,02834,02834.HK,02834.HK,02834.HK,ISHARESND100,Exchange Traded Products,Exchange Traded Funds,fund_or_etp,potential_candidate_pending_canonical_validation,10,HK0000297652,,,Y,Y,,Y,,,Y,5,HKD,,False,True,not_performed_v2_19n,not_performed_v2_19o,v2.19O,net_new_pending_expanded_rebuild,no_match_found,not_found_in_active_or_current_candidate,0,True,True,44,outputs\full_universe_source_acquisition\expanded_universe_candidate_hkex_v2_19p.csv,current_candidate_headers_preserved,02834.HK,HK0000297652
HKEX_02835,v2.19N,HKEX,Hong Kong,Hong Kong,HKEX,XHKG,hkex_repair_01_full_list_of_securities,outputs\full_universe_source_acquisition\raw\hkex_v2_19l_fix\01_full_list_of_securities.xlsx,ListOfSecurities,2026,02835,02835,02835.HK,02835.HK,02835.HK,PHILLIP HKNEWEQ,Exchange Traded Products,Exchange Traded Funds,fund_or_etp,potential_candidate_pending_canonical_validation,100,HK0000893468,,,Y,Y,,Y,,,Y,5,HKD,,False,True,not_performed_v2_19n,not_performed_v2_19o,v2.19O,net_new_pending_expanded_rebuild,no_match_found,not_found_in_active_or_current_candidate,0,True,True,45,outputs\full_universe_source_acquisition\expanded_universe_candidate_hkex_v2_19p.csv,current_candidate_headers_preserved,02835.HK,HK0000893468
HKEX_02836,v2.19N,HKEX,Hong Kong,Hong Kong,HKEX,XHKG,hkex_repair_01_full_list_of_securities,outputs\full_universe_source_acquisition\raw\hkex_v2_19l_fix\01_full_list_of_securities.xlsx,ListOfSecurities,2027,02836,02836,02836.HK,02836.HK,02836.HK,ISHARES INDIA,Exchange Traded Products,Exchange Traded Funds,fund_or_etp,potential_candidate_pending_canonical_validation,200,HK2836036130,,,Y,Y,,Y,,,Y,5,HKD,,False,True,not_performed_v2_19n,not_performed_v2_19o,v2.19O,net_new_pending_expanded_rebuild,no_match_found,not_found_in_active_or_current_candidate,0,True,True,46,outputs\full_universe_source_acquisition\expanded_universe_candidate_hkex_v2_19p.csv,current_candidate_headers_preserved,02836.HK,HK2836036130
HKEX_02837,v2.19N,HKEX,Hong Kong,Hong Kong,HKEX,XHKG,hkex_repair_01_full_list_of_securities,outputs\full_universe_source_acquisition\raw\hkex_v2_19l_fix\01_full_list_of_securities.xlsx,ListOfSecurities,2028,02837,02837,02837.HK,02837.HK,02837.HK,GX HS TECH,Exchange Traded Products,Exchange Traded Funds,fund_or_etp,potential_candidate_pending_canonical_validation,100,HK0000921228,,,Y,Y,,Y,,,Y,5,HKD,,False,True,not_performed_v2_19n,not_performed_v2_19o,v2.19O,net_new_pending_expanded_rebuild,no_match_found,not_found_in_active_or_current_candidate,0,True,True,47,outputs\full_universe_source_acquisition\expanded_universe_candidate_hkex_v2_19p.csv,current_candidate_headers_preserved,02837.HK,HK0000921228
HKEX_02838,v2.19N,HKEX,Hong Kong,Hong Kong,HKEX,XHKG,hkex_repair_01_full_list_of_securities,outputs\full_universe_source_acquisition\raw\hkex_v2_19l_fix\01_full_list_of_securities.xlsx,ListOfSecurities,2029,02838,02838,02838.HK,02838.HK,02838.HK,HS FCI50 ETF,Exchange Traded Products,Exchange Traded Funds,fund_or_etp,potential_candidate_pending_canonical_validation,100,HK2838031154,,,Y,Y,,Y,,,Y,5,HKD,,False,True,not_performed_v2_19n,not_performed_v2_19o,v2.19O,net_new_pending_expanded_rebuild,no_match_found,not_found_in_active_or_current_candidate,0,True,True,48,outputs\full_universe_source_acquisition\expanded_universe_candidate_hkex_v2_19p.csv,current_candidate_headers_preserved,02838.HK,HK2838031154
HKEX_02839,v2.19N,HKEX,Hong Kong,Hong Kong,HKEX,XHKG,hkex_repair_01_full_list_of_securities,outputs\full_universe_source_acquisition\raw\hkex_v2_19l_fix\01_full_list_of_securities.xlsx,ListOfSecurities,2030,02839,02839,02839.HK,02839.HK,02839.HK,CAM MSCI A50,Exchange Traded Products,Exchange Traded Funds,fund_or_etp,potential_candidate_pending_canonical_validation,50,HK0000804119,,,Y,Y,,Y,,,Y,5,HKD,82839,False,True,not_performed_v2_19n,not_performed_v2_19o,v2.19O,net_new_pending_expanded_rebuild,no_match_found,not_found_in_active_or_current_candidate,0,True,True,49,outputs\full_universe_source_acquisition\expanded_universe_candidate_hkex_v2_19p.csv,current_candidate_headers_preserved,02839.HK,HK0000804119
HKEX_02840,v2.19N,HKEX,Hong Kong,Hong Kong,HKEX,XHKG,hkex_repair_01_full_list_of_securities,outputs\full_universe_source_acquisition\raw\hkex_v2_19l_fix\01_full_list_of_securities.xlsx,ListOfSecurities,2031,02840,02840,02840.HK,02840.HK,02840.HK,SPDR GOLD TRT,Exchange Traded Products,Exchange Traded Funds,fund_or_etp,potential_candidate_pending_canonical_validation,1,US78463V1070,,,Y,Y,Y,Y,,,Y,5,HKD,82840,False,True,not_performed_v2_19n,not_performed_v2_19o,v2.19O,net_new_pending_expanded_rebuild,no_match_found,not_found_in_active_or_current_candidate,0,True,True,50,outputs\full_universe_source_acquisition\expanded_universe_candidate_hkex_v2_19p.csv,current_candidate_headers_preserved,02840.HK,US78463V1070
HKEX_02841,v2.19N,HKEX,Hong Kong,Hong Kong,HKEX,XHKG,hkex_repair_01_full_list_of_securities,outputs\full_universe_source_acquisition\raw\hkex_v2_19l_fix\01_full_list_of_securities.xlsx,ListOfSecurities,2032,02841,02841,02841.HK,02841.HK,02841.HK,GX CN MEDTECH,Exchange Traded Products,Exchange Traded Funds,fund_or_etp,potential_candidate_pending_canonical_validation,50,HK0000945649,,,Y,Y,,Y,,,Y,5,HKD,,False,True,not_performed_v2_19n,not_performed_v2_19o,v2.19O,net_new_pending_expanded_rebuild,no_match_found,not_found_in_active_or_current_candidate,0,True,True,51,outputs\full_universe_source_acquisition\expanded_universe_candidate_hkex_v2_19p.csv,current_candidate_headers_preserved,02841.HK,HK0000945649
HKEX_02843,v2.19N,HKEX,Hong Kong,Hong Kong,HKEX,XHKG,hkex_repair_01_full_list_of_securities,outputs\full_universe_source_acquisition\raw\hkex_v2_19l_fix\01_full_list_of_securities.xlsx,ListOfSecurities,2033,02843,02843,02843.HK,02843.HK,02843.HK,AMUNDI A50,Exchange Traded Products,Exchange Traded Funds,fund_or_etp,potential_candidate_pending_canonical_validation,200,HK0000308293,,,Y,Y,,Y,,,Y,5,HKD,82843,False,True,not_performed_v2_19n,not_performed_v2_19o,v2.19O,net_new_pending_expanded_rebuild,no_match_found,not_found_in_active_or_current_candidate,0,True,True,52,outputs\full_universe_source_acquisition\expanded_universe_candidate_hkex_v2_19p.csv,current_candidate_headers_preserved,02843.HK,HK0000308293
HKEX_02845,v2.19N,HKEX,Hong Kong,Hong Kong,HKEX,XHKG,hkex_repair_01_full_list_of_securities,outputs\full_universe_source_acquisition\raw\hkex_v2_19l_fix\01_full_list_of_securities.xlsx,ListOfSecurities,2034,02845,02845,02845.HK,02845.HK,02845.HK,GX CN EV BATT,Exchange Traded Products,Exchange Traded Funds,fund_or_etp,potential_candidate_pending_canonical_validation,50,HK0000562659,,,Y,Y,,Y,,,Y,5,HKD,,False,True,not_performed_v2_19n,not_performed_v2_19o,v2.19O,net_new_pending_expanded_rebuild,no_match_found,not_found_in_active_or_current_candidate,0,True,True,53,outputs\full_universe_source_acquisition\expanded_universe_candidate_hkex_v2_19p.csv,current_candidate_headers_preserved,02845.HK,HK0000562659
HKEX_02846,v2.19N,HKEX,Hong Kong,Hong Kong,HKEX,XHKG,hkex_repair_01_full_list_of_securities,outputs\full_universe_source_acquisition\raw\hkex_v2_19l_fix\01_full_list_of_securities.xlsx,ListOfSecurities,2035,02846,02846,02846.HK,02846.HK,02846.HK,ISHARESCSI300,Exchange Traded Products,Exchange Traded Funds,fund_or_etp,potential_candidate_pending_canonical_validation,100,HK0000057395,,,Y,Y,,Y,,,Y,5,HKD,82846,False,True,not_performed_v2_19n,not_performed_v2_19o,v2.19O,net_new_pending_expanded_rebuild,no_match_found,not_found_in_active_or_current_candidate,0,True,True,54,outputs\full_universe_source_acquisition\expanded_universe_candidate_hkex_v2_19p.csv,current_candidate_headers_preserved,02846.HK,HK0000057395
HKEX_02848,v2.19N,HKEX,Hong Kong,Hong Kong,HKEX,XHKG,hkex_repair_01_full_list_of_securities,outputs\full_universe_source_acquisition\raw\hkex_v2_19l_fix\01_full_list_of_securities.xlsx,ListOfSecurities,2036,02848,02848,02848.HK,02848.HK,02848.HK,TRMSCIKOREA,Exchange Traded Products,Exchange Traded Funds,fund_or_etp,potential_candidate_pending_canonical_validation,10,LU0292100046,,,Y,Y,,Y,,,Y,5,HKD,,False,True,not_performed_v2_19n,not_performed_v2_19o,v2.19O,net_new_pending_expanded_rebuild,no_match_found,not_found_in_active_or_current_candidate,0,True,True,55,outputs\full_universe_source_acquisition\expanded_universe_candidate_hkex_v2_19p.csv,current_candidate_headers_preserved,02848.HK,LU0292100046
HKEX_02900,v2.19N,HKEX,Hong Kong,Hong Kong,HKEX,XHKG,hkex_repair_01_full_list_of_securities,outputs\full_universe_source_acquisition\raw\hkex_v2_19l_fix\01_full_list_of_securities.xlsx,ListOfSecurities,2055,02900,02900,02900.HK,02900.HK,02900.HK,LVJI TECH-OLD,Equity,Equity Securities (Main Board),equity_like,potential_candidate_pending_canonical_validation,40,KYG5804E1171,,Y,,Y,,Y,,,Y,1,HKD,,False,True,not_performed_v2_19n,not_performed_v2_19o,v2.19O,net_new_pending_expanded_rebuild,no_match_found,not_found_in_active_or_current_candidate,0,True,True,56,outputs\full_universe_source_acquisition\expanded_universe_candidate_hkex_v2_19p.csv,current_candidate_headers_preserved,02900.HK,KYG5804E1171
HKEX_02902,v2.19N,HKEX,Hong Kong,Hong Kong,HKEX,XHKG,hkex_repair_01_full_list_of_securities,outputs\full_universe_source_acquisition\raw\hkex_v2_19l_fix\01_full_list_of_securities.xlsx,ListOfSecurities,2056,02902,02902,02902.HK,02902.HK,02902.HK,BIOSYSEN RTS,Equity,Equity Securities (Main Board),equity_like,potential_candidate_pending_canonical_validation,"20,000",KYG5458R1415,,Y,,,,Y,,,,1,HKD,,False,True,not_performed_v2_19n,not_performed_v2_19o,v2.19O,net_new_pending_expanded_rebuild,no_match_found,not_found_in_active_or_current_candidate,0,True,True,57,outputs\full_universe_source_acquisition\expanded_universe_candidate_hkex_v2_19p.csv,current_candidate_headers_preserved,02902.HK,KYG5458R1415
HKEX_02905,v2.19N,HKEX,Hong Kong,Hong Kong,HKEX,XHKG,hkex_repair_01_full_list_of_securities,outputs\full_universe_source_acquisition\raw\hkex_v2_19l_fix\01_full_list_of_securities.xlsx,ListOfSecurities,2058,02905,02905,02905.HK,02905.HK,02905.HK,CN CULTURE-20K,Equity,Equity Securities (Main Board),equity_like,potential_candidate_pending_canonical_validation,"20,000",,,Y,,Y,,Y,,,Y,1,HKD,,False,True,not_performed_v2_19n,not_performed_v2_19o,v2.19O,net_new_pending_expanded_rebuild,no_match_found,not_found_in_active_or_current_candidate,0,True,True,58,outputs\full_universe_source_acquisition\expanded_universe_candidate_hkex_v2_19p.csv,current_candidate_headers_preserved,02905.HK,
HKEX_02983,v2.19N,HKEX,Hong Kong,Hong Kong,HKEX,XHKG,hkex_repair_01_full_list_of_securities,outputs\full_universe_source_acquisition\raw\hkex_v2_19l_fix\01_full_list_of_securities.xlsx,ListOfSecurities,2059,02983,02983,02983.HK,02983.HK,02983.HK,HESAI-W-OLD,Equity,Equity Securities (Main Board),equity_like,potential_candidate_pending_canonical_validation,160,,,Y,Y,Y,Y,Y,,,Y,1,HKD,,False,True,not_performed_v2_19n,not_performed_v2_19o,v2.19O,net_new_pending_expanded_rebuild,no_match_found,not_found_in_active_or_current_candidate,0,True,True,59,outputs\full_universe_source_acquisition\expanded_universe_candidate_hkex_v2_19p.csv,current_candidate_headers_preserved,02983.HK,
HKEX_02986,v2.19N,HKEX,Hong Kong,Hong Kong,HKEX,XHKG,hkex_repair_01_full_list_of_securities,outputs\full_universe_source_acquisition\raw\hkex_v2_19l_fix\01_full_list_of_securities.xlsx,ListOfSecurities,2060,02986,02986,02986.HK,02986.HK,02986.HK,HUISHENG I-OLD,Equity,Equity Securities (Main Board),equity_like,potential_candidate_pending_canonical_validation,500,KYG4643W1235,,Y,,Y,,Y,,,Y,1,HKD,,False,True,not_performed_v2_19n,not_performed_v2_19o,v2.19O,net_new_pending_expanded_rebuild,no_match_found,not_found_in_active_or_current_candidate,0,True,True,60,outputs\full_universe_source_acquisition\expanded_universe_candidate_hkex_v2_19p.csv,current_candidate_headers_preserved,02986.HK,KYG4643W1235
HKEX_02988,v2.19N,HKEX,Hong Kong,Hong Kong,HKEX,XHKG,hkex_repair_01_full_list_of_securities,outputs\full_universe_source_acquisition\raw\hkex_v2_19l_fix\01_full_list_of_securities.xlsx,ListOfSecurities,2061,02988,02988,02988.HK,02988.HK,02988.HK,GREEN LEAD-OLD,Equity,Equity Securities (Main Board),equity_like,potential_candidate_pending_canonical_validation,"5,000",BMG4165P1344,,Y,,Y,,Y,,,Y,1,HKD,,False,True,not_performed_v2_19n,not_performed_v2_19o,v2.19O,net_new_pending_expanded_rebuild,no_match_found,not_found_in_active_or_current_candidate,0,True,True,61,outputs\full_universe_source_acquisition\expanded_universe_candidate_hkex_v2_19p.csv,current_candidate_headers_preserved,02988.HK,BMG4165P1344
HKEX_02990,v2.19N,HKEX,Hong Kong,Hong Kong,HKEX,XHKG,hkex_repair_01_full_list_of_securities,outputs\full_universe_source_acquisition\raw\hkex_v2_19l_fix\01_full_list_of_securities.xlsx,ListOfSecurities,2062,02990,02990,02990.HK,02990.HK,02990.HK,DT CAPITAL-OLD,Equity,Investment Companies,equity_like,potential_candidate_pending_canonical_validation,"2,000",KYG2848V1142,,Y,,Y,,Y,,,Y,1,HKD,,False,True,not_performed_v2_19n,not_performed_v2_19o,v2.19O,net_new_pending_expanded_rebuild,no_match_found,not_found_in_active_or_current_candidate,0,True,True,62,outputs\full_universe_source_acquisition\expanded_universe_candidate_hkex_v2_19p.csv,current_candidate_headers_preserved,02990.HK,KYG2848V1142
HKEX_02991,v2.19N,HKEX,Hong Kong,Hong Kong,HKEX,XHKG,hkex_repair_01_full_list_of_securities,outputs\full_universe_source_acquisition\raw\hkex_v2_19l_fix\01_full_list_of_securities.xlsx,ListOfSecurities,2063,02991,02991,02991.HK,02991.HK,02991.HK,POLY XVERSE-OLD,Equity,Equity Securities (Main Board),equity_like,potential_candidate_pending_canonical_validation,"1,000",BMG9723F1639,,Y,,Y,,Y,,,Y,1,HKD,,False,True,not_performed_v2_19n,not_performed_v2_19o,v2.19O,net_new_pending_expanded_rebuild,no_match_found,not_found_in_active_or_current_candidate,0,True,True,63,outputs\full_universe_source_acquisition\expanded_universe_candidate_hkex_v2_19p.csv,current_candidate_headers_preserved,02991.HK,BMG9723F1639
HKEX_02995,v2.19N,HKEX,Hong Kong,Hong Kong,HKEX,XHKG,hkex_repair_01_full_list_of_securities,outputs\full_universe_source_acquisition\raw\hkex_v2_19l_fix\01_full_list_of_securities.xlsx,ListOfSecurities,2064,02995,02995,02995.HK,02995.HK,02995.HK,ARTINI HLDG-OLD,Equity,Equity Securities (Main Board),equity_like,potential_candidate_pending_canonical_validation,"4,000",BMG051121421,,Y,,Y,,Y,,,Y,1,HKD,,False,True,not_performed_v2_19n,not_performed_v2_19o,v2.19O,net_new_pending_expanded_rebuild,no_match_found,not_found_in_active_or_current_candidate,0,True,True,64,outputs\full_universe_source_acquisition\expanded_universe_candidate_hkex_v2_19p.csv,current_candidate_headers_preserved,02995.HK,BMG051121421
HKEX_03001,v2.19N,HKEX,Hong Kong,Hong Kong,HKEX,XHKG,hkex_repair_01_full_list_of_securities,outputs\full_universe_source_acquisition\raw\hkex_v2_19l_fix\01_full_list_of_securities.xlsx,ListOfSecurities,2065,03001,03001,03001.HK,03001.HK,03001.HK,PP CNUSDPROP,Exchange Traded Products,Exchange Traded Funds,fund_or_etp,potential_candidate_pending_canonical_validation,5,HK0000723178,,,Y,Y,,Y,,,Y,3,HKD,83001,False,True,not_performed_v2_19n,not_performed_v2_19o,v2.19O,net_new_pending_expanded_rebuild,no_match_found,not_found_in_active_or_current_candidate,0,True,True,65,outputs\full_universe_source_acquisition\expanded_universe_candidate_hkex_v2_19p.csv,current_candidate_headers_preserved,03001.HK,HK0000723178
HKEX_03003,v2.19N,HKEX,Hong Kong,Hong Kong,HKEX,XHKG,hkex_repair_01_full_list_of_securities,outputs\full_universe_source_acquisition\raw\hkex_v2_19l_fix\01_full_list_of_securities.xlsx,ListOfSecurities,2066,03003,03003,03003.HK,03003.HK,03003.HK,CSOP MSCI A 50,Exchange Traded Products,Exchange Traded Funds,fund_or_etp,potential_candidate_pending_canonical_validation,100,HK0000805785,,,Y,Y,,Y,,,Y,5,HKD,,False,True,not_performed_v2_19n,not_performed_v2_19o,v2.19O,net_new_pending_expanded_rebuild,no_match_found,not_found_in_active_or_current_candidate,0,True,True,66,outputs\full_universe_source_acquisition\expanded_universe_candidate_hkex_v2_19p.csv,current_candidate_headers_preserved,03003.HK,HK0000805785
HKEX_03004,v2.19N,HKEX,Hong Kong,Hong Kong,HKEX,XHKG,hkex_repair_01_full_list_of_securities,outputs\full_universe_source_acquisition\raw\hkex_v2_19l_fix\01_full_list_of_securities.xlsx,ListOfSecurities,2067,03004,03004,03004.HK,03004.HK,03004.HK,CSOP VIETNAM30,Exchange Traded Products,Exchange Traded Funds,fund_or_etp,potential_candidate_pending_canonical_validation,100,HK0000873700,,,Y,Y,,Y,,,Y,5,HKD,,False,True,not_performed_v2_19n,not_performed_v2_19o,v2.19O,net_new_pending_expanded_rebuild,no_match_found,not_found_in_active_or_current_candidate,0,True,True,67,outputs\full_universe_source_acquisition\expanded_universe_candidate_hkex_v2_19p.csv,current_candidate_headers_preserved,03004.HK,HK0000873700
HKEX_03005,v2.19N,HKEX,Hong Kong,Hong Kong,HKEX,XHKG,hkex_repair_01_full_list_of_securities,outputs\full_universe_source_acquisition\raw\hkex_v2_19l_fix\01_full_list_of_securities.xlsx,ListOfSecurities,2068,03005,03005,03005.HK,03005.HK,03005.HK,X CSOPCSI500,Exchange Traded Products,Exchange Traded Funds,fund_or_etp,potential_candidate_pending_canonical_validation,200,HK0000578549,,,Y,Y,,Y,,,Y,5,HKD,83005,False,True,not_performed_v2_19n,not_performed_v2_19o,v2.19O,net_new_pending_expanded_rebuild,no_match_found,not_found_in_active_or_current_candidate,0,True,True,68,outputs\full_universe_source_acquisition\expanded_universe_candidate_hkex_v2_19p.csv,current_candidate_headers_preserved,03005.HK,HK0000578549
HKEX_03006,v2.19N,HKEX,Hong Kong,Hong Kong,HKEX,XHKG,hkex_repair_01_full_list_of_securities,outputs\full_universe_source_acquisition\raw\hkex_v2_19l_fix\01_full_list_of_securities.xlsx,ListOfSecurities,2069,03006,03006,03006.HK,03006.HK,03006.HK,A GX AI TECH,Exchange Traded Products,Exchange Traded Funds,fund_or_etp,potential_candidate_pending_canonical_validation,50,HK0000838232,,,Y,Y,,Y,,,Y,5,HKD,,False,True,not_performed_v2_19n,not_performed_v2_19o,v2.19O,net_new_pending_expanded_rebuild,no_match_found,not_found_in_active_or_current_candidate,0,True,True,69,outputs\full_universe_source_acquisition\expanded_universe_candidate_hkex_v2_19p.csv,current_candidate_headers_preserved,03006.HK,HK0000838232
HKEX_03007,v2.19N,HKEX,Hong Kong,Hong Kong,HKEX,XHKG,hkex_repair_01_full_list_of_securities,outputs\full_universe_source_acquisition\raw\hkex_v2_19l_fix\01_full_list_of_securities.xlsx,ListOfSecurities,2070,03007,03007,03007.HK,03007.HK,03007.HK,TR MSCI CHINA A,Exchange Traded Products,Exchange Traded Funds,fund_or_etp,potential_candidate_pending_canonical_validation,10,LU0292109856,,,Y,Y,,Y,,,Y,5,HKD,,False,True,not_performed_v2_19n,not_performed_v2_19o,v2.19O,net_new_pending_expanded_rebuild,no_match_found,not_found_in_active_or_current_candidate,0,True,True,70,outputs\full_universe_source_acquisition\expanded_universe_candidate_hkex_v2_19p.csv,current_candidate_headers_preserved,03007.HK,LU0292109856
HKEX_03008,v2.19N,HKEX,Hong Kong,Hong Kong,HKEX,XHKG,hkex_repair_01_full_list_of_securities,outputs\full_universe_source_acquisition\raw\hkex_v2_19l_fix\01_full_list_of_securities.xlsx,ListOfSecurities,2071,03008,03008,03008.HK,03008.HK,03008.HK,BOS HSK BTC,Exchange Traded Products,Exchange Traded Funds,fund_or_etp,potential_candidate_pending_canonical_validation,100,HK0001010674,,,Y,Y,,Y,,,Y,5,HKD,,False,True,not_performed_v2_19n,not_performed_v2_19o,v2.19O,net_new_pending_expanded_rebuild,no_match_found,not_found_in_active_or_current_candidate,0,True,True,71,outputs\full_universe_source_acquisition\expanded_universe_candidate_hkex_v2_19p.csv,current_candidate_headers_preserved,03008.HK,HK0001010674
HKEX_03009,v2.19N,HKEX,Hong Kong,Hong Kong,HKEX,XHKG,hkex_repair_01_full_list_of_securities,outputs\full_universe_source_acquisition\raw\hkex_v2_19l_fix\01_full_list_of_securities.xlsx,ListOfSecurities,2072,03009,03009,03009.HK,03009.HK,03009.HK,BOS HSK ETH,Exchange Traded Products,Exchange Traded Funds,fund_or_etp,potential_candidate_pending_canonical_validation,100,HK0001010625,,,Y,Y,,Y,,,Y,5,HKD,,False,True,not_performed_v2_19n,not_performed_v2_19o,v2.19O,net_new_pending_expanded_rebuild,no_match_found,not_found_in_active_or_current_candidate,0,True,True,72,outputs\full_universe_source_acquisition\expanded_universe_candidate_hkex_v2_19p.csv,current_candidate_headers_preserved,03009.HK,HK0001010625
HKEX_03010,v2.19N,HKEX,Hong Kong,Hong Kong,HKEX,XHKG,hkex_repair_01_full_list_of_securities,outputs\full_universe_source_acquisition\raw\hkex_v2_19l_fix\01_full_list_of_securities.xlsx,ListOfSecurities,2073,03010,03010,03010.HK,03010.HK,03010.HK,ISHARES AXJ,Exchange Traded Products,Exchange Traded Funds,fund_or_etp,potential_candidate_pending_canonical_validation,100,HK0000051877,,,Y,Y,,Y,,,Y,5,HKD,83010,False,True,not_performed_v2_19n,not_performed_v2_19o,v2.19O,net_new_pending_expanded_rebuild,no_match_found,not_found_in_active_or_current_candidate,0,True,True,73,outputs\full_universe_source_acquisition\expanded_universe_candidate_hkex_v2_19p.csv,current_candidate_headers_preserved,03010.HK,HK0000051877
HKEX_03011,v2.19N,HKEX,Hong Kong,Hong Kong,HKEX,XHKG,hkex_repair_01_full_list_of_securities,outputs\full_universe_source_acquisition\raw\hkex_v2_19l_fix\01_full_list_of_securities.xlsx,ListOfSecurities,2074,03011,03011,03011.HK,03011.HK,03011.HK,A CICC USD,Exchange Traded Products,Exchange Traded Funds,fund_or_etp,potential_candidate_pending_canonical_validation,1,HK0000507407,,,Y,Y,,Y,,,Y,3,HKD,,False,True,not_performed_v2_19n,not_performed_v2_19o,v2.19O,net_new_pending_expanded_rebuild,no_match_found,not_found_in_active_or_current_candidate,0,True,True,74,outputs\full_universe_source_acquisition\expanded_universe_candidate_hkex_v2_19p.csv,current_candidate_headers_preserved,03011.HK,HK0000507407
HKEX_03012,v2.19N,HKEX,Hong Kong,Hong Kong,HKEX,XHKG,hkex_repair_01_full_list_of_securities,outputs\full_universe_source_acquisition\raw\hkex_v2_19l_fix\01_full_list_of_securities.xlsx,ListOfSecurities,2075,03012,03012,03012.HK,03012.HK,03012.HK,AMUNDI HK35,Exchange Traded Products,Exchange Traded Funds,fund_or_etp,potential_candidate_pending_canonical_validation,500,HK0000286804,,,Y,Y,,Y,,,Y,5,HKD,83012,False,True,not_performed_v2_19n,not_performed_v2_19o,v2.19O,net_new_pending_expanded_rebuild,no_match_found,not_found_in_active_or_current_candidate,0,True,True,75,outputs\full_universe_source_acquisition\expanded_universe_candidate_hkex_v2_19p.csv,current_candidate_headers_preserved,03012.HK,HK0000286804
HKEX_03015,v2.19N,HKEX,Hong Kong,Hong Kong,HKEX,XHKG,hkex_repair_01_full_list_of_securities,outputs\full_universe_source_acquisition\raw\hkex_v2_19l_fix\01_full_list_of_securities.xlsx,ListOfSecurities,2076,03015,03015,03015.HK,03015.HK,03015.HK,X TRNIFTY50,Exchange Traded Products,Exchange Traded Funds,fund_or_etp,potential_candidate_pending_canonical_validation,5,LU0292109690,,,Y,Y,,Y,,,Y,5,HKD,,False,True,not_performed_v2_19n,not_performed_v2_19o,v2.19O,net_new_pending_expanded_rebuild,no_match_found,not_found_in_active_or_current_candidate,0,True,True,76,outputs\full_universe_source_acquisition\expanded_universe_candidate_hkex_v2_19p.csv,current_candidate_headers_preserved,03015.HK,LU0292109690
HKEX_03020,v2.19N,HKEX,Hong Kong,Hong Kong,HKEX,XHKG,hkex_repair_01_full_list_of_securities,outputs\full_universe_source_acquisition\raw\hkex_v2_19l_fix\01_full_list_of_securities.xlsx,ListOfSecurities,2077,03020,03020,03020.HK,03020.HK,03020.HK,X TRMSCIUSA,Exchange Traded Products,Exchange Traded Funds,fund_or_etp,potential_candidate_pending_canonical_validation,15,LU0274210672,,,Y,Y,,Y,,,Y,5,HKD,,False,True,not_performed_v2_19n,not_performed_v2_19o,v2.19O,net_new_pending_expanded_rebuild,no_match_found,not_found_in_active_or_current_candidate,0,True,True,77,outputs\full_universe_source_acquisition\expanded_universe_candidate_hkex_v2_19p.csv,current_candidate_headers_preserved,03020.HK,LU0274210672
HKEX_03024,v2.19N,HKEX,Hong Kong,Hong Kong,HKEX,XHKG,hkex_repair_01_full_list_of_securities,outputs\full_universe_source_acquisition\raw\hkex_v2_19l_fix\01_full_list_of_securities.xlsx,ListOfSecurities,2078,03024,03024,03024.HK,03024.HK,03024.HK,WISE SSE50ETF,Exchange Traded Products,Exchange Traded Funds,fund_or_etp,potential_candidate_pending_canonical_validation,100,HK0000052297,,,Y,Y,,Y,,,Y,5,HKD,,False,True,not_performed_v2_19n,not_performed_v2_19o,v2.19O,net_new_pending_expanded_rebuild,no_match_found,not_found_in_active_or_current_candidate,0,True,True,78,outputs\full_universe_source_acquisition\expanded_universe_candidate_hkex_v2_19p.csv,current_candidate_headers_preserved,03024.HK,HK0000052297
HKEX_03029,v2.19N,HKEX,Hong Kong,Hong Kong,HKEX,XHKG,hkex_repair_01_full_list_of_securities,outputs\full_universe_source_acquisition\raw\hkex_v2_19l_fix\01_full_list_of_securities.xlsx,ListOfSecurities,2079,03029,03029,03029.HK,03029.HK,03029.HK,GX HS ESG,Exchange Traded Products,Exchange Traded Funds,fund_or_etp,potential_candidate_pending_canonical_validation,50,HK0000838240,,,Y,Y,,Y,,,Y,5,HKD,,False,True,not_performed_v2_19n,not_performed_v2_19o,v2.19O,net_new_pending_expanded_rebuild,no_match_found,not_found_in_active_or_current_candidate,0,True,True,79,outputs\full_universe_source_acquisition\expanded_universe_candidate_hkex_v2_19p.csv,current_candidate_headers_preserved,03029.HK,HK0000838240
HKEX_03030,v2.19N,HKEX,Hong Kong,Hong Kong,HKEX,XHKG,hkex_repair_01_full_list_of_securities,outputs\full_universe_source_acquisition\raw\hkex_v2_19l_fix\01_full_list_of_securities.xlsx,ListOfSecurities,2080,03030,03030,03030.HK,03030.HK,03030.HK,CSOP GOLD,Exchange Traded Products,Exchange Traded Funds,fund_or_etp,potential_candidate_pending_canonical_validation,100,HK0001286282,,,Y,Y,,Y,,,Y,5,HKD,,False,True,not_performed_v2_19n,not_performed_v2_19o,v2.19O,net_new_pending_expanded_rebuild,no_match_found,not_found_in_active_or_current_candidate,0,True,True,80,outputs\full_universe_source_acquisition\expanded_universe_candidate_hkex_v2_19p.csv,current_candidate_headers_preserved,03030.HK,HK0001286282
HKEX_03031,v2.19N,HKEX,Hong Kong,Hong Kong,HKEX,XHKG,hkex_repair_01_full_list_of_securities,outputs\full_universe_source_acquisition\raw\hkex_v2_19l_fix\01_full_list_of_securities.xlsx,ListOfSecurities,2081,03031,03031,03031.HK,03031.HK,03031.HK,FG HS HIGHDIV,Exchange Traded Products,Exchange Traded Funds,fund_or_etp,potential_candidate_pending_canonical_validation,100,HK0001281408,,,Y,Y,,Y,,,Y,5,HKD,83031,False,True,not_performed_v2_19n,not_performed_v2_19o,v2.19O,net_new_pending_expanded_rebuild,no_match_found,not_found_in_active_or_current_candidate,0,True,True,81,outputs\full_universe_source_acquisition\expanded_universe_candidate_hkex_v2_19p.csv,current_candidate_headers_preserved,03031.HK,HK0001281408
HKEX_03032,v2.19N,HKEX,Hong Kong,Hong Kong,HKEX,XHKG,hkex_repair_01_full_list_of_securities,outputs\full_universe_source_acquisition\raw\hkex_v2_19l_fix\01_full_list_of_securities.xlsx,ListOfSecurities,2082,03032,03032,03032.HK,03032.HK,03032.HK,HSTECH ETF,Exchange Traded Products,Exchange Traded Funds,fund_or_etp,potential_candidate_pending_canonical_validation,200,HK0000640323,,,Y,Y,Y,Y,,,Y,5,HKD,,False,True,not_performed_v2_19n,not_performed_v2_19o,v2.19O,net_new_pending_expanded_rebuild,no_match_found,not_found_in_active_or_current_candidate,0,True,True,82,outputs\full_universe_source_acquisition\expanded_universe_candidate_hkex_v2_19p.csv,current_candidate_headers_preserved,03032.HK,HK0000640323
HKEX_03033,v2.19N,HKEX,Hong Kong,Hong Kong,HKEX,XHKG,hkex_repair_01_full_list_of_securities,outputs\full_universe_source_acquisition\raw\hkex_v2_19l_fix\01_full_list_of_securities.xlsx,ListOfSecurities,2083,03033,03033,03033.HK,03033.HK,03033.HK,CSOP HS TECH,Exchange Traded Products,Exchange Traded Funds,fund_or_etp,potential_candidate_pending_canonical_validation,200,HK0000642568,,,Y,Y,Y,Y,,,Y,5,HKD,,False,True,not_performed_v2_19n,not_performed_v2_19o,v2.19O,net_new_pending_expanded_rebuild,no_match_found,not_found_in_active_or_current_candidate,0,True,True,83,outputs\full_universe_source_acquisition\expanded_universe_candidate_hkex_v2_19p.csv,current_candidate_headers_preserved,03033.HK,HK0000642568
HKEX_03034,v2.19N,HKEX,Hong Kong,Hong Kong,HKEX,XHKG,hkex_repair_01_full_list_of_securities,outputs\full_universe_source_acquisition\raw\hkex_v2_19l_fix\01_full_list_of_securities.xlsx,ListOfSecurities,2084,03034,03034,03034.HK,03034.HK,03034.HK,CSOP NASDAQ100,Exchange Traded Products,Exchange Traded Funds,fund_or_etp,potential_candidate_pending_canonical_validation,100,HK0000825338,,,Y,Y,,Y,,,Y,5,HKD,,False,True,not_performed_v2_19n,not_performed_v2_19o,v2.19O,net_new_pending_expanded_rebuild,no_match_found,not_found_in_active_or_current_candidate,0,True,True,84,outputs\full_universe_source_acquisition\expanded_universe_candidate_hkex_v2_19p.csv,current_candidate_headers_preserved,03034.HK,HK0000825338
HKEX_03036,v2.19N,HKEX,Hong Kong,Hong Kong,HKEX,XHKG,hkex_repair_01_full_list_of_securities,outputs\full_universe_source_acquisition\raw\hkex_v2_19l_fix\01_full_list_of_securities.xlsx,ListOfSecurities,2085,03036,03036,03036.HK,03036.HK,03036.HK,TRMSCITAIWAN,Exchange Traded Products,Exchange Traded Funds,fund_or_etp,potential_candidate_pending_canonical_validation,25,LU0292109187,,,Y,Y,,Y,,,Y,5,HKD,,False,True,not_performed_v2_19n,not_performed_v2_19o,v2.19O,net_new_pending_expanded_rebuild,no_match_found,not_found_in_active_or_current_candidate,0,True,True,85,outputs\full_universe_source_acquisition\expanded_universe_candidate_hkex_v2_19p.csv,current_candidate_headers_preserved,03036.HK,LU0292109187
HKEX_03037,v2.19N,HKEX,Hong Kong,Hong Kong,HKEX,XHKG,hkex_repair_01_full_list_of_securities,outputs\full_universe_source_acquisition\raw\hkex_v2_19l_fix\01_full_list_of_securities.xlsx,ListOfSecurities,2086,03037,03037,03037.HK,03037.HK,03037.HK,CSOP HSI ETF,Exchange Traded Products,Exchange Traded Funds,fund_or_etp,potential_candidate_pending_canonical_validation,500,HK0000720745,,,Y,Y,,Y,,,Y,5,HKD,,False,True,not_performed_v2_19n,not_performed_v2_19o,v2.19O,net_new_pending_expanded_rebuild,no_match_found,not_found_in_active_or_current_candidate,0,True,True,86,outputs\full_universe_source_acquisition\expanded_universe_candidate_hkex_v2_19p.csv,current_candidate_headers_preserved,03037.HK,HK0000720745
HKEX_03038,v2.19N,HKEX,Hong Kong,Hong Kong,HKEX,XHKG,hkex_repair_01_full_list_of_securities,outputs\full_universe_source_acquisition\raw\hkex_v2_19l_fix\01_full_list_of_securities.xlsx,ListOfSecurities,2087,03038,03038,03038.HK,03038.HK,03038.HK,HS ALOWCARBON,Exchange Traded Products,Exchange Traded Funds,fund_or_etp,potential_candidate_pending_canonical_validation,100,HK0000921244,,,Y,Y,,Y,,,Y,5,HKD,83038,False,True,not_performed_v2_19n,not_performed_v2_19o,v2.19O,net_new_pending_expanded_rebuild,no_match_found,not_found_in_active_or_current_candidate,0,True,True,87,outputs\full_universe_source_acquisition\expanded_universe_candidate_hkex_v2_19p.csv,current_candidate_headers_preserved,03038.HK,HK0000921244
HKEX_03039,v2.19N,HKEX,Hong Kong,Hong Kong,HKEX,XHKG,hkex_repair_01_full_list_of_securities,outputs\full_universe_source_acquisition\raw\hkex_v2_19l_fix\01_full_list_of_securities.xlsx,ListOfSecurities,2088,03039,03039,03039.HK,03039.HK,03039.HK,EFUNDHSIESG,Exchange Traded Products,Exchange Traded Funds,fund_or_etp,potential_candidate_pending_canonical_validation,"1,000",HK0000862711,,,Y,Y,,Y,,,Y,5,HKD,,False,True,not_performed_v2_19n,not_performed_v2_19o,v2.19O,net_new_pending_expanded_rebuild,no_match_found,not_found_in_active_or_current_candidate,0,True,True,88,outputs\full_universe_source_acquisition\expanded_universe_candidate_hkex_v2_19p.csv,current_candidate_headers_preserved,03039.HK,HK0000862711
HKEX_03040,v2.19N,HKEX,Hong Kong,Hong Kong,HKEX,XHKG,hkex_repair_01_full_list_of_securities,outputs\full_universe_source_acquisition\raw\hkex_v2_19l_fix\01_full_list_of_securities.xlsx,ListOfSecurities,2089,03040,03040,03040.HK,03040.HK,03040.HK,GX MSCI CHINA,Exchange Traded Products,Exchange Traded Funds,fund_or_etp,potential_candidate_pending_canonical_validation,100,HK0000151925,,,Y,Y,,Y,,,Y,5,HKD,,False,True,not_performed_v2_19n,not_performed_v2_19o,v2.19O,net_new_pending_expanded_rebuild,no_match_found,not_found_in_active_or_current_candidate,0,True,True,89,outputs\full_universe_source_acquisition\expanded_universe_candidate_hkex_v2_19p.csv,current_candidate_headers_preserved,03040.HK,HK0000151925
HKEX_03042,v2.19N,HKEX,Hong Kong,Hong Kong,HKEX,XHKG,hkex_repair_01_full_list_of_securities,outputs\full_universe_source_acquisition\raw\hkex_v2_19l_fix\01_full_list_of_securities.xlsx,ListOfSecurities,2091,03042,03042,03042.HK,03042.HK,03042.HK,CAM BTC,Exchange Traded Products,Exchange Traded Funds,fund_or_etp,potential_candidate_pending_canonical_validation,100,HK0001009700,,,Y,Y,,Y,,,Y,5,HKD,83042,False,True,not_performed_v2_19n,not_performed_v2_19o,v2.19O,net_new_pending_expanded_rebuild,no_match_found,not_found_in_active_or_current_candidate,0,True,True,90,outputs\full_universe_source_acquisition\expanded_universe_candidate_hkex_v2_19p.csv,current_candidate_headers_preserved,03042.HK,HK0001009700
HKEX_03046,v2.19N,HKEX,Hong Kong,Hong Kong,HKEX,XHKG,hkex_repair_01_full_list_of_securities,outputs\full_universe_source_acquisition\raw\hkex_v2_19l_fix\01_full_list_of_securities.xlsx,ListOfSecurities,2092,03046,03046,03046.HK,03046.HK,03046.HK,CAM ETH,Exchange Traded Products,Exchange Traded Funds,fund_or_etp,potential_candidate_pending_canonical_validation,100,HK0001009734,,,Y,Y,,Y,,,Y,5,HKD,83046,False,True,not_performed_v2_19n,not_performed_v2_19o,v2.19O,net_new_pending_expanded_rebuild,no_match_found,not_found_in_active_or_current_candidate,0,True,True,91,outputs\full_universe_source_acquisition\expanded_universe_candidate_hkex_v2_19p.csv,current_candidate_headers_preserved,03046.HK,HK0001009734
HKEX_03047,v2.19N,HKEX,Hong Kong,Hong Kong,HKEX,XHKG,hkex_repair_01_full_list_of_securities,outputs\full_universe_source_acquisition\raw\hkex_v2_19l_fix\01_full_list_of_securities.xlsx,ListOfSecurities,2093,03047,03047,03047.HK,03047.HK,03047.HK,F SSIFIRONORE,Exchange Traded Products,Exchange Traded Funds,fund_or_etp,potential_candidate_pending_canonical_validation,100,HK0000591641,,,Y,Y,,Y,,,Y,5,HKD,,False,True,not_performed_v2_19n,not_performed_v2_19o,v2.19O,net_new_pending_expanded_rebuild,no_match_found,not_found_in_active_or_current_candidate,0,True,True,92,outputs\full_universe_source_acquisition\expanded_universe_candidate_hkex_v2_19p.csv,current_candidate_headers_preserved,03047.HK,HK0000591641
HKEX_03050,v2.19N,HKEX,Hong Kong,Hong Kong,HKEX,XHKG,hkex_repair_01_full_list_of_securities,outputs\full_universe_source_acquisition\raw\hkex_v2_19l_fix\01_full_list_of_securities.xlsx,ListOfSecurities,2094,03050,03050,03050.HK,03050.HK,03050.HK,GX CN GL LEADER,Exchange Traded Products,Exchange Traded Funds,fund_or_etp,potential_candidate_pending_canonical_validation,50,HK0000716081,,,Y,Y,,Y,,,Y,5,HKD,,False,True,not_performed_v2_19n,not_performed_v2_19o,v2.19O,net_new_pending_expanded_rebuild,no_match_found,not_found_in_active_or_current_candidate,0,True,True,93,outputs\full_universe_source_acquisition\expanded_universe_candidate_hkex_v2_19p.csv,current_candidate_headers_preserved,03050.HK,HK0000716081
HKEX_03053,v2.19N,HKEX,Hong Kong,Hong Kong,HKEX,XHKG,hkex_repair_01_full_list_of_securities,outputs\full_universe_source_acquisition\raw\hkex_v2_19l_fix\01_full_list_of_securities.xlsx,ListOfSecurities,2095,03053,03053,03053.HK,03053.HK,03053.HK,A CSOP HKD MM,Exchange Traded Products,Exchange Traded Funds,fund_or_etp,potential_candidate_pending_canonical_validation,1,HK0000426384,,,Y,Y,,Y,,,Y,3,HKD,83053,False,True,not_performed_v2_19n,not_performed_v2_19o,v2.19O,net_new_pending_expanded_rebuild,no_match_found,not_found_in_active_or_current_candidate,0,True,True,94,outputs\full_universe_source_acquisition\expanded_universe_candidate_hkex_v2_19p.csv,current_candidate_headers_preserved,03053.HK,HK0000426384
HKEX_03056,v2.19N,HKEX,Hong Kong,Hong Kong,HKEX,XHKG,hkex_repair_01_full_list_of_securities,outputs\full_universe_source_acquisition\raw\hkex_v2_19l_fix\01_full_list_of_securities.xlsx,ListOfSecurities,2096,03056,03056,03056.HK,03056.HK,03056.HK,A PANDO INNO,Exchange Traded Products,Exchange Traded Funds,fund_or_etp,potential_candidate_pending_canonical_validation,100,HK0000897592,,,Y,Y,,Y,,,Y,5,HKD,,False,True,not_performed_v2_19n,not_performed_v2_19o,v2.19O,net_new_pending_expanded_rebuild,no_match_found,not_found_in_active_or_current_candidate,0,True,True,95,outputs\full_universe_source_acquisition\expanded_universe_candidate_hkex_v2_19p.csv,current_candidate_headers_preserved,03056.HK,HK0000897592
HKEX_03064,v2.19N,HKEX,Hong Kong,Hong Kong,HKEX,XHKG,hkex_repair_01_full_list_of_securities,outputs\full_universe_source_acquisition\raw\hkex_v2_19l_fix\01_full_list_of_securities.xlsx,ListOfSecurities,2098,03064,03064,03064.HK,03064.HK,03064.HK,GX APAC,Exchange Traded Products,Exchange Traded Funds,fund_or_etp,potential_candidate_pending_canonical_validation,100,HK0001107736,,,Y,Y,,Y,,,Y,5,HKD,,False,True,not_performed_v2_19n,not_performed_v2_19o,v2.19O,net_new_pending_expanded_rebuild,no_match_found,not_found_in_active_or_current_candidate,0,True,True,96,outputs\full_universe_source_acquisition\expanded_universe_candidate_hkex_v2_19p.csv,current_candidate_headers_preserved,03064.HK,HK0001107736
HKEX_03066,v2.19N,HKEX,Hong Kong,Hong Kong,HKEX,XHKG,hkex_repair_01_full_list_of_securities,outputs\full_universe_source_acquisition\raw\hkex_v2_19l_fix\01_full_list_of_securities.xlsx,ListOfSecurities,2099,03066,03066,03066.HK,03066.HK,03066.HK,FA CSOP BTC,Exchange Traded Products,Exchange Traded Funds,fund_or_etp,potential_candidate_pending_canonical_validation,100,HK0000900347,,,Y,Y,,Y,,,Y,5,HKD,,False,True,not_performed_v2_19n,not_performed_v2_19o,v2.19O,net_new_pending_expanded_rebuild,no_match_found,not_found_in_active_or_current_candidate,0,True,True,97,outputs\full_universe_source_acquisition\expanded_universe_candidate_hkex_v2_19p.csv,current_candidate_headers_preserved,03066.HK,HK0000900347
HKEX_03067,v2.19N,HKEX,Hong Kong,Hong Kong,HKEX,XHKG,hkex_repair_01_full_list_of_securities,outputs\full_universe_source_acquisition\raw\hkex_v2_19l_fix\01_full_list_of_securities.xlsx,ListOfSecurities,2100,03067,03067,03067.HK,03067.HK,03067.HK,ISHARESHSTECH,Exchange Traded Products,Exchange Traded Funds,fund_or_etp,potential_candidate_pending_canonical_validation,100,HK0000651213,,,Y,Y,Y,Y,,,Y,5,HKD,,False,True,not_performed_v2_19n,not_performed_v2_19o,v2.19O,net_new_pending_expanded_rebuild,no_match_found,not_found_in_active_or_current_candidate,0,True,True,98,outputs\full_universe_source_acquisition\expanded_universe_candidate_hkex_v2_19p.csv,current_candidate_headers_preserved,03067.HK,HK0000651213
HKEX_03068,v2.19N,HKEX,Hong Kong,Hong Kong,HKEX,XHKG,hkex_repair_01_full_list_of_securities,outputs\full_universe_source_acquisition\raw\hkex_v2_19l_fix\01_full_list_of_securities.xlsx,ListOfSecurities,2101,03068,03068,03068.HK,03068.HK,03068.HK,FA CSOP ETH,Exchange Traded Products,Exchange Traded Funds,fund_or_etp,potential_candidate_pending_canonical_validation,100,HK0000900354,,,Y,Y,,Y,,,Y,5,HKD,,False,True,not_performed_v2_19n,not_performed_v2_19o,v2.19O,net_new_pending_expanded_rebuild,no_match_found,not_found_in_active_or_current_candidate,0,True,True,99,outputs\full_universe_source_acquisition\expanded_universe_candidate_hkex_v2_19p.csv,current_candidate_headers_preserved,03068.HK,HK0000900354
HKEX_03069,v2.19N,HKEX,Hong Kong,Hong Kong,HKEX,XHKG,hkex_repair_01_full_list_of_securities,outputs\full_universe_source_acquisition\raw\hkex_v2_19l_fix\01_full_list_of_securities.xlsx,ListOfSecurities,2102,03069,03069,03069.HK,03069.HK,03069.HK,CAM HSBIOTECH,Exchange Traded Products,Exchange Traded Funds,fund_or_etp,potential_candidate_pending_canonical_validation,100,HK0000711199,,,Y,Y,,Y,,,Y,5,HKD,83069,False,True,not_performed_v2_19n,not_performed_v2_19o,v2.19O,net_new_pending_expanded_rebuild,no_match_found,not_found_in_active_or_current_candidate,0,True,True,100,outputs\full_universe_source_acquisition\expanded_universe_candidate_hkex_v2_19p.csv,current_candidate_headers_preserved,03069.HK,HK0000711199
HKEX_03070,v2.19N,HKEX,Hong Kong,Hong Kong,HKEX,XHKG,hkex_repair_01_full_list_of_securities,outputs\full_universe_source_acquisition\raw\hkex_v2_19l_fix\01_full_list_of_securities.xlsx,ListOfSecurities,2103,03070,03070,03070.HK,03070.HK,03070.HK,PING AN HKDIV,Exchange Traded Products,Exchange Traded Funds,fund_or_etp,potential_candidate_pending_canonical_validation,100,HK0000098449,,,Y,Y,,Y,,,Y,5,HKD,,False,True,not_performed_v2_19n,not_performed_v2_19o,v2.19O,net_new_pending_expanded_rebuild,no_match_found,not_found_in_active_or_current_candidate,0,True,True,101,outputs\full_universe_source_acquisition\expanded_universe_candidate_hkex_v2_19p.csv,current_candidate_headers_preserved,03070.HK,HK0000098449
HKEX_03071,v2.19N,HKEX,Hong Kong,Hong Kong,HKEX,XHKG,hkex_repair_01_full_list_of_securities,outputs\full_universe_source_acquisition\raw\hkex_v2_19l_fix\01_full_list_of_securities.xlsx,ListOfSecurities,2104,03071,03071,03071.HK,03071.HK,03071.HK,A CICC HKD,Exchange Traded Products,Exchange Traded Funds,fund_or_etp,potential_candidate_pending_canonical_validation,1,HK0000658895,,,Y,Y,,Y,,,Y,3,HKD,,False,True,not_performed_v2_19n,not_performed_v2_19o,v2.19O,net_new_pending_expanded_rebuild,no_match_found,not_found_in_active_or_current_candidate,0,True,True,102,outputs\full_universe_source_acquisition\expanded_universe_candidate_hkex_v2_19p.csv,current_candidate_headers_preserved,03071.HK,HK0000658895
HKEX_03074,v2.19N,HKEX,Hong Kong,Hong Kong,HKEX,XHKG,hkex_repair_01_full_list_of_securities,outputs\full_universe_source_acquisition\raw\hkex_v2_19l_fix\01_full_list_of_securities.xlsx,ListOfSecurities,2105,03074,03074,03074.HK,03074.HK,03074.HK,ISHARESMSCITW,Exchange Traded Products,Exchange Traded Funds,fund_or_etp,potential_candidate_pending_canonical_validation,10,HK0000297777,,,Y,Y,,Y,,,Y,5,HKD,,False,True,not_performed_v2_19n,not_performed_v2_19o,v2.19O,net_new_pending_expanded_rebuild,no_match_found,not_found_in_active_or_current_candidate,0,True,True,103,outputs\full_universe_source_acquisition\expanded_universe_candidate_hkex_v2_19p.csv,current_candidate_headers_preserved,03074.HK,HK0000297777
HKEX_03076,v2.19N,HKEX,Hong Kong,Hong Kong,HKEX,XHKG,hkex_repair_01_full_list_of_securities,outputs\full_universe_source_acquisition\raw\hkex_v2_19l_fix\01_full_list_of_securities.xlsx,ListOfSecurities,2107,03076,03076,03076.HK,03076.HK,03076.HK,FB TW SEMICON,Exchange Traded Products,Exchange Traded Funds,fund_or_etp,potential_candidate_pending_canonical_validation,200,HK0000817103,,,Y,Y,,Y,,,Y,5,HKD,,False,True,not_performed_v2_19n,not_performed_v2_19o,v2.19O,net_new_pending_expanded_rebuild,no_match_found,not_found_in_active_or_current_candidate,0,True,True,104,outputs\full_universe_source_acquisition\expanded_universe_candidate_hkex_v2_19p.csv,current_candidate_headers_preserved,03076.HK,HK0000817103
HKEX_03077,v2.19N,HKEX,Hong Kong,Hong Kong,HKEX,XHKG,hkex_repair_01_full_list_of_securities,outputs\full_universe_source_acquisition\raw\hkex_v2_19l_fix\01_full_list_of_securities.xlsx,ListOfSecurities,2108,03077,03077,03077.HK,03077.HK,03077.HK,PREMIA UST,Exchange Traded Products,Exchange Traded Funds,fund_or_etp,potential_candidate_pending_canonical_validation,5,HK0000515855,,,Y,Y,,Y,,,Y,3,HKD,,False,True,not_performed_v2_19n,not_performed_v2_19o,v2.19O,net_new_pending_expanded_rebuild,no_match_found,not_found_in_active_or_current_candidate,0,True,True,105,outputs\full_universe_source_acquisition\expanded_universe_candidate_hkex_v2_19p.csv,current_candidate_headers_preserved,03077.HK,HK0000515855
HKEX_03081,v2.19N,HKEX,Hong Kong,Hong Kong,HKEX,XHKG,hkex_repair_01_full_list_of_securities,outputs\full_universe_source_acquisition\raw\hkex_v2_19l_fix\01_full_list_of_securities.xlsx,ListOfSecurities,2109,03081,03081,03081.HK,03081.HK,03081.HK,VALUEGOLD ETF,Exchange Traded Products,Exchange Traded Funds,fund_or_etp,potential_candidate_pending_canonical_validation,100,HK0000071313,,,Y,Y,,Y,,,Y,5,HKD,83081,False,True,not_performed_v2_19n,not_performed_v2_19o,v2.19O,net_new_pending_expanded_rebuild,no_match_found,not_found_in_active_or_current_candidate,0,True,True,106,outputs\full_universe_source_acquisition\expanded_universe_candidate_hkex_v2_19p.csv,current_candidate_headers_preserved,03081.HK,HK0000071313
HKEX_03084,v2.19N,HKEX,Hong Kong,Hong Kong,HKEX,XHKG,hkex_repair_01_full_list_of_securities,outputs\full_universe_source_acquisition\raw\hkex_v2_19l_fix\01_full_list_of_securities.xlsx,ListOfSecurities,2110,03084,03084,03084.HK,03084.HK,03084.HK,A GX INDIA,Exchange Traded Products,Exchange Traded Funds,fund_or_etp,potential_candidate_pending_canonical_validation,50,HK0001025045,,,Y,Y,,Y,,,Y,5,HKD,,False,True,not_performed_v2_19n,not_performed_v2_19o,v2.19O,net_new_pending_expanded_rebuild,no_match_found,not_found_in_active_or_current_candidate,0,True,True,107,outputs\full_universe_source_acquisition\expanded_universe_candidate_hkex_v2_19p.csv,current_candidate_headers_preserved,03084.HK,HK0001025045
HKEX_03085,v2.19N,HKEX,Hong Kong,Hong Kong,HKEX,XHKG,hkex_repair_01_full_list_of_securities,outputs\full_universe_source_acquisition\raw\hkex_v2_19l_fix\01_full_list_of_securities.xlsx,ListOfSecurities,2111,03085,03085,03085.HK,03085.HK,03085.HK,PANDO ETH,Exchange Traded Products,Exchange Traded Funds,fund_or_etp,potential_candidate_pending_canonical_validation,100,HK0001226817,,,Y,Y,,Y,,,Y,5,HKD,,False,True,not_performed_v2_19n,not_performed_v2_19o,v2.19O,net_new_pending_expanded_rebuild,no_match_found,not_found_in_active_or_current_candidate,0,True,True,108,outputs\full_universe_source_acquisition\expanded_universe_candidate_hkex_v2_19p.csv,current_candidate_headers_preserved,03085.HK,HK0001226817
HKEX_03086,v2.19N,HKEX,Hong Kong,Hong Kong,HKEX,XHKG,hkex_repair_01_full_list_of_securities,outputs\full_universe_source_acquisition\raw\hkex_v2_19l_fix\01_full_list_of_securities.xlsx,ListOfSecurities,2112,03086,03086,03086.HK,03086.HK,03086.HK,CAM NASDAQ100,Exchange Traded Products,Exchange Traded Funds,fund_or_etp,potential_candidate_pending_canonical_validation,200,HK0000280989,,,Y,Y,,Y,,,Y,5,HKD,,False,True,not_performed_v2_19n,not_performed_v2_19o,v2.19O,net_new_pending_expanded_rebuild,no_match_found,not_found_in_active_or_current_candidate,0,True,True,109,outputs\full_universe_source_acquisition\expanded_universe_candidate_hkex_v2_19p.csv,current_candidate_headers_preserved,03086.HK,HK0000280989
HKEX_03087,v2.19N,HKEX,Hong Kong,Hong Kong,HKEX,XHKG,hkex_repair_01_full_list_of_securities,outputs\full_universe_source_acquisition\raw\hkex_v2_19l_fix\01_full_list_of_securities.xlsx,ListOfSecurities,2113,03087,03087,03087.HK,03087.HK,03087.HK,X TRVIET,Exchange Traded Products,Exchange Traded Funds,fund_or_etp,potential_candidate_pending_canonical_validation,10,LU0322252924,,,Y,Y,,Y,,,Y,5,HKD,,False,True,not_performed_v2_19n,not_performed_v2_19o,v2.19O,net_new_pending_expanded_rebuild,no_match_found,not_found_in_active_or_current_candidate,0,True,True,110,outputs\full_universe_source_acquisition\expanded_universe_candidate_hkex_v2_19p.csv,current_candidate_headers_preserved,03087.HK,LU0322252924
HKEX_03088,v2.19N,HKEX,Hong Kong,Hong Kong,HKEX,XHKG,hkex_repair_01_full_list_of_securities,outputs\full_universe_source_acquisition\raw\hkex_v2_19l_fix\01_full_list_of_securities.xlsx,ListOfSecurities,2114,03088,03088,03088.HK,03088.HK,03088.HK,CAM HS TECH,Exchange Traded Products,Exchange Traded Funds,fund_or_etp,potential_candidate_pending_canonical_validation,200,HK0000643327,,,Y,Y,,Y,,,Y,5,HKD,83088,False,True,not_performed_v2_19n,not_performed_v2_19o,v2.19O,net_new_pending_expanded_rebuild,no_match_found,not_found_in_active_or_current_candidate,0,True,True,111,outputs\full_universe_source_acquisition\expanded_universe_candidate_hkex_v2_19p.csv,current_candidate_headers_preserved,03088.HK,HK0000643327
HKEX_03096,v2.19N,HKEX,Hong Kong,Hong Kong,HKEX,XHKG,hkex_repair_01_full_list_of_securities,outputs\full_universe_source_acquisition\raw\hkex_v2_19l_fix\01_full_list_of_securities.xlsx,ListOfSecurities,2115,03096,03096,03096.HK,03096.HK,03096.HK,A CSOP USD MM,Exchange Traded Products,Exchange Traded Funds,fund_or_etp,potential_candidate_pending_canonical_validation,1,HK0000473303,,,Y,Y,,Y,,,Y,3,HKD,,False,True,not_performed_v2_19n,not_performed_v2_19o,v2.19O,net_new_pending_expanded_rebuild,no_match_found,not_found_in_active_or_current_candidate,0,True,True,112,outputs\full_universe_source_acquisition\expanded_universe_candidate_hkex_v2_19p.csv,current_candidate_headers_preserved,03096.HK,HK0000473303
HKEX_03097,v2.19N,HKEX,Hong Kong,Hong Kong,HKEX,XHKG,hkex_repair_01_full_list_of_securities,outputs\full_universe_source_acquisition\raw\hkex_v2_19l_fix\01_full_list_of_securities.xlsx,ListOfSecurities,2116,03097,03097,03097.HK,03097.HK,03097.HK,F GX OIL,Exchange Traded Products,Exchange Traded Funds,fund_or_etp,potential_candidate_pending_canonical_validation,100,HK0000296944,,,Y,Y,,Y,,,Y,5,HKD,,False,True,not_performed_v2_19n,not_performed_v2_19o,v2.19O,net_new_pending_expanded_rebuild,no_match_found,not_found_in_active_or_current_candidate,0,True,True,113,outputs\full_universe_source_acquisition\expanded_universe_candidate_hkex_v2_19p.csv,current_candidate_headers_preserved,03097.HK,HK0000296944
HKEX_03101,v2.19N,HKEX,Hong Kong,Hong Kong,HKEX,XHKG,hkex_repair_01_full_list_of_securities,outputs\full_universe_source_acquisition\raw\hkex_v2_19l_fix\01_full_list_of_securities.xlsx,ListOfSecurities,2117,03101,03101,03101.HK,03101.HK,03101.HK,CSOP A500,Exchange Traded Products,Exchange Traded Funds,fund_or_etp,potential_candidate_pending_canonical_validation,100,HK0001246823,,,Y,Y,,Y,,,Y,5,HKD,,False,True,not_performed_v2_19n,not_performed_v2_19o,v2.19O,net_new_pending_expanded_rebuild,no_match_found,not_found_in_active_or_current_candidate,0,True,True,114,outputs\full_universe_source_acquisition\expanded_universe_candidate_hkex_v2_19p.csv,current_candidate_headers_preserved,03101.HK,HK0001246823
HKEX_03102,v2.19N,HKEX,Hong Kong,Hong Kong,HKEX,XHKG,hkex_repair_01_full_list_of_securities,outputs\full_universe_source_acquisition\raw\hkex_v2_19l_fix\01_full_list_of_securities.xlsx,ListOfSecurities,2118,03102,03102,03102.HK,03102.HK,03102.HK,ICBCU KS KWEB,Exchange Traded Products,Exchange Traded Funds,fund_or_etp,potential_candidate_pending_canonical_validation,100,HK0001238192,,,Y,Y,,Y,,,Y,5,HKD,83102,False,True,not_performed_v2_19n,not_performed_v2_19o,v2.19O,net_new_pending_expanded_rebuild,no_match_found,not_found_in_active_or_current_candidate,0,True,True,115,outputs\full_universe_source_acquisition\expanded_universe_candidate_hkex_v2_19p.csv,current_candidate_headers_preserved,03102.HK,HK0001238192
HKEX_03104,v2.19N,HKEX,Hong Kong,Hong Kong,HKEX,XHKG,hkex_repair_01_full_list_of_securities,outputs\full_universe_source_acquisition\raw\hkex_v2_19l_fix\01_full_list_of_securities.xlsx,ListOfSecurities,2119,03104,03104,03104.HK,03104.HK,03104.HK,A GX EM ASIA,Exchange Traded Products,Exchange Traded Funds,fund_or_etp,potential_candidate_pending_canonical_validation,50,HK0001025029,,,Y,Y,,Y,,,Y,5,HKD,,False,True,not_performed_v2_19n,not_performed_v2_19o,v2.19O,net_new_pending_expanded_rebuild,no_match_found,not_found_in_active_or_current_candidate,0,True,True,116,outputs\full_universe_source_acquisition\expanded_universe_candidate_hkex_v2_19p.csv,current_candidate_headers_preserved,03104.HK,HK0001025029
HKEX_03108,v2.19N,HKEX,Hong Kong,Hong Kong,HKEX,XHKG,hkex_repair_01_full_list_of_securities,outputs\full_universe_source_acquisition\raw\hkex_v2_19l_fix\01_full_list_of_securities.xlsx,ListOfSecurities,2120,03108,03108,03108.HK,03108.HK,03108.HK,HGI ESGLEADER,Exchange Traded Products,Exchange Traded Funds,fund_or_etp,potential_candidate_pending_canonical_validation,100,HK0000701661,,,Y,Y,,Y,,,Y,5,HKD,83108,False,True,not_performed_v2_19n,not_performed_v2_19o,v2.19O,net_new_pending_expanded_rebuild,no_match_found,not_found_in_active_or_current_candidate,0,True,True,117,outputs\full_universe_source_acquisition\expanded_universe_candidate_hkex_v2_19p.csv,current_candidate_headers_preserved,03108.HK,HK0000701661
HKEX_03109,v2.19N,HKEX,Hong Kong,Hong Kong,HKEX,XHKG,hkex_repair_01_full_list_of_securities,outputs\full_universe_source_acquisition\raw\hkex_v2_19l_fix\01_full_list_of_securities.xlsx,ListOfSecurities,2121,03109,03109,03109.HK,03109.HK,03109.HK,CSOP STAR 50,Exchange Traded Products,Exchange Traded Funds,fund_or_etp,potential_candidate_pending_canonical_validation,100,HK0000702735,,,Y,Y,,Y,,,Y,5,HKD,,False,True,not_performed_v2_19n,not_performed_v2_19o,v2.19O,net_new_pending_expanded_rebuild,no_match_found,not_found_in_active_or_current_candidate,0,True,True,118,outputs\full_universe_source_acquisition\expanded_universe_candidate_hkex_v2_19p.csv,current_candidate_headers_preserved,03109.HK,HK0000702735
HKEX_03110,v2.19N,HKEX,Hong Kong,Hong Kong,HKEX,XHKG,hkex_repair_01_full_list_of_securities,outputs\full_universe_source_acquisition\raw\hkex_v2_19l_fix\01_full_list_of_securities.xlsx,ListOfSecurities,2122,03110,03110,03110.HK,03110.HK,03110.HK,GX HS HIGHDIV,Exchange Traded Products,Exchange Traded Funds,fund_or_etp,potential_candidate_pending_canonical_validation,50,HK0000151933,,,Y,Y,,Y,,,Y,5,HKD,83110,False,True,not_performed_v2_19n,not_performed_v2_19o,v2.19O,net_new_pending_expanded_rebuild,no_match_found,not_found_in_active_or_current_candidate,0,True,True,119,outputs\full_universe_source_acquisition\expanded_universe_candidate_hkex_v2_19p.csv,current_candidate_headers_preserved,03110.HK,HK0000151933
HKEX_03111,v2.19N,HKEX,Hong Kong,Hong Kong,HKEX,XHKG,hkex_repair_01_full_list_of_securities,outputs\full_universe_source_acquisition\raw\hkex_v2_19l_fix\01_full_list_of_securities.xlsx,ListOfSecurities,2123,03111,03111,03111.HK,03111.HK,03111.HK,EFUNDMSCIA50,Exchange Traded Products,Exchange Traded Funds,fund_or_etp,potential_candidate_pending_canonical_validation,100,HK0000806155,,,Y,Y,,Y,,,Y,5,HKD,83111,False,True,not_performed_v2_19n,not_performed_v2_19o,v2.19O,net_new_pending_expanded_rebuild,no_match_found,not_found_in_active_or_current_candidate,0,True,True,120,outputs\full_universe_source_acquisition\expanded_universe_candidate_hkex_v2_19p.csv,current_candidate_headers_preserved,03111.HK,HK0000806155
HKEX_03112,v2.19N,HKEX,Hong Kong,Hong Kong,HKEX,XHKG,hkex_repair_01_full_list_of_securities,outputs\full_universe_source_acquisition\raw\hkex_v2_19l_fix\01_full_list_of_securities.xlsx,ListOfSecurities,2124,03112,03112,03112.HK,03112.HK,03112.HK,A PANDO BLKC,Exchange Traded Products,Exchange Traded Funds,fund_or_etp,potential_candidate_pending_canonical_validation,100,HK0000897600,,,Y,Y,,Y,,,Y,5,HKD,,False,True,not_performed_v2_19n,not_performed_v2_19o,v2.19O,net_new_pending_expanded_rebuild,no_match_found,not_found_in_active_or_current_candidate,0,True,True,121,outputs\full_universe_source_acquisition\expanded_universe_candidate_hkex_v2_19p.csv,current_candidate_headers_preserved,03112.HK,HK0000897600
HKEX_03115,v2.19N,HKEX,Hong Kong,Hong Kong,HKEX,XHKG,hkex_repair_01_full_list_of_securities,outputs\full_universe_source_acquisition\raw\hkex_v2_19l_fix\01_full_list_of_securities.xlsx,ListOfSecurities,2125,03115,03115,03115.HK,03115.HK,03115.HK,ISHARESHSI,Exchange Traded Products,Exchange Traded Funds,fund_or_etp,potential_candidate_pending_canonical_validation,100,HK0000313426,,,Y,Y,,Y,,,Y,5,HKD,83115,False,True,not_performed_v2_19n,not_performed_v2_19o,v2.19O,net_new_pending_expanded_rebuild,no_match_found,not_found_in_active_or_current_candidate,0,True,True,122,outputs\full_universe_source_acquisition\expanded_universe_candidate_hkex_v2_19p.csv,current_candidate_headers_preserved,03115.HK,HK0000313426
HKEX_03116,v2.19N,HKEX,Hong Kong,Hong Kong,HKEX,XHKG,hkex_repair_01_full_list_of_securities,outputs\full_universe_source_acquisition\raw\hkex_v2_19l_fix\01_full_list_of_securities.xlsx,ListOfSecurities,2126,03116,03116,03116.HK,03116.HK,03116.HK,GX AP HIGH DIV,Exchange Traded Products,Exchange Traded Funds,fund_or_etp,potential_candidate_pending_canonical_validation,25,HK0000866985,,,Y,Y,,Y,,,Y,5,HKD,,False,True,not_performed_v2_19n,not_performed_v2_19o,v2.19O,net_new_pending_expanded_rebuild,no_match_found,not_found_in_active_or_current_candidate,0,True,True,123,outputs\full_universe_source_acquisition\expanded_universe_candidate_hkex_v2_19p.csv,current_candidate_headers_preserved,03116.HK,HK0000866985
HKEX_03118,v2.19N,HKEX,Hong Kong,Hong Kong,HKEX,XHKG,hkex_repair_01_full_list_of_securities,outputs\full_universe_source_acquisition\raw\hkex_v2_19l_fix\01_full_list_of_securities.xlsx,ListOfSecurities,2127,03118,03118,03118.HK,03118.HK,03118.HK,HGI MSCI CN A,Exchange Traded Products,Exchange Traded Funds,fund_or_etp,potential_candidate_pending_canonical_validation,100,HK0000125598,,,Y,Y,,Y,,,Y,5,HKD,83118,False,True,not_performed_v2_19n,not_performed_v2_19o,v2.19O,net_new_pending_expanded_rebuild,no_match_found,not_found_in_active_or_current_candidate,0,True,True,124,outputs\full_universe_source_acquisition\expanded_universe_candidate_hkex_v2_19p.csv,current_candidate_headers_preserved,03118.HK,HK0000125598
HKEX_03119,v2.19N,HKEX,Hong Kong,Hong Kong,HKEX,XHKG,hkex_repair_01_full_list_of_securities,outputs\full_universe_source_acquisition\raw\hkex_v2_19l_fix\01_full_list_of_securities.xlsx,ListOfSecurities,2128,03119,03119,03119.HK,03119.HK,03119.HK,GX ASIA SEMICON,Exchange Traded Products,Exchange Traded Funds,fund_or_etp,potential_candidate_pending_canonical_validation,25,HK0000756236,,,Y,Y,,Y,,,Y,5,HKD,,False,True,not_performed_v2_19n,not_performed_v2_19o,v2.19O,net_new_pending_expanded_rebuild,no_match_found,not_found_in_active_or_current_candidate,0,True,True,125,outputs\full_universe_source_acquisition\expanded_universe_candidate_hkex_v2_19p.csv,current_candidate_headers_preserved,03119.HK,HK0000756236
HKEX_03121,v2.19N,HKEX,Hong Kong,Hong Kong,HKEX,XHKG,hkex_repair_01_full_list_of_securities,outputs\full_universe_source_acquisition\raw\hkex_v2_19l_fix\01_full_list_of_securities.xlsx,ListOfSecurities,2129,03121,03121,03121.HK,03121.HK,03121.HK,CSOP KOSPI,Exchange Traded Products,Exchange Traded Funds,fund_or_etp,potential_candidate_pending_canonical_validation,100,HK0001309035,,,Y,Y,,Y,,,Y,5,HKD,,False,True,not_performed_v2_19n,not_performed_v2_19o,v2.19O,net_new_pending_expanded_rebuild,no_match_found,not_found_in_active_or_current_candidate,0,True,True,126,outputs\full_universe_source_acquisition\expanded_universe_candidate_hkex_v2_19p.csv,current_candidate_headers_preserved,03121.HK,HK0001309035
HKEX_03122,v2.19N,HKEX,Hong Kong,Hong Kong,HKEX,XHKG,hkex_repair_01_full_list_of_securities,outputs\full_universe_source_acquisition\raw\hkex_v2_19l_fix\01_full_list_of_securities.xlsx,ListOfSecurities,2130,03122,03122,03122.HK,03122.HK,03122.HK,A CSOP RMB MM,Exchange Traded Products,Exchange Traded Funds,fund_or_etp,potential_candidate_pending_canonical_validation,10,HK0000226149,,,Y,Y,,Y,,,Y,3,HKD,83122,False,True,not_performed_v2_19n,not_performed_v2_19o,v2.19O,net_new_pending_expanded_rebuild,no_match_found,not_found_in_active_or_current_candidate,0,True,True,127,outputs\full_universe_source_acquisition\expanded_universe_candidate_hkex_v2_19p.csv,current_candidate_headers_preserved,03122.HK,HK0000226149
HKEX_03128,v2.19N,HKEX,Hong Kong,Hong Kong,HKEX,XHKG,hkex_repair_01_full_list_of_securities,outputs\full_universe_source_acquisition\raw\hkex_v2_19l_fix\01_full_list_of_securities.xlsx,ListOfSecurities,2131,03128,03128,03128.HK,03128.HK,03128.HK,HS AINDTOPETF,Exchange Traded Products,Exchange Traded Funds,fund_or_etp,potential_candidate_pending_canonical_validation,100,HK0000159977,,,Y,Y,,Y,,,Y,5,HKD,83128,False,True,not_performed_v2_19n,not_performed_v2_19o,v2.19O,net_new_pending_expanded_rebuild,no_match_found,not_found_in_active_or_current_candidate,0,True,True,128,outputs\full_universe_source_acquisition\expanded_universe_candidate_hkex_v2_19p.csv,current_candidate_headers_preserved,03128.HK,HK0000159977
HKEX_03129,v2.19N,HKEX,Hong Kong,Hong Kong,HKEX,XHKG,hkex_repair_01_full_list_of_securities,outputs\full_universe_source_acquisition\raw\hkex_v2_19l_fix\01_full_list_of_securities.xlsx,ListOfSecurities,2132,03129,03129,03129.HK,03129.HK,03129.HK,BOCGBACLIMATE,Exchange Traded Products,Exchange Traded Funds,fund_or_etp,potential_candidate_pending_canonical_validation,100,HK0000919909,,,Y,Y,,Y,,,Y,5,HKD,83129,False,True,not_performed_v2_19n,not_performed_v2_19o,v2.19O,net_new_pending_expanded_rebuild,no_match_found,not_found_in_active_or_current_candidate,0,True,True,129,outputs\full_universe_source_acquisition\expanded_universe_candidate_hkex_v2_19p.csv,current_candidate_headers_preserved,03129.HK,HK0000919909
HKEX_03132,v2.19N,HKEX,Hong Kong,Hong Kong,HKEX,XHKG,hkex_repair_01_full_list_of_securities,outputs\full_universe_source_acquisition\raw\hkex_v2_19l_fix\01_full_list_of_securities.xlsx,ListOfSecurities,2133,03132,03132,03132.HK,03132.HK,03132.HK,SAMSUNG SEMICON,Exchange Traded Products,Exchange Traded Funds,fund_or_etp,potential_candidate_pending_canonical_validation,100,HK0000792413,,,Y,Y,,Y,,,Y,5,HKD,,False,True,not_performed_v2_19n,not_performed_v2_19o,v2.19O,net_new_pending_expanded_rebuild,no_match_found,not_found_in_active_or_current_candidate,0,True,True,130,outputs\full_universe_source_acquisition\expanded_universe_candidate_hkex_v2_19p.csv,current_candidate_headers_preserved,03132.HK,HK0000792413
HKEX_03133,v2.19N,HKEX,Hong Kong,Hong Kong,HKEX,XHKG,hkex_repair_01_full_list_of_securities,outputs\full_universe_source_acquisition\raw\hkex_v2_19l_fix\01_full_list_of_securities.xlsx,ListOfSecurities,2134,03133,03133,03133.HK,03133.HK,03133.HK,CSOP CSI300,Exchange Traded Products,Exchange Traded Funds,fund_or_etp,potential_candidate_pending_canonical_validation,100,HK0001005203,,,Y,Y,,Y,,,Y,5,HKD,,False,True,not_performed_v2_19n,not_performed_v2_19o,v2.19O,net_new_pending_expanded_rebuild,no_match_found,not_found_in_active_or_current_candidate,0,True,True,131,outputs\full_universe_source_acquisition\expanded_universe_candidate_hkex_v2_19p.csv,current_candidate_headers_preserved,03133.HK,HK0001005203
HKEX_03134,v2.19N,HKEX,Hong Kong,Hong Kong,HKEX,XHKG,hkex_repair_01_full_list_of_securities,outputs\full_universe_source_acquisition\raw\hkex_v2_19l_fix\01_full_list_of_securities.xlsx,ListOfSecurities,2135,03134,03134,03134.HK,03134.HK,03134.HK,CSOP CSI PV,Exchange Traded Products,Exchange Traded Funds,fund_or_etp,potential_candidate_pending_canonical_validation,100,HK0000736774,,,Y,Y,,Y,,,Y,5,HKD,,False,True,not_performed_v2_19n,not_performed_v2_19o,v2.19O,net_new_pending_expanded_rebuild,no_match_found,not_found_in_active_or_current_candidate,0,True,True,132,outputs\full_universe_source_acquisition\expanded_universe_candidate_hkex_v2_19p.csv,current_candidate_headers_preserved,03134.HK,HK0000736774
HKEX_03135,v2.19N,HKEX,Hong Kong,Hong Kong,HKEX,XHKG,hkex_repair_01_full_list_of_securities,outputs\full_universe_source_acquisition\raw\hkex_v2_19l_fix\01_full_list_of_securities.xlsx,ListOfSecurities,2136,03135,03135,03135.HK,03135.HK,03135.HK,FA SAMSUNG BTC,Exchange Traded Products,Exchange Traded Funds,fund_or_etp,potential_candidate_pending_canonical_validation,50,HK0000902855,,,Y,Y,,Y,,,Y,5,HKD,,False,True,not_performed_v2_19n,not_performed_v2_19o,v2.19O,net_new_pending_expanded_rebuild,no_match_found,not_found_in_active_or_current_candidate,0,True,True,133,outputs\full_universe_source_acquisition\expanded_universe_candidate_hkex_v2_19p.csv,current_candidate_headers_preserved,03135.HK,HK0000902855
HKEX_03136,v2.19N,HKEX,Hong Kong,Hong Kong,HKEX,XHKG,hkex_repair_01_full_list_of_securities,outputs\full_universe_source_acquisition\raw\hkex_v2_19l_fix\01_full_list_of_securities.xlsx,ListOfSecurities,2137,03136,03136,03136.HK,03136.HK,03136.HK,HSI ESG ETF,Exchange Traded Products,Exchange Traded Funds,fund_or_etp,potential_candidate_pending_canonical_validation,100,HK0000822509,,,Y,Y,,Y,,,Y,5,HKD,,False,True,not_performed_v2_19n,not_performed_v2_19o,v2.19O,net_new_pending_expanded_rebuild,no_match_found,not_found_in_active_or_current_candidate,0,True,True,134,outputs\full_universe_source_acquisition\expanded_universe_candidate_hkex_v2_19p.csv,current_candidate_headers_preserved,03136.HK,HK0000822509
HKEX_03137,v2.19N,HKEX,Hong Kong,Hong Kong,HKEX,XHKG,hkex_repair_01_full_list_of_securities,outputs\full_universe_source_acquisition\raw\hkex_v2_19l_fix\01_full_list_of_securities.xlsx,ListOfSecurities,2138,03137,03137,03137.HK,03137.HK,03137.HK,A GX USD MM,Exchange Traded Products,Exchange Traded Funds,fund_or_etp,potential_candidate_pending_canonical_validation,1,HK0000921236,,,Y,Y,,Y,,,Y,3,HKD,,False,True,not_performed_v2_19n,not_performed_v2_19o,v2.19O,net_new_pending_expanded_rebuild,no_match_found,not_found_in_active_or_current_candidate,0,True,True,135,outputs\full_universe_source_acquisition\expanded_universe_candidate_hkex_v2_19p.csv,current_candidate_headers_preserved,03137.HK,HK0000921236
HKEX_03139,v2.19N,HKEX,Hong Kong,Hong Kong,HKEX,XHKG,hkex_repair_01_full_list_of_securities,outputs\full_universe_source_acquisition\raw\hkex_v2_19l_fix\01_full_list_of_securities.xlsx,ListOfSecurities,2139,03139,03139,03139.HK,03139.HK,03139.HK,A GX EV ROBOT,Exchange Traded Products,Exchange Traded Funds,fund_or_etp,potential_candidate_pending_canonical_validation,50,HK0000838257,,,Y,Y,,Y,,,Y,5,HKD,,False,True,not_performed_v2_19n,not_performed_v2_19o,v2.19O,net_new_pending_expanded_rebuild,no_match_found,not_found_in_active_or_current_candidate,0,True,True,136,outputs\full_universe_source_acquisition\expanded_universe_candidate_hkex_v2_19p.csv,current_candidate_headers_preserved,03139.HK,HK0000838257
HKEX_03140,v2.19N,HKEX,Hong Kong,Hong Kong,HKEX,XHKG,hkex_repair_01_full_list_of_securities,outputs\full_universe_source_acquisition\raw\hkex_v2_19l_fix\01_full_list_of_securities.xlsx,ListOfSecurities,2140,03140,03140,03140.HK,03140.HK,03140.HK,CAM HKUS AI,Exchange Traded Products,Exchange Traded Funds,fund_or_etp,potential_candidate_pending_canonical_validation,100,HK0001233946,,,Y,Y,,Y,,,Y,5,HKD,83140,False,True,not_performed_v2_19n,not_performed_v2_19o,v2.19O,net_new_pending_expanded_rebuild,no_match_found,not_found_in_active_or_current_candidate,0,True,True,137,outputs\full_universe_source_acquisition\expanded_universe_candidate_hkex_v2_19p.csv,current_candidate_headers_preserved,03140.HK,HK0001233946
HKEX_03141,v2.19N,HKEX,Hong Kong,Hong Kong,HKEX,XHKG,hkex_repair_01_full_list_of_securities,outputs\full_universe_source_acquisition\raw\hkex_v2_19l_fix\01_full_list_of_securities.xlsx,ListOfSecurities,2141,03141,03141,03141.HK,03141.HK,03141.HK,CAM ASIA IGB,Exchange Traded Products,Exchange Traded Funds,fund_or_etp,potential_candidate_pending_canonical_validation,200,HK0000221389,,,Y,Y,,Y,,,Y,5,HKD,,False,True,not_performed_v2_19n,not_performed_v2_19o,v2.19O,net_new_pending_expanded_rebuild,no_match_found,not_found_in_active_or_current_candidate,0,True,True,138,outputs\full_universe_source_acquisition\expanded_universe_candidate_hkex_v2_19p.csv,current_candidate_headers_preserved,03141.HK,HK0000221389
HKEX_03145,v2.19N,HKEX,Hong Kong,Hong Kong,HKEX,XHKG,hkex_repair_01_full_list_of_securities,outputs\full_universe_source_acquisition\raw\hkex_v2_19l_fix\01_full_list_of_securities.xlsx,ListOfSecurities,2142,03145,03145,03145.HK,03145.HK,03145.HK,CAM ASIA HIGHDV,Exchange Traded Products,Exchange Traded Funds,fund_or_etp,potential_candidate_pending_canonical_validation,200,HK0000221405,,,Y,Y,,Y,,,Y,5,HKD,,False,True,not_performed_v2_19n,not_performed_v2_19o,v2.19O,net_new_pending_expanded_rebuild,no_match_found,not_found_in_active_or_current_candidate,0,True,True,139,outputs\full_universe_source_acquisition\expanded_universe_candidate_hkex_v2_19p.csv,current_candidate_headers_preserved,03145.HK,HK0000221405
HKEX_03146,v2.19N,HKEX,Hong Kong,Hong Kong,HKEX,XHKG,hkex_repair_01_full_list_of_securities,outputs\full_universe_source_acquisition\raw\hkex_v2_19l_fix\01_full_list_of_securities.xlsx,ListOfSecurities,2143,03146,03146,03146.HK,03146.HK,03146.HK,CAM 20 UST,Exchange Traded Products,Exchange Traded Funds,fund_or_etp,potential_candidate_pending_canonical_validation,1,HK0001006771,,,Y,Y,,Y,,,Y,3,HKD,83146,False,True,not_performed_v2_19n,not_performed_v2_19o,v2.19O,net_new_pending_expanded_rebuild,no_match_found,not_found_in_active_or_current_candidate,0,True,True,140,outputs\full_universe_source_acquisition\expanded_universe_candidate_hkex_v2_19p.csv,current_candidate_headers_preserved,03146.HK,HK0001006771
HKEX_03147,v2.19N,HKEX,Hong Kong,Hong Kong,HKEX,XHKG,hkex_repair_01_full_list_of_securities,outputs\full_universe_source_acquisition\raw\hkex_v2_19l_fix\01_full_list_of_securities.xlsx,ListOfSecurities,2144,03147,03147,03147.HK,03147.HK,03147.HK,X CSOPCHINEXT,Exchange Traded Products,Exchange Traded Funds,fund_or_etp,potential_candidate_pending_canonical_validation,200,HK0000248234,,,Y,Y,,Y,,,Y,5,HKD,83147,False,True,not_performed_v2_19n,not_performed_v2_19o,v2.19O,net_new_pending_expanded_rebuild,no_match_found,not_found_in_active_or_current_candidate,0,True,True,141,outputs\full_universe_source_acquisition\expanded_universe_candidate_hkex_v2_19p.csv,current_candidate_headers_preserved,03147.HK,HK0000248234
HKEX_03150,v2.19N,HKEX,Hong Kong,Hong Kong,HKEX,XHKG,hkex_repair_01_full_list_of_securities,outputs\full_universe_source_acquisition\raw\hkex_v2_19l_fix\01_full_list_of_securities.xlsx,ListOfSecurities,2145,03150,03150,03150.HK,03150.HK,03150.HK,GX JP GL LEADER,Exchange Traded Products,Exchange Traded Funds,fund_or_etp,potential_candidate_pending_canonical_validation,50,HK0000962941,,,Y,Y,,Y,,,Y,5,HKD,,False,True,not_performed_v2_19n,not_performed_v2_19o,v2.19O,net_new_pending_expanded_rebuild,no_match_found,not_found_in_active_or_current_candidate,0,True,True,142,outputs\full_universe_source_acquisition\expanded_universe_candidate_hkex_v2_19p.csv,current_candidate_headers_preserved,03150.HK,HK0000962941
HKEX_03151,v2.19N,HKEX,Hong Kong,Hong Kong,HKEX,XHKG,hkex_repair_01_full_list_of_securities,outputs\full_universe_source_acquisition\raw\hkex_v2_19l_fix\01_full_list_of_securities.xlsx,ListOfSecurities,2146,03151,03151,03151.HK,03151.HK,03151.HK,PREMIA STAR50,Exchange Traded Products,Exchange Traded Funds,fund_or_etp,potential_candidate_pending_canonical_validation,200,HK0000761400,,,Y,Y,,Y,,,Y,5,HKD,83151,False,True,not_performed_v2_19n,not_performed_v2_19o,v2.19O,net_new_pending_expanded_rebuild,no_match_found,not_found_in_active_or_current_candidate,0,True,True,143,outputs\full_universe_source_acquisition\expanded_universe_candidate_hkex_v2_19p.csv,current_candidate_headers_preserved,03151.HK,HK0000761400
HKEX_03152,v2.19N,HKEX,Hong Kong,Hong Kong,HKEX,XHKG,hkex_repair_01_full_list_of_securities,outputs\full_universe_source_acquisition\raw\hkex_v2_19l_fix\01_full_list_of_securities.xlsx,ListOfSecurities,2147,03152,03152,03152.HK,03152.HK,03152.HK,A BOS HKD MM,Exchange Traded Products,Exchange Traded Funds,fund_or_etp,potential_candidate_pending_canonical_validation,1,HK0000962917,,,Y,Y,,Y,,,Y,3,HKD,,False,True,not_performed_v2_19n,not_performed_v2_19o,v2.19O,net_new_pending_expanded_rebuild,no_match_found,not_found_in_active_or_current_candidate,0,True,True,144,outputs\full_universe_source_acquisition\expanded_universe_candidate_hkex_v2_19p.csv,current_candidate_headers_preserved,03152.HK,HK0000962917
HKEX_03153,v2.19N,HKEX,Hong Kong,Hong Kong,HKEX,XHKG,hkex_repair_01_full_list_of_securities,outputs\full_universe_source_acquisition\raw\hkex_v2_19l_fix\01_full_list_of_securities.xlsx,ListOfSecurities,2148,03153,03153,03153.HK,03153.HK,03153.HK,CSOP NIKKEI225,Exchange Traded Products,Exchange Traded Funds,fund_or_etp,potential_candidate_pending_canonical_validation,10,HK0000986254,,,Y,Y,,Y,,,Y,5,HKD,,False,True,not_performed_v2_19n,not_performed_v2_19o,v2.19O,net_new_pending_expanded_rebuild,no_match_found,not_found_in_active_or_current_candidate,0,True,True,145,outputs\full_universe_source_acquisition\expanded_universe_candidate_hkex_v2_19p.csv,current_candidate_headers_preserved,03153.HK,HK0000986254
HKEX_03156,v2.19N,HKEX,Hong Kong,Hong Kong,HKEX,XHKG,hkex_repair_01_full_list_of_securities,outputs\full_universe_source_acquisition\raw\hkex_v2_19l_fix\01_full_list_of_securities.xlsx,ListOfSecurities,2149,03156,03156,03156.HK,03156.HK,03156.HK,BOS 20 UST,Exchange Traded Products,Exchange Traded Funds,fund_or_etp,potential_candidate_pending_canonical_validation,1,HK0000988698,,,Y,Y,,Y,,,Y,5,HKD,,False,True,not_performed_v2_19n,not_performed_v2_19o,v2.19O,net_new_pending_expanded_rebuild,no_match_found,not_found_in_active_or_current_candidate,0,True,True,146,outputs\full_universe_source_acquisition\expanded_universe_candidate_hkex_v2_19p.csv,current_candidate_headers_preserved,03156.HK,HK0000988698
HKEX_03158,v2.19N,HKEX,Hong Kong,Hong Kong,HKEX,XHKG,hkex_repair_01_full_list_of_securities,outputs\full_universe_source_acquisition\raw\hkex_v2_19l_fix\01_full_list_of_securities.xlsx,ListOfSecurities,2150,03158,03158,03158.HK,03158.HK,03158.HK,GX KPOP CULTURE,Exchange Traded Products,Exchange Traded Funds,fund_or_etp,potential_candidate_pending_canonical_validation,50,HK0000978947,,,Y,Y,,Y,,,Y,5,HKD,,False,True,not_performed_v2_19n,not_performed_v2_19o,v2.19O,net_new_pending_expanded_rebuild,no_match_found,not_found_in_active_or_current_candidate,0,True,True,147,outputs\full_universe_source_acquisition\expanded_universe_candidate_hkex_v2_19p.csv,current_candidate_headers_preserved,03158.HK,HK0000978947
HKEX_03160,v2.19N,HKEX,Hong Kong,Hong Kong,HKEX,XHKG,hkex_repair_01_full_list_of_securities,outputs\full_universe_source_acquisition\raw\hkex_v2_19l_fix\01_full_list_of_securities.xlsx,ListOfSecurities,2151,03160,03160,03160.HK,03160.HK,03160.HK,CAM JAPAN HDG,Exchange Traded Products,Exchange Traded Funds,fund_or_etp,potential_candidate_pending_canonical_validation,200,HK0000280997,,,Y,Y,,Y,,,Y,5,HKD,,False,True,not_performed_v2_19n,not_performed_v2_19o,v2.19O,net_new_pending_expanded_rebuild,no_match_found,not_found_in_active_or_current_candidate,0,True,True,148,outputs\full_universe_source_acquisition\expanded_universe_candidate_hkex_v2_19p.csv,current_candidate_headers_preserved,03160.HK,HK0000280997
HKEX_03161,v2.19N,HKEX,Hong Kong,Hong Kong,HKEX,XHKG,hkex_repair_01_full_list_of_securities,outputs\full_universe_source_acquisition\raw\hkex_v2_19l_fix\01_full_list_of_securities.xlsx,ListOfSecurities,2152,03161,03161,03161.HK,03161.HK,03161.HK,A CAM RMB MM,Exchange Traded Products,Exchange Traded Funds,fund_or_etp,potential_candidate_pending_canonical_validation,1,HK0000921822,,,Y,Y,,Y,,,Y,3,HKD,83161,False,True,not_performed_v2_19n,not_performed_v2_19o,v2.19O,net_new_pending_expanded_rebuild,no_match_found,not_found_in_active_or_current_candidate,0,True,True,149,outputs\full_universe_source_acquisition\expanded_universe_candidate_hkex_v2_19p.csv,current_candidate_headers_preserved,03161.HK,HK0000921822
HKEX_03165,v2.19N,HKEX,Hong Kong,Hong Kong,HKEX,XHKG,hkex_repair_01_full_list_of_securities,outputs\full_universe_source_acquisition\raw\hkex_v2_19l_fix\01_full_list_of_securities.xlsx,ListOfSecurities,2153,03165,03165,03165.HK,03165.HK,03165.HK,CAM EU QLTY HDG,Exchange Traded Products,Exchange Traded Funds,fund_or_etp,potential_candidate_pending_canonical_validation,200,HK0000281003,,,Y,Y,,Y,,,Y,5,HKD,,False,True,not_performed_v2_19n,not_performed_v2_19o,v2.19O,net_new_pending_expanded_rebuild,no_match_found,not_found_in_active_or_current_candidate,0,True,True,150,outputs\full_universe_source_acquisition\expanded_universe_candidate_hkex_v2_19p.csv,current_candidate_headers_preserved,03165.HK,HK0000281003
HKEX_03167,v2.19N,HKEX,Hong Kong,Hong Kong,HKEX,XHKG,hkex_repair_01_full_list_of_securities,outputs\full_universe_source_acquisition\raw\hkex_v2_19l_fix\01_full_list_of_securities.xlsx,ListOfSecurities,2154,03167,03167,03167.HK,03167.HK,03167.HK,ICBCCSOPCHINA,Exchange Traded Products,Exchange Traded Funds,fund_or_etp,potential_candidate_pending_canonical_validation,50,HK0000316767,,,Y,Y,,Y,,,Y,5,HKD,83167,False,True,not_performed_v2_19n,not_performed_v2_19o,v2.19O,net_new_pending_expanded_rebuild,no_match_found,not_found_in_active_or_current_candidate,0,True,True,151,outputs\full_universe_source_acquisition\expanded_universe_candidate_hkex_v2_19p.csv,current_candidate_headers_preserved,03167.HK,HK0000316767
HKEX_03169,v2.19N,HKEX,Hong Kong,Hong Kong,HKEX,XHKG,hkex_repair_01_full_list_of_securities,outputs\full_universe_source_acquisition\raw\hkex_v2_19l_fix\01_full_list_of_securities.xlsx,ListOfSecurities,2155,03169,03169,03169.HK,03169.HK,03169.HK,HGI G2 TECH 50,Exchange Traded Products,Exchange Traded Funds,fund_or_etp,potential_candidate_pending_canonical_validation,100,HK0001267233,,,Y,Y,,Y,,,Y,5,HKD,,False,True,not_performed_v2_19n,not_performed_v2_19o,v2.19O,net_new_pending_expanded_rebuild,no_match_found,not_found_in_active_or_current_candidate,0,True,True,152,outputs\full_universe_source_acquisition\expanded_universe_candidate_hkex_v2_19p.csv,current_candidate_headers_preserved,03169.HK,HK0001267233
HKEX_03170,v2.19N,HKEX,Hong Kong,Hong Kong,HKEX,XHKG,hkex_repair_01_full_list_of_securities,outputs\full_universe_source_acquisition\raw\hkex_v2_19l_fix\01_full_list_of_securities.xlsx,ListOfSecurities,2156,03170,03170,03170.HK,03170.HK,03170.HK,HS GOLD ETF,Exchange Traded Products,Exchange Traded Funds,fund_or_etp,potential_candidate_pending_canonical_validation,50,HK0001232583,,,Y,Y,,Y,,,Y,5,HKD,,False,True,not_performed_v2_19n,not_performed_v2_19o,v2.19O,net_new_pending_expanded_rebuild,no_match_found,not_found_in_active_or_current_candidate,0,True,True,153,outputs\full_universe_source_acquisition\expanded_universe_candidate_hkex_v2_19p.csv,current_candidate_headers_preserved,03170.HK,HK0001232583
HKEX_03171,v2.19N,HKEX,Hong Kong,Hong Kong,HKEX,XHKG,hkex_repair_01_full_list_of_securities,outputs\full_universe_source_acquisition\raw\hkex_v2_19l_fix\01_full_list_of_securities.xlsx,ListOfSecurities,2157,03171,03171,03171.HK,03171.HK,03171.HK,A SS BLOCKCHAIN,Exchange Traded Products,Exchange Traded Funds,fund_or_etp,potential_candidate_pending_canonical_validation,50,HK0000859063,,,Y,Y,,Y,,,Y,5,HKD,,False,True,not_performed_v2_19n,not_performed_v2_19o,v2.19O,net_new_pending_expanded_rebuild,no_match_found,not_found_in_active_or_current_candidate,0,True,True,154,outputs\full_universe_source_acquisition\expanded_universe_candidate_hkex_v2_19p.csv,current_candidate_headers_preserved,03171.HK,HK0000859063
HKEX_03173,v2.19N,HKEX,Hong Kong,Hong Kong,HKEX,XHKG,hkex_repair_01_full_list_of_securities,outputs\full_universe_source_acquisition\raw\hkex_v2_19l_fix\01_full_list_of_securities.xlsx,ListOfSecurities,2158,03173,03173,03173.HK,03173.HK,03173.HK,PP CN NEWECON,Exchange Traded Products,Exchange Traded Funds,fund_or_etp,potential_candidate_pending_canonical_validation,250,HK0000366184,,,Y,Y,,Y,,,Y,5,HKD,,False,True,not_performed_v2_19n,not_performed_v2_19o,v2.19O,net_new_pending_expanded_rebuild,no_match_found,not_found_in_active_or_current_candidate,0,True,True,155,outputs\full_universe_source_acquisition\expanded_universe_candidate_hkex_v2_19p.csv,current_candidate_headers_preserved,03173.HK,HK0000366184
HKEX_03174,v2.19N,HKEX,Hong Kong,Hong Kong,HKEX,XHKG,hkex_repair_01_full_list_of_securities,outputs\full_universe_source_acquisition\raw\hkex_v2_19l_fix\01_full_list_of_securities.xlsx,ListOfSecurities,2159,03174,03174,03174.HK,03174.HK,03174.HK,CSOP HSBIOTECH,Exchange Traded Products,Exchange Traded Funds,fund_or_etp,potential_candidate_pending_canonical_validation,100,HK0000756202,,,Y,Y,,Y,,,Y,5,HKD,,False,True,not_performed_v2_19n,not_performed_v2_19o,v2.19O,net_new_pending_expanded_rebuild,no_match_found,not_found_in_active_or_current_candidate,0,True,True,156,outputs\full_universe_source_acquisition\expanded_universe_candidate_hkex_v2_19p.csv,current_candidate_headers_preserved,03174.HK,HK0000756202
HKEX_03175,v2.19N,HKEX,Hong Kong,Hong Kong,HKEX,XHKG,hkex_repair_01_full_list_of_securities,outputs\full_universe_source_acquisition\raw\hkex_v2_19l_fix\01_full_list_of_securities.xlsx,ListOfSecurities,2160,03175,03175,03175.HK,03175.HK,03175.HK,F SAMSUNG OIL,Exchange Traded Products,Exchange Traded Funds,fund_or_etp,potential_candidate_pending_canonical_validation,200,HK0000291432,,,Y,Y,,Y,,,Y,5,HKD,,False,True,not_performed_v2_19n,not_performed_v2_19o,v2.19O,net_new_pending_expanded_rebuild,no_match_found,not_found_in_active_or_current_candidate,0,True,True,157,outputs\full_universe_source_acquisition\expanded_universe_candidate_hkex_v2_19p.csv,current_candidate_headers_preserved,03175.HK,HK0000291432
HKEX_03176,v2.19N,HKEX,Hong Kong,Hong Kong,HKEX,XHKG,hkex_repair_01_full_list_of_securities,outputs\full_universe_source_acquisition\raw\hkex_v2_19l_fix\01_full_list_of_securities.xlsx,ListOfSecurities,2161,03176,03176,03176.HK,03176.HK,03176.HK,A TK USD MM,Exchange Traded Products,Exchange Traded Funds,fund_or_etp,potential_candidate_pending_canonical_validation,1,HK0001243804,,,Y,Y,,Y,,,Y,5,HKD,,False,True,not_performed_v2_19n,not_performed_v2_19o,v2.19O,net_new_pending_expanded_rebuild,no_match_found,not_found_in_active_or_current_candidate,0,True,True,158,outputs\full_universe_source_acquisition\expanded_universe_candidate_hkex_v2_19p.csv,current_candidate_headers_preserved,03176.HK,HK0001243804
HKEX_03179,v2.19N,HKEX,Hong Kong,Hong Kong,HKEX,XHKG,hkex_repair_01_full_list_of_securities,outputs\full_universe_source_acquisition\raw\hkex_v2_19l_fix\01_full_list_of_securities.xlsx,ListOfSecurities,2162,03179,03179,03179.HK,03179.HK,03179.HK,HGI ETH,Exchange Traded Products,Exchange Traded Funds,fund_or_etp,potential_candidate_pending_canonical_validation,100,HK0001014213,,,Y,Y,,Y,,,Y,5,HKD,,False,True,not_performed_v2_19n,not_performed_v2_19o,v2.19O,net_new_pending_expanded_rebuild,no_match_found,not_found_in_active_or_current_candidate,0,True,True,159,outputs\full_universe_source_acquisition\expanded_universe_candidate_hkex_v2_19p.csv,current_candidate_headers_preserved,03179.HK,HK0001014213
HKEX_03181,v2.19N,HKEX,Hong Kong,Hong Kong,HKEX,XHKG,hkex_repair_01_full_list_of_securities,outputs\full_universe_source_acquisition\raw\hkex_v2_19l_fix\01_full_list_of_securities.xlsx,ListOfSecurities,2163,03181,03181,03181.HK,03181.HK,03181.HK,PREMIAASIATEC,Exchange Traded Products,Exchange Traded Funds,fund_or_etp,potential_candidate_pending_canonical_validation,50,HK0000433398,,,Y,Y,,Y,,,Y,5,HKD,,False,True,not_performed_v2_19n,not_performed_v2_19o,v2.19O,net_new_pending_expanded_rebuild,no_match_found,not_found_in_active_or_current_candidate,0,True,True,160,outputs\full_universe_source_acquisition\expanded_universe_candidate_hkex_v2_19p.csv,current_candidate_headers_preserved,03181.HK,HK0000433398
HKEX_03182,v2.19N,HKEX,Hong Kong,Hong Kong,HKEX,XHKG,hkex_repair_01_full_list_of_securities,outputs\full_universe_source_acquisition\raw\hkex_v2_19l_fix\01_full_list_of_securities.xlsx,ListOfSecurities,2164,03182,03182,03182.HK,03182.HK,03182.HK,WISE NEWECONESG,Exchange Traded Products,Exchange Traded Funds,fund_or_etp,potential_candidate_pending_canonical_validation,100,HK0000443447,,,Y,Y,,Y,,,Y,5,HKD,,False,True,not_performed_v2_19n,not_performed_v2_19o,v2.19O,net_new_pending_expanded_rebuild,no_match_found,not_found_in_active_or_current_candidate,0,True,True,161,outputs\full_universe_source_acquisition\expanded_universe_candidate_hkex_v2_19p.csv,current_candidate_headers_preserved,03182.HK,HK0000443447
HKEX_03184,v2.19N,HKEX,Hong Kong,Hong Kong,HKEX,XHKG,hkex_repair_01_full_list_of_securities,outputs\full_universe_source_acquisition\raw\hkex_v2_19l_fix\01_full_list_of_securities.xlsx,ListOfSecurities,2165,03184,03184,03184.HK,03184.HK,03184.HK,GX INDIA TOP 10,Exchange Traded Products,Exchange Traded Funds,fund_or_etp,potential_candidate_pending_canonical_validation,50,HK0000962933,,,Y,Y,,Y,,,Y,5,HKD,,False,True,not_performed_v2_19n,not_performed_v2_19o,v2.19O,net_new_pending_expanded_rebuild,no_match_found,not_found_in_active_or_current_candidate,0,True,True,162,outputs\full_universe_source_acquisition\expanded_universe_candidate_hkex_v2_19p.csv,current_candidate_headers_preserved,03184.HK,HK0000962933
HKEX_03185,v2.19N,HKEX,Hong Kong,Hong Kong,HKEX,XHKG,hkex_repair_01_full_list_of_securities,outputs\full_universe_source_acquisition\raw\hkex_v2_19l_fix\01_full_list_of_securities.xlsx,ListOfSecurities,2166,03185,03185,03185.HK,03185.HK,03185.HK,GX FINTECH,Exchange Traded Products,Exchange Traded Funds,fund_or_etp,potential_candidate_pending_canonical_validation,50,HK0000806304,,,Y,Y,,Y,,,Y,5,HKD,,False,True,not_performed_v2_19n,not_performed_v2_19o,v2.19O,net_new_pending_expanded_rebuild,no_match_found,not_found_in_active_or_current_candidate,0,True,True,163,outputs\full_universe_source_acquisition\expanded_universe_candidate_hkex_v2_19p.csv,current_candidate_headers_preserved,03185.HK,HK0000806304
HKEX_03186,v2.19N,HKEX,Hong Kong,Hong Kong,HKEX,XHKG,hkex_repair_01_full_list_of_securities,outputs\full_universe_source_acquisition\raw\hkex_v2_19l_fix\01_full_list_of_securities.xlsx,ListOfSecurities,2167,03186,03186,03186.HK,03186.HK,03186.HK,EFUND BIOPHAR,Exchange Traded Products,Exchange Traded Funds,fund_or_etp,potential_candidate_pending_canonical_validation,100,HK0001254553,,,Y,Y,,Y,,,Y,5,HKD,,False,True,not_performed_v2_19n,not_performed_v2_19o,v2.19O,net_new_pending_expanded_rebuild,no_match_found,not_found_in_active_or_current_candidate,0,True,True,164,outputs\full_universe_source_acquisition\expanded_universe_candidate_hkex_v2_19p.csv,current_candidate_headers_preserved,03186.HK,HK0001254553
HKEX_03187,v2.19N,HKEX,Hong Kong,Hong Kong,HKEX,XHKG,hkex_repair_01_full_list_of_securities,outputs\full_universe_source_acquisition\raw\hkex_v2_19l_fix\01_full_list_of_securities.xlsx,ListOfSecurities,2168,03187,03187,03187.HK,03187.HK,03187.HK,SAMSUNG REITS,Exchange Traded Products,Exchange Traded Funds,reit,potential_candidate_pending_canonical_validation,200,HK0000656956,,,Y,Y,,Y,,,Y,5,HKD,,False,True,not_performed_v2_19n,not_performed_v2_19o,v2.19O,net_new_pending_expanded_rebuild,no_match_found,not_found_in_active_or_current_candidate,0,True,True,165,outputs\full_universe_source_acquisition\expanded_universe_candidate_hkex_v2_19p.csv,current_candidate_headers_preserved,03187.HK,HK0000656956
HKEX_03188,v2.19N,HKEX,Hong Kong,Hong Kong,HKEX,XHKG,hkex_repair_01_full_list_of_securities,outputs\full_universe_source_acquisition\raw\hkex_v2_19l_fix\01_full_list_of_securities.xlsx,ListOfSecurities,2169,03188,03188,03188.HK,03188.HK,03188.HK,CAM CSI300,Exchange Traded Products,Exchange Traded Funds,fund_or_etp,potential_candidate_pending_canonical_validation,200,HK0000123577,,,Y,Y,Y,Y,,,Y,5,HKD,83188,False,True,not_performed_v2_19n,not_performed_v2_19o,v2.19O,net_new_pending_expanded_rebuild,no_match_found,not_found_in_active_or_current_candidate,0,True,True,166,outputs\full_universe_source_acquisition\expanded_universe_candidate_hkex_v2_19p.csv,current_candidate_headers_preserved,03188.HK,HK0000123577
HKEX_03189,v2.19N,HKEX,Hong Kong,Hong Kong,HKEX,XHKG,hkex_repair_01_full_list_of_securities,outputs\full_universe_source_acquisition\raw\hkex_v2_19l_fix\01_full_list_of_securities.xlsx,ListOfSecurities,2170,03189,03189,03189.HK,03189.HK,03189.HK,EFUND LIQUOR,Exchange Traded Products,Exchange Traded Funds,fund_or_etp,potential_candidate_pending_canonical_validation,100,HK0000907789,,,Y,Y,,Y,,,Y,5,HKD,83189,False,True,not_performed_v2_19n,not_performed_v2_19o,v2.19O,net_new_pending_expanded_rebuild,no_match_found,not_found_in_active_or_current_candidate,0,True,True,167,outputs\full_universe_source_acquisition\expanded_universe_candidate_hkex_v2_19p.csv,current_candidate_headers_preserved,03189.HK,HK0000907789
HKEX_03190,v2.19N,HKEX,Hong Kong,Hong Kong,HKEX,XHKG,hkex_repair_01_full_list_of_securities,outputs\full_universe_source_acquisition\raw\hkex_v2_19l_fix\01_full_list_of_securities.xlsx,ListOfSecurities,2171,03190,03190,03190.HK,03190.HK,03190.HK,FB SSH HIGH DIV,Exchange Traded Products,Exchange Traded Funds,fund_or_etp,potential_candidate_pending_canonical_validation,200,HK0000865532,,,Y,Y,,Y,,,Y,5,HKD,,False,True,not_performed_v2_19n,not_performed_v2_19o,v2.19O,net_new_pending_expanded_rebuild,no_match_found,not_found_in_active_or_current_candidate,0,True,True,168,outputs\full_universe_source_acquisition\expanded_universe_candidate_hkex_v2_19p.csv,current_candidate_headers_preserved,03190.HK,HK0000865532
HKEX_03191,v2.19N,HKEX,Hong Kong,Hong Kong,HKEX,XHKG,hkex_repair_01_full_list_of_securities,outputs\full_universe_source_acquisition\raw\hkex_v2_19l_fix\01_full_list_of_securities.xlsx,ListOfSecurities,2172,03191,03191,03191.HK,03191.HK,03191.HK,GX CN SEMICON,Exchange Traded Products,Exchange Traded Funds,fund_or_etp,potential_candidate_pending_canonical_validation,25,HK0000637832,,,Y,Y,,Y,,,Y,5,HKD,,False,True,not_performed_v2_19n,not_performed_v2_19o,v2.19O,net_new_pending_expanded_rebuild,no_match_found,not_found_in_active_or_current_candidate,0,True,True,169,outputs\full_universe_source_acquisition\expanded_universe_candidate_hkex_v2_19p.csv,current_candidate_headers_preserved,03191.HK,HK0000637832
HKEX_03192,v2.19N,HKEX,Hong Kong,Hong Kong,HKEX,XHKG,hkex_repair_01_full_list_of_securities,outputs\full_universe_source_acquisition\raw\hkex_v2_19l_fix\01_full_list_of_securities.xlsx,ListOfSecurities,2173,03192,03192,03192.HK,03192.HK,03192.HK,A BOS RMB MM,Exchange Traded Products,Exchange Traded Funds,fund_or_etp,potential_candidate_pending_canonical_validation,1,HK0000962909,,,Y,Y,,Y,,,Y,3,HKD,83192,False,True,not_performed_v2_19n,not_performed_v2_19o,v2.19O,net_new_pending_expanded_rebuild,no_match_found,not_found_in_active_or_current_candidate,0,True,True,170,outputs\full_universe_source_acquisition\expanded_universe_candidate_hkex_v2_19p.csv,current_candidate_headers_preserved,03192.HK,HK0000962909
HKEX_03193,v2.19N,HKEX,Hong Kong,Hong Kong,HKEX,XHKG,hkex_repair_01_full_list_of_securities,outputs\full_universe_source_acquisition\raw\hkex_v2_19l_fix\01_full_list_of_securities.xlsx,ListOfSecurities,2174,03193,03193,03193.HK,03193.HK,03193.HK,CSOP CSI 5G,Exchange Traded Products,Exchange Traded Funds,fund_or_etp,potential_candidate_pending_canonical_validation,100,HK0000656949,,,Y,Y,,Y,,,Y,5,HKD,,False,True,not_performed_v2_19n,not_performed_v2_19o,v2.19O,net_new_pending_expanded_rebuild,no_match_found,not_found_in_active_or_current_candidate,0,True,True,171,outputs\full_universe_source_acquisition\expanded_universe_candidate_hkex_v2_19p.csv,current_candidate_headers_preserved,03193.HK,HK0000656949
HKEX_03195,v2.19N,HKEX,Hong Kong,Hong Kong,HKEX,XHKG,hkex_repair_01_full_list_of_securities,outputs\full_universe_source_acquisition\raw\hkex_v2_19l_fix\01_full_list_of_securities.xlsx,ListOfSecurities,2175,03195,03195,03195.HK,03195.HK,03195.HK,HS S&P500,Exchange Traded Products,Exchange Traded Funds,fund_or_etp,potential_candidate_pending_canonical_validation,100,HK0000998515,,,Y,Y,,Y,,,Y,5,HKD,,False,True,not_performed_v2_19n,not_performed_v2_19o,v2.19O,net_new_pending_expanded_rebuild,no_match_found,not_found_in_active_or_current_candidate,0,True,True,172,outputs\full_universe_source_acquisition\expanded_universe_candidate_hkex_v2_19p.csv,current_candidate_headers_preserved,03195.HK,HK0000998515
HKEX_03196,v2.19N,HKEX,Hong Kong,Hong Kong,HKEX,XHKG,hkex_repair_01_full_list_of_securities,outputs\full_universe_source_acquisition\raw\hkex_v2_19l_fix\01_full_list_of_securities.xlsx,ListOfSecurities,2176,03196,03196,03196.HK,03196.HK,03196.HK,A BOS USD MM,Exchange Traded Products,Exchange Traded Funds,fund_or_etp,potential_candidate_pending_canonical_validation,1,HK0000939758,,,Y,Y,,Y,,,Y,3,HKD,83196,False,True,not_performed_v2_19n,not_performed_v2_19o,v2.19O,net_new_pending_expanded_rebuild,no_match_found,not_found_in_active_or_current_candidate,0,True,True,173,outputs\full_universe_source_acquisition\expanded_universe_candidate_hkex_v2_19p.csv,current_candidate_headers_preserved,03196.HK,HK0000939758
HKEX_03199,v2.19N,HKEX,Hong Kong,Hong Kong,HKEX,XHKG,hkex_repair_01_full_list_of_securities,outputs\full_universe_source_acquisition\raw\hkex_v2_19l_fix\01_full_list_of_securities.xlsx,ListOfSecurities,2177,03199,03199,03199.HK,03199.HK,03199.HK,ICBCCSOP CGPB,Exchange Traded Products,Exchange Traded Funds,fund_or_etp,potential_candidate_pending_canonical_validation,20,HK0000182987,,,Y,Y,,Y,,,Y,3,HKD,83199,False,True,not_performed_v2_19n,not_performed_v2_19o,v2.19O,net_new_pending_expanded_rebuild,no_match_found,not_found_in_active_or_current_candidate,0,True,True,174,outputs\full_universe_source_acquisition\expanded_universe_candidate_hkex_v2_19p.csv,current_candidate_headers_preserved,03199.HK,HK0000182987
HKEX_03308,v2.19N,HKEX,Hong Kong,Hong Kong,HKEX,XHKG,hkex_repair_01_full_list_of_securities,outputs\full_universe_source_acquisition\raw\hkex_v2_19l_fix\01_full_list_of_securities.xlsx,ListOfSecurities,2188,03308,03308,03308.HK,03308.HK,03308.HK,ZJ INNOLIGHT,Equity,Equity Securities (Main Board),equity_like,potential_candidate_pending_canonical_validation,50,CNE100007SR6,,Y,Y,Y,,Y,,,Y,1,HKD,,False,True,not_performed_v2_19n,not_performed_v2_19o,v2.19O,net_new_pending_expanded_rebuild,no_match_found,not_found_in_active_or_current_candidate,0,True,True,175,outputs\full_universe_source_acquisition\expanded_universe_candidate_hkex_v2_19p.csv,current_candidate_headers_preserved,03308.HK,CNE100007SR6
HKEX_03401,v2.19N,HKEX,Hong Kong,Hong Kong,HKEX,XHKG,hkex_repair_01_full_list_of_securities,outputs\full_universe_source_acquisition\raw\hkex_v2_19l_fix\01_full_list_of_securities.xlsx,ListOfSecurities,2230,03401,03401,03401.HK,03401.HK,03401.HK,GX AI INFRA,Exchange Traded Products,Exchange Traded Funds,fund_or_etp,potential_candidate_pending_canonical_validation,50,HK0001084323,,,Y,Y,,Y,,,Y,5,HKD,,False,True,not_performed_v2_19n,not_performed_v2_19o,v2.19O,net_new_pending_expanded_rebuild,no_match_found,not_found_in_active_or_current_candidate,0,True,True,176,outputs\full_universe_source_acquisition\expanded_universe_candidate_hkex_v2_19p.csv,current_candidate_headers_preserved,03401.HK,HK0001084323
HKEX_03402,v2.19N,HKEX,Hong Kong,Hong Kong,HKEX,XHKG,hkex_repair_01_full_list_of_securities,outputs\full_universe_source_acquisition\raw\hkex_v2_19l_fix\01_full_list_of_securities.xlsx,ListOfSecurities,2231,03402,03402,03402.HK,03402.HK,03402.HK,GX G2TECH,Exchange Traded Products,Exchange Traded Funds,fund_or_etp,potential_candidate_pending_canonical_validation,50,HK0001084331,,,Y,Y,,Y,,,Y,5,HKD,,False,True,not_performed_v2_19n,not_performed_v2_19o,v2.19O,net_new_pending_expanded_rebuild,no_match_found,not_found_in_active_or_current_candidate,0,True,True,177,outputs\full_universe_source_acquisition\expanded_universe_candidate_hkex_v2_19p.csv,current_candidate_headers_preserved,03402.HK,HK0001084331
HKEX_03403,v2.19N,HKEX,Hong Kong,Hong Kong,HKEX,XHKG,hkex_repair_01_full_list_of_securities,outputs\full_universe_source_acquisition\raw\hkex_v2_19l_fix\01_full_list_of_securities.xlsx,ListOfSecurities,2232,03403,03403,03403.HK,03403.HK,03403.HK,CAM HSI ESG,Exchange Traded Products,Exchange Traded Funds,fund_or_etp,potential_candidate_pending_canonical_validation,10,HK0000873676,,,Y,Y,,Y,,,Y,5,HKD,83403,False,True,not_performed_v2_19n,not_performed_v2_19o,v2.19O,net_new_pending_expanded_rebuild,no_match_found,not_found_in_active_or_current_candidate,0,True,True,178,outputs\full_universe_source_acquisition\expanded_universe_candidate_hkex_v2_19p.csv,current_candidate_headers_preserved,03403.HK,HK0000873676
HKEX_03404,v2.19N,HKEX,Hong Kong,Hong Kong,HKEX,XHKG,hkex_repair_01_full_list_of_securities,outputs\full_universe_source_acquisition\raw\hkex_v2_19l_fix\01_full_list_of_securities.xlsx,ListOfSecurities,2233,03404,03404,03404.HK,03404.HK,03404.HK,CAM MSCIINDIA,Exchange Traded Products,Exchange Traded Funds,fund_or_etp,potential_candidate_pending_canonical_validation,100,HK0001040226,,,Y,Y,,Y,,,Y,5,HKD,83404,False,True,not_performed_v2_19n,not_performed_v2_19o,v2.19O,net_new_pending_expanded_rebuild,no_match_found,not_found_in_active_or_current_candidate,0,True,True,179,outputs\full_universe_source_acquisition\expanded_universe_candidate_hkex_v2_19p.csv,current_candidate_headers_preserved,03404.HK,HK0001040226
HKEX_03406,v2.19N,HKEX,Hong Kong,Hong Kong,HKEX,XHKG,hkex_repair_01_full_list_of_securities,outputs\full_universe_source_acquisition\raw\hkex_v2_19l_fix\01_full_list_of_securities.xlsx,ListOfSecurities,2234,03406,03406,03406.HK,03406.HK,03406.HK,PA TECHSELECT,Exchange Traded Products,Exchange Traded Funds,fund_or_etp,potential_candidate_pending_canonical_validation,50,HK0001174678,,,Y,Y,,Y,,,Y,5,HKD,,False,True,not_performed_v2_19n,not_performed_v2_19o,v2.19O,net_new_pending_expanded_rebuild,no_match_found,not_found_in_active_or_current_candidate,0,True,True,180,outputs\full_universe_source_acquisition\expanded_universe_candidate_hkex_v2_19p.csv,current_candidate_headers_preserved,03406.HK,HK0001174678
HKEX_03410,v2.19N,HKEX,Hong Kong,Hong Kong,HKEX,XHKG,hkex_repair_01_full_list_of_securities,outputs\full_universe_source_acquisition\raw\hkex_v2_19l_fix\01_full_list_of_securities.xlsx,ListOfSecurities,2235,03410,03410,03410.HK,03410.HK,03410.HK,HS JAPAN TPX100,Exchange Traded Products,Exchange Traded Funds,fund_or_etp,potential_candidate_pending_canonical_validation,100,HK0001023446,,,Y,Y,,Y,,,Y,5,HKD,,False,True,not_performed_v2_19n,not_performed_v2_19o,v2.19O,net_new_pending_expanded_rebuild,no_match_found,not_found_in_active_or_current_candidate,0,True,True,181,outputs\full_universe_source_acquisition\expanded_universe_candidate_hkex_v2_19p.csv,current_candidate_headers_preserved,03410.HK,HK0001023446
HKEX_03411,v2.19N,HKEX,Hong Kong,Hong Kong,HKEX,XHKG,hkex_repair_01_full_list_of_securities,outputs\full_universe_source_acquisition\raw\hkex_v2_19l_fix\01_full_list_of_securities.xlsx,ListOfSecurities,2236,03411,03411,03411.HK,03411.HK,03411.HK,PP ASIA IGUSD,Exchange Traded Products,Exchange Traded Funds,fund_or_etp,potential_candidate_pending_canonical_validation,50,HK0001061131,,,Y,Y,,Y,,,Y,5,HKD,,False,True,not_performed_v2_19n,not_performed_v2_19o,v2.19O,net_new_pending_expanded_rebuild,no_match_found,not_found_in_active_or_current_candidate,0,True,True,182,outputs\full_universe_source_acquisition\expanded_universe_candidate_hkex_v2_19p.csv,current_candidate_headers_preserved,03411.HK,HK0001061131
HKEX_03412,v2.19N,HKEX,Hong Kong,Hong Kong,HKEX,XHKG,hkex_repair_01_full_list_of_securities,outputs\full_universe_source_acquisition\raw\hkex_v2_19l_fix\01_full_list_of_securities.xlsx,ListOfSecurities,2237,03412,03412,03412.HK,03412.HK,03412.HK,A DOO PAYMENTS,Exchange Traded Products,Exchange Traded Funds,fund_or_etp,potential_candidate_pending_canonical_validation,100,HK0001033841,,,Y,Y,,Y,,,Y,5,HKD,,False,True,not_performed_v2_19n,not_performed_v2_19o,v2.19O,net_new_pending_expanded_rebuild,no_match_found,not_found_in_active_or_current_candidate,0,True,True,183,outputs\full_universe_source_acquisition\expanded_universe_candidate_hkex_v2_19p.csv,current_candidate_headers_preserved,03412.HK,HK0001033841
HKEX_03413,v2.19N,HKEX,Hong Kong,Hong Kong,HKEX,XHKG,hkex_repair_01_full_list_of_securities,outputs\full_universe_source_acquisition\raw\hkex_v2_19l_fix\01_full_list_of_securities.xlsx,ListOfSecurities,2238,03413,03413,03413.HK,03413.HK,03413.HK,A DOO AI,Exchange Traded Products,Exchange Traded Funds,fund_or_etp,potential_candidate_pending_canonical_validation,100,HK0001033833,,,Y,Y,,Y,,,Y,5,HKD,,False,True,not_performed_v2_19n,not_performed_v2_19o,v2.19O,net_new_pending_expanded_rebuild,no_match_found,not_found_in_active_or_current_candidate,0,True,True,184,outputs\full_universe_source_acquisition\expanded_universe_candidate_hkex_v2_19p.csv,current_candidate_headers_preserved,03413.HK,HK0001033833
HKEX_03415,v2.19N,HKEX,Hong Kong,Hong Kong,HKEX,XHKG,hkex_repair_01_full_list_of_securities,outputs\full_universe_source_acquisition\raw\hkex_v2_19l_fix\01_full_list_of_securities.xlsx,ListOfSecurities,2239,03415,03415,03415.HK,03415.HK,03415.HK,A GXS&P500CC,Exchange Traded Products,Exchange Traded Funds,fund_or_etp,potential_candidate_pending_canonical_validation,25,HK0001149464,,,Y,Y,,Y,,,Y,5,HKD,,False,True,not_performed_v2_19n,not_performed_v2_19o,v2.19O,net_new_pending_expanded_rebuild,no_match_found,not_found_in_active_or_current_candidate,0,True,True,185,outputs\full_universe_source_acquisition\expanded_universe_candidate_hkex_v2_19p.csv,current_candidate_headers_preserved,03415.HK,HK0001149464
HKEX_03416,v2.19N,HKEX,Hong Kong,Hong Kong,HKEX,XHKG,hkex_repair_01_full_list_of_securities,outputs\full_universe_source_acquisition\raw\hkex_v2_19l_fix\01_full_list_of_securities.xlsx,ListOfSecurities,2240,03416,03416,03416.HK,03416.HK,03416.HK,A GX HSCEICC,Exchange Traded Products,Exchange Traded Funds,fund_or_etp,potential_candidate_pending_canonical_validation,100,HK0000978954,,,Y,Y,Y,Y,,,Y,5,HKD,83416,False,True,not_performed_v2_19n,not_performed_v2_19o,v2.19O,net_new_pending_expanded_rebuild,no_match_found,not_found_in_active_or_current_candidate,0,True,True,186,outputs\full_universe_source_acquisition\expanded_universe_candidate_hkex_v2_19p.csv,current_candidate_headers_preserved,03416.HK,HK0000978954
HKEX_03417,v2.19N,HKEX,Hong Kong,Hong Kong,HKEX,XHKG,hkex_repair_01_full_list_of_securities,outputs\full_universe_source_acquisition\raw\hkex_v2_19l_fix\01_full_list_of_securities.xlsx,ListOfSecurities,2241,03417,03417,03417.HK,03417.HK,03417.HK,A GX HSTCC,Exchange Traded Products,Exchange Traded Funds,fund_or_etp,potential_candidate_pending_canonical_validation,100,HK0001107728,,,Y,Y,,Y,,,Y,5,HKD,,False,True,not_performed_v2_19n,not_performed_v2_19o,v2.19O,net_new_pending_expanded_rebuild,no_match_found,not_found_in_active_or_current_candidate,0,True,True,187,outputs\full_universe_source_acquisition\expanded_universe_candidate_hkex_v2_19p.csv,current_candidate_headers_preserved,03417.HK,HK0001107728
HKEX_03418,v2.19N,HKEX,Hong Kong,Hong Kong,HKEX,XHKG,hkex_repair_01_full_list_of_securities,outputs\full_universe_source_acquisition\raw\hkex_v2_19l_fix\01_full_list_of_securities.xlsx,ListOfSecurities,2242,03418,03418,03418.HK,03418.HK,03418.HK,CAM DIGI GOLD,Exchange Traded Products,Exchange Traded Funds,fund_or_etp,potential_candidate_pending_canonical_validation,10,HK0001279816,,,Y,Y,,Y,,,Y,5,HKD,83418,False,True,not_performed_v2_19n,not_performed_v2_19o,v2.19O,net_new_pending_expanded_rebuild,no_match_found,not_found_in_active_or_current_candidate,0,True,True,188,outputs\full_universe_source_acquisition\expanded_universe_candidate_hkex_v2_19p.csv,current_candidate_headers_preserved,03418.HK,HK0001279816
HKEX_03419,v2.19N,HKEX,Hong Kong,Hong Kong,HKEX,XHKG,hkex_repair_01_full_list_of_securities,outputs\full_universe_source_acquisition\raw\hkex_v2_19l_fix\01_full_list_of_securities.xlsx,ListOfSecurities,2243,03419,03419,03419.HK,03419.HK,03419.HK,A GX HSICC,Exchange Traded Products,Exchange Traded Funds,fund_or_etp,potential_candidate_pending_canonical_validation,100,HK0000978962,,,Y,Y,,Y,,,Y,5,HKD,,False,True,not_performed_v2_19n,not_performed_v2_19o,v2.19O,net_new_pending_expanded_rebuild,no_match_found,not_found_in_active_or_current_candidate,0,True,True,189,outputs\full_universe_source_acquisition\expanded_universe_candidate_hkex_v2_19p.csv,current_candidate_headers_preserved,03419.HK,HK0000978962
HKEX_03420,v2.19N,HKEX,Hong Kong,Hong Kong,HKEX,XHKG,hkex_repair_01_full_list_of_securities,outputs\full_universe_source_acquisition\raw\hkex_v2_19l_fix\01_full_list_of_securities.xlsx,ListOfSecurities,2244,03420,03420,03420.HK,03420.HK,03420.HK,A VP RMB MM,Exchange Traded Products,Exchange Traded Funds,fund_or_etp,potential_candidate_pending_canonical_validation,1,HK0001207882,,,Y,Y,,Y,,,Y,3,HKD,83420,False,True,not_performed_v2_19n,not_performed_v2_19o,v2.19O,net_new_pending_expanded_rebuild,no_match_found,not_found_in_active_or_current_candidate,0,True,True,190,outputs\full_universe_source_acquisition\expanded_universe_candidate_hkex_v2_19p.csv,current_candidate_headers_preserved,03420.HK,HK0001207882
HKEX_03421,v2.19N,HKEX,Hong Kong,Hong Kong,HKEX,XHKG,hkex_repair_01_full_list_of_securities,outputs\full_universe_source_acquisition\raw\hkex_v2_19l_fix\01_full_list_of_securities.xlsx,ListOfSecurities,2245,03421,03421,03421.HK,03421.HK,03421.HK,A VP HKD MM,Exchange Traded Products,Exchange Traded Funds,fund_or_etp,potential_candidate_pending_canonical_validation,1,HK0001207874,,,Y,Y,,Y,,,Y,3,HKD,,False,True,not_performed_v2_19n,not_performed_v2_19o,v2.19O,net_new_pending_expanded_rebuild,no_match_found,not_found_in_active_or_current_candidate,0,True,True,191,outputs\full_universe_source_acquisition\expanded_universe_candidate_hkex_v2_19p.csv,current_candidate_headers_preserved,03421.HK,HK0001207874
HKEX_03422,v2.19N,HKEX,Hong Kong,Hong Kong,HKEX,XHKG,hkex_repair_01_full_list_of_securities,outputs\full_universe_source_acquisition\raw\hkex_v2_19l_fix\01_full_list_of_securities.xlsx,ListOfSecurities,2246,03422,03422,03422.HK,03422.HK,03422.HK,GX INNO TOP 10,Exchange Traded Products,Exchange Traded Funds,fund_or_etp,potential_candidate_pending_canonical_validation,50,HK0000962925,,,Y,Y,,Y,,,Y,5,HKD,,False,True,not_performed_v2_19n,not_performed_v2_19o,v2.19O,net_new_pending_expanded_rebuild,no_match_found,not_found_in_active_or_current_candidate,0,True,True,192,outputs\full_universe_source_acquisition\expanded_universe_candidate_hkex_v2_19p.csv,current_candidate_headers_preserved,03422.HK,HK0000962925
HKEX_03423,v2.19N,HKEX,Hong Kong,Hong Kong,HKEX,XHKG,hkex_repair_01_full_list_of_securities,outputs\full_universe_source_acquisition\raw\hkex_v2_19l_fix\01_full_list_of_securities.xlsx,ListOfSecurities,2247,03423,03423,03423.HK,03423.HK,03423.HK,CMS HS TECH,Exchange Traded Products,Exchange Traded Funds,fund_or_etp,potential_candidate_pending_canonical_validation,10,HK0001122958,,,Y,Y,,Y,,,Y,5,HKD,,False,True,not_performed_v2_19n,not_performed_v2_19o,v2.19O,net_new_pending_expanded_rebuild,no_match_found,not_found_in_active_or_current_candidate,0,True,True,193,outputs\full_universe_source_acquisition\expanded_universe_candidate_hkex_v2_19p.csv,current_candidate_headers_preserved,03423.HK,HK0001122958
HKEX_03425,v2.19N,HKEX,Hong Kong,Hong Kong,HKEX,XHKG,hkex_repair_01_full_list_of_securities,outputs\full_universe_source_acquisition\raw\hkex_v2_19l_fix\01_full_list_of_securities.xlsx,ListOfSecurities,2248,03425,03425,03425.HK,03425.HK,03425.HK,MBC ETH,Exchange Traded Products,Exchange Traded Funds,fund_or_etp,potential_candidate_pending_canonical_validation,100,HK0001175493,,,Y,Y,,Y,,,Y,5,HKD,,False,True,not_performed_v2_19n,not_performed_v2_19o,v2.19O,net_new_pending_expanded_rebuild,no_match_found,not_found_in_active_or_current_candidate,0,True,True,194,outputs\full_universe_source_acquisition\expanded_universe_candidate_hkex_v2_19p.csv,current_candidate_headers_preserved,03425.HK,HK0001175493
HKEX_03426,v2.19N,HKEX,Hong Kong,Hong Kong,HKEX,XHKG,hkex_repair_01_full_list_of_securities,outputs\full_universe_source_acquisition\raw\hkex_v2_19l_fix\01_full_list_of_securities.xlsx,ListOfSecurities,2249,03426,03426,03426.HK,03426.HK,03426.HK,A DOO WEB3,Exchange Traded Products,Exchange Traded Funds,fund_or_etp,potential_candidate_pending_canonical_validation,100,HK0001033825,,,Y,Y,,Y,,,Y,5,HKD,,False,True,not_performed_v2_19n,not_performed_v2_19o,v2.19O,net_new_pending_expanded_rebuild,no_match_found,not_found_in_active_or_current_candidate,0,True,True,195,outputs\full_universe_source_acquisition\expanded_universe_candidate_hkex_v2_19p.csv,current_candidate_headers_preserved,03426.HK,HK0001033825
HKEX_03427,v2.19N,HKEX,Hong Kong,Hong Kong,HKEX,XHKG,hkex_repair_01_full_list_of_securities,outputs\full_universe_source_acquisition\raw\hkex_v2_19l_fix\01_full_list_of_securities.xlsx,ListOfSecurities,2250,03427,03427,03427.HK,03427.HK,03427.HK,FB MULTIASSET,Exchange Traded Products,Exchange Traded Funds,fund_or_etp,potential_candidate_pending_canonical_validation,200,HK0001090296,,,Y,Y,,Y,,,Y,5,HKD,,False,True,not_performed_v2_19n,not_performed_v2_19o,v2.19O,net_new_pending_expanded_rebuild,no_match_found,not_found_in_active_or_current_candidate,0,True,True,196,outputs\full_universe_source_acquisition\expanded_universe_candidate_hkex_v2_19p.csv,current_candidate_headers_preserved,03427.HK,HK0001090296
HKEX_03428,v2.19N,HKEX,Hong Kong,Hong Kong,HKEX,XHKG,hkex_repair_01_full_list_of_securities,outputs\full_universe_source_acquisition\raw\hkex_v2_19l_fix\01_full_list_of_securities.xlsx,ListOfSecurities,2251,03428,03428,03428.HK,03428.HK,03428.HK,GX CL HK-US,Exchange Traded Products,Exchange Traded Funds,fund_or_etp,potential_candidate_pending_canonical_validation,50,HK0001279691,,,Y,Y,,Y,,,Y,5,HKD,83428,False,True,not_performed_v2_19n,not_performed_v2_19o,v2.19O,net_new_pending_expanded_rebuild,no_match_found,not_found_in_active_or_current_candidate,0,True,True,197,outputs\full_universe_source_acquisition\expanded_universe_candidate_hkex_v2_19p.csv,current_candidate_headers_preserved,03428.HK,HK0001279691
HKEX_03430,v2.19N,HKEX,Hong Kong,Hong Kong,HKEX,XHKG,hkex_repair_01_full_list_of_securities,outputs\full_universe_source_acquisition\raw\hkex_v2_19l_fix\01_full_list_of_securities.xlsx,ListOfSecurities,2252,03430,03430,03430.HK,03430.HK,03430.HK,MBC BTC,Exchange Traded Products,Exchange Traded Funds,fund_or_etp,potential_candidate_pending_canonical_validation,100,HK0001175501,,,Y,Y,,Y,,,Y,5,HKD,,False,True,not_performed_v2_19n,not_performed_v2_19o,v2.19O,net_new_pending_expanded_rebuild,no_match_found,not_found_in_active_or_current_candidate,0,True,True,198,outputs\full_universe_source_acquisition\expanded_universe_candidate_hkex_v2_19p.csv,current_candidate_headers_preserved,03430.HK,HK0001175501
HKEX_03431,v2.19N,HKEX,Hong Kong,Hong Kong,HKEX,XHKG,hkex_repair_01_full_list_of_securities,outputs\full_universe_source_acquisition\raw\hkex_v2_19l_fix\01_full_list_of_securities.xlsx,ListOfSecurities,2253,03431,03431,03431.HK,03431.HK,03431.HK,CSOP HKKRTECH,Exchange Traded Products,Exchange Traded Funds,fund_or_etp,potential_candidate_pending_canonical_validation,100,HK0001197646,,,Y,Y,,Y,,,Y,5,HKD,,False,True,not_performed_v2_19n,not_performed_v2_19o,v2.19O,net_new_pending_expanded_rebuild,no_match_found,not_found_in_active_or_current_candidate,0,True,True,199,outputs\full_universe_source_acquisition\expanded_universe_candidate_hkex_v2_19p.csv,current_candidate_headers_preserved,03431.HK,HK0001197646
HKEX_03432,v2.19N,HKEX,Hong Kong,Hong Kong,HKEX,XHKG,hkex_repair_01_full_list_of_securities,outputs\full_universe_source_acquisition\raw\hkex_v2_19l_fix\01_full_list_of_securities.xlsx,ListOfSecurities,2254,03432,03432,03432.HK,03432.HK,03432.HK,CSOP HKCNCON,Exchange Traded Products,Exchange Traded Funds,fund_or_etp,potential_candidate_pending_canonical_validation,10,HK0001033544,,,Y,Y,,Y,,,Y,5,HKD,,False,True,not_performed_v2_19n,not_performed_v2_19o,v2.19O,net_new_pending_expanded_rebuild,no_match_found,not_found_in_active_or_current_candidate,0,True,True,200,outputs\full_universe_source_acquisition\expanded_universe_candidate_hkex_v2_19p.csv,current_candidate_headers_preserved,03432.HK,HK0001033544
HKEX_03433,v2.19N,HKEX,Hong Kong,Hong Kong,HKEX,XHKG,hkex_repair_01_full_list_of_securities,outputs\full_universe_source_acquisition\raw\hkex_v2_19l_fix\01_full_list_of_securities.xlsx,ListOfSecurities,2255,03433,03433,03433.HK,03433.HK,03433.HK,CSOP UST20,Exchange Traded Products,Exchange Traded Funds,fund_or_etp,potential_candidate_pending_canonical_validation,10,HK0000981024,,,Y,Y,,Y,,,Y,5,HKD,,False,True,not_performed_v2_19n,not_performed_v2_19o,v2.19O,net_new_pending_expanded_rebuild,no_match_found,not_found_in_active_or_current_candidate,0,True,True,201,outputs\full_universe_source_acquisition\expanded_universe_candidate_hkex_v2_19p.csv,current_candidate_headers_preserved,03433.HK,HK0000981024
HKEX_03434,v2.19N,HKEX,Hong Kong,Hong Kong,HKEX,XHKG,hkex_repair_01_full_list_of_securities,outputs\full_universe_source_acquisition\raw\hkex_v2_19l_fix\01_full_list_of_securities.xlsx,ListOfSecurities,2256,03434,03434,03434.HK,03434.HK,03434.HK,EFUND DIGITAL,Exchange Traded Products,Exchange Traded Funds,fund_or_etp,potential_candidate_pending_canonical_validation,100,HK0001229001,,,Y,Y,,Y,,,Y,5,HKD,83434,False,True,not_performed_v2_19n,not_performed_v2_19o,v2.19O,net_new_pending_expanded_rebuild,no_match_found,not_found_in_active_or_current_candidate,0,True,True,202,outputs\full_universe_source_acquisition\expanded_universe_candidate_hkex_v2_19p.csv,current_candidate_headers_preserved,03434.HK,HK0001229001
HKEX_03435,v2.19N,HKEX,Hong Kong,Hong Kong,HKEX,XHKG,hkex_repair_01_full_list_of_securities,outputs\full_universe_source_acquisition\raw\hkex_v2_19l_fix\01_full_list_of_securities.xlsx,ListOfSecurities,2257,03435,03435,03435.HK,03435.HK,03435.HK,HSCMS 7-10Y UST,Exchange Traded Products,Exchange Traded Funds,fund_or_etp,potential_candidate_pending_canonical_validation,10,HK0001048260,,,Y,Y,,Y,,,Y,5,HKD,,False,True,not_performed_v2_19n,not_performed_v2_19o,v2.19O,net_new_pending_expanded_rebuild,no_match_found,not_found_in_active_or_current_candidate,0,True,True,203,outputs\full_universe_source_acquisition\expanded_universe_candidate_hkex_v2_19p.csv,current_candidate_headers_preserved,03435.HK,HK0001048260
HKEX_03436,v2.19N,HKEX,Hong Kong,Hong Kong,HKEX,XHKG,hkex_repair_01_full_list_of_securities,outputs\full_universe_source_acquisition\raw\hkex_v2_19l_fix\01_full_list_of_securities.xlsx,ListOfSecurities,2258,03436,03436,03436.HK,03436.HK,03436.HK,HSCMS 1-3Y UST,Exchange Traded Products,Exchange Traded Funds,fund_or_etp,potential_candidate_pending_canonical_validation,10,HK0001048344,,,Y,Y,,Y,,,Y,5,HKD,,False,True,not_performed_v2_19n,not_performed_v2_19o,v2.19O,net_new_pending_expanded_rebuild,no_match_found,not_found_in_active_or_current_candidate,0,True,True,204,outputs\full_universe_source_acquisition\expanded_universe_candidate_hkex_v2_19p.csv,current_candidate_headers_preserved,03436.HK,HK0001048344
HKEX_03437,v2.19N,HKEX,Hong Kong,Hong Kong,HKEX,XHKG,hkex_repair_01_full_list_of_securities,outputs\full_universe_source_acquisition\raw\hkex_v2_19l_fix\01_full_list_of_securities.xlsx,ListOfSecurities,2259,03437,03437,03437.HK,03437.HK,03437.HK,BOS CSOE HIDV,Exchange Traded Products,Exchange Traded Funds,fund_or_etp,potential_candidate_pending_canonical_validation,100,HK0001028304,,,Y,Y,,Y,,,Y,5,HKD,83437,False,True,not_performed_v2_19n,not_performed_v2_19o,v2.19O,net_new_pending_expanded_rebuild,no_match_found,not_found_in_active_or_current_candidate,0,True,True,205,outputs\full_universe_source_acquisition\expanded_universe_candidate_hkex_v2_19p.csv,current_candidate_headers_preserved,03437.HK,HK0001028304
HKEX_03439,v2.19N,HKEX,Hong Kong,Hong Kong,HKEX,XHKG,hkex_repair_01_full_list_of_securities,outputs\full_universe_source_acquisition\raw\hkex_v2_19l_fix\01_full_list_of_securities.xlsx,ListOfSecurities,2260,03439,03439,03439.HK,03439.HK,03439.HK,HGI BTC,Exchange Traded Products,Exchange Traded Funds,fund_or_etp,potential_candidate_pending_canonical_validation,100,HK0001014197,,,Y,Y,,Y,,,Y,5,HKD,,False,True,not_performed_v2_19n,not_performed_v2_19o,v2.19O,net_new_pending_expanded_rebuild,no_match_found,not_found_in_active_or_current_candidate,0,True,True,206,outputs\full_universe_source_acquisition\expanded_universe_candidate_hkex_v2_19p.csv,current_candidate_headers_preserved,03439.HK,HK0001014197
HKEX_03440,v2.19N,HKEX,Hong Kong,Hong Kong,HKEX,XHKG,hkex_repair_01_full_list_of_securities,outputs\full_universe_source_acquisition\raw\hkex_v2_19l_fix\01_full_list_of_securities.xlsx,ListOfSecurities,2261,03440,03440,03440.HK,03440.HK,03440.HK,GX 0-3M UST,Exchange Traded Products,Exchange Traded Funds,fund_or_etp,potential_candidate_pending_canonical_validation,50,HK0001084349,,,Y,Y,,Y,,,Y,5,HKD,,False,True,not_performed_v2_19n,not_performed_v2_19o,v2.19O,net_new_pending_expanded_rebuild,no_match_found,not_found_in_active_or_current_candidate,0,True,True,207,outputs\full_universe_source_acquisition\expanded_universe_candidate_hkex_v2_19p.csv,current_candidate_headers_preserved,03440.HK,HK0001084349
HKEX_03441,v2.19N,HKEX,Hong Kong,Hong Kong,HKEX,XHKG,hkex_repair_01_full_list_of_securities,outputs\full_universe_source_acquisition\raw\hkex_v2_19l_fix\01_full_list_of_securities.xlsx,ListOfSecurities,2262,03441,03441,03441.HK,03441.HK,03441.HK,CSOP EWSELECT,Exchange Traded Products,Exchange Traded Funds,fund_or_etp,potential_candidate_pending_canonical_validation,100,HK0001127072,,,Y,Y,,Y,,,Y,5,HKD,,False,True,not_performed_v2_19n,not_performed_v2_19o,v2.19O,net_new_pending_expanded_rebuild,no_match_found,not_found_in_active_or_current_candidate,0,True,True,208,outputs\full_universe_source_acquisition\expanded_universe_candidate_hkex_v2_19p.csv,current_candidate_headers_preserved,03441.HK,HK0001127072
HKEX_03442,v2.19N,HKEX,Hong Kong,Hong Kong,HKEX,XHKG,hkex_repair_01_full_list_of_securities,outputs\full_universe_source_acquisition\raw\hkex_v2_19l_fix\01_full_list_of_securities.xlsx,ListOfSecurities,2263,03442,03442,03442.HK,03442.HK,03442.HK,CSOP HKUSTECH,Exchange Traded Products,Exchange Traded Funds,fund_or_etp,potential_candidate_pending_canonical_validation,100,HK0001127064,,,Y,Y,,Y,,,Y,5,HKD,,False,True,not_performed_v2_19n,not_performed_v2_19o,v2.19O,net_new_pending_expanded_rebuild,no_match_found,not_found_in_active_or_current_candidate,0,True,True,209,outputs\full_universe_source_acquisition\expanded_universe_candidate_hkex_v2_19p.csv,current_candidate_headers_preserved,03442.HK,HK0001127064
HKEX_03443,v2.19N,HKEX,Hong Kong,Hong Kong,HKEX,XHKG,hkex_repair_01_full_list_of_securities,outputs\full_universe_source_acquisition\raw\hkex_v2_19l_fix\01_full_list_of_securities.xlsx,ListOfSecurities,2264,03443,03443,03443.HK,03443.HK,03443.HK,CSOP HK EQUITY,Exchange Traded Products,Exchange Traded Funds,fund_or_etp,potential_candidate_pending_canonical_validation,100,HK0001144549,,,Y,Y,,Y,,,Y,5,HKD,,False,True,not_performed_v2_19n,not_performed_v2_19o,v2.19O,net_new_pending_expanded_rebuild,no_match_found,not_found_in_active_or_current_candidate,0,True,True,210,outputs\full_universe_source_acquisition\expanded_universe_candidate_hkex_v2_19p.csv,current_candidate_headers_preserved,03443.HK,HK0001144549
HKEX_03444,v2.19N,HKEX,Hong Kong,Hong Kong,HKEX,XHKG,hkex_repair_01_full_list_of_securities,outputs\full_universe_source_acquisition\raw\hkex_v2_19l_fix\01_full_list_of_securities.xlsx,ListOfSecurities,2265,03444,03444,03444.HK,03444.HK,03444.HK,HS HK EQUITY,Exchange Traded Products,Exchange Traded Funds,fund_or_etp,potential_candidate_pending_canonical_validation,100,HK0001298493,,,Y,Y,,Y,,,Y,5,HKD,,False,True,not_performed_v2_19n,not_performed_v2_19o,v2.19O,net_new_pending_expanded_rebuild,no_match_found,not_found_in_active_or_current_candidate,0,True,True,211,outputs\full_universe_source_acquisition\expanded_universe_candidate_hkex_v2_19p.csv,current_candidate_headers_preserved,03444.HK,HK0001298493
HKEX_03447,v2.19N,HKEX,Hong Kong,Hong Kong,HKEX,XHKG,hkex_repair_01_full_list_of_securities,outputs\full_universe_source_acquisition\raw\hkex_v2_19l_fix\01_full_list_of_securities.xlsx,ListOfSecurities,2266,03447,03447,03447.HK,03447.HK,03447.HK,CSOP AP REITS,Exchange Traded Products,Exchange Traded Funds,reit,potential_candidate_pending_canonical_validation,100,HK0001145058,,,Y,Y,,Y,,,Y,5,HKD,,False,True,not_performed_v2_19n,not_performed_v2_19o,v2.19O,net_new_pending_expanded_rebuild,no_match_found,not_found_in_active_or_current_candidate,0,True,True,212,outputs\full_universe_source_acquisition\expanded_universe_candidate_hkex_v2_19p.csv,current_candidate_headers_preserved,03447.HK,HK0001145058
HKEX_03448,v2.19N,HKEX,Hong Kong,Hong Kong,HKEX,XHKG,hkex_repair_01_full_list_of_securities,outputs\full_universe_source_acquisition\raw\hkex_v2_19l_fix\01_full_list_of_securities.xlsx,ListOfSecurities,2267,03448,03448,03448.HK,03448.HK,03448.HK,GX CHINA TECH,Exchange Traded Products,Exchange Traded Funds,fund_or_etp,potential_candidate_pending_canonical_validation,1,HK0001149431,,,Y,Y,,Y,,,Y,5,HKD,,False,True,not_performed_v2_19n,not_performed_v2_19o,v2.19O,net_new_pending_expanded_rebuild,no_match_found,not_found_in_active_or_current_candidate,0,True,True,213,outputs\full_universe_source_acquisition\expanded_universe_candidate_hkex_v2_19p.csv,current_candidate_headers_preserved,03448.HK,HK0001149431
HKEX_03450,v2.19N,HKEX,Hong Kong,Hong Kong,HKEX,XHKG,hkex_repair_01_full_list_of_securities,outputs\full_universe_source_acquisition\raw\hkex_v2_19l_fix\01_full_list_of_securities.xlsx,ListOfSecurities,2268,03450,03450,03450.HK,03450.HK,03450.HK,GX 3-5Y UST,Exchange Traded Products,Exchange Traded Funds,fund_or_etp,potential_candidate_pending_canonical_validation,50,HK0001025037,,,Y,Y,,Y,,,Y,5,HKD,,False,True,not_performed_v2_19n,not_performed_v2_19o,v2.19O,net_new_pending_expanded_rebuild,no_match_found,not_found_in_active_or_current_candidate,0,True,True,214,outputs\full_universe_source_acquisition\expanded_universe_candidate_hkex_v2_19p.csv,current_candidate_headers_preserved,03450.HK,HK0001025037
HKEX_03451,v2.19N,HKEX,Hong Kong,Hong Kong,HKEX,XHKG,hkex_repair_01_full_list_of_securities,outputs\full_universe_source_acquisition\raw\hkex_v2_19l_fix\01_full_list_of_securities.xlsx,ListOfSecurities,2269,03451,03451,03451.HK,03451.HK,03451.HK,A GXNASDAQCC,Exchange Traded Products,Exchange Traded Funds,fund_or_etp,potential_candidate_pending_canonical_validation,25,HK0001149449,,,Y,Y,,Y,,,Y,5,HKD,,False,True,not_performed_v2_19n,not_performed_v2_19o,v2.19O,net_new_pending_expanded_rebuild,no_match_found,not_found_in_active_or_current_candidate,0,True,True,215,outputs\full_universe_source_acquisition\expanded_universe_candidate_hkex_v2_19p.csv,current_candidate_headers_preserved,03451.HK,HK0001149449
HKEX_03453,v2.19N,HKEX,Hong Kong,Hong Kong,HKEX,XHKG,hkex_repair_01_full_list_of_securities,outputs\full_universe_source_acquisition\raw\hkex_v2_19l_fix\01_full_list_of_securities.xlsx,ListOfSecurities,2270,03453,03453,03453.HK,03453.HK,03453.HK,PREMIA TW50,Exchange Traded Products,Exchange Traded Funds,fund_or_etp,potential_candidate_pending_canonical_validation,50,HK0001061115,,,Y,Y,,Y,,,Y,5,HKD,,False,True,not_performed_v2_19n,not_performed_v2_19o,v2.19O,net_new_pending_expanded_rebuild,no_match_found,not_found_in_active_or_current_candidate,0,True,True,216,outputs\full_universe_source_acquisition\expanded_universe_candidate_hkex_v2_19p.csv,current_candidate_headers_preserved,03453.HK,HK0001061115
HKEX_03454,v2.19N,HKEX,Hong Kong,Hong Kong,HKEX,XHKG,hkex_repair_01_full_list_of_securities,outputs\full_universe_source_acquisition\raw\hkex_v2_19l_fix\01_full_list_of_securities.xlsx,ListOfSecurities,2271,03454,03454,03454.HK,03454.HK,03454.HK,CSOP MAG7,Exchange Traded Products,Exchange Traded Funds,fund_or_etp,potential_candidate_pending_canonical_validation,100,HK0001066643,,,Y,Y,,Y,,,Y,5,HKD,,False,True,not_performed_v2_19n,not_performed_v2_19o,v2.19O,net_new_pending_expanded_rebuild,no_match_found,not_found_in_active_or_current_candidate,0,True,True,217,outputs\full_universe_source_acquisition\expanded_universe_candidate_hkex_v2_19p.csv,current_candidate_headers_preserved,03454.HK,HK0001066643
HKEX_03455,v2.19N,HKEX,Hong Kong,Hong Kong,HKEX,XHKG,hkex_repair_01_full_list_of_securities,outputs\full_universe_source_acquisition\raw\hkex_v2_19l_fix\01_full_list_of_securities.xlsx,ListOfSecurities,2272,03455,03455,03455.HK,03455.HK,03455.HK,INVESCO QQQ,Exchange Traded Products,Exchange Traded Funds,fund_or_etp,potential_candidate_pending_canonical_validation,1,US46090E1038,,,Y,Y,,Y,,,Y,5,HKD,83455,False,True,not_performed_v2_19n,not_performed_v2_19o,v2.19O,net_new_pending_expanded_rebuild,no_match_found,not_found_in_active_or_current_candidate,0,True,True,218,outputs\full_universe_source_acquisition\expanded_universe_candidate_hkex_v2_19p.csv,current_candidate_headers_preserved,03455.HK,US46090E1038
HKEX_03456,v2.19N,HKEX,Hong Kong,Hong Kong,HKEX,XHKG,hkex_repair_01_full_list_of_securities,outputs\full_universe_source_acquisition\raw\hkex_v2_19l_fix\01_full_list_of_securities.xlsx,ListOfSecurities,2273,03456,03456,03456.HK,03456.HK,03456.HK,EFUND HKEX TECH,Exchange Traded Products,Exchange Traded Funds,fund_or_etp,potential_candidate_pending_canonical_validation,100,HK0001311247,,,Y,Y,,Y,,,Y,5,HKD,,False,True,not_performed_v2_19n,not_performed_v2_19o,v2.19O,net_new_pending_expanded_rebuild,no_match_found,not_found_in_active_or_current_candidate,0,True,True,219,outputs\full_universe_source_acquisition\expanded_universe_candidate_hkex_v2_19p.csv,current_candidate_headers_preserved,03456.HK,HK0001311247
HKEX_03457,v2.19N,HKEX,Hong Kong,Hong Kong,HKEX,XHKG,hkex_repair_01_full_list_of_securities,outputs\full_universe_source_acquisition\raw\hkex_v2_19l_fix\01_full_list_of_securities.xlsx,ListOfSecurities,2274,03457,03457,03457.HK,03457.HK,03457.HK,A TK HKD MM,Exchange Traded Products,Exchange Traded Funds,fund_or_etp,potential_candidate_pending_canonical_validation,1,HK0001243747,,,Y,Y,,Y,,,Y,5,HKD,,False,True,not_performed_v2_19n,not_performed_v2_19o,v2.19O,net_new_pending_expanded_rebuild,no_match_found,not_found_in_active_or_current_candidate,0,True,True,220,outputs\full_universe_source_acquisition\expanded_universe_candidate_hkex_v2_19p.csv,current_candidate_headers_preserved,03457.HK,HK0001243747
HKEX_03460,v2.19N,HKEX,Hong Kong,Hong Kong,HKEX,XHKG,hkex_repair_01_full_list_of_securities,outputs\full_universe_source_acquisition\raw\hkex_v2_19l_fix\01_full_list_of_securities.xlsx,ListOfSecurities,2275,03460,03460,03460.HK,03460.HK,03460.HK,CAM SOL,Exchange Traded Products,Exchange Traded Funds,fund_or_etp,potential_candidate_pending_canonical_validation,100,HK0001198149,,,Y,Y,,Y,,,Y,5,HKD,83460,False,True,not_performed_v2_19n,not_performed_v2_19o,v2.19O,net_new_pending_expanded_rebuild,no_match_found,not_found_in_active_or_current_candidate,0,True,True,221,outputs\full_universe_source_acquisition\expanded_universe_candidate_hkex_v2_19p.csv,current_candidate_headers_preserved,03460.HK,HK0001198149
HKEX_03461,v2.19N,HKEX,Hong Kong,Hong Kong,HKEX,XHKG,hkex_repair_01_full_list_of_securities,outputs\full_universe_source_acquisition\raw\hkex_v2_19l_fix\01_full_list_of_securities.xlsx,ListOfSecurities,2276,03461,03461,03461.HK,03461.HK,03461.HK,A CAM RMBTMMF,Exchange Traded Products,Exchange Traded Funds,fund_or_etp,potential_candidate_pending_canonical_validation,1,HK0001224952,,,Y,Y,,Y,,,Y,3,HKD,83461,False,True,not_performed_v2_19n,not_performed_v2_19o,v2.19O,net_new_pending_expanded_rebuild,no_match_found,not_found_in_active_or_current_candidate,0,True,True,222,outputs\full_universe_source_acquisition\expanded_universe_candidate_hkex_v2_19p.csv,current_candidate_headers_preserved,03461.HK,HK0001224952
HKEX_03466,v2.19N,HKEX,Hong Kong,Hong Kong,HKEX,XHKG,hkex_repair_01_full_list_of_securities,outputs\full_universe_source_acquisition\raw\hkex_v2_19l_fix\01_full_list_of_securities.xlsx,ListOfSecurities,2277,03466,03466,03466.HK,03466.HK,03466.HK,HS HIGH DIV,Exchange Traded Products,Exchange Traded Funds,fund_or_etp,potential_candidate_pending_canonical_validation,400,HK0001121091,,,Y,Y,Y,Y,,,Y,5,HKD,,False,True,not_performed_v2_19n,not_performed_v2_19o,v2.19O,net_new_pending_expanded_rebuild,no_match_found,not_found_in_active_or_current_candidate,0,True,True,223,outputs\full_universe_source_acquisition\expanded_universe_candidate_hkex_v2_19p.csv,current_candidate_headers_preserved,03466.HK,HK0001121091
HKEX_03469,v2.19N,HKEX,Hong Kong,Hong Kong,HKEX,XHKG,hkex_repair_01_full_list_of_securities,outputs\full_universe_source_acquisition\raw\hkex_v2_19l_fix\01_full_list_of_securities.xlsx,ListOfSecurities,2278,03469,03469,03469.HK,03469.HK,03469.HK,CSOP SCHIGHDIV,Exchange Traded Products,Exchange Traded Funds,fund_or_etp,potential_candidate_pending_canonical_validation,100,HK0001197653,,,Y,Y,,Y,,,Y,5,HKD,,False,True,not_performed_v2_19n,not_performed_v2_19o,v2.19O,net_new_pending_expanded_rebuild,no_match_found,not_found_in_active_or_current_candidate,0,True,True,224,outputs\full_universe_source_acquisition\expanded_universe_candidate_hkex_v2_19p.csv,current_candidate_headers_preserved,03469.HK,HK0001197653
HKEX_03470,v2.19N,HKEX,Hong Kong,Hong Kong,HKEX,XHKG,hkex_repair_01_full_list_of_securities,outputs\full_universe_source_acquisition\raw\hkex_v2_19l_fix\01_full_list_of_securities.xlsx,ListOfSecurities,2279,03470,03470,03470.HK,03470.HK,03470.HK,GX GREATERCHINA,Exchange Traded Products,Exchange Traded Funds,fund_or_etp,potential_candidate_pending_canonical_validation,100,HK0001107710,,,Y,Y,,Y,,,Y,5,HKD,,False,True,not_performed_v2_19n,not_performed_v2_19o,v2.19O,net_new_pending_expanded_rebuild,no_match_found,not_found_in_active_or_current_candidate,0,True,True,225,outputs\full_universe_source_acquisition\expanded_universe_candidate_hkex_v2_19p.csv,current_candidate_headers_preserved,03470.HK,HK0001107710
HKEX_03471,v2.19N,HKEX,Hong Kong,Hong Kong,HKEX,XHKG,hkex_repair_01_full_list_of_securities,outputs\full_universe_source_acquisition\raw\hkex_v2_19l_fix\01_full_list_of_securities.xlsx,ListOfSecurities,2280,03471,03471,03471.HK,03471.HK,03471.HK,A CAM HKDTMMF,Exchange Traded Products,Exchange Traded Funds,fund_or_etp,potential_candidate_pending_canonical_validation,1,HK0001224937,,,Y,Y,,Y,,,Y,3,HKD,,False,True,not_performed_v2_19n,not_performed_v2_19o,v2.19O,net_new_pending_expanded_rebuild,no_match_found,not_found_in_active_or_current_candidate,0,True,True,226,outputs\full_universe_source_acquisition\expanded_universe_candidate_hkex_v2_19p.csv,current_candidate_headers_preserved,03471.HK,HK0001224937
HKEX_03472,v2.19N,HKEX,Hong Kong,Hong Kong,HKEX,XHKG,hkex_repair_01_full_list_of_securities,outputs\full_universe_source_acquisition\raw\hkex_v2_19l_fix\01_full_list_of_securities.xlsx,ListOfSecurities,2281,03472,03472,03472.HK,03472.HK,03472.HK,A CAM USDTMMF,Exchange Traded Products,Exchange Traded Funds,fund_or_etp,potential_candidate_pending_canonical_validation,1,HK0001224945,,,Y,Y,,Y,,,Y,3,HKD,,False,True,not_performed_v2_19n,not_performed_v2_19o,v2.19O,net_new_pending_expanded_rebuild,no_match_found,not_found_in_active_or_current_candidate,0,True,True,227,outputs\full_universe_source_acquisition\expanded_universe_candidate_hkex_v2_19p.csv,current_candidate_headers_preserved,03472.HK,HK0001224945
HKEX_03473,v2.19N,HKEX,Hong Kong,Hong Kong,HKEX,XHKG,hkex_repair_01_full_list_of_securities,outputs\full_universe_source_acquisition\raw\hkex_v2_19l_fix\01_full_list_of_securities.xlsx,ListOfSecurities,2282,03473,03473,03473.HK,03473.HK,03473.HK,CSOP ASIA TECH,Exchange Traded Products,Exchange Traded Funds,fund_or_etp,potential_candidate_pending_canonical_validation,100,HK0001275350,,,Y,Y,,Y,,,Y,5,HKD,,False,True,not_performed_v2_19n,not_performed_v2_19o,v2.19O,net_new_pending_expanded_rebuild,no_match_found,not_found_in_active_or_current_candidate,0,True,True,228,outputs\full_universe_source_acquisition\expanded_universe_candidate_hkex_v2_19p.csv,current_candidate_headers_preserved,03473.HK,HK0001275350
HKEX_03476,v2.19N,HKEX,Hong Kong,Hong Kong,HKEX,XHKG,hkex_repair_01_full_list_of_securities,outputs\full_universe_source_acquisition\raw\hkex_v2_19l_fix\01_full_list_of_securities.xlsx,ListOfSecurities,2283,03476,03476,03476.HK,03476.HK,03476.HK,A HSJPUSINCOME,Exchange Traded Products,Exchange Traded Funds,fund_or_etp,potential_candidate_pending_canonical_validation,500,HK0001157814,,,Y,Y,,Y,,,Y,5,HKD,,False,True,not_performed_v2_19n,not_performed_v2_19o,v2.19O,net_new_pending_expanded_rebuild,no_match_found,not_found_in_active_or_current_candidate,0,True,True,229,outputs\full_universe_source_acquisition\expanded_universe_candidate_hkex_v2_19p.csv,current_candidate_headers_preserved,03476.HK,HK0001157814
HKEX_03477,v2.19N,HKEX,Hong Kong,Hong Kong,HKEX,XHKG,hkex_repair_01_full_list_of_securities,outputs\full_universe_source_acquisition\raw\hkex_v2_19l_fix\01_full_list_of_securities.xlsx,ListOfSecurities,2284,03477,03477,03477.HK,03477.HK,03477.HK,PA EW SELECT,Exchange Traded Products,Exchange Traded Funds,fund_or_etp,potential_candidate_pending_canonical_validation,50,HK0001174660,,,Y,Y,,Y,,,Y,5,HKD,,False,True,not_performed_v2_19n,not_performed_v2_19o,v2.19O,net_new_pending_expanded_rebuild,no_match_found,not_found_in_active_or_current_candidate,0,True,True,230,outputs\full_universe_source_acquisition\expanded_universe_candidate_hkex_v2_19p.csv,current_candidate_headers_preserved,03477.HK,HK0001174660
HKEX_03478,v2.19N,HKEX,Hong Kong,Hong Kong,HKEX,XHKG,hkex_repair_01_full_list_of_securities,outputs\full_universe_source_acquisition\raw\hkex_v2_19l_fix\01_full_list_of_securities.xlsx,ListOfSecurities,2285,03478,03478,03478.HK,03478.HK,03478.HK,PPKSA G SUKUK,Exchange Traded Products,Exchange Traded Funds,fund_or_etp,potential_candidate_pending_canonical_validation,50,HK0001135596,,,Y,Y,,Y,,,Y,5,HKD,,False,True,not_performed_v2_19n,not_performed_v2_19o,v2.19O,net_new_pending_expanded_rebuild,no_match_found,not_found_in_active_or_current_candidate,0,True,True,231,outputs\full_universe_source_acquisition\expanded_universe_candidate_hkex_v2_19p.csv,current_candidate_headers_preserved,03478.HK,HK0001135596
HKEX_03480,v2.19N,HKEX,Hong Kong,Hong Kong,HKEX,XHKG,hkex_repair_01_full_list_of_securities,outputs\full_universe_source_acquisition\raw\hkex_v2_19l_fix\01_full_list_of_securities.xlsx,ListOfSecurities,2286,03480,03480,03480.HK,03480.HK,03480.HK,A VP USD MM,Exchange Traded Products,Exchange Traded Funds,fund_or_etp,potential_candidate_pending_canonical_validation,1,HK0001207866,,,Y,Y,,Y,,,Y,3,HKD,,False,True,not_performed_v2_19n,not_performed_v2_19o,v2.19O,net_new_pending_expanded_rebuild,no_match_found,not_found_in_active_or_current_candidate,0,True,True,232,outputs\full_universe_source_acquisition\expanded_universe_candidate_hkex_v2_19p.csv,current_candidate_headers_preserved,03480.HK,HK0001207866
HKEX_03483,v2.19N,HKEX,Hong Kong,Hong Kong,HKEX,XHKG,hkex_repair_01_full_list_of_securities,outputs\full_universe_source_acquisition\raw\hkex_v2_19l_fix\01_full_list_of_securities.xlsx,ListOfSecurities,2287,03483,03483,03483.HK,03483.HK,03483.HK,EFUND APAC HD,Exchange Traded Products,Exchange Traded Funds,fund_or_etp,potential_candidate_pending_canonical_validation,100,HK0001176731,,,Y,Y,,Y,,,Y,5,HKD,83483,False,True,not_performed_v2_19n,not_performed_v2_19o,v2.19O,net_new_pending_expanded_rebuild,no_match_found,not_found_in_active_or_current_candidate,0,True,True,233,outputs\full_universe_source_acquisition\expanded_universe_candidate_hkex_v2_19p.csv,current_candidate_headers_preserved,03483.HK,HK0001176731
HKEX_03486,v2.19N,HKEX,Hong Kong,Hong Kong,HKEX,XHKG,hkex_repair_01_full_list_of_securities,outputs\full_universe_source_acquisition\raw\hkex_v2_19l_fix\01_full_list_of_securities.xlsx,ListOfSecurities,2288,03486,03486,03486.HK,03486.HK,03486.HK,EFUND A SEMICON,Exchange Traded Products,Exchange Traded Funds,fund_or_etp,potential_candidate_pending_canonical_validation,100,HK0001254546,,,Y,Y,,Y,,,Y,5,HKD,,False,True,not_performed_v2_19n,not_performed_v2_19o,v2.19O,net_new_pending_expanded_rebuild,no_match_found,not_found_in_active_or_current_candidate,0,True,True,234,outputs\full_universe_source_acquisition\expanded_universe_candidate_hkex_v2_19p.csv,current_candidate_headers_preserved,03486.HK,HK0001254546
HKEX_03488,v2.19N,HKEX,Hong Kong,Hong Kong,HKEX,XHKG,hkex_repair_01_full_list_of_securities,outputs\full_universe_source_acquisition\raw\hkex_v2_19l_fix\01_full_list_of_securities.xlsx,ListOfSecurities,2289,03488,03488,03488.HK,03488.HK,03488.HK,VP DIV LO VOL,Exchange Traded Products,Exchange Traded Funds,fund_or_etp,potential_candidate_pending_canonical_validation,100,HK0001288114,,,Y,Y,,Y,,,Y,5,HKD,,False,True,not_performed_v2_19n,not_performed_v2_19o,v2.19O,net_new_pending_expanded_rebuild,no_match_found,not_found_in_active_or_current_candidate,0,True,True,235,outputs\full_universe_source_acquisition\expanded_universe_candidate_hkex_v2_19p.csv,current_candidate_headers_preserved,03488.HK,HK0001288114
HKEX_03489,v2.19N,HKEX,Hong Kong,Hong Kong,HKEX,XHKG,hkex_repair_01_full_list_of_securities,outputs\full_universe_source_acquisition\raw\hkex_v2_19l_fix\01_full_list_of_securities.xlsx,ListOfSecurities,2290,03489,03489,03489.HK,03489.HK,03489.HK,EFUND AI,Exchange Traded Products,Exchange Traded Funds,fund_or_etp,potential_candidate_pending_canonical_validation,100,HK0001182432,,,Y,Y,,Y,,,Y,5,HKD,83489,False,True,not_performed_v2_19n,not_performed_v2_19o,v2.19O,net_new_pending_expanded_rebuild,no_match_found,not_found_in_active_or_current_candidate,0,True,True,236,outputs\full_universe_source_acquisition\expanded_universe_candidate_hkex_v2_19p.csv,current_candidate_headers_preserved,03489.HK,HK0001182432
HKEX_03509,v2.19N,HKEX,Hong Kong,Hong Kong,HKEX,XHKG,hkex_repair_01_full_list_of_securities,outputs\full_universe_source_acquisition\raw\hkex_v2_19l_fix\01_full_list_of_securities.xlsx,ListOfSecurities,2291,03509,03509,03509.HK,03509.HK,03509.HK,EFUND MPF CN A,Exchange Traded Products,Exchange Traded Funds,fund_or_etp,potential_candidate_pending_canonical_validation,100,HK0001311262,,,Y,Y,,Y,,,Y,5,HKD,,False,True,not_performed_v2_19n,not_performed_v2_19o,v2.19O,net_new_pending_expanded_rebuild,no_match_found,not_found_in_active_or_current_candidate,0,True,True,237,outputs\full_universe_source_acquisition\expanded_universe_candidate_hkex_v2_19p.csv,current_candidate_headers_preserved,03509.HK,HK0001311262
HKEX_03519,v2.19N,HKEX,Hong Kong,Hong Kong,HKEX,XHKG,hkex_repair_01_full_list_of_securities,outputs\full_universe_source_acquisition\raw\hkex_v2_19l_fix\01_full_list_of_securities.xlsx,ListOfSecurities,2292,03519,03519,03519.HK,03519.HK,03519.HK,A HSCEICC,Exchange Traded Products,Exchange Traded Funds,fund_or_etp,potential_candidate_pending_canonical_validation,100,HK0001298436,,,Y,Y,,Y,,,Y,5,HKD,,False,True,not_performed_v2_19n,not_performed_v2_19o,v2.19O,net_new_pending_expanded_rebuild,no_match_found,not_found_in_active_or_current_candidate,0,True,True,238,outputs\full_universe_source_acquisition\expanded_universe_candidate_hkex_v2_19p.csv,current_candidate_headers_preserved,03519.HK,HK0001298436
HKEX_03533,v2.19N,HKEX,Hong Kong,Hong Kong,HKEX,XHKG,hkex_repair_01_full_list_of_securities,outputs\full_universe_source_acquisition\raw\hkex_v2_19l_fix\01_full_list_of_securities.xlsx,ListOfSecurities,2293,03533,03533,03533.HK,03533.HK,03533.HK,XA GX GOLD CC,Exchange Traded Products,Exchange Traded Funds,fund_or_etp,potential_candidate_pending_canonical_validation,25,HK0001279717,,,Y,Y,,Y,,,Y,5,HKD,,False,True,not_performed_v2_19n,not_performed_v2_19o,v2.19O,net_new_pending_expanded_rebuild,no_match_found,not_found_in_active_or_current_candidate,0,True,True,239,outputs\full_universe_source_acquisition\expanded_universe_candidate_hkex_v2_19p.csv,current_candidate_headers_preserved,03533.HK,HK0001279717
HKEX_03535,v2.19N,HKEX,Hong Kong,Hong Kong,HKEX,XHKG,hkex_repair_01_full_list_of_securities,outputs\full_universe_source_acquisition\raw\hkex_v2_19l_fix\01_full_list_of_securities.xlsx,ListOfSecurities,2294,03535,03535,03535.HK,03535.HK,03535.HK,CSOP HKJPCF,Exchange Traded Products,Exchange Traded Funds,fund_or_etp,potential_candidate_pending_canonical_validation,100,HK0001281473,,,Y,Y,,Y,,,Y,5,HKD,,False,True,not_performed_v2_19n,not_performed_v2_19o,v2.19O,net_new_pending_expanded_rebuild,no_match_found,not_found_in_active_or_current_candidate,0,True,True,240,outputs\full_universe_source_acquisition\expanded_universe_candidate_hkex_v2_19p.csv,current_candidate_headers_preserved,03535.HK,HK0001281473
HKEX_03537,v2.19N,HKEX,Hong Kong,Hong Kong,HKEX,XHKG,hkex_repair_01_full_list_of_securities,outputs\full_universe_source_acquisition\raw\hkex_v2_19l_fix\01_full_list_of_securities.xlsx,ListOfSecurities,2295,03537,03537,03537.HK,03537.HK,03537.HK,A CSOP KOSPICC,Exchange Traded Products,Exchange Traded Funds,fund_or_etp,potential_candidate_pending_canonical_validation,100,HK0001339099,,,Y,Y,,Y,,,Y,5,HKD,,False,True,not_performed_v2_19n,not_performed_v2_19o,v2.19O,net_new_pending_expanded_rebuild,no_match_found,not_found_in_active_or_current_candidate,0,True,True,241,outputs\full_universe_source_acquisition\expanded_universe_candidate_hkex_v2_19p.csv,current_candidate_headers_preserved,03537.HK,HK0001339099
HKEX_03579,v2.19N,HKEX,Hong Kong,Hong Kong,HKEX,XHKG,hkex_repair_01_full_list_of_securities,outputs\full_universe_source_acquisition\raw\hkex_v2_19l_fix\01_full_list_of_securities.xlsx,ListOfSecurities,2296,03579,03579,03579.HK,03579.HK,03579.HK,EFUND MPF HK,Exchange Traded Products,Exchange Traded Funds,fund_or_etp,potential_candidate_pending_canonical_validation,100,HK0001311254,,,Y,Y,,Y,,,Y,5,HKD,,False,True,not_performed_v2_19n,not_performed_v2_19o,v2.19O,net_new_pending_expanded_rebuild,no_match_found,not_found_in_active_or_current_candidate,0,True,True,242,outputs\full_universe_source_acquisition\expanded_universe_candidate_hkex_v2_19p.csv,current_candidate_headers_preserved,03579.HK,HK0001311254
HKEX_03589,v2.19N,HKEX,Hong Kong,Hong Kong,HKEX,XHKG,hkex_repair_01_full_list_of_securities,outputs\full_universe_source_acquisition\raw\hkex_v2_19l_fix\01_full_list_of_securities.xlsx,ListOfSecurities,2297,03589,03589,03589.HK,03589.HK,03589.HK,A HSTECHCC,Exchange Traded Products,Exchange Traded Funds,fund_or_etp,potential_candidate_pending_canonical_validation,100,HK0001298378,,,Y,Y,,Y,,,Y,5,HKD,,False,True,not_performed_v2_19n,not_performed_v2_19o,v2.19O,net_new_pending_expanded_rebuild,no_match_found,not_found_in_active_or_current_candidate,0,True,True,243,outputs\full_universe_source_acquisition\expanded_universe_candidate_hkex_v2_19p.csv,current_candidate_headers_preserved,03589.HK,HK0001298378
HKEX_03752,v2.19N,HKEX,Hong Kong,Hong Kong,HKEX,XHKG,hkex_repair_01_full_list_of_securities,outputs\full_universe_source_acquisition\raw\hkex_v2_19l_fix\01_full_list_of_securities.xlsx,ListOfSecurities,2342,03752,03752,03752.HK,03752.HK,03752.HK,ROKAE ROBOTICS,Equity,Equity Securities (Main Board),equity_like,potential_candidate_pending_canonical_validation,100,CNE100007RP2,,Y,,Y,,Y,,,Y,1,HKD,,False,True,not_performed_v2_19n,not_performed_v2_19o,v2.19O,net_new_pending_expanded_rebuild,no_match_found,not_found_in_active_or_current_candidate,0,True,True,244,outputs\full_universe_source_acquisition\expanded_universe_candidate_hkex_v2_19p.csv,current_candidate_headers_preserved,03752.HK,CNE100007RP2
HKEX_06228,v2.19N,HKEX,Hong Kong,Hong Kong,HKEX,XHKG,hkex_repair_01_full_list_of_securities,outputs\full_universe_source_acquisition\raw\hkex_v2_19l_fix\01_full_list_of_securities.xlsx,ListOfSecurities,3137,06228,06228,06228.HK,06228.HK,06228.HK,MERDEKAGOLD-DRS,Equity,Depositary Receipts,equity_like,potential_candidate_pending_canonical_validation,100,US5889221124,,Y,,Y,,Y,,,Y,1,HKD,,False,True,not_performed_v2_19n,not_performed_v2_19o,v2.19O,net_new_pending_expanded_rebuild,no_match_found,not_found_in_active_or_current_candidate,0,True,True,245,outputs\full_universe_source_acquisition\expanded_universe_candidate_hkex_v2_19p.csv,current_candidate_headers_preserved,06228.HK,US5889221124
HKEX_06288,v2.19N,HKEX,Hong Kong,Hong Kong,HKEX,XHKG,hkex_repair_01_full_list_of_securities,outputs\full_universe_source_acquisition\raw\hkex_v2_19l_fix\01_full_list_of_securities.xlsx,ListOfSecurities,3138,06288,06288,06288.HK,06288.HK,06288.HK,FAST RETAIL-DRS,Equity,Depositary Receipts,equity_like,potential_candidate_pending_canonical_validation,300,US31188H2004,,Y,,Y,,Y,,,Y,1,HKD,,False,True,not_performed_v2_19n,not_performed_v2_19o,v2.19O,net_new_pending_expanded_rebuild,no_match_found,not_found_in_active_or_current_candidate,0,True,True,246,outputs\full_universe_source_acquisition\expanded_universe_candidate_hkex_v2_19p.csv,current_candidate_headers_preserved,06288.HK,US31188H2004
HKEX_06745,v2.19N,HKEX,Hong Kong,Hong Kong,HKEX,XHKG,hkex_repair_01_full_list_of_securities,outputs\full_universe_source_acquisition\raw\hkex_v2_19l_fix\01_full_list_of_securities.xlsx,ListOfSecurities,3183,06745,06745,06745.HK,06745.HK,06745.HK,BEFAR GROUP,Equity,Equity Securities (Main Board),equity_like,potential_candidate_pending_canonical_validation,"1,000",CNE100007R29,,Y,,Y,,Y,,,Y,1,HKD,,False,True,not_performed_v2_19n,not_performed_v2_19o,v2.19O,net_new_pending_expanded_rebuild,no_match_found,not_found_in_active_or_current_candidate,0,True,True,247,outputs\full_universe_source_acquisition\expanded_universe_candidate_hkex_v2_19p.csv,current_candidate_headers_preserved,06745.HK,CNE100007R29
HKEX_06951,v2.19N,HKEX,Hong Kong,Hong Kong,HKEX,XHKG,hkex_repair_01_full_list_of_securities,outputs\full_universe_source_acquisition\raw\hkex_v2_19l_fix\01_full_list_of_securities.xlsx,ListOfSecurities,3270,06951,06951,06951.HK,06951.HK,06951.HK,CCTC,Equity,Equity Securities (Main Board),equity_like,potential_candidate_pending_canonical_validation,100,CNE100007RM9,,Y,,Y,,Y,,,Y,1,HKD,,False,True,not_performed_v2_19n,not_performed_v2_19o,v2.19O,net_new_pending_expanded_rebuild,no_match_found,not_found_in_active_or_current_candidate,0,True,True,248,outputs\full_universe_source_acquisition\expanded_universe_candidate_hkex_v2_19p.csv,current_candidate_headers_preserved,06951.HK,CNE100007RM9
HKEX_09001,v2.19N,HKEX,Hong Kong,Hong Kong,HKEX,XHKG,hkex_repair_01_full_list_of_securities,outputs\full_universe_source_acquisition\raw\hkex_v2_19l_fix\01_full_list_of_securities.xlsx,ListOfSecurities,3633,09001,09001,09001.HK,09001.HK,09001.HK,PP CNUSDPROP-U,Exchange Traded Products,Exchange Traded Funds,fund_or_etp,potential_candidate_pending_canonical_validation,5,HK0000723178,,,Y,Y,,Y,,,Y,3,USD,83001,False,True,not_performed_v2_19n,not_performed_v2_19o,v2.19O,net_new_pending_expanded_rebuild,no_match_found,not_found_in_active_or_current_candidate,0,True,True,249,outputs\full_universe_source_acquisition\expanded_universe_candidate_hkex_v2_19p.csv,current_candidate_headers_preserved,09001.HK,HK0000723178
HKEX_09008,v2.19N,HKEX,Hong Kong,Hong Kong,HKEX,XHKG,hkex_repair_01_full_list_of_securities,outputs\full_universe_source_acquisition\raw\hkex_v2_19l_fix\01_full_list_of_securities.xlsx,ListOfSecurities,3634,09008,09008,09008.HK,09008.HK,09008.HK,BOS HSK BTC-U,Exchange Traded Products,Exchange Traded Funds,fund_or_etp,potential_candidate_pending_canonical_validation,100,HK0001010674,,,Y,Y,,Y,,,Y,5,USD,,False,True,not_performed_v2_19n,not_performed_v2_19o,v2.19O,net_new_pending_expanded_rebuild,no_match_found,not_found_in_active_or_current_candidate,0,True,True,250,outputs\full_universe_source_acquisition\expanded_universe_candidate_hkex_v2_19p.csv,current_candidate_headers_preserved,09008.HK,HK0001010674
HKEX_09009,v2.19N,HKEX,Hong Kong,Hong Kong,HKEX,XHKG,hkex_repair_01_full_list_of_securities,outputs\full_universe_source_acquisition\raw\hkex_v2_19l_fix\01_full_list_of_securities.xlsx,ListOfSecurities,3635,09009,09009,09009.HK,09009.HK,09009.HK,BOS HSK ETH-U,Exchange Traded Products,Exchange Traded Funds,fund_or_etp,potential_candidate_pending_canonical_validation,100,HK0001010625,,,Y,Y,,Y,,,Y,5,USD,,False,True,not_performed_v2_19n,not_performed_v2_19o,v2.19O,net_new_pending_expanded_rebuild,no_match_found,not_found_in_active_or_current_candidate,0,True,True,251,outputs\full_universe_source_acquisition\expanded_universe_candidate_hkex_v2_19p.csv,current_candidate_headers_preserved,09009.HK,HK0001010625
HKEX_09010,v2.19N,HKEX,Hong Kong,Hong Kong,HKEX,XHKG,hkex_repair_01_full_list_of_securities,outputs\full_universe_source_acquisition\raw\hkex_v2_19l_fix\01_full_list_of_securities.xlsx,ListOfSecurities,3636,09010,09010,09010.HK,09010.HK,09010.HK,ISHARES AXJ-U,Exchange Traded Products,Exchange Traded Funds,fund_or_etp,potential_candidate_pending_canonical_validation,100,HK0000051877,,,Y,Y,,Y,,,Y,5,USD,83010,False,True,not_performed_v2_19n,not_performed_v2_19o,v2.19O,net_new_pending_expanded_rebuild,no_match_found,not_found_in_active_or_current_candidate,0,True,True,252,outputs\full_universe_source_acquisition\expanded_universe_candidate_hkex_v2_19p.csv,current_candidate_headers_preserved,09010.HK,HK0000051877
HKEX_09011,v2.19N,HKEX,Hong Kong,Hong Kong,HKEX,XHKG,hkex_repair_01_full_list_of_securities,outputs\full_universe_source_acquisition\raw\hkex_v2_19l_fix\01_full_list_of_securities.xlsx,ListOfSecurities,3637,09011,09011,09011.HK,09011.HK,09011.HK,A CICC USD-U,Exchange Traded Products,Exchange Traded Funds,fund_or_etp,potential_candidate_pending_canonical_validation,1,HK0000507407,,,Y,Y,,Y,,,Y,3,USD,,False,True,not_performed_v2_19n,not_performed_v2_19o,v2.19O,net_new_pending_expanded_rebuild,no_match_found,not_found_in_active_or_current_candidate,0,True,True,253,outputs\full_universe_source_acquisition\expanded_universe_candidate_hkex_v2_19p.csv,current_candidate_headers_preserved,09011.HK,HK0000507407
HKEX_09031,v2.19N,HKEX,Hong Kong,Hong Kong,HKEX,XHKG,hkex_repair_01_full_list_of_securities,outputs\full_universe_source_acquisition\raw\hkex_v2_19l_fix\01_full_list_of_securities.xlsx,ListOfSecurities,3638,09031,09031,09031.HK,09031.HK,09031.HK,FG HS HIGHDIV-U,Exchange Traded Products,Exchange Traded Funds,fund_or_etp,potential_candidate_pending_canonical_validation,100,HK0001281408,,,Y,Y,,Y,,,Y,5,USD,83031,False,True,not_performed_v2_19n,not_performed_v2_19o,v2.19O,net_new_pending_expanded_rebuild,no_match_found,not_found_in_active_or_current_candidate,0,True,True,254,outputs\full_universe_source_acquisition\expanded_universe_candidate_hkex_v2_19p.csv,current_candidate_headers_preserved,09031.HK,HK0001281408
HKEX_09040,v2.19N,HKEX,Hong Kong,Hong Kong,HKEX,XHKG,hkex_repair_01_full_list_of_securities,outputs\full_universe_source_acquisition\raw\hkex_v2_19l_fix\01_full_list_of_securities.xlsx,ListOfSecurities,3639,09040,09040,09040.HK,09040.HK,09040.HK,GX MSCI CHINA-U,Exchange Traded Products,Exchange Traded Funds,fund_or_etp,potential_candidate_pending_canonical_validation,100,HK0000151925,,,Y,Y,,Y,,,Y,5,USD,,False,True,not_performed_v2_19n,not_performed_v2_19o,v2.19O,net_new_pending_expanded_rebuild,no_match_found,not_found_in_active_or_current_candidate,0,True,True,255,outputs\full_universe_source_acquisition\expanded_universe_candidate_hkex_v2_19p.csv,current_candidate_headers_preserved,09040.HK,HK0000151925
HKEX_09042,v2.19N,HKEX,Hong Kong,Hong Kong,HKEX,XHKG,hkex_repair_01_full_list_of_securities,outputs\full_universe_source_acquisition\raw\hkex_v2_19l_fix\01_full_list_of_securities.xlsx,ListOfSecurities,3640,09042,09042,09042.HK,09042.HK,09042.HK,CAM BTC-U,Exchange Traded Products,Exchange Traded Funds,fund_or_etp,potential_candidate_pending_canonical_validation,100,HK0001009700,,,Y,Y,,Y,,,Y,5,USD,83042,False,True,not_performed_v2_19n,not_performed_v2_19o,v2.19O,net_new_pending_expanded_rebuild,no_match_found,not_found_in_active_or_current_candidate,0,True,True,256,outputs\full_universe_source_acquisition\expanded_universe_candidate_hkex_v2_19p.csv,current_candidate_headers_preserved,09042.HK,HK0001009700
HKEX_09046,v2.19N,HKEX,Hong Kong,Hong Kong,HKEX,XHKG,hkex_repair_01_full_list_of_securities,outputs\full_universe_source_acquisition\raw\hkex_v2_19l_fix\01_full_list_of_securities.xlsx,ListOfSecurities,3641,09046,09046,09046.HK,09046.HK,09046.HK,CAM ETH-U,Exchange Traded Products,Exchange Traded Funds,fund_or_etp,potential_candidate_pending_canonical_validation,100,HK0001009734,,,Y,Y,,Y,,,Y,5,USD,83046,False,True,not_performed_v2_19n,not_performed_v2_19o,v2.19O,net_new_pending_expanded_rebuild,no_match_found,not_found_in_active_or_current_candidate,0,True,True,257,outputs\full_universe_source_acquisition\expanded_universe_candidate_hkex_v2_19p.csv,current_candidate_headers_preserved,09046.HK,HK0001009734
HKEX_09047,v2.19N,HKEX,Hong Kong,Hong Kong,HKEX,XHKG,hkex_repair_01_full_list_of_securities,outputs\full_universe_source_acquisition\raw\hkex_v2_19l_fix\01_full_list_of_securities.xlsx,ListOfSecurities,3642,09047,09047,09047.HK,09047.HK,09047.HK,F SSIFIRONORE-U,Exchange Traded Products,Exchange Traded Funds,fund_or_etp,potential_candidate_pending_canonical_validation,100,HK0000591641,,,Y,Y,,Y,,,Y,5,USD,,False,True,not_performed_v2_19n,not_performed_v2_19o,v2.19O,net_new_pending_expanded_rebuild,no_match_found,not_found_in_active_or_current_candidate,0,True,True,258,outputs\full_universe_source_acquisition\expanded_universe_candidate_hkex_v2_19p.csv,current_candidate_headers_preserved,09047.HK,HK0000591641
HKEX_09064,v2.19N,HKEX,Hong Kong,Hong Kong,HKEX,XHKG,hkex_repair_01_full_list_of_securities,outputs\full_universe_source_acquisition\raw\hkex_v2_19l_fix\01_full_list_of_securities.xlsx,ListOfSecurities,3643,09064,09064,09064.HK,09064.HK,09064.HK,GX APAC-U,Exchange Traded Products,Exchange Traded Funds,fund_or_etp,potential_candidate_pending_canonical_validation,100,HK0001107736,,,Y,Y,,Y,,,Y,5,USD,,False,True,not_performed_v2_19n,not_performed_v2_19o,v2.19O,net_new_pending_expanded_rebuild,no_match_found,not_found_in_active_or_current_candidate,0,True,True,259,outputs\full_universe_source_acquisition\expanded_universe_candidate_hkex_v2_19p.csv,current_candidate_headers_preserved,09064.HK,HK0001107736
HKEX_09067,v2.19N,HKEX,Hong Kong,Hong Kong,HKEX,XHKG,hkex_repair_01_full_list_of_securities,outputs\full_universe_source_acquisition\raw\hkex_v2_19l_fix\01_full_list_of_securities.xlsx,ListOfSecurities,3644,09067,09067,09067.HK,09067.HK,09067.HK,ISHARESHSTECH-U,Exchange Traded Products,Exchange Traded Funds,fund_or_etp,potential_candidate_pending_canonical_validation,100,HK0000651213,,,Y,Y,,Y,,,Y,5,USD,,False,True,not_performed_v2_19n,not_performed_v2_19o,v2.19O,net_new_pending_expanded_rebuild,no_match_found,not_found_in_active_or_current_candidate,0,True,True,260,outputs\full_universe_source_acquisition\expanded_universe_candidate_hkex_v2_19p.csv,current_candidate_headers_preserved,09067.HK,HK0000651213
HKEX_09069,v2.19N,HKEX,Hong Kong,Hong Kong,HKEX,XHKG,hkex_repair_01_full_list_of_securities,outputs\full_universe_source_acquisition\raw\hkex_v2_19l_fix\01_full_list_of_securities.xlsx,ListOfSecurities,3645,09069,09069,09069.HK,09069.HK,09069.HK,CAM HSBIOTECH-U,Exchange Traded Products,Exchange Traded Funds,fund_or_etp,potential_candidate_pending_canonical_validation,100,HK0000711199,,,Y,Y,,Y,,,Y,5,USD,83069,False,True,not_performed_v2_19n,not_performed_v2_19o,v2.19O,net_new_pending_expanded_rebuild,no_match_found,not_found_in_active_or_current_candidate,0,True,True,261,outputs\full_universe_source_acquisition\expanded_universe_candidate_hkex_v2_19p.csv,current_candidate_headers_preserved,09069.HK,HK0000711199
HKEX_09070,v2.19N,HKEX,Hong Kong,Hong Kong,HKEX,XHKG,hkex_repair_01_full_list_of_securities,outputs\full_universe_source_acquisition\raw\hkex_v2_19l_fix\01_full_list_of_securities.xlsx,ListOfSecurities,3646,09070,09070,09070.HK,09070.HK,09070.HK,PING AN HKDIV-U,Exchange Traded Products,Exchange Traded Funds,fund_or_etp,potential_candidate_pending_canonical_validation,100,HK0000098449,,,Y,Y,,Y,,,Y,5,USD,,False,True,not_performed_v2_19n,not_performed_v2_19o,v2.19O,net_new_pending_expanded_rebuild,no_match_found,not_found_in_active_or_current_candidate,0,True,True,262,outputs\full_universe_source_acquisition\expanded_universe_candidate_hkex_v2_19p.csv,current_candidate_headers_preserved,09070.HK,HK0000098449
HKEX_09074,v2.19N,HKEX,Hong Kong,Hong Kong,HKEX,XHKG,hkex_repair_01_full_list_of_securities,outputs\full_universe_source_acquisition\raw\hkex_v2_19l_fix\01_full_list_of_securities.xlsx,ListOfSecurities,3647,09074,09074,09074.HK,09074.HK,09074.HK,ISHARESMSCITW-U,Exchange Traded Products,Exchange Traded Funds,fund_or_etp,potential_candidate_pending_canonical_validation,10,HK0000297777,,,Y,Y,,Y,,,Y,5,USD,,False,True,not_performed_v2_19n,not_performed_v2_19o,v2.19O,net_new_pending_expanded_rebuild,no_match_found,not_found_in_active_or_current_candidate,0,True,True,263,outputs\full_universe_source_acquisition\expanded_universe_candidate_hkex_v2_19p.csv,current_candidate_headers_preserved,09074.HK,HK0000297777
HKEX_09077,v2.19N,HKEX,Hong Kong,Hong Kong,HKEX,XHKG,hkex_repair_01_full_list_of_securities,outputs\full_universe_source_acquisition\raw\hkex_v2_19l_fix\01_full_list_of_securities.xlsx,ListOfSecurities,3649,09077,09077,09077.HK,09077.HK,09077.HK,PREMIA UST-U,Exchange Traded Products,Exchange Traded Funds,fund_or_etp,potential_candidate_pending_canonical_validation,5,HK0000515855,,,Y,Y,,Y,,,Y,3,USD,,False,True,not_performed_v2_19n,not_performed_v2_19o,v2.19O,net_new_pending_expanded_rebuild,no_match_found,not_found_in_active_or_current_candidate,0,True,True,264,outputs\full_universe_source_acquisition\expanded_universe_candidate_hkex_v2_19p.csv,current_candidate_headers_preserved,09077.HK,HK0000515855
HKEX_09078,v2.19N,HKEX,Hong Kong,Hong Kong,HKEX,XHKG,hkex_repair_01_full_list_of_securities,outputs\full_universe_source_acquisition\raw\hkex_v2_19l_fix\01_full_list_of_securities.xlsx,ListOfSecurities,3650,09078,09078,09078.HK,09078.HK,09078.HK,PREMIA UST A-U,Exchange Traded Products,Exchange Traded Funds,fund_or_etp,potential_candidate_pending_canonical_validation,5,HK0000535606,,,Y,Y,,Y,,,Y,3,USD,,False,True,not_performed_v2_19n,not_performed_v2_19o,v2.19O,net_new_pending_expanded_rebuild,no_match_found,not_found_in_active_or_current_candidate,0,True,True,265,outputs\full_universe_source_acquisition\expanded_universe_candidate_hkex_v2_19p.csv,current_candidate_headers_preserved,09078.HK,HK0000535606
HKEX_09081,v2.19N,HKEX,Hong Kong,Hong Kong,HKEX,XHKG,hkex_repair_01_full_list_of_securities,outputs\full_universe_source_acquisition\raw\hkex_v2_19l_fix\01_full_list_of_securities.xlsx,ListOfSecurities,3651,09081,09081,09081.HK,09081.HK,09081.HK,VALUEGOLD ETF-U,Exchange Traded Products,Exchange Traded Funds,fund_or_etp,potential_candidate_pending_canonical_validation,100,HK0000071313,,,Y,Y,,Y,,,Y,5,USD,83081,False,True,not_performed_v2_19n,not_performed_v2_19o,v2.19O,net_new_pending_expanded_rebuild,no_match_found,not_found_in_active_or_current_candidate,0,True,True,266,outputs\full_universe_source_acquisition\expanded_universe_candidate_hkex_v2_19p.csv,current_candidate_headers_preserved,09081.HK,HK0000071313
HKEX_09084,v2.19N,HKEX,Hong Kong,Hong Kong,HKEX,XHKG,hkex_repair_01_full_list_of_securities,outputs\full_universe_source_acquisition\raw\hkex_v2_19l_fix\01_full_list_of_securities.xlsx,ListOfSecurities,3652,09084,09084,09084.HK,09084.HK,09084.HK,A GX INDIA-U,Exchange Traded Products,Exchange Traded Funds,fund_or_etp,potential_candidate_pending_canonical_validation,50,HK0001025045,,,Y,Y,,Y,,,Y,5,USD,,False,True,not_performed_v2_19n,not_performed_v2_19o,v2.19O,net_new_pending_expanded_rebuild,no_match_found,not_found_in_active_or_current_candidate,0,True,True,267,outputs\full_universe_source_acquisition\expanded_universe_candidate_hkex_v2_19p.csv,current_candidate_headers_preserved,09084.HK,HK0001025045
HKEX_09086,v2.19N,HKEX,Hong Kong,Hong Kong,HKEX,XHKG,hkex_repair_01_full_list_of_securities,outputs\full_universe_source_acquisition\raw\hkex_v2_19l_fix\01_full_list_of_securities.xlsx,ListOfSecurities,3653,09086,09086,09086.HK,09086.HK,09086.HK,CAM NASDAQ100-U,Exchange Traded Products,Exchange Traded Funds,fund_or_etp,potential_candidate_pending_canonical_validation,200,HK0000280989,,,Y,Y,,Y,,,Y,5,USD,,False,True,not_performed_v2_19n,not_performed_v2_19o,v2.19O,net_new_pending_expanded_rebuild,no_match_found,not_found_in_active_or_current_candidate,0,True,True,268,outputs\full_universe_source_acquisition\expanded_universe_candidate_hkex_v2_19p.csv,current_candidate_headers_preserved,09086.HK,HK0000280989
HKEX_09088,v2.19N,HKEX,Hong Kong,Hong Kong,HKEX,XHKG,hkex_repair_01_full_list_of_securities,outputs\full_universe_source_acquisition\raw\hkex_v2_19l_fix\01_full_list_of_securities.xlsx,ListOfSecurities,3654,09088,09088,09088.HK,09088.HK,09088.HK,CAM HS TECH-U,Exchange Traded Products,Exchange Traded Funds,fund_or_etp,potential_candidate_pending_canonical_validation,200,HK0000643327,,,Y,Y,,Y,,,Y,5,USD,83088,False,True,not_performed_v2_19n,not_performed_v2_19o,v2.19O,net_new_pending_expanded_rebuild,no_match_found,not_found_in_active_or_current_candidate,0,True,True,269,outputs\full_universe_source_acquisition\expanded_universe_candidate_hkex_v2_19p.csv,current_candidate_headers_preserved,09088.HK,HK0000643327
HKEX_09096,v2.19N,HKEX,Hong Kong,Hong Kong,HKEX,XHKG,hkex_repair_01_full_list_of_securities,outputs\full_universe_source_acquisition\raw\hkex_v2_19l_fix\01_full_list_of_securities.xlsx,ListOfSecurities,3655,09096,09096,09096.HK,09096.HK,09096.HK,A CSOP USD MM-U,Exchange Traded Products,Exchange Traded Funds,fund_or_etp,potential_candidate_pending_canonical_validation,1,HK0000473303,,,Y,Y,,Y,,,Y,3,USD,,False,True,not_performed_v2_19n,not_performed_v2_19o,v2.19O,net_new_pending_expanded_rebuild,no_match_found,not_found_in_active_or_current_candidate,0,True,True,270,outputs\full_universe_source_acquisition\expanded_universe_candidate_hkex_v2_19p.csv,current_candidate_headers_preserved,09096.HK,HK0000473303
HKEX_09102,v2.19N,HKEX,Hong Kong,Hong Kong,HKEX,XHKG,hkex_repair_01_full_list_of_securities,outputs\full_universe_source_acquisition\raw\hkex_v2_19l_fix\01_full_list_of_securities.xlsx,ListOfSecurities,3656,09102,09102,09102.HK,09102.HK,09102.HK,ICBCU KS KWEB-U,Exchange Traded Products,Exchange Traded Funds,fund_or_etp,potential_candidate_pending_canonical_validation,100,HK0001238192,,,Y,Y,,Y,,,Y,5,USD,83102,False,True,not_performed_v2_19n,not_performed_v2_19o,v2.19O,net_new_pending_expanded_rebuild,no_match_found,not_found_in_active_or_current_candidate,0,True,True,271,outputs\full_universe_source_acquisition\expanded_universe_candidate_hkex_v2_19p.csv,current_candidate_headers_preserved,09102.HK,HK0001238192
HKEX_09104,v2.19N,HKEX,Hong Kong,Hong Kong,HKEX,XHKG,hkex_repair_01_full_list_of_securities,outputs\full_universe_source_acquisition\raw\hkex_v2_19l_fix\01_full_list_of_securities.xlsx,ListOfSecurities,3657,09104,09104,09104.HK,09104.HK,09104.HK,A GX EM ASIA-U,Exchange Traded Products,Exchange Traded Funds,fund_or_etp,potential_candidate_pending_canonical_validation,50,HK0001025029,,,Y,Y,,Y,,,Y,5,USD,,False,True,not_performed_v2_19n,not_performed_v2_19o,v2.19O,net_new_pending_expanded_rebuild,no_match_found,not_found_in_active_or_current_candidate,0,True,True,272,outputs\full_universe_source_acquisition\expanded_universe_candidate_hkex_v2_19p.csv,current_candidate_headers_preserved,09104.HK,HK0001025029
HKEX_09107,v2.19N,HKEX,Hong Kong,Hong Kong,HKEX,XHKG,hkex_repair_01_full_list_of_securities,outputs\full_universe_source_acquisition\raw\hkex_v2_19l_fix\01_full_list_of_securities.xlsx,ListOfSecurities,3658,09107,09107,09107.HK,09107.HK,09107.HK,BOS 20 UST A-U,Exchange Traded Products,Exchange Traded Funds,fund_or_etp,potential_candidate_pending_canonical_validation,1,HK0000988706,,,Y,Y,,Y,,,Y,5,USD,,False,True,not_performed_v2_19n,not_performed_v2_19o,v2.19O,net_new_pending_expanded_rebuild,no_match_found,not_found_in_active_or_current_candidate,0,True,True,273,outputs\full_universe_source_acquisition\expanded_universe_candidate_hkex_v2_19p.csv,current_candidate_headers_preserved,09107.HK,HK0000988706
HKEX_09115,v2.19N,HKEX,Hong Kong,Hong Kong,HKEX,XHKG,hkex_repair_01_full_list_of_securities,outputs\full_universe_source_acquisition\raw\hkex_v2_19l_fix\01_full_list_of_securities.xlsx,ListOfSecurities,3659,09115,09115,09115.HK,09115.HK,09115.HK,ISHARESHSI-U,Exchange Traded Products,Exchange Traded Funds,fund_or_etp,potential_candidate_pending_canonical_validation,100,HK0000313426,,,Y,Y,,Y,,,Y,5,USD,83115,False,True,not_performed_v2_19n,not_performed_v2_19o,v2.19O,net_new_pending_expanded_rebuild,no_match_found,not_found_in_active_or_current_candidate,0,True,True,274,outputs\full_universe_source_acquisition\expanded_universe_candidate_hkex_v2_19p.csv,current_candidate_headers_preserved,09115.HK,HK0000313426
HKEX_09140,v2.19N,HKEX,Hong Kong,Hong Kong,HKEX,XHKG,hkex_repair_01_full_list_of_securities,outputs\full_universe_source_acquisition\raw\hkex_v2_19l_fix\01_full_list_of_securities.xlsx,ListOfSecurities,3660,09140,09140,09140.HK,09140.HK,09140.HK,CAM HKUS AI-U,Exchange Traded Products,Exchange Traded Funds,fund_or_etp,potential_candidate_pending_canonical_validation,100,HK0001233946,,,Y,Y,,Y,,,Y,5,USD,83140,False,True,not_performed_v2_19n,not_performed_v2_19o,v2.19O,net_new_pending_expanded_rebuild,no_match_found,not_found_in_active_or_current_candidate,0,True,True,275,outputs\full_universe_source_acquisition\expanded_universe_candidate_hkex_v2_19p.csv,current_candidate_headers_preserved,09140.HK,HK0001233946
HKEX_09141,v2.19N,HKEX,Hong Kong,Hong Kong,HKEX,XHKG,hkex_repair_01_full_list_of_securities,outputs\full_universe_source_acquisition\raw\hkex_v2_19l_fix\01_full_list_of_securities.xlsx,ListOfSecurities,3661,09141,09141,09141.HK,09141.HK,09141.HK,CAM ASIA IGB-U,Exchange Traded Products,Exchange Traded Funds,fund_or_etp,potential_candidate_pending_canonical_validation,200,HK0000221389,,,Y,Y,,Y,,,Y,5,USD,,False,True,not_performed_v2_19n,not_performed_v2_19o,v2.19O,net_new_pending_expanded_rebuild,no_match_found,not_found_in_active_or_current_candidate,0,True,True,276,outputs\full_universe_source_acquisition\expanded_universe_candidate_hkex_v2_19p.csv,current_candidate_headers_preserved,09141.HK,HK0000221389
HKEX_09146,v2.19N,HKEX,Hong Kong,Hong Kong,HKEX,XHKG,hkex_repair_01_full_list_of_securities,outputs\full_universe_source_acquisition\raw\hkex_v2_19l_fix\01_full_list_of_securities.xlsx,ListOfSecurities,3662,09146,09146,09146.HK,09146.HK,09146.HK,CAM 20 UST-U,Exchange Traded Products,Exchange Traded Funds,fund_or_etp,potential_candidate_pending_canonical_validation,1,HK0001006771,,,Y,Y,,Y,,,Y,3,USD,83146,False,True,not_performed_v2_19n,not_performed_v2_19o,v2.19O,net_new_pending_expanded_rebuild,no_match_found,not_found_in_active_or_current_candidate,0,True,True,277,outputs\full_universe_source_acquisition\expanded_universe_candidate_hkex_v2_19p.csv,current_candidate_headers_preserved,09146.HK,HK0001006771
HKEX_09151,v2.19N,HKEX,Hong Kong,Hong Kong,HKEX,XHKG,hkex_repair_01_full_list_of_securities,outputs\full_universe_source_acquisition\raw\hkex_v2_19l_fix\01_full_list_of_securities.xlsx,ListOfSecurities,3663,09151,09151,09151.HK,09151.HK,09151.HK,PREMIA STAR50-U,Exchange Traded Products,Exchange Traded Funds,fund_or_etp,potential_candidate_pending_canonical_validation,200,HK0000761400,,,Y,Y,,Y,,,Y,5,USD,83151,False,True,not_performed_v2_19n,not_performed_v2_19o,v2.19O,net_new_pending_expanded_rebuild,no_match_found,not_found_in_active_or_current_candidate,0,True,True,278,outputs\full_universe_source_acquisition\expanded_universe_candidate_hkex_v2_19p.csv,current_candidate_headers_preserved,09151.HK,HK0000761400
HKEX_09156,v2.19N,HKEX,Hong Kong,Hong Kong,HKEX,XHKG,hkex_repair_01_full_list_of_securities,outputs\full_universe_source_acquisition\raw\hkex_v2_19l_fix\01_full_list_of_securities.xlsx,ListOfSecurities,3664,09156,09156,09156.HK,09156.HK,09156.HK,BOS 20 UST-U,Exchange Traded Products,Exchange Traded Funds,fund_or_etp,potential_candidate_pending_canonical_validation,1,HK0000988698,,,Y,Y,,Y,,,Y,5,USD,,False,True,not_performed_v2_19n,not_performed_v2_19o,v2.19O,net_new_pending_expanded_rebuild,no_match_found,not_found_in_active_or_current_candidate,0,True,True,279,outputs\full_universe_source_acquisition\expanded_universe_candidate_hkex_v2_19p.csv,current_candidate_headers_preserved,09156.HK,HK0000988698
HKEX_09159,v2.19N,HKEX,Hong Kong,Hong Kong,HKEX,XHKG,hkex_repair_01_full_list_of_securities,outputs\full_universe_source_acquisition\raw\hkex_v2_19l_fix\01_full_list_of_securities.xlsx,ListOfSecurities,3665,09159,09159,09159.HK,09159.HK,09159.HK,PREMIA TW50A-U,Exchange Traded Products,Exchange Traded Funds,fund_or_etp,potential_candidate_pending_canonical_validation,50,HK0001061123,,,Y,Y,,Y,,,Y,5,USD,,False,True,not_performed_v2_19n,not_performed_v2_19o,v2.19O,net_new_pending_expanded_rebuild,no_match_found,not_found_in_active_or_current_candidate,0,True,True,280,outputs\full_universe_source_acquisition\expanded_universe_candidate_hkex_v2_19p.csv,current_candidate_headers_preserved,09159.HK,HK0001061123
HKEX_09167,v2.19N,HKEX,Hong Kong,Hong Kong,HKEX,XHKG,hkex_repair_01_full_list_of_securities,outputs\full_universe_source_acquisition\raw\hkex_v2_19l_fix\01_full_list_of_securities.xlsx,ListOfSecurities,3666,09167,09167,09167.HK,09167.HK,09167.HK,ICBCCSOPCHINA-U,Exchange Traded Products,Exchange Traded Funds,fund_or_etp,potential_candidate_pending_canonical_validation,50,HK0000316767,,,Y,Y,,Y,,,Y,5,USD,83167,False,True,not_performed_v2_19n,not_performed_v2_19o,v2.19O,net_new_pending_expanded_rebuild,no_match_found,not_found_in_active_or_current_candidate,0,True,True,281,outputs\full_universe_source_acquisition\expanded_universe_candidate_hkex_v2_19p.csv,current_candidate_headers_preserved,09167.HK,HK0000316767
HKEX_09173,v2.19N,HKEX,Hong Kong,Hong Kong,HKEX,XHKG,hkex_repair_01_full_list_of_securities,outputs\full_universe_source_acquisition\raw\hkex_v2_19l_fix\01_full_list_of_securities.xlsx,ListOfSecurities,3667,09173,09173,09173.HK,09173.HK,09173.HK,PP CN NEWECON-U,Exchange Traded Products,Exchange Traded Funds,fund_or_etp,potential_candidate_pending_canonical_validation,250,HK0000366184,,,Y,Y,,Y,,,Y,5,USD,,False,True,not_performed_v2_19n,not_performed_v2_19o,v2.19O,net_new_pending_expanded_rebuild,no_match_found,not_found_in_active_or_current_candidate,0,True,True,282,outputs\full_universe_source_acquisition\expanded_universe_candidate_hkex_v2_19p.csv,current_candidate_headers_preserved,09173.HK,HK0000366184
HKEX_09176,v2.19N,HKEX,Hong Kong,Hong Kong,HKEX,XHKG,hkex_repair_01_full_list_of_securities,outputs\full_universe_source_acquisition\raw\hkex_v2_19l_fix\01_full_list_of_securities.xlsx,ListOfSecurities,3668,09176,09176,09176.HK,09176.HK,09176.HK,A TK USD MM-U,Exchange Traded Products,Exchange Traded Funds,fund_or_etp,potential_candidate_pending_canonical_validation,1,HK0001243804,,,Y,Y,,Y,,,Y,5,USD,,False,True,not_performed_v2_19n,not_performed_v2_19o,v2.19O,net_new_pending_expanded_rebuild,no_match_found,not_found_in_active_or_current_candidate,0,True,True,283,outputs\full_universe_source_acquisition\expanded_universe_candidate_hkex_v2_19p.csv,current_candidate_headers_preserved,09176.HK,HK0001243804
HKEX_09179,v2.19N,HKEX,Hong Kong,Hong Kong,HKEX,XHKG,hkex_repair_01_full_list_of_securities,outputs\full_universe_source_acquisition\raw\hkex_v2_19l_fix\01_full_list_of_securities.xlsx,ListOfSecurities,3670,09179,09179,09179.HK,09179.HK,09179.HK,HGI ETH-U,Exchange Traded Products,Exchange Traded Funds,fund_or_etp,potential_candidate_pending_canonical_validation,100,HK0001014213,,,Y,Y,,Y,,,Y,5,USD,,False,True,not_performed_v2_19n,not_performed_v2_19o,v2.19O,net_new_pending_expanded_rebuild,no_match_found,not_found_in_active_or_current_candidate,0,True,True,284,outputs\full_universe_source_acquisition\expanded_universe_candidate_hkex_v2_19p.csv,current_candidate_headers_preserved,09179.HK,HK0001014213
HKEX_09181,v2.19N,HKEX,Hong Kong,Hong Kong,HKEX,XHKG,hkex_repair_01_full_list_of_securities,outputs\full_universe_source_acquisition\raw\hkex_v2_19l_fix\01_full_list_of_securities.xlsx,ListOfSecurities,3671,09181,09181,09181.HK,09181.HK,09181.HK,PREMIAASIATEC-U,Exchange Traded Products,Exchange Traded Funds,fund_or_etp,potential_candidate_pending_canonical_validation,50,HK0000433398,,,Y,Y,,Y,,,Y,5,USD,,False,True,not_performed_v2_19n,not_performed_v2_19o,v2.19O,net_new_pending_expanded_rebuild,no_match_found,not_found_in_active_or_current_candidate,0,True,True,285,outputs\full_universe_source_acquisition\expanded_universe_candidate_hkex_v2_19p.csv,current_candidate_headers_preserved,09181.HK,HK0000433398
HKEX_09187,v2.19N,HKEX,Hong Kong,Hong Kong,HKEX,XHKG,hkex_repair_01_full_list_of_securities,outputs\full_universe_source_acquisition\raw\hkex_v2_19l_fix\01_full_list_of_securities.xlsx,ListOfSecurities,3672,09187,09187,09187.HK,09187.HK,09187.HK,SAMSUNG REITS-U,Exchange Traded Products,Exchange Traded Funds,reit,potential_candidate_pending_canonical_validation,200,HK0000656956,,,Y,Y,,Y,,,Y,5,USD,,False,True,not_performed_v2_19n,not_performed_v2_19o,v2.19O,net_new_pending_expanded_rebuild,no_match_found,not_found_in_active_or_current_candidate,0,True,True,286,outputs\full_universe_source_acquisition\expanded_universe_candidate_hkex_v2_19p.csv,current_candidate_headers_preserved,09187.HK,HK0000656956
HKEX_09188,v2.19N,HKEX,Hong Kong,Hong Kong,HKEX,XHKG,hkex_repair_01_full_list_of_securities,outputs\full_universe_source_acquisition\raw\hkex_v2_19l_fix\01_full_list_of_securities.xlsx,ListOfSecurities,3673,09188,09188,09188.HK,09188.HK,09188.HK,CAM CSI300-U,Exchange Traded Products,Exchange Traded Funds,fund_or_etp,potential_candidate_pending_canonical_validation,200,HK0000123577,,,Y,Y,,Y,,,Y,5,USD,83188,False,True,not_performed_v2_19n,not_performed_v2_19o,v2.19O,net_new_pending_expanded_rebuild,no_match_found,not_found_in_active_or_current_candidate,0,True,True,287,outputs\full_universe_source_acquisition\expanded_universe_candidate_hkex_v2_19p.csv,current_candidate_headers_preserved,09188.HK,HK0000123577
HKEX_09191,v2.19N,HKEX,Hong Kong,Hong Kong,HKEX,XHKG,hkex_repair_01_full_list_of_securities,outputs\full_universe_source_acquisition\raw\hkex_v2_19l_fix\01_full_list_of_securities.xlsx,ListOfSecurities,3674,09191,09191,09191.HK,09191.HK,09191.HK,GX CN SEMICON-U,Exchange Traded Products,Exchange Traded Funds,fund_or_etp,potential_candidate_pending_canonical_validation,25,HK0000637832,,,Y,Y,,Y,,,Y,5,USD,,False,True,not_performed_v2_19n,not_performed_v2_19o,v2.19O,net_new_pending_expanded_rebuild,no_match_found,not_found_in_active_or_current_candidate,0,True,True,288,outputs\full_universe_source_acquisition\expanded_universe_candidate_hkex_v2_19p.csv,current_candidate_headers_preserved,09191.HK,HK0000637832
HKEX_09195,v2.19N,HKEX,Hong Kong,Hong Kong,HKEX,XHKG,hkex_repair_01_full_list_of_securities,outputs\full_universe_source_acquisition\raw\hkex_v2_19l_fix\01_full_list_of_securities.xlsx,ListOfSecurities,3675,09195,09195,09195.HK,09195.HK,09195.HK,HS S&P500-U,Exchange Traded Products,Exchange Traded Funds,fund_or_etp,potential_candidate_pending_canonical_validation,100,HK0000998515,,,Y,Y,,Y,,,Y,5,USD,,False,True,not_performed_v2_19n,not_performed_v2_19o,v2.19O,net_new_pending_expanded_rebuild,no_match_found,not_found_in_active_or_current_candidate,0,True,True,289,outputs\full_universe_source_acquisition\expanded_universe_candidate_hkex_v2_19p.csv,current_candidate_headers_preserved,09195.HK,HK0000998515
HKEX_09196,v2.19N,HKEX,Hong Kong,Hong Kong,HKEX,XHKG,hkex_repair_01_full_list_of_securities,outputs\full_universe_source_acquisition\raw\hkex_v2_19l_fix\01_full_list_of_securities.xlsx,ListOfSecurities,3676,09196,09196,09196.HK,09196.HK,09196.HK,A BOS USD MM-U,Exchange Traded Products,Exchange Traded Funds,fund_or_etp,potential_candidate_pending_canonical_validation,1,HK0000939758,,,Y,Y,,Y,,,Y,3,USD,83196,False,True,not_performed_v2_19n,not_performed_v2_19o,v2.19O,net_new_pending_expanded_rebuild,no_match_found,not_found_in_active_or_current_candidate,0,True,True,290,outputs\full_universe_source_acquisition\expanded_universe_candidate_hkex_v2_19p.csv,current_candidate_headers_preserved,09196.HK,HK0000939758
HKEX_09403,v2.19N,HKEX,Hong Kong,Hong Kong,HKEX,XHKG,hkex_repair_01_full_list_of_securities,outputs\full_universe_source_acquisition\raw\hkex_v2_19l_fix\01_full_list_of_securities.xlsx,ListOfSecurities,3681,09403,09403,09403.HK,09403.HK,09403.HK,CAM HSI ESG-U,Exchange Traded Products,Exchange Traded Funds,fund_or_etp,potential_candidate_pending_canonical_validation,10,HK0000873676,,,Y,Y,,Y,,,Y,5,USD,83403,False,True,not_performed_v2_19n,not_performed_v2_19o,v2.19O,net_new_pending_expanded_rebuild,no_match_found,not_found_in_active_or_current_candidate,0,True,True,291,outputs\full_universe_source_acquisition\expanded_universe_candidate_hkex_v2_19p.csv,current_candidate_headers_preserved,09403.HK,HK0000873676
HKEX_09404,v2.19N,HKEX,Hong Kong,Hong Kong,HKEX,XHKG,hkex_repair_01_full_list_of_securities,outputs\full_universe_source_acquisition\raw\hkex_v2_19l_fix\01_full_list_of_securities.xlsx,ListOfSecurities,3682,09404,09404,09404.HK,09404.HK,09404.HK,CAM MSCIINDIA-U,Exchange Traded Products,Exchange Traded Funds,fund_or_etp,potential_candidate_pending_canonical_validation,100,HK0001040226,,,Y,Y,,Y,,,Y,5,USD,83404,False,True,not_performed_v2_19n,not_performed_v2_19o,v2.19O,net_new_pending_expanded_rebuild,no_match_found,not_found_in_active_or_current_candidate,0,True,True,292,outputs\full_universe_source_acquisition\expanded_universe_candidate_hkex_v2_19p.csv,current_candidate_headers_preserved,09404.HK,HK0001040226
HKEX_09406,v2.19N,HKEX,Hong Kong,Hong Kong,HKEX,XHKG,hkex_repair_01_full_list_of_securities,outputs\full_universe_source_acquisition\raw\hkex_v2_19l_fix\01_full_list_of_securities.xlsx,ListOfSecurities,3683,09406,09406,09406.HK,09406.HK,09406.HK,PA TECHSELECT-U,Exchange Traded Products,Exchange Traded Funds,fund_or_etp,potential_candidate_pending_canonical_validation,50,HK0001174678,,,Y,Y,,Y,,,Y,5,USD,,False,True,not_performed_v2_19n,not_performed_v2_19o,v2.19O,net_new_pending_expanded_rebuild,no_match_found,not_found_in_active_or_current_candidate,0,True,True,293,outputs\full_universe_source_acquisition\expanded_universe_candidate_hkex_v2_19p.csv,current_candidate_headers_preserved,09406.HK,HK0001174678
HKEX_09411,v2.19N,HKEX,Hong Kong,Hong Kong,HKEX,XHKG,hkex_repair_01_full_list_of_securities,outputs\full_universe_source_acquisition\raw\hkex_v2_19l_fix\01_full_list_of_securities.xlsx,ListOfSecurities,3684,09411,09411,09411.HK,09411.HK,09411.HK,PP ASIA IGUSD-U,Exchange Traded Products,Exchange Traded Funds,fund_or_etp,potential_candidate_pending_canonical_validation,50,HK0001061131,,,Y,Y,,Y,,,Y,5,USD,,False,True,not_performed_v2_19n,not_performed_v2_19o,v2.19O,net_new_pending_expanded_rebuild,no_match_found,not_found_in_active_or_current_candidate,0,True,True,294,outputs\full_universe_source_acquisition\expanded_universe_candidate_hkex_v2_19p.csv,current_candidate_headers_preserved,09411.HK,HK0001061131
HKEX_09415,v2.19N,HKEX,Hong Kong,Hong Kong,HKEX,XHKG,hkex_repair_01_full_list_of_securities,outputs\full_universe_source_acquisition\raw\hkex_v2_19l_fix\01_full_list_of_securities.xlsx,ListOfSecurities,3685,09415,09415,09415.HK,09415.HK,09415.HK,A GXS&P500CC-U,Exchange Traded Products,Exchange Traded Funds,fund_or_etp,potential_candidate_pending_canonical_validation,25,HK0001149464,,,Y,Y,,Y,,,Y,5,USD,,False,True,not_performed_v2_19n,not_performed_v2_19o,v2.19O,net_new_pending_expanded_rebuild,no_match_found,not_found_in_active_or_current_candidate,0,True,True,295,outputs\full_universe_source_acquisition\expanded_universe_candidate_hkex_v2_19p.csv,current_candidate_headers_preserved,09415.HK,HK0001149464
HKEX_09416,v2.19N,HKEX,Hong Kong,Hong Kong,HKEX,XHKG,hkex_repair_01_full_list_of_securities,outputs\full_universe_source_acquisition\raw\hkex_v2_19l_fix\01_full_list_of_securities.xlsx,ListOfSecurities,3686,09416,09416,09416.HK,09416.HK,09416.HK,A GX HSCEICC-U,Exchange Traded Products,Exchange Traded Funds,fund_or_etp,potential_candidate_pending_canonical_validation,100,HK0000978954,,,Y,Y,,Y,,,Y,5,USD,83416,False,True,not_performed_v2_19n,not_performed_v2_19o,v2.19O,net_new_pending_expanded_rebuild,no_match_found,not_found_in_active_or_current_candidate,0,True,True,296,outputs\full_universe_source_acquisition\expanded_universe_candidate_hkex_v2_19p.csv,current_candidate_headers_preserved,09416.HK,HK0000978954
HKEX_09418,v2.19N,HKEX,Hong Kong,Hong Kong,HKEX,XHKG,hkex_repair_01_full_list_of_securities,outputs\full_universe_source_acquisition\raw\hkex_v2_19l_fix\01_full_list_of_securities.xlsx,ListOfSecurities,3687,09418,09418,09418.HK,09418.HK,09418.HK,CAM DIGI GOLD-U,Exchange Traded Products,Exchange Traded Funds,fund_or_etp,potential_candidate_pending_canonical_validation,10,HK0001279816,,,Y,Y,,Y,,,Y,5,USD,83418,False,True,not_performed_v2_19n,not_performed_v2_19o,v2.19O,net_new_pending_expanded_rebuild,no_match_found,not_found_in_active_or_current_candidate,0,True,True,297,outputs\full_universe_source_acquisition\expanded_universe_candidate_hkex_v2_19p.csv,current_candidate_headers_preserved,09418.HK,HK0001279816
HKEX_09425,v2.19N,HKEX,Hong Kong,Hong Kong,HKEX,XHKG,hkex_repair_01_full_list_of_securities,outputs\full_universe_source_acquisition\raw\hkex_v2_19l_fix\01_full_list_of_securities.xlsx,ListOfSecurities,3688,09425,09425,09425.HK,09425.HK,09425.HK,MBC ETH-U,Exchange Traded Products,Exchange Traded Funds,fund_or_etp,potential_candidate_pending_canonical_validation,100,HK0001175493,,,Y,Y,,Y,,,Y,5,USD,,False,True,not_performed_v2_19n,not_performed_v2_19o,v2.19O,net_new_pending_expanded_rebuild,no_match_found,not_found_in_active_or_current_candidate,0,True,True,298,outputs\full_universe_source_acquisition\expanded_universe_candidate_hkex_v2_19p.csv,current_candidate_headers_preserved,09425.HK,HK0001175493
HKEX_09428,v2.19N,HKEX,Hong Kong,Hong Kong,HKEX,XHKG,hkex_repair_01_full_list_of_securities,outputs\full_universe_source_acquisition\raw\hkex_v2_19l_fix\01_full_list_of_securities.xlsx,ListOfSecurities,3689,09428,09428,09428.HK,09428.HK,09428.HK,GX CL HK-US-U,Exchange Traded Products,Exchange Traded Funds,fund_or_etp,potential_candidate_pending_canonical_validation,50,HK0001279691,,,Y,Y,,Y,,,Y,5,USD,83428,False,True,not_performed_v2_19n,not_performed_v2_19o,v2.19O,net_new_pending_expanded_rebuild,no_match_found,not_found_in_active_or_current_candidate,0,True,True,299,outputs\full_universe_source_acquisition\expanded_universe_candidate_hkex_v2_19p.csv,current_candidate_headers_preserved,09428.HK,HK0001279691
HKEX_09430,v2.19N,HKEX,Hong Kong,Hong Kong,HKEX,XHKG,hkex_repair_01_full_list_of_securities,outputs\full_universe_source_acquisition\raw\hkex_v2_19l_fix\01_full_list_of_securities.xlsx,ListOfSecurities,3690,09430,09430,09430.HK,09430.HK,09430.HK,MBC BTC-U,Exchange Traded Products,Exchange Traded Funds,fund_or_etp,potential_candidate_pending_canonical_validation,100,HK0001175501,,,Y,Y,,Y,,,Y,5,USD,,False,True,not_performed_v2_19n,not_performed_v2_19o,v2.19O,net_new_pending_expanded_rebuild,no_match_found,not_found_in_active_or_current_candidate,0,True,True,300,outputs\full_universe_source_acquisition\expanded_universe_candidate_hkex_v2_19p.csv,current_candidate_headers_preserved,09430.HK,HK0001175501
HKEX_09434,v2.19N,HKEX,Hong Kong,Hong Kong,HKEX,XHKG,hkex_repair_01_full_list_of_securities,outputs\full_universe_source_acquisition\raw\hkex_v2_19l_fix\01_full_list_of_securities.xlsx,ListOfSecurities,3691,09434,09434,09434.HK,09434.HK,09434.HK,EFUND DIGITAL-U,Exchange Traded Products,Exchange Traded Funds,fund_or_etp,potential_candidate_pending_canonical_validation,100,HK0001229001,,,Y,Y,,Y,,,Y,5,USD,83434,False,True,not_performed_v2_19n,not_performed_v2_19o,v2.19O,net_new_pending_expanded_rebuild,no_match_found,not_found_in_active_or_current_candidate,0,True,True,301,outputs\full_universe_source_acquisition\expanded_universe_candidate_hkex_v2_19p.csv,current_candidate_headers_preserved,09434.HK,HK0001229001
HKEX_09437,v2.19N,HKEX,Hong Kong,Hong Kong,HKEX,XHKG,hkex_repair_01_full_list_of_securities,outputs\full_universe_source_acquisition\raw\hkex_v2_19l_fix\01_full_list_of_securities.xlsx,ListOfSecurities,3692,09437,09437,09437.HK,09437.HK,09437.HK,BOS CSOE HIDV-U,Exchange Traded Products,Exchange Traded Funds,fund_or_etp,potential_candidate_pending_canonical_validation,100,HK0001028304,,,Y,Y,,Y,,,Y,5,USD,83437,False,True,not_performed_v2_19n,not_performed_v2_19o,v2.19O,net_new_pending_expanded_rebuild,no_match_found,not_found_in_active_or_current_candidate,0,True,True,302,outputs\full_universe_source_acquisition\expanded_universe_candidate_hkex_v2_19p.csv,current_candidate_headers_preserved,09437.HK,HK0001028304
HKEX_09439,v2.19N,HKEX,Hong Kong,Hong Kong,HKEX,XHKG,hkex_repair_01_full_list_of_securities,outputs\full_universe_source_acquisition\raw\hkex_v2_19l_fix\01_full_list_of_securities.xlsx,ListOfSecurities,3693,09439,09439,09439.HK,09439.HK,09439.HK,HGI BTC-U,Exchange Traded Products,Exchange Traded Funds,fund_or_etp,potential_candidate_pending_canonical_validation,100,HK0001014197,,,Y,Y,,Y,,,Y,5,USD,,False,True,not_performed_v2_19n,not_performed_v2_19o,v2.19O,net_new_pending_expanded_rebuild,no_match_found,not_found_in_active_or_current_candidate,0,True,True,303,outputs\full_universe_source_acquisition\expanded_universe_candidate_hkex_v2_19p.csv,current_candidate_headers_preserved,09439.HK,HK0001014197
HKEX_09440,v2.19N,HKEX,Hong Kong,Hong Kong,HKEX,XHKG,hkex_repair_01_full_list_of_securities,outputs\full_universe_source_acquisition\raw\hkex_v2_19l_fix\01_full_list_of_securities.xlsx,ListOfSecurities,3694,09440,09440,09440.HK,09440.HK,09440.HK,GX 0-3M UST-U,Exchange Traded Products,Exchange Traded Funds,fund_or_etp,potential_candidate_pending_canonical_validation,50,HK0001084349,,,Y,Y,,Y,,,Y,5,USD,,False,True,not_performed_v2_19n,not_performed_v2_19o,v2.19O,net_new_pending_expanded_rebuild,no_match_found,not_found_in_active_or_current_candidate,0,True,True,304,outputs\full_universe_source_acquisition\expanded_universe_candidate_hkex_v2_19p.csv,current_candidate_headers_preserved,09440.HK,HK0001084349
HKEX_09446,v2.19N,HKEX,Hong Kong,Hong Kong,HKEX,XHKG,hkex_repair_01_full_list_of_securities,outputs\full_universe_source_acquisition\raw\hkex_v2_19l_fix\01_full_list_of_securities.xlsx,ListOfSecurities,3695,09446,09446,09446.HK,09446.HK,09446.HK,CAM 20 UST A-U,Exchange Traded Products,Exchange Traded Funds,fund_or_etp,potential_candidate_pending_canonical_validation,1,HK0001006805,,,Y,Y,,Y,,,Y,3,USD,,False,True,not_performed_v2_19n,not_performed_v2_19o,v2.19O,net_new_pending_expanded_rebuild,no_match_found,not_found_in_active_or_current_candidate,0,True,True,305,outputs\full_universe_source_acquisition\expanded_universe_candidate_hkex_v2_19p.csv,current_candidate_headers_preserved,09446.HK,HK0001006805
HKEX_09450,v2.19N,HKEX,Hong Kong,Hong Kong,HKEX,XHKG,hkex_repair_01_full_list_of_securities,outputs\full_universe_source_acquisition\raw\hkex_v2_19l_fix\01_full_list_of_securities.xlsx,ListOfSecurities,3696,09450,09450,09450.HK,09450.HK,09450.HK,GX 3-5Y UST-U,Exchange Traded Products,Exchange Traded Funds,fund_or_etp,potential_candidate_pending_canonical_validation,50,HK0001025037,,,Y,Y,,Y,,,Y,5,USD,,False,True,not_performed_v2_19n,not_performed_v2_19o,v2.19O,net_new_pending_expanded_rebuild,no_match_found,not_found_in_active_or_current_candidate,0,True,True,306,outputs\full_universe_source_acquisition\expanded_universe_candidate_hkex_v2_19p.csv,current_candidate_headers_preserved,09450.HK,HK0001025037
HKEX_09451,v2.19N,HKEX,Hong Kong,Hong Kong,HKEX,XHKG,hkex_repair_01_full_list_of_securities,outputs\full_universe_source_acquisition\raw\hkex_v2_19l_fix\01_full_list_of_securities.xlsx,ListOfSecurities,3697,09451,09451,09451.HK,09451.HK,09451.HK,A GXNASDAQCC-U,Exchange Traded Products,Exchange Traded Funds,fund_or_etp,potential_candidate_pending_canonical_validation,25,HK0001149449,,,Y,Y,,Y,,,Y,5,USD,,False,True,not_performed_v2_19n,not_performed_v2_19o,v2.19O,net_new_pending_expanded_rebuild,no_match_found,not_found_in_active_or_current_candidate,0,True,True,307,outputs\full_universe_source_acquisition\expanded_universe_candidate_hkex_v2_19p.csv,current_candidate_headers_preserved,09451.HK,HK0001149449
HKEX_09455,v2.19N,HKEX,Hong Kong,Hong Kong,HKEX,XHKG,hkex_repair_01_full_list_of_securities,outputs\full_universe_source_acquisition\raw\hkex_v2_19l_fix\01_full_list_of_securities.xlsx,ListOfSecurities,3698,09455,09455,09455.HK,09455.HK,09455.HK,INVESCO QQQ-U,Exchange Traded Products,Exchange Traded Funds,fund_or_etp,potential_candidate_pending_canonical_validation,1,US46090E1038,,,Y,Y,,Y,,,Y,5,USD,83455,False,True,not_performed_v2_19n,not_performed_v2_19o,v2.19O,net_new_pending_expanded_rebuild,no_match_found,not_found_in_active_or_current_candidate,0,True,True,308,outputs\full_universe_source_acquisition\expanded_universe_candidate_hkex_v2_19p.csv,current_candidate_headers_preserved,09455.HK,US46090E1038
HKEX_09460,v2.19N,HKEX,Hong Kong,Hong Kong,HKEX,XHKG,hkex_repair_01_full_list_of_securities,outputs\full_universe_source_acquisition\raw\hkex_v2_19l_fix\01_full_list_of_securities.xlsx,ListOfSecurities,3699,09460,09460,09460.HK,09460.HK,09460.HK,CAM SOL-U,Exchange Traded Products,Exchange Traded Funds,fund_or_etp,potential_candidate_pending_canonical_validation,100,HK0001198149,,,Y,Y,,Y,,,Y,5,USD,83460,False,True,not_performed_v2_19n,not_performed_v2_19o,v2.19O,net_new_pending_expanded_rebuild,no_match_found,not_found_in_active_or_current_candidate,0,True,True,309,outputs\full_universe_source_acquisition\expanded_universe_candidate_hkex_v2_19p.csv,current_candidate_headers_preserved,09460.HK,HK0001198149
HKEX_09472,v2.19N,HKEX,Hong Kong,Hong Kong,HKEX,XHKG,hkex_repair_01_full_list_of_securities,outputs\full_universe_source_acquisition\raw\hkex_v2_19l_fix\01_full_list_of_securities.xlsx,ListOfSecurities,3700,09472,09472,09472.HK,09472.HK,09472.HK,A CAM USDTMMF-U,Exchange Traded Products,Exchange Traded Funds,fund_or_etp,potential_candidate_pending_canonical_validation,1,HK0001224945,,,Y,Y,,Y,,,Y,3,USD,,False,True,not_performed_v2_19n,not_performed_v2_19o,v2.19O,net_new_pending_expanded_rebuild,no_match_found,not_found_in_active_or_current_candidate,0,True,True,310,outputs\full_universe_source_acquisition\expanded_universe_candidate_hkex_v2_19p.csv,current_candidate_headers_preserved,09472.HK,HK0001224945
HKEX_09477,v2.19N,HKEX,Hong Kong,Hong Kong,HKEX,XHKG,hkex_repair_01_full_list_of_securities,outputs\full_universe_source_acquisition\raw\hkex_v2_19l_fix\01_full_list_of_securities.xlsx,ListOfSecurities,3701,09477,09477,09477.HK,09477.HK,09477.HK,PA EW SELECT-U,Exchange Traded Products,Exchange Traded Funds,fund_or_etp,potential_candidate_pending_canonical_validation,50,HK0001174660,,,Y,Y,,Y,,,Y,5,USD,,False,True,not_performed_v2_19n,not_performed_v2_19o,v2.19O,net_new_pending_expanded_rebuild,no_match_found,not_found_in_active_or_current_candidate,0,True,True,311,outputs\full_universe_source_acquisition\expanded_universe_candidate_hkex_v2_19p.csv,current_candidate_headers_preserved,09477.HK,HK0001174660
HKEX_09478,v2.19N,HKEX,Hong Kong,Hong Kong,HKEX,XHKG,hkex_repair_01_full_list_of_securities,outputs\full_universe_source_acquisition\raw\hkex_v2_19l_fix\01_full_list_of_securities.xlsx,ListOfSecurities,3702,09478,09478,09478.HK,09478.HK,09478.HK,PPKSA G SUKUK-U,Exchange Traded Products,Exchange Traded Funds,fund_or_etp,potential_candidate_pending_canonical_validation,50,HK0001135596,,,Y,Y,,Y,,,Y,5,USD,,False,True,not_performed_v2_19n,not_performed_v2_19o,v2.19O,net_new_pending_expanded_rebuild,no_match_found,not_found_in_active_or_current_candidate,0,True,True,312,outputs\full_universe_source_acquisition\expanded_universe_candidate_hkex_v2_19p.csv,current_candidate_headers_preserved,09478.HK,HK0001135596
HKEX_09480,v2.19N,HKEX,Hong Kong,Hong Kong,HKEX,XHKG,hkex_repair_01_full_list_of_securities,outputs\full_universe_source_acquisition\raw\hkex_v2_19l_fix\01_full_list_of_securities.xlsx,ListOfSecurities,3703,09480,09480,09480.HK,09480.HK,09480.HK,A VP USD MM-U,Exchange Traded Products,Exchange Traded Funds,fund_or_etp,potential_candidate_pending_canonical_validation,1,HK0001207866,,,Y,Y,,Y,,,Y,3,USD,,False,True,not_performed_v2_19n,not_performed_v2_19o,v2.19O,net_new_pending_expanded_rebuild,no_match_found,not_found_in_active_or_current_candidate,0,True,True,313,outputs\full_universe_source_acquisition\expanded_universe_candidate_hkex_v2_19p.csv,current_candidate_headers_preserved,09480.HK,HK0001207866
HKEX_09483,v2.19N,HKEX,Hong Kong,Hong Kong,HKEX,XHKG,hkex_repair_01_full_list_of_securities,outputs\full_universe_source_acquisition\raw\hkex_v2_19l_fix\01_full_list_of_securities.xlsx,ListOfSecurities,3704,09483,09483,09483.HK,09483.HK,09483.HK,EFUND APAC HD-U,Exchange Traded Products,Exchange Traded Funds,fund_or_etp,potential_candidate_pending_canonical_validation,100,HK0001176731,,,Y,Y,,Y,,,Y,5,USD,83483,False,True,not_performed_v2_19n,not_performed_v2_19o,v2.19O,net_new_pending_expanded_rebuild,no_match_found,not_found_in_active_or_current_candidate,0,True,True,314,outputs\full_universe_source_acquisition\expanded_universe_candidate_hkex_v2_19p.csv,current_candidate_headers_preserved,09483.HK,HK0001176731
HKEX_09489,v2.19N,HKEX,Hong Kong,Hong Kong,HKEX,XHKG,hkex_repair_01_full_list_of_securities,outputs\full_universe_source_acquisition\raw\hkex_v2_19l_fix\01_full_list_of_securities.xlsx,ListOfSecurities,3705,09489,09489,09489.HK,09489.HK,09489.HK,EFUND AI-U,Exchange Traded Products,Exchange Traded Funds,fund_or_etp,potential_candidate_pending_canonical_validation,100,HK0001182432,,,Y,Y,,Y,,,Y,5,USD,83489,False,True,not_performed_v2_19n,not_performed_v2_19o,v2.19O,net_new_pending_expanded_rebuild,no_match_found,not_found_in_active_or_current_candidate,0,True,True,315,outputs\full_universe_source_acquisition\expanded_universe_candidate_hkex_v2_19p.csv,current_candidate_headers_preserved,09489.HK,HK0001182432
HKEX_09801,v2.19N,HKEX,Hong Kong,Hong Kong,HKEX,XHKG,hkex_repair_01_full_list_of_securities,outputs\full_universe_source_acquisition\raw\hkex_v2_19l_fix\01_full_list_of_securities.xlsx,ListOfSecurities,3742,09801,09801,09801.HK,09801.HK,09801.HK,ISHARES CHINA-U,Exchange Traded Products,Exchange Traded Funds,fund_or_etp,potential_candidate_pending_canonical_validation,200,HK2801040828,,,Y,Y,,Y,,,Y,5,USD,,False,True,not_performed_v2_19n,not_performed_v2_19o,v2.19O,net_new_pending_expanded_rebuild,no_match_found,not_found_in_active_or_current_candidate,0,True,True,316,outputs\full_universe_source_acquisition\expanded_universe_candidate_hkex_v2_19p.csv,current_candidate_headers_preserved,09801.HK,HK2801040828
HKEX_09803,v2.19N,HKEX,Hong Kong,Hong Kong,HKEX,XHKG,hkex_repair_01_full_list_of_securities,outputs\full_universe_source_acquisition\raw\hkex_v2_19l_fix\01_full_list_of_securities.xlsx,ListOfSecurities,3743,09803,09803,09803.HK,09803.HK,09803.HK,PP BEDROCK-U,Exchange Traded Products,Exchange Traded Funds,fund_or_etp,potential_candidate_pending_canonical_validation,500,HK0000366176,,,Y,Y,,Y,,,Y,5,USD,,False,True,not_performed_v2_19n,not_performed_v2_19o,v2.19O,net_new_pending_expanded_rebuild,no_match_found,not_found_in_active_or_current_candidate,0,True,True,317,outputs\full_universe_source_acquisition\expanded_universe_candidate_hkex_v2_19p.csv,current_candidate_headers_preserved,09803.HK,HK0000366176
HKEX_09804,v2.19N,HKEX,Hong Kong,Hong Kong,HKEX,XHKG,hkex_repair_01_full_list_of_securities,outputs\full_universe_source_acquisition\raw\hkex_v2_19l_fix\01_full_list_of_securities.xlsx,ListOfSecurities,3744,09804,09804,09804.HK,09804.HK,09804.HK,PREMIA VIET-U,Exchange Traded Products,Exchange Traded Funds,fund_or_etp,potential_candidate_pending_canonical_validation,50,HK0000515871,,,Y,Y,,Y,,,Y,5,USD,,False,True,not_performed_v2_19n,not_performed_v2_19o,v2.19O,net_new_pending_expanded_rebuild,no_match_found,not_found_in_active_or_current_candidate,0,True,True,318,outputs\full_universe_source_acquisition\expanded_universe_candidate_hkex_v2_19p.csv,current_candidate_headers_preserved,09804.HK,HK0000515871
HKEX_09805,v2.19N,HKEX,Hong Kong,Hong Kong,HKEX,XHKG,hkex_repair_01_full_list_of_securities,outputs\full_universe_source_acquisition\raw\hkex_v2_19l_fix\01_full_list_of_securities.xlsx,ListOfSecurities,3745,09805,09805,09805.HK,09805.HK,09805.HK,CG BS CNASEAN-U,Exchange Traded Products,Exchange Traded Funds,fund_or_etp,potential_candidate_pending_canonical_validation,100,HK0001247144,,,Y,Y,,Y,,,Y,5,USD,82805,False,True,not_performed_v2_19n,not_performed_v2_19o,v2.19O,net_new_pending_expanded_rebuild,no_match_found,not_found_in_active_or_current_candidate,0,True,True,319,outputs\full_universe_source_acquisition\expanded_universe_candidate_hkex_v2_19p.csv,current_candidate_headers_preserved,09805.HK,HK0001247144
HKEX_09806,v2.19N,HKEX,Hong Kong,Hong Kong,HKEX,XHKG,hkex_repair_01_full_list_of_securities,outputs\full_universe_source_acquisition\raw\hkex_v2_19l_fix\01_full_list_of_securities.xlsx,ListOfSecurities,3746,09806,09806,09806.HK,09806.HK,09806.HK,GX CN CONSUME-U,Exchange Traded Products,Exchange Traded Funds,fund_or_etp,potential_candidate_pending_canonical_validation,50,HK0000562634,,,Y,Y,,Y,,,Y,5,USD,,False,True,not_performed_v2_19n,not_performed_v2_19o,v2.19O,net_new_pending_expanded_rebuild,no_match_found,not_found_in_active_or_current_candidate,0,True,True,320,outputs\full_universe_source_acquisition\expanded_universe_candidate_hkex_v2_19p.csv,current_candidate_headers_preserved,09806.HK,HK0000562634
HKEX_09807,v2.19N,HKEX,Hong Kong,Hong Kong,HKEX,XHKG,hkex_repair_01_full_list_of_securities,outputs\full_universe_source_acquisition\raw\hkex_v2_19l_fix\01_full_list_of_securities.xlsx,ListOfSecurities,3747,09807,09807,09807.HK,09807.HK,09807.HK,GX CN ROBO&AI-U,Exchange Traded Products,Exchange Traded Funds,fund_or_etp,potential_candidate_pending_canonical_validation,50,HK0000637857,,,Y,Y,,Y,,,Y,5,USD,,False,True,not_performed_v2_19n,not_performed_v2_19o,v2.19O,net_new_pending_expanded_rebuild,no_match_found,not_found_in_active_or_current_candidate,0,True,True,321,outputs\full_universe_source_acquisition\expanded_universe_candidate_hkex_v2_19p.csv,current_candidate_headers_preserved,09807.HK,HK0000637857
HKEX_09809,v2.19N,HKEX,Hong Kong,Hong Kong,HKEX,XHKG,hkex_repair_01_full_list_of_securities,outputs\full_universe_source_acquisition\raw\hkex_v2_19l_fix\01_full_list_of_securities.xlsx,ListOfSecurities,3748,09809,09809,09809.HK,09809.HK,09809.HK,GX CN CLN EN-U,Exchange Traded Products,Exchange Traded Funds,fund_or_etp,potential_candidate_pending_canonical_validation,50,HK0000562675,,,Y,Y,,Y,,,Y,5,USD,,False,True,not_performed_v2_19n,not_performed_v2_19o,v2.19O,net_new_pending_expanded_rebuild,no_match_found,not_found_in_active_or_current_candidate,0,True,True,322,outputs\full_universe_source_acquisition\expanded_universe_candidate_hkex_v2_19p.csv,current_candidate_headers_preserved,09809.HK,HK0000562675
HKEX_09810,v2.19N,HKEX,Hong Kong,Hong Kong,HKEX,XHKG,hkex_repair_01_full_list_of_securities,outputs\full_universe_source_acquisition\raw\hkex_v2_19l_fix\01_full_list_of_securities.xlsx,ListOfSecurities,3749,09810,09810,09810.HK,09810.HK,09810.HK,PREMIAEMASEAN-U,Exchange Traded Products,Exchange Traded Funds,fund_or_etp,potential_candidate_pending_canonical_validation,50,HK0000433414,,,Y,Y,,Y,,,Y,5,USD,,False,True,not_performed_v2_19n,not_performed_v2_19o,v2.19O,net_new_pending_expanded_rebuild,no_match_found,not_found_in_active_or_current_candidate,0,True,True,323,outputs\full_universe_source_acquisition\expanded_universe_candidate_hkex_v2_19p.csv,current_candidate_headers_preserved,09810.HK,HK0000433414
HKEX_09812,v2.19N,HKEX,Hong Kong,Hong Kong,HKEX,XHKG,hkex_repair_01_full_list_of_securities,outputs\full_universe_source_acquisition\raw\hkex_v2_19l_fix\01_full_list_of_securities.xlsx,ListOfSecurities,3750,09812,09812,09812.HK,09812.HK,09812.HK,SAMSUNGCDGN-U,Exchange Traded Products,Exchange Traded Funds,fund_or_etp,potential_candidate_pending_canonical_validation,200,HK0000422805,,,Y,Y,,Y,,,Y,5,USD,,False,True,not_performed_v2_19n,not_performed_v2_19o,v2.19O,net_new_pending_expanded_rebuild,no_match_found,not_found_in_active_or_current_candidate,0,True,True,324,outputs\full_universe_source_acquisition\expanded_universe_candidate_hkex_v2_19p.csv,current_candidate_headers_preserved,09812.HK,HK0000422805
HKEX_09814,v2.19N,HKEX,Hong Kong,Hong Kong,HKEX,XHKG,hkex_repair_01_full_list_of_securities,outputs\full_universe_source_acquisition\raw\hkex_v2_19l_fix\01_full_list_of_securities.xlsx,ListOfSecurities,3751,09814,09814,09814.HK,09814.HK,09814.HK,SAMSUNG FANG-U,Exchange Traded Products,Exchange Traded Funds,fund_or_etp,potential_candidate_pending_canonical_validation,200,HK0000736758,,,Y,Y,,Y,,,Y,5,USD,,False,True,not_performed_v2_19n,not_performed_v2_19o,v2.19O,net_new_pending_expanded_rebuild,no_match_found,not_found_in_active_or_current_candidate,0,True,True,325,outputs\full_universe_source_acquisition\expanded_universe_candidate_hkex_v2_19p.csv,current_candidate_headers_preserved,09814.HK,HK0000736758
HKEX_09820,v2.19N,HKEX,Hong Kong,Hong Kong,HKEX,XHKG,hkex_repair_01_full_list_of_securities,outputs\full_universe_source_acquisition\raw\hkex_v2_19l_fix\01_full_list_of_securities.xlsx,ListOfSecurities,3753,09820,09820,09820.HK,09820.HK,09820.HK,GX CN BIOTECH-U,Exchange Traded Products,Exchange Traded Funds,fund_or_etp,potential_candidate_pending_canonical_validation,50,HK0000516697,,,Y,Y,,Y,,,Y,5,USD,,False,True,not_performed_v2_19n,not_performed_v2_19o,v2.19O,net_new_pending_expanded_rebuild,no_match_found,not_found_in_active_or_current_candidate,0,True,True,326,outputs\full_universe_source_acquisition\expanded_universe_candidate_hkex_v2_19p.csv,current_candidate_headers_preserved,09820.HK,HK0000516697
HKEX_09824,v2.19N,HKEX,Hong Kong,Hong Kong,HKEX,XHKG,hkex_repair_01_full_list_of_securities,outputs\full_universe_source_acquisition\raw\hkex_v2_19l_fix\01_full_list_of_securities.xlsx,ListOfSecurities,3754,09824,09824,09824.HK,09824.HK,09824.HK,EFUND GOLD MI-U,Exchange Traded Products,Exchange Traded Funds,fund_or_etp,potential_candidate_pending_canonical_validation,100,HK0001228995,,,Y,Y,,Y,,,Y,5,USD,82824,False,True,not_performed_v2_19n,not_performed_v2_19o,v2.19O,net_new_pending_expanded_rebuild,no_match_found,not_found_in_active_or_current_candidate,0,True,True,327,outputs\full_universe_source_acquisition\expanded_universe_candidate_hkex_v2_19p.csv,current_candidate_headers_preserved,09824.HK,HK0001228995
HKEX_09826,v2.19N,HKEX,Hong Kong,Hong Kong,HKEX,XHKG,hkex_repair_01_full_list_of_securities,outputs\full_universe_source_acquisition\raw\hkex_v2_19l_fix\01_full_list_of_securities.xlsx,ListOfSecurities,3755,09826,09826,09826.HK,09826.HK,09826.HK,GX CN CLOUD-U,Exchange Traded Products,Exchange Traded Funds,fund_or_etp,potential_candidate_pending_canonical_validation,50,HK0000516713,,,Y,Y,,Y,,,Y,5,USD,,False,True,not_performed_v2_19n,not_performed_v2_19o,v2.19O,net_new_pending_expanded_rebuild,no_match_found,not_found_in_active_or_current_candidate,0,True,True,328,outputs\full_universe_source_acquisition\expanded_universe_candidate_hkex_v2_19p.csv,current_candidate_headers_preserved,09826.HK,HK0000516713
HKEX_09829,v2.19N,HKEX,Hong Kong,Hong Kong,HKEX,XHKG,hkex_repair_01_full_list_of_securities,outputs\full_universe_source_acquisition\raw\hkex_v2_19l_fix\01_full_list_of_securities.xlsx,ListOfSecurities,3756,09829,09829,09829.HK,09829.HK,09829.HK,ISHARESCGB-U,Exchange Traded Products,Exchange Traded Funds,fund_or_etp,potential_candidate_pending_canonical_validation,10,HK0000782851,,,Y,Y,,Y,,,Y,5,USD,82829,False,True,not_performed_v2_19n,not_performed_v2_19o,v2.19O,net_new_pending_expanded_rebuild,no_match_found,not_found_in_active_or_current_candidate,0,True,True,329,outputs\full_universe_source_acquisition\expanded_universe_candidate_hkex_v2_19p.csv,current_candidate_headers_preserved,09829.HK,HK0000782851
HKEX_09834,v2.19N,HKEX,Hong Kong,Hong Kong,HKEX,XHKG,hkex_repair_01_full_list_of_securities,outputs\full_universe_source_acquisition\raw\hkex_v2_19l_fix\01_full_list_of_securities.xlsx,ListOfSecurities,3757,09834,09834,09834.HK,09834.HK,09834.HK,ISHARESND100-U,Exchange Traded Products,Exchange Traded Funds,fund_or_etp,potential_candidate_pending_canonical_validation,10,HK0000297652,,,Y,Y,,Y,,,Y,5,USD,,False,True,not_performed_v2_19n,not_performed_v2_19o,v2.19O,net_new_pending_expanded_rebuild,no_match_found,not_found_in_active_or_current_candidate,0,True,True,330,outputs\full_universe_source_acquisition\expanded_universe_candidate_hkex_v2_19p.csv,current_candidate_headers_preserved,09834.HK,HK0000297652
HKEX_09836,v2.19N,HKEX,Hong Kong,Hong Kong,HKEX,XHKG,hkex_repair_01_full_list_of_securities,outputs\full_universe_source_acquisition\raw\hkex_v2_19l_fix\01_full_list_of_securities.xlsx,ListOfSecurities,3758,09836,09836,09836.HK,09836.HK,09836.HK,ISHARES INDIA-U,Exchange Traded Products,Exchange Traded Funds,fund_or_etp,potential_candidate_pending_canonical_validation,200,HK2836036130,,,Y,Y,,Y,,,Y,5,USD,,False,True,not_performed_v2_19n,not_performed_v2_19o,v2.19O,net_new_pending_expanded_rebuild,no_match_found,not_found_in_active_or_current_candidate,0,True,True,331,outputs\full_universe_source_acquisition\expanded_universe_candidate_hkex_v2_19p.csv,current_candidate_headers_preserved,09836.HK,HK2836036130
HKEX_09839,v2.19N,HKEX,Hong Kong,Hong Kong,HKEX,XHKG,hkex_repair_01_full_list_of_securities,outputs\full_universe_source_acquisition\raw\hkex_v2_19l_fix\01_full_list_of_securities.xlsx,ListOfSecurities,3759,09839,09839,09839.HK,09839.HK,09839.HK,CAM MSCI A50-U,Exchange Traded Products,Exchange Traded Funds,fund_or_etp,potential_candidate_pending_canonical_validation,50,HK0000804119,,,Y,Y,,Y,,,Y,5,USD,82839,False,True,not_performed_v2_19n,not_performed_v2_19o,v2.19O,net_new_pending_expanded_rebuild,no_match_found,not_found_in_active_or_current_candidate,0,True,True,332,outputs\full_universe_source_acquisition\expanded_universe_candidate_hkex_v2_19p.csv,current_candidate_headers_preserved,09839.HK,HK0000804119
HKEX_09840,v2.19N,HKEX,Hong Kong,Hong Kong,HKEX,XHKG,hkex_repair_01_full_list_of_securities,outputs\full_universe_source_acquisition\raw\hkex_v2_19l_fix\01_full_list_of_securities.xlsx,ListOfSecurities,3760,09840,09840,09840.HK,09840.HK,09840.HK,SPDR GOLD TRT-U,Exchange Traded Products,Exchange Traded Funds,fund_or_etp,potential_candidate_pending_canonical_validation,1,US78463V1070,,,Y,Y,,Y,,,Y,5,USD,82840,False,True,not_performed_v2_19n,not_performed_v2_19o,v2.19O,net_new_pending_expanded_rebuild,no_match_found,not_found_in_active_or_current_candidate,0,True,True,333,outputs\full_universe_source_acquisition\expanded_universe_candidate_hkex_v2_19p.csv,current_candidate_headers_preserved,09840.HK,US78463V1070
HKEX_09845,v2.19N,HKEX,Hong Kong,Hong Kong,HKEX,XHKG,hkex_repair_01_full_list_of_securities,outputs\full_universe_source_acquisition\raw\hkex_v2_19l_fix\01_full_list_of_securities.xlsx,ListOfSecurities,3761,09845,09845,09845.HK,09845.HK,09845.HK,GX CN EV BATT-U,Exchange Traded Products,Exchange Traded Funds,fund_or_etp,potential_candidate_pending_canonical_validation,50,HK0000562659,,,Y,Y,,Y,,,Y,5,USD,,False,True,not_performed_v2_19n,not_performed_v2_19o,v2.19O,net_new_pending_expanded_rebuild,no_match_found,not_found_in_active_or_current_candidate,0,True,True,334,outputs\full_universe_source_acquisition\expanded_universe_candidate_hkex_v2_19p.csv,current_candidate_headers_preserved,09845.HK,HK0000562659
HKEX_09846,v2.19N,HKEX,Hong Kong,Hong Kong,HKEX,XHKG,hkex_repair_01_full_list_of_securities,outputs\full_universe_source_acquisition\raw\hkex_v2_19l_fix\01_full_list_of_securities.xlsx,ListOfSecurities,3762,09846,09846,09846.HK,09846.HK,09846.HK,ISHARESCSI300-U,Exchange Traded Products,Exchange Traded Funds,fund_or_etp,potential_candidate_pending_canonical_validation,100,HK0000057395,,,Y,Y,,Y,,,Y,5,USD,82846,False,True,not_performed_v2_19n,not_performed_v2_19o,v2.19O,net_new_pending_expanded_rebuild,no_match_found,not_found_in_active_or_current_candidate,0,True,True,335,outputs\full_universe_source_acquisition\expanded_universe_candidate_hkex_v2_19p.csv,current_candidate_headers_preserved,09846.HK,HK0000057395
HKEX_41533,v2.19N,HKEX,Hong Kong,Hong Kong,HKEX,XHKG,hkex_repair_01_full_list_of_securities,outputs\full_universe_source_acquisition\raw\hkex_v2_19l_fix\01_full_list_of_securities.xlsx,ListOfSecurities,11326,41533,41533,41533.HK,41533.HK,41533.HK,XA GX GOLD CC-U,Exchange Traded Products,Exchange Traded Funds,fund_or_etp,potential_candidate_pending_canonical_validation,25,HK0001279717,,,Y,Y,,Y,,,Y,5,USD,,False,True,not_performed_v2_19n,not_performed_v2_19o,v2.19O,net_new_pending_expanded_rebuild,no_match_found,not_found_in_active_or_current_candidate,0,True,True,336,outputs\full_universe_source_acquisition\expanded_universe_candidate_hkex_v2_19p.csv,current_candidate_headers_preserved,41533.HK,HK0001279717
HKEX_82800,v2.19N,HKEX,Hong Kong,Hong Kong,HKEX,XHKG,hkex_repair_01_full_list_of_securities,outputs\full_universe_source_acquisition\raw\hkex_v2_19l_fix\01_full_list_of_securities.xlsx,ListOfSecurities,17240,82800,82800,82800.HK,82800.HK,82800.HK,TRACKER FUND-R,Exchange Traded Products,Exchange Traded Funds,fund_or_etp,potential_candidate_pending_canonical_validation,500,HK2800008867,,,Y,Y,,Y,,,Y,5,RMB,,False,True,not_performed_v2_19n,not_performed_v2_19o,v2.19O,net_new_pending_expanded_rebuild,no_match_found,not_found_in_active_or_current_candidate,0,True,True,337,outputs\full_universe_source_acquisition\expanded_universe_candidate_hkex_v2_19p.csv,current_candidate_headers_preserved,82800.HK,HK2800008867
HKEX_82805,v2.19N,HKEX,Hong Kong,Hong Kong,HKEX,XHKG,hkex_repair_01_full_list_of_securities,outputs\full_universe_source_acquisition\raw\hkex_v2_19l_fix\01_full_list_of_securities.xlsx,ListOfSecurities,17241,82805,82805,82805.HK,82805.HK,82805.HK,CG BS CNASEAN-R,Exchange Traded Products,Exchange Traded Funds,fund_or_etp,potential_candidate_pending_canonical_validation,100,HK0001247144,,,Y,Y,,Y,,,Y,5,RMB,,False,True,not_performed_v2_19n,not_performed_v2_19o,v2.19O,net_new_pending_expanded_rebuild,no_match_found,not_found_in_active_or_current_candidate,0,True,True,338,outputs\full_universe_source_acquisition\expanded_universe_candidate_hkex_v2_19p.csv,current_candidate_headers_preserved,82805.HK,HK0001247144
HKEX_82822,v2.19N,HKEX,Hong Kong,Hong Kong,HKEX,XHKG,hkex_repair_01_full_list_of_securities,outputs\full_universe_source_acquisition\raw\hkex_v2_19l_fix\01_full_list_of_securities.xlsx,ListOfSecurities,17243,82822,82822,82822.HK,82822.HK,82822.HK,CSOP A50 ETF-R,Exchange Traded Products,Exchange Traded Funds,fund_or_etp,potential_candidate_pending_canonical_validation,200,HK0000127412,,,Y,Y,,Y,,,Y,5,RMB,,False,True,not_performed_v2_19n,not_performed_v2_19o,v2.19O,net_new_pending_expanded_rebuild,no_match_found,not_found_in_active_or_current_candidate,0,True,True,339,outputs\full_universe_source_acquisition\expanded_universe_candidate_hkex_v2_19p.csv,current_candidate_headers_preserved,82822.HK,HK0000127412
HKEX_82823,v2.19N,HKEX,Hong Kong,Hong Kong,HKEX,XHKG,hkex_repair_01_full_list_of_securities,outputs\full_universe_source_acquisition\raw\hkex_v2_19l_fix\01_full_list_of_securities.xlsx,ListOfSecurities,17244,82823,82823,82823.HK,82823.HK,82823.HK,ISHARES A50-R,Exchange Traded Products,Exchange Traded Funds,fund_or_etp,potential_candidate_pending_canonical_validation,100,HK2823028546,,,Y,Y,,Y,,,Y,5,RMB,,False,True,not_performed_v2_19n,not_performed_v2_19o,v2.19O,net_new_pending_expanded_rebuild,no_match_found,not_found_in_active_or_current_candidate,0,True,True,340,outputs\full_universe_source_acquisition\expanded_universe_candidate_hkex_v2_19p.csv,current_candidate_headers_preserved,82823.HK,HK2823028546
HKEX_82824,v2.19N,HKEX,Hong Kong,Hong Kong,HKEX,XHKG,hkex_repair_01_full_list_of_securities,outputs\full_universe_source_acquisition\raw\hkex_v2_19l_fix\01_full_list_of_securities.xlsx,ListOfSecurities,17245,82824,82824,82824.HK,82824.HK,82824.HK,EFUND GOLD MI-R,Exchange Traded Products,Exchange Traded Funds,fund_or_etp,potential_candidate_pending_canonical_validation,100,HK0001228995,,,Y,Y,,Y,,,Y,5,RMB,,False,True,not_performed_v2_19n,not_performed_v2_19o,v2.19O,net_new_pending_expanded_rebuild,no_match_found,not_found_in_active_or_current_candidate,0,True,True,341,outputs\full_universe_source_acquisition\expanded_universe_candidate_hkex_v2_19p.csv,current_candidate_headers_preserved,82824.HK,HK0001228995
HKEX_82828,v2.19N,HKEX,Hong Kong,Hong Kong,HKEX,XHKG,hkex_repair_01_full_list_of_securities,outputs\full_universe_source_acquisition\raw\hkex_v2_19l_fix\01_full_list_of_securities.xlsx,ListOfSecurities,17246,82828,82828,82828.HK,82828.HK,82828.HK,HSCEI ETF-R,Exchange Traded Products,Exchange Traded Funds,fund_or_etp,potential_candidate_pending_canonical_validation,200,HK2828013055,,,Y,Y,,Y,,,Y,5,RMB,,False,True,not_performed_v2_19n,not_performed_v2_19o,v2.19O,net_new_pending_expanded_rebuild,no_match_found,not_found_in_active_or_current_candidate,0,True,True,342,outputs\full_universe_source_acquisition\expanded_universe_candidate_hkex_v2_19p.csv,current_candidate_headers_preserved,82828.HK,HK2828013055
HKEX_82829,v2.19N,HKEX,Hong Kong,Hong Kong,HKEX,XHKG,hkex_repair_01_full_list_of_securities,outputs\full_universe_source_acquisition\raw\hkex_v2_19l_fix\01_full_list_of_securities.xlsx,ListOfSecurities,17247,82829,82829,82829.HK,82829.HK,82829.HK,ISHARESCGB-R,Exchange Traded Products,Exchange Traded Funds,fund_or_etp,potential_candidate_pending_canonical_validation,10,HK0000782851,,,Y,Y,,Y,,,Y,5,RMB,,False,True,not_performed_v2_19n,not_performed_v2_19o,v2.19O,net_new_pending_expanded_rebuild,no_match_found,not_found_in_active_or_current_candidate,0,True,True,343,outputs\full_universe_source_acquisition\expanded_universe_candidate_hkex_v2_19p.csv,current_candidate_headers_preserved,82829.HK,HK0000782851
HKEX_82830,v2.19N,HKEX,Hong Kong,Hong Kong,HKEX,XHKG,hkex_repair_01_full_list_of_securities,outputs\full_universe_source_acquisition\raw\hkex_v2_19l_fix\01_full_list_of_securities.xlsx,ListOfSecurities,17248,82830,82830,82830.HK,82830.HK,82830.HK,CSOP SAUDI-R,Exchange Traded Products,Exchange Traded Funds,fund_or_etp,potential_candidate_pending_canonical_validation,10,HK0000952678,,,Y,Y,,Y,,,Y,5,RMB,,False,True,not_performed_v2_19n,not_performed_v2_19o,v2.19O,net_new_pending_expanded_rebuild,no_match_found,not_found_in_active_or_current_candidate,0,True,True,344,outputs\full_universe_source_acquisition\expanded_universe_candidate_hkex_v2_19p.csv,current_candidate_headers_preserved,82830.HK,HK0000952678
HKEX_82832,v2.19N,HKEX,Hong Kong,Hong Kong,HKEX,XHKG,hkex_repair_01_full_list_of_securities,outputs\full_universe_source_acquisition\raw\hkex_v2_19l_fix\01_full_list_of_securities.xlsx,ListOfSecurities,17249,82832,82832,82832.HK,82832.HK,82832.HK,BOSERA STAR50-R,Exchange Traded Products,Exchange Traded Funds,fund_or_etp,potential_candidate_pending_canonical_validation,100,HK0000172681,,,Y,Y,,Y,,,Y,5,RMB,,False,True,not_performed_v2_19n,not_performed_v2_19o,v2.19O,net_new_pending_expanded_rebuild,no_match_found,not_found_in_active_or_current_candidate,0,True,True,345,outputs\full_universe_source_acquisition\expanded_universe_candidate_hkex_v2_19p.csv,current_candidate_headers_preserved,82832.HK,HK0000172681
HKEX_82839,v2.19N,HKEX,Hong Kong,Hong Kong,HKEX,XHKG,hkex_repair_01_full_list_of_securities,outputs\full_universe_source_acquisition\raw\hkex_v2_19l_fix\01_full_list_of_securities.xlsx,ListOfSecurities,17250,82839,82839,82839.HK,82839.HK,82839.HK,CAM MSCI A50-R,Exchange Traded Products,Exchange Traded Funds,fund_or_etp,potential_candidate_pending_canonical_validation,50,HK0000804119,,,Y,Y,,Y,,,Y,5,RMB,,False,True,not_performed_v2_19n,not_performed_v2_19o,v2.19O,net_new_pending_expanded_rebuild,no_match_found,not_found_in_active_or_current_candidate,0,True,True,346,outputs\full_universe_source_acquisition\expanded_universe_candidate_hkex_v2_19p.csv,current_candidate_headers_preserved,82839.HK,HK0000804119
HKEX_82840,v2.19N,HKEX,Hong Kong,Hong Kong,HKEX,XHKG,hkex_repair_01_full_list_of_securities,outputs\full_universe_source_acquisition\raw\hkex_v2_19l_fix\01_full_list_of_securities.xlsx,ListOfSecurities,17251,82840,82840,82840.HK,82840.HK,82840.HK,SPDR GOLD TRT-R,Exchange Traded Products,Exchange Traded Funds,fund_or_etp,potential_candidate_pending_canonical_validation,1,US78463V1070,,,Y,Y,,Y,,,Y,5,RMB,,False,True,not_performed_v2_19n,not_performed_v2_19o,v2.19O,net_new_pending_expanded_rebuild,no_match_found,not_found_in_active_or_current_candidate,0,True,True,347,outputs\full_universe_source_acquisition\expanded_universe_candidate_hkex_v2_19p.csv,current_candidate_headers_preserved,82840.HK,US78463V1070
HKEX_82843,v2.19N,HKEX,Hong Kong,Hong Kong,HKEX,XHKG,hkex_repair_01_full_list_of_securities,outputs\full_universe_source_acquisition\raw\hkex_v2_19l_fix\01_full_list_of_securities.xlsx,ListOfSecurities,17252,82843,82843,82843.HK,82843.HK,82843.HK,AMUNDI A50-R,Exchange Traded Products,Exchange Traded Funds,fund_or_etp,potential_candidate_pending_canonical_validation,200,HK0000308293,,,Y,Y,,Y,,,Y,5,RMB,,False,True,not_performed_v2_19n,not_performed_v2_19o,v2.19O,net_new_pending_expanded_rebuild,no_match_found,not_found_in_active_or_current_candidate,0,True,True,348,outputs\full_universe_source_acquisition\expanded_universe_candidate_hkex_v2_19p.csv,current_candidate_headers_preserved,82843.HK,HK0000308293
HKEX_82846,v2.19N,HKEX,Hong Kong,Hong Kong,HKEX,XHKG,hkex_repair_01_full_list_of_securities,outputs\full_universe_source_acquisition\raw\hkex_v2_19l_fix\01_full_list_of_securities.xlsx,ListOfSecurities,17253,82846,82846,82846.HK,82846.HK,82846.HK,ISHARESCSI300-R,Exchange Traded Products,Exchange Traded Funds,fund_or_etp,potential_candidate_pending_canonical_validation,100,HK0000057395,,,Y,Y,,Y,,,Y,5,RMB,,False,True,not_performed_v2_19n,not_performed_v2_19o,v2.19O,net_new_pending_expanded_rebuild,no_match_found,not_found_in_active_or_current_candidate,0,True,True,349,outputs\full_universe_source_acquisition\expanded_universe_candidate_hkex_v2_19p.csv,current_candidate_headers_preserved,82846.HK,HK0000057395
HKEX_83001,v2.19N,HKEX,Hong Kong,Hong Kong,HKEX,XHKG,hkex_repair_01_full_list_of_securities,outputs\full_universe_source_acquisition\raw\hkex_v2_19l_fix\01_full_list_of_securities.xlsx,ListOfSecurities,17254,83001,83001,83001.HK,83001.HK,83001.HK,PP CNUSDPROP-R,Exchange Traded Products,Exchange Traded Funds,fund_or_etp,potential_candidate_pending_canonical_validation,5,HK0000723178,,,Y,Y,,Y,,,Y,3,RMB,,False,True,not_performed_v2_19n,not_performed_v2_19o,v2.19O,net_new_pending_expanded_rebuild,no_match_found,not_found_in_active_or_current_candidate,0,True,True,350,outputs\full_universe_source_acquisition\expanded_universe_candidate_hkex_v2_19p.csv,current_candidate_headers_preserved,83001.HK,HK0000723178
HKEX_83005,v2.19N,HKEX,Hong Kong,Hong Kong,HKEX,XHKG,hkex_repair_01_full_list_of_securities,outputs\full_universe_source_acquisition\raw\hkex_v2_19l_fix\01_full_list_of_securities.xlsx,ListOfSecurities,17255,83005,83005,83005.HK,83005.HK,83005.HK,X CSOPCSI500-R,Exchange Traded Products,Exchange Traded Funds,fund_or_etp,potential_candidate_pending_canonical_validation,200,HK0000578549,,,Y,Y,,Y,,,Y,5,RMB,,False,True,not_performed_v2_19n,not_performed_v2_19o,v2.19O,net_new_pending_expanded_rebuild,no_match_found,not_found_in_active_or_current_candidate,0,True,True,351,outputs\full_universe_source_acquisition\expanded_universe_candidate_hkex_v2_19p.csv,current_candidate_headers_preserved,83005.HK,HK0000578549
HKEX_83010,v2.19N,HKEX,Hong Kong,Hong Kong,HKEX,XHKG,hkex_repair_01_full_list_of_securities,outputs\full_universe_source_acquisition\raw\hkex_v2_19l_fix\01_full_list_of_securities.xlsx,ListOfSecurities,17256,83010,83010,83010.HK,83010.HK,83010.HK,ISHARES AXJ-R,Exchange Traded Products,Exchange Traded Funds,fund_or_etp,potential_candidate_pending_canonical_validation,100,HK0000051877,,,Y,Y,,Y,,,Y,5,RMB,,False,True,not_performed_v2_19n,not_performed_v2_19o,v2.19O,net_new_pending_expanded_rebuild,no_match_found,not_found_in_active_or_current_candidate,0,True,True,352,outputs\full_universe_source_acquisition\expanded_universe_candidate_hkex_v2_19p.csv,current_candidate_headers_preserved,83010.HK,HK0000051877
HKEX_83012,v2.19N,HKEX,Hong Kong,Hong Kong,HKEX,XHKG,hkex_repair_01_full_list_of_securities,outputs\full_universe_source_acquisition\raw\hkex_v2_19l_fix\01_full_list_of_securities.xlsx,ListOfSecurities,17257,83012,83012,83012.HK,83012.HK,83012.HK,AMUNDI HK35-R,Exchange Traded Products,Exchange Traded Funds,fund_or_etp,potential_candidate_pending_canonical_validation,500,HK0000286804,,,Y,Y,,Y,,,Y,5,RMB,,False,True,not_performed_v2_19n,not_performed_v2_19o,v2.19O,net_new_pending_expanded_rebuild,no_match_found,not_found_in_active_or_current_candidate,0,True,True,353,outputs\full_universe_source_acquisition\expanded_universe_candidate_hkex_v2_19p.csv,current_candidate_headers_preserved,83012.HK,HK0000286804
HKEX_83031,v2.19N,HKEX,Hong Kong,Hong Kong,HKEX,XHKG,hkex_repair_01_full_list_of_securities,outputs\full_universe_source_acquisition\raw\hkex_v2_19l_fix\01_full_list_of_securities.xlsx,ListOfSecurities,17258,83031,83031,83031.HK,83031.HK,83031.HK,FG HS HIGHDIV-R,Exchange Traded Products,Exchange Traded Funds,fund_or_etp,potential_candidate_pending_canonical_validation,100,HK0001281408,,,Y,Y,,Y,,,Y,5,RMB,,False,True,not_performed_v2_19n,not_performed_v2_19o,v2.19O,net_new_pending_expanded_rebuild,no_match_found,not_found_in_active_or_current_candidate,0,True,True,354,outputs\full_universe_source_acquisition\expanded_universe_candidate_hkex_v2_19p.csv,current_candidate_headers_preserved,83031.HK,HK0001281408
HKEX_83038,v2.19N,HKEX,Hong Kong,Hong Kong,HKEX,XHKG,hkex_repair_01_full_list_of_securities,outputs\full_universe_source_acquisition\raw\hkex_v2_19l_fix\01_full_list_of_securities.xlsx,ListOfSecurities,17259,83038,83038,83038.HK,83038.HK,83038.HK,HS ALOWCARBON-R,Exchange Traded Products,Exchange Traded Funds,fund_or_etp,potential_candidate_pending_canonical_validation,100,HK0000921244,,,Y,Y,,Y,,,Y,5,RMB,,False,True,not_performed_v2_19n,not_performed_v2_19o,v2.19O,net_new_pending_expanded_rebuild,no_match_found,not_found_in_active_or_current_candidate,0,True,True,355,outputs\full_universe_source_acquisition\expanded_universe_candidate_hkex_v2_19p.csv,current_candidate_headers_preserved,83038.HK,HK0000921244
HKEX_83042,v2.19N,HKEX,Hong Kong,Hong Kong,HKEX,XHKG,hkex_repair_01_full_list_of_securities,outputs\full_universe_source_acquisition\raw\hkex_v2_19l_fix\01_full_list_of_securities.xlsx,ListOfSecurities,17260,83042,83042,83042.HK,83042.HK,83042.HK,CAM BTC-R,Exchange Traded Products,Exchange Traded Funds,fund_or_etp,potential_candidate_pending_canonical_validation,100,HK0001009700,,,Y,Y,,Y,,,Y,5,RMB,,False,True,not_performed_v2_19n,not_performed_v2_19o,v2.19O,net_new_pending_expanded_rebuild,no_match_found,not_found_in_active_or_current_candidate,0,True,True,356,outputs\full_universe_source_acquisition\expanded_universe_candidate_hkex_v2_19p.csv,current_candidate_headers_preserved,83042.HK,HK0001009700
HKEX_83046,v2.19N,HKEX,Hong Kong,Hong Kong,HKEX,XHKG,hkex_repair_01_full_list_of_securities,outputs\full_universe_source_acquisition\raw\hkex_v2_19l_fix\01_full_list_of_securities.xlsx,ListOfSecurities,17261,83046,83046,83046.HK,83046.HK,83046.HK,CAM ETH-R,Exchange Traded Products,Exchange Traded Funds,fund_or_etp,potential_candidate_pending_canonical_validation,100,HK0001009734,,,Y,Y,,Y,,,Y,5,RMB,,False,True,not_performed_v2_19n,not_performed_v2_19o,v2.19O,net_new_pending_expanded_rebuild,no_match_found,not_found_in_active_or_current_candidate,0,True,True,357,outputs\full_universe_source_acquisition\expanded_universe_candidate_hkex_v2_19p.csv,current_candidate_headers_preserved,83046.HK,HK0001009734
HKEX_83053,v2.19N,HKEX,Hong Kong,Hong Kong,HKEX,XHKG,hkex_repair_01_full_list_of_securities,outputs\full_universe_source_acquisition\raw\hkex_v2_19l_fix\01_full_list_of_securities.xlsx,ListOfSecurities,17262,83053,83053,83053.HK,83053.HK,83053.HK,A CSOP HKD MM-R,Exchange Traded Products,Exchange Traded Funds,fund_or_etp,potential_candidate_pending_canonical_validation,1,HK0000426384,,,Y,Y,,Y,,,Y,3,RMB,,False,True,not_performed_v2_19n,not_performed_v2_19o,v2.19O,net_new_pending_expanded_rebuild,no_match_found,not_found_in_active_or_current_candidate,0,True,True,358,outputs\full_universe_source_acquisition\expanded_universe_candidate_hkex_v2_19p.csv,current_candidate_headers_preserved,83053.HK,HK0000426384
HKEX_83069,v2.19N,HKEX,Hong Kong,Hong Kong,HKEX,XHKG,hkex_repair_01_full_list_of_securities,outputs\full_universe_source_acquisition\raw\hkex_v2_19l_fix\01_full_list_of_securities.xlsx,ListOfSecurities,17264,83069,83069,83069.HK,83069.HK,83069.HK,CAM HSBIOTECH-R,Exchange Traded Products,Exchange Traded Funds,fund_or_etp,potential_candidate_pending_canonical_validation,100,HK0000711199,,,Y,Y,,Y,,,Y,5,RMB,,False,True,not_performed_v2_19n,not_performed_v2_19o,v2.19O,net_new_pending_expanded_rebuild,no_match_found,not_found_in_active_or_current_candidate,0,True,True,359,outputs\full_universe_source_acquisition\expanded_universe_candidate_hkex_v2_19p.csv,current_candidate_headers_preserved,83069.HK,HK0000711199
HKEX_83081,v2.19N,HKEX,Hong Kong,Hong Kong,HKEX,XHKG,hkex_repair_01_full_list_of_securities,outputs\full_universe_source_acquisition\raw\hkex_v2_19l_fix\01_full_list_of_securities.xlsx,ListOfSecurities,17265,83081,83081,83081.HK,83081.HK,83081.HK,VALUEGOLD ETF-R,Exchange Traded Products,Exchange Traded Funds,fund_or_etp,potential_candidate_pending_canonical_validation,100,HK0000071313,,,Y,Y,,Y,,,Y,5,RMB,,False,True,not_performed_v2_19n,not_performed_v2_19o,v2.19O,net_new_pending_expanded_rebuild,no_match_found,not_found_in_active_or_current_candidate,0,True,True,360,outputs\full_universe_source_acquisition\expanded_universe_candidate_hkex_v2_19p.csv,current_candidate_headers_preserved,83081.HK,HK0000071313
HKEX_83088,v2.19N,HKEX,Hong Kong,Hong Kong,HKEX,XHKG,hkex_repair_01_full_list_of_securities,outputs\full_universe_source_acquisition\raw\hkex_v2_19l_fix\01_full_list_of_securities.xlsx,ListOfSecurities,17266,83088,83088,83088.HK,83088.HK,83088.HK,CAM HS TECH-R,Exchange Traded Products,Exchange Traded Funds,fund_or_etp,potential_candidate_pending_canonical_validation,200,HK0000643327,,,Y,Y,,Y,,,Y,5,RMB,,False,True,not_performed_v2_19n,not_performed_v2_19o,v2.19O,net_new_pending_expanded_rebuild,no_match_found,not_found_in_active_or_current_candidate,0,True,True,361,outputs\full_universe_source_acquisition\expanded_universe_candidate_hkex_v2_19p.csv,current_candidate_headers_preserved,83088.HK,HK0000643327
HKEX_83102,v2.19N,HKEX,Hong Kong,Hong Kong,HKEX,XHKG,hkex_repair_01_full_list_of_securities,outputs\full_universe_source_acquisition\raw\hkex_v2_19l_fix\01_full_list_of_securities.xlsx,ListOfSecurities,17267,83102,83102,83102.HK,83102.HK,83102.HK,ICBCU KS KWEB-R,Exchange Traded Products,Exchange Traded Funds,fund_or_etp,potential_candidate_pending_canonical_validation,100,HK0001238192,,,Y,Y,,Y,,,Y,5,RMB,,False,True,not_performed_v2_19n,not_performed_v2_19o,v2.19O,net_new_pending_expanded_rebuild,no_match_found,not_found_in_active_or_current_candidate,0,True,True,362,outputs\full_universe_source_acquisition\expanded_universe_candidate_hkex_v2_19p.csv,current_candidate_headers_preserved,83102.HK,HK0001238192
HKEX_83108,v2.19N,HKEX,Hong Kong,Hong Kong,HKEX,XHKG,hkex_repair_01_full_list_of_securities,outputs\full_universe_source_acquisition\raw\hkex_v2_19l_fix\01_full_list_of_securities.xlsx,ListOfSecurities,17268,83108,83108,83108.HK,83108.HK,83108.HK,HGI ESGLEADER-R,Exchange Traded Products,Exchange Traded Funds,fund_or_etp,potential_candidate_pending_canonical_validation,100,HK0000701661,,,Y,Y,,Y,,,Y,5,RMB,,False,True,not_performed_v2_19n,not_performed_v2_19o,v2.19O,net_new_pending_expanded_rebuild,no_match_found,not_found_in_active_or_current_candidate,0,True,True,363,outputs\full_universe_source_acquisition\expanded_universe_candidate_hkex_v2_19p.csv,current_candidate_headers_preserved,83108.HK,HK0000701661
HKEX_83110,v2.19N,HKEX,Hong Kong,Hong Kong,HKEX,XHKG,hkex_repair_01_full_list_of_securities,outputs\full_universe_source_acquisition\raw\hkex_v2_19l_fix\01_full_list_of_securities.xlsx,ListOfSecurities,17269,83110,83110,83110.HK,83110.HK,83110.HK,GX HS HIGHDIV-R,Exchange Traded Products,Exchange Traded Funds,fund_or_etp,potential_candidate_pending_canonical_validation,50,HK0000151933,,,Y,Y,,Y,,,Y,5,RMB,,False,True,not_performed_v2_19n,not_performed_v2_19o,v2.19O,net_new_pending_expanded_rebuild,no_match_found,not_found_in_active_or_current_candidate,0,True,True,364,outputs\full_universe_source_acquisition\expanded_universe_candidate_hkex_v2_19p.csv,current_candidate_headers_preserved,83110.HK,HK0000151933
HKEX_83111,v2.19N,HKEX,Hong Kong,Hong Kong,HKEX,XHKG,hkex_repair_01_full_list_of_securities,outputs\full_universe_source_acquisition\raw\hkex_v2_19l_fix\01_full_list_of_securities.xlsx,ListOfSecurities,17270,83111,83111,83111.HK,83111.HK,83111.HK,EFUNDMSCIA50-R,Exchange Traded Products,Exchange Traded Funds,fund_or_etp,potential_candidate_pending_canonical_validation,100,HK0000806155,,,Y,Y,,Y,,,Y,5,RMB,,False,True,not_performed_v2_19n,not_performed_v2_19o,v2.19O,net_new_pending_expanded_rebuild,no_match_found,not_found_in_active_or_current_candidate,0,True,True,365,outputs\full_universe_source_acquisition\expanded_universe_candidate_hkex_v2_19p.csv,current_candidate_headers_preserved,83111.HK,HK0000806155
HKEX_83115,v2.19N,HKEX,Hong Kong,Hong Kong,HKEX,XHKG,hkex_repair_01_full_list_of_securities,outputs\full_universe_source_acquisition\raw\hkex_v2_19l_fix\01_full_list_of_securities.xlsx,ListOfSecurities,17271,83115,83115,83115.HK,83115.HK,83115.HK,ISHARESHSI-R,Exchange Traded Products,Exchange Traded Funds,fund_or_etp,potential_candidate_pending_canonical_validation,100,HK0000313426,,,Y,Y,,Y,,,Y,5,RMB,,False,True,not_performed_v2_19n,not_performed_v2_19o,v2.19O,net_new_pending_expanded_rebuild,no_match_found,not_found_in_active_or_current_candidate,0,True,True,366,outputs\full_universe_source_acquisition\expanded_universe_candidate_hkex_v2_19p.csv,current_candidate_headers_preserved,83115.HK,HK0000313426
HKEX_83118,v2.19N,HKEX,Hong Kong,Hong Kong,HKEX,XHKG,hkex_repair_01_full_list_of_securities,outputs\full_universe_source_acquisition\raw\hkex_v2_19l_fix\01_full_list_of_securities.xlsx,ListOfSecurities,17272,83118,83118,83118.HK,83118.HK,83118.HK,HGI MSCI CN A-R,Exchange Traded Products,Exchange Traded Funds,fund_or_etp,potential_candidate_pending_canonical_validation,100,HK0000125598,,,Y,Y,,Y,,,Y,5,RMB,,False,True,not_performed_v2_19n,not_performed_v2_19o,v2.19O,net_new_pending_expanded_rebuild,no_match_found,not_found_in_active_or_current_candidate,0,True,True,367,outputs\full_universe_source_acquisition\expanded_universe_candidate_hkex_v2_19p.csv,current_candidate_headers_preserved,83118.HK,HK0000125598
HKEX_83122,v2.19N,HKEX,Hong Kong,Hong Kong,HKEX,XHKG,hkex_repair_01_full_list_of_securities,outputs\full_universe_source_acquisition\raw\hkex_v2_19l_fix\01_full_list_of_securities.xlsx,ListOfSecurities,17273,83122,83122,83122.HK,83122.HK,83122.HK,A CSOP RMB MM-R,Exchange Traded Products,Exchange Traded Funds,fund_or_etp,potential_candidate_pending_canonical_validation,10,HK0000226149,,,Y,Y,,Y,,,Y,3,RMB,,False,True,not_performed_v2_19n,not_performed_v2_19o,v2.19O,net_new_pending_expanded_rebuild,no_match_found,not_found_in_active_or_current_candidate,0,True,True,368,outputs\full_universe_source_acquisition\expanded_universe_candidate_hkex_v2_19p.csv,current_candidate_headers_preserved,83122.HK,HK0000226149
HKEX_83128,v2.19N,HKEX,Hong Kong,Hong Kong,HKEX,XHKG,hkex_repair_01_full_list_of_securities,outputs\full_universe_source_acquisition\raw\hkex_v2_19l_fix\01_full_list_of_securities.xlsx,ListOfSecurities,17274,83128,83128,83128.HK,83128.HK,83128.HK,HS AINDTOPETF-R,Exchange Traded Products,Exchange Traded Funds,fund_or_etp,potential_candidate_pending_canonical_validation,100,HK0000159977,,,Y,Y,,Y,,,Y,5,RMB,,False,True,not_performed_v2_19n,not_performed_v2_19o,v2.19O,net_new_pending_expanded_rebuild,no_match_found,not_found_in_active_or_current_candidate,0,True,True,369,outputs\full_universe_source_acquisition\expanded_universe_candidate_hkex_v2_19p.csv,current_candidate_headers_preserved,83128.HK,HK0000159977
HKEX_83129,v2.19N,HKEX,Hong Kong,Hong Kong,HKEX,XHKG,hkex_repair_01_full_list_of_securities,outputs\full_universe_source_acquisition\raw\hkex_v2_19l_fix\01_full_list_of_securities.xlsx,ListOfSecurities,17275,83129,83129,83129.HK,83129.HK,83129.HK,BOCGBACLIMATE-R,Exchange Traded Products,Exchange Traded Funds,fund_or_etp,potential_candidate_pending_canonical_validation,100,HK0000919909,,,Y,Y,,Y,,,Y,5,RMB,,False,True,not_performed_v2_19n,not_performed_v2_19o,v2.19O,net_new_pending_expanded_rebuild,no_match_found,not_found_in_active_or_current_candidate,0,True,True,370,outputs\full_universe_source_acquisition\expanded_universe_candidate_hkex_v2_19p.csv,current_candidate_headers_preserved,83129.HK,HK0000919909
HKEX_83140,v2.19N,HKEX,Hong Kong,Hong Kong,HKEX,XHKG,hkex_repair_01_full_list_of_securities,outputs\full_universe_source_acquisition\raw\hkex_v2_19l_fix\01_full_list_of_securities.xlsx,ListOfSecurities,17276,83140,83140,83140.HK,83140.HK,83140.HK,CAM HKUS AI-R,Exchange Traded Products,Exchange Traded Funds,fund_or_etp,potential_candidate_pending_canonical_validation,100,HK0001233946,,,Y,Y,,Y,,,Y,5,RMB,,False,True,not_performed_v2_19n,not_performed_v2_19o,v2.19O,net_new_pending_expanded_rebuild,no_match_found,not_found_in_active_or_current_candidate,0,True,True,371,outputs\full_universe_source_acquisition\expanded_universe_candidate_hkex_v2_19p.csv,current_candidate_headers_preserved,83140.HK,HK0001233946
HKEX_83146,v2.19N,HKEX,Hong Kong,Hong Kong,HKEX,XHKG,hkex_repair_01_full_list_of_securities,outputs\full_universe_source_acquisition\raw\hkex_v2_19l_fix\01_full_list_of_securities.xlsx,ListOfSecurities,17277,83146,83146,83146.HK,83146.HK,83146.HK,CAM 20 UST-R,Exchange Traded Products,Exchange Traded Funds,fund_or_etp,potential_candidate_pending_canonical_validation,1,HK0001006771,,,Y,Y,,Y,,,Y,3,RMB,,False,True,not_performed_v2_19n,not_performed_v2_19o,v2.19O,net_new_pending_expanded_rebuild,no_match_found,not_found_in_active_or_current_candidate,0,True,True,372,outputs\full_universe_source_acquisition\expanded_universe_candidate_hkex_v2_19p.csv,current_candidate_headers_preserved,83146.HK,HK0001006771
HKEX_83147,v2.19N,HKEX,Hong Kong,Hong Kong,HKEX,XHKG,hkex_repair_01_full_list_of_securities,outputs\full_universe_source_acquisition\raw\hkex_v2_19l_fix\01_full_list_of_securities.xlsx,ListOfSecurities,17278,83147,83147,83147.HK,83147.HK,83147.HK,X CSOPCHINEXT-R,Exchange Traded Products,Exchange Traded Funds,fund_or_etp,potential_candidate_pending_canonical_validation,200,HK0000248234,,,Y,Y,,Y,,,Y,5,RMB,,False,True,not_performed_v2_19n,not_performed_v2_19o,v2.19O,net_new_pending_expanded_rebuild,no_match_found,not_found_in_active_or_current_candidate,0,True,True,373,outputs\full_universe_source_acquisition\expanded_universe_candidate_hkex_v2_19p.csv,current_candidate_headers_preserved,83147.HK,HK0000248234
HKEX_83151,v2.19N,HKEX,Hong Kong,Hong Kong,HKEX,XHKG,hkex_repair_01_full_list_of_securities,outputs\full_universe_source_acquisition\raw\hkex_v2_19l_fix\01_full_list_of_securities.xlsx,ListOfSecurities,17279,83151,83151,83151.HK,83151.HK,83151.HK,PREMIA STAR50-R,Exchange Traded Products,Exchange Traded Funds,fund_or_etp,potential_candidate_pending_canonical_validation,200,HK0000761400,,,Y,Y,,Y,,,Y,5,RMB,,False,True,not_performed_v2_19n,not_performed_v2_19o,v2.19O,net_new_pending_expanded_rebuild,no_match_found,not_found_in_active_or_current_candidate,0,True,True,374,outputs\full_universe_source_acquisition\expanded_universe_candidate_hkex_v2_19p.csv,current_candidate_headers_preserved,83151.HK,HK0000761400
HKEX_83161,v2.19N,HKEX,Hong Kong,Hong Kong,HKEX,XHKG,hkex_repair_01_full_list_of_securities,outputs\full_universe_source_acquisition\raw\hkex_v2_19l_fix\01_full_list_of_securities.xlsx,ListOfSecurities,17280,83161,83161,83161.HK,83161.HK,83161.HK,A CAM RMB MM-R,Exchange Traded Products,Exchange Traded Funds,fund_or_etp,potential_candidate_pending_canonical_validation,1,HK0000921822,,,Y,Y,,Y,,,Y,3,RMB,,False,True,not_performed_v2_19n,not_performed_v2_19o,v2.19O,net_new_pending_expanded_rebuild,no_match_found,not_found_in_active_or_current_candidate,0,True,True,375,outputs\full_universe_source_acquisition\expanded_universe_candidate_hkex_v2_19p.csv,current_candidate_headers_preserved,83161.HK,HK0000921822
HKEX_83167,v2.19N,HKEX,Hong Kong,Hong Kong,HKEX,XHKG,hkex_repair_01_full_list_of_securities,outputs\full_universe_source_acquisition\raw\hkex_v2_19l_fix\01_full_list_of_securities.xlsx,ListOfSecurities,17281,83167,83167,83167.HK,83167.HK,83167.HK,ICBCCSOPCHINA-R,Exchange Traded Products,Exchange Traded Funds,fund_or_etp,potential_candidate_pending_canonical_validation,50,HK0000316767,,,Y,Y,,Y,,,Y,5,RMB,,False,True,not_performed_v2_19n,not_performed_v2_19o,v2.19O,net_new_pending_expanded_rebuild,no_match_found,not_found_in_active_or_current_candidate,0,True,True,376,outputs\full_universe_source_acquisition\expanded_universe_candidate_hkex_v2_19p.csv,current_candidate_headers_preserved,83167.HK,HK0000316767
HKEX_83168,v2.19N,HKEX,Hong Kong,Hong Kong,HKEX,XHKG,hkex_repair_01_full_list_of_securities,outputs\full_universe_source_acquisition\raw\hkex_v2_19l_fix\01_full_list_of_securities.xlsx,ListOfSecurities,17282,83168,83168,83168.HK,83168.HK,83168.HK,HS RMB GOLD ETF,Exchange Traded Products,Exchange Traded Funds,fund_or_etp,potential_candidate_pending_canonical_validation,100,HK0000099405,,,Y,Y,,Y,,,Y,5,RMB,,False,True,not_performed_v2_19n,not_performed_v2_19o,v2.19O,net_new_pending_expanded_rebuild,no_match_found,not_found_in_active_or_current_candidate,0,True,True,377,outputs\full_universe_source_acquisition\expanded_universe_candidate_hkex_v2_19p.csv,current_candidate_headers_preserved,83168.HK,HK0000099405
HKEX_83188,v2.19N,HKEX,Hong Kong,Hong Kong,HKEX,XHKG,hkex_repair_01_full_list_of_securities,outputs\full_universe_source_acquisition\raw\hkex_v2_19l_fix\01_full_list_of_securities.xlsx,ListOfSecurities,17283,83188,83188,83188.HK,83188.HK,83188.HK,CAM CSI300-R,Exchange Traded Products,Exchange Traded Funds,fund_or_etp,potential_candidate_pending_canonical_validation,200,HK0000123577,,,Y,Y,,Y,,,Y,5,RMB,,False,True,not_performed_v2_19n,not_performed_v2_19o,v2.19O,net_new_pending_expanded_rebuild,no_match_found,not_found_in_active_or_current_candidate,0,True,True,378,outputs\full_universe_source_acquisition\expanded_universe_candidate_hkex_v2_19p.csv,current_candidate_headers_preserved,83188.HK,HK0000123577
HKEX_83189,v2.19N,HKEX,Hong Kong,Hong Kong,HKEX,XHKG,hkex_repair_01_full_list_of_securities,outputs\full_universe_source_acquisition\raw\hkex_v2_19l_fix\01_full_list_of_securities.xlsx,ListOfSecurities,17284,83189,83189,83189.HK,83189.HK,83189.HK,EFUND LIQUOR-R,Exchange Traded Products,Exchange Traded Funds,fund_or_etp,potential_candidate_pending_canonical_validation,100,HK0000907789,,,Y,Y,,Y,,,Y,5,RMB,,False,True,not_performed_v2_19n,not_performed_v2_19o,v2.19O,net_new_pending_expanded_rebuild,no_match_found,not_found_in_active_or_current_candidate,0,True,True,379,outputs\full_universe_source_acquisition\expanded_universe_candidate_hkex_v2_19p.csv,current_candidate_headers_preserved,83189.HK,HK0000907789
HKEX_83192,v2.19N,HKEX,Hong Kong,Hong Kong,HKEX,XHKG,hkex_repair_01_full_list_of_securities,outputs\full_universe_source_acquisition\raw\hkex_v2_19l_fix\01_full_list_of_securities.xlsx,ListOfSecurities,17285,83192,83192,83192.HK,83192.HK,83192.HK,A BOS RMB MM-R,Exchange Traded Products,Exchange Traded Funds,fund_or_etp,potential_candidate_pending_canonical_validation,1,HK0000962909,,,Y,Y,,Y,,,Y,3,RMB,,False,True,not_performed_v2_19n,not_performed_v2_19o,v2.19O,net_new_pending_expanded_rebuild,no_match_found,not_found_in_active_or_current_candidate,0,True,True,380,outputs\full_universe_source_acquisition\expanded_universe_candidate_hkex_v2_19p.csv,current_candidate_headers_preserved,83192.HK,HK0000962909
HKEX_83196,v2.19N,HKEX,Hong Kong,Hong Kong,HKEX,XHKG,hkex_repair_01_full_list_of_securities,outputs\full_universe_source_acquisition\raw\hkex_v2_19l_fix\01_full_list_of_securities.xlsx,ListOfSecurities,17286,83196,83196,83196.HK,83196.HK,83196.HK,A BOS USD MM-R,Exchange Traded Products,Exchange Traded Funds,fund_or_etp,potential_candidate_pending_canonical_validation,1,HK0000939758,,,Y,Y,,Y,,,Y,3,RMB,,False,True,not_performed_v2_19n,not_performed_v2_19o,v2.19O,net_new_pending_expanded_rebuild,no_match_found,not_found_in_active_or_current_candidate,0,True,True,381,outputs\full_universe_source_acquisition\expanded_universe_candidate_hkex_v2_19p.csv,current_candidate_headers_preserved,83196.HK,HK0000939758
HKEX_83199,v2.19N,HKEX,Hong Kong,Hong Kong,HKEX,XHKG,hkex_repair_01_full_list_of_securities,outputs\full_universe_source_acquisition\raw\hkex_v2_19l_fix\01_full_list_of_securities.xlsx,ListOfSecurities,17287,83199,83199,83199.HK,83199.HK,83199.HK,ICBCCSOP CGPB-R,Exchange Traded Products,Exchange Traded Funds,fund_or_etp,potential_candidate_pending_canonical_validation,20,HK0000182987,,,Y,Y,,Y,,,Y,3,RMB,,False,True,not_performed_v2_19n,not_performed_v2_19o,v2.19O,net_new_pending_expanded_rebuild,no_match_found,not_found_in_active_or_current_candidate,0,True,True,382,outputs\full_universe_source_acquisition\expanded_universe_candidate_hkex_v2_19p.csv,current_candidate_headers_preserved,83199.HK,HK0000182987
HKEX_83403,v2.19N,HKEX,Hong Kong,Hong Kong,HKEX,XHKG,hkex_repair_01_full_list_of_securities,outputs\full_universe_source_acquisition\raw\hkex_v2_19l_fix\01_full_list_of_securities.xlsx,ListOfSecurities,17288,83403,83403,83403.HK,83403.HK,83403.HK,CAM HSI ESG-R,Exchange Traded Products,Exchange Traded Funds,fund_or_etp,potential_candidate_pending_canonical_validation,10,HK0000873676,,,Y,Y,,Y,,,Y,5,RMB,,False,True,not_performed_v2_19n,not_performed_v2_19o,v2.19O,net_new_pending_expanded_rebuild,no_match_found,not_found_in_active_or_current_candidate,0,True,True,383,outputs\full_universe_source_acquisition\expanded_universe_candidate_hkex_v2_19p.csv,current_candidate_headers_preserved,83403.HK,HK0000873676
HKEX_83404,v2.19N,HKEX,Hong Kong,Hong Kong,HKEX,XHKG,hkex_repair_01_full_list_of_securities,outputs\full_universe_source_acquisition\raw\hkex_v2_19l_fix\01_full_list_of_securities.xlsx,ListOfSecurities,17289,83404,83404,83404.HK,83404.HK,83404.HK,CAM MSCIINDIA-R,Exchange Traded Products,Exchange Traded Funds,fund_or_etp,potential_candidate_pending_canonical_validation,100,HK0001040226,,,Y,Y,,Y,,,Y,5,RMB,,False,True,not_performed_v2_19n,not_performed_v2_19o,v2.19O,net_new_pending_expanded_rebuild,no_match_found,not_found_in_active_or_current_candidate,0,True,True,384,outputs\full_universe_source_acquisition\expanded_universe_candidate_hkex_v2_19p.csv,current_candidate_headers_preserved,83404.HK,HK0001040226
HKEX_83416,v2.19N,HKEX,Hong Kong,Hong Kong,HKEX,XHKG,hkex_repair_01_full_list_of_securities,outputs\full_universe_source_acquisition\raw\hkex_v2_19l_fix\01_full_list_of_securities.xlsx,ListOfSecurities,17290,83416,83416,83416.HK,83416.HK,83416.HK,A GX HSCEICC-R,Exchange Traded Products,Exchange Traded Funds,fund_or_etp,potential_candidate_pending_canonical_validation,100,HK0000978954,,,Y,Y,,Y,,,Y,5,RMB,,False,True,not_performed_v2_19n,not_performed_v2_19o,v2.19O,net_new_pending_expanded_rebuild,no_match_found,not_found_in_active_or_current_candidate,0,True,True,385,outputs\full_universe_source_acquisition\expanded_universe_candidate_hkex_v2_19p.csv,current_candidate_headers_preserved,83416.HK,HK0000978954
HKEX_83418,v2.19N,HKEX,Hong Kong,Hong Kong,HKEX,XHKG,hkex_repair_01_full_list_of_securities,outputs\full_universe_source_acquisition\raw\hkex_v2_19l_fix\01_full_list_of_securities.xlsx,ListOfSecurities,17291,83418,83418,83418.HK,83418.HK,83418.HK,CAM DIGI GOLD-R,Exchange Traded Products,Exchange Traded Funds,fund_or_etp,potential_candidate_pending_canonical_validation,10,HK0001279816,,,Y,Y,,Y,,,Y,5,RMB,,False,True,not_performed_v2_19n,not_performed_v2_19o,v2.19O,net_new_pending_expanded_rebuild,no_match_found,not_found_in_active_or_current_candidate,0,True,True,386,outputs\full_universe_source_acquisition\expanded_universe_candidate_hkex_v2_19p.csv,current_candidate_headers_preserved,83418.HK,HK0001279816
HKEX_83420,v2.19N,HKEX,Hong Kong,Hong Kong,HKEX,XHKG,hkex_repair_01_full_list_of_securities,outputs\full_universe_source_acquisition\raw\hkex_v2_19l_fix\01_full_list_of_securities.xlsx,ListOfSecurities,17292,83420,83420,83420.HK,83420.HK,83420.HK,A VP RMB MM-R,Exchange Traded Products,Exchange Traded Funds,fund_or_etp,potential_candidate_pending_canonical_validation,1,HK0001207882,,,Y,Y,,Y,,,Y,3,RMB,,False,True,not_performed_v2_19n,not_performed_v2_19o,v2.19O,net_new_pending_expanded_rebuild,no_match_found,not_found_in_active_or_current_candidate,0,True,True,387,outputs\full_universe_source_acquisition\expanded_universe_candidate_hkex_v2_19p.csv,current_candidate_headers_preserved,83420.HK,HK0001207882
HKEX_83428,v2.19N,HKEX,Hong Kong,Hong Kong,HKEX,XHKG,hkex_repair_01_full_list_of_securities,outputs\full_universe_source_acquisition\raw\hkex_v2_19l_fix\01_full_list_of_securities.xlsx,ListOfSecurities,17293,83428,83428,83428.HK,83428.HK,83428.HK,GX CL HK-US-R,Exchange Traded Products,Exchange Traded Funds,fund_or_etp,potential_candidate_pending_canonical_validation,50,HK0001279691,,,Y,Y,,Y,,,Y,5,RMB,,False,True,not_performed_v2_19n,not_performed_v2_19o,v2.19O,net_new_pending_expanded_rebuild,no_match_found,not_found_in_active_or_current_candidate,0,True,True,388,outputs\full_universe_source_acquisition\expanded_universe_candidate_hkex_v2_19p.csv,current_candidate_headers_preserved,83428.HK,HK0001279691
HKEX_83434,v2.19N,HKEX,Hong Kong,Hong Kong,HKEX,XHKG,hkex_repair_01_full_list_of_securities,outputs\full_universe_source_acquisition\raw\hkex_v2_19l_fix\01_full_list_of_securities.xlsx,ListOfSecurities,17294,83434,83434,83434.HK,83434.HK,83434.HK,EFUND DIGITAL-R,Exchange Traded Products,Exchange Traded Funds,fund_or_etp,potential_candidate_pending_canonical_validation,100,HK0001229001,,,Y,Y,,Y,,,Y,5,RMB,,False,True,not_performed_v2_19n,not_performed_v2_19o,v2.19O,net_new_pending_expanded_rebuild,no_match_found,not_found_in_active_or_current_candidate,0,True,True,389,outputs\full_universe_source_acquisition\expanded_universe_candidate_hkex_v2_19p.csv,current_candidate_headers_preserved,83434.HK,HK0001229001
HKEX_83437,v2.19N,HKEX,Hong Kong,Hong Kong,HKEX,XHKG,hkex_repair_01_full_list_of_securities,outputs\full_universe_source_acquisition\raw\hkex_v2_19l_fix\01_full_list_of_securities.xlsx,ListOfSecurities,17295,83437,83437,83437.HK,83437.HK,83437.HK,BOS CSOE HIDV-R,Exchange Traded Products,Exchange Traded Funds,fund_or_etp,potential_candidate_pending_canonical_validation,100,HK0001028304,,,Y,Y,,Y,,,Y,5,RMB,,False,True,not_performed_v2_19n,not_performed_v2_19o,v2.19O,net_new_pending_expanded_rebuild,no_match_found,not_found_in_active_or_current_candidate,0,True,True,390,outputs\full_universe_source_acquisition\expanded_universe_candidate_hkex_v2_19p.csv,current_candidate_headers_preserved,83437.HK,HK0001028304
HKEX_83455,v2.19N,HKEX,Hong Kong,Hong Kong,HKEX,XHKG,hkex_repair_01_full_list_of_securities,outputs\full_universe_source_acquisition\raw\hkex_v2_19l_fix\01_full_list_of_securities.xlsx,ListOfSecurities,17296,83455,83455,83455.HK,83455.HK,83455.HK,INVESCO QQQ-R,Exchange Traded Products,Exchange Traded Funds,fund_or_etp,potential_candidate_pending_canonical_validation,1,US46090E1038,,,Y,Y,,Y,,,Y,5,RMB,,False,True,not_performed_v2_19n,not_performed_v2_19o,v2.19O,net_new_pending_expanded_rebuild,no_match_found,not_found_in_active_or_current_candidate,0,True,True,391,outputs\full_universe_source_acquisition\expanded_universe_candidate_hkex_v2_19p.csv,current_candidate_headers_preserved,83455.HK,US46090E1038
HKEX_83460,v2.19N,HKEX,Hong Kong,Hong Kong,HKEX,XHKG,hkex_repair_01_full_list_of_securities,outputs\full_universe_source_acquisition\raw\hkex_v2_19l_fix\01_full_list_of_securities.xlsx,ListOfSecurities,17297,83460,83460,83460.HK,83460.HK,83460.HK,CAM SOL-R,Exchange Traded Products,Exchange Traded Funds,fund_or_etp,potential_candidate_pending_canonical_validation,100,HK0001198149,,,Y,Y,,Y,,,Y,5,RMB,,False,True,not_performed_v2_19n,not_performed_v2_19o,v2.19O,net_new_pending_expanded_rebuild,no_match_found,not_found_in_active_or_current_candidate,0,True,True,392,outputs\full_universe_source_acquisition\expanded_universe_candidate_hkex_v2_19p.csv,current_candidate_headers_preserved,83460.HK,HK0001198149
HKEX_83461,v2.19N,HKEX,Hong Kong,Hong Kong,HKEX,XHKG,hkex_repair_01_full_list_of_securities,outputs\full_universe_source_acquisition\raw\hkex_v2_19l_fix\01_full_list_of_securities.xlsx,ListOfSecurities,17298,83461,83461,83461.HK,83461.HK,83461.HK,A CAM RMBTMMF-R,Exchange Traded Products,Exchange Traded Funds,fund_or_etp,potential_candidate_pending_canonical_validation,1,HK0001224952,,,Y,Y,,Y,,,Y,3,RMB,,False,True,not_performed_v2_19n,not_performed_v2_19o,v2.19O,net_new_pending_expanded_rebuild,no_match_found,not_found_in_active_or_current_candidate,0,True,True,393,outputs\full_universe_source_acquisition\expanded_universe_candidate_hkex_v2_19p.csv,current_candidate_headers_preserved,83461.HK,HK0001224952
HKEX_83483,v2.19N,HKEX,Hong Kong,Hong Kong,HKEX,XHKG,hkex_repair_01_full_list_of_securities,outputs\full_universe_source_acquisition\raw\hkex_v2_19l_fix\01_full_list_of_securities.xlsx,ListOfSecurities,17299,83483,83483,83483.HK,83483.HK,83483.HK,EFUND APAC HD-R,Exchange Traded Products,Exchange Traded Funds,fund_or_etp,potential_candidate_pending_canonical_validation,100,HK0001176731,,,Y,Y,,Y,,,Y,5,RMB,,False,True,not_performed_v2_19n,not_performed_v2_19o,v2.19O,net_new_pending_expanded_rebuild,no_match_found,not_found_in_active_or_current_candidate,0,True,True,394,outputs\full_universe_source_acquisition\expanded_universe_candidate_hkex_v2_19p.csv,current_candidate_headers_preserved,83483.HK,HK0001176731
HKEX_83489,v2.19N,HKEX,Hong Kong,Hong Kong,HKEX,XHKG,hkex_repair_01_full_list_of_securities,outputs\full_universe_source_acquisition\raw\hkex_v2_19l_fix\01_full_list_of_securities.xlsx,ListOfSecurities,17300,83489,83489,83489.HK,83489.HK,83489.HK,EFUND AI-R,Exchange Traded Products,Exchange Traded Funds,fund_or_etp,potential_candidate_pending_canonical_validation,100,HK0001182432,,,Y,Y,,Y,,,Y,5,RMB,,False,True,not_performed_v2_19n,not_performed_v2_19o,v2.19O,net_new_pending_expanded_rebuild,no_match_found,not_found_in_active_or_current_candidate,0,True,True,395,outputs\full_universe_source_acquisition\expanded_universe_candidate_hkex_v2_19p.csv,current_candidate_headers_preserved,83489.HK,HK0001182432
HKEX_87001,v2.19N,HKEX,Hong Kong,Hong Kong,HKEX,XHKG,hkex_repair_01_full_list_of_securities,outputs\full_universe_source_acquisition\raw\hkex_v2_19l_fix\01_full_list_of_securities.xlsx,ListOfSecurities,17609,87001,87001,87001.HK,87001.HK,87001.HK,HUI XIAN REIT,Real Estate Investment Trusts,,reit,potential_candidate_pending_canonical_validation,"1,000",HK0000078516,,,Y,Y,,Y,,,Y,1,RMB,,False,True,not_performed_v2_19n,not_performed_v2_19o,v2.19O,net_new_pending_expanded_rebuild,no_match_found,not_found_in_active_or_current_candidate,0,True,True,396,outputs\full_universe_source_acquisition\expanded_universe_candidate_hkex_v2_19p.csv,current_candidate_headers_preserved,87001.HK,HK0000078516
