row_number,classification,matched_terms,reason,isin,ticker,name,exchange,country,mic,currency,source_provider,asset_type,instrument_type,instrument_scope
231,non_blocking_equity_context,fund;closed_end_fund,Common stock / ordinary share context.,,ARCC,Ares Capital Corporation - Closed End Fund,NASDAQ,USA,,,nasdaq_trader_nasdaqlisted,,COMMON_STOCK,IN_SCOPE
337,non_blocking_equity_context,fund;closed_end_fund,Common stock / ordinary share context.,,BANX,ArrowMark Financial Corp. - Closed End Fund,NASDAQ,USA,,,nasdaq_trader_nasdaqlisted,,COMMON_STOCK,IN_SCOPE
357,non_blocking_equity_context,fund;closed_end_fund,Common stock / ordinary share context.,,BCIC,BCP Investment Corporation - Closed End Fund,NASDAQ,USA,,,nasdaq_trader_nasdaqlisted,,COMMON_STOCK,IN_SCOPE
545,non_blocking_equity_context,fund;closed_end_fund,Common stock / ordinary share context.,,CCD,Calamos Dynamic Convertible & Income Fund - Closed End Fund,NASDAQ,USA,,,nasdaq_trader_nasdaqlisted,,COMMON_STOCK,IN_SCOPE
566,residual_review_required,certificate,Potential non-common-equity or fund-like instrument needs review/exclusion policy before scoring.,,CDT,CDT Equity Inc. - Common Stock,NASDAQ,USA,,,nasdaq_trader_nasdaqlisted,,COMMON_STOCK,IN_SCOPE
567,residual_review_required,certificate,Potential non-common-equity or fund-like instrument needs review/exclusion policy before scoring.,,CDTG,CDT Environmental Technology Investment Holdings Limited - ordinary shares,NASDAQ,USA,,,nasdaq_trader_nasdaqlisted,,COMMON_STOCK,IN_SCOPE
594,non_blocking_equity_context,fund;closed_end_fund,Common stock / ordinary share context.,,CGBD,"Carlyle Secured Lending, Inc. - Closed End Fund",NASDAQ,USA,,,nasdaq_trader_nasdaqlisted,,COMMON_STOCK,IN_SCOPE
600,non_blocking_equity_context,fund;closed_end_fund,Common stock / ordinary share context.,,CGO,Calamos Global Total Return Fund - Closed End Fund,NASDAQ,USA,,,nasdaq_trader_nasdaqlisted,,COMMON_STOCK,IN_SCOPE
611,non_blocking_equity_context,fund;closed_end_fund,Common stock / ordinary share context.,,CHI,Calamos Convertible Opportunities and Income Fund - Closed End Fund,NASDAQ,USA,,,nasdaq_trader_nasdaqlisted,,COMMON_STOCK,IN_SCOPE
623,non_blocking_equity_context,fund;closed_end_fund,Common stock / ordinary share context.,,CHW,Calamos Global Dynamic Income Fund - Closed End Fund,NASDAQ,USA,,,nasdaq_trader_nasdaqlisted,,COMMON_STOCK,IN_SCOPE
624,non_blocking_equity_context,fund;closed_end_fund,Common stock / ordinary share context.,,CHY,Calamos Convertible and High Income Fund - Closed End Fund,NASDAQ,USA,,,nasdaq_trader_nasdaqlisted,,COMMON_STOCK,IN_SCOPE
714,non_blocking_equity_context,fund;closed_end_fund,Common stock / ordinary share context.,,CPZ,Calamos Long/Short Equity & Dynamic Income Trust - Closed End Fund,NASDAQ,USA,,,nasdaq_trader_nasdaqlisted,,COMMON_STOCK,IN_SCOPE
754,non_blocking_equity_context,fund;closed_end_fund,Common stock / ordinary share context.,,CSQ,Calamos Strategic Total Return Fund - Closed End Fund,NASDAQ,USA,,,nasdaq_trader_nasdaqlisted,,COMMON_STOCK,IN_SCOPE
899,non_blocking_equity_context,fund;closed_end_fund,Common stock / ordinary share context.,,DXR,Daxor Corporation - Closed End Fund,NASDAQ,USA,,,nasdaq_trader_nasdaqlisted,,COMMON_STOCK,IN_SCOPE
1052,non_blocking_equity_context,fund;closed_end_fund,Common stock / ordinary share context.,,FDUS,Fidus Investment Corporation - Closed End Fund,NASDAQ,USA,,,nasdaq_trader_nasdaqlisted,,COMMON_STOCK,IN_SCOPE
1161,non_blocking_equity_context,fund;closed_end_fund,Common stock / ordinary share context.,,FUND,"Sprott Focus Trust, Inc. - Closed End Fund",NASDAQ,USA,,,nasdaq_trader_nasdaqlisted,,COMMON_STOCK,IN_SCOPE
1183,non_blocking_equity_context,fund;closed_end_fund,Common stock / ordinary share context.,,GBDC,"Golub Capital BDC, Inc. - Closed End Fund",NASDAQ,USA,,,nasdaq_trader_nasdaqlisted,,COMMON_STOCK,IN_SCOPE
1198,non_blocking_equity_context,fund;closed_end_fund,Common stock / ordinary share context.,,GECC,Great Elm Capital Corp. - Closed End Fund,NASDAQ,USA,,,nasdaq_trader_nasdaqlisted,,COMMON_STOCK,IN_SCOPE
1225,non_blocking_in_scope_context,fund;closed_end_fund,Existing instrument scope is in-scope.,,GLAD,Gladstone Capital Corporation - Closed End Fund,NASDAQ,USA,,,nasdaq_trader_nasdaqlisted,,ADR,IN_SCOPE_ADR
1331,non_blocking_equity_context,fund;closed_end_fund,Common stock / ordinary share context.,,HERZ,"Herzfeld Credit Income Fund, Inc. - Closed End Fund",NASDAQ,USA,,,nasdaq_trader_nasdaqlisted,,COMMON_STOCK,IN_SCOPE
1852,non_blocking_equity_context,fund;closed_end_fund,Common stock / ordinary share context.,,MFIC,MidCap Financial Investment Corporation - Closed End Fund,NASDAQ,USA,,,nasdaq_trader_nasdaqlisted,,COMMON_STOCK,IN_SCOPE
2052,non_blocking_equity_context,fund;closed_end_fund,Common stock / ordinary share context.,,NSLR,Neostellar Capital Corp. - Closed End Fund,NASDAQ,USA,,,nasdaq_trader_nasdaqlisted,,COMMON_STOCK,IN_SCOPE
2115,non_blocking_equity_context,fund;closed_end_fund,Common stock / ordinary share context.,,OCCI,"OFS Credit Company, Inc. - Closed End Fund",NASDAQ,USA,,,nasdaq_trader_nasdaqlisted,,COMMON_STOCK,IN_SCOPE
2120,non_blocking_equity_context,fund;closed_end_fund,Common stock / ordinary share context.,,OCSL,Oaktree Specialty Lending Corporation - Closed End Fund,NASDAQ,USA,,,nasdaq_trader_nasdaqlisted,,COMMON_STOCK,IN_SCOPE
2131,non_blocking_equity_context,fund;closed_end_fund,Common stock / ordinary share context.,,OFS,OFS Capital Corporation - Closed End Fund,NASDAQ,USA,,,nasdaq_trader_nasdaqlisted,,COMMON_STOCK,IN_SCOPE
2201,non_blocking_equity_context,fund;closed_end_fund,Common stock / ordinary share context.,,OXLC,Oxford Lane Capital Corp. - Closed End Fund,NASDAQ,USA,,,nasdaq_trader_nasdaqlisted,,COMMON_STOCK,IN_SCOPE
2202,non_blocking_equity_context,fund;closed_end_fund,Common stock / ordinary share context.,,OXSQ,Oxford Square Capital Corp. - Closed End Fund,NASDAQ,USA,,,nasdaq_trader_nasdaqlisted,,COMMON_STOCK,IN_SCOPE
2358,non_blocking_equity_context,fund;closed_end_fund,Common stock / ordinary share context.,,PSEC,Prospect Capital Corporation - Closed End Fund,NASDAQ,USA,,,nasdaq_trader_nasdaqlisted,,COMMON_STOCK,IN_SCOPE
2406,non_blocking_equity_context,fund;closed_end_fund,Common stock / ordinary share context.,,QQQX,Nuveen NASDAQ 100 Dynamic Overwrite Fund - Closed End Fund,NASDAQ,USA,,,nasdaq_trader_nasdaqlisted,,COMMON_STOCK,IN_SCOPE
2425,non_blocking_equity_context,fund;closed_end_fund,Common stock / ordinary share context.,,RAND,Rand Capital Corporation - Closed End Fund,NASDAQ,USA,,,nasdaq_trader_nasdaqlisted,,COMMON_STOCK,IN_SCOPE
2681,non_blocking_equity_context,fund;closed_end_fund,Common stock / ordinary share context.,,SLRC,SLR Investment Corp. - Closed End Fund,NASDAQ,USA,,,nasdaq_trader_nasdaqlisted,,COMMON_STOCK,IN_SCOPE
2834,non_blocking_equity_context,fund;closed_end_fund,Common stock / ordinary share context.,,TBLD,Thornburg Income Builder Opportunities Trust - Closed End Fund,NASDAQ,USA,,,nasdaq_trader_nasdaqlisted,,COMMON_STOCK,IN_SCOPE
2841,non_blocking_equity_context,fund;closed_end_fund,Common stock / ordinary share context.,,TCPC,BlackRock TCP Capital Corp. - Closed End Fund,NASDAQ,USA,,,nasdaq_trader_nasdaqlisted,,COMMON_STOCK,IN_SCOPE
3120,non_blocking_equity_context,fund;closed_end_fund,Common stock / ordinary share context.,,WHF,"WhiteHorse Finance, Inc. - Closed End Fund",NASDAQ,USA,,,nasdaq_trader_nasdaqlisted,,COMMON_STOCK,IN_SCOPE
3175,residual_review_required,note,Potential non-common-equity or fund-like instrument needs review/exclusion policy before scoring.,,XELLL,"Xcel Energy Inc. - 6.25% Junior Subordinated Notes, Series due 2085",NASDAQ,USA,,,nasdaq_trader_nasdaqlisted,,COMMON_STOCK,IN_SCOPE
3269,non_blocking_equity_context,fund,Common stock / ordinary share context.,,ACP,abrdn Income Credit Strategies Fund Common Shares,NYSE,USA,,,nasdaq_trader_otherlisted,,COMMON_STOCK,IN_SCOPE
3272,non_blocking_equity_context,fund,Common stock / ordinary share context.,,ACV,Virtus Diversified Income & Convertible Fund Common Shares of Beneficial Interest,NYSE,USA,,,nasdaq_trader_otherlisted,,COMMON_STOCK,IN_SCOPE
3280,non_blocking_equity_context,fund,Common stock / ordinary share context.,,ADX,Adams Diversified Equity Fund Inc.,NYSE,USA,,,nasdaq_trader_otherlisted,,COMMON_STOCK,IN_SCOPE
3282,non_blocking_equity_context,fund,Common stock / ordinary share context.,,AEF,"abrdn Emerging Markets ex-China Fund, Inc. Common Stock",NYSE American,USA,,,nasdaq_trader_otherlisted,,COMMON_STOCK,IN_SCOPE
3291,non_blocking_equity_context,fund,Common stock / ordinary share context.,,AFB,AllianceBernstein National Municipal Income Fund Inc,NYSE,USA,,,nasdaq_trader_otherlisted,,COMMON_STOCK,IN_SCOPE
3293,residual_review_required,debenture,Potential non-common-equity or fund-like instrument needs review/exclusion policy before scoring.,,AFGB,"American Financial Group, Inc. 5.875% Subordinated Debentures due 2059",NYSE,USA,,,nasdaq_trader_otherlisted,,COMMON_STOCK,IN_SCOPE
3294,residual_review_required,debenture,Potential non-common-equity or fund-like instrument needs review/exclusion policy before scoring.,,AFGC,"American Financial Group, Inc. 5.125% Subordinated Debentures due 2059",NYSE,USA,,,nasdaq_trader_otherlisted,,COMMON_STOCK,IN_SCOPE
3295,residual_review_required,debenture,Potential non-common-equity or fund-like instrument needs review/exclusion policy before scoring.,,AFGD,"American Financial Group, Inc. 5.625% Subordinated Debentures due 2060",NYSE,USA,,,nasdaq_trader_otherlisted,,COMMON_STOCK,IN_SCOPE
3296,residual_review_required,debenture,Potential non-common-equity or fund-like instrument needs review/exclusion policy before scoring.,,AFGE,"American Financial Group, Inc. 4.500% Subordinated Debentures due 2060",NYSE,USA,,,nasdaq_trader_otherlisted,,COMMON_STOCK,IN_SCOPE
3301,non_blocking_equity_context,fund,Common stock / ordinary share context.,,AGD,abrdn Global Dynamic Dividend Fund Common Shares of Beneficial Interest,NYSE,USA,,,nasdaq_trader_otherlisted,,COMMON_STOCK,IN_SCOPE
3321,non_blocking_equity_context,fund,Common stock / ordinary share context.,,AIO,Virtus Artificial Intelligence & Technology Opportunities Fund Common Shares of Beneficial Interest,NYSE,USA,,,nasdaq_trader_otherlisted,,COMMON_STOCK,IN_SCOPE
3339,residual_review_required,debenture,Potential non-common-equity or fund-like instrument needs review/exclusion policy before scoring.,,ALL$B,Allstate Corporation (The) 5.100% Fixed-to-Floating Rate Subordinated Debentures due 2053,NYSE,USA,,,nasdaq_trader_otherlisted,,COMMON_STOCK,IN_SCOPE
3377,non_blocking_equity_context,fund,Common stock / ordinary share context.,,AOD,abrdn Total Dynamic Dividend Fund Common Shares of Beneficial Interest,NYSE,USA,,,nasdaq_trader_otherlisted,,COMMON_STOCK,IN_SCOPE
3393,residual_review_required,note,Potential non-common-equity or fund-like instrument needs review/exclusion policy before scoring.,,AQNB,"Algonquin Power & Utilities Corp. 6.20% Fixed-to-Floating Subordinated Notes Series 2019-A due July 1, 2079",NYSE,USA,,,nasdaq_trader_otherlisted,,COMMON_STOCK,IN_SCOPE
3396,non_blocking_equity_context,fund,Common stock / ordinary share context.,,ARDC,"Ares Dynamic Credit Allocation Fund, Inc. Common Shares",NYSE,USA,,,nasdaq_trader_otherlisted,,COMMON_STOCK,IN_SCOPE
3416,non_blocking_equity_context,fund,Common stock / ordinary share context.,,ASG,"Liberty All-Star Growth Fund, Inc.",NYSE,USA,,,nasdaq_trader_otherlisted,,COMMON_STOCK,IN_SCOPE
3417,non_blocking_equity_context,fund,Common stock / ordinary share context.,,ASGI,abrdn Global Infrastructure Income Fund Common Shares of Beneficial Interest,NYSE,USA,,,nasdaq_trader_otherlisted,,COMMON_STOCK,IN_SCOPE
3426,residual_review_required,debenture,Potential non-common-equity or fund-like instrument needs review/exclusion policy before scoring.,,ATHS,Athene Holding Ltd. 7.250% Fixed-Rate Reset Junior Subordinated Debentures due 2064,NYSE,USA,,,nasdaq_trader_otherlisted,,COMMON_STOCK,IN_SCOPE
3444,non_blocking_equity_context,fund,Common stock / ordinary share context.,,AVK,Advent Convertible and Income Fund,NYSE,USA,,,nasdaq_trader_otherlisted,,COMMON_STOCK,IN_SCOPE
3449,non_blocking_equity_context,fund,Common stock / ordinary share context.,,AWF,Alliancebernstein Global High Income Fund,NYSE,USA,,,nasdaq_trader_otherlisted,,COMMON_STOCK,IN_SCOPE
3452,non_blocking_equity_context,fund,Common stock / ordinary share context.,,AWP,abrdn Global Premier Properties Fund Common Shares of Beneficial Interest,NYSE,USA,,,nasdaq_trader_otherlisted,,COMMON_STOCK,IN_SCOPE
3501,non_blocking_equity_context,fund,Common stock / ordinary share context.,,BCV,"Bancroft Fund, Ltd.",NYSE American,USA,,,nasdaq_trader_otherlisted,,COMMON_STOCK,IN_SCOPE
3513,residual_review_required,note,Potential non-common-equity or fund-like instrument needs review/exclusion policy before scoring.,,BEPH,Brookfield BRP Holdings (Canada) Inc. 4.625% Perpetual Subordinated Notes,NYSE,USA,,,nasdaq_trader_otherlisted,,COMMON_STOCK,IN_SCOPE
3514,residual_review_required,note,Potential non-common-equity or fund-like instrument needs review/exclusion policy before scoring.,,BEPI,Brookfield BRP Holdings (Canada) Inc. 4.875% Perpetual Subordinated Notes,NYSE,USA,,,nasdaq_trader_otherlisted,,COMMON_STOCK,IN_SCOPE
3515,residual_review_required,note,Potential non-common-equity or fund-like instrument needs review/exclusion policy before scoring.,,BEPJ,Brookfield BRP Holdings (Canada) Inc. 7.250% Perpetual Subordinated Notes,NYSE,USA,,,nasdaq_trader_otherlisted,,COMMON_STOCK,IN_SCOPE
3524,non_blocking_equity_context,fund,Common stock / ordinary share context.,,BGB,Blackstone Strategic Credit 2027 Term Fund Common Shares of Beneficial Interest,NYSE,USA,,,nasdaq_trader_otherlisted,,COMMON_STOCK,IN_SCOPE
3525,non_blocking_equity_context,fund,Common stock / ordinary share context.,,BGH,Barings Global Short Duration High Yield Fund Common Shares of Beneficial Interests,NYSE,USA,,,nasdaq_trader_otherlisted,,COMMON_STOCK,IN_SCOPE
3532,non_blocking_equity_context,fund,Common stock / ordinary share context.,,BGX,Blackstone Long Short Credit Income Fund Common Shares,NYSE,USA,,,nasdaq_trader_otherlisted,,COMMON_STOCK,IN_SCOPE
3547,residual_review_required,note,Potential non-common-equity or fund-like instrument needs review/exclusion policy before scoring.,,BIPI,BIP Bermuda Holdings I Limited 5.125% Perpetual Subordinated Notes,NYSE,USA,,,nasdaq_trader_otherlisted,,COMMON_STOCK,IN_SCOPE
3577,residual_review_required,note,Potential non-common-equity or fund-like instrument needs review/exclusion policy before scoring.,,BNJ,Brookfield Finance Inc. 4.50% Perpetual Subordinated Notes,NYSE,USA,,,nasdaq_trader_otherlisted,,COMMON_STOCK,IN_SCOPE
3590,non_blocking_equity_context,fund,Common stock / ordinary share context.,,BPRE,Bluerock Private Real Estate Fund Common Shares of Beneficial Interest,NYSE,USA,,,nasdaq_trader_otherlisted,,COMMON_STOCK,IN_SCOPE
3604,non_blocking_equity_context,fund,Common stock / ordinary share context.,,BRW,Saba Capital Income & Opportunities Fund SBI,NYSE,USA,,,nasdaq_trader_otherlisted,,COMMON_STOCK,IN_SCOPE
3607,non_blocking_equity_context,fund,Common stock / ordinary share context.,,BSL,Blackstone Senior Floating Rate 2027 Term Fund Common Shares of Beneficial Interest,NYSE,USA,,,nasdaq_trader_otherlisted,,COMMON_STOCK,IN_SCOPE
3615,non_blocking_equity_context,fund,Common stock / ordinary share context.,,BTO,John Hancock Financial Opportunities Fund Common Stock,NYSE,USA,,,nasdaq_trader_otherlisted,,COMMON_STOCK,IN_SCOPE
3629,non_blocking_equity_context,fund,Common stock / ordinary share context.,,BWG,BrandywineGLOBAL Global Income Opportunities Fund Inc.,NYSE,USA,,,nasdaq_trader_otherlisted,,COMMON_STOCK,IN_SCOPE
3639,non_blocking_equity_context,fund,Common stock / ordinary share context.,,BXSL,Blackstone Secured Lending Fund Common Shares of Beneficial Interest,NYSE,USA,,,nasdaq_trader_otherlisted,,COMMON_STOCK,IN_SCOPE
3648,non_blocking_equity_context,fund,Common stock / ordinary share context.,,CAF,Morgan Stanley China A Share Fund Inc. Common Stock,NYSE,USA,,,nasdaq_trader_otherlisted,,COMMON_STOCK,IN_SCOPE
3673,non_blocking_equity_context,fund,Common stock / ordinary share context.,,CCIF,Carlyle Credit Income Fund Shares of Beneficial Interest,NYSE,USA,,,nasdaq_trader_otherlisted,,COMMON_STOCK,IN_SCOPE
3686,non_blocking_equity_context,fund,Common stock / ordinary share context.,,CEE,"The Central and Eastern Europe Fund, Inc. (The) Common Stock",NYSE,USA,,,nasdaq_trader_otherlisted,,COMMON_STOCK,IN_SCOPE
3691,non_blocking_equity_context,fund,Common stock / ordinary share context.,,CFND,C1 Fund Inc. Common Stock,NYSE,USA,,,nasdaq_trader_otherlisted,,COMMON_STOCK,IN_SCOPE
3708,non_blocking_equity_context,fund,Common stock / ordinary share context.,,CII,"BlackRock Enhanced Large Cap Core Fund, Inc. Common Stock",NYSE,USA,,,nasdaq_trader_otherlisted,,COMMON_STOCK,IN_SCOPE
3709,non_blocking_equity_context,fund,Common stock / ordinary share context.,,CIK,"Credit Suisse Asset Management Income Fund, Inc. Common Stock",NYSE American,USA,,,nasdaq_trader_otherlisted,,COMMON_STOCK,IN_SCOPE
3723,non_blocking_equity_context,fund,Common stock / ordinary share context.,,CLM,"Cornerstone Strategic Investment Fund, Inc. Common Shares",NYSE American,USA,,,nasdaq_trader_otherlisted,,COMMON_STOCK,IN_SCOPE
3751,residual_review_required,debenture,Potential non-common-equity or fund-like instrument needs review/exclusion policy before scoring.,,CNO$A,"CNO Financial Group, Inc. 5.125% Subordinated Debentures due 2060",NYSE,USA,,,nasdaq_trader_otherlisted,,COMMON_STOCK,IN_SCOPE
3788,non_blocking_equity_context,fund,Common stock / ordinary share context.,,CRF,"Cornerstone Total Return Fund, Inc. (The) Common Stock",NYSE American,USA,,,nasdaq_trader_otherlisted,,COMMON_STOCK,IN_SCOPE
3846,non_blocking_equity_context,fund,Common stock / ordinary share context.,,DBL,DoubleLine Opportunistic Credit Fund Common Shares of Beneficial Interest,NYSE,USA,,,nasdaq_trader_otherlisted,,COMMON_STOCK,IN_SCOPE
3852,residual_review_required,note,Potential non-common-equity or fund-like instrument needs review/exclusion policy before scoring.,,DCBG,"Dime Commercial Bancshares, Inc. 9.000% Junior Subordinated Notes",NYSE,USA,,,nasdaq_trader_otherlisted,,COMMON_STOCK,IN_SCOPE
3875,non_blocking_equity_context,fund,Common stock / ordinary share context.,,DHF,BNY Mellon High Yield Strategies Fund Common Stock,NYSE,USA,,,nasdaq_trader_otherlisted,,COMMON_STOCK,IN_SCOPE
3880,non_blocking_equity_context,fund,Common stock / ordinary share context.,,DHY,Credit Suisse High Yield Credit Fund Common Stock,NYSE American,USA,,,nasdaq_trader_otherlisted,,COMMON_STOCK,IN_SCOPE
3891,non_blocking_equity_context,fund,Common stock / ordinary share context.,,DLY,DoubleLine Yield Opportunities Fund Common Shares of Beneficial Interest,NYSE,USA,,,nasdaq_trader_otherlisted,,COMMON_STOCK,IN_SCOPE
3892,non_blocking_equity_context,fund,Common stock / ordinary share context.,,DMA,Destra Multi-Alternative Fund Common Stock,NYSE,USA,,,nasdaq_trader_otherlisted,,COMMON_STOCK,IN_SCOPE
3894,non_blocking_equity_context,fund,Common stock / ordinary share context.,,DMO,Western Asset Mortgage Opportunity Fund Inc. Common Stock,NYSE,USA,,,nasdaq_trader_otherlisted,,COMMON_STOCK,IN_SCOPE
3898,non_blocking_equity_context,fund,Common stock / ordinary share context.,,DNP,"DNP Select Income Fund, Inc. Common Stock",NYSE,USA,,,nasdaq_trader_otherlisted,,COMMON_STOCK,IN_SCOPE
3907,non_blocking_equity_context,fund,Common stock / ordinary share context.,,DPG,Duff & Phelps Utility and Infrastructure Fund Inc.,NYSE,USA,,,nasdaq_trader_otherlisted,,COMMON_STOCK,IN_SCOPE
3909,non_blocking_equity_context,fund,Common stock / ordinary share context.,,DSL,DoubleLine Income Solutions Fund Common Shares of Beneficial Interests,NYSE,USA,,,nasdaq_trader_otherlisted,,COMMON_STOCK,IN_SCOPE
3911,non_blocking_equity_context,fund,Common stock / ordinary share context.,,DSU,"Blackrock Debt Strategies Fund, Inc. Common Stock",NYSE,USA,,,nasdaq_trader_otherlisted,,COMMON_STOCK,IN_SCOPE
3914,residual_review_required,debenture,Potential non-common-equity or fund-like instrument needs review/exclusion policy before scoring.,,DTB,DTE Energy Company 2020 Series G 4.375% Junior Subordinated Debentures due 2080,NYSE,USA,,,nasdaq_trader_otherlisted,,COMMON_STOCK,IN_SCOPE
3916,non_blocking_equity_context,fund,Common stock / ordinary share context.,,DTF,DTF Tax-Free Income 2028 Term Fund Inc. Common Stock,NYSE,USA,,,nasdaq_trader_otherlisted,,COMMON_STOCK,IN_SCOPE
3917,residual_review_required,debenture,Potential non-common-equity or fund-like instrument needs review/exclusion policy before scoring.,,DTG,DTE Energy Company 2021 Series E 4.375% Junior Subordinated Debentures,NYSE,USA,,,nasdaq_trader_otherlisted,,COMMON_STOCK,IN_SCOPE
3918,residual_review_required,debenture,Potential non-common-equity or fund-like instrument needs review/exclusion policy before scoring.,,DTK,DTE Energy Company 2025 Series H 6.25% Junior Subordinated Debentures due 2085,NYSE,USA,,,nasdaq_trader_otherlisted,,COMMON_STOCK,IN_SCOPE
3920,residual_review_required,debenture,Potential non-common-equity or fund-like instrument needs review/exclusion policy before scoring.,,DTW,DTE Energy Company 2017 Series E 5.25% Junior Subordinated Debentures due 2077,NYSE,USA,,,nasdaq_trader_otherlisted,,COMMON_STOCK,IN_SCOPE
3922,residual_review_required,debenture,Potential non-common-equity or fund-like instrument needs review/exclusion policy before scoring.,,DUKB,Duke Energy Corporation 5.625% Junior Subordinated Debentures due 2078,NYSE,USA,,,nasdaq_trader_otherlisted,,COMMON_STOCK,IN_SCOPE
3932,non_blocking_equity_context,fund,Common stock / ordinary share context.,,EAD,Allspring Income Opportunities Fund Common Shares,NYSE American,USA,,,nasdaq_trader_otherlisted,,COMMON_STOCK,IN_SCOPE
3940,non_blocking_equity_context,fund,Common stock / ordinary share context.,,ECF,Ellsworth Growth and Income Fund Ltd.,NYSE American,USA,,,nasdaq_trader_otherlisted,,COMMON_STOCK,IN_SCOPE
3946,non_blocking_equity_context,fund,Common stock / ordinary share context.,,EDD,"Morgan Stanley Emerging Markets Domestic Debt Fund, Inc. Common Stock",NYSE,USA,,,nasdaq_trader_otherlisted,,COMMON_STOCK,IN_SCOPE
3947,non_blocking_equity_context,fund,Common stock / ordinary share context.,,EDF,Virtus Stone Harbor Emerging Markets Income Fund Common Shares of Beneficial Interest,NYSE,USA,,,nasdaq_trader_otherlisted,,COMMON_STOCK,IN_SCOPE
3950,non_blocking_equity_context,fund,Common stock / ordinary share context.,,EEA,"The European Equity Fund, Inc. Common Stock",NYSE,USA,,,nasdaq_trader_otherlisted,,COMMON_STOCK,IN_SCOPE
3954,non_blocking_equity_context,fund,Common stock / ordinary share context.,,EFR,Eaton Vance Senior Floating-Rate Fund Common Shares of Beneficial Interest,NYSE,USA,,,nasdaq_trader_otherlisted,,COMMON_STOCK,IN_SCOPE
3964,non_blocking_equity_context,fund,Common stock / ordinary share context.,,EHI,Western Asset Global High Income Fund Inc Common Stock,NYSE,USA,,,nasdaq_trader_otherlisted,,COMMON_STOCK,IN_SCOPE
3979,non_blocking_equity_context,fund,Common stock / ordinary share context.,,EMD,Western Asset Emerging Markets Debt Fund Inc Common Stock,NYSE,USA,,,nasdaq_trader_otherlisted,,COMMON_STOCK,IN_SCOPE
3981,non_blocking_equity_context,fund,Common stock / ordinary share context.,,EMF,Templeton Emerging Markets Fund Common Stock,NYSE,USA,,,nasdaq_trader_otherlisted,,COMMON_STOCK,IN_SCOPE
3983,non_blocking_equity_context,fund,Common stock / ordinary share context.,,EMO,ClearBridge Energy Midstream Opportunity Fund Inc. Common Stock,NYSE,USA,,,nasdaq_trader_otherlisted,,COMMON_STOCK,IN_SCOPE
3991,non_blocking_equity_context,fund,Common stock / ordinary share context.,,EOD,Allspring Global Dividend Opportunity Fund Common Shares of Beneficial Interest,NYSE,USA,,,nasdaq_trader_otherlisted,,COMMON_STOCK,IN_SCOPE
3993,non_blocking_equity_context,fund,Common stock / ordinary share context.,,EOI,Eaton Vance Enhance Equity Income Fund Eaton Vance Enhanced Equity Income Fund Shares of Beneficial Interest,NYSE,USA,,,nasdaq_trader_otherlisted,,COMMON_STOCK,IN_SCOPE
3995,non_blocking_equity_context,fund,Common stock / ordinary share context.,,EOS,Eaton Vance Enhance Equity Income Fund II Common Stock,NYSE,USA,,,nasdaq_trader_otherlisted,,COMMON_STOCK,IN_SCOPE
4012,non_blocking_equity_context,fund,Common stock / ordinary share context.,,ERC,Allspring Multi-Sector Income Fund Common Stock,NYSE American,USA,,,nasdaq_trader_otherlisted,,COMMON_STOCK,IN_SCOPE
4013,non_blocking_equity_context,fund,Common stock / ordinary share context.,,ERH,Allspring Utilities and High Income Fund Common Shares,NYSE American,USA,,,nasdaq_trader_otherlisted,,COMMON_STOCK,IN_SCOPE
4026,non_blocking_equity_context,fund,Common stock / ordinary share context.,,ETB,Eaton Vance Tax-Managed Buy-Write Income Fund Eaton Vance Tax-Managed Buy-Write Income Fund Common Shares of Beneficial Interest,NYSE,USA,,,nasdaq_trader_otherlisted,,COMMON_STOCK,IN_SCOPE
4028,non_blocking_equity_context,fund,Common stock / ordinary share context.,,ETG,Eaton Vance Tax-Advantaged Global Dividend Income Fund Common Shares of Beneficial Interest,NYSE,USA,,,nasdaq_trader_otherlisted,,COMMON_STOCK,IN_SCOPE
4029,non_blocking_equity_context,fund,Common stock / ordinary share context.,,ETJ,Eaton Vance Risk-Managed Diversified Equity Income Fund Common Shares of Beneficial Interest,NYSE,USA,,,nasdaq_trader_otherlisted,,COMMON_STOCK,IN_SCOPE
4035,non_blocking_equity_context,fund,Common stock / ordinary share context.,,ETV,Eaton Vance Corporation Eaton Vance Tax-Managed Buy-Write Opportunities Fund Common Shares of Beneficial Interest,NYSE,USA,,,nasdaq_trader_otherlisted,,COMMON_STOCK,IN_SCOPE
4036,non_blocking_equity_context,fund,Common stock / ordinary share context.,,ETW,Eaton Vance Corporation Eaton Vance Tax-Managed Global Buy-Write Opportunites Fund Common Shares of Beneficial Interest,NYSE,USA,,,nasdaq_trader_otherlisted,,COMMON_STOCK,IN_SCOPE
4038,non_blocking_equity_context,fund,Common stock / ordinary share context.,,ETY,"Eaton Vance Tax-Managed Diversified Equity Income Fund Common Shares of Beneficial Interest,",NYSE,USA,,,nasdaq_trader_otherlisted,,COMMON_STOCK,IN_SCOPE
4043,non_blocking_equity_context,fund,Common stock / ordinary share context.,,EVG,Eaton Vance Short Diversified Income Fund Eaton Vance Short Duration Diversified Income Fund Common Shares of Beneficial Interest,NYSE,USA,,,nasdaq_trader_otherlisted,,COMMON_STOCK,IN_SCOPE
4049,non_blocking_equity_context,fund,Common stock / ordinary share context.,,EVT,Eaton Vance Tax Advantaged Dividend Income Fund Common Shares of Beneficial Interest,NYSE,USA,,,nasdaq_trader_otherlisted,,COMMON_STOCK,IN_SCOPE
4052,non_blocking_equity_context,fund,Common stock / ordinary share context.,,EVV,Eaton Vance Limited Duration Income Fund Common Shares of Beneficial Interest,NYSE American,USA,,,nasdaq_trader_otherlisted,,COMMON_STOCK,IN_SCOPE
4054,non_blocking_equity_context,fund,Common stock / ordinary share context.,,EXG,Eaton Vance Tax-Managed Global Diversified Equity Income Fund Common Shares of Beneficial Interest,NYSE,USA,,,nasdaq_trader_otherlisted,,COMMON_STOCK,IN_SCOPE
4062,non_blocking_equity_context,fund,Common stock / ordinary share context.,,FAX,"abrdn Asia-Pacific Income Fund, Inc. Common Stock",NYSE American,USA,,,nasdaq_trader_otherlisted,,COMMON_STOCK,IN_SCOPE
4073,non_blocking_equity_context,fund,Common stock / ordinary share context.,,FCT,First Trust Senior Floating Rate Income Fund II Common Shares of Beneficial Interest,NYSE,USA,,,nasdaq_trader_otherlisted,,COMMON_STOCK,IN_SCOPE
4082,non_blocking_equity_context,fund,Common stock / ordinary share context.,,FFA,First Trust Enhanced Equity Income Fund Common Shares of Beneficial Interest,NYSE,USA,,,nasdaq_trader_otherlisted,,COMMON_STOCK,IN_SCOPE
4095,non_blocking_equity_context,fund,Common stock / ordinary share context.,,FLC,Flaherty & Crumrine Total Return Fund Inc Common Stock,NYSE,USA,,,nasdaq_trader_otherlisted,,COMMON_STOCK,IN_SCOPE
4105,non_blocking_equity_context,fund,Common stock / ordinary share context.,,FMN,Federated Hermes Premier Municipal Income Fund,NYSE,USA,,,nasdaq_trader_otherlisted,,COMMON_STOCK,IN_SCOPE
4107,non_blocking_equity_context,fund,Common stock / ordinary share context.,,FMY,First Trust Mortgage Income Fund Common Shares of Beneficial Interest,NYSE,USA,,,nasdaq_trader_otherlisted,,COMMON_STOCK,IN_SCOPE
4116,non_blocking_equity_context,fund,Common stock / ordinary share context.,,FOF,"Cohen & Steers Closed-End Opportunity Fund, Inc. Common Stock",NYSE,USA,,,nasdaq_trader_otherlisted,,COMMON_STOCK,IN_SCOPE
4123,non_blocking_equity_context,fund,Common stock / ordinary share context.,,FRA,Blackrock Floating Rate Income Strategies Fund Inc Common Stock,NYSE,USA,,,nasdaq_trader_otherlisted,,COMMON_STOCK,IN_SCOPE
4132,non_blocking_equity_context,fund,Common stock / ordinary share context.,,FSSL,FS Specialty Lending Fund Common Shares of Beneficial Interest,NYSE,USA,,,nasdaq_trader_otherlisted,,COMMON_STOCK,IN_SCOPE
4135,non_blocking_equity_context,fund,Common stock / ordinary share context.,,FTHY,First Trust High Yield Opportunities 2027 Term Fund Common Stock,NYSE,USA,,,nasdaq_trader_otherlisted,,COMMON_STOCK,IN_SCOPE
4160,non_blocking_equity_context,fund,Common stock / ordinary share context.,,GCV,"Gabelli Convertible and Income Securities Fund, Inc. (The) Common Stock",NYSE,USA,,,nasdaq_trader_otherlisted,,COMMON_STOCK,IN_SCOPE
4163,non_blocking_equity_context,fund,Common stock / ordinary share context.,,GDL,"GDL Fund, The Common Shares of Beneficial Interest",NYSE,USA,,,nasdaq_trader_otherlisted,,COMMON_STOCK,IN_SCOPE
4164,non_blocking_equity_context,fund,Common stock / ordinary share context.,,GDO,Western Asset Global Corporate Opportunity Fund Inc. Common Stock,NYSE,USA,,,nasdaq_trader_otherlisted,,COMMON_STOCK,IN_SCOPE
4175,non_blocking_equity_context,fund,Common stock / ordinary share context.,,GF,"New Germany Fund, Inc. (The) Common Stock",NYSE,USA,,,nasdaq_trader_otherlisted,,COMMON_STOCK,IN_SCOPE
4187,non_blocking_equity_context,fund,Common stock / ordinary share context.,,GHY,"PGIM Global High Yield Fund, Inc.",NYSE,USA,,,nasdaq_trader_otherlisted,,COMMON_STOCK,IN_SCOPE
4194,residual_review_required,certificate,Potential non-common-equity or fund-like instrument needs review/exclusion policy before scoring.,,GJP,"Synthetic Fixed-Income Securities, Inc. on behalf of STRATS (SM) Trust for Dominion Resources, Inc. Securities, Series 2005-6, Floating Rate Structured Repackaged Asset-Backed Trust Securities (STRATS) Certificates",NYSE,USA,,,nasdaq_trader_otherlisted,,COMMON_STOCK,IN_SCOPE
4197,residual_review_required,certificate,Potential non-common-equity or fund-like instrument needs review/exclusion policy before scoring.,,GJT,"Synthetic Fixed-Income Securities, Inc. Floating Rate Structured Repackaged Asset-Backed Trust Securities Certificates, Series 2006-3",NYSE,USA,,,nasdaq_trader_otherlisted,,COMMON_STOCK,IN_SCOPE
4200,residual_review_required,debenture,Potential non-common-equity or fund-like instrument needs review/exclusion policy before scoring.,,GL$D,Globe Life Inc. 4.25% Junior Subordinated Debentures due 2061,NYSE,USA,,,nasdaq_trader_otherlisted,,COMMON_STOCK,IN_SCOPE
4204,non_blocking_equity_context,fund,Common stock / ordinary share context.,,GLO,Clough Global Opportunities Fund Common Stock,NYSE American,USA,,,nasdaq_trader_otherlisted,,COMMON_STOCK,IN_SCOPE
4206,non_blocking_equity_context,fund,Common stock / ordinary share context.,,GLQ,Clough Global Equity Fund Clough Global Equity Fund Common Shares of Beneficial Interest,NYSE American,USA,,,nasdaq_trader_otherlisted,,COMMON_STOCK,IN_SCOPE
4208,non_blocking_equity_context,fund,Common stock / ordinary share context.,,GLV,Clough Global Dividend and Income Fund Common Shares of beneficial interest,NYSE American,USA,,,nasdaq_trader_otherlisted,,COMMON_STOCK,IN_SCOPE
4222,non_blocking_equity_context,fund,Common stock / ordinary share context.,,GOF,Guggenheim Strategic Opportunities Fund Common Shares of Beneficial Interest,NYSE,USA,,,nasdaq_trader_otherlisted,,COMMON_STOCK,IN_SCOPE
4240,non_blocking_equity_context,fund,Common stock / ordinary share context.,,GRF,"Eagle Capital Growth Fund, Inc. Common Stock",NYSE American,USA,,,nasdaq_trader_otherlisted,,COMMON_STOCK,IN_SCOPE
4242,residual_review_required,note,Potential non-common-equity or fund-like instrument needs review/exclusion policy before scoring.,,GRN,iPath Series B Carbon Exchange-Traded Notes,NYSE Arca,USA,,,nasdaq_trader_otherlisted,,COMMON_STOCK,IN_SCOPE
4258,non_blocking_equity_context,fund,Common stock / ordinary share context.,,GUG,Guggenheim Active Allocation Fund Common Shares of Beneficial Interest,NYSE,USA,,,nasdaq_trader_otherlisted,,COMMON_STOCK,IN_SCOPE
4283,non_blocking_equity_context,fund,Common stock / ordinary share context.,,HEQ,John Hancock Diversified Income Fund Common Shares of Beneficial Interest,NYSE,USA,,,nasdaq_trader_otherlisted,,COMMON_STOCK,IN_SCOPE
4285,non_blocking_equity_context,fund,Common stock / ordinary share context.,,HFRO,Highland Opportunities and Income Fund Common Shares of Beneficial Interest,NYSE,USA,,,nasdaq_trader_otherlisted,,COMMON_STOCK,IN_SCOPE
4287,non_blocking_equity_context,fund,Common stock / ordinary share context.,,HGLB,Highland Global Allocation Fund Common Stock,NYSE,USA,,,nasdaq_trader_otherlisted,,COMMON_STOCK,IN_SCOPE
4294,non_blocking_equity_context,fund,Common stock / ordinary share context.,,HIO,"Western Asset High Income Opportunity Fund, Inc. Common Stock",NYSE,USA,,,nasdaq_trader_otherlisted,,COMMON_STOCK,IN_SCOPE
4297,non_blocking_equity_context,fund,Common stock / ordinary share context.,,HIX,Western Asset High Income Fund II Inc. Common Stock,NYSE,USA,,,nasdaq_trader_otherlisted,,COMMON_STOCK,IN_SCOPE
4329,non_blocking_equity_context,fund,Common stock / ordinary share context.,,HTD,John Hancock Tax Advantaged Dividend Income Fund Common Shares of Beneficial Interest,NYSE,USA,,,nasdaq_trader_otherlisted,,COMMON_STOCK,IN_SCOPE
4341,non_blocking_equity_context,fund,Common stock / ordinary share context.,,HYI,Western Asset High Yield Opportunity Fund Inc. Common Stock,NYSE,USA,,,nasdaq_trader_otherlisted,,COMMON_STOCK,IN_SCOPE
4343,non_blocking_equity_context,fund,Common stock / ordinary share context.,,HYT,"Blackrock Corporate High Yield Fund, Inc. Common Stock",NYSE,USA,,,nasdaq_trader_otherlisted,,COMMON_STOCK,IN_SCOPE
4345,non_blocking_equity_context,fund,Common stock / ordinary share context.,,IAE,Voya Asia Pacific High Dividend Equity Income Fund ING Asia Pacific High Dividend Equity Income Fund Common Shares of Beneficial Interest,NYSE,USA,,,nasdaq_trader_otherlisted,,COMMON_STOCK,IN_SCOPE
4346,non_blocking_equity_context,fund,Common stock / ordinary share context.,,IAF,"abrdn Australia Equity Fund, Inc. Common Stock",NYSE American,USA,,,nasdaq_trader_otherlisted,,COMMON_STOCK,IN_SCOPE
4357,non_blocking_equity_context,fund,Common stock / ordinary share context.,,IDE,"Voya Infrastructure, Industrials and Materials Fund Common Shares of Beneficial Interest",NYSE,USA,,,nasdaq_trader_otherlisted,,COMMON_STOCK,IN_SCOPE
4363,non_blocking_equity_context,fund,Common stock / ordinary share context.,,IFN,"Aberdeen India Fund, Inc. Common Stock",NYSE,USA,,,nasdaq_trader_otherlisted,,COMMON_STOCK,IN_SCOPE
4365,non_blocking_equity_context,fund,Common stock / ordinary share context.,,IGA,Voya Global Advantage and Premium Opportunity Fund Common Shares of Beneficial Interest,NYSE,USA,,,nasdaq_trader_otherlisted,,COMMON_STOCK,IN_SCOPE
4367,non_blocking_equity_context,fund,Common stock / ordinary share context.,,IGD,Voya Global Equity Dividend and Premium Opportunity Fund,NYSE,USA,,,nasdaq_trader_otherlisted,,COMMON_STOCK,IN_SCOPE
4369,non_blocking_equity_context,fund,Common stock / ordinary share context.,,IGR,CBRE Global Real Estate Income Fund Common Shares of Beneficial Interest,NYSE,USA,,,nasdaq_trader_otherlisted,,COMMON_STOCK,IN_SCOPE
4370,non_blocking_equity_context,fund,Common stock / ordinary share context.,,IHD,Voya Emerging Markets High Income Dividend Equity Fund Common Shares,NYSE,USA,,,nasdaq_trader_otherlisted,,COMMON_STOCK,IN_SCOPE
4373,non_blocking_equity_context,fund,Common stock / ordinary share context.,,IIF,"Morgan Stanley India Investment Fund, Inc. Common Stock",NYSE,USA,,,nasdaq_trader_otherlisted,,COMMON_STOCK,IN_SCOPE
4425,non_blocking_equity_context,fund,Common stock / ordinary share context.,,JCE,Nuveen Core Equity Alpha Fund Common Shares of Beneficial Interest,NYSE,USA,,,nasdaq_trader_otherlisted,,COMMON_STOCK,IN_SCOPE
4430,non_blocking_equity_context,fund,Common stock / ordinary share context.,,JFR,Nuveen Floating Rate Income Fund Common Stock,NYSE,USA,,,nasdaq_trader_otherlisted,,COMMON_STOCK,IN_SCOPE
4431,non_blocking_equity_context,fund,Common stock / ordinary share context.,,JGH,Nuveen Global High Income Fund Common Shares of Beneficial Interest,NYSE,USA,,,nasdaq_trader_otherlisted,,COMMON_STOCK,IN_SCOPE
4437,non_blocking_equity_context,fund,Common stock / ordinary share context.,,JLS,Nuveen Mortgage and Income Fund,NYSE,USA,,,nasdaq_trader_otherlisted,,COMMON_STOCK,IN_SCOPE
4438,non_blocking_equity_context,fund,Common stock / ordinary share context.,,JMM,Nuveen Multi-Market Income Fund (MA),NYSE,USA,,,nasdaq_trader_otherlisted,,COMMON_STOCK,IN_SCOPE
4443,non_blocking_equity_context,fund,Common stock / ordinary share context.,,JOF,Japan Smaller Capitalization Fund Inc Common Stock,NYSE,USA,,,nasdaq_trader_otherlisted,,COMMON_STOCK,IN_SCOPE
4445,non_blocking_equity_context,fund,Common stock / ordinary share context.,,JQC,Nuveen Credit Strategies Income Fund Shares of Beneficial Interest,NYSE,USA,,,nasdaq_trader_otherlisted,,COMMON_STOCK,IN_SCOPE
4446,non_blocking_equity_context,fund,Common stock / ordinary share context.,,JRI,Nuveen Real Asset Income and Growth Fund Common Shares of Beneficial Interest,NYSE,USA,,,nasdaq_trader_otherlisted,,COMMON_STOCK,IN_SCOPE
4447,non_blocking_equity_context,fund,Common stock / ordinary share context.,,JRS,Nuveen Real Estate Income Fund Common Shares of Beneficial Interest,NYSE,USA,,,nasdaq_trader_otherlisted,,COMMON_STOCK,IN_SCOPE
4461,non_blocking_equity_context,fund,Common stock / ordinary share context.,,KF,"Korea Fund, Inc. (The) New Common Stock",NYSE,USA,,,nasdaq_trader_otherlisted,,COMMON_STOCK,IN_SCOPE
4467,non_blocking_equity_context,fund,Common stock / ordinary share context.,,KIO,KKR Income Opportunities Fund Common Shares,NYSE,USA,,,nasdaq_trader_otherlisted,,COMMON_STOCK,IN_SCOPE
4472,residual_review_required,debenture,Potential non-common-equity or fund-like instrument needs review/exclusion policy before scoring.,,KMPB,Kemper Corporation 5.875% Fixed-Rate Reset Junior Subordinated Debentures due 2062,NYSE,USA,,,nasdaq_trader_otherlisted,,COMMON_STOCK,IN_SCOPE
4505,non_blocking_equity_context,fund,Common stock / ordinary share context.,,KYN,"Kayne Anderson Energy Infrastructure Fund, Inc.",NYSE,USA,,,nasdaq_trader_otherlisted,,COMMON_STOCK,IN_SCOPE
4531,non_blocking_equity_context,fund,Common stock / ordinary share context.,,LGI,Lazard Global Total Return and Income Fund Common Stock,NYSE,USA,,,nasdaq_trader_otherlisted,,COMMON_STOCK,IN_SCOPE
4596,non_blocking_equity_context,fund,Common stock / ordinary share context.,,MCN,XAI Madison Equity Premium Income Fund Common Shares,NYSE,USA,,,nasdaq_trader_otherlisted,,COMMON_STOCK,IN_SCOPE
4608,non_blocking_equity_context,fund,Common stock / ordinary share context.,,MEGI,NYLI CBRE Global Infrastructure Megatrends Term Fund Common Shares,NYSE,USA,,,nasdaq_trader_otherlisted,,COMMON_STOCK,IN_SCOPE
4610,residual_review_required,note,Potential non-common-equity or fund-like instrument needs review/exclusion policy before scoring.,,MER$K,"Bank of America Corporation Income Capital Obligation Notes initially due December 15, 2066",NYSE,USA,,,nasdaq_trader_otherlisted,,COMMON_STOCK,IN_SCOPE
4615,non_blocking_equity_context,fund,Common stock / ordinary share context.,,MFM,Aberdeen Municipal Income Fund Common Shares of Beneficial Interest,NYSE,USA,,,nasdaq_trader_otherlisted,,COMMON_STOCK,IN_SCOPE
4623,non_blocking_equity_context,fund,Common stock / ordinary share context.,,MHD,"Blackrock MuniHoldings Fund, Inc. Common Stock",NYSE,USA,,,nasdaq_trader_otherlisted,,COMMON_STOCK,IN_SCOPE
4624,non_blocking_equity_context,fund,Common stock / ordinary share context.,,MHF,"Western Asset Municipal High Income Fund, Inc. Common Stock",NYSE,USA,,,nasdaq_trader_otherlisted,,COMMON_STOCK,IN_SCOPE
4636,non_blocking_equity_context,fund,Common stock / ordinary share context.,,MIY,"Blackrock MuniYield Michigan Quality Fund, Inc. Common Stock",NYSE,USA,,,nasdaq_trader_otherlisted,,COMMON_STOCK,IN_SCOPE
4647,non_blocking_equity_context,fund,Common stock / ordinary share context.,,MMD,NYLI MacKay DefinedTerm Muni Opportunities Fund Common Shares,NYSE,USA,,,nasdaq_trader_otherlisted,,COMMON_STOCK,IN_SCOPE
4651,non_blocking_equity_context,fund,Common stock / ordinary share context.,,MMT,Aberdeen Multi-Market Income Fund Common Shares of Beneficial Interest,NYSE,USA,,,nasdaq_trader_otherlisted,,COMMON_STOCK,IN_SCOPE
4652,non_blocking_equity_context,fund,Common stock / ordinary share context.,,MMU,"Western Asset Managed Municipals Fund, Inc. Common Stock",NYSE,USA,,,nasdaq_trader_otherlisted,,COMMON_STOCK,IN_SCOPE
4662,non_blocking_equity_context,fund,Common stock / ordinary share context.,,MPA,Blackrock MuniYield Pennsylvania Quality Fund Common Stock,NYSE,USA,,,nasdaq_trader_otherlisted,,COMMON_STOCK,IN_SCOPE
4668,non_blocking_equity_context,fund,Common stock / ordinary share context.,,MQY,"Blackrock MuniYield Quality Fund, Inc. Common Stock",NYSE,USA,,,nasdaq_trader_otherlisted,,COMMON_STOCK,IN_SCOPE
4678,non_blocking_equity_context,fund,Common stock / ordinary share context.,,MSD,"Morgan Stanley Emerging Markets Debt Fund, Inc. Common Stock",NYSE,USA,,,nasdaq_trader_otherlisted,,COMMON_STOCK,IN_SCOPE
4679,non_blocking_equity_context,fund,Common stock / ordinary share context.,,MSDL,Morgan Stanley Direct Lending Fund Common Stock,NYSE,USA,,,nasdaq_trader_otherlisted,,COMMON_STOCK,IN_SCOPE
4683,non_blocking_equity_context,fund,Common stock / ordinary share context.,,MSIF,"MSC Income Fund, Inc. Common Stock",NYSE,USA,,,nasdaq_trader_otherlisted,,COMMON_STOCK,IN_SCOPE
4703,non_blocking_equity_context,fund,Common stock / ordinary share context.,,MUA,"Blackrock MuniAssets Fund, Inc Common Stock",NYSE,USA,,,nasdaq_trader_otherlisted,,COMMON_STOCK,IN_SCOPE
4704,non_blocking_equity_context,fund,Common stock / ordinary share context.,,MUC,"Blackrock MuniHoldings California Quality Fund, Inc. Common Stock",NYSE,USA,,,nasdaq_trader_otherlisted,,COMMON_STOCK,IN_SCOPE
4706,non_blocking_equity_context,fund,Common stock / ordinary share context.,,MUJ,"Blackrock MuniHoldings New Jersey Quality Fund, Inc. Common Stock",NYSE,USA,,,nasdaq_trader_otherlisted,,COMMON_STOCK,IN_SCOPE
4714,non_blocking_equity_context,fund,Common stock / ordinary share context.,,MXE,"Mexico Equity and Income Fund, Inc. (The) Common Stock",NYSE,USA,,,nasdaq_trader_otherlisted,,COMMON_STOCK,IN_SCOPE
4715,non_blocking_equity_context,fund,Common stock / ordinary share context.,,MXF,"Mexico Fund, Inc. (The) Common Stock",NYSE,USA,,,nasdaq_trader_otherlisted,,COMMON_STOCK,IN_SCOPE
4717,non_blocking_equity_context,fund,Common stock / ordinary share context.,,MYI,"Blackrock MuniYield Quality Fund III, Inc Common Stock",NYSE,USA,,,nasdaq_trader_otherlisted,,COMMON_STOCK,IN_SCOPE
4718,non_blocking_equity_context,fund,Common stock / ordinary share context.,,MYN,"Blackrock MuniYield New York Quality Fund, Inc.Common Stock",NYSE,USA,,,nasdaq_trader_otherlisted,,COMMON_STOCK,IN_SCOPE
4722,non_blocking_equity_context,fund,Common stock / ordinary share context.,,NAC,Nuveen California Quality Municipal Income Fund,NYSE,USA,,,nasdaq_trader_otherlisted,,COMMON_STOCK,IN_SCOPE
4723,non_blocking_equity_context,fund,Common stock / ordinary share context.,,NAD,Nuveen Quality Municipal Income Fund Common Stock,NYSE,USA,,,nasdaq_trader_otherlisted,,COMMON_STOCK,IN_SCOPE
4725,non_blocking_equity_context,fund,Common stock / ordinary share context.,,NAN,Nuveen New York Quality Municipal Income Fund Common Stock,NYSE,USA,,,nasdaq_trader_otherlisted,,COMMON_STOCK,IN_SCOPE
4728,non_blocking_equity_context,fund,Common stock / ordinary share context.,,NAZ,Nuveen Arizona Quality Municipal Income Fund Common Stock,NYSE,USA,,,nasdaq_trader_otherlisted,,COMMON_STOCK,IN_SCOPE
4729,non_blocking_equity_context,fund,Common stock / ordinary share context.,,NBB,Nuveen Taxable Municipal Income Fund Common Shares of Beneficial Interest,NYSE,USA,,,nasdaq_trader_otherlisted,,COMMON_STOCK,IN_SCOPE
4730,non_blocking_equity_context,fund,Common stock / ordinary share context.,,NBH,Neuberger Municipal Fund Inc. Common Stock,NYSE American,USA,,,nasdaq_trader_otherlisted,,COMMON_STOCK,IN_SCOPE
4733,non_blocking_equity_context,fund,Common stock / ordinary share context.,,NBXG,Neuberger Next Generation Connectivity Fund Inc. Common Stock,NYSE,USA,,,nasdaq_trader_otherlisted,,COMMON_STOCK,IN_SCOPE
4735,non_blocking_equity_context,fund,Common stock / ordinary share context.,,NCA,Nuveen California Municipal Value Fund,NYSE,USA,,,nasdaq_trader_otherlisted,,COMMON_STOCK,IN_SCOPE
4739,non_blocking_equity_context,fund,Common stock / ordinary share context.,,NCV,Virtus Convertible & Income Fund Common Shares of Beneficial Interest,NYSE,USA,,,nasdaq_trader_otherlisted,,COMMON_STOCK,IN_SCOPE
4740,non_blocking_equity_context,fund,Common stock / ordinary share context.,,NCZ,Virtus Convertible & Income Fund II Common Shares of Beneficial Interest,NYSE,USA,,,nasdaq_trader_otherlisted,,COMMON_STOCK,IN_SCOPE
4741,non_blocking_equity_context,fund,Common stock / ordinary share context.,,NDMO,Nuveen Dynamic Municipal Opportunities Fund Common Shares of Beneficial Interest,NYSE,USA,,,nasdaq_trader_otherlisted,,COMMON_STOCK,IN_SCOPE
4743,non_blocking_equity_context,fund,Common stock / ordinary share context.,,NEA,Nuveen AMT-Free Quality Municipal Income Fund Common Shares of Beneficial Interest Par Value $.01,NYSE,USA,,,nasdaq_trader_otherlisted,,COMMON_STOCK,IN_SCOPE
4745,residual_review_required,debenture,Potential non-common-equity or fund-like instrument needs review/exclusion policy before scoring.,,NEE$N,"NextEra Energy Capital Holdings Inc. Series N Junior Subordinated Debentures due March 1, 2079",NYSE,USA,,,nasdaq_trader_otherlisted,,COMMON_STOCK,IN_SCOPE
4746,residual_review_required,debenture,Potential non-common-equity or fund-like instrument needs review/exclusion policy before scoring.,,NEE$U,"NextEra Energy, Inc. Series U Junior Subordinated Debentures due June 1, 2085",NYSE,USA,,,nasdaq_trader_otherlisted,,COMMON_STOCK,IN_SCOPE
4747,residual_review_required,debenture,Potential non-common-equity or fund-like instrument needs review/exclusion policy before scoring.,,NEE$W,"NextEra Energy Capital Holdings Inc. Series Z Junior Subordinated Debentures due April 15, 2086",NYSE,USA,,,nasdaq_trader_otherlisted,,COMMON_STOCK,IN_SCOPE
4755,non_blocking_equity_context,fund,Common stock / ordinary share context.,,NFJ,"Virtus Dividend, Interest & Premium Strategy Fund Common Shares of Beneficial Interest",NYSE,USA,,,nasdaq_trader_otherlisted,,COMMON_STOCK,IN_SCOPE
4762,non_blocking_equity_context,fund,Common stock / ordinary share context.,,NHS,Neuberger High Yield Strategies Fund Inc. Common Stock,NYSE American,USA,,,nasdaq_trader_otherlisted,,COMMON_STOCK,IN_SCOPE
4765,non_blocking_equity_context,fund,Common stock / ordinary share context.,,NIE,Virtus Equity & Convertible Income Fund Common Shares of Beneficial Interest,NYSE,USA,,,nasdaq_trader_otherlisted,,COMMON_STOCK,IN_SCOPE
4766,non_blocking_equity_context,fund,Common stock / ordinary share context.,,NIM,Nuveen Select Maturities Municipal Fund Common Stock,NYSE,USA,,,nasdaq_trader_otherlisted,,COMMON_STOCK,IN_SCOPE
4771,non_blocking_equity_context,fund,Common stock / ordinary share context.,,NKX,Nuveen California AMT-Free Quality Municipal Income Fund,NYSE,USA,,,nasdaq_trader_otherlisted,,COMMON_STOCK,IN_SCOPE
4776,non_blocking_equity_context,fund,Common stock / ordinary share context.,,NMAI,Nuveen Multi-Asset Income Fund Common Shares of Beneficial Interest,NYSE,USA,,,nasdaq_trader_otherlisted,,COMMON_STOCK,IN_SCOPE
4778,non_blocking_equity_context,fund,Common stock / ordinary share context.,,NMCO,Nuveen Municipal Credit Opportunities Fund Common Shares,NYSE,USA,,,nasdaq_trader_otherlisted,,COMMON_STOCK,IN_SCOPE
4780,non_blocking_equity_context,fund,Common stock / ordinary share context.,,NMI,"Nuveen Municipal Income Fund, Inc. Common Stock",NYSE,USA,,,nasdaq_trader_otherlisted,,COMMON_STOCK,IN_SCOPE
4781,non_blocking_equity_context,fund,Common stock / ordinary share context.,,NML,Neuberger Energy Infrastructure and Income Fund Inc. Common Stock,NYSE American,USA,,,nasdaq_trader_otherlisted,,COMMON_STOCK,IN_SCOPE
4782,non_blocking_equity_context,fund,Common stock / ordinary share context.,,NMS,Nuveen Minnesota Quality Municipal Income Fund,NYSE,USA,,,nasdaq_trader_otherlisted,,COMMON_STOCK,IN_SCOPE
4783,non_blocking_equity_context,fund,Common stock / ordinary share context.,,NMT,Nuveen Massachusetts Quality Municipal Income Fund Common Stock,NYSE,USA,,,nasdaq_trader_otherlisted,,COMMON_STOCK,IN_SCOPE
4784,non_blocking_equity_context,fund,Common stock / ordinary share context.,,NMZ,"Nuveen Municipal High Income Opportunity Fund Common Stock, $0.01 par value, per share",NYSE,USA,,,nasdaq_trader_otherlisted,,COMMON_STOCK,IN_SCOPE
4788,non_blocking_equity_context,fund,Common stock / ordinary share context.,,NNY,Nuveen New York Municipal Value Fund Common Stock,NYSE,USA,,,nasdaq_trader_otherlisted,,COMMON_STOCK,IN_SCOPE
4797,non_blocking_equity_context,fund,Common stock / ordinary share context.,,NPCT,Nuveen Core Plus Impact Fund Common Shares of Beneficial Interest,NYSE,USA,,,nasdaq_trader_otherlisted,,COMMON_STOCK,IN_SCOPE
4801,non_blocking_equity_context,fund,Common stock / ordinary share context.,,NPV,Nuveen Virginia Quality Municipal Income Fund Common Stock,NYSE,USA,,,nasdaq_trader_otherlisted,,COMMON_STOCK,IN_SCOPE
4807,non_blocking_equity_context,fund,Common stock / ordinary share context.,,NRK,Nuveen New York AMT-Free Quality Municipal Income Fund,NYSE,USA,,,nasdaq_trader_otherlisted,,COMMON_STOCK,IN_SCOPE
4808,non_blocking_equity_context,fund,Common stock / ordinary share context.,,NRO,Neuberger Real Estate Securities Income Fund Inc. Common Stock,NYSE American,USA,,,nasdaq_trader_otherlisted,,COMMON_STOCK,IN_SCOPE
4824,non_blocking_equity_context,fund,Common stock / ordinary share context.,,NUV,"Nuveen Municipal Value Fund, Inc. Common Stock",NYSE,USA,,,nasdaq_trader_otherlisted,,COMMON_STOCK,IN_SCOPE
4826,non_blocking_equity_context,fund,Common stock / ordinary share context.,,NUW,Nuveen AMT-Free Municipal Value Fund,NYSE,USA,,,nasdaq_trader_otherlisted,,COMMON_STOCK,IN_SCOPE
4828,non_blocking_equity_context,fund,Common stock / ordinary share context.,,NVG,Nuveen AMT-Free Municipal Credit Income Fund,NYSE,USA,,,nasdaq_trader_otherlisted,,COMMON_STOCK,IN_SCOPE
4843,non_blocking_equity_context,fund,Common stock / ordinary share context.,,NXG,NXG NextGen Infrastructure Income Fund Common Shares of Beneficial Interest,NYSE,USA,,,nasdaq_trader_otherlisted,,COMMON_STOCK,IN_SCOPE
4848,non_blocking_equity_context,fund,Common stock / ordinary share context.,,NZF,Nuveen Municipal Credit Income Fund,NYSE,USA,,,nasdaq_trader_otherlisted,,COMMON_STOCK,IN_SCOPE
4885,non_blocking_equity_context,fund,Common stock / ordinary share context.,,OPP,"RiverNorth/DoubleLine Strategic Opportunity Fund, Inc. Common Stock",NYSE,USA,,,nasdaq_trader_otherlisted,,COMMON_STOCK,IN_SCOPE
4916,non_blocking_equity_context,fund,Common stock / ordinary share context.,,PAI,Western Asset Investment Grade Income Fund Inc.,NYSE,USA,,,nasdaq_trader_otherlisted,,COMMON_STOCK,IN_SCOPE
4923,non_blocking_equity_context,fund,Common stock / ordinary share context.,,PAXS,PIMCO Access Income Fund Common Shares of Beneficial Interest,NYSE,USA,,,nasdaq_trader_otherlisted,,COMMON_STOCK,IN_SCOPE
4933,non_blocking_equity_context,fund,Common stock / ordinary share context.,,PCF,High Income Securities Fund Common Stock,NYSE,USA,,,nasdaq_trader_otherlisted,,COMMON_STOCK,IN_SCOPE
4935,non_blocking_equity_context,fund,Common stock / ordinary share context.,,PCM,"PCM Fund, Inc. Common Stock",NYSE,USA,,,nasdaq_trader_otherlisted,,COMMON_STOCK,IN_SCOPE
4936,non_blocking_equity_context,fund,Common stock / ordinary share context.,,PCN,Pimco Corporate & Income Strategy Fund Common Stock,NYSE,USA,,,nasdaq_trader_otherlisted,,COMMON_STOCK,IN_SCOPE
4938,non_blocking_equity_context,fund,Common stock / ordinary share context.,,PCQ,PIMCO California Municipal Income Fund Common Stock,NYSE,USA,,,nasdaq_trader_otherlisted,,COMMON_STOCK,IN_SCOPE
4941,non_blocking_equity_context,fund,Common stock / ordinary share context.,,PDI,PIMCO Dynamic Income Fund Common Stock,NYSE,USA,,,nasdaq_trader_otherlisted,,COMMON_STOCK,IN_SCOPE
4943,non_blocking_equity_context,fund,Common stock / ordinary share context.,,PDO,PIMCO Dynamic Income Opportunities Fund Common Shares of Beneficial Interest,NYSE,USA,,,nasdaq_trader_otherlisted,,COMMON_STOCK,IN_SCOPE
4945,non_blocking_equity_context,fund,Common stock / ordinary share context.,,PDT,John Hancock Premium Dividend Fund,NYSE,USA,,,nasdaq_trader_otherlisted,,COMMON_STOCK,IN_SCOPE
4946,non_blocking_equity_context,fund,Common stock / ordinary share context.,,PDX,PIMCO Dynamic Income Strategy Fund Common Shares of Beneficial Interest,NYSE,USA,,,nasdaq_trader_otherlisted,,COMMON_STOCK,IN_SCOPE
4951,non_blocking_equity_context,fund,Common stock / ordinary share context.,,PEO,"Adams Natural Resources Fund, Inc. Common Stock",NYSE,USA,,,nasdaq_trader_otherlisted,,COMMON_STOCK,IN_SCOPE
4956,non_blocking_equity_context,fund,Common stock / ordinary share context.,,PFL,PIMCO Income Strategy Fund Shares of Beneficial Interest,NYSE,USA,,,nasdaq_trader_otherlisted,,COMMON_STOCK,IN_SCOPE
4958,non_blocking_equity_context,fund,Common stock / ordinary share context.,,PFN,PIMCO Income Strategy Fund II,NYSE,USA,,,nasdaq_trader_otherlisted,,COMMON_STOCK,IN_SCOPE
4962,non_blocking_equity_context,fund,Common stock / ordinary share context.,,PGP,Pimco Global StocksPlus & Income Fund Common Shares of Beneficial Interest,NYSE,USA,,,nasdaq_trader_otherlisted,,COMMON_STOCK,IN_SCOPE
4964,non_blocking_equity_context,fund,Common stock / ordinary share context.,,PGZ,Principal Real Estate Income Fund Common Shares of Beneficial Interest,NYSE,USA,,,nasdaq_trader_otherlisted,,COMMON_STOCK,IN_SCOPE
4970,non_blocking_equity_context,fund,Common stock / ordinary share context.,,PHK,Pimco High Income Fund,NYSE,USA,,,nasdaq_trader_otherlisted,,COMMON_STOCK,IN_SCOPE
4993,non_blocking_equity_context,fund,Common stock / ordinary share context.,,PML,Pimco Municipal Income Fund II Common Shares of Beneficial Interest,NYSE,USA,,,nasdaq_trader_otherlisted,,COMMON_STOCK,IN_SCOPE
4999,non_blocking_equity_context,fund,Common stock / ordinary share context.,,PNI,Pimco New York Municipal Income Fund II Common Shares of Beneficial Interest,NYSE,USA,,,nasdaq_trader_otherlisted,,COMMON_STOCK,IN_SCOPE
5032,non_blocking_equity_context,fund,Common stock / ordinary share context.,,PTY,Pimco Corporate & Income Opportunity Fund,NYSE,USA,,,nasdaq_trader_otherlisted,,COMMON_STOCK,IN_SCOPE
5052,non_blocking_equity_context,fund,Common stock / ordinary share context.,,RA,Brookfield Real Assets Income Fund Inc. Common Stock,NYSE,USA,,,nasdaq_trader_otherlisted,,COMMON_STOCK,IN_SCOPE
5062,non_blocking_equity_context,fund,Common stock / ordinary share context.,,RCG,"RENN Fund, Inc Common Stock",NYSE American,USA,,,nasdaq_trader_otherlisted,,COMMON_STOCK,IN_SCOPE
5065,non_blocking_equity_context,fund,Common stock / ordinary share context.,,RCS,"PIMCO Strategic Income Fund, Inc.",NYSE,USA,,,nasdaq_trader_otherlisted,,COMMON_STOCK,IN_SCOPE
5080,non_blocking_equity_context,fund,Common stock / ordinary share context.,,RFI,"Cohen & Steers Total Return Realty Fund, Inc. Common Stock",NYSE,USA,,,nasdaq_trader_otherlisted,,COMMON_STOCK,IN_SCOPE
5082,non_blocking_equity_context,fund,Common stock / ordinary share context.,,RFM,"RiverNorth Flexible Municipal Income Fund, Inc. Common Stock",NYSE,USA,,,nasdaq_trader_otherlisted,,COMMON_STOCK,IN_SCOPE
5083,non_blocking_equity_context,fund,Common stock / ordinary share context.,,RFMZ,"RiverNorth Flexible Municipal Income Fund II, Inc. Common Stock",NYSE,USA,,,nasdaq_trader_otherlisted,,COMMON_STOCK,IN_SCOPE
5095,non_blocking_equity_context,fund,Common stock / ordinary share context.,,RIV,"RiverNorth Opportunities Fund, Inc. Common Stock",NYSE,USA,,,nasdaq_trader_otherlisted,,COMMON_STOCK,IN_SCOPE
5102,non_blocking_equity_context,fund,Common stock / ordinary share context.,,RLTY,Cohen & Steers Real Estate Opportunities and Income Fund Common Shares of Beneficial Interest,NYSE,USA,,,nasdaq_trader_otherlisted,,COMMON_STOCK,IN_SCOPE
5106,non_blocking_equity_context,fund,Common stock / ordinary share context.,,RMI,"RiverNorth Opportunistic Municipal Income Fund, Inc. Common Stock",NYSE,USA,,,nasdaq_trader_otherlisted,,COMMON_STOCK,IN_SCOPE
5107,non_blocking_equity_context,fund,Common stock / ordinary share context.,,RMM,"RiverNorth Managed Duration Municipal Income Fund, Inc. Common Stock",NYSE,USA,,,nasdaq_trader_otherlisted,,COMMON_STOCK,IN_SCOPE
5108,non_blocking_equity_context,fund,Common stock / ordinary share context.,,RMMZ,"RiverNorth Managed Duration Municipal Income Fund II, Inc. Common Stock",NYSE,USA,,,nasdaq_trader_otherlisted,,COMMON_STOCK,IN_SCOPE
5121,non_blocking_equity_context,fund,Common stock / ordinary share context.,,RQI,Cohen & Steers Quality Income Realty Fund Inc Common Shares,NYSE,USA,,,nasdaq_trader_otherlisted,,COMMON_STOCK,IN_SCOPE
5125,non_blocking_equity_context,fund,Common stock / ordinary share context.,,RSF,RiverNorth Capital and Income Fund Common Stock,NYSE,USA,,,nasdaq_trader_otherlisted,,COMMON_STOCK,IN_SCOPE
5130,non_blocking_equity_context,fund,Common stock / ordinary share context.,,RVI,Robinhood Ventures Fund I Common Shares of Beneficial Interest,NYSE,USA,,,nasdaq_trader_otherlisted,,COMMON_STOCK,IN_SCOPE
5143,residual_review_required,debenture,Potential non-common-equity or fund-like instrument needs review/exclusion policy before scoring.,,RZC,"Reinsurance Group of America, Incorporated 7.125% Fixed-Rate Reset Subordinated Debentures due 2052",NYSE,USA,,,nasdaq_trader_otherlisted,,COMMON_STOCK,IN_SCOPE
5146,non_blocking_equity_context,fund,Common stock / ordinary share context.,,SABA,Saba Capital Income & Opportunities Fund II Shares of Beneficial Interest,NYSE,USA,,,nasdaq_trader_otherlisted,,COMMON_STOCK,IN_SCOPE
5160,non_blocking_equity_context,fund,Common stock / ordinary share context.,,SBI,Western Asset Intermediate Muni Fund Inc Common Stock,NYSE,USA,,,nasdaq_trader_otherlisted,,COMMON_STOCK,IN_SCOPE
5168,non_blocking_equity_context,fund,Common stock / ordinary share context.,,SCD,LMP Capital and Income Fund Inc. Common Stock,NYSE,USA,,,nasdaq_trader_otherlisted,,COMMON_STOCK,IN_SCOPE
5179,non_blocking_equity_context,fund,Common stock / ordinary share context.,,SDHY,PGIM Short Duration High Yield Opportunities Fund Common Shares,NYSE,USA,,,nasdaq_trader_otherlisted,,COMMON_STOCK,IN_SCOPE
5253,non_blocking_equity_context,fund,Common stock / ordinary share context.,,SPE,"Special Opportunities Fund, Inc Common Stock",NYSE,USA,,,nasdaq_trader_otherlisted,,COMMON_STOCK,IN_SCOPE
5264,non_blocking_equity_context,fund,Common stock / ordinary share context.,,SPXX,Nuveen S&P 500 Dynamic Overwrite Fund,NYSE,USA,,,nasdaq_trader_otherlisted,,COMMON_STOCK,IN_SCOPE
5272,non_blocking_equity_context,fund,Common stock / ordinary share context.,,SRV,NXG Cushing Midstream Energy Fund Common Shares of Beneficial Interest,NYSE,USA,,,nasdaq_trader_otherlisted,,COMMON_STOCK,IN_SCOPE
5284,non_blocking_equity_context,fund,Common stock / ordinary share context.,,STEW,"SRH Total Return Fund, Inc. Common Stock",NYSE,USA,,,nasdaq_trader_otherlisted,,COMMON_STOCK,IN_SCOPE
5285,non_blocking_equity_context,fund,Common stock / ordinary share context.,,STK,Columbia Seligman Premium Technology Growth Fund Inc,NYSE,USA,,,nasdaq_trader_otherlisted,,COMMON_STOCK,IN_SCOPE
5305,non_blocking_equity_context,fund,Common stock / ordinary share context.,,SWZ,Total Return Securities Fund Common Stock,NYSE,USA,,,nasdaq_trader_otherlisted,,COMMON_STOCK,IN_SCOPE
5326,non_blocking_equity_context,fund,Common stock / ordinary share context.,,TDF,"Templeton Dragon Fund, Inc. Common Stock",NYSE,USA,,,nasdaq_trader_otherlisted,,COMMON_STOCK,IN_SCOPE
5334,non_blocking_equity_context,fund,Common stock / ordinary share context.,,TEI,"Templeton Emerging Markets Income Fund, Inc. Common Stock",NYSE,USA,,,nasdaq_trader_otherlisted,,COMMON_STOCK,IN_SCOPE
5355,non_blocking_equity_context,fund,Common stock / ordinary share context.,,THQ,abrdn Healthcare Opportunities Fund Shares of Beneficial Interest,NYSE,USA,,,nasdaq_trader_otherlisted,,COMMON_STOCK,IN_SCOPE
5356,non_blocking_equity_context,fund,Common stock / ordinary share context.,,THW,abrdn World Healthcare Fund Shares of Beneficial Interest,NYSE,USA,,,nasdaq_trader_otherlisted,,COMMON_STOCK,IN_SCOPE
5412,non_blocking_equity_context,fund,Common stock / ordinary share context.,,TSI,"TCW Strategic Income Fund, Inc. Common Stock",NYSE,USA,,,nasdaq_trader_otherlisted,,COMMON_STOCK,IN_SCOPE
5428,non_blocking_equity_context,fund,Common stock / ordinary share context.,,TWN,"Taiwan Fund, Inc. (The) Common Stock",NYSE,USA,,,nasdaq_trader_otherlisted,,COMMON_STOCK,IN_SCOPE
5469,non_blocking_equity_context,fund,Common stock / ordinary share context.,,USA,Liberty All-Star Equity Fund Common Stock,NYSE,USA,,,nasdaq_trader_otherlisted,,COMMON_STOCK,IN_SCOPE
5476,non_blocking_equity_context,fund,Common stock / ordinary share context.,,UTF,"Cohen & Steers Infrastructure Fund, Inc Common Stock",NYSE,USA,,,nasdaq_trader_otherlisted,,COMMON_STOCK,IN_SCOPE
5477,non_blocking_equity_context,fund,Common stock / ordinary share context.,,UTG,Reaves Utility Income Fund Common Shares of Beneficial Interest,NYSE American,USA,,,nasdaq_trader_otherlisted,,COMMON_STOCK,IN_SCOPE
5492,non_blocking_equity_context,fund,Common stock / ordinary share context.,,VCX,"Fundrise Innovation Fund, LLC Common Shares of Limited Liability Company Interests",NYSE,USA,,,nasdaq_trader_otherlisted,,COMMON_STOCK,IN_SCOPE
5499,non_blocking_equity_context,fund,Common stock / ordinary share context.,,VFL,abrdn National Municipal Income Fund Common Stock,NYSE American,USA,,,nasdaq_trader_otherlisted,,COMMON_STOCK,IN_SCOPE
5501,non_blocking_equity_context,fund,Common stock / ordinary share context.,,VGI,Virtus Global Multi-Sector Income Fund Common Shares of Beneficial Interest,NYSE,USA,,,nasdaq_trader_otherlisted,,COMMON_STOCK,IN_SCOPE
5558,non_blocking_equity_context,fund,Common stock / ordinary share context.,,WDI,Western Asset Diversified Income Fund Common Shares of Beneficial Interest,NYSE,USA,,,nasdaq_trader_otherlisted,,COMMON_STOCK,IN_SCOPE
5572,non_blocking_equity_context,fund,Common stock / ordinary share context.,,WIA,Western Asset Inflation-Linked Income Fund,NYSE,USA,,,nasdaq_trader_otherlisted,,COMMON_STOCK,IN_SCOPE
5574,non_blocking_equity_context,fund,Common stock / ordinary share context.,,WIW,Western Asset Inflation-Linked Opportunities & Income Fund,NYSE,USA,,,nasdaq_trader_otherlisted,,COMMON_STOCK,IN_SCOPE
5591,residual_review_required,debenture,Potential non-common-equity or fund-like instrument needs review/exclusion policy before scoring.,,WRB$E,W.R. Berkley Corporation 5.70% Subordinated Debentures due 2058,NYSE,USA,,,nasdaq_trader_otherlisted,,COMMON_STOCK,IN_SCOPE
5592,residual_review_required,debenture,Potential non-common-equity or fund-like instrument needs review/exclusion policy before scoring.,,WRB$F,W.R. Berkley Corporation 5.10% Subordinated Debentures due 2059,NYSE,USA,,,nasdaq_trader_otherlisted,,COMMON_STOCK,IN_SCOPE
5593,residual_review_required,debenture,Potential non-common-equity or fund-like instrument needs review/exclusion policy before scoring.,,WRB$G,W.R. Berkley Corporation 4.25% Subordinated Debentures due 2060,NYSE,USA,,,nasdaq_trader_otherlisted,,COMMON_STOCK,IN_SCOPE
5594,residual_review_required,debenture,Potential non-common-equity or fund-like instrument needs review/exclusion policy before scoring.,,WRB$H,W.R. Berkley Corporation 4.125% Subordinated Debentures due 2061,NYSE,USA,,,nasdaq_trader_otherlisted,,COMMON_STOCK,IN_SCOPE
5646,non_blocking_equity_context,fund,Common stock / ordinary share context.,,ZTR,Virtus Total Return Fund Inc.,NYSE,USA,,,nasdaq_trader_otherlisted,,COMMON_STOCK,IN_SCOPE
5768,residual_review_required,fund,Potential non-common-equity or fund-like instrument needs review/exclusion policy before scoring.,,UTG,REAVES UTILITY INCOME FUND,NYSE,USA,,,sec_company_tickers_exchange,,UNKNOWN_PENDING_CLASSIFICATION,UNKNOWN_PENDING_CLASSIFICATION
5782,residual_review_required,fund;preferred_or_preference,Potential non-common-equity or fund-like instrument needs review/exclusion policy before scoring.,,JPC,Nuveen Preferred & Income Opportunities Fund,NYSE,USA,,,sec_company_tickers_exchange,,UNKNOWN_PENDING_CLASSIFICATION,UNKNOWN_PENDING_CLASSIFICATION
5796,residual_review_required,fund,Potential non-common-equity or fund-like instrument needs review/exclusion policy before scoring.,,CLM,"Cornerstone Strategic Investment Fund, Inc.",NYSE,USA,,,sec_company_tickers_exchange,,UNKNOWN_PENDING_CLASSIFICATION,UNKNOWN_PENDING_CLASSIFICATION
5831,residual_review_required,preferred_or_preference,Potential non-common-equity or fund-like instrument needs review/exclusion policy before scoring.,,PFBC,Preferred Bank,NASDAQ,USA,,,sec_company_tickers_exchange,,UNKNOWN_PENDING_CLASSIFICATION,UNKNOWN_PENDING_CLASSIFICATION
5839,residual_review_required,fund,Potential non-common-equity or fund-like instrument needs review/exclusion policy before scoring.,,CRF,CORNERSTONE TOTAL RETURN FUND INC,NYSE,USA,,,sec_company_tickers_exchange,,UNKNOWN_PENDING_CLASSIFICATION,UNKNOWN_PENDING_CLASSIFICATION
5846,residual_review_required,fund;preferred_or_preference,Potential non-common-equity or fund-like instrument needs review/exclusion policy before scoring.,,FPF,First Trust Intermediate Duration Preferred & Income Fund,NYSE,USA,,,sec_company_tickers_exchange,,UNKNOWN_PENDING_CLASSIFICATION,UNKNOWN_PENDING_CLASSIFICATION
5847,residual_review_required,fund,Potential non-common-equity or fund-like instrument needs review/exclusion policy before scoring.,,EVV,Eaton Vance Ltd Duration Income Fund,NYSE,USA,,,sec_company_tickers_exchange,,UNKNOWN_PENDING_CLASSIFICATION,UNKNOWN_PENDING_CLASSIFICATION
5848,residual_review_required,fund;preferred_or_preference,Potential non-common-equity or fund-like instrument needs review/exclusion policy before scoring.,,PTA,Cohen & Steers Tax-Advantaged Preferred Securities & Income Fund,NYSE,USA,,,sec_company_tickers_exchange,,UNKNOWN_PENDING_CLASSIFICATION,UNKNOWN_PENDING_CLASSIFICATION
5856,residual_review_required,bond,Potential non-common-equity or fund-like instrument needs review/exclusion policy before scoring.,,BBN,BlackRock Taxable Municipal Bond Trust,NYSE,USA,,,sec_company_tickers_exchange,,UNKNOWN_PENDING_CLASSIFICATION,UNKNOWN_PENDING_CLASSIFICATION
5857,residual_review_required,fund;preferred_or_preference,Potential non-common-equity or fund-like instrument needs review/exclusion policy before scoring.,,RNP,COHEN & STEERS REIT & PREFERRED & INCOME FUND INC,NYSE,USA,,,sec_company_tickers_exchange,,UNKNOWN_PENDING_CLASSIFICATION,UNKNOWN_PENDING_CLASSIFICATION
5872,residual_review_required,fund;preferred_or_preference,Potential non-common-equity or fund-like instrument needs review/exclusion policy before scoring.,,FFC,Flaherty & Crumrine PREFERRED & INCOME SECURITIES FUND INC,NYSE,USA,,,sec_company_tickers_exchange,,UNKNOWN_PENDING_CLASSIFICATION,UNKNOWN_PENDING_CLASSIFICATION
5886,residual_review_required,bond,Potential non-common-equity or fund-like instrument needs review/exclusion policy before scoring.,,BHK,BLACKROCK CORE BOND TRUST,NYSE,USA,,,sec_company_tickers_exchange,,UNKNOWN_PENDING_CLASSIFICATION,UNKNOWN_PENDING_CLASSIFICATION
5893,residual_review_required,fund;preferred_or_preference,Potential non-common-equity or fund-like instrument needs review/exclusion policy before scoring.,,LDP,"Cohen & Steers Ltd Duration Preferred & Income Fund, Inc.",NYSE,USA,,,sec_company_tickers_exchange,,UNKNOWN_PENDING_CLASSIFICATION,UNKNOWN_PENDING_CLASSIFICATION
5896,residual_review_required,fund,Potential non-common-equity or fund-like instrument needs review/exclusion policy before scoring.,,FAX,"ABRDN ASIA-PACIFIC INCOME FUND, INC.",NYSE,USA,,,sec_company_tickers_exchange,,UNKNOWN_PENDING_CLASSIFICATION,UNKNOWN_PENDING_CLASSIFICATION
5898,residual_review_required,fund,Potential non-common-equity or fund-like instrument needs review/exclusion policy before scoring.,,NML,Neuberger Energy Infrastructure & Income Fund Inc.,NYSE,USA,,,sec_company_tickers_exchange,,UNKNOWN_PENDING_CLASSIFICATION,UNKNOWN_PENDING_CLASSIFICATION
5909,residual_review_required,fund;bond,Potential non-common-equity or fund-like instrument needs review/exclusion policy before scoring.,,EIM,Eaton Vance Municipal Bond Fund,NYSE,USA,,,sec_company_tickers_exchange,,UNKNOWN_PENDING_CLASSIFICATION,UNKNOWN_PENDING_CLASSIFICATION
5914,residual_review_required,fund;preferred_or_preference,Potential non-common-equity or fund-like instrument needs review/exclusion policy before scoring.,,HPS,JOHN HANCOCK PREFERRED INCOME FUND III,NYSE,USA,,,sec_company_tickers_exchange,,UNKNOWN_PENDING_CLASSIFICATION,UNKNOWN_PENDING_CLASSIFICATION
5916,residual_review_required,fund;preferred_or_preference,Potential non-common-equity or fund-like instrument needs review/exclusion policy before scoring.,,NPFD,Nuveen Variable Rate Preferred & Income Fund,NYSE,USA,,,sec_company_tickers_exchange,,UNKNOWN_PENDING_CLASSIFICATION,UNKNOWN_PENDING_CLASSIFICATION
5920,residual_review_required,fund;preferred_or_preference,Potential non-common-equity or fund-like instrument needs review/exclusion policy before scoring.,,HPI,JOHN HANCOCK PREFERRED INCOME FUND,NYSE,USA,,,sec_company_tickers_exchange,,UNKNOWN_PENDING_CLASSIFICATION,UNKNOWN_PENDING_CLASSIFICATION
5922,residual_review_required,fund;bond,Potential non-common-equity or fund-like instrument needs review/exclusion policy before scoring.,,ISD,"PGIM High Yield Bond Fund, Inc.",NYSE,USA,,,sec_company_tickers_exchange,,UNKNOWN_PENDING_CLASSIFICATION,UNKNOWN_PENDING_CLASSIFICATION
5924,residual_review_required,fund;preferred_or_preference,Potential non-common-equity or fund-like instrument needs review/exclusion policy before scoring.,,DFP,Flaherty & Crumrine Dynamic Preferred & Income Fund Inc,NYSE,USA,,,sec_company_tickers_exchange,,UNKNOWN_PENDING_CLASSIFICATION,UNKNOWN_PENDING_CLASSIFICATION
5930,residual_review_required,bond,Potential non-common-equity or fund-like instrument needs review/exclusion policy before scoring.,,GBAB,Guggenheim Taxable Municipal Bond & Investment Grade Debt Trust,NYSE,USA,,,sec_company_tickers_exchange,,UNKNOWN_PENDING_CLASSIFICATION,UNKNOWN_PENDING_CLASSIFICATION
5933,residual_review_required,fund,Potential non-common-equity or fund-like instrument needs review/exclusion policy before scoring.,,EAD,ALLSPRING INCOME OPPORTUNITIES FUND,NYSE,USA,,,sec_company_tickers_exchange,,UNKNOWN_PENDING_CLASSIFICATION,UNKNOWN_PENDING_CLASSIFICATION
5936,residual_review_required,fund,Potential non-common-equity or fund-like instrument needs review/exclusion policy before scoring.,,AEF,"abrdn Emerging Markets ex-China Fund, Inc.",NYSE,USA,,,sec_company_tickers_exchange,,UNKNOWN_PENDING_CLASSIFICATION,UNKNOWN_PENDING_CLASSIFICATION
5943,residual_review_required,fund;preferred_or_preference,Potential non-common-equity or fund-like instrument needs review/exclusion policy before scoring.,,HPF,JOHN HANCOCK PREFERRED INCOME FUND II,NYSE,USA,,,sec_company_tickers_exchange,,UNKNOWN_PENDING_CLASSIFICATION,UNKNOWN_PENDING_CLASSIFICATION
5954,residual_review_required,fund,Potential non-common-equity or fund-like instrument needs review/exclusion policy before scoring.,,NBH,NEUBERGER MUNICIPAL FUND INC.,NYSE,USA,,,sec_company_tickers_exchange,,UNKNOWN_PENDING_CLASSIFICATION,UNKNOWN_PENDING_CLASSIFICATION
5959,residual_review_required,fund;bond,Potential non-common-equity or fund-like instrument needs review/exclusion policy before scoring.,,DSM,"BNY MELLON STRATEGIC MUNICIPAL BOND FUND, INC.",NYSE,USA,,,sec_company_tickers_exchange,,UNKNOWN_PENDING_CLASSIFICATION,UNKNOWN_PENDING_CLASSIFICATION
5969,residual_review_required,fund,Potential non-common-equity or fund-like instrument needs review/exclusion policy before scoring.,,GLO,Clough Global Opportunities Fund,NYSE,USA,,,sec_company_tickers_exchange,,UNKNOWN_PENDING_CLASSIFICATION,UNKNOWN_PENDING_CLASSIFICATION
5971,residual_review_required,fund,Potential non-common-equity or fund-like instrument needs review/exclusion policy before scoring.,,ERC,ALLSPRING MULTI-SECTOR INCOME FUND,NYSE,USA,,,sec_company_tickers_exchange,,UNKNOWN_PENDING_CLASSIFICATION,UNKNOWN_PENDING_CLASSIFICATION
5972,residual_review_required,fund,Potential non-common-equity or fund-like instrument needs review/exclusion policy before scoring.,,DHY,CREDIT SUISSE HIGH YIELD CREDIT FUND,NYSE,USA,,,sec_company_tickers_exchange,,UNKNOWN_PENDING_CLASSIFICATION,UNKNOWN_PENDING_CLASSIFICATION
5974,residual_review_required,fund;preferred_or_preference,Potential non-common-equity or fund-like instrument needs review/exclusion policy before scoring.,,PSF,"Cohen & Steers Select Preferred & Income Fund, Inc.",NYSE,USA,,,sec_company_tickers_exchange,,UNKNOWN_PENDING_CLASSIFICATION,UNKNOWN_PENDING_CLASSIFICATION
5984,residual_review_required,fund;bond,Potential non-common-equity or fund-like instrument needs review/exclusion policy before scoring.,,DMB,"BNY Mellon Municipal Bond Infrastructure Fund, Inc.",NYSE,USA,,,sec_company_tickers_exchange,,UNKNOWN_PENDING_CLASSIFICATION,UNKNOWN_PENDING_CLASSIFICATION
5992,residual_review_required,fund,Potential non-common-equity or fund-like instrument needs review/exclusion policy before scoring.,,NHS,Neuberger High Yield Strategies Fund Inc.,NYSE,USA,,,sec_company_tickers_exchange,,UNKNOWN_PENDING_CLASSIFICATION,UNKNOWN_PENDING_CLASSIFICATION
5994,residual_review_required,fund,Potential non-common-equity or fund-like instrument needs review/exclusion policy before scoring.,,NRO,NEUBERGER REAL ESTATE SECURITIES INCOME FUND INC,NYSE,USA,,,sec_company_tickers_exchange,,UNKNOWN_PENDING_CLASSIFICATION,UNKNOWN_PENDING_CLASSIFICATION
6005,residual_review_required,fund,Potential non-common-equity or fund-like instrument needs review/exclusion policy before scoring.,,ECF,ELLSWORTH GROWTH & INCOME FUND LTD,NYSE,USA,,,sec_company_tickers_exchange,,UNKNOWN_PENDING_CLASSIFICATION,UNKNOWN_PENDING_CLASSIFICATION
6010,residual_review_required,fund;bond,Potential non-common-equity or fund-like instrument needs review/exclusion policy before scoring.,,VBF,Invesco Bond Fund,NYSE,USA,,,sec_company_tickers_exchange,,UNKNOWN_PENDING_CLASSIFICATION,UNKNOWN_PENDING_CLASSIFICATION
6015,residual_review_required,fund,Potential non-common-equity or fund-like instrument needs review/exclusion policy before scoring.,,GLQ,Clough Global Equity Fund,NYSE,USA,,,sec_company_tickers_exchange,,UNKNOWN_PENDING_CLASSIFICATION,UNKNOWN_PENDING_CLASSIFICATION
6024,residual_review_required,fund;preferred_or_preference,Potential non-common-equity or fund-like instrument needs review/exclusion policy before scoring.,,PFD,FLAHERTY & CRUMRINE PREFERRED & INCOME FUND INC,NYSE,USA,,,sec_company_tickers_exchange,,UNKNOWN_PENDING_CLASSIFICATION,UNKNOWN_PENDING_CLASSIFICATION
6029,residual_review_required,fund,Potential non-common-equity or fund-like instrument needs review/exclusion policy before scoring.,,BCV,BANCROFT FUND LTD,NYSE,USA,,,sec_company_tickers_exchange,,UNKNOWN_PENDING_CLASSIFICATION,UNKNOWN_PENDING_CLASSIFICATION
6035,residual_review_required,fund,Potential non-common-equity or fund-like instrument needs review/exclusion policy before scoring.,,CIK,"CREDIT SUISSE ASSET MANAGEMENT INCOME FUND, INC.",NYSE,USA,,,sec_company_tickers_exchange,,UNKNOWN_PENDING_CLASSIFICATION,UNKNOWN_PENDING_CLASSIFICATION
6038,residual_review_required,fund,Potential non-common-equity or fund-like instrument needs review/exclusion policy before scoring.,,VFL,abrdn National Municipal Income Fund,NYSE,USA,,,sec_company_tickers_exchange,,UNKNOWN_PENDING_CLASSIFICATION,UNKNOWN_PENDING_CLASSIFICATION
6041,residual_review_required,fund;bond,Potential non-common-equity or fund-like instrument needs review/exclusion policy before scoring.,,WEA,WESTERN ASSET PREMIER BOND FUND,NYSE,USA,,,sec_company_tickers_exchange,,UNKNOWN_PENDING_CLASSIFICATION,UNKNOWN_PENDING_CLASSIFICATION
6045,residual_review_required,fund;preferred_or_preference,Potential non-common-equity or fund-like instrument needs review/exclusion policy before scoring.,,PFO,Flaherty & Crumrine PREFERRED & INCOME OPPORTUNITY FUND INC,NYSE,USA,,,sec_company_tickers_exchange,,UNKNOWN_PENDING_CLASSIFICATION,UNKNOWN_PENDING_CLASSIFICATION
6046,residual_review_required,fund,Potential non-common-equity or fund-like instrument needs review/exclusion policy before scoring.,,IAF,"ABRDN AUSTRALIA EQUITY FUND, INC.",NYSE,USA,,,sec_company_tickers_exchange,,UNKNOWN_PENDING_CLASSIFICATION,UNKNOWN_PENDING_CLASSIFICATION
6056,residual_review_required,fund,Potential non-common-equity or fund-like instrument needs review/exclusion policy before scoring.,,ERH,ALLSPRING UTILITIES & HIGH INCOME FUND,NYSE,USA,,,sec_company_tickers_exchange,,UNKNOWN_PENDING_CLASSIFICATION,UNKNOWN_PENDING_CLASSIFICATION
6070,residual_review_required,fund,Potential non-common-equity or fund-like instrument needs review/exclusion policy before scoring.,,GLV,Clough Global Dividend & Income Fund,NYSE,USA,,,sec_company_tickers_exchange,,UNKNOWN_PENDING_CLASSIFICATION,UNKNOWN_PENDING_CLASSIFICATION
6133,residual_review_required,fund,Potential non-common-equity or fund-like instrument needs review/exclusion policy before scoring.,,GRF,"EAGLE CAPITAL GROWTH FUND, INC.",NYSE,USA,,,sec_company_tickers_exchange,,UNKNOWN_PENDING_CLASSIFICATION,UNKNOWN_PENDING_CLASSIFICATION
6175,residual_review_required,fund,Potential non-common-equity or fund-like instrument needs review/exclusion policy before scoring.,,RCG,"RENN Fund, Inc.",NYSE,USA,,,sec_company_tickers_exchange,,UNKNOWN_PENDING_CLASSIFICATION,UNKNOWN_PENDING_CLASSIFICATION
6178,residual_review_required,bond,Potential non-common-equity or fund-like instrument needs review/exclusion policy before scoring.,,BHV,BLACKROCK VIRGINIA MUNICIPAL BOND TRUST,NYSE,USA,,,sec_company_tickers_exchange,,UNKNOWN_PENDING_CLASSIFICATION,UNKNOWN_PENDING_CLASSIFICATION
6193,residual_review_required,bond,Potential non-common-equity or fund-like instrument needs review/exclusion policy before scoring.,,OBAI,"Our Bond, Inc.",NASDAQ,USA,,,sec_company_tickers_exchange,,UNKNOWN_PENDING_CLASSIFICATION,UNKNOWN_PENDING_CLASSIFICATION
6282,residual_review_required,etf,Potential non-common-equity or fund-like instrument needs review/exclusion policy before scoring.,,SPY,SPDR S&P 500 ETF TRUST,NYSE,USA,,,sec_company_tickers_exchange,,UNKNOWN_PENDING_CLASSIFICATION,UNKNOWN_PENDING_CLASSIFICATION
6284,residual_review_required,etf,Potential non-common-equity or fund-like instrument needs review/exclusion policy before scoring.,,MDY,SPDR S&P MIDCAP 400 ETF TRUST,NYSE,USA,,,sec_company_tickers_exchange,,UNKNOWN_PENDING_CLASSIFICATION,UNKNOWN_PENDING_CLASSIFICATION
6285,residual_review_required,etf,Potential non-common-equity or fund-like instrument needs review/exclusion policy before scoring.,,DIA,SPDR DOW JONES INDUSTRIAL AVERAGE ETF TRUST,NYSE,USA,,,sec_company_tickers_exchange,,UNKNOWN_PENDING_CLASSIFICATION,UNKNOWN_PENDING_CLASSIFICATION
6291,residual_review_required,fund,Potential non-common-equity or fund-like instrument needs review/exclusion policy before scoring.,,USO,"United States Oil Fund, LP",NYSE,USA,,,sec_company_tickers_exchange,,UNKNOWN_PENDING_CLASSIFICATION,UNKNOWN_PENDING_CLASSIFICATION
6292,residual_review_required,fund,Potential non-common-equity or fund-like instrument needs review/exclusion policy before scoring.,,DBC,Invesco DB Commodity Index Tracking Fund,NYSE,USA,,,sec_company_tickers_exchange,,UNKNOWN_PENDING_CLASSIFICATION,UNKNOWN_PENDING_CLASSIFICATION
6302,residual_review_required,fund,Potential non-common-equity or fund-like instrument needs review/exclusion policy before scoring.,,UNG,"United States Natural Gas Fund, LP",NYSE,USA,,,sec_company_tickers_exchange,,UNKNOWN_PENDING_CLASSIFICATION,UNKNOWN_PENDING_CLASSIFICATION
6303,residual_review_required,fund,Potential non-common-equity or fund-like instrument needs review/exclusion policy before scoring.,,DBP,Invesco DB Precious Metals Fund,NYSE,USA,,,sec_company_tickers_exchange,,UNKNOWN_PENDING_CLASSIFICATION,UNKNOWN_PENDING_CLASSIFICATION
6304,residual_review_required,fund,Potential non-common-equity or fund-like instrument needs review/exclusion policy before scoring.,,DBO,Invesco DB Oil Fund,NYSE,USA,,,sec_company_tickers_exchange,,UNKNOWN_PENDING_CLASSIFICATION,UNKNOWN_PENDING_CLASSIFICATION
6305,residual_review_required,fund,Potential non-common-equity or fund-like instrument needs review/exclusion policy before scoring.,,DBE,Invesco DB Energy Fund,NYSE,USA,,,sec_company_tickers_exchange,,UNKNOWN_PENDING_CLASSIFICATION,UNKNOWN_PENDING_CLASSIFICATION
6306,residual_review_required,fund,Potential non-common-equity or fund-like instrument needs review/exclusion policy before scoring.,,DBA,INVESCO DB AGRICULTURE FUND,NYSE,USA,,,sec_company_tickers_exchange,,UNKNOWN_PENDING_CLASSIFICATION,UNKNOWN_PENDING_CLASSIFICATION
6307,residual_review_required,fund,Potential non-common-equity or fund-like instrument needs review/exclusion policy before scoring.,,DBB,INVESCO DB BASE METALS FUND,NYSE,USA,,,sec_company_tickers_exchange,,UNKNOWN_PENDING_CLASSIFICATION,UNKNOWN_PENDING_CLASSIFICATION
6308,residual_review_required,fund,Potential non-common-equity or fund-like instrument needs review/exclusion policy before scoring.,,UDN,INVESCO DB US DOLLAR INDEX BEARISH FUND,NYSE,USA,,,sec_company_tickers_exchange,,UNKNOWN_PENDING_CLASSIFICATION,UNKNOWN_PENDING_CLASSIFICATION
6309,residual_review_required,fund,Potential non-common-equity or fund-like instrument needs review/exclusion policy before scoring.,,UGA,"United States Gasoline Fund, LP",NYSE,USA,,,sec_company_tickers_exchange,,UNKNOWN_PENDING_CLASSIFICATION,UNKNOWN_PENDING_CLASSIFICATION
6311,residual_review_required,fund,Potential non-common-equity or fund-like instrument needs review/exclusion policy before scoring.,,UNL,"United States 12 Month Natural Gas Fund, LP",NYSE,USA,,,sec_company_tickers_exchange,,UNKNOWN_PENDING_CLASSIFICATION,UNKNOWN_PENDING_CLASSIFICATION
6312,residual_review_required,fund,Potential non-common-equity or fund-like instrument needs review/exclusion policy before scoring.,,USL,"United States 12 Month Oil Fund, LP",NYSE,USA,,,sec_company_tickers_exchange,,UNKNOWN_PENDING_CLASSIFICATION,UNKNOWN_PENDING_CLASSIFICATION
6315,residual_review_required,etf,Potential non-common-equity or fund-like instrument needs review/exclusion policy before scoring.,,SIVR,abrdn Silver ETF Trust,NYSE,USA,,,sec_company_tickers_exchange,,UNKNOWN_PENDING_CLASSIFICATION,UNKNOWN_PENDING_CLASSIFICATION
6316,residual_review_required,etf,Potential non-common-equity or fund-like instrument needs review/exclusion policy before scoring.,,SGOL,abrdn Gold ETF Trust,NYSE,USA,,,sec_company_tickers_exchange,,UNKNOWN_PENDING_CLASSIFICATION,UNKNOWN_PENDING_CLASSIFICATION
6317,residual_review_required,etf,Potential non-common-equity or fund-like instrument needs review/exclusion policy before scoring.,,PALL,abrdn Palladium ETF Trust,NYSE,USA,,,sec_company_tickers_exchange,,UNKNOWN_PENDING_CLASSIFICATION,UNKNOWN_PENDING_CLASSIFICATION
6318,residual_review_required,etf,Potential non-common-equity or fund-like instrument needs review/exclusion policy before scoring.,,PPLT,abrdn Platinum ETF Trust,NYSE,USA,,,sec_company_tickers_exchange,,UNKNOWN_PENDING_CLASSIFICATION,UNKNOWN_PENDING_CLASSIFICATION
6319,residual_review_required,fund,Potential non-common-equity or fund-like instrument needs review/exclusion policy before scoring.,,BNO,"United States Brent Oil Fund, LP",NYSE,USA,,,sec_company_tickers_exchange,,UNKNOWN_PENDING_CLASSIFICATION,UNKNOWN_PENDING_CLASSIFICATION
6320,residual_review_required,fund,Potential non-common-equity or fund-like instrument needs review/exclusion policy before scoring.,,USCI,United States Commodity Index Funds Trust,NYSE,USA,,,sec_company_tickers_exchange,,UNKNOWN_PENDING_CLASSIFICATION,UNKNOWN_PENDING_CLASSIFICATION
6321,residual_review_required,etf,Potential non-common-equity or fund-like instrument needs review/exclusion policy before scoring.,,GLTR,abrdn Precious Metals Basket ETF Trust,NYSE,USA,,,sec_company_tickers_exchange,,UNKNOWN_PENDING_CLASSIFICATION,UNKNOWN_PENDING_CLASSIFICATION
6324,residual_review_required,etf,Potential non-common-equity or fund-like instrument needs review/exclusion policy before scoring.,,OUNZ,VanEck Merk Gold ETF,NYSE,USA,,,sec_company_tickers_exchange,,UNKNOWN_PENDING_CLASSIFICATION,UNKNOWN_PENDING_CLASSIFICATION
6326,residual_review_required,etf,Potential non-common-equity or fund-like instrument needs review/exclusion policy before scoring.,,GBTC,Grayscale Bitcoin Trust ETF,NYSE,USA,,,sec_company_tickers_exchange,,UNKNOWN_PENDING_CLASSIFICATION,UNKNOWN_PENDING_CLASSIFICATION
6332,residual_review_required,etf,Potential non-common-equity or fund-like instrument needs review/exclusion policy before scoring.,,AAAU,Goldman Sachs Physical Gold ETF,CBOE,USA,,,sec_company_tickers_exchange,,UNKNOWN_PENDING_CLASSIFICATION,UNKNOWN_PENDING_CLASSIFICATION
6333,residual_review_required,etf,Potential non-common-equity or fund-like instrument needs review/exclusion policy before scoring.,,BITW,Bitwise 10 Crypto Index ETF,NYSE,USA,,,sec_company_tickers_exchange,,UNKNOWN_PENDING_CLASSIFICATION,UNKNOWN_PENDING_CLASSIFICATION
6334,residual_review_required,etf,Potential non-common-equity or fund-like instrument needs review/exclusion policy before scoring.,,ETHE,Grayscale Ethereum Staking ETF,NYSE,USA,,,sec_company_tickers_exchange,,UNKNOWN_PENDING_CLASSIFICATION,UNKNOWN_PENDING_CLASSIFICATION
6335,residual_review_required,etf,Potential non-common-equity or fund-like instrument needs review/exclusion policy before scoring.,,GDLC,Grayscale CoinDesk Crypto 5 ETF,NYSE,USA,,,sec_company_tickers_exchange,,UNKNOWN_PENDING_CLASSIFICATION,UNKNOWN_PENDING_CLASSIFICATION
6337,residual_review_required,etf,Potential non-common-equity or fund-like instrument needs review/exclusion policy before scoring.,,BITB,Bitwise Bitcoin ETF,NYSE,USA,,,sec_company_tickers_exchange,,UNKNOWN_PENDING_CLASSIFICATION,UNKNOWN_PENDING_CLASSIFICATION
6341,residual_review_required,etf,Potential non-common-equity or fund-like instrument needs review/exclusion policy before scoring.,,HODL,VanEck Bitcoin ETF,CBOE,USA,,,sec_company_tickers_exchange,,UNKNOWN_PENDING_CLASSIFICATION,UNKNOWN_PENDING_CLASSIFICATION
6342,residual_review_required,etf,Potential non-common-equity or fund-like instrument needs review/exclusion policy before scoring.,,BRRR,CoinShares Bitcoin ETF,NASDAQ,USA,,,sec_company_tickers_exchange,,UNKNOWN_PENDING_CLASSIFICATION,UNKNOWN_PENDING_CLASSIFICATION
6344,residual_review_required,fund,Potential non-common-equity or fund-like instrument needs review/exclusion policy before scoring.,,BTCW,WisdomTree Bitcoin Fund,CBOE,USA,,,sec_company_tickers_exchange,,UNKNOWN_PENDING_CLASSIFICATION,UNKNOWN_PENDING_CLASSIFICATION
6345,residual_review_required,etf,Potential non-common-equity or fund-like instrument needs review/exclusion policy before scoring.,,GLNK,Grayscale Chainlink Trust ETF,NYSE,USA,,,sec_company_tickers_exchange,,UNKNOWN_PENDING_CLASSIFICATION,UNKNOWN_PENDING_CLASSIFICATION
6346,residual_review_required,fund,Potential non-common-equity or fund-like instrument needs review/exclusion policy before scoring.,,FBTC,Fidelity Wise Origin Bitcoin Fund,CBOE,USA,,,sec_company_tickers_exchange,,UNKNOWN_PENDING_CLASSIFICATION,UNKNOWN_PENDING_CLASSIFICATION
6347,residual_review_required,etf,Potential non-common-equity or fund-like instrument needs review/exclusion policy before scoring.,,BTCO,Invesco Galaxy Bitcoin ETF,CBOE,USA,,,sec_company_tickers_exchange,,UNKNOWN_PENDING_CLASSIFICATION,UNKNOWN_PENDING_CLASSIFICATION
6349,residual_review_required,etf,Potential non-common-equity or fund-like instrument needs review/exclusion policy before scoring.,,ETHV,VanEck Ethereum ETF,CBOE,USA,,,sec_company_tickers_exchange,,UNKNOWN_PENDING_CLASSIFICATION,UNKNOWN_PENDING_CLASSIFICATION
6350,residual_review_required,etf,Potential non-common-equity or fund-like instrument needs review/exclusion policy before scoring.,,ARKB,Ark 21Shares Bitcoin ETF,CBOE,USA,,,sec_company_tickers_exchange,,UNKNOWN_PENDING_CLASSIFICATION,UNKNOWN_PENDING_CLASSIFICATION
6351,residual_review_required,fund,Potential non-common-equity or fund-like instrument needs review/exclusion policy before scoring.,,EIIA,Eagle Point Institutional Income Fund,NYSE,USA,,,sec_company_tickers_exchange,,UNKNOWN_PENDING_CLASSIFICATION,UNKNOWN_PENDING_CLASSIFICATION
6352,residual_review_required,etf,Potential non-common-equity or fund-like instrument needs review/exclusion policy before scoring.,,GSOL,Grayscale Solana Staking ETF,NYSE,USA,,,sec_company_tickers_exchange,,UNKNOWN_PENDING_CLASSIFICATION,UNKNOWN_PENDING_CLASSIFICATION
6356,residual_review_required,etf,Potential non-common-equity or fund-like instrument needs review/exclusion policy before scoring.,,IBIT,iShares Bitcoin Trust ETF,NASDAQ,USA,,,sec_company_tickers_exchange,,UNKNOWN_PENDING_CLASSIFICATION,UNKNOWN_PENDING_CLASSIFICATION
6358,residual_review_required,etf,Potential non-common-equity or fund-like instrument needs review/exclusion policy before scoring.,,TETH,21Shares Ethereum ETF,CBOE,USA,,,sec_company_tickers_exchange,,UNKNOWN_PENDING_CLASSIFICATION,UNKNOWN_PENDING_CLASSIFICATION
6360,residual_review_required,etf,Potential non-common-equity or fund-like instrument needs review/exclusion policy before scoring.,,QETH,Invesco Galaxy Ethereum ETF,CBOE,USA,,,sec_company_tickers_exchange,,UNKNOWN_PENDING_CLASSIFICATION,UNKNOWN_PENDING_CLASSIFICATION
6361,residual_review_required,fund,Potential non-common-equity or fund-like instrument needs review/exclusion policy before scoring.,,FETH,Fidelity Ethereum Fund,CBOE,USA,,,sec_company_tickers_exchange,,UNKNOWN_PENDING_CLASSIFICATION,UNKNOWN_PENDING_CLASSIFICATION
6362,residual_review_required,etf,Potential non-common-equity or fund-like instrument needs review/exclusion policy before scoring.,,ETHA,iShares Ethereum Trust ETF,NASDAQ,USA,,,sec_company_tickers_exchange,,UNKNOWN_PENDING_CLASSIFICATION,UNKNOWN_PENDING_CLASSIFICATION
6364,residual_review_required,etf,Potential non-common-equity or fund-like instrument needs review/exclusion policy before scoring.,,ETHW,Bitwise Ethereum ETF,NYSE,USA,,,sec_company_tickers_exchange,,UNKNOWN_PENDING_CLASSIFICATION,UNKNOWN_PENDING_CLASSIFICATION
6365,residual_review_required,etf,Potential non-common-equity or fund-like instrument needs review/exclusion policy before scoring.,,BTC,Grayscale Bitcoin Mini Trust ETF,NYSE,USA,,,sec_company_tickers_exchange,,UNKNOWN_PENDING_CLASSIFICATION,UNKNOWN_PENDING_CLASSIFICATION
6366,residual_review_required,etf,Potential non-common-equity or fund-like instrument needs review/exclusion policy before scoring.,,ETH,Grayscale Ethereum Staking Mini ETF,NYSE,USA,,,sec_company_tickers_exchange,,UNKNOWN_PENDING_CLASSIFICATION,UNKNOWN_PENDING_CLASSIFICATION
6367,residual_review_required,etf,Potential non-common-equity or fund-like instrument needs review/exclusion policy before scoring.,,VSOL,VanEck Solana ETF,NASDAQ,USA,,,sec_company_tickers_exchange,,UNKNOWN_PENDING_CLASSIFICATION,UNKNOWN_PENDING_CLASSIFICATION
6368,residual_review_required,etf,Potential non-common-equity or fund-like instrument needs review/exclusion policy before scoring.,,TSOL,21Shares Solana ETF,CBOE,USA,,,sec_company_tickers_exchange,,UNKNOWN_PENDING_CLASSIFICATION,UNKNOWN_PENDING_CLASSIFICATION
6369,residual_review_required,etf,Potential non-common-equity or fund-like instrument needs review/exclusion policy before scoring.,,TOXR,21Shares XRP ETF,CBOE,USA,,,sec_company_tickers_exchange,,UNKNOWN_PENDING_CLASSIFICATION,UNKNOWN_PENDING_CLASSIFICATION
6370,residual_review_required,etf,Potential non-common-equity or fund-like instrument needs review/exclusion policy before scoring.,,NCIQ,Hashdex Nasdaq CME Crypto Index ETF,NASDAQ,USA,,,sec_company_tickers_exchange,,UNKNOWN_PENDING_CLASSIFICATION,UNKNOWN_PENDING_CLASSIFICATION
6372,residual_review_required,etf,Potential non-common-equity or fund-like instrument needs review/exclusion policy before scoring.,,GSUI,Grayscale Sui Staking ETF,NYSE,USA,,,sec_company_tickers_exchange,,UNKNOWN_PENDING_CLASSIFICATION,UNKNOWN_PENDING_CLASSIFICATION
6373,residual_review_required,etf,Potential non-common-equity or fund-like instrument needs review/exclusion policy before scoring.,,GAVA,Grayscale Avalanche Staking ETF,NASDAQ,USA,,,sec_company_tickers_exchange,,UNKNOWN_PENDING_CLASSIFICATION,UNKNOWN_PENDING_CLASSIFICATION
6374,residual_review_required,etf,Potential non-common-equity or fund-like instrument needs review/exclusion policy before scoring.,,GXRP,Grayscale XRP Trust ETF,NYSE,USA,,,sec_company_tickers_exchange,,UNKNOWN_PENDING_CLASSIFICATION,UNKNOWN_PENDING_CLASSIFICATION
6375,residual_review_required,etf,Potential non-common-equity or fund-like instrument needs review/exclusion policy before scoring.,,XRP,Bitwise XRP ETF,NYSE,USA,,,sec_company_tickers_exchange,,UNKNOWN_PENDING_CLASSIFICATION,UNKNOWN_PENDING_CLASSIFICATION
6376,residual_review_required,etf,Potential non-common-equity or fund-like instrument needs review/exclusion policy before scoring.,,SOLC,Canary Marinade Solana ETF,NASDAQ,USA,,,sec_company_tickers_exchange,,UNKNOWN_PENDING_CLASSIFICATION,UNKNOWN_PENDING_CLASSIFICATION
6377,residual_review_required,etf,Potential non-common-equity or fund-like instrument needs review/exclusion policy before scoring.,,BSOL,Bitwise Solana Staking ETF,NYSE,USA,,,sec_company_tickers_exchange,,UNKNOWN_PENDING_CLASSIFICATION,UNKNOWN_PENDING_CLASSIFICATION
6378,residual_review_required,etf,Potential non-common-equity or fund-like instrument needs review/exclusion policy before scoring.,,BWOW,Bitwise Dogecoin ETF,NYSE,USA,,,sec_company_tickers_exchange,,UNKNOWN_PENDING_CLASSIFICATION,UNKNOWN_PENDING_CLASSIFICATION
6379,residual_review_required,etf,Potential non-common-equity or fund-like instrument needs review/exclusion policy before scoring.,,GDOG,Grayscale Dogecoin Trust ETF,NYSE,USA,,,sec_company_tickers_exchange,,UNKNOWN_PENDING_CLASSIFICATION,UNKNOWN_PENDING_CLASSIFICATION
6382,residual_review_required,etf,Potential non-common-equity or fund-like instrument needs review/exclusion policy before scoring.,,SUIS,Canary Staked SUI ETF,NASDAQ,USA,,,sec_company_tickers_exchange,,UNKNOWN_PENDING_CLASSIFICATION,UNKNOWN_PENDING_CLASSIFICATION
6383,residual_review_required,etf,Potential non-common-equity or fund-like instrument needs review/exclusion policy before scoring.,,VAVX,VanEck Avalanche ETF,NASDAQ,USA,,,sec_company_tickers_exchange,,UNKNOWN_PENDING_CLASSIFICATION,UNKNOWN_PENDING_CLASSIFICATION
6384,residual_review_required,etf,Potential non-common-equity or fund-like instrument needs review/exclusion policy before scoring.,,TSUI,21Shares Sui ETF,NASDAQ,USA,,,sec_company_tickers_exchange,,UNKNOWN_PENDING_CLASSIFICATION,UNKNOWN_PENDING_CLASSIFICATION
6385,residual_review_required,fund,Potential non-common-equity or fund-like instrument needs review/exclusion policy before scoring.,,FSOL,Fidelity Solana Fund,NYSE,USA,,,sec_company_tickers_exchange,,UNKNOWN_PENDING_CLASSIFICATION,UNKNOWN_PENDING_CLASSIFICATION
6386,residual_review_required,etf,Potential non-common-equity or fund-like instrument needs review/exclusion policy before scoring.,,TDOG,21Shares Dogecoin ETF,NASDAQ,USA,,,sec_company_tickers_exchange,,UNKNOWN_PENDING_CLASSIFICATION,UNKNOWN_PENDING_CLASSIFICATION
6387,residual_review_required,etf,Potential non-common-equity or fund-like instrument needs review/exclusion policy before scoring.,,VBNB,VanEck BNB ETF,NASDAQ,USA,,,sec_company_tickers_exchange,,UNKNOWN_PENDING_CLASSIFICATION,UNKNOWN_PENDING_CLASSIFICATION
6388,residual_review_required,etf,Potential non-common-equity or fund-like instrument needs review/exclusion policy before scoring.,,QSOL,Invesco Galaxy Solana ETF,CBOE,USA,,,sec_company_tickers_exchange,,UNKNOWN_PENDING_CLASSIFICATION,UNKNOWN_PENDING_CLASSIFICATION
6389,residual_review_required,etf,Potential non-common-equity or fund-like instrument needs review/exclusion policy before scoring.,,CLNK,Bitwise Chainlink ETF,NYSE,USA,,,sec_company_tickers_exchange,,UNKNOWN_PENDING_CLASSIFICATION,UNKNOWN_PENDING_CLASSIFICATION
6390,residual_review_required,etf,Potential non-common-equity or fund-like instrument needs review/exclusion policy before scoring.,,BAVA,Bitwise Avalanche ETF,NYSE,USA,,,sec_company_tickers_exchange,,UNKNOWN_PENDING_CLASSIFICATION,UNKNOWN_PENDING_CLASSIFICATION
6391,residual_review_required,etf,Potential non-common-equity or fund-like instrument needs review/exclusion policy before scoring.,,BHYP,Bitwise Hyperliquid ETF,NYSE,USA,,,sec_company_tickers_exchange,,UNKNOWN_PENDING_CLASSIFICATION,UNKNOWN_PENDING_CLASSIFICATION
6392,residual_review_required,etf,Potential non-common-equity or fund-like instrument needs review/exclusion policy before scoring.,,BITA,iShares Bitcoin Premium Income ETF,NASDAQ,USA,,,sec_company_tickers_exchange,,UNKNOWN_PENDING_CLASSIFICATION,UNKNOWN_PENDING_CLASSIFICATION
6393,residual_review_required,etf,Potential non-common-equity or fund-like instrument needs review/exclusion policy before scoring.,,THYP,21Shares Hyperliquid ETF,NASDAQ,USA,,,sec_company_tickers_exchange,,UNKNOWN_PENDING_CLASSIFICATION,UNKNOWN_PENDING_CLASSIFICATION
6394,residual_review_required,etf,Potential non-common-equity or fund-like instrument needs review/exclusion policy before scoring.,,ETHB,iShares Staked Ethereum Trust ETF,NASDAQ,USA,,,sec_company_tickers_exchange,,UNKNOWN_PENDING_CLASSIFICATION,UNKNOWN_PENDING_CLASSIFICATION
6397,residual_review_required,etf,Potential non-common-equity or fund-like instrument needs review/exclusion policy before scoring.,,HYPG,Grayscale Hyperliquid Staking ETF,NASDAQ,USA,,,sec_company_tickers_exchange,,UNKNOWN_PENDING_CLASSIFICATION,UNKNOWN_PENDING_CLASSIFICATION
6514,residual_review_required,fund,Potential non-common-equity or fund-like instrument needs review/exclusion policy before scoring.,,NCZ-PA,Virtus Convertible & Income Fund II,NYSE,USA,,,sec_company_tickers_exchange,,UNKNOWN_PENDING_CLASSIFICATION,UNKNOWN_PENDING_CLASSIFICATION
6522,residual_review_required,fund,Potential non-common-equity or fund-like instrument needs review/exclusion policy before scoring.,,BCV-PA,BANCROFT FUND LTD,NYSE,USA,,,sec_company_tickers_exchange,,UNKNOWN_PENDING_CLASSIFICATION,UNKNOWN_PENDING_CLASSIFICATION
6666,residual_review_required,fund,Potential non-common-equity or fund-like instrument needs review/exclusion policy before scoring.,,ECF-PA,ELLSWORTH GROWTH & INCOME FUND LTD,NYSE,USA,,,sec_company_tickers_exchange,,UNKNOWN_PENDING_CLASSIFICATION,UNKNOWN_PENDING_CLASSIFICATION
6714,residual_review_required,fund,Potential non-common-equity or fund-like instrument needs review/exclusion policy before scoring.,,SPE-PC,"SPECIAL OPPORTUNITIES FUND, INC.",NYSE,USA,,,sec_company_tickers_exchange,,UNKNOWN_PENDING_CLASSIFICATION,UNKNOWN_PENDING_CLASSIFICATION
6843,residual_review_required,fund,Potential non-common-equity or fund-like instrument needs review/exclusion policy before scoring.,,RQI-RI,COHEN & STEERS QUALITY INCOME REALTY FUND INC,NYSE,USA,,,sec_company_tickers_exchange,,UNKNOWN_PENDING_CLASSIFICATION,UNKNOWN_PENDING_CLASSIFICATION
6853,residual_review_required,fund,Potential non-common-equity or fund-like instrument needs review/exclusion policy before scoring.,,NCV-PA,Virtus Convertible & Income Fund,NYSE,USA,,,sec_company_tickers_exchange,,UNKNOWN_PENDING_CLASSIFICATION,UNKNOWN_PENDING_CLASSIFICATION
7017,residual_review_required,fund,Potential non-common-equity or fund-like instrument needs review/exclusion policy before scoring.,,CPER,United States Commodity Index Funds Trust,NYSE,USA,,,sec_company_tickers_exchange,,UNKNOWN_PENDING_CLASSIFICATION,UNKNOWN_PENDING_CLASSIFICATION
7035,residual_review_required,fund,Potential non-common-equity or fund-like instrument needs review/exclusion policy before scoring.,,RIV-PA,"RIVERNORTH OPPORTUNITIES FUND, INC.",NYSE,USA,,,sec_company_tickers_exchange,,UNKNOWN_PENDING_CLASSIFICATION,UNKNOWN_PENDING_CLASSIFICATION
7037,residual_review_required,fund,Potential non-common-equity or fund-like instrument needs review/exclusion policy before scoring.,,ACP-PA,abrdn Income Credit Strategies Fund,NYSE,USA,,,sec_company_tickers_exchange,,UNKNOWN_PENDING_CLASSIFICATION,UNKNOWN_PENDING_CLASSIFICATION
7051,residual_review_required,fund,Potential non-common-equity or fund-like instrument needs review/exclusion policy before scoring.,,CCID,Carlyle Credit Income Fund,NYSE,USA,,,sec_company_tickers_exchange,,UNKNOWN_PENDING_CLASSIFICATION,UNKNOWN_PENDING_CLASSIFICATION
7078,residual_review_required,fund,Potential non-common-equity or fund-like instrument needs review/exclusion policy before scoring.,,PRIF-PD,"Priority Income Fund, Inc.",NYSE,USA,,,sec_company_tickers_exchange,,UNKNOWN_PENDING_CLASSIFICATION,UNKNOWN_PENDING_CLASSIFICATION
7079,residual_review_required,fund,Potential non-common-equity or fund-like instrument needs review/exclusion policy before scoring.,,PRIF-PK,"Priority Income Fund, Inc.",NYSE,USA,,,sec_company_tickers_exchange,,UNKNOWN_PENDING_CLASSIFICATION,UNKNOWN_PENDING_CLASSIFICATION
7080,residual_review_required,fund,Potential non-common-equity or fund-like instrument needs review/exclusion policy before scoring.,,PRIF-PL,"Priority Income Fund, Inc.",NYSE,USA,,,sec_company_tickers_exchange,,UNKNOWN_PENDING_CLASSIFICATION,UNKNOWN_PENDING_CLASSIFICATION
7159,residual_review_required,fund,Potential non-common-equity or fund-like instrument needs review/exclusion policy before scoring.,,OPP-PA,"RiverNorth/DoubleLine Strategic Opportunity Fund, Inc.",NYSE,USA,,,sec_company_tickers_exchange,,UNKNOWN_PENDING_CLASSIFICATION,UNKNOWN_PENDING_CLASSIFICATION
7160,residual_review_required,fund,Potential non-common-equity or fund-like instrument needs review/exclusion policy before scoring.,,OPP-PB,"RiverNorth/DoubleLine Strategic Opportunity Fund, Inc.",NYSE,USA,,,sec_company_tickers_exchange,,UNKNOWN_PENDING_CLASSIFICATION,UNKNOWN_PENDING_CLASSIFICATION
7161,residual_review_required,fund,Potential non-common-equity or fund-like instrument needs review/exclusion policy before scoring.,,OPP-PC,"RiverNorth/DoubleLine Strategic Opportunity Fund, Inc.",NYSE,USA,,,sec_company_tickers_exchange,,UNKNOWN_PENDING_CLASSIFICATION,UNKNOWN_PENDING_CLASSIFICATION
7179,residual_review_required,fund,Potential non-common-equity or fund-like instrument needs review/exclusion policy before scoring.,,HFRO-PA,HIGHLAND OPPORTUNITIES & INCOME FUND,NYSE,USA,,,sec_company_tickers_exchange,,UNKNOWN_PENDING_CLASSIFICATION,UNKNOWN_PENDING_CLASSIFICATION
7180,residual_review_required,fund,Potential non-common-equity or fund-like instrument needs review/exclusion policy before scoring.,,HFRO-PB,HIGHLAND OPPORTUNITIES & INCOME FUND,NYSE,USA,,,sec_company_tickers_exchange,,UNKNOWN_PENDING_CLASSIFICATION,UNKNOWN_PENDING_CLASSIFICATION
7376,residual_review_required,certificate,Potential non-common-equity or fund-like instrument needs review/exclusion policy before scoring.,,CDTTW,CDT Equity Inc.,NASDAQ,USA,,,sec_company_tickers_exchange,,UNKNOWN_PENDING_CLASSIFICATION,UNKNOWN_PENDING_CLASSIFICATION
9208,residual_review_required,etf;bond,Potential non-common-equity or fund-like instrument needs review/exclusion policy before scoring.,,020Yl,iShares EUR Govt Bond 20yr Target Duration UCITS ETF,CBOE_EUROPE,,,,cboe_europe_reference_data,,ETF,
9209,residual_review_required,etf;bond,Potential non-common-equity or fund-like instrument needs review/exclusion policy before scoring.,,0G71d,OSSIAM EURO GOVERNMENT BONDS 7-10Y,CBOE_EUROPE,,,,cboe_europe_reference_data,,ETF,
9212,residual_review_required,etf,Potential non-common-equity or fund-like instrument needs review/exclusion policy before scoring.,,0TPEl,iShares USD TIPS UCITS ETF,CBOE_EUROPE,,,,cboe_europe_reference_data,,ETF,
9213,residual_review_required,etf;bond,Potential non-common-equity or fund-like instrument needs review/exclusion policy before scoring.,,0UCFl,iShares EUR Corp Bond Financials UCITS ETF,CBOE_EUROPE,,,,cboe_europe_reference_data,,ETF,
9214,residual_review_required,etf,Potential non-common-equity or fund-like instrument needs review/exclusion policy before scoring.,,100EUm,UBS FTSE 100 UCITS ETF,CBOE_EUROPE,,,,cboe_europe_reference_data,,ETF,
9215,residual_review_required,etf,Potential non-common-equity or fund-like instrument needs review/exclusion policy before scoring.,,100GPz,UBS FTSE 100 UCITS ETF,CBOE_EUROPE,,,,cboe_europe_reference_data,,ETF,
9216,residual_review_required,etf,Potential non-common-equity or fund-like instrument needs review/exclusion policy before scoring.,,100GZz,UBS FTSE 100 UCITS ETF,CBOE_EUROPE,,,,cboe_europe_reference_data,,ETF,
9217,residual_review_required,etf,Potential non-common-equity or fund-like instrument needs review/exclusion policy before scoring.,,100Hp,Amundi Core FTSE 100 Swap UCITS ETF,CBOE_EUROPE,,,,cboe_europe_reference_data,,ETF,
9218,residual_review_required,etf,Potential non-common-equity or fund-like instrument needs review/exclusion policy before scoring.,,10AId,Amundi Core MSCI Europe UCITS ETF,CBOE_EUROPE,,,,cboe_europe_reference_data,,ETF,
9219,residual_review_required,etf,Potential non-common-equity or fund-like instrument needs review/exclusion policy before scoring.,,10AJd,Amundi FTSE EPRA NAREIT Global UCITS ETF,CBOE_EUROPE,,,,cboe_europe_reference_data,,ETF,
9220,residual_review_required,etf;bond,Potential non-common-equity or fund-like instrument needs review/exclusion policy before scoring.,,10ALd,Amundi Core Euro Government Bond UCITS ETF,CBOE_EUROPE,,,,cboe_europe_reference_data,,ETF,
9223,residual_review_required,etf;bond,Potential non-common-equity or fund-like instrument needs review/exclusion policy before scoring.,,18M1d,Amundi Euro Government Bond 0-6 M UCITS ETF,CBOE_EUROPE,,,,cboe_europe_reference_data,,ETF,
9224,residual_review_required,etf,Potential non-common-equity or fund-like instrument needs review/exclusion policy before scoring.,,18M2d,Amundi MSCI EMU High Dividend UCITS ETF,CBOE_EUROPE,,,,cboe_europe_reference_data,,ETF,
9225,residual_review_required,etf,Potential non-common-equity or fund-like instrument needs review/exclusion policy before scoring.,,18MFd,Amundi MSCI USA Daily (2x) Leveraged UCITS ETF,CBOE_EUROPE,,,,cboe_europe_reference_data,,ETF,
9226,residual_review_required,etf,Potential non-common-equity or fund-like instrument needs review/exclusion policy before scoring.,,18MKd,Amundi MSCI India Swap II UCITS ETF,CBOE_EUROPE,,,,cboe_europe_reference_data,,ETF,
9227,residual_review_required,etf,Potential non-common-equity or fund-like instrument needs review/exclusion policy before scoring.,,18MMd,Amundi MSCI Pacific Ex Japan SRI Climate Paris Aligned ETF,CBOE_EUROPE,,,,cboe_europe_reference_data,,ETF,
9228,residual_review_required,etf,Potential non-common-equity or fund-like instrument needs review/exclusion policy before scoring.,,18MNd,Amundi Msci Switzerland UCITS ETF,CBOE_EUROPE,,,,cboe_europe_reference_data,,ETF,
9272,residual_review_required,etf;bond,Potential non-common-equity or fund-like instrument needs review/exclusion policy before scoring.,,26TPm,iShares iBonds Dec 2026 Term EUR Italy Govt Bond UCITS ETF,CBOE_EUROPE,,,,cboe_europe_reference_data,,ETF,
9273,residual_review_required,etf;bond,Potential non-common-equity or fund-like instrument needs review/exclusion policy before scoring.,,28IYm,iShares iBonds Dec 2028 Term EUR Italy Govt Bond UCITS ETF,CBOE_EUROPE,,,,cboe_europe_reference_data,,ETF,
9274,residual_review_required,etf,Potential non-common-equity or fund-like instrument needs review/exclusion policy before scoring.,,29GAm,iShares iBonds Dec 2029 Term EUR Corp UCITS ETF,CBOE_EUROPE,,,,cboe_europe_reference_data,,ETF,
9275,residual_review_required,etf,Potential non-common-equity or fund-like instrument needs review/exclusion policy before scoring.,,29IDa,iShares iBonds Dec 2029 Term USD Corp UCITS ETF,CBOE_EUROPE,,,,cboe_europe_reference_data,,ETF,
9276,residual_review_required,etf,Potential non-common-equity or fund-like instrument needs review/exclusion policy before scoring.,,29ITa,iShares iBonds Dec 2029 Term USD Treasury UCITS ETF,CBOE_EUROPE,,,,cboe_europe_reference_data,,ETF,
9278,residual_review_required,etf,Potential non-common-equity or fund-like instrument needs review/exclusion policy before scoring.,,2B70d,iShares Nasdaq US Biotechnology UCITS ETF,CBOE_EUROPE,,,,cboe_europe_reference_data,,ETF,
9279,residual_review_required,etf,Potential non-common-equity or fund-like instrument needs review/exclusion policy before scoring.,,2B76d,iShares Automation & Robotics UCITS ETF,CBOE_EUROPE,,,,cboe_europe_reference_data,,ETF,
9280,residual_review_required,etf,Potential non-common-equity or fund-like instrument needs review/exclusion policy before scoring.,,2B78d,iShares Healthcare Innovation UCITS ETF,CBOE_EUROPE,,,,cboe_europe_reference_data,,ETF,
9281,residual_review_required,etf,Potential non-common-equity or fund-like instrument needs review/exclusion policy before scoring.,,2B79d,iShares Digitalisation UCITS ETF,CBOE_EUROPE,,,,cboe_europe_reference_data,,ETF,
9282,residual_review_required,etf,Potential non-common-equity or fund-like instrument needs review/exclusion policy before scoring.,,2B7Ad,iShares S&P 500 Utilities Sector UCITS ETF,CBOE_EUROPE,,,,cboe_europe_reference_data,,ETF,
9283,residual_review_required,etf,Potential non-common-equity or fund-like instrument needs review/exclusion policy before scoring.,,2B7Bd,iShares S&P 500 Materials Sector UCITS ETF,CBOE_EUROPE,,,,cboe_europe_reference_data,,ETF,
9284,residual_review_required,etf,Potential non-common-equity or fund-like instrument needs review/exclusion policy before scoring.,,2B7Cd,iShares S&P 500 Industrials Sector UCITS ETF,CBOE_EUROPE,,,,cboe_europe_reference_data,,ETF,
9285,residual_review_required,etf,Potential non-common-equity or fund-like instrument needs review/exclusion policy before scoring.,,2B7Jd,iShares MSCI World SRI UCITS ETF,CBOE_EUROPE,,,,cboe_europe_reference_data,,ETF,
9286,residual_review_required,etf,Potential non-common-equity or fund-like instrument needs review/exclusion policy before scoring.,,2B7Kd,iShares MSCI World SRI UCITS ETF,CBOE_EUROPE,,,,cboe_europe_reference_data,,ETF,
9287,residual_review_required,etf;bond,Potential non-common-equity or fund-like instrument needs review/exclusion policy before scoring.,,2B7Sd,iShares USD Treasury Bond 1-3yr UCITS ETF,CBOE_EUROPE,,,,cboe_europe_reference_data,,ETF,
9295,residual_review_required,etf,Potential non-common-equity or fund-like instrument needs review/exclusion policy before scoring.,,2INVEe,Amundi IBEX 35 Doble Inverso Diario -2x UCITS ETF,CBOE_EUROPE,,,,cboe_europe_reference_data,,ETF,
9312,residual_review_required,etf,Potential non-common-equity or fund-like instrument needs review/exclusion policy before scoring.,,30GBl,iShares iBonds Dec 2030 Term USD Corp UCITS ETF,CBOE_EUROPE,,,,cboe_europe_reference_data,,ETF,
9313,residual_review_required,etf,Potential non-common-equity or fund-like instrument needs review/exclusion policy before scoring.,,30IAm,iShares iBonds Dec 2030 Term EUR Corp UCITS ETF,CBOE_EUROPE,,,,cboe_europe_reference_data,,ETF,
9314,residual_review_required,etf,Potential non-common-equity or fund-like instrument needs review/exclusion policy before scoring.,,30IDa,iShares iBonds Dec 2030 Term USD Corp UCITS ETF,CBOE_EUROPE,,,,cboe_europe_reference_data,,ETF,
9315,residual_review_required,etf,Potential non-common-equity or fund-like instrument needs review/exclusion policy before scoring.,,32IDa,iShares iBonds Dec 2032 Term USD Corp UCITS ETF,CBOE_EUROPE,,,,cboe_europe_reference_data,,ETF,
9317,residual_review_required,etf,Potential non-common-equity or fund-like instrument needs review/exclusion policy before scoring.,,36B3d,iShares MSCI Europe SRI UCITS ETF,CBOE_EUROPE,,,,cboe_europe_reference_data,,ETF,
9318,residual_review_required,etf,Potential non-common-equity or fund-like instrument needs review/exclusion policy before scoring.,,36B4d,iShares IV Public Limited Company - iShares MSCI Japan SRI UCITS ETF USD,CBOE_EUROPE,,,,cboe_europe_reference_data,,ETF,
9319,residual_review_required,etf,Potential non-common-equity or fund-like instrument needs review/exclusion policy before scoring.,,36B5d,iShares MSCI EM SRI UCITS ETF,CBOE_EUROPE,,,,cboe_europe_reference_data,,ETF,
9320,residual_review_required,etf,Potential non-common-equity or fund-like instrument needs review/exclusion policy before scoring.,,36B6d,iShares MSCI USA SRI UCITS ETF,CBOE_EUROPE,,,,cboe_europe_reference_data,,ETF,
9321,residual_review_required,etf;bond,Potential non-common-equity or fund-like instrument needs review/exclusion policy before scoring.,,36BAd,iShares USD Corp Bond ESG SRI UCITS ETF,CBOE_EUROPE,,,,cboe_europe_reference_data,,ETF,
9322,residual_review_required,etf,Potential non-common-equity or fund-like instrument needs review/exclusion policy before scoring.,,36BBd,iShares MSCI World Consumer Discretionary Sector Advanced UCITS ETF,CBOE_EUROPE,,,,cboe_europe_reference_data,,ETF,
9323,residual_review_required,etf;bond,Potential non-common-equity or fund-like instrument needs review/exclusion policy before scoring.,,36BEd,iShares USD Corp Bond ESG SRI UCITS ETF,CBOE_EUROPE,,,,cboe_europe_reference_data,,ETF,
9324,residual_review_required,etf,Potential non-common-equity or fund-like instrument needs review/exclusion policy before scoring.,,36BZd,iShares MSCI China A UCITS ETF,CBOE_EUROPE,,,,cboe_europe_reference_data,,ETF,
9359,residual_review_required,etf,Potential non-common-equity or fund-like instrument needs review/exclusion policy before scoring.,,3DCEd,Robeco 3D EUR Enhanced Index Credits UCITS ETF,CBOE_EUROPE,,,,cboe_europe_reference_data,,ETF,
9366,residual_review_required,etf,Potential non-common-equity or fund-like instrument needs review/exclusion policy before scoring.,,3DGLd,Robeco 3D Global Equity UCITS ETF,CBOE_EUROPE,,,,cboe_europe_reference_data,,ETF,
9482,residual_review_required,etf;bond,Potential non-common-equity or fund-like instrument needs review/exclusion policy before scoring.,,3SUDd,iShares J.P. Morgan USD EM Bond UCITS ETF,CBOE_EUROPE,,,,cboe_europe_reference_data,,ETF,
9483,residual_review_required,etf,Potential non-common-equity or fund-like instrument needs review/exclusion policy before scoring.,,3SUEd,iShares MSCI World Consumer Staples Sector Advanced UCITS ETF,CBOE_EUROPE,,,,cboe_europe_reference_data,,ETF,
9485,residual_review_required,etf,Potential non-common-equity or fund-like instrument needs review/exclusion policy before scoring.,,3SUSd,iShares MSCI USA Swap UCITS ETF,CBOE_EUROPE,,,,cboe_europe_reference_data,,ETF,
9486,residual_review_required,etf,Potential non-common-equity or fund-like instrument needs review/exclusion policy before scoring.,,3SUUd,iShares MSCI USA Swap UCITS ETF,CBOE_EUROPE,,,,cboe_europe_reference_data,,ETF,
9499,residual_review_required,etf,Potential non-common-equity or fund-like instrument needs review/exclusion policy before scoring.,,3UKLl,WisdomTree FTSE 100 3x Daily Leveraged,CBOE_EUROPE,,,,cboe_europe_reference_data,,ETF,
9500,residual_review_required,etf,Potential non-common-equity or fund-like instrument needs review/exclusion policy before scoring.,,3UKSl,WisdomTree FTSE 100 3x Daily Short,CBOE_EUROPE,,,,cboe_europe_reference_data,,ETF,
9514,residual_review_required,etf,Potential non-common-equity or fund-like instrument needs review/exclusion policy before scoring.,,4BRZd,iShares MSCI Brazil UCITS ETF DE,CBOE_EUROPE,,,,cboe_europe_reference_data,,ETF,
9515,residual_review_required,etf,Potential non-common-equity or fund-like instrument needs review/exclusion policy before scoring.,,4BRZm,iShares MSCI Brazil UCITS ETF DE,CBOE_EUROPE,,,,cboe_europe_reference_data,,ETF,
9516,residual_review_required,etf,Potential non-common-equity or fund-like instrument needs review/exclusion policy before scoring.,,4COPd,Global X Copper Miners UCITS ETF,CBOE_EUROPE,,,,cboe_europe_reference_data,,ETF,
9520,residual_review_required,etf,Potential non-common-equity or fund-like instrument needs review/exclusion policy before scoring.,,4MMRd,GLOBAL X DEFENCE TECH UCITS ETF,CBOE_EUROPE,,,,cboe_europe_reference_data,,ETF,
9524,residual_review_required,etf,Potential non-common-equity or fund-like instrument needs review/exclusion policy before scoring.,,4UB9d,UBS MSCI World Socially Responsible UCITS ETF,CBOE_EUROPE,,,,cboe_europe_reference_data,,ETF,
9525,residual_review_required,etf,Potential non-common-equity or fund-like instrument needs review/exclusion policy before scoring.,,4UBDd,UBS MSCI USA Socially Responsible UCITS ETF,CBOE_EUROPE,,,,cboe_europe_reference_data,,ETF,
9526,residual_review_required,etf,Potential non-common-equity or fund-like instrument needs review/exclusion policy before scoring.,,4UBHd,UBS MSCI World Socially Responsible UCITS ETF,CBOE_EUROPE,,,,cboe_europe_reference_data,,ETF,
9527,residual_review_required,etf,Potential non-common-equity or fund-like instrument needs review/exclusion policy before scoring.,,4UBId,UBS MSCI USA Socially Responsible UCITS ETF,CBOE_EUROPE,,,,cboe_europe_reference_data,,ETF,
9528,residual_review_required,etf,Potential non-common-equity or fund-like instrument needs review/exclusion policy before scoring.,,4UBKd,UBS MSCI USA Socially Responsible UCITS ETF,CBOE_EUROPE,,,,cboe_europe_reference_data,,ETF,
9529,residual_review_required,etf,Potential non-common-equity or fund-like instrument needs review/exclusion policy before scoring.,,4UBQd,UBS S&P 500 Scored & Screened UCITS ETF,CBOE_EUROPE,,,,cboe_europe_reference_data,,ETF,
9530,residual_review_required,etf,Potential non-common-equity or fund-like instrument needs review/exclusion policy before scoring.,,500Hp,Amundi S&P 500 Swap UCITS ETF,CBOE_EUROPE,,,,cboe_europe_reference_data,,ETF,
9531,residual_review_required,etf,Potential non-common-equity or fund-like instrument needs review/exclusion policy before scoring.,,500Pl,Franklin S&P 500 Paris Aligned Climate UCITS ETF,CBOE_EUROPE,,,,cboe_europe_reference_data,,ETF,
9532,residual_review_required,etf,Potential non-common-equity or fund-like instrument needs review/exclusion policy before scoring.,,500Up,Amundi S&P 500 Swap UCITS ETF,CBOE_EUROPE,,,,cboe_europe_reference_data,,ETF,
9533,residual_review_required,etf,Potential non-common-equity or fund-like instrument needs review/exclusion policy before scoring.,,500Xa,SS SPDR S&P 500 Leaders UCITS ETF,CBOE_EUROPE,,,,cboe_europe_reference_data,,ETF,
9534,residual_review_required,etf,Potential non-common-equity or fund-like instrument needs review/exclusion policy before scoring.,,500Xl,SS SPDR S&P 500 Leaders UCITS ETF,CBOE_EUROPE,,,,cboe_europe_reference_data,,ETF,
9535,residual_review_required,etf,Potential non-common-equity or fund-like instrument needs review/exclusion policy before scoring.,,500Xm,SS SPDR S&P 500 Leaders UCITS ETF,CBOE_EUROPE,,,,cboe_europe_reference_data,,ETF,
9536,residual_review_required,etf,Potential non-common-equity or fund-like instrument needs review/exclusion policy before scoring.,,500Xz,SS SPDR S&P 500 Leaders UCITS ETF,CBOE_EUROPE,,,,cboe_europe_reference_data,,ETF,
9537,residual_review_required,etf,Potential non-common-equity or fund-like instrument needs review/exclusion policy before scoring.,,500p,Amundi S&P 500 Swap UCITS ETF,CBOE_EUROPE,,,,cboe_europe_reference_data,,ETF,
9538,residual_review_required,etf,Potential non-common-equity or fund-like instrument needs review/exclusion policy before scoring.,,50Ep,HSBC EURO STOXX 50 UCITS ETF,CBOE_EUROPE,,,,cboe_europe_reference_data,,ETF,
9539,residual_review_required,etf,Potential non-common-equity or fund-like instrument needs review/exclusion policy before scoring.,,540Jd,Amundi Msci Switzerland UCITS ETF,CBOE_EUROPE,,,,cboe_europe_reference_data,,ETF,
9540,residual_review_required,etf,Potential non-common-equity or fund-like instrument needs review/exclusion policy before scoring.,,5ESEd,Invesco S&P 500 Scored & Screened UCITS ETF,CBOE_EUROPE,,,,cboe_europe_reference_data,,ETF,
9541,residual_review_required,etf,Potential non-common-equity or fund-like instrument needs review/exclusion policy before scoring.,,5ESGEm,UBS S&P 500 Scored & Screened UCITS ETF,CBOE_EUROPE,,,,cboe_europe_reference_data,,ETF,
9542,residual_review_required,etf,Potential non-common-equity or fund-like instrument needs review/exclusion policy before scoring.,,5ESGSz,UBS S&P 500 Scored & Screened UCITS ETF,CBOE_EUROPE,,,,cboe_europe_reference_data,,ETF,
9543,residual_review_required,etf,Potential non-common-equity or fund-like instrument needs review/exclusion policy before scoring.,,5ESGd,Invesco S&P 500 Scored & Screened UCITS ETF,CBOE_EUROPE,,,,cboe_europe_reference_data,,ETF,
9544,residual_review_required,etf,Potential non-common-equity or fund-like instrument needs review/exclusion policy before scoring.,,5ESGm,Invesco S&P 500 Scored & Screened UCITS ETF,CBOE_EUROPE,,,,cboe_europe_reference_data,,ETF,
9545,residual_review_required,etf,Potential non-common-equity or fund-like instrument needs review/exclusion policy before scoring.,,5MVWd,iShares MSCI World Energy Sector UCITS ETF,CBOE_EUROPE,,,,cboe_europe_reference_data,,ETF,
9546,residual_review_required,etf,Potential non-common-equity or fund-like instrument needs review/exclusion policy before scoring.,,5PABd,Global X S&P 500 Annual Buffer UCITS ETF,CBOE_EUROPE,,,,cboe_europe_reference_data,,ETF,
9547,residual_review_required,etf,Potential non-common-equity or fund-like instrument needs review/exclusion policy before scoring.,,5PAHd,Global X S&P 500 Annual Tail Hedge UCITS ETF,CBOE_EUROPE,,,,cboe_europe_reference_data,,ETF,
9549,residual_review_required,etf,Potential non-common-equity or fund-like instrument needs review/exclusion policy before scoring.,,5PXEz,Invesco S&P 500 Scored & Screened UCITS ETF,CBOE_EUROPE,,,,cboe_europe_reference_data,,ETF,
9550,residual_review_required,etf;bond,Potential non-common-equity or fund-like instrument needs review/exclusion policy before scoring.,,5UOAd,iShares USD Corp Bond ESG SRI UCITS ETF,CBOE_EUROPE,,,,cboe_europe_reference_data,,ETF,
9552,residual_review_required,etf,Potential non-common-equity or fund-like instrument needs review/exclusion policy before scoring.,,600Xa,SS SPDR STOXX Europe 600 SRI UCIT,CBOE_EUROPE,,,,cboe_europe_reference_data,,ETF,
9553,residual_review_required,etf,Potential non-common-equity or fund-like instrument needs review/exclusion policy before scoring.,,600Xm,SS SPDR STOXX Europe 600 SRI UCIT,CBOE_EUROPE,,,,cboe_europe_reference_data,,ETF,
9556,residual_review_required,etf,Potential non-common-equity or fund-like instrument needs review/exclusion policy before scoring.,,6PSAd,Invesco RAFI US Fundamental Value UCITS ETF,CBOE_EUROPE,,,,cboe_europe_reference_data,,ETF,
9557,residual_review_required,etf,Potential non-common-equity or fund-like instrument needs review/exclusion policy before scoring.,,6PSCd,Invesco RAFI Europe Fundamental Value UCITS ETF,CBOE_EUROPE,,,,cboe_europe_reference_data,,ETF,
9558,residual_review_required,etf,Potential non-common-equity or fund-like instrument needs review/exclusion policy before scoring.,,6TVLd,Amundi STOXX Europe 600 Consumer Discretionary UCITS ETF,CBOE_EUROPE,,,,cboe_europe_reference_data,,ETF,
9559,residual_review_required,etf,Potential non-common-equity or fund-like instrument needs review/exclusion policy before scoring.,,6TVMd,Amundi Core S&P 500 Swap UCITS ETF,CBOE_EUROPE,,,,cboe_europe_reference_data,,ETF,
9564,residual_review_required,etf;bond,Potential non-common-equity or fund-like instrument needs review/exclusion policy before scoring.,,7USHd,Amundi US Treasury Bond 7-10Y UCITS ETF,CBOE_EUROPE,,,,cboe_europe_reference_data,,ETF,
9565,residual_review_required,etf,Potential non-common-equity or fund-like instrument needs review/exclusion policy before scoring.,,84X0d,iShares MSCI EM EX-China UCITS ETF,CBOE_EUROPE,,,,cboe_europe_reference_data,,ETF,
9569,residual_review_required,etf,Potential non-common-equity or fund-like instrument needs review/exclusion policy before scoring.,,8R80d,Amundi MSCI Japan SRI Climate Paris Aligned ETF,CBOE_EUROPE,,,,cboe_europe_reference_data,,ETF,
9573,residual_review_required,etf,Potential non-common-equity or fund-like instrument needs review/exclusion policy before scoring.,,94VEd,Global X US Infrastructure Development UCITS ETF,CBOE_EUROPE,,,,cboe_europe_reference_data,,ETF,
9574,residual_review_required,etf,Potential non-common-equity or fund-like instrument needs review/exclusion policy before scoring.,,9W1Ad,BNP Paribas Easy MSCI China Min TE/ETF,CBOE_EUROPE,,,,cboe_europe_reference_data,,ETF,
9575,residual_review_required,etf,Potential non-common-equity or fund-like instrument needs review/exclusion policy before scoring.,,9W1d,BNP Paribas Easy MSCI China Min TE/ETF,CBOE_EUROPE,,,,cboe_europe_reference_data,,ETF,
9576,residual_review_required,etf,Potential non-common-equity or fund-like instrument needs review/exclusion policy before scoring.,,A01Ud,BNP PARIBAS EASY II Bloomberg US Treasury 0-1Y UCITS ETF,CBOE_EUROPE,,,,cboe_europe_reference_data,,ETF,
9580,residual_review_required,etf;bond,Potential non-common-equity or fund-like instrument needs review/exclusion policy before scoring.,,A4HCd,Amundi Core Euro Government Bond UCITS ETF,CBOE_EUROPE,,,,cboe_europe_reference_data,,ETF,
9581,residual_review_required,etf,Potential non-common-equity or fund-like instrument needs review/exclusion policy before scoring.,,A500m,Amundi S&P 500 Swap UCITS ETF,CBOE_EUROPE,,,,cboe_europe_reference_data,,ETF,
9583,residual_review_required,etf;bond,Potential non-common-equity or fund-like instrument needs review/exclusion policy before scoring.,,AAA13m,Amundi Euro Highest Rated Macro-Weighted Government Bond 1-3Y UCITS ETF,CBOE_EUROPE,,,,cboe_europe_reference_data,,ETF,
9584,residual_review_required,etf;bond,Potential non-common-equity or fund-like instrument needs review/exclusion policy before scoring.,,AAA35m,Amundi Euro Highest Rated Macro-Weighted Government Bond 3-5Y UCITS ETF,CBOE_EUROPE,,,,cboe_europe_reference_data,,ETF,
9590,residual_review_required,fund,Potential non-common-equity or fund-like instrument needs review/exclusion policy before scoring.,,AAIFl,Aberdeen Asian Income Fund Ltd,CBOE_EUROPE,,,,cboe_europe_reference_data,,EQTY,
9596,residual_review_required,etf,Potential non-common-equity or fund-like instrument needs review/exclusion policy before scoring.,,AASIm,Amundi Msci EM Asia UCITS ETF,CBOE_EUROPE,,,,cboe_europe_reference_data,,ETF,
9597,residual_review_required,etf,Potential non-common-equity or fund-like instrument needs review/exclusion policy before scoring.,,AASIp,Amundi Msci EM Asia UCITS ETF,CBOE_EUROPE,,,,cboe_europe_reference_data,,ETF,
9598,residual_review_required,etf,Potential non-common-equity or fund-like instrument needs review/exclusion policy before scoring.,,AASIz,Amundi Msci EM Asia UCITS ETF,CBOE_EUROPE,,,,cboe_europe_reference_data,,ETF,
9599,residual_review_required,etf,Potential non-common-equity or fund-like instrument needs review/exclusion policy before scoring.,,AASUp,Amundi Msci EM Asia UCITS ETF,CBOE_EUROPE,,,,cboe_europe_reference_data,,ETF,
9637,residual_review_required,etf;bond,Potential non-common-equity or fund-like instrument needs review/exclusion policy before scoring.,,ACE32m,BNP Paribas Easy ESG Enhanced EUR Corp Bond December 2032 UCITS ETF,CBOE_EUROPE,,,,cboe_europe_reference_data,,ETF,
9641,residual_review_required,etf,Potential non-common-equity or fund-like instrument needs review/exclusion policy before scoring.,,ACGUKz,UBS MSCI ACWI SF UCITS ETF,CBOE_EUROPE,,,,cboe_europe_reference_data,,ETF,
9644,residual_review_required,etf,Potential non-common-equity or fund-like instrument needs review/exclusion policy before scoring.,,ACM9d,Amundi MSCI World Ex EMU UCITS ETF,CBOE_EUROPE,,,,cboe_europe_reference_data,,ETF,
9652,residual_review_required,etf,Potential non-common-equity or fund-like instrument needs review/exclusion policy before scoring.,,ACUGd,Amundi MSCI Emerging Markets SRI Climate Paris Aligned ETF,CBOE_EUROPE,,,,cboe_europe_reference_data,,ETF,
9653,residual_review_required,etf,Potential non-common-equity or fund-like instrument needs review/exclusion policy before scoring.,,ACUVd,Amundi MSCI AC Far East Ex Japan ESG Selection - UCITS ETF DR,CBOE_EUROPE,,,,cboe_europe_reference_data,,ETF,
9654,residual_review_required,etf,Potential non-common-equity or fund-like instrument needs review/exclusion policy before scoring.,,ACWDl,SS SPDR MSCI All Country World UCITS ETF,CBOE_EUROPE,,,,cboe_europe_reference_data,,ETF,
9655,residual_review_required,etf,Potential non-common-equity or fund-like instrument needs review/exclusion policy before scoring.,,ACWEm,SS SPDR MSCI All Country World UCITS ETF,CBOE_EUROPE,,,,cboe_europe_reference_data,,ETF,
9656,residual_review_required,etf,Potential non-common-equity or fund-like instrument needs review/exclusion policy before scoring.,,ACWEp,SS SPDR MSCI All Country World UCITS ETF,CBOE_EUROPE,,,,cboe_europe_reference_data,,ETF,
9657,residual_review_required,etf,Potential non-common-equity or fund-like instrument needs review/exclusion policy before scoring.,,ACWIEm,UBS MSCI ACWI SF UCITS ETF,CBOE_EUROPE,,,,cboe_europe_reference_data,,ETF,
9658,residual_review_required,etf,Potential non-common-equity or fund-like instrument needs review/exclusion policy before scoring.,,ACWIEz,UBS MSCI ACWI SF UCITS ETF,CBOE_EUROPE,,,,cboe_europe_reference_data,,ETF,
9659,residual_review_required,etf,Potential non-common-equity or fund-like instrument needs review/exclusion policy before scoring.,,ACWISz,UBS MSCI ACWI SF UCITS ETF,CBOE_EUROPE,,,,cboe_europe_reference_data,,ETF,
9660,residual_review_required,etf,Potential non-common-equity or fund-like instrument needs review/exclusion policy before scoring.,,ACWIUz,UBS MSCI ACWI SF UCITS ETF,CBOE_EUROPE,,,,cboe_europe_reference_data,,ETF,
9661,residual_review_required,etf,Potential non-common-equity or fund-like instrument needs review/exclusion policy before scoring.,,ACWIl,SS SPDR MSCI All Country World UCITS ETF,CBOE_EUROPE,,,,cboe_europe_reference_data,,ETF,
9662,residual_review_required,etf,Potential non-common-equity or fund-like instrument needs review/exclusion policy before scoring.,,ACWIm,Amundi MSCI All Country World UCITS ETF,CBOE_EUROPE,,,,cboe_europe_reference_data,,ETF,
9663,residual_review_required,etf,Potential non-common-equity or fund-like instrument needs review/exclusion policy before scoring.,,ACWIp,Amundi MSCI All Country World UCITS ETF,CBOE_EUROPE,,,,cboe_europe_reference_data,,ETF,
9664,residual_review_required,etf,Potential non-common-equity or fund-like instrument needs review/exclusion policy before scoring.,,ACWIz,SS SPDR MSCI All Country World UCITS ETF,CBOE_EUROPE,,,,cboe_europe_reference_data,,ETF,
9665,residual_review_required,etf,Potential non-common-equity or fund-like instrument needs review/exclusion policy before scoring.,,ACWLl,Amundi MSCI All Country World UCITS ETF,CBOE_EUROPE,,,,cboe_europe_reference_data,,ETF,
9687,residual_review_required,etf,Potential non-common-equity or fund-like instrument needs review/exclusion policy before scoring.,,AE5Ad,Amundi Core MSCI Emerging Markets Swap UCITS ETF,CBOE_EUROPE,,,,cboe_europe_reference_data,,ETF,
9688,residual_review_required,etf,Potential non-common-equity or fund-like instrument needs review/exclusion policy before scoring.,,AE5Bd,Amundi MSCI Europe Action UCITS ETF,CBOE_EUROPE,,,,cboe_europe_reference_data,,ETF,
9693,residual_review_required,etf,Potential non-common-equity or fund-like instrument needs review/exclusion policy before scoring.,,AEEMm,Amundi MSCI Emerging Markets Swap UCITS ETF,CBOE_EUROPE,,,,cboe_europe_reference_data,,ETF,
9694,residual_review_required,etf,Potential non-common-equity or fund-like instrument needs review/exclusion policy before scoring.,,AEEMp,Amundi MSCI Emerging Markets Swap UCITS ETF,CBOE_EUROPE,,,,cboe_europe_reference_data,,ETF,
9695,residual_review_required,etf,Potential non-common-equity or fund-like instrument needs review/exclusion policy before scoring.,,AEEMz,Amundi MSCI Emerging Markets Swap UCITS ETF,CBOE_EUROPE,,,,cboe_europe_reference_data,,ETF,
9697,residual_review_required,etf;bond,Potential non-common-equity or fund-like instrument needs review/exclusion policy before scoring.,,AEGEd,iShares Global Aggregate Bond ESG SRI UCITS ETF,CBOE_EUROPE,,,,cboe_europe_reference_data,,ETF,
9700,residual_review_required,etf,Potential non-common-equity or fund-like instrument needs review/exclusion policy before scoring.,,AEJLl,Amundi MSCI AC Asia Pacific Ex Japan UCITS ETF,CBOE_EUROPE,,,,cboe_europe_reference_data,,ETF,
9701,residual_review_required,etf,Potential non-common-equity or fund-like instrument needs review/exclusion policy before scoring.,,AEJl,Amundi MSCI AC Asia Pacific Ex Japan UCITS ETF,CBOE_EUROPE,,,,cboe_europe_reference_data,,ETF,
9702,residual_review_required,etf,Potential non-common-equity or fund-like instrument needs review/exclusion policy before scoring.,,AEJm,Amundi MSCI AC Asia Pacific Ex Japan UCITS ETF,CBOE_EUROPE,,,,cboe_europe_reference_data,,ETF,
9703,residual_review_required,etf,Potential non-common-equity or fund-like instrument needs review/exclusion policy before scoring.,,AEJp,Amundi MSCI AC Asia Pacific Ex Japan UCITS ETF,CBOE_EUROPE,,,,cboe_europe_reference_data,,ETF,
9704,residual_review_required,etf,Potential non-common-equity or fund-like instrument needs review/exclusion policy before scoring.,,AEMDd,Amundi Core MSCI Emerging Markets UCITS ETF,CBOE_EUROPE,,,,cboe_europe_reference_data,,ETF,
9705,residual_review_required,etf,Potential non-common-equity or fund-like instrument needs review/exclusion policy before scoring.,,AEMEl,Amundi Core MSCI Emerging Markets UCITS ETF,CBOE_EUROPE,,,,cboe_europe_reference_data,,ETF,
9706,residual_review_required,etf,Potential non-common-equity or fund-like instrument needs review/exclusion policy before scoring.,,AEMEp,Amundi Core MSCI Emerging Markets UCITS ETF,CBOE_EUROPE,,,,cboe_europe_reference_data,,ETF,
9707,residual_review_required,etf,Potential non-common-equity or fund-like instrument needs review/exclusion policy before scoring.,,AEMUl,Amundi Core MSCI Emerging Markets UCITS ETF,CBOE_EUROPE,,,,cboe_europe_reference_data,,ETF,
9725,residual_review_required,etf;bond,Potential non-common-equity or fund-like instrument needs review/exclusion policy before scoring.,,AFLEp,Amundi USD Floating Rate Corporate Bond ESG,CBOE_EUROPE,,,,cboe_europe_reference_data,,ETF,
9726,residual_review_required,etf;bond,Potential non-common-equity or fund-like instrument needs review/exclusion policy before scoring.,,AFLMx,Amundi USD Floating Rate Corporate Bond ESG UCITS ETF MXN Hedged Acc,CBOE_EUROPE,,,,cboe_europe_reference_data,,ETF,
9727,residual_review_required,etf;bond,Potential non-common-equity or fund-like instrument needs review/exclusion policy before scoring.,,AFLTp,Amundi USD Floating Rate Corporate Bond ESG,CBOE_EUROPE,,,,cboe_europe_reference_data,,ETF,
9729,residual_review_required,etf,Potential non-common-equity or fund-like instrument needs review/exclusion policy before scoring.,,AFRNm,Amundi Floating Rate Euro Corporate ESG UCITS ETF DR,CBOE_EUROPE,,,,cboe_europe_reference_data,,ETF,
9730,residual_review_required,etf,Potential non-common-equity or fund-like instrument needs review/exclusion policy before scoring.,,AFRNp,Amundi Floating Rate Euro Corporate ESG UCITS ETF DR,CBOE_EUROPE,,,,cboe_europe_reference_data,,ETF,
9735,residual_review_required,etf;bond,Potential non-common-equity or fund-like instrument needs review/exclusion policy before scoring.,,AGACa,iShares Core Global Aggregate Bond UCITS ETF,CBOE_EUROPE,,,,cboe_europe_reference_data,,ETF,
9737,residual_review_required,etf;bond,Potential non-common-equity or fund-like instrument needs review/exclusion policy before scoring.,,AGAUx,iShares Global Aggregate Bond ESG SRI UCITS ETF,CBOE_EUROPE,,,,cboe_europe_reference_data,,ETF,
9738,residual_review_required,etf;bond,Potential non-common-equity or fund-like instrument needs review/exclusion policy before scoring.,,AGBPl,iShares Core Global Aggregate Bond UCITS ETF,CBOE_EUROPE,,,,cboe_europe_reference_data,,ETF,
9740,residual_review_required,etf,Potential non-common-equity or fund-like instrument needs review/exclusion policy before scoring.,,AGE40m,Fineco AM Longevity 2040 UCITS ETF,CBOE_EUROPE,,,,cboe_europe_reference_data,,ETF,
9741,residual_review_required,etf,Potential non-common-equity or fund-like instrument needs review/exclusion policy before scoring.,,AGE50m,Fineco AM Longevity 2050 UCITS ETF,CBOE_EUROPE,,,,cboe_europe_reference_data,,ETF,
9742,residual_review_required,etf,Potential non-common-equity or fund-like instrument needs review/exclusion policy before scoring.,,AGE60m,Fineco AM Longevity 2060 UCITS ETF,CBOE_EUROPE,,,,cboe_europe_reference_data,,ETF,
9743,residual_review_required,etf;bond,Potential non-common-equity or fund-like instrument needs review/exclusion policy before scoring.,,AGEBm,Amundi USD Emerging Markets Government Bond UCITS ETF,CBOE_EUROPE,,,,cboe_europe_reference_data,,ETF,
9744,residual_review_required,etf;bond,Potential non-common-equity or fund-like instrument needs review/exclusion policy before scoring.,,AGEBp,Amundi USD Emerging Markets Government Bond UCITS ETF,CBOE_EUROPE,,,,cboe_europe_reference_data,,ETF,
9745,residual_review_required,etf,Potential non-common-equity or fund-like instrument needs review/exclusion policy before scoring.,,AGEDa,iShares Ageing Population UCITS ETF,CBOE_EUROPE,,,,cboe_europe_reference_data,,ETF,
9746,residual_review_required,etf,Potential non-common-equity or fund-like instrument needs review/exclusion policy before scoring.,,AGEDl,iShares Ageing Population UCITS ETF,CBOE_EUROPE,,,,cboe_europe_reference_data,,ETF,
9747,residual_review_required,etf,Potential non-common-equity or fund-like instrument needs review/exclusion policy before scoring.,,AGEDm,iShares Ageing Population UCITS ETF,CBOE_EUROPE,,,,cboe_europe_reference_data,,ETF,
9748,residual_review_required,etf;bond,Potential non-common-equity or fund-like instrument needs review/exclusion policy before scoring.,,AGENZx,iShares Global Aggregate Bond ESG SRI UCITS ETF,CBOE_EUROPE,,,,cboe_europe_reference_data,,ETF,
9751,residual_review_required,etf;bond,Potential non-common-equity or fund-like instrument needs review/exclusion policy before scoring.,,AGGDa,iShares Global Aggregate Bond ESG SRI UCITS ETF,CBOE_EUROPE,,,,cboe_europe_reference_data,,ETF,
9752,residual_review_required,etf;bond,Potential non-common-equity or fund-like instrument needs review/exclusion policy before scoring.,,AGGGl,iShares Core Global Aggregate Bond UCITS ETF,CBOE_EUROPE,,,,cboe_europe_reference_data,,ETF,
9753,residual_review_required,etf;bond,Potential non-common-equity or fund-like instrument needs review/exclusion policy before scoring.,,AGGGz,iShares Core Global Aggregate Bond UCITS ETF,CBOE_EUROPE,,,,cboe_europe_reference_data,,ETF,
9754,residual_review_required,etf;bond,Potential non-common-equity or fund-like instrument needs review/exclusion policy before scoring.,,AGGHm,iShares Core Global Aggregate Bond UCITS ETF,CBOE_EUROPE,,,,cboe_europe_reference_data,,ETF,
9755,residual_review_required,etf;bond,Potential non-common-equity or fund-like instrument needs review/exclusion policy before scoring.,,AGGNZx,iShares Core Global Aggregate Bond UCITS ETF,CBOE_EUROPE,,,,cboe_europe_reference_data,,ETF,
9756,residual_review_required,etf;bond,Potential non-common-equity or fund-like instrument needs review/exclusion policy before scoring.,,AGGUl,iShares Core Global Aggregate Bond UCITS ETF,CBOE_EUROPE,,,,cboe_europe_reference_data,,ETF,
9761,residual_review_required,etf;bond,Potential non-common-equity or fund-like instrument needs review/exclusion policy before scoring.,,AGSGDx,iShares Core Global Aggregate Bond UCITS ETF SGD Hedged (Acc),CBOE_EUROPE,,,,cboe_europe_reference_data,,ETF,
9762,residual_review_required,etf;bond,Potential non-common-equity or fund-like instrument needs review/exclusion policy before scoring.,,AGSGx,iShares Core Global Aggregate Bond UCITS ETF SEK Hedged (Acc),CBOE_EUROPE,,,,cboe_europe_reference_data,,ETF,
9763,residual_review_required,etf;bond,Potential non-common-equity or fund-like instrument needs review/exclusion policy before scoring.,,AGSKx,iShares Global Aggregate Bond ESG SRI UCITS ETF,CBOE_EUROPE,,,,cboe_europe_reference_data,,ETF,
9766,residual_review_required,etf;bond,Potential non-common-equity or fund-like instrument needs review/exclusion policy before scoring.,,AGUGa,iShares Core Global Aggregate Bond UCITS ETF,CBOE_EUROPE,,,,cboe_europe_reference_data,,ETF,
9767,residual_review_required,etf,Potential non-common-equity or fund-like instrument needs review/exclusion policy before scoring.,,AH50d,Xtrackers Harvest CSI A500 UCITS ETF,CBOE_EUROPE,,,,cboe_europe_reference_data,,ETF,
9768,residual_review_required,etf,Potential non-common-equity or fund-like instrument needs review/exclusion policy before scoring.,,AH50l,Xtrackers Harvest CSI A500 UCITS ETF,CBOE_EUROPE,,,,cboe_europe_reference_data,,ETF,
9770,residual_review_required,etf;bond,Potential non-common-equity or fund-like instrument needs review/exclusion policy before scoring.,,AHYEd,Amundi Euro High Yield Bond ESG,CBOE_EUROPE,,,,cboe_europe_reference_data,,ETF,
9771,residual_review_required,etf;bond,Potential non-common-equity or fund-like instrument needs review/exclusion policy before scoring.,,AHYEm,Amundi Euro High Yield Bond ESG,CBOE_EUROPE,,,,cboe_europe_reference_data,,ETF,
9772,residual_review_required,etf;bond,Potential non-common-equity or fund-like instrument needs review/exclusion policy before scoring.,,AHYEp,Amundi Euro High Yield Bond ESG,CBOE_EUROPE,,,,cboe_europe_reference_data,,ETF,
9773,residual_review_required,etf,Potential non-common-equity or fund-like instrument needs review/exclusion policy before scoring.,,AHYQd,Amundi Core MSCI World Swap UCITS ETF,CBOE_EUROPE,,,,cboe_europe_reference_data,,ETF,
9774,residual_review_required,etf,Potential non-common-equity or fund-like instrument needs review/exclusion policy before scoring.,,AHYRd,Amundi Core MSCI World Swap UCITS ETF,CBOE_EUROPE,,,,cboe_europe_reference_data,,ETF,
9775,residual_review_required,etf,Potential non-common-equity or fund-like instrument needs review/exclusion policy before scoring.,,AHYWd,Amundi Core MSCI World Swap UCITS ETF,CBOE_EUROPE,,,,cboe_europe_reference_data,,ETF,
9776,residual_review_required,etf,Potential non-common-equity or fund-like instrument needs review/exclusion policy before scoring.,,AHYZd,Amundi MSCI Japan ESG Broad Transition UCITS ETF,CBOE_EUROPE,,,,cboe_europe_reference_data,,ETF,
9777,residual_review_required,etf,Potential non-common-equity or fund-like instrument needs review/exclusion policy before scoring.,,AIAAd,iShares AI Adopters & Applications UCITS ETF,CBOE_EUROPE,,,,cboe_europe_reference_data,,ETF,
9778,residual_review_required,etf,Potential non-common-equity or fund-like instrument needs review/exclusion policy before scoring.,,AIAGl,L&G Artificial Intelligence UCITS ETF,CBOE_EUROPE,,,,cboe_europe_reference_data,,ETF,
9779,residual_review_required,etf,Potential non-common-equity or fund-like instrument needs review/exclusion policy before scoring.,,AIAIl,L&G Artificial Intelligence UCITS ETF,CBOE_EUROPE,,,,cboe_europe_reference_data,,ETF,
9780,residual_review_required,etf,Potential non-common-equity or fund-like instrument needs review/exclusion policy before scoring.,,AIAIm,L&G Artificial Intelligence UCITS ETF,CBOE_EUROPE,,,,cboe_europe_reference_data,,ETF,
9782,residual_review_required,fund,Potential non-common-equity or fund-like instrument needs review/exclusion policy before scoring.,,AIEl,Ashoka India Equity Investment Trust PLC/Fund,CBOE_EUROPE,,,,cboe_europe_reference_data,,EQTY,
9783,residual_review_required,etf,Potential non-common-equity or fund-like instrument needs review/exclusion policy before scoring.,,AIFSd,iShares AI Infrastructure UCITS ETF,CBOE_EUROPE,,,,cboe_europe_reference_data,,ETF,
9799,residual_review_required,etf,Potential non-common-equity or fund-like instrument needs review/exclusion policy before scoring.,,AINFa,iShares AI Infrastructure UCITS ETF,CBOE_EUROPE,,,,cboe_europe_reference_data,,ETF,
9800,residual_review_required,etf,Potential non-common-equity or fund-like instrument needs review/exclusion policy before scoring.,,AIPEm,BNP PARIBAS EASY II EUR Credit PAB Opportunities UCITS ETF,CBOE_EUROPE,,,,cboe_europe_reference_data,,ETF,
9801,residual_review_required,etf,Potential non-common-equity or fund-like instrument needs review/exclusion policy before scoring.,,AIPTd,BNP PARIBAS EASY II USD Credit PAB Opportunities UCITS ETF,CBOE_EUROPE,,,,cboe_europe_reference_data,,ETF,
9802,residual_review_required,etf,Potential non-common-equity or fund-like instrument needs review/exclusion policy before scoring.,,AIQUl,GLOBAL X ARTIFICIAL INTELLIGENCE UCITS ETF,CBOE_EUROPE,,,,cboe_europe_reference_data,,ETF,
9809,residual_review_required,etf,Potential non-common-equity or fund-like instrument needs review/exclusion policy before scoring.,,AJASEm,BNP PARIBAS EASY ESG ENHANCED JAPAN UCITS ETF,CBOE_EUROPE,,,,cboe_europe_reference_data,,ETF,
9810,residual_review_required,etf,Potential non-common-equity or fund-like instrument needs review/exclusion policy before scoring.,,AJASEp,BNP PARIBAS EASY ESG ENHANCED JAPAN UCITS ETF,CBOE_EUROPE,,,,cboe_europe_reference_data,,ETF,
9811,residual_review_required,etf,Potential non-common-equity or fund-like instrument needs review/exclusion policy before scoring.,,AJASRp,BNP PARIBAS EASY ESG ENHANCED JAPAN UCITS ETF,CBOE_EUROPE,,,,cboe_europe_reference_data,,ETF,
9814,residual_review_required,etf,Potential non-common-equity or fund-like instrument needs review/exclusion policy before scoring.,,AJEUAm,UBS MSCI AC Asia ex Japan SF UCITS ETF,CBOE_EUROPE,,,,cboe_europe_reference_data,,ETF,
9815,residual_review_required,etf,Potential non-common-equity or fund-like instrument needs review/exclusion policy before scoring.,,AJEUAz,UBS MSCI AC Asia ex Japan SF UCITS ETF,CBOE_EUROPE,,,,cboe_europe_reference_data,,ETF,
9816,residual_review_required,fund,Potential non-common-equity or fund-like instrument needs review/exclusion policy before scoring.,,AJOTl,AVI Japan Opportunity Trust PLC/Fund,CBOE_EUROPE,,,,cboe_europe_reference_data,,EQTY,
9817,residual_review_required,etf;bond,Potential non-common-equity or fund-like instrument needs review/exclusion policy before scoring.,,AK8Gd,Amundi Fixed Maturity 2027 German Bund Government Bond,CBOE_EUROPE,,,,cboe_europe_reference_data,,ETF,
9827,residual_review_required,etf,Potential non-common-equity or fund-like instrument needs review/exclusion policy before scoring.,,AKWAd,Global X Clean Water UCITS ETF,CBOE_EUROPE,,,,cboe_europe_reference_data,,ETF,
9830,residual_review_required,etf,Potential non-common-equity or fund-like instrument needs review/exclusion policy before scoring.,,ALAGl,Amundi Msci EM Latin America UCITS ETF,CBOE_EUROPE,,,,cboe_europe_reference_data,,ETF,
9831,residual_review_required,etf,Potential non-common-equity or fund-like instrument needs review/exclusion policy before scoring.,,ALATm,Amundi Msci EM Latin America UCITS ETF,CBOE_EUROPE,,,,cboe_europe_reference_data,,ETF,
9832,residual_review_required,etf,Potential non-common-equity or fund-like instrument needs review/exclusion policy before scoring.,,ALATp,Amundi Msci EM Latin America UCITS ETF,CBOE_EUROPE,,,,cboe_europe_reference_data,,ETF,
9833,residual_review_required,etf,Potential non-common-equity or fund-like instrument needs review/exclusion policy before scoring.,,ALAUl,Amundi Msci EM Latin America UCITS ETF,CBOE_EUROPE,,,,cboe_europe_reference_data,,ETF,
9834,residual_review_required,etf,Potential non-common-equity or fund-like instrument needs review/exclusion policy before scoring.,,ALAUp,Amundi Msci EM Latin America UCITS ETF,CBOE_EUROPE,,,,cboe_europe_reference_data,,ETF,
9874,residual_review_required,etf;bond,Potential non-common-equity or fund-like instrument needs review/exclusion policy before scoring.,,AM3Am,Amundi Euro Government Bond Highest Rated Investment Grade UCITS ETF,CBOE_EUROPE,,,,cboe_europe_reference_data,,ETF,
9875,residual_review_required,etf;bond,Potential non-common-equity or fund-like instrument needs review/exclusion policy before scoring.,,AM3Ap,Amundi Euro Government Bond Highest Rated Investment Grade UCITS ETF,CBOE_EUROPE,,,,cboe_europe_reference_data,,ETF,
9877,residual_review_required,etf,Potential non-common-equity or fund-like instrument needs review/exclusion policy before scoring.,,AMALl,Saturna Al-Kawthar Global Focused Equity UCITS ETF,CBOE_EUROPE,,,,cboe_europe_reference_data,,ETF,
9883,residual_review_required,etf,Potential non-common-equity or fund-like instrument needs review/exclusion policy before scoring.,,AMEAd,Amundi Msci EM Asia UCITS ETF,CBOE_EUROPE,,,,cboe_europe_reference_data,,ETF,
9884,residual_review_required,etf,Potential non-common-equity or fund-like instrument needs review/exclusion policy before scoring.,,AMECd,Amundi MSCI Smart Cities UCITS ETF,CBOE_EUROPE,,,,cboe_europe_reference_data,,ETF,
9885,residual_review_required,etf,Potential non-common-equity or fund-like instrument needs review/exclusion policy before scoring.,,AMEDd,Amundi MSCI EMU ESG Selection - UCITS ETF DR,CBOE_EUROPE,,,,cboe_europe_reference_data,,ETF,
9886,residual_review_required,etf,Potential non-common-equity or fund-like instrument needs review/exclusion policy before scoring.,,AMEEd,Amundi Global Hydrogen UCITS ETF,CBOE_EUROPE,,,,cboe_europe_reference_data,,ETF,
9887,residual_review_required,etf,Potential non-common-equity or fund-like instrument needs review/exclusion policy before scoring.,,AMEId,Amundi MSCI Emerging Markets SRI Climate Paris Aligned ETF,CBOE_EUROPE,,,,cboe_europe_reference_data,,ETF,
9888,residual_review_required,etf,Potential non-common-equity or fund-like instrument needs review/exclusion policy before scoring.,,AMELd,Amundi Msci EM Latin America UCITS ETF,CBOE_EUROPE,,,,cboe_europe_reference_data,,ETF,
9889,residual_review_required,etf,Potential non-common-equity or fund-like instrument needs review/exclusion policy before scoring.,,AMEMd,Amundi MSCI Emerging Markets Swap UCITS ETF,CBOE_EUROPE,,,,cboe_europe_reference_data,,ETF,
9890,residual_review_required,etf,Potential non-common-equity or fund-like instrument needs review/exclusion policy before scoring.,,AMEQd,Amundi Msci Europe Quality Factor UCITS ETF,CBOE_EUROPE,,,,cboe_europe_reference_data,,ETF,
9910,residual_review_required,etf,Potential non-common-equity or fund-like instrument needs review/exclusion policy before scoring.,,ANAEm,BNP PARIBAS EASY II Nasdaq 100 UCITS ETF,CBOE_EUROPE,,,,cboe_europe_reference_data,,ETF,
9911,residual_review_required,etf,Potential non-common-equity or fund-like instrument needs review/exclusion policy before scoring.,,ANAVd,BNP PARIBAS EASY II Nasdaq 100 UCITS ETF,CBOE_EUROPE,,,,cboe_europe_reference_data,,ETF,
9915,residual_review_required,fund;etf,Potential non-common-equity or fund-like instrument needs review/exclusion policy before scoring.,,ANFOz,UBS Property Fund - Swiss Residential Anfos,CBOE_EUROPE,,,,cboe_europe_reference_data,,ETF,
9923,residual_review_required,etf,Potential non-common-equity or fund-like instrument needs review/exclusion policy before scoring.,,ANRJl,Amundi Global Hydrogen UCITS ETF,CBOE_EUROPE,,,,cboe_europe_reference_data,,ETF,
9924,residual_review_required,etf,Potential non-common-equity or fund-like instrument needs review/exclusion policy before scoring.,,ANRJp,Amundi Global Hydrogen UCITS ETF,CBOE_EUROPE,,,,cboe_europe_reference_data,,ETF,
9927,residual_review_required,etf,Potential non-common-equity or fund-like instrument needs review/exclusion policy before scoring.,,ANXGl,Amundi Nasdaq-100 Swap UCITS ETF,CBOE_EUROPE,,,,cboe_europe_reference_data,,ETF,
9928,residual_review_required,etf,Potential non-common-equity or fund-like instrument needs review/exclusion policy before scoring.,,ANXUl,Amundi Nasdaq-100 Swap UCITS ETF,CBOE_EUROPE,,,,cboe_europe_reference_data,,ETF,
9929,residual_review_required,etf,Potential non-common-equity or fund-like instrument needs review/exclusion policy before scoring.,,ANXUp,Amundi Nasdaq-100 Swap UCITS ETF,CBOE_EUROPE,,,,cboe_europe_reference_data,,ETF,
9930,residual_review_required,etf,Potential non-common-equity or fund-like instrument needs review/exclusion policy before scoring.,,ANXm,Amundi Nasdaq-100 Swap UCITS ETF,CBOE_EUROPE,,,,cboe_europe_reference_data,,ETF,
9931,residual_review_required,etf,Potential non-common-equity or fund-like instrument needs review/exclusion policy before scoring.,,ANXp,Amundi Nasdaq-100 Swap UCITS ETF,CBOE_EUROPE,,,,cboe_europe_reference_data,,ETF,
9942,residual_review_required,etf,Potential non-common-equity or fund-like instrument needs review/exclusion policy before scoring.,,APEXm,Amundi MSCI AC Asia Ex Japan UCITS ETF,CBOE_EUROPE,,,,cboe_europe_reference_data,,ETF,
9945,residual_review_required,etf,Potential non-common-equity or fund-like instrument needs review/exclusion policy before scoring.,,APJXd,iShares MSCI Pacific ex-Japan ESG Enhanced CTB UCITS ETF,CBOE_EUROPE,,,,cboe_europe_reference_data,,ETF,
9952,residual_review_required,etf,Potential non-common-equity or fund-like instrument needs review/exclusion policy before scoring.,,APXJd,Amundi MSCI Pacific Ex Japan SRI Climate Paris Aligned ETF,CBOE_EUROPE,,,,cboe_europe_reference_data,,ETF,
9953,residual_review_required,etf,Potential non-common-equity or fund-like instrument needs review/exclusion policy before scoring.,,APXp,Amundi MSCI AC Asia Ex Japan UCITS ETF,CBOE_EUROPE,,,,cboe_europe_reference_data,,ETF,
9955,residual_review_required,etf,Potential non-common-equity or fund-like instrument needs review/exclusion policy before scoring.,,AQWAl,Global X Clean Water UCITS ETF,CBOE_EUROPE,,,,cboe_europe_reference_data,,ETF,
9956,residual_review_required,etf,Potential non-common-equity or fund-like instrument needs review/exclusion policy before scoring.,,AQWAm,Global X Clean Water UCITS ETF,CBOE_EUROPE,,,,cboe_europe_reference_data,,ETF,
9957,residual_review_required,etf,Potential non-common-equity or fund-like instrument needs review/exclusion policy before scoring.,,AQWGl,Global X Clean Water UCITS ETF,CBOE_EUROPE,,,,cboe_europe_reference_data,,ETF,
9960,residual_review_required,etf,Potential non-common-equity or fund-like instrument needs review/exclusion policy before scoring.,,ARAXd,abrdn Future Raw Materials UCITS ETF,CBOE_EUROPE,,,,cboe_europe_reference_data,,ETF,
9971,residual_review_required,etf,Potential non-common-equity or fund-like instrument needs review/exclusion policy before scoring.,,ARKIl,ARK Artificial Intelligence & Robotics UCITS ETF,CBOE_EUROPE,,,,cboe_europe_reference_data,,ETF,
9973,residual_review_required,etf,Potential non-common-equity or fund-like instrument needs review/exclusion policy before scoring.,,ARMGl,GLOBAL X DEFENCE TECH UCITS ETF,CBOE_EUROPE,,,,cboe_europe_reference_data,,ETF,
9974,residual_review_required,etf,Potential non-common-equity or fund-like instrument needs review/exclusion policy before scoring.,,ARMIm,Future of European Defence Screened UCITS ETF,CBOE_EUROPE,,,,cboe_europe_reference_data,,ETF,
9975,residual_review_required,etf,Potential non-common-equity or fund-like instrument needs review/exclusion policy before scoring.,,ARMRl,GLOBAL X DEFENCE TECH UCITS ETF,CBOE_EUROPE,,,,cboe_europe_reference_data,,ETF,
9992,residual_review_required,etf,Potential non-common-equity or fund-like instrument needs review/exclusion policy before scoring.,,ASDVl,SS SPDR S&P Pan Asia Dividend Aristocrats UCITS ETF,CBOE_EUROPE,,,,cboe_europe_reference_data,,ETF,
9993,residual_review_required,etf;bond,Potential non-common-equity or fund-like instrument needs review/exclusion policy before scoring.,,ASGDx,iShares $ Asia Investment Grade Corp Bond UCITS ETF SGD Hedged (Acc),CBOE_EUROPE,,,,cboe_europe_reference_data,,ETF,
9995,residual_review_required,etf,Potential non-common-equity or fund-like instrument needs review/exclusion policy before scoring.,,ASHRl,Xtrackers Harvest CSI300 UCITS ETF,CBOE_EUROPE,,,,cboe_europe_reference_data,,ETF,
9996,residual_review_required,etf;bond,Potential non-common-equity or fund-like instrument needs review/exclusion policy before scoring.,,ASIGa,iShares Asia Investment Grade Corp Bond UCITS ETF,CBOE_EUROPE,,,,cboe_europe_reference_data,,ETF,
9997,residual_review_required,etf,Potential non-common-equity or fund-like instrument needs review/exclusion policy before scoring.,,ASILl,Amundi MSCI China ESG Selection Extra UCITS ETF,CBOE_EUROPE,,,,cboe_europe_reference_data,,ETF,
9998,residual_review_required,etf,Potential non-common-equity or fund-like instrument needs review/exclusion policy before scoring.,,ASIp,Amundi MSCI China ESG Selection Extra UCITS ETF,CBOE_EUROPE,,,,cboe_europe_reference_data,,ETF,
10008,residual_review_required,etf;bond,Potential non-common-equity or fund-like instrument needs review/exclusion policy before scoring.,,ASR3d,BNP Paribas Easy EUR Corp Bond SRI PAB 1-3Y UCITS ETF,CBOE_EUROPE,,,,cboe_europe_reference_data,,ETF,
10009,residual_review_required,etf,Potential non-common-equity or fund-like instrument needs review/exclusion policy before scoring.,,ASRDm,BNP Paribas Easy JPM Screened EMBI Global Diversified Composite,CBOE_EUROPE,,,,cboe_europe_reference_data,,ETF,
10010,residual_review_required,etf,Potential non-common-equity or fund-like instrument needs review/exclusion policy before scoring.,,ASREUm,UBS MSCI USA Socially Responsible UCITS ETF/Lux,CBOE_EUROPE,,,,cboe_europe_reference_data,,ETF,
10011,residual_review_required,etf;bond,Potential non-common-equity or fund-like instrument needs review/exclusion policy before scoring.,,ASREd,BNP Paribas Easy JPM Tilted EMU Government Bond IG 3-5Y,CBOE_EUROPE,,,,cboe_europe_reference_data,,ETF,
10012,residual_review_required,etf,Potential non-common-equity or fund-like instrument needs review/exclusion policy before scoring.,,ASRFd,BNP Paribas Easy EUR High Yield SRI Fossil Free UCITS ETF,CBOE_EUROPE,,,,cboe_europe_reference_data,,ETF,
10013,residual_review_required,etf;bond,Potential non-common-equity or fund-like instrument needs review/exclusion policy before scoring.,,ASRId,BNP Paribas Easy EUR Corp Bond SRI PAB UCITS ETF,CBOE_EUROPE,,,,cboe_europe_reference_data,,ETF,
10015,residual_review_required,etf,Potential non-common-equity or fund-like instrument needs review/exclusion policy before scoring.,,ASRUUz,UBS MSCI USA Socially Responsible UCITS ETF/Lux,CBOE_EUROPE,,,,cboe_europe_reference_data,,ETF,
10017,residual_review_required,etf,Potential non-common-equity or fund-like instrument needs review/exclusion policy before scoring.,,ASWCd,Future of Defence UCITS ETF,CBOE_EUROPE,,,,cboe_europe_reference_data,,ETF,
10018,residual_review_required,etf,Potential non-common-equity or fund-like instrument needs review/exclusion policy before scoring.,,ASWJd,Kotak Indo-Pacific Defence UCITS ETF,CBOE_EUROPE,,,,cboe_europe_reference_data,,ETF,
10019,residual_review_required,etf,Potential non-common-equity or fund-like instrument needs review/exclusion policy before scoring.,,ASWKd,Rex Tech Innovation Premium Income UCITS ETF,CBOE_EUROPE,,,,cboe_europe_reference_data,,ETF,
10020,residual_review_required,etf,Potential non-common-equity or fund-like instrument needs review/exclusion policy before scoring.,,ASWMd,Rex Crypto Equity Income & Growth UCITS ETF,CBOE_EUROPE,,,,cboe_europe_reference_data,,ETF,
10021,residual_review_required,etf;preferred_or_preference,Potential non-common-equity or fund-like instrument needs review/exclusion policy before scoring.,,ASWNd,Infrastructure Capital Preferred Income UCITS ETF,CBOE_EUROPE,,,,cboe_europe_reference_data,,ETF,
10025,residual_review_required,etf;bond,Potential non-common-equity or fund-like instrument needs review/exclusion policy before scoring.,,AT1l,Invesco USD AT1 CoCo Bond UCITS ETF,CBOE_EUROPE,,,,cboe_europe_reference_data,,ETF,
10049,residual_review_required,etf,Potential non-common-equity or fund-like instrument needs review/exclusion policy before scoring.,,AUADl,UBS MSCI Australia UCITS ETF,CBOE_EUROPE,,,,cboe_europe_reference_data,,ETF,
10051,residual_review_required,etf,Potential non-common-equity or fund-like instrument needs review/exclusion policy before scoring.,,AUCHAz,UBS Gold hCHF ETF,CBOE_EUROPE,,,,cboe_europe_reference_data,,ETF,
10052,residual_review_required,etf,Potential non-common-equity or fund-like instrument needs review/exclusion policy before scoring.,,AUCOa,L&G Gold Mining UCITS ETF,CBOE_EUROPE,,,,cboe_europe_reference_data,,ETF,
10053,residual_review_required,etf,Potential non-common-equity or fund-like instrument needs review/exclusion policy before scoring.,,AUCOm,L&G Gold Mining UCITS ETF,CBOE_EUROPE,,,,cboe_europe_reference_data,,ETF,
10054,residual_review_required,etf,Potential non-common-equity or fund-like instrument needs review/exclusion policy before scoring.,,AUCOz,L&G Gold Mining UCITS ETF,CBOE_EUROPE,,,,cboe_europe_reference_data,,ETF,
10055,residual_review_required,etf,Potential non-common-equity or fund-like instrument needs review/exclusion policy before scoring.,,AUCPl,L&G Gold Mining UCITS ETF,CBOE_EUROPE,,,,cboe_europe_reference_data,,ETF,
10057,residual_review_required,etf,Potential non-common-equity or fund-like instrument needs review/exclusion policy before scoring.,,AUEMl,Amundi MSCI Emerging Markets Swap UCITS ETF,CBOE_EUROPE,,,,cboe_europe_reference_data,,ETF,
10058,residual_review_required,etf,Potential non-common-equity or fund-like instrument needs review/exclusion policy before scoring.,,AUEMp,Amundi MSCI Emerging Markets Swap UCITS ETF,CBOE_EUROPE,,,,cboe_europe_reference_data,,ETF,
10059,residual_review_required,etf,Potential non-common-equity or fund-like instrument needs review/exclusion policy before scoring.,,AUEMz,Amundi MSCI Emerging Markets Swap UCITS ETF,CBOE_EUROPE,,,,cboe_europe_reference_data,,ETF,
10060,residual_review_required,etf,Potential non-common-equity or fund-like instrument needs review/exclusion policy before scoring.,,AUESGz,UBS MSCI Australia Universal UCITS ETF,CBOE_EUROPE,,,,cboe_europe_reference_data,,ETF,
10061,residual_review_required,etf,Potential non-common-equity or fund-like instrument needs review/exclusion policy before scoring.,,AUEUAz,UBS Gold hEUR ETF,CBOE_EUROPE,,,,cboe_europe_reference_data,,ETF,
10064,residual_review_required,etf,Potential non-common-equity or fund-like instrument needs review/exclusion policy before scoring.,,AUHCHz,UBS MSCI Australia UCITS ETF,CBOE_EUROPE,,,,cboe_europe_reference_data,,ETF,
10065,residual_review_required,etf,Potential non-common-equity or fund-like instrument needs review/exclusion policy before scoring.,,AUHEUz,UBS MSCI Australia UCITS ETF,CBOE_EUROPE,,,,cboe_europe_reference_data,,ETF,
10066,residual_review_required,etf,Potential non-common-equity or fund-like instrument needs review/exclusion policy before scoring.,,AUHGBz,UBS MSCI Australia UCITS ETF,CBOE_EUROPE,,,,cboe_europe_reference_data,,ETF,
10067,residual_review_required,etf,Potential non-common-equity or fund-like instrument needs review/exclusion policy before scoring.,,AUHUSz,UBS MSCI Australia UCITS ETF,CBOE_EUROPE,,,,cboe_europe_reference_data,,ETF,
10070,residual_review_required,etf,Potential non-common-equity or fund-like instrument needs review/exclusion policy before scoring.,,AUSAUm,UBS MSCI Australia UCITS ETF,CBOE_EUROPE,,,,cboe_europe_reference_data,,ETF,
10071,residual_review_required,etf,Potential non-common-equity or fund-like instrument needs review/exclusion policy before scoring.,,AUSAUz,UBS MSCI Australia UCITS ETF,CBOE_EUROPE,,,,cboe_europe_reference_data,,ETF,
10072,residual_review_required,etf,Potential non-common-equity or fund-like instrument needs review/exclusion policy before scoring.,,AUSAYz,UBS MSCI Australia UCITS ETF,CBOE_EUROPE,,,,cboe_europe_reference_data,,ETF,
10073,residual_review_required,etf,Potential non-common-equity or fund-like instrument needs review/exclusion policy before scoring.,,AUSCHz,UBS MSCI Australia UCITS ETF,CBOE_EUROPE,,,,cboe_europe_reference_data,,ETF,
10075,residual_review_required,etf,Potential non-common-equity or fund-like instrument needs review/exclusion policy before scoring.,,AUSSEp,BNP PARIBAS EASY ESG ENHANCED US UCITS ETF,CBOE_EUROPE,,,,cboe_europe_reference_data,,ETF,
10077,residual_review_required,etf,Potential non-common-equity or fund-like instrument needs review/exclusion policy before scoring.,,AUSTl,UBS MSCI Australia UCITS ETF,CBOE_EUROPE,,,,cboe_europe_reference_data,,ETF,
10078,residual_review_required,etf,Potential non-common-equity or fund-like instrument needs review/exclusion policy before scoring.,,AUSTm,Amundi Australia S&P/ASX 200 UCITS ETF,CBOE_EUROPE,,,,cboe_europe_reference_data,,ETF,
10084,residual_review_required,etf,Potential non-common-equity or fund-like instrument needs review/exclusion policy before scoring.,,AUUSIz,UBS Gold ETF,CBOE_EUROPE,,,,cboe_europe_reference_data,,ETF,
10088,residual_review_required,etf,Potential non-common-equity or fund-like instrument needs review/exclusion policy before scoring.,,AVGSl,Avantis Global Small Cap Value UCITS ETF,CBOE_EUROPE,,,,cboe_europe_reference_data,,ETF,
10095,residual_review_required,etf,Potential non-common-equity or fund-like instrument needs review/exclusion policy before scoring.,,AVWSd,Avantis Global Small Cap Value UCITS ETF,CBOE_EUROPE,,,,cboe_europe_reference_data,,ETF,
10097,residual_review_required,etf,Potential non-common-equity or fund-like instrument needs review/exclusion policy before scoring.,,AW10d,UBS MSCI World ex USA Climate Paris Aligned UCITS ETF,CBOE_EUROPE,,,,cboe_europe_reference_data,,ETF,
10098,residual_review_required,etf,Potential non-common-equity or fund-like instrument needs review/exclusion policy before scoring.,,AW12d,UBS MSCI EM Climate Paris Aligned UCITS ETF,CBOE_EUROPE,,,,cboe_europe_reference_data,,ETF,
10099,residual_review_required,etf,Potential non-common-equity or fund-like instrument needs review/exclusion policy before scoring.,,AW15d,UBS MSCI Japan Climate Paris Aligned UCITS ETF,CBOE_EUROPE,,,,cboe_europe_reference_data,,ETF,
10100,residual_review_required,etf,Potential non-common-equity or fund-like instrument needs review/exclusion policy before scoring.,,AW1Bd,UBS S&P 500 ESG Elite UCITS ETF,CBOE_EUROPE,,,,cboe_europe_reference_data,,ETF,
10101,residual_review_required,etf,Potential non-common-equity or fund-like instrument needs review/exclusion policy before scoring.,,AW1Cd,UBS S&P 500 ESG Elite UCITS ETF,CBOE_EUROPE,,,,cboe_europe_reference_data,,ETF,
10102,residual_review_required,etf,Potential non-common-equity or fund-like instrument needs review/exclusion policy before scoring.,,AW1Hd,UBS MSCI EMU Universal UCITS ETF,CBOE_EUROPE,,,,cboe_europe_reference_data,,ETF,
10103,residual_review_required,etf,Potential non-common-equity or fund-like instrument needs review/exclusion policy before scoring.,,AW1Id,UBS MSCI Japan Universal UCITS ETF,CBOE_EUROPE,,,,cboe_europe_reference_data,,ETF,
10104,residual_review_required,etf,Potential non-common-equity or fund-like instrument needs review/exclusion policy before scoring.,,AW1Pd,UBS MSCI ACWI Socially Responsible UCITS ETF,CBOE_EUROPE,,,,cboe_europe_reference_data,,ETF,
10105,residual_review_required,etf,Potential non-common-equity or fund-like instrument needs review/exclusion policy before scoring.,,AW1Zd,UBS MSCI EMU Climate Paris Aligned UCITS ETF,CBOE_EUROPE,,,,cboe_europe_reference_data,,ETF,
10106,residual_review_required,etf,Potential non-common-equity or fund-like instrument needs review/exclusion policy before scoring.,,AWATp,Amundi PEA Eau (MSCI Water) UCITS ETF,CBOE_EUROPE,,,,cboe_europe_reference_data,,ETF,
10107,residual_review_required,etf,Potential non-common-equity or fund-like instrument needs review/exclusion policy before scoring.,,AWDEm,BNP PARIBAS EASY II MSCI World PAB UCITS ETF,CBOE_EUROPE,,,,cboe_europe_reference_data,,ETF,
10108,residual_review_required,etf,Potential non-common-equity or fund-like instrument needs review/exclusion policy before scoring.,,AWDSRp,BNP Paribas Easy ESG Enhanced World UCITS ETF,CBOE_EUROPE,,,,cboe_europe_reference_data,,ETF,
10109,residual_review_required,etf,Potential non-common-equity or fund-like instrument needs review/exclusion policy before scoring.,,AWESGz,UBS MSCI ACWI Universal UCITS ETF,CBOE_EUROPE,,,,cboe_europe_reference_data,,ETF,
10110,residual_review_required,etf,Potential non-common-equity or fund-like instrument needs review/exclusion policy before scoring.,,AWESIz,UBS MSCI ACWI Universal UCITS ETF,CBOE_EUROPE,,,,cboe_europe_reference_data,,ETF,
10111,residual_review_required,etf,Potential non-common-equity or fund-like instrument needs review/exclusion policy before scoring.,,AWESNz,UBS MSCI ACWI Universal UCITS ETF,CBOE_EUROPE,,,,cboe_europe_reference_data,,ETF,
10112,residual_review_required,etf,Potential non-common-equity or fund-like instrument needs review/exclusion policy before scoring.,,AWESOz,UBS MSCI ACWI Universal UCITS ETF,CBOE_EUROPE,,,,cboe_europe_reference_data,,ETF,
10113,residual_review_required,etf,Potential non-common-equity or fund-like instrument needs review/exclusion policy before scoring.,,AWSRLz,UBS MSCI ACWI Socially Responsible UCITS ETF,CBOE_EUROPE,,,,cboe_europe_reference_data,,ETF,
10114,residual_review_required,etf,Potential non-common-equity or fund-like instrument needs review/exclusion policy before scoring.,,AWSRl,UBS MSCI ACWI Socially Responsible UCITS ETF,CBOE_EUROPE,,,,cboe_europe_reference_data,,ETF,
10116,residual_review_required,etf,Potential non-common-equity or fund-like instrument needs review/exclusion policy before scoring.,,AXEEa,iShares Asia ex Japan Equity Enhanced Active UCITS ETF,CBOE_EUROPE,,,,cboe_europe_reference_data,,ETF,
10117,residual_review_required,etf,Potential non-common-equity or fund-like instrument needs review/exclusion policy before scoring.,,AXEEl,iShares Asia ex Japan Equity Enhanced Active UCITS ETF,CBOE_EUROPE,,,,cboe_europe_reference_data,,ETF,
10125,residual_review_required,etf;bond,Potential non-common-equity or fund-like instrument needs review/exclusion policy before scoring.,,AYE2d,iShares EUR High Yield Corp Bond ESG SRI UCITS ETF,CBOE_EUROPE,,,,cboe_europe_reference_data,,ETF,
10126,residual_review_required,etf,Potential non-common-equity or fund-like instrument needs review/exclusion policy before scoring.,,AYEMd,iShares MSCI EM IMI Screened UCITS ETF,CBOE_EUROPE,,,,cboe_europe_reference_data,,ETF,
10127,residual_review_required,etf,Potential non-common-equity or fund-like instrument needs review/exclusion policy before scoring.,,AYEPd,iShares Asia Property Yield UCITS ETF,CBOE_EUROPE,,,,cboe_europe_reference_data,,ETF,
10128,residual_review_required,etf,Potential non-common-equity or fund-like instrument needs review/exclusion policy before scoring.,,AYEUd,iShares Smart City Infrastructure UCITS ETF,CBOE_EUROPE,,,,cboe_europe_reference_data,,ETF,
10129,residual_review_required,etf,Potential non-common-equity or fund-like instrument needs review/exclusion policy before scoring.,,AYEVd,iShares Smart City Infrastructure UCITS ETF,CBOE_EUROPE,,,,cboe_europe_reference_data,,ETF,
10130,residual_review_required,etf,Potential non-common-equity or fund-like instrument needs review/exclusion policy before scoring.,,AYEWd,iShares MSCI World Information Technology Sector Advanced UCITS ETF,CBOE_EUROPE,,,,cboe_europe_reference_data,,ETF,
10140,residual_review_required,etf,Potential non-common-equity or fund-like instrument needs review/exclusion policy before scoring.,,B26Ap,iShares iBonds Dec 2026 Term EUR Corp UCITS ETF,CBOE_EUROPE,,,,cboe_europe_reference_data,,ETF,
10141,residual_review_required,etf,Potential non-common-equity or fund-like instrument needs review/exclusion policy before scoring.,,B28Ap,iShares iBonds Dec 2028 Term EUR Corp UCITS ETF,CBOE_EUROPE,,,,cboe_europe_reference_data,,ETF,
10144,residual_review_required,etf,Potential non-common-equity or fund-like instrument needs review/exclusion policy before scoring.,,B41Jd,GLOBAL X EUROPEAN INFRASTRUCTURE DEVELOPMENT UCITS ETF,CBOE_EUROPE,,,,cboe_europe_reference_data,,ETF,
10146,residual_review_required,etf,Potential non-common-equity or fund-like instrument needs review/exclusion policy before scoring.,,B500d,Amundi S&P 500 Buyback UCITS ETF,CBOE_EUROPE,,,,cboe_europe_reference_data,,ETF,
10147,residual_review_required,etf,Potential non-common-equity or fund-like instrument needs review/exclusion policy before scoring.,,B500m,Amundi S&P 500 Buyback UCITS ETF,CBOE_EUROPE,,,,cboe_europe_reference_data,,ETF,
10172,residual_review_required,etf,Potential non-common-equity or fund-like instrument needs review/exclusion policy before scoring.,,BATEd,L&G Battery Value-Chain UCITS ETF,CBOE_EUROPE,,,,cboe_europe_reference_data,,ETF,
10173,residual_review_required,etf,Potential non-common-equity or fund-like instrument needs review/exclusion policy before scoring.,,BATGl,L&G Battery Value-Chain UCITS ETF,CBOE_EUROPE,,,,cboe_europe_reference_data,,ETF,
10175,residual_review_required,etf,Potential non-common-equity or fund-like instrument needs review/exclusion policy before scoring.,,BATTl,L&G Battery Value-Chain UCITS ETF,CBOE_EUROPE,,,,cboe_europe_reference_data,,ETF,
10179,residual_review_required,etf;bond,Potential non-common-equity or fund-like instrument needs review/exclusion policy before scoring.,,BB3Ml,JPMorgan Betabuilders US Treasury Bond 0-3 Months UCITS ETF,CBOE_EUROPE,,,,cboe_europe_reference_data,,ETF,
10180,residual_review_required,etf,Potential non-common-equity or fund-like instrument needs review/exclusion policy before scoring.,,BBDSl,JPMorgan Betabuilders US Small Cap Equity UCITS ETF,CBOE_EUROPE,,,,cboe_europe_reference_data,,ETF,
10181,residual_review_required,etf;bond,Potential non-common-equity or fund-like instrument needs review/exclusion policy before scoring.,,BBEGd,JPMorgan BetaBuilders EUR Govt Bond UCITS ETF,CBOE_EUROPE,,,,cboe_europe_reference_data,,ETF,
10182,residual_review_required,etf;bond,Potential non-common-equity or fund-like instrument needs review/exclusion policy before scoring.,,BBEGm,JPMorgan BetaBuilders EUR Govt Bond UCITS ETF,CBOE_EUROPE,,,,cboe_europe_reference_data,,ETF,
10183,residual_review_required,etf;bond,Potential non-common-equity or fund-like instrument needs review/exclusion policy before scoring.,,BBEGz,JPMorgan BetaBuilders EUR Govt Bond UCITS ETF,CBOE_EUROPE,,,,cboe_europe_reference_data,,ETF,
10184,residual_review_required,etf;bond,Potential non-common-equity or fund-like instrument needs review/exclusion policy before scoring.,,BBILl,JPMorgan BetaBuilders US Treasury Bond 0-1 YR UCITS ETF,CBOE_EUROPE,,,,cboe_europe_reference_data,,ETF,
10185,residual_review_required,etf;bond,Potential non-common-equity or fund-like instrument needs review/exclusion policy before scoring.,,BBLLd,JPMorgan BetaBuilders US Treasury Bond 0-1 YR UCITS ETF,CBOE_EUROPE,,,,cboe_europe_reference_data,,ETF,
10186,residual_review_required,etf;bond,Potential non-common-equity or fund-like instrument needs review/exclusion policy before scoring.,,BBLLl,JPMorgan BetaBuilders US Treasury Bond 0-1 YR UCITS ETF,CBOE_EUROPE,,,,cboe_europe_reference_data,,ETF,
10189,residual_review_required,etf;bond,Potential non-common-equity or fund-like instrument needs review/exclusion policy before scoring.,,BBRTl,JPMorgan BetaBuilders US Treasury Bond UCITS ETF,CBOE_EUROPE,,,,cboe_europe_reference_data,,ETF,
10190,residual_review_required,etf,Potential non-common-equity or fund-like instrument needs review/exclusion policy before scoring.,,BBSDl,JPMorgan Betabuilders US Small Cap Equity UCITS ETF,CBOE_EUROPE,,,,cboe_europe_reference_data,,ETF,
10191,residual_review_required,etf;bond,Potential non-common-equity or fund-like instrument needs review/exclusion policy before scoring.,,BBTPl,JPMorgan BetaBuilders US Treasury Bond UCITS ETF,CBOE_EUROPE,,,,cboe_europe_reference_data,,ETF,
10192,residual_review_required,etf;bond,Potential non-common-equity or fund-like instrument needs review/exclusion policy before scoring.,,BBTRd,JPMorgan BetaBuilders US Treasury Bond UCITS ETF,CBOE_EUROPE,,,,cboe_europe_reference_data,,ETF,
10193,residual_review_required,etf;bond,Potential non-common-equity or fund-like instrument needs review/exclusion policy before scoring.,,BBTRl,JPMorgan BetaBuilders US Treasury Bond UCITS ETF,CBOE_EUROPE,,,,cboe_europe_reference_data,,ETF,
10194,residual_review_required,etf;bond,Potential non-common-equity or fund-like instrument needs review/exclusion policy before scoring.,,BBTRz,JPMorgan BetaBuilders US Treasury Bond UCITS ETF,CBOE_EUROPE,,,,cboe_europe_reference_data,,ETF,
10195,residual_review_required,etf,Potential non-common-equity or fund-like instrument needs review/exclusion policy before scoring.,,BBUDl,JPMorgan Betabuilders US Equity UCITS ETF,CBOE_EUROPE,,,,cboe_europe_reference_data,,ETF,
10196,residual_review_required,etf,Potential non-common-equity or fund-like instrument needs review/exclusion policy before scoring.,,BBVAEe,BBVA Accion Dow Jones Euro STOXX 50,CBOE_EUROPE,,,,cboe_europe_reference_data,,ETF,
10197,residual_review_required,etf,Potential non-common-equity or fund-like instrument needs review/exclusion policy before scoring.,,BBVAIe,Accion Ibex 35 ETF FI Cotizado Armonizado,CBOE_EUROPE,,,,cboe_europe_reference_data,,ETF,
10203,residual_review_required,etf,Potential non-common-equity or fund-like instrument needs review/exclusion policy before scoring.,,BCFEd,UBS BBG Commodity CMCI SF UCITS ETF,CBOE_EUROPE,,,,cboe_europe_reference_data,,ETF,
10204,residual_review_required,etf,Potential non-common-equity or fund-like instrument needs review/exclusion policy before scoring.,,BCFRd,UBS Solactive US Listed Gold & Silver Miners UCITS ETF,CBOE_EUROPE,,,,cboe_europe_reference_data,,ETF,
10207,residual_review_required,etf,Potential non-common-equity or fund-like instrument needs review/exclusion policy before scoring.,,BCHNl,Invesco CoinShares Global Blockchain UCITS ETF,CBOE_EUROPE,,,,cboe_europe_reference_data,,ETF,
10208,residual_review_required,etf,Potential non-common-equity or fund-like instrument needs review/exclusion policy before scoring.,,BCHNm,Invesco CoinShares Global Blockchain UCITS ETF,CBOE_EUROPE,,,,cboe_europe_reference_data,,ETF,
10210,residual_review_required,etf,Potential non-common-equity or fund-like instrument needs review/exclusion policy before scoring.,,BCHSl,Invesco CoinShares Global Blockchain UCITS ETF,CBOE_EUROPE,,,,cboe_europe_reference_data,,ETF,
10211,residual_review_required,etf,Potential non-common-equity or fund-like instrument needs review/exclusion policy before scoring.,,BCOMl,L&G All Commodities UCITS ETF,CBOE_EUROPE,,,,cboe_europe_reference_data,,ETF,
10229,residual_review_required,etf,Potential non-common-equity or fund-like instrument needs review/exclusion policy before scoring.,,BELb,Amundi BEL 20 UCITS ETF,CBOE_EUROPE,,,,cboe_europe_reference_data,,ETF,
10235,residual_review_required,etf,Potential non-common-equity or fund-like instrument needs review/exclusion policy before scoring.,,BERMIm,Amundi FTSE MIB Daily -1X Inverse UCITS ETF,CBOE_EUROPE,,,,cboe_europe_reference_data,,ETF,
10276,residual_review_required,etf,Potential non-common-equity or fund-like instrument needs review/exclusion policy before scoring.,,BIMz,Bonhote-Immobilier SICAV-BIM,CBOE_EUROPE,,,,cboe_europe_reference_data,,ETF,
10287,residual_review_required,etf,Potential non-common-equity or fund-like instrument needs review/exclusion policy before scoring.,,BIOTa,L&G Pharma Breakthrough UCITS ETF,CBOE_EUROPE,,,,cboe_europe_reference_data,,ETF,
10288,residual_review_required,etf,Potential non-common-equity or fund-like instrument needs review/exclusion policy before scoring.,,BIOTm,L&G Pharma Breakthrough UCITS ETF,CBOE_EUROPE,,,,cboe_europe_reference_data,,ETF,
10290,residual_review_required,bond,Potential non-common-equity or fund-like instrument needs review/exclusion policy before scoring.,,BIPSl,Invesco Bond Income Plus Ltd,CBOE_EUROPE,,,,cboe_europe_reference_data,,EQTY,
10302,residual_review_required,etf,Potential non-common-equity or fund-like instrument needs review/exclusion policy before scoring.,,BJL1d,BNP Paribas Easy JPM Screened EMBI Global Diversified Composite,CBOE_EUROPE,,,,cboe_europe_reference_data,,ETF,
10303,residual_review_required,etf,Potential non-common-equity or fund-like instrument needs review/exclusion policy before scoring.,,BJL2d,BNP Paribas Easy JPM Screened EMBI Global Diversified Composite,CBOE_EUROPE,,,,cboe_europe_reference_data,,ETF,
10304,residual_review_required,etf,Potential non-common-equity or fund-like instrument needs review/exclusion policy before scoring.,,BJLEd,BNP Paribas Easy ECPI Global ESG Blue Economy UCITS ETF,CBOE_EUROPE,,,,cboe_europe_reference_data,,ETF,
10305,residual_review_required,etf,Potential non-common-equity or fund-like instrument needs review/exclusion policy before scoring.,,BKCGl,Global X Blockchain UCITS ETF,CBOE_EUROPE,,,,cboe_europe_reference_data,,ETF,
10306,residual_review_required,etf,Potential non-common-equity or fund-like instrument needs review/exclusion policy before scoring.,,BKCHl,Global X Blockchain UCITS ETF,CBOE_EUROPE,,,,cboe_europe_reference_data,,ETF,
10307,residual_review_required,etf,Potential non-common-equity or fund-like instrument needs review/exclusion policy before scoring.,,BKCHm,Global X Blockchain UCITS ETF,CBOE_EUROPE,,,,cboe_europe_reference_data,,ETF,
10308,residual_review_required,etf,Potential non-common-equity or fund-like instrument needs review/exclusion policy before scoring.,,BKCHz,Global X Blockchain UCITS ETF,CBOE_EUROPE,,,,cboe_europe_reference_data,,ETF,
10309,residual_review_required,etf,Potential non-common-equity or fund-like instrument needs review/exclusion policy before scoring.,,BKCNl,Wisdomtree Blockchain UCITS ETF,CBOE_EUROPE,,,,cboe_europe_reference_data,,ETF,
10317,residual_review_required,etf,Potential non-common-equity or fund-like instrument needs review/exclusion policy before scoring.,,BLCHd,Global X Blockchain UCITS ETF,CBOE_EUROPE,,,,cboe_europe_reference_data,,ETF,
10321,residual_review_required,etf,Potential non-common-equity or fund-like instrument needs review/exclusion policy before scoring.,,BLKCa,iShares Blockchain Technology UCITS ETF,CBOE_EUROPE,,,,cboe_europe_reference_data,,ETF,
10322,residual_review_required,etf,Potential non-common-equity or fund-like instrument needs review/exclusion policy before scoring.,,BLKCl,iShares Blockchain Technology UCITS ETF,CBOE_EUROPE,,,,cboe_europe_reference_data,,ETF,
10324,residual_review_required,etf,Potential non-common-equity or fund-like instrument needs review/exclusion policy before scoring.,,BLOKl,First Trust Indxx Innovative Transaction & Process UCITS ETF,CBOE_EUROPE,,,,cboe_europe_reference_data,,ETF,
10325,residual_review_required,etf,Potential non-common-equity or fund-like instrument needs review/exclusion policy before scoring.,,BLOKm,First Trust Indxx Innovative Transaction & Process UCITS ETF,CBOE_EUROPE,,,,cboe_europe_reference_data,,ETF,
10326,residual_review_required,etf,Potential non-common-equity or fund-like instrument needs review/exclusion policy before scoring.,,BLTHm,iShares Blockchain Technology UCITS ETF,CBOE_EUROPE,,,,cboe_europe_reference_data,,ETF,
10327,residual_review_required,etf;bond,Potential non-common-equity or fund-like instrument needs review/exclusion policy before scoring.,,BLTNa,iShares Brazil LTN BRL Govt Bond UCITS ETF DE,CBOE_EUROPE,,,,cboe_europe_reference_data,,ETF,
10342,residual_review_required,etf,Potential non-common-equity or fund-like instrument needs review/exclusion policy before scoring.,,BNKEp,Amundi Euro Stoxx Banks UCITS ETF,CBOE_EUROPE,,,,cboe_europe_reference_data,,ETF,
10344,residual_review_required,etf,Potential non-common-equity or fund-like instrument needs review/exclusion policy before scoring.,,BNKSl,iShares S&P US Banks UCITS ETF,CBOE_EUROPE,,,,cboe_europe_reference_data,,ETF,
10345,residual_review_required,etf,Potential non-common-equity or fund-like instrument needs review/exclusion policy before scoring.,,BNKTa,iShares S&P US Banks UCITS ETF,CBOE_EUROPE,,,,cboe_europe_reference_data,,ETF,
10346,residual_review_required,etf,Potential non-common-equity or fund-like instrument needs review/exclusion policy before scoring.,,BNKm,Amundi Stoxx Europe 600 Banks UCITS ETF,CBOE_EUROPE,,,,cboe_europe_reference_data,,ETF,
10347,residual_review_required,etf,Potential non-common-equity or fund-like instrument needs review/exclusion policy before scoring.,,BNKp,Amundi Stoxx Europe 600 Banks UCITS ETF,CBOE_EUROPE,,,,cboe_europe_reference_data,,ETF,
10353,residual_review_required,etf,Potential non-common-equity or fund-like instrument needs review/exclusion policy before scoring.,,BNXGd,Invesco CoinShares Global Blockchain UCITS ETF,CBOE_EUROPE,,,,cboe_europe_reference_data,,ETF,
10376,residual_review_required,etf,Potential non-common-equity or fund-like instrument needs review/exclusion policy before scoring.,,BOTGl,Global X Robotics & Artificial Intelligence UCITS ETF,CBOE_EUROPE,,,,cboe_europe_reference_data,,ETF,
10377,residual_review_required,etf,Potential non-common-equity or fund-like instrument needs review/exclusion policy before scoring.,,BOTZl,Global X Robotics & Artificial Intelligence UCITS ETF,CBOE_EUROPE,,,,cboe_europe_reference_data,,ETF,
10378,residual_review_required,etf,Potential non-common-equity or fund-like instrument needs review/exclusion policy before scoring.,,BOTZm,Global X Robotics & Artificial Intelligence UCITS ETF,CBOE_EUROPE,,,,cboe_europe_reference_data,,ETF,
10379,residual_review_required,etf,Potential non-common-equity or fund-like instrument needs review/exclusion policy before scoring.,,BOTZz,Global X Robotics & Artificial Intelligence UCITS ETF,CBOE_EUROPE,,,,cboe_europe_reference_data,,ETF,
10385,residual_review_required,fund,Potential non-common-equity or fund-like instrument needs review/exclusion policy before scoring.,,BPCPl,BioPharma Credit PLC/The Fund,CBOE_EUROPE,,,,cboe_europe_reference_data,,EQTY,
10386,residual_review_required,fund,Potential non-common-equity or fund-like instrument needs review/exclusion policy before scoring.,,BPCRl,BioPharma Credit PLC/The Fund,CBOE_EUROPE,,,,cboe_europe_reference_data,,EQTY,
10390,residual_review_required,etf,Potential non-common-equity or fund-like instrument needs review/exclusion policy before scoring.,,BPUEd,Nordea ETF ICAV - BetaPlus Enhanced European Select Equity UCITS ETF,CBOE_EUROPE,,,,cboe_europe_reference_data,,ETF,
10394,residual_review_required,etf,Potential non-common-equity or fund-like instrument needs review/exclusion policy before scoring.,,BRAm,Amundi MSCI Brazil UCITS ETF,CBOE_EUROPE,,,,cboe_europe_reference_data,,ETF,
10399,residual_review_required,etf,Potential non-common-equity or fund-like instrument needs review/exclusion policy before scoring.,,BRESm,Amundi Stoxx Europe 600 Basic Resources UCITS ETF,CBOE_EUROPE,,,,cboe_europe_reference_data,,ETF,
10400,residual_review_required,etf,Potential non-common-equity or fund-like instrument needs review/exclusion policy before scoring.,,BRESp,Amundi Stoxx Europe 600 Basic Resources UCITS ETF,CBOE_EUROPE,,,,cboe_europe_reference_data,,ETF,
10405,residual_review_required,etf,Potential non-common-equity or fund-like instrument needs review/exclusion policy before scoring.,,BRICa,iShares BIC 50 UCITS ETF,CBOE_EUROPE,,,,cboe_europe_reference_data,,ETF,
10406,residual_review_required,etf,Potential non-common-equity or fund-like instrument needs review/exclusion policy before scoring.,,BRIJm,GLOBAL X EUROPEAN INFRASTRUCTURE DEVELOPMENT UCITS ETF,CBOE_EUROPE,,,,cboe_europe_reference_data,,ETF,
10423,residual_review_required,etf;bond,Potential non-common-equity or fund-like instrument needs review/exclusion policy before scoring.,,BS6Al,Invesco BulletShares 2026 USD Corporate Bond UCITS ETF,CBOE_EUROPE,,,,cboe_europe_reference_data,,ETF,
10425,residual_review_required,etf;bond,Potential non-common-equity or fund-like instrument needs review/exclusion policy before scoring.,,BSE0d,Invesco BulletShares 2030 EUR Corporate Bond UCITS ETF,CBOE_EUROPE,,,,cboe_europe_reference_data,,ETF,
10426,residual_review_required,etf;bond,Potential non-common-equity or fund-like instrument needs review/exclusion policy before scoring.,,BSE6d,Invesco BulletShares 2026 EUR Corporate Bond UCITS ETF,CBOE_EUROPE,,,,cboe_europe_reference_data,,ETF,
10427,residual_review_required,etf;bond,Potential non-common-equity or fund-like instrument needs review/exclusion policy before scoring.,,BSE7d,Invesco BulletShares 2027 EUR Corporate Bond UCITS ETF,CBOE_EUROPE,,,,cboe_europe_reference_data,,ETF,
10428,residual_review_required,etf;bond,Potential non-common-equity or fund-like instrument needs review/exclusion policy before scoring.,,BSE8d,Invesco BulletShares 2028 EUR Corporate Bond UCITS ETF,CBOE_EUROPE,,,,cboe_europe_reference_data,,ETF,
10429,residual_review_required,etf;bond,Potential non-common-equity or fund-like instrument needs review/exclusion policy before scoring.,,BSE9d,Invesco BulletShares 2029 EUR Corporate Bond UCITS ETF,CBOE_EUROPE,,,,cboe_europe_reference_data,,ETF,
10430,residual_review_required,fund,Potential non-common-equity or fund-like instrument needs review/exclusion policy before scoring.,,BSIFl,Bluefield Solar Income Fund Ltd,CBOE_EUROPE,,,,cboe_europe_reference_data,,EQTY,
10437,residual_review_required,etf,Potential non-common-equity or fund-like instrument needs review/exclusion policy before scoring.,,BSXm,Amundi EURO STOXX 50 Daily -1X Inverse UCITS ETF,CBOE_EUROPE,,,,cboe_europe_reference_data,,ETF,
10438,residual_review_required,etf,Potential non-common-equity or fund-like instrument needs review/exclusion policy before scoring.,,BSXp,Amundi EURO STOXX 50 Daily -1X Inverse UCITS ETF,CBOE_EUROPE,,,,cboe_europe_reference_data,,ETF,
10459,residual_review_required,etf,Potential non-common-equity or fund-like instrument needs review/exclusion policy before scoring.,,BTECJm,Fineco AM MarketVectorTM Bioproduction Tech and Tools Sustainable UCITS ETF,CBOE_EUROPE,,,,cboe_europe_reference_data,,ETF,
10460,residual_review_required,etf,Potential non-common-equity or fund-like instrument needs review/exclusion policy before scoring.,,BTECl,iShares Nasdaq US Biotechnology UCITS ETF,CBOE_EUROPE,,,,cboe_europe_reference_data,,ETF,
10461,residual_review_required,etf,Potential non-common-equity or fund-like instrument needs review/exclusion policy before scoring.,,BTEEl,iShares Nasdaq US Biotechnology UCITS ETF,CBOE_EUROPE,,,,cboe_europe_reference_data,,ETF,
10462,residual_review_required,etf,Potential non-common-equity or fund-like instrument needs review/exclusion policy before scoring.,,BTEKl,iShares Nasdaq US Biotechnology UCITS ETF,CBOE_EUROPE,,,,cboe_europe_reference_data,,ETF,
10469,residual_review_required,etf;bond,Potential non-common-equity or fund-like instrument needs review/exclusion policy before scoring.,,BTMAa,iShares USD Treasury Bond 7-10yr UCITS ETF,CBOE_EUROPE,,,,cboe_europe_reference_data,,ETF,
10470,residual_review_required,etf;bond,Potential non-common-equity or fund-like instrument needs review/exclusion policy before scoring.,,BTP10m,Amundi Italy BTP Government Bond 10Y UCITS ETF,CBOE_EUROPE,,,,cboe_europe_reference_data,,ETF,
10471,residual_review_required,etf;bond,Potential non-common-equity or fund-like instrument needs review/exclusion policy before scoring.,,BTP13m,Amundi Italy BTP Government Bond 1-3Y UCITS ETF,CBOE_EUROPE,,,,cboe_europe_reference_data,,ETF,
10472,residual_review_required,etf,Potential non-common-equity or fund-like instrument needs review/exclusion policy before scoring.,,BTP2Sm,Amundi Italy BTP Daily -2x Inverse UCITS ETF,CBOE_EUROPE,,,,cboe_europe_reference_data,,ETF,
10473,residual_review_required,etf,Potential non-common-equity or fund-like instrument needs review/exclusion policy before scoring.,,BTPSp,Amundi Italy BTP Daily -2x Inverse UCITS ETF,CBOE_EUROPE,,,,cboe_europe_reference_data,,ETF,
10479,residual_review_required,etf,Potential non-common-equity or fund-like instrument needs review/exclusion policy before scoring.,,BUGGl,Global X Cybersecurity UCITS ETF,CBOE_EUROPE,,,,cboe_europe_reference_data,,ETF,
10480,residual_review_required,etf,Potential non-common-equity or fund-like instrument needs review/exclusion policy before scoring.,,BUGUz,Global X Cybersecurity UCITS ETF,CBOE_EUROPE,,,,cboe_europe_reference_data,,ETF,
10481,residual_review_required,etf,Potential non-common-equity or fund-like instrument needs review/exclusion policy before scoring.,,BUGd,Global X Cybersecurity UCITS ETF,CBOE_EUROPE,,,,cboe_europe_reference_data,,ETF,
10482,residual_review_required,etf,Potential non-common-equity or fund-like instrument needs review/exclusion policy before scoring.,,BUGl,Global X Cybersecurity UCITS ETF,CBOE_EUROPE,,,,cboe_europe_reference_data,,ETF,
10483,residual_review_required,etf,Potential non-common-equity or fund-like instrument needs review/exclusion policy before scoring.,,BUGm,Global X Cybersecurity UCITS ETF,CBOE_EUROPE,,,,cboe_europe_reference_data,,ETF,
10487,residual_review_required,etf,Potential non-common-equity or fund-like instrument needs review/exclusion policy before scoring.,,BUND2m,Amundi German Bund Daily -2x Inverse UCITS ETF,CBOE_EUROPE,,,,cboe_europe_reference_data,,ETF,
10491,residual_review_required,etf,Potential non-common-equity or fund-like instrument needs review/exclusion policy before scoring.,,BUYBl,Invesco Global Buyback Achievers UCITS ETF,CBOE_EUROPE,,,,cboe_europe_reference_data,,ETF,
10492,residual_review_required,etf,Potential non-common-equity or fund-like instrument needs review/exclusion policy before scoring.,,BUYBm,Invesco Global Buyback Achievers UCITS ETF,CBOE_EUROPE,,,,cboe_europe_reference_data,,ETF,
10493,residual_review_required,etf,Potential non-common-equity or fund-like instrument needs review/exclusion policy before scoring.,,BUYBz,Invesco Global Buyback Achievers UCITS ETF,CBOE_EUROPE,,,,cboe_europe_reference_data,,ETF,
10504,residual_review_required,etf,Potential non-common-equity or fund-like instrument needs review/exclusion policy before scoring.,,BX4p,Amundi CAC 40 Daily -2X Inverse UCITS ETF,CBOE_EUROPE,,,,cboe_europe_reference_data,,ETF,
10505,residual_review_required,etf,Potential non-common-equity or fund-like instrument needs review/exclusion policy before scoring.,,BXXm,Amundi EURO STOXX 50 Daily -2X Inverse UCITS ETF,CBOE_EUROPE,,,,cboe_europe_reference_data,,ETF,
10506,residual_review_required,etf,Potential non-common-equity or fund-like instrument needs review/exclusion policy before scoring.,,BXXp,Amundi EURO STOXX 50 Daily -2X Inverse UCITS ETF,CBOE_EUROPE,,,,cboe_europe_reference_data,,ETF,
10507,residual_review_required,etf,Potential non-common-equity or fund-like instrument needs review/exclusion policy before scoring.,,BYBGl,Amundi S&P 500 Buyback UCITS ETF,CBOE_EUROPE,,,,cboe_europe_reference_data,,ETF,
10515,residual_review_required,etf,Potential non-common-equity or fund-like instrument needs review/exclusion policy before scoring.,,C001d,Amundi Core DAX UCITS ETF,CBOE_EUROPE,,,,cboe_europe_reference_data,,ETF,
10516,residual_review_required,etf,Potential non-common-equity or fund-like instrument needs review/exclusion policy before scoring.,,C002d,Amundi Core DAX UCITS ETF,CBOE_EUROPE,,,,cboe_europe_reference_data,,ETF,
10517,residual_review_required,etf,Potential non-common-equity or fund-like instrument needs review/exclusion policy before scoring.,,C003d,Amundi DivDAX UCITS ETF,CBOE_EUROPE,,,,cboe_europe_reference_data,,ETF,
10518,residual_review_required,etf,Potential non-common-equity or fund-like instrument needs review/exclusion policy before scoring.,,C005d,Amundi SDAX UCITS ETF,CBOE_EUROPE,,,,cboe_europe_reference_data,,ETF,
10519,residual_review_required,etf,Potential non-common-equity or fund-like instrument needs review/exclusion policy before scoring.,,C006d,Amundi FAZ 100 UCITS ETF,CBOE_EUROPE,,,,cboe_europe_reference_data,,ETF,
10520,residual_review_required,etf,Potential non-common-equity or fund-like instrument needs review/exclusion policy before scoring.,,C007d,Amundi MDAX ESG UCITS ETF,CBOE_EUROPE,,,,cboe_europe_reference_data,,ETF,
10521,residual_review_required,etf,Potential non-common-equity or fund-like instrument needs review/exclusion policy before scoring.,,C024d,Amundi Core MSCI China A Swap UCITS ETF,CBOE_EUROPE,,,,cboe_europe_reference_data,,ETF,
10522,residual_review_required,etf,Potential non-common-equity or fund-like instrument needs review/exclusion policy before scoring.,,C026d,Amundi Core MSCI China A Swap UCITS ETF,CBOE_EUROPE,,,,cboe_europe_reference_data,,ETF,
10523,residual_review_required,etf,Potential non-common-equity or fund-like instrument needs review/exclusion policy before scoring.,,C030d,Amundi DJ Switzerland Titans 30 UCITS ETF,CBOE_EUROPE,,,,cboe_europe_reference_data,,ETF,
10524,residual_review_required,etf,Potential non-common-equity or fund-like instrument needs review/exclusion policy before scoring.,,C1Up,Amundi MSCI UK IMI SRI Climate Paris Aligned ETF,CBOE_EUROPE,,,,cboe_europe_reference_data,,ETF,
10525,residual_review_required,etf,Potential non-common-equity or fund-like instrument needs review/exclusion policy before scoring.,,C2MVz,OSSIAM EUROPE ESG MACHINE LEARNING,CBOE_EUROPE,,,,cboe_europe_reference_data,,ETF,
10526,residual_review_required,etf,Potential non-common-equity or fund-like instrument needs review/exclusion policy before scoring.,,C3AEd,Invesco S&P China A 300 Swap UCITS ETF,CBOE_EUROPE,,,,cboe_europe_reference_data,,ETF,
10527,residual_review_required,etf;bond,Potential non-common-equity or fund-like instrument needs review/exclusion policy before scoring.,,C3Mm,Amundi Euro Government Bond 0-6 M UCITS ETF,CBOE_EUROPE,,,,cboe_europe_reference_data,,ETF,
10528,residual_review_required,etf;bond,Potential non-common-equity or fund-like instrument needs review/exclusion policy before scoring.,,C3Mp,Amundi Euro Government Bond 0-6 M UCITS ETF,CBOE_EUROPE,,,,cboe_europe_reference_data,,ETF,
10529,residual_review_required,etf,Potential non-common-equity or fund-like instrument needs review/exclusion policy before scoring.,,C40m,Amundi CAC 40 ESG UCITS ETF,CBOE_EUROPE,,,,cboe_europe_reference_data,,ETF,
10530,residual_review_required,etf,Potential non-common-equity or fund-like instrument needs review/exclusion policy before scoring.,,C40p,Amundi CAC 40 ESG UCITS ETF,CBOE_EUROPE,,,,cboe_europe_reference_data,,ETF,
10531,residual_review_required,etf,Potential non-common-equity or fund-like instrument needs review/exclusion policy before scoring.,,C40z,Amundi CAC 40 ESG UCITS ETF,CBOE_EUROPE,,,,cboe_europe_reference_data,,ETF,
10532,residual_review_required,etf,Potential non-common-equity or fund-like instrument needs review/exclusion policy before scoring.,,C4Dp,Amundi CAC 40 ESG UCITS ETF,CBOE_EUROPE,,,,cboe_europe_reference_data,,ETF,
10533,residual_review_required,etf,Potential non-common-equity or fund-like instrument needs review/exclusion policy before scoring.,,C50Ul,Amundi Core EURO STOXX 50 UCITS ETF,CBOE_EUROPE,,,,cboe_europe_reference_data,,ETF,
10534,residual_review_required,etf,Potential non-common-equity or fund-like instrument needs review/exclusion policy before scoring.,,C50Up,Amundi Core EURO STOXX 50 UCITS ETF,CBOE_EUROPE,,,,cboe_europe_reference_data,,ETF,
10535,residual_review_required,etf,Potential non-common-equity or fund-like instrument needs review/exclusion policy before scoring.,,C50m,Amundi Core EURO STOXX 50 UCITS ETF,CBOE_EUROPE,,,,cboe_europe_reference_data,,ETF,
10536,residual_review_required,etf,Potential non-common-equity or fund-like instrument needs review/exclusion policy before scoring.,,C50p,Amundi Core EURO STOXX 50 UCITS ETF,CBOE_EUROPE,,,,cboe_europe_reference_data,,ETF,
10537,residual_review_required,etf,Potential non-common-equity or fund-like instrument needs review/exclusion policy before scoring.,,C50z,Amundi Core EURO STOXX 50 UCITS ETF,CBOE_EUROPE,,,,cboe_europe_reference_data,,ETF,
10538,residual_review_required,etf,Potential non-common-equity or fund-like instrument needs review/exclusion policy before scoring.,,C5Ep,Amundi Stoxx Europe 50 UCITS ETF,CBOE_EUROPE,,,,cboe_europe_reference_data,,ETF,
10540,residual_review_required,etf,Potential non-common-equity or fund-like instrument needs review/exclusion policy before scoring.,,C6Ep,AMUNDI STOXX EUROPE 600 ESG,CBOE_EUROPE,,,,cboe_europe_reference_data,,ETF,
10541,residual_review_required,etf,Potential non-common-equity or fund-like instrument needs review/exclusion policy before scoring.,,C6Ez,AMUNDI STOXX EUROPE 600 ESG,CBOE_EUROPE,,,,cboe_europe_reference_data,,ETF,
10545,residual_review_required,etf,Potential non-common-equity or fund-like instrument needs review/exclusion policy before scoring.,,CACCp,Amundi CAC 40 UCITS ETF,CBOE_EUROPE,,,,cboe_europe_reference_data,,ETF,
10546,residual_review_required,etf,Potential non-common-equity or fund-like instrument needs review/exclusion policy before scoring.,,CACp,Amundi CAC 40 UCITS ETF,CBOE_EUROPE,,,,cboe_europe_reference_data,,ETF,
10550,residual_review_required,etf,Potential non-common-equity or fund-like instrument needs review/exclusion policy before scoring.,,CAHCHz,UBS MSCI Canada UCITS ETF,CBOE_EUROPE,,,,cboe_europe_reference_data,,ETF,
10551,residual_review_required,etf,Potential non-common-equity or fund-like instrument needs review/exclusion policy before scoring.,,CAHEUm,UBS MSCI Canada UCITS ETF,CBOE_EUROPE,,,,cboe_europe_reference_data,,ETF,
10552,residual_review_required,etf,Potential non-common-equity or fund-like instrument needs review/exclusion policy before scoring.,,CAHEUz,UBS MSCI Canada UCITS ETF,CBOE_EUROPE,,,,cboe_europe_reference_data,,ETF,
10561,residual_review_required,etf,Potential non-common-equity or fund-like instrument needs review/exclusion policy before scoring.,,CANACz,UBS MSCI Canada UCITS ETF,CBOE_EUROPE,,,,cboe_europe_reference_data,,ETF,
10562,residual_review_required,etf,Potential non-common-equity or fund-like instrument needs review/exclusion policy before scoring.,,CANAm,UBS MSCI Canada UCITS ETF,CBOE_EUROPE,,,,cboe_europe_reference_data,,ETF,
10563,residual_review_required,etf,Potential non-common-equity or fund-like instrument needs review/exclusion policy before scoring.,,CANAz,UBS MSCI Canada UCITS ETF,CBOE_EUROPE,,,,cboe_europe_reference_data,,ETF,
10564,residual_review_required,etf,Potential non-common-equity or fund-like instrument needs review/exclusion policy before scoring.,,CANEUm,UBS MSCI Canada UCITS ETF,CBOE_EUROPE,,,,cboe_europe_reference_data,,ETF,
10568,residual_review_required,etf,Potential non-common-equity or fund-like instrument needs review/exclusion policy before scoring.,,CAPEm,Ossiam Lux-Ossiam Shiller Barclays Cape Europe Sector Value TR,CBOE_EUROPE,,,,cboe_europe_reference_data,,ETF,
10571,residual_review_required,etf,Potential non-common-equity or fund-like instrument needs review/exclusion policy before scoring.,,CAPUm,OSSIAM SHILLER BARCLAYS CAPE US SECTOR VALUE TR,CBOE_EUROPE,,,,cboe_europe_reference_data,,ETF,
10589,residual_review_required,etf,Potential non-common-equity or fund-like instrument needs review/exclusion policy before scoring.,,CATHEm,Franklin Emerging Markets Sovereign Debt Values UCITS ETF,CBOE_EUROPE,,,,cboe_europe_reference_data,,ETF,
10590,residual_review_required,etf,Potential non-common-equity or fund-like instrument needs review/exclusion policy before scoring.,,CATHm,Amundi MSCI World Catholic Principles UCITS ETF Acc,CBOE_EUROPE,,,,cboe_europe_reference_data,,ETF,
10591,residual_review_required,etf,Potential non-common-equity or fund-like instrument needs review/exclusion policy before scoring.,,CATHz,Amundi MSCI World Catholic Principles UCITS ETF Acc,CBOE_EUROPE,,,,cboe_europe_reference_data,,ETF,
10593,residual_review_required,etf,Potential non-common-equity or fund-like instrument needs review/exclusion policy before scoring.,,CAUTd,Global X China Electric Vehicle & Battery UCITS ETF,CBOE_EUROPE,,,,cboe_europe_reference_data,,ETF,
10597,residual_review_required,etf;bond,Potential non-common-equity or fund-like instrument needs review/exclusion policy before scoring.,,CB3Gd,Amundi Euro Government Tilted Green Bond UCITS ETF,CBOE_EUROPE,,,,cboe_europe_reference_data,,ETF,
10598,residual_review_required,etf;bond,Potential non-common-equity or fund-like instrument needs review/exclusion policy before scoring.,,CB3m,Amundi Euro Government Tilted Green Bond UCITS ETF,CBOE_EUROPE,,,,cboe_europe_reference_data,,ETF,
10599,residual_review_required,etf;bond,Potential non-common-equity or fund-like instrument needs review/exclusion policy before scoring.,,CB3p,Amundi Euro Government Tilted Green Bond UCITS ETF,CBOE_EUROPE,,,,cboe_europe_reference_data,,ETF,
10600,residual_review_required,etf;bond,Potential non-common-equity or fund-like instrument needs review/exclusion policy before scoring.,,CB3z,Amundi Euro Government Tilted Green Bond UCITS ETF,CBOE_EUROPE,,,,cboe_europe_reference_data,,ETF,
10603,residual_review_required,etf;bond,Potential non-common-equity or fund-like instrument needs review/exclusion policy before scoring.,,CBE3l,iShares EUR Govt Bond 1-3yr UCITS ETF EUR Acc,CBOE_EUROPE,,,,cboe_europe_reference_data,,ETF,
10604,residual_review_required,etf;bond,Potential non-common-equity or fund-like instrument needs review/exclusion policy before scoring.,,CBE7a,iShares EUR Govt Bond 3-7yr UCITS ETF,CBOE_EUROPE,,,,cboe_europe_reference_data,,ETF,
10605,residual_review_required,etf;bond,Potential non-common-equity or fund-like instrument needs review/exclusion policy before scoring.,,CBEFm,Amundi EUR Corporate Bond ex-Financials ESG UCITS ETF,CBOE_EUROPE,,,,cboe_europe_reference_data,,ETF,
10606,residual_review_required,etf,Potential non-common-equity or fund-like instrument needs review/exclusion policy before scoring.,,CBESGz,UBS SBI2) 47/64 Corporate ESG ETF,CBOE_EUROPE,,,,cboe_europe_reference_data,,ETF,
10607,residual_review_required,etf,Potential non-common-equity or fund-like instrument needs review/exclusion policy before scoring.,,CBEU5m,UBS BBG Euro Area Liquid Corp 1-5 UCITS ETF,CBOE_EUROPE,,,,cboe_europe_reference_data,,ETF,
10608,residual_review_required,etf,Potential non-common-equity or fund-like instrument needs review/exclusion policy before scoring.,,CBEUa,First Trust Nasdaq Cybersecurity UCITS ETF,CBOE_EUROPE,,,,cboe_europe_reference_data,,ETF,
10609,residual_review_required,etf,Potential non-common-equity or fund-like instrument needs review/exclusion policy before scoring.,,CBEUz,UBS BBG Euro Area Liquid Corp 1-5 UCITS ETF,CBOE_EUROPE,,,,cboe_europe_reference_data,,ETF,
10611,residual_review_required,fund;etf,Potential non-common-equity or fund-like instrument needs review/exclusion policy before scoring.,,CBFEZz,Amundi USD Fed Funds Rate UCITS ETF,CBOE_EUROPE,,,,cboe_europe_reference_data,,ETF,
10612,residual_review_required,etf,Potential non-common-equity or fund-like instrument needs review/exclusion policy before scoring.,,CBGOUz,Amundi Gold Miners UCITS ETF,CBOE_EUROPE,,,,cboe_europe_reference_data,,ETF,
10616,residual_review_required,etf,Potential non-common-equity or fund-like instrument needs review/exclusion policy before scoring.,,CBMMZz,Amundi Core MSCI Emerging Markets Swap UCITS ETF,CBOE_EUROPE,,,,cboe_europe_reference_data,,ETF,
10617,residual_review_required,etf,Potential non-common-equity or fund-like instrument needs review/exclusion policy before scoring.,,CBMPUz,Amundi MSCI Pacific ESG Broad Transition UCITS ETF,CBOE_EUROPE,,,,cboe_europe_reference_data,,ETF,
10621,residual_review_required,etf,Potential non-common-equity or fund-like instrument needs review/exclusion policy before scoring.,,CBRSd,First Trust Nasdaq Cybersecurity UCITS ETF,CBOE_EUROPE,,,,cboe_europe_reference_data,,ETF,
10622,residual_review_required,etf,Potential non-common-equity or fund-like instrument needs review/exclusion policy before scoring.,,CBSEUm,UBS BBG MSCI Euro Area Liquid Corp Sustainable UCITS ETF,CBOE_EUROPE,,,,cboe_europe_reference_data,,ETF,
10623,residual_review_required,etf,Potential non-common-equity or fund-like instrument needs review/exclusion policy before scoring.,,CBSEUz,UBS BBG MSCI Euro Area Liquid Corp Sustainable UCITS ETF,CBOE_EUROPE,,,,cboe_europe_reference_data,,ETF,
10624,residual_review_required,etf,Potential non-common-equity or fund-like instrument needs review/exclusion policy before scoring.,,CBSEl,UBS BBG MSCI Euro Area Liquid Corp Sustainable UCITS ETF,CBOE_EUROPE,,,,cboe_europe_reference_data,,ETF,
10626,residual_review_required,etf,Potential non-common-equity or fund-like instrument needs review/exclusion policy before scoring.,,CBSUEm,UBS BBG MSCI US Liquid Corp Sustainable UCITS ETF,CBOE_EUROPE,,,,cboe_europe_reference_data,,ETF,
10627,residual_review_required,etf,Potential non-common-equity or fund-like instrument needs review/exclusion policy before scoring.,,CBSULz,UBS BBG MSCI US Liquid Corp Sustainable UCITS ETF,CBOE_EUROPE,,,,cboe_europe_reference_data,,ETF,
10628,residual_review_required,etf,Potential non-common-equity or fund-like instrument needs review/exclusion policy before scoring.,,CBSUTz,UBS BBG MSCI US Liquid Corp Sustainable UCITS ETF,CBOE_EUROPE,,,,cboe_europe_reference_data,,ETF,
10634,residual_review_required,etf;bond,Potential non-common-equity or fund-like instrument needs review/exclusion policy before scoring.,,CBU0l,iShares USD Treasury Bond 7-10yr UCITS ETF USD Acc,CBOE_EUROPE,,,,cboe_europe_reference_data,,ETF,
10635,residual_review_required,etf,Potential non-common-equity or fund-like instrument needs review/exclusion policy before scoring.,,CBU15m,UBS BBG US Liquid Corp 1-5 UCITS ETF,CBOE_EUROPE,,,,cboe_europe_reference_data,,ETF,
10636,residual_review_required,etf;bond,Potential non-common-equity or fund-like instrument needs review/exclusion policy before scoring.,,CBU1d,iShares Broad USD High Yield Corp Bond UCITS ETF,CBOE_EUROPE,,,,cboe_europe_reference_data,,ETF,
10637,residual_review_required,etf;bond,Potential non-common-equity or fund-like instrument needs review/exclusion policy before scoring.,,CBU3l,iShares USD Treasury Bond 1-3yr UCITS ETF USD Acc B,CBOE_EUROPE,,,,cboe_europe_reference_data,,ETF,
10638,residual_review_required,etf,Potential non-common-equity or fund-like instrument needs review/exclusion policy before scoring.,,CBU5Hz,UBS BBG US Liquid Corp 1-5 UCITS ETF,CBOE_EUROPE,,,,cboe_europe_reference_data,,ETF,
10639,residual_review_required,etf;bond,Potential non-common-equity or fund-like instrument needs review/exclusion policy before scoring.,,CBU7a,iShares USD Treasury Bond 3-7yr UCITS ETF,CBOE_EUROPE,,,,cboe_europe_reference_data,,ETF,
10640,residual_review_required,etf;bond,Potential non-common-equity or fund-like instrument needs review/exclusion policy before scoring.,,CBU7l,iShares USD Treasury Bond 3-7yr UCITS ETF,CBOE_EUROPE,,,,cboe_europe_reference_data,,ETF,
10641,residual_review_required,etf,Potential non-common-equity or fund-like instrument needs review/exclusion policy before scoring.,,CBUCd,iShares MSCI USA ESG Enhanced CTB UCITS ETF,CBOE_EUROPE,,,,cboe_europe_reference_data,,ETF,
10642,residual_review_required,etf;bond,Potential non-common-equity or fund-like instrument needs review/exclusion policy before scoring.,,CBUEd,iShares USD Treasury Bond 3-7yr UCITS ETF,CBOE_EUROPE,,,,cboe_europe_reference_data,,ETF,
10643,residual_review_required,etf,Potential non-common-equity or fund-like instrument needs review/exclusion policy before scoring.,,CBUFd,iShares MSCI World Health Care Sector Advanced UCITS ETF,CBOE_EUROPE,,,,cboe_europe_reference_data,,ETF,
10644,residual_review_required,etf;bond,Potential non-common-equity or fund-like instrument needs review/exclusion policy before scoring.,,CBUGa,iShares USD Treasury Bond 3-7yr UCITS ETF,CBOE_EUROPE,,,,cboe_europe_reference_data,,ETF,
10645,residual_review_required,etf,Potential non-common-equity or fund-like instrument needs review/exclusion policy before scoring.,,CBUGd,iShares MSCI World Small Cap ESG Enhanced CTB UCITS ETF,CBOE_EUROPE,,,,cboe_europe_reference_data,,ETF,
10646,residual_review_required,etf;bond,Potential non-common-equity or fund-like instrument needs review/exclusion policy before scoring.,,CBUGl,iShares USD Treasury Bond 3-7yr UCITS ETF,CBOE_EUROPE,,,,cboe_europe_reference_data,,ETF,
10647,residual_review_required,etf,Potential non-common-equity or fund-like instrument needs review/exclusion policy before scoring.,,CBUHd,iShares MSCI World Momentum Factor Advanced UCITS ETF,CBOE_EUROPE,,,,cboe_europe_reference_data,,ETF,
10648,residual_review_required,etf,Potential non-common-equity or fund-like instrument needs review/exclusion policy before scoring.,,CBUId,iShares MSCI World Value Factor Advanced UCITS ETF,CBOE_EUROPE,,,,cboe_europe_reference_data,,ETF,
10649,residual_review_required,etf,Potential non-common-equity or fund-like instrument needs review/exclusion policy before scoring.,,CBUKd,iShares MSCI China Tech UCITS ETF,CBOE_EUROPE,,,,cboe_europe_reference_data,,ETF,
10650,residual_review_required,etf,Potential non-common-equity or fund-like instrument needs review/exclusion policy before scoring.,,CBULd,iShares II plc - iShares USD Tips 0-5 UCITS ETF,CBOE_EUROPE,,,,cboe_europe_reference_data,,ETF,
10651,residual_review_required,etf,Potential non-common-equity or fund-like instrument needs review/exclusion policy before scoring.,,CBUMd,iShares S&P 500 Scored and Screened UCITS ETF,CBOE_EUROPE,,,,cboe_europe_reference_data,,ETF,
10652,residual_review_required,etf,Potential non-common-equity or fund-like instrument needs review/exclusion policy before scoring.,,CBUS1z,UBS BBG US Liquid Corp 1-5 UCITS ETF,CBOE_EUROPE,,,,cboe_europe_reference_data,,ETF,
10653,residual_review_required,etf,Potential non-common-equity or fund-like instrument needs review/exclusion policy before scoring.,,CBUS5m,UBS BBG US Liquid Corp 1-5 UCITS ETF,CBOE_EUROPE,,,,cboe_europe_reference_data,,ETF,
10654,residual_review_required,etf,Potential non-common-equity or fund-like instrument needs review/exclusion policy before scoring.,,CBUS5z,UBS BBG US Liquid Corp 1-5 UCITS ETF,CBOE_EUROPE,,,,cboe_europe_reference_data,,ETF,
10655,residual_review_required,etf,Potential non-common-equity or fund-like instrument needs review/exclusion policy before scoring.,,CBUSDz,UBS Core BBG US Liquid Corp UCITS ETF,CBOE_EUROPE,,,,cboe_europe_reference_data,,ETF,
10656,residual_review_required,etf,Potential non-common-equity or fund-like instrument needs review/exclusion policy before scoring.,,CBUSEm,UBS Core BBG US Liquid Corp UCITS ETF,CBOE_EUROPE,,,,cboe_europe_reference_data,,ETF,
10657,residual_review_required,etf,Potential non-common-equity or fund-like instrument needs review/exclusion policy before scoring.,,CBUSEz,UBS Core BBG US Liquid Corp UCITS ETF,CBOE_EUROPE,,,,cboe_europe_reference_data,,ETF,
10658,residual_review_required,etf,Potential non-common-equity or fund-like instrument needs review/exclusion policy before scoring.,,CBUSHz,UBS Core BBG US Liquid Corp UCITS ETF,CBOE_EUROPE,,,,cboe_europe_reference_data,,ETF,
10659,residual_review_required,etf,Potential non-common-equity or fund-like instrument needs review/exclusion policy before scoring.,,CBUSSz,UBS Core BBG US Liquid Corp UCITS ETF,CBOE_EUROPE,,,,cboe_europe_reference_data,,ETF,
10660,residual_review_required,etf,Potential non-common-equity or fund-like instrument needs review/exclusion policy before scoring.,,CBUSd,iShares Core UK Gilts UCITS ETF,CBOE_EUROPE,,,,cboe_europe_reference_data,,ETF,
10661,residual_review_required,etf,Potential non-common-equity or fund-like instrument needs review/exclusion policy before scoring.,,CBUVd,iShares Metaverse UCITS ETF,CBOE_EUROPE,,,,cboe_europe_reference_data,,ETF,
10662,residual_review_required,etf,Potential non-common-equity or fund-like instrument needs review/exclusion policy before scoring.,,CBUXd,iShares Global Infrastructure UCITS ETF,CBOE_EUROPE,,,,cboe_europe_reference_data,,ETF,
10663,residual_review_required,etf,Potential non-common-equity or fund-like instrument needs review/exclusion policy before scoring.,,CC1USz,Amundi MSCI China Tech UCITS ETF,CBOE_EUROPE,,,,cboe_europe_reference_data,,ETF,
10664,residual_review_required,etf,Potential non-common-equity or fund-like instrument needs review/exclusion policy before scoring.,,CC1Ul,Amundi MSCI China Tech UCITS ETF,CBOE_EUROPE,,,,cboe_europe_reference_data,,ETF,
10665,residual_review_required,etf,Potential non-common-equity or fund-like instrument needs review/exclusion policy before scoring.,,CC1Up,Amundi MSCI China Tech UCITS ETF,CBOE_EUROPE,,,,cboe_europe_reference_data,,ETF,
10666,residual_review_required,etf,Potential non-common-equity or fund-like instrument needs review/exclusion policy before scoring.,,CC1m,Amundi MSCI China Tech UCITS ETF,CBOE_EUROPE,,,,cboe_europe_reference_data,,ETF,
10667,residual_review_required,etf,Potential non-common-equity or fund-like instrument needs review/exclusion policy before scoring.,,CC1p,Amundi MSCI China Tech UCITS ETF,CBOE_EUROPE,,,,cboe_europe_reference_data,,ETF,
10668,residual_review_required,etf;bond,Potential non-common-equity or fund-like instrument needs review/exclusion policy before scoring.,,CC4p,Amundi EUR Corporate Bond ESG UCITS ETF,CBOE_EUROPE,,,,cboe_europe_reference_data,,ETF,
10671,residual_review_required,etf,Potential non-common-equity or fund-like instrument needs review/exclusion policy before scoring.,,CCAUl,iShares MSCI Canada UCITS ETF,CBOE_EUROPE,,,,cboe_europe_reference_data,,ETF,
10672,residual_review_required,etf;bond,Potential non-common-equity or fund-like instrument needs review/exclusion policy before scoring.,,CCBOl,WisdomTree AT1 CoCo Bond UCITS ETF,CBOE_EUROPE,,,,cboe_europe_reference_data,,ETF,
10674,residual_review_required,etf,Potential non-common-equity or fund-like instrument needs review/exclusion policy before scoring.,,CCCHAz,UBS CMCI Composite SF UCITS ETF,CBOE_EUROPE,,,,cboe_europe_reference_data,,ETF,
10679,residual_review_required,etf,Potential non-common-equity or fund-like instrument needs review/exclusion policy before scoring.,,CCEUAm,UBS CMCI Composite SF UCITS ETF,CBOE_EUROPE,,,,cboe_europe_reference_data,,ETF,
10680,residual_review_required,etf,Potential non-common-equity or fund-like instrument needs review/exclusion policy before scoring.,,CCEUAz,UBS CMCI Composite SF UCITS ETF,CBOE_EUROPE,,,,cboe_europe_reference_data,,ETF,
10681,residual_review_required,etf,Potential non-common-equity or fund-like instrument needs review/exclusion policy before scoring.,,CCGBAz,UBS CMCI Composite SF UCITS ETF,CBOE_EUROPE,,,,cboe_europe_reference_data,,ETF,
10684,residual_review_required,etf,Potential non-common-equity or fund-like instrument needs review/exclusion policy before scoring.,,CCNAd,onemarkets MSCI Europe Universal UCITS ETF EUR,CBOE_EUROPE,,,,cboe_europe_reference_data,,ETF,
10685,residual_review_required,etf,Potential non-common-equity or fund-like instrument needs review/exclusion policy before scoring.,,CCNBd,onemarkets MSCI USA Universal UCITS ETF EUR,CBOE_EUROPE,,,,cboe_europe_reference_data,,ETF,
10686,residual_review_required,etf,Potential non-common-equity or fund-like instrument needs review/exclusion policy before scoring.,,CCNCd,onemarkets MSCI World Universal UCITS ETF,CBOE_EUROPE,,,,cboe_europe_reference_data,,ETF,
10687,residual_review_required,etf,Potential non-common-equity or fund-like instrument needs review/exclusion policy before scoring.,,CCNEd,onemarkets MSCI Emerging Markets Universal UCITS ETF,CBOE_EUROPE,,,,cboe_europe_reference_data,,ETF,
10688,residual_review_required,etf;bond,Potential non-common-equity or fund-like instrument needs review/exclusion policy before scoring.,,CCNGd,onemarkets MSCI Euro Government Bond 1M - 1Y UCITS ETF,CBOE_EUROPE,,,,cboe_europe_reference_data,,ETF,
10689,residual_review_required,etf;bond,Potential non-common-equity or fund-like instrument needs review/exclusion policy before scoring.,,CCNId,onemarkets MSCI Euro IG Universal Corporate Bond UCITS ETF,CBOE_EUROPE,,,,cboe_europe_reference_data,,ETF,
10692,residual_review_required,etf,Potential non-common-equity or fund-like instrument needs review/exclusion policy before scoring.,,CCUSAm,UBS CMCI Composite SF UCITS ETF,CBOE_EUROPE,,,,cboe_europe_reference_data,,ETF,
10693,residual_review_required,etf,Potential non-common-equity or fund-like instrument needs review/exclusion policy before scoring.,,CCUSAz,UBS CMCI Composite SF UCITS ETF,CBOE_EUROPE,,,,cboe_europe_reference_data,,ETF,
10694,residual_review_required,etf,Potential non-common-equity or fund-like instrument needs review/exclusion policy before scoring.,,CCXAEz,UBS CMCI ex-Agriculture SF UCITS ETF,CBOE_EUROPE,,,,cboe_europe_reference_data,,ETF,
10695,residual_review_required,etf,Potential non-common-equity or fund-like instrument needs review/exclusion policy before scoring.,,CD5p,Amundi Core EURO STOXX 50 UCITS ETF,CBOE_EUROPE,,,,cboe_europe_reference_data,,ETF,
10696,residual_review_required,etf,Potential non-common-equity or fund-like instrument needs review/exclusion policy before scoring.,,CD8p,Amundi MSCI EMU High Dividend UCITS ETF,CBOE_EUROPE,,,,cboe_europe_reference_data,,ETF,
10697,residual_review_required,etf,Potential non-common-equity or fund-like instrument needs review/exclusion policy before scoring.,,CD9p,Amundi MSCI Europe High Dividend Factor UCITS ETF,CBOE_EUROPE,,,,cboe_europe_reference_data,,ETF,
10699,residual_review_required,etf,Potential non-common-equity or fund-like instrument needs review/exclusion policy before scoring.,,CDISl,SS SPDR MSCI Europe Consumer Discretionary UCITS ETF,CBOE_EUROPE,,,,cboe_europe_reference_data,,ETF,
10703,residual_review_required,etf;bond,Potential non-common-equity or fund-like instrument needs review/exclusion policy before scoring.,,CE01l,iShares EUR Govt Bond 7-10yr UCITS ETF EUR Acc,CBOE_EUROPE,,,,cboe_europe_reference_data,,ETF,
10704,residual_review_required,etf,Potential non-common-equity or fund-like instrument needs review/exclusion policy before scoring.,,CE2Dl,Amundi Core MSCI Europe UCITS ETF,CBOE_EUROPE,,,,cboe_europe_reference_data,,ETF,
10705,residual_review_required,etf;bond,Potential non-common-equity or fund-like instrument needs review/exclusion policy before scoring.,,CE31l,iShares EUR Govt Bond 1-3yr UCITS ETF EUR Acc,CBOE_EUROPE,,,,cboe_europe_reference_data,,ETF,
10706,residual_review_required,etf,Potential non-common-equity or fund-like instrument needs review/exclusion policy before scoring.,,CE8Gd,Amundi MSCI World EX Europe UCITS ETF,CBOE_EUROPE,,,,cboe_europe_reference_data,,ETF,
10707,residual_review_required,etf,Potential non-common-equity or fund-like instrument needs review/exclusion policy before scoring.,,CE8p,Amundi MSCI World EX Europe UCITS ETF,CBOE_EUROPE,,,,cboe_europe_reference_data,,ETF,
10708,residual_review_required,etf,Potential non-common-equity or fund-like instrument needs review/exclusion policy before scoring.,,CEB4d,iShares plc - iShares Core FTSE 100 UCITS ETF,CBOE_EUROPE,,,,cboe_europe_reference_data,,ETF,
10709,residual_review_required,etf,Potential non-common-equity or fund-like instrument needs review/exclusion policy before scoring.,,CEBDd,iShares iBonds Dec 2027 Term EUR Corp UCITS ETF,CBOE_EUROPE,,,,cboe_europe_reference_data,,ETF,
10710,residual_review_required,etf,Potential non-common-equity or fund-like instrument needs review/exclusion policy before scoring.,,CEBGd,iShares MSCI Mexico Capped UCITS ETF,CBOE_EUROPE,,,,cboe_europe_reference_data,,ETF,
10711,residual_review_required,etf,Potential non-common-equity or fund-like instrument needs review/exclusion policy before scoring.,,CEBLd,iShares MSCI EM Asia UCITS ETF,CBOE_EUROPE,,,,cboe_europe_reference_data,,ETF,
10712,residual_review_required,etf;bond,Potential non-common-equity or fund-like instrument needs review/exclusion policy before scoring.,,CEBUd,iShares USD Short Duration Corp Bond UCITS ETF,CBOE_EUROPE,,,,cboe_europe_reference_data,,ETF,
10713,residual_review_required,etf,Potential non-common-equity or fund-like instrument needs review/exclusion policy before scoring.,,CEBWd,iShares US Mortgage Backed Securities UCITS ETF,CBOE_EUROPE,,,,cboe_europe_reference_data,,ETF,
10716,residual_review_required,etf,Potential non-common-equity or fund-like instrument needs review/exclusion policy before scoring.,,CECp,Amundi MSCI Eastern Europe Ex Russia UCITS ETF,CBOE_EUROPE,,,,cboe_europe_reference_data,,ETF,
10722,residual_review_required,etf,Potential non-common-equity or fund-like instrument needs review/exclusion policy before scoring.,,CEMAl,iShares MSCI EM Asia UCITS ETF,CBOE_EUROPE,,,,cboe_europe_reference_data,,ETF,
10723,residual_review_required,etf;bond,Potential non-common-equity or fund-like instrument needs review/exclusion policy before scoring.,,CEMFd,iShares USD Treasury Bond 7-10yr UCITS ETF,CBOE_EUROPE,,,,cboe_europe_reference_data,,ETF,
10724,residual_review_required,etf,Potential non-common-equity or fund-like instrument needs review/exclusion policy before scoring.,,CEMGa,iShares MSCI EM Consumer Growth UCITS ETF,CBOE_EUROPE,,,,cboe_europe_reference_data,,ETF,
10725,residual_review_required,etf,Potential non-common-equity or fund-like instrument needs review/exclusion policy before scoring.,,CEMGl,iShares MSCI EM Consumer Growth UCITS ETF,CBOE_EUROPE,,,,cboe_europe_reference_data,,ETF,
10726,residual_review_required,etf,Potential non-common-equity or fund-like instrument needs review/exclusion policy before scoring.,,CEMQd,iShares Edge MSCI Europe Quality Factor UCITS ETF,CBOE_EUROPE,,,,cboe_europe_reference_data,,ETF,
10727,residual_review_required,etf,Potential non-common-equity or fund-like instrument needs review/exclusion policy before scoring.,,CEMRd,iShares Edge MSCI Europe Momentum Factor UCITS ETF,CBOE_EUROPE,,,,cboe_europe_reference_data,,ETF,
10728,residual_review_required,etf,Potential non-common-equity or fund-like instrument needs review/exclusion policy before scoring.,,CEMSd,iShares Edge MSCI Europe Value Factor UCITS ETF,CBOE_EUROPE,,,,cboe_europe_reference_data,,ETF,
10729,residual_review_required,etf,Potential non-common-equity or fund-like instrument needs review/exclusion policy before scoring.,,CEMUa,iShares Core MSCI EMU UCITS ETF,CBOE_EUROPE,,,,cboe_europe_reference_data,,ETF,
10730,residual_review_required,etf,Potential non-common-equity or fund-like instrument needs review/exclusion policy before scoring.,,CEMXl,iShares MSCI EM Consumer Growth UCITS ETF,CBOE_EUROPE,,,,cboe_europe_reference_data,,ETF,
10732,residual_review_required,etf,Potential non-common-equity or fund-like instrument needs review/exclusion policy before scoring.,,CEMp,Amundi MSCI Europe Small Cap ESG Broad Transition UCITS ETF,CBOE_EUROPE,,,,cboe_europe_reference_data,,ETF,
10738,residual_review_required,etf,Potential non-common-equity or fund-like instrument needs review/exclusion policy before scoring.,,CEU2p,Amundi Core MSCI Europe UCITS ETF,CBOE_EUROPE,,,,cboe_europe_reference_data,,ETF,
10739,residual_review_required,etf,Potential non-common-equity or fund-like instrument needs review/exclusion policy before scoring.,,CEUDm,iShares Core MSCI EMU UCITS ETF,CBOE_EUROPE,,,,cboe_europe_reference_data,,ETF,
10740,residual_review_required,etf,Potential non-common-equity or fund-like instrument needs review/exclusion policy before scoring.,,CEUEd,Amundi MSCI Europe ESG Broad Transition ETF,CBOE_EUROPE,,,,cboe_europe_reference_data,,ETF,
10741,residual_review_required,etf,Potential non-common-equity or fund-like instrument needs review/exclusion policy before scoring.,,CEUGd,Amundi MSCI Europe ESG Broad Transition ETF,CBOE_EUROPE,,,,cboe_europe_reference_data,,ETF,
10742,residual_review_required,etf,Potential non-common-equity or fund-like instrument needs review/exclusion policy before scoring.,,CEUGl,iShares Core MSCI EMU UCITS ETF,CBOE_EUROPE,,,,cboe_europe_reference_data,,ETF,
10743,residual_review_required,etf,Potential non-common-equity or fund-like instrument needs review/exclusion policy before scoring.,,CEUUa,iShares Core MSCI EMU UCITS ETF,CBOE_EUROPE,,,,cboe_europe_reference_data,,ETF,
10744,residual_review_required,etf,Potential non-common-equity or fund-like instrument needs review/exclusion policy before scoring.,,CEUm,Amundi MSCI Europe ESG Broad Transition ETF,CBOE_EUROPE,,,,cboe_europe_reference_data,,ETF,
10745,residual_review_required,etf,Potential non-common-equity or fund-like instrument needs review/exclusion policy before scoring.,,CEUp,Amundi MSCI Europe ESG Broad Transition ETF,CBOE_EUROPE,,,,cboe_europe_reference_data,,ETF,
10746,residual_review_required,etf,Potential non-common-equity or fund-like instrument needs review/exclusion policy before scoring.,,CEUx,iShares Core MSCI EMU UCITS ETF MXN Hedged (Acc),CBOE_EUROPE,,,,cboe_europe_reference_data,,ETF,
10755,residual_review_required,etf,Potential non-common-equity or fund-like instrument needs review/exclusion policy before scoring.,,CG1Gd,Amundi ETF DAX UCITS ETF DR,CBOE_EUROPE,,,,cboe_europe_reference_data,,ETF,
10756,residual_review_required,etf,Potential non-common-equity or fund-like instrument needs review/exclusion policy before scoring.,,CG1m,Amundi ETF DAX UCITS ETF DR,CBOE_EUROPE,,,,cboe_europe_reference_data,,ETF,
10757,residual_review_required,etf,Potential non-common-equity or fund-like instrument needs review/exclusion policy before scoring.,,CG1p,Amundi ETF DAX UCITS ETF DR,CBOE_EUROPE,,,,cboe_europe_reference_data,,ETF,
10758,residual_review_required,etf,Potential non-common-equity or fund-like instrument needs review/exclusion policy before scoring.,,CG9p,Amundi Msci Europe Growth UCITS ETF,CBOE_EUROPE,,,,cboe_europe_reference_data,,ETF,
10759,residual_review_required,etf;bond,Potential non-common-equity or fund-like instrument needs review/exclusion policy before scoring.,,CGBl,Xtrackers II Harvest China Government Bond UCITS ETF,CBOE_EUROPE,,,,cboe_europe_reference_data,,ETF,
10764,residual_review_required,etf;bond,Potential non-common-equity or fund-like instrument needs review/exclusion policy before scoring.,,CHCORz,iShares Core CHF Corporate Bond ETF CH,CBOE_EUROPE,,,,cboe_europe_reference_data,,ETF,
10765,residual_review_required,etf,Potential non-common-equity or fund-like instrument needs review/exclusion policy before scoring.,,CHDVDz,iShares Swiss Dividend ETF CH,CBOE_EUROPE,,,,cboe_europe_reference_data,,ETF,
10768,residual_review_required,etf,Potential non-common-equity or fund-like instrument needs review/exclusion policy before scoring.,,CHESGz,UBS SBI AAA-BBB ESG ETF,CBOE_EUROPE,,,,cboe_europe_reference_data,,ETF,
10769,residual_review_required,etf,Potential non-common-equity or fund-like instrument needs review/exclusion policy before scoring.,,CHEURz,UBS MSCI Switzerland 20/35 UCITS ETF,CBOE_EUROPE,,,,cboe_europe_reference_data,,ETF,
10770,residual_review_required,etf,Potential non-common-equity or fund-like instrument needs review/exclusion policy before scoring.,,CHEUSz,UBS MSCI Switzerland 20/35 UCITS ETF,CBOE_EUROPE,,,,cboe_europe_reference_data,,ETF,
10772,residual_review_required,etf,Potential non-common-equity or fund-like instrument needs review/exclusion policy before scoring.,,CHGBAz,UBS MSCI Canada UCITS ETF,CBOE_EUROPE,,,,cboe_europe_reference_data,,ETF,
10773,residual_review_required,etf,Potential non-common-equity or fund-like instrument needs review/exclusion policy before scoring.,,CHGBDz,UBS MSCI Canada UCITS ETF,CBOE_EUROPE,,,,cboe_europe_reference_data,,ETF,
10778,residual_review_required,etf,Potential non-common-equity or fund-like instrument needs review/exclusion policy before scoring.,,CHINAm,UBS MSCI China A SF UCITS ETF,CBOE_EUROPE,,,,cboe_europe_reference_data,,ETF,
10779,residual_review_required,etf,Potential non-common-equity or fund-like instrument needs review/exclusion policy before scoring.,,CHINEp,BNP Paribas Easy MSCI China Min TE/ETF,CBOE_EUROPE,,,,cboe_europe_reference_data,,ETF,
10780,residual_review_required,etf,Potential non-common-equity or fund-like instrument needs review/exclusion policy before scoring.,,CHINUp,BNP Paribas Easy MSCI China Min TE/ETF,CBOE_EUROPE,,,,cboe_europe_reference_data,,ETF,
10781,residual_review_required,etf,Potential non-common-equity or fund-like instrument needs review/exclusion policy before scoring.,,CHINm,KraneShares ICBCUBS S&P China 500 UCITS ETF,CBOE_EUROPE,,,,cboe_europe_reference_data,,ETF,
10782,residual_review_required,etf,Potential non-common-equity or fund-like instrument needs review/exclusion policy before scoring.,,CHIPm,Amundi MSCI Semiconductors UCITS ETF,CBOE_EUROPE,,,,cboe_europe_reference_data,,ETF,
10783,residual_review_required,etf,Potential non-common-equity or fund-like instrument needs review/exclusion policy before scoring.,,CHIPp,Amundi MSCI Semiconductors UCITS ETF,CBOE_EUROPE,,,,cboe_europe_reference_data,,ETF,
10784,residual_review_required,etf,Potential non-common-equity or fund-like instrument needs review/exclusion policy before scoring.,,CHMm,Amundi STOXX Europe 600 Basic Materials UCITS ETF,CBOE_EUROPE,,,,cboe_europe_reference_data,,ETF,
10785,residual_review_required,etf,Potential non-common-equity or fund-like instrument needs review/exclusion policy before scoring.,,CHMp,Amundi STOXX Europe 600 Basic Materials UCITS ETF,CBOE_EUROPE,,,,cboe_europe_reference_data,,ETF,
10787,residual_review_required,etf,Potential non-common-equity or fund-like instrument needs review/exclusion policy before scoring.,,CHPXm,GLOBAL X AI SEMICONDUCTOR & QUANTUM UCITS ETF,CBOE_EUROPE,,,,cboe_europe_reference_data,,ETF,
10790,residual_review_required,etf,Potential non-common-equity or fund-like instrument needs review/exclusion policy before scoring.,,CHSFd,UBS Core BBG EUR Gov 1-10 UCITS ETF,CBOE_EUROPE,,,,cboe_europe_reference_data,,ETF,
10791,residual_review_required,etf,Potential non-common-equity or fund-like instrument needs review/exclusion policy before scoring.,,CHSPIz,iShares Core SPI ETF CH,CBOE_EUROPE,,,,cboe_europe_reference_data,,ETF,
10792,residual_review_required,etf,Potential non-common-equity or fund-like instrument needs review/exclusion policy before scoring.,,CHSRIz,UBS MSCI Switzerland IMI Socially Responsible ETF,CBOE_EUROPE,,,,cboe_europe_reference_data,,ETF,
10793,residual_review_required,etf,Potential non-common-equity or fund-like instrument needs review/exclusion policy before scoring.,,CHSRJz,UBS MSCI Switzerland IMI Socially Responsible ETF,CBOE_EUROPE,,,,cboe_europe_reference_data,,ETF,
10794,residual_review_required,etf,Potential non-common-equity or fund-like instrument needs review/exclusion policy before scoring.,,CHSRKz,UBS MSCI Switzerland IMI Socially Responsible UCITS ETF,CBOE_EUROPE,,,,cboe_europe_reference_data,,ETF,
10795,residual_review_required,etf,Potential non-common-equity or fund-like instrument needs review/exclusion policy before scoring.,,CHSRd,UBS MSCI Switzerland IMI Socially Responsible UCITS ETF,CBOE_EUROPE,,,,cboe_europe_reference_data,,ETF,
10797,residual_review_required,etf,Potential non-common-equity or fund-like instrument needs review/exclusion policy before scoring.,,CHTEl,UBS Solactive China Technology UCITS ETF,CBOE_EUROPE,,,,cboe_europe_reference_data,,ETF,
10798,residual_review_required,etf,Potential non-common-equity or fund-like instrument needs review/exclusion policy before scoring.,,CHUSEz,UBS MSCI Switzerland 20/35 UCITS ETF,CBOE_EUROPE,,,,cboe_europe_reference_data,,ETF,
10800,residual_review_required,etf,Potential non-common-equity or fund-like instrument needs review/exclusion policy before scoring.,,CI2USz,Amundi MSCI India Swap II UCITS ETF,CBOE_EUROPE,,,,cboe_europe_reference_data,,ETF,
10801,residual_review_required,etf,Potential non-common-equity or fund-like instrument needs review/exclusion policy before scoring.,,CI2Ul,Amundi MSCI India Swap II UCITS ETF,CBOE_EUROPE,,,,cboe_europe_reference_data,,ETF,
10802,residual_review_required,etf,Potential non-common-equity or fund-like instrument needs review/exclusion policy before scoring.,,CI2Up,Amundi MSCI India Swap II UCITS ETF,CBOE_EUROPE,,,,cboe_europe_reference_data,,ETF,
10803,residual_review_required,etf,Potential non-common-equity or fund-like instrument needs review/exclusion policy before scoring.,,CI2m,Amundi MSCI India Swap II UCITS ETF,CBOE_EUROPE,,,,cboe_europe_reference_data,,ETF,
10804,residual_review_required,etf,Potential non-common-equity or fund-like instrument needs review/exclusion policy before scoring.,,CI2p,Amundi MSCI India Swap II UCITS ETF,CBOE_EUROPE,,,,cboe_europe_reference_data,,ETF,
10805,residual_review_required,etf,Potential non-common-equity or fund-like instrument needs review/exclusion policy before scoring.,,CIB0d,VanEck Medical Robotics and Bionic Engineering UCITS ETF,CBOE_EUROPE,,,,cboe_europe_reference_data,,ETF,
10806,residual_review_required,etf,Potential non-common-equity or fund-like instrument needs review/exclusion policy before scoring.,,CIBRl,First Trust Nasdaq Cybersecurity UCITS ETF,CBOE_EUROPE,,,,cboe_europe_reference_data,,ETF,
10807,residual_review_required,etf,Potential non-common-equity or fund-like instrument needs review/exclusion policy before scoring.,,CIBRm,First Trust Nasdaq Cybersecurity UCITS ETF,CBOE_EUROPE,,,,cboe_europe_reference_data,,ETF,
10813,residual_review_required,etf,Potential non-common-equity or fund-like instrument needs review/exclusion policy before scoring.,,CINAm,Amundi MSCI China ESG Selection Extra UCITS ETF,CBOE_EUROPE,,,,cboe_europe_reference_data,,ETF,
10814,residual_review_required,etf,Potential non-common-equity or fund-like instrument needs review/exclusion policy before scoring.,,CINDl,iShares Dow Jones Industrial Average UCITS ETF,CBOE_EUROPE,,,,cboe_europe_reference_data,,ETF,
10815,residual_review_required,etf,Potential non-common-equity or fund-like instrument needs review/exclusion policy before scoring.,,CINESm,UBS MSCI China Universal UCITS ETF,CBOE_EUROPE,,,,cboe_europe_reference_data,,ETF,
10820,residual_review_required,etf,Potential non-common-equity or fund-like instrument needs review/exclusion policy before scoring.,,CISBz,iShares Smart City Infrastructure UCITS ETF,CBOE_EUROPE,,,,cboe_europe_reference_data,,ETF,
10822,residual_review_required,etf,Potential non-common-equity or fund-like instrument needs review/exclusion policy before scoring.,,CITEm,UBS Solactive China Technology UCITS ETF,CBOE_EUROPE,,,,cboe_europe_reference_data,,ETF,
10823,residual_review_required,etf,Potential non-common-equity or fund-like instrument needs review/exclusion policy before scoring.,,CITYa,iShares Smart City Infrastructure UCITS ETF,CBOE_EUROPE,,,,cboe_europe_reference_data,,ETF,
10824,residual_review_required,etf,Potential non-common-equity or fund-like instrument needs review/exclusion policy before scoring.,,CITYm,iShares Smart City Infrastructure UCITS ETF,CBOE_EUROPE,,,,cboe_europe_reference_data,,ETF,
10825,residual_review_required,etf,Potential non-common-equity or fund-like instrument needs review/exclusion policy before scoring.,,CITYp,iShares Smart City Infrastructure UCITS ETF,CBOE_EUROPE,,,,cboe_europe_reference_data,,ETF,
10826,residual_review_required,etf,Potential non-common-equity or fund-like instrument needs review/exclusion policy before scoring.,,CITm,UBS Solactive China Technology UCITS ETF,CBOE_EUROPE,,,,cboe_europe_reference_data,,ETF,
10828,residual_review_required,etf,Potential non-common-equity or fund-like instrument needs review/exclusion policy before scoring.,,CJ1Pl,Amundi MSCI Japan ESG Broad Transition UCITS ETF,CBOE_EUROPE,,,,cboe_europe_reference_data,,ETF,
10829,residual_review_required,etf,Potential non-common-equity or fund-like instrument needs review/exclusion policy before scoring.,,CJ1m,Amundi MSCI Japan ESG Broad Transition UCITS ETF,CBOE_EUROPE,,,,cboe_europe_reference_data,,ETF,
10830,residual_review_required,etf,Potential non-common-equity or fund-like instrument needs review/exclusion policy before scoring.,,CJ1p,Amundi MSCI Japan ESG Broad Transition UCITS ETF,CBOE_EUROPE,,,,cboe_europe_reference_data,,ETF,
10831,residual_review_required,etf,Potential non-common-equity or fund-like instrument needs review/exclusion policy before scoring.,,CJPUl,iShares MSCI Japan UCITS ETF,CBOE_EUROPE,,,,cboe_europe_reference_data,,ETF,
10833,residual_review_required,etf,Potential non-common-equity or fund-like instrument needs review/exclusion policy before scoring.,,CL0Ud,Global X Cloud Computing UCITS ETF,CBOE_EUROPE,,,,cboe_europe_reference_data,,ETF,
10834,residual_review_required,etf,Potential non-common-equity or fund-like instrument needs review/exclusion policy before scoring.,,CL2m,Amundi MSCI USA Daily (2x) Leveraged UCITS ETF,CBOE_EUROPE,,,,cboe_europe_reference_data,,ETF,
10835,residual_review_required,etf,Potential non-common-equity or fund-like instrument needs review/exclusion policy before scoring.,,CL2p,Amundi MSCI USA Daily (2x) Leveraged UCITS ETF,CBOE_EUROPE,,,,cboe_europe_reference_data,,ETF,
10840,residual_review_required,etf,Potential non-common-equity or fund-like instrument needs review/exclusion policy before scoring.,,CLEMp,Amundi MSCI Emerging Markets ESG Broad Transition,CBOE_EUROPE,,,,cboe_europe_reference_data,,ETF,
10845,residual_review_required,etf;bond,Potential non-common-equity or fund-like instrument needs review/exclusion policy before scoring.,,CLIMl,Amundi Global Aggregate Green Bond UCITS ETF,CBOE_EUROPE,,,,cboe_europe_reference_data,,ETF,
10846,residual_review_required,etf;bond,Potential non-common-equity or fund-like instrument needs review/exclusion policy before scoring.,,CLIMm,Amundi Global Aggregate Green Bond UCITS ETF,CBOE_EUROPE,,,,cboe_europe_reference_data,,ETF,
10847,residual_review_required,etf;bond,Potential non-common-equity or fund-like instrument needs review/exclusion policy before scoring.,,CLIMp,Amundi Global Aggregate Green Bond UCITS ETF,CBOE_EUROPE,,,,cboe_europe_reference_data,,ETF,
10848,residual_review_required,etf,Potential non-common-equity or fund-like instrument needs review/exclusion policy before scoring.,,CLIPl,Global X 1-3 Month T-Bill UCITS ETF,CBOE_EUROPE,,,,cboe_europe_reference_data,,ETF,
10852,residual_review_required,etf,Potential non-common-equity or fund-like instrument needs review/exclusion policy before scoring.,,CLMTl,Amundi S&P 500 Climate Paris Aligned UCITS ETF,CBOE_EUROPE,,,,cboe_europe_reference_data,,ETF,
10855,residual_review_required,etf,Potential non-common-equity or fund-like instrument needs review/exclusion policy before scoring.,,CLO6l,Global X Cloud Computing UCITS ETF,CBOE_EUROPE,,,,cboe_europe_reference_data,,ETF,
10857,residual_review_required,etf,Potential non-common-equity or fund-like instrument needs review/exclusion policy before scoring.,,CLOUm,Global X Cloud Computing UCITS ETF,CBOE_EUROPE,,,,cboe_europe_reference_data,,ETF,
10858,residual_review_required,etf,Potential non-common-equity or fund-like instrument needs review/exclusion policy before scoring.,,CLOUz,Global X Cloud Computing UCITS ETF,CBOE_EUROPE,,,,cboe_europe_reference_data,,ETF,
10859,residual_review_required,etf,Potential non-common-equity or fund-like instrument needs review/exclusion policy before scoring.,,CLOl,Global X Cloud Computing UCITS ETF,CBOE_EUROPE,,,,cboe_europe_reference_data,,ETF,
10861,residual_review_required,etf,Potential non-common-equity or fund-like instrument needs review/exclusion policy before scoring.,,CLWDp,Amundi MSCI World ESG Broad Transition UCITS ETF,CBOE_EUROPE,,,,cboe_europe_reference_data,,ETF,
10862,residual_review_required,etf,Potential non-common-equity or fund-like instrument needs review/exclusion policy before scoring.,,CM9m,Amundi MSCI World Ex EMU UCITS ETF,CBOE_EUROPE,,,,cboe_europe_reference_data,,ETF,
10863,residual_review_required,etf,Potential non-common-equity or fund-like instrument needs review/exclusion policy before scoring.,,CM9p,Amundi MSCI World Ex EMU UCITS ETF,CBOE_EUROPE,,,,cboe_europe_reference_data,,ETF,
10872,residual_review_required,etf;bond,Potential non-common-equity or fund-like instrument needs review/exclusion policy before scoring.,,CMESz,iShares JP Morgan Advanced USD EM Bond UCITS ETF,CBOE_EUROPE,,,,cboe_europe_reference_data,,ETF,
10873,residual_review_required,etf,Potential non-common-equity or fund-like instrument needs review/exclusion policy before scoring.,,CMEXa,iShares MSCI Mexico Capped UCITS ETF,CBOE_EUROPE,,,,cboe_europe_reference_data,,ETF,
10874,residual_review_required,etf,Potential non-common-equity or fund-like instrument needs review/exclusion policy before scoring.,,CMODl,Invesco Bloomberg Commodity UCITS ETF,CBOE_EUROPE,,,,cboe_europe_reference_data,,ETF,
10875,residual_review_required,etf,Potential non-common-equity or fund-like instrument needs review/exclusion policy before scoring.,,CMODm,Invesco Bloomberg Commodity UCITS ETF,CBOE_EUROPE,,,,cboe_europe_reference_data,,ETF,
10876,residual_review_required,etf,Potential non-common-equity or fund-like instrument needs review/exclusion policy before scoring.,,CMOEm,Invesco Bloomberg Commodity UCITS ETF,CBOE_EUROPE,,,,cboe_europe_reference_data,,ETF,
10877,residual_review_required,etf,Potential non-common-equity or fund-like instrument needs review/exclusion policy before scoring.,,CMOPl,Invesco Bloomberg Commodity UCITS ETF,CBOE_EUROPE,,,,cboe_europe_reference_data,,ETF,
10879,residual_review_required,etf,Potential non-common-equity or fund-like instrument needs review/exclusion policy before scoring.,,CMUDp,Amundi MSCI EMU ESG Selection - UCITS ETF DR,CBOE_EUROPE,,,,cboe_europe_reference_data,,ETF,
10880,residual_review_required,etf,Potential non-common-equity or fund-like instrument needs review/exclusion policy before scoring.,,CMUSRm,Amundi MSCI EMU SRI Climate Paris Aligned ETF,CBOE_EUROPE,,,,cboe_europe_reference_data,,ETF,
10881,residual_review_required,etf,Potential non-common-equity or fund-like instrument needs review/exclusion policy before scoring.,,CMUm,Amundi MSCI EMU ESG Selection - UCITS ETF DR,CBOE_EUROPE,,,,cboe_europe_reference_data,,ETF,
10882,residual_review_required,etf,Potential non-common-equity or fund-like instrument needs review/exclusion policy before scoring.,,CMUp,Amundi MSCI EMU ESG Selection - UCITS ETF DR,CBOE_EUROPE,,,,cboe_europe_reference_data,,ETF,
10883,residual_review_required,etf,Potential non-common-equity or fund-like instrument needs review/exclusion policy before scoring.,,CMX1l,iShares MSCI Mexico Capped UCITS ETF,CBOE_EUROPE,,,,cboe_europe_reference_data,,ETF,
10884,residual_review_required,etf,Potential non-common-equity or fund-like instrument needs review/exclusion policy before scoring.,,CMXCl,iShares MSCI Mexico Capped UCITS ETF,CBOE_EUROPE,,,,cboe_europe_reference_data,,ETF,
10885,residual_review_required,etf,Potential non-common-equity or fund-like instrument needs review/exclusion policy before scoring.,,CN1Gd,Amundi Msci Nordic UCITS ETF,CBOE_EUROPE,,,,cboe_europe_reference_data,,ETF,
10886,residual_review_required,etf,Potential non-common-equity or fund-like instrument needs review/exclusion policy before scoring.,,CN1p,Amundi Msci Nordic UCITS ETF,CBOE_EUROPE,,,,cboe_europe_reference_data,,ETF,
10887,residual_review_required,etf,Potential non-common-equity or fund-like instrument needs review/exclusion policy before scoring.,,CNAAl,Amundi MSCI China A UCITS ETF,CBOE_EUROPE,,,,cboe_europe_reference_data,,ETF,
10888,residual_review_required,etf,Potential non-common-equity or fund-like instrument needs review/exclusion policy before scoring.,,CNAAm,Amundi MSCI China A UCITS ETF,CBOE_EUROPE,,,,cboe_europe_reference_data,,ETF,
10889,residual_review_required,etf,Potential non-common-equity or fund-like instrument needs review/exclusion policy before scoring.,,CNAAp,Amundi MSCI China A UCITS ETF,CBOE_EUROPE,,,,cboe_europe_reference_data,,ETF,
10890,residual_review_required,etf,Potential non-common-equity or fund-like instrument needs review/exclusion policy before scoring.,,CNAUAz,UBS MSCI China A SF UCITS ETF,CBOE_EUROPE,,,,cboe_europe_reference_data,,ETF,
10892,residual_review_required,etf;bond,Potential non-common-equity or fund-like instrument needs review/exclusion policy before scoring.,,CNBp,Amundi EUR Corporate Bond ex-Financials ESG UCITS ETF,CBOE_EUROPE,,,,cboe_europe_reference_data,,ETF,
10895,residual_review_required,etf,Potential non-common-equity or fund-like instrument needs review/exclusion policy before scoring.,,CNDXa,iShares NASDAQ 100 UCITS ETF,CBOE_EUROPE,,,,cboe_europe_reference_data,,ETF,
10896,residual_review_required,etf,Potential non-common-equity or fund-like instrument needs review/exclusion policy before scoring.,,CNDXl,iShares NASDAQ 100 UCITS ETF,CBOE_EUROPE,,,,cboe_europe_reference_data,,ETF,
10897,residual_review_required,etf,Potential non-common-equity or fund-like instrument needs review/exclusion policy before scoring.,,CNEGl,Amundi MSCI China ESG Selection - UCITS ETF DR,CBOE_EUROPE,,,,cboe_europe_reference_data,,ETF,
10898,residual_review_required,etf,Potential non-common-equity or fund-like instrument needs review/exclusion policy before scoring.,,CNEGp,Amundi MSCI China ESG Selection - UCITS ETF DR,CBOE_EUROPE,,,,cboe_europe_reference_data,,ETF,
10899,residual_review_required,etf,Potential non-common-equity or fund-like instrument needs review/exclusion policy before scoring.,,CNEGz,Amundi MSCI China ESG Selection - UCITS ETF DR,CBOE_EUROPE,,,,cboe_europe_reference_data,,ETF,
10900,residual_review_required,etf,Potential non-common-equity or fund-like instrument needs review/exclusion policy before scoring.,,CNESGz,UBS MSCI China Universal UCITS ETF,CBOE_EUROPE,,,,cboe_europe_reference_data,,ETF,
10902,residual_review_required,etf,Potential non-common-equity or fund-like instrument needs review/exclusion policy before scoring.,,CNFYd,Invesco ChiNext 50 UCITS ETF,CBOE_EUROPE,,,,cboe_europe_reference_data,,ETF,
10903,residual_review_required,etf,Potential non-common-equity or fund-like instrument needs review/exclusion policy before scoring.,,CNKYl,iShares Nikkei 225 UCITS ETF,CBOE_EUROPE,,,,cboe_europe_reference_data,,ETF,
10905,residual_review_required,etf,Potential non-common-equity or fund-like instrument needs review/exclusion policy before scoring.,,CNSGl,UBS MSCI China Universal UCITS ETF,CBOE_EUROPE,,,,cboe_europe_reference_data,,ETF,
10907,residual_review_required,etf,Potential non-common-equity or fund-like instrument needs review/exclusion policy before scoring.,,CNX1l,iShares NASDAQ 100 UCITS ETF,CBOE_EUROPE,,,,cboe_europe_reference_data,,ETF,
10908,residual_review_required,etf,Potential non-common-equity or fund-like instrument needs review/exclusion policy before scoring.,,CNYAa,iShares MSCI China A UCITS ETF,CBOE_EUROPE,,,,cboe_europe_reference_data,,ETF,
10909,residual_review_required,etf,Potential non-common-equity or fund-like instrument needs review/exclusion policy before scoring.,,CNYAl,iShares MSCI China A UCITS ETF,CBOE_EUROPE,,,,cboe_europe_reference_data,,ETF,
10910,residual_review_required,etf,Potential non-common-equity or fund-like instrument needs review/exclusion policy before scoring.,,CNYAz,iShares MSCI China A UCITS ETF,CBOE_EUROPE,,,,cboe_europe_reference_data,,ETF,
10911,residual_review_required,etf;bond,Potential non-common-equity or fund-like instrument needs review/exclusion policy before scoring.,,CNYBa,iShares China CNY Bond UCITS ETF,CBOE_EUROPE,,,,cboe_europe_reference_data,,ETF,
10912,residual_review_required,etf;bond,Potential non-common-equity or fund-like instrument needs review/exclusion policy before scoring.,,CNYBl,iShares China CNY Bond UCITS ETF,CBOE_EUROPE,,,,cboe_europe_reference_data,,ETF,
10913,residual_review_required,etf;bond,Potential non-common-equity or fund-like instrument needs review/exclusion policy before scoring.,,CNYBm,iShares China CNY Bond UCITS ETF,CBOE_EUROPE,,,,cboe_europe_reference_data,,ETF,
10914,residual_review_required,etf;bond,Potential non-common-equity or fund-like instrument needs review/exclusion policy before scoring.,,CNYBz,iShares China CNY Bond UCITS ETF,CBOE_EUROPE,,,,cboe_europe_reference_data,,ETF,
10915,residual_review_required,etf,Potential non-common-equity or fund-like instrument needs review/exclusion policy before scoring.,,CNYEm,iShares MSCI China A UCITS ETF,CBOE_EUROPE,,,,cboe_europe_reference_data,,ETF,
10920,residual_review_required,etf;bond,Potential non-common-equity or fund-like instrument needs review/exclusion policy before scoring.,,COBOm,WisdomTree AT1 CoCo Bond UCITS ETF,CBOE_EUROPE,,,,cboe_europe_reference_data,,ETF,
10921,residual_review_required,etf;bond,Potential non-common-equity or fund-like instrument needs review/exclusion policy before scoring.,,COCBl,WisdomTree AT1 CoCo Bond UCITS ETF,CBOE_EUROPE,,,,cboe_europe_reference_data,,ETF,
10924,residual_review_required,etf;bond,Potential non-common-equity or fund-like instrument needs review/exclusion policy before scoring.,,CODOl,WisdomTree AT1 CoCo Bond UCITS ETF,CBOE_EUROPE,,,,cboe_europe_reference_data,,ETF,
10925,residual_review_required,etf,Potential non-common-equity or fund-like instrument needs review/exclusion policy before scoring.,,CODWp,Amundi S&P World Consumer Discretionary Screened UCITS ETF,CBOE_EUROPE,,,,cboe_europe_reference_data,,ETF,
10929,residual_review_required,etf;bond,Potential non-common-equity or fund-like instrument needs review/exclusion policy before scoring.,,COGOl,WisdomTree AT1 CoCo Bond UCITS ETF,CBOE_EUROPE,,,,cboe_europe_reference_data,,ETF,
10939,residual_review_required,etf,Potential non-common-equity or fund-like instrument needs review/exclusion policy before scoring.,,COMFl,L&G Longer Dated All Commodities UCITS ETF,CBOE_EUROPE,,,,cboe_europe_reference_data,,ETF,
10940,residual_review_required,etf,Potential non-common-equity or fund-like instrument needs review/exclusion policy before scoring.,,COMFz,L&G Longer Dated All Commodities UCITS ETF,CBOE_EUROPE,,,,cboe_europe_reference_data,,ETF,
10941,residual_review_required,etf,Potential non-common-equity or fund-like instrument needs review/exclusion policy before scoring.,,COMMl,iShares Diversified Commodity Swap UCITS ETF,CBOE_EUROPE,,,,cboe_europe_reference_data,,ETF,
10942,residual_review_required,etf,Potential non-common-equity or fund-like instrument needs review/exclusion policy before scoring.,,COMOm,Amundi Bloomberg Equal-weight Commodity ex-Agriculture UCITS ETF,CBOE_EUROPE,,,,cboe_europe_reference_data,,ETF,
10943,residual_review_required,etf,Potential non-common-equity or fund-like instrument needs review/exclusion policy before scoring.,,COMOp,Amundi Bloomberg Equal-weight Commodity ex-Agriculture UCITS ETF,CBOE_EUROPE,,,,cboe_europe_reference_data,,ETF,
10944,residual_review_required,etf,Potential non-common-equity or fund-like instrument needs review/exclusion policy before scoring.,,COMOz,Amundi Bloomberg Equal-weight Commodity ex-Agriculture UCITS ETF,CBOE_EUROPE,,,,cboe_europe_reference_data,,ETF,
10945,residual_review_required,etf,Potential non-common-equity or fund-like instrument needs review/exclusion policy before scoring.,,COMSz,Wisdomtree Enhanced Commodity UCITS ETF,CBOE_EUROPE,,,,cboe_europe_reference_data,,ETF,
10950,residual_review_required,etf;bond,Potential non-common-equity or fund-like instrument needs review/exclusion policy before scoring.,,CONVm,SS SPDR FTSE Global Convertible Bond UCITS ETF,CBOE_EUROPE,,,,cboe_europe_reference_data,,ETF,
10955,residual_review_required,etf,Potential non-common-equity or fund-like instrument needs review/exclusion policy before scoring.,,COPGl,Global X Copper Miners UCITS ETF,CBOE_EUROPE,,,,cboe_europe_reference_data,,ETF,
10956,residual_review_required,etf,Potential non-common-equity or fund-like instrument needs review/exclusion policy before scoring.,,COPMa,iShares Copper Miners UCITS ETF,CBOE_EUROPE,,,,cboe_europe_reference_data,,ETF,
10959,residual_review_required,etf,Potential non-common-equity or fund-like instrument needs review/exclusion policy before scoring.,,COPXl,Global X Copper Miners UCITS ETF,CBOE_EUROPE,,,,cboe_europe_reference_data,,ETF,
10960,residual_review_required,fund,Potential non-common-equity or fund-like instrument needs review/exclusion policy before scoring.,,CORDl,Cordiant Digital Infrastructure Ltd/Fund,CBOE_EUROPE,,,,cboe_europe_reference_data,,EQTY,
10967,residual_review_required,etf;bond,Potential non-common-equity or fund-like instrument needs review/exclusion policy before scoring.,,CORPl,iShares Global Corp Bond UCITS ETF,CBOE_EUROPE,,,,cboe_europe_reference_data,,ETF,
10968,residual_review_required,etf;bond,Potential non-common-equity or fund-like instrument needs review/exclusion policy before scoring.,,CORPm,iShares Global Corp Bond UCITS ETF,CBOE_EUROPE,,,,cboe_europe_reference_data,,ETF,
10969,residual_review_required,etf;bond,Potential non-common-equity or fund-like instrument needs review/exclusion policy before scoring.,,CORPz,iShares Global Corp Bond UCITS ETF,CBOE_EUROPE,,,,cboe_europe_reference_data,,ETF,
10971,residual_review_required,etf,Potential non-common-equity or fund-like instrument needs review/exclusion policy before scoring.,,COSEp,Amundi PEA S&P US Consumer Staples Screened UCITS ETF,CBOE_EUROPE,,,,cboe_europe_reference_data,,ETF,
10973,residual_review_required,etf,Potential non-common-equity or fund-like instrument needs review/exclusion policy before scoring.,,COSWp,Amundi S&P World Consumer Staples Screened UCITS ETF,CBOE_EUROPE,,,,cboe_europe_reference_data,,ETF,
10980,residual_review_required,etf,Potential non-common-equity or fund-like instrument needs review/exclusion policy before scoring.,,COWZa,Pacer US Cash Cows 100 UCITS ETF,CBOE_EUROPE,,,,cboe_europe_reference_data,,ETF,
10982,residual_review_required,etf,Potential non-common-equity or fund-like instrument needs review/exclusion policy before scoring.,,CP9Gl,Amundi MSCI Pacific Ex Japan SRI Climate Paris Aligned ETF,CBOE_EUROPE,,,,cboe_europe_reference_data,,ETF,
10983,residual_review_required,etf,Potential non-common-equity or fund-like instrument needs review/exclusion policy before scoring.,,CP9Ul,Amundi MSCI Pacific Ex Japan SRI Climate Paris Aligned ETF,CBOE_EUROPE,,,,cboe_europe_reference_data,,ETF,
10984,residual_review_required,etf,Potential non-common-equity or fund-like instrument needs review/exclusion policy before scoring.,,CP9m,Amundi MSCI Pacific Ex Japan SRI Climate Paris Aligned ETF,CBOE_EUROPE,,,,cboe_europe_reference_data,,ETF,
10985,residual_review_required,etf,Potential non-common-equity or fund-like instrument needs review/exclusion policy before scoring.,,CP9p,Amundi MSCI Pacific Ex Japan SRI Climate Paris Aligned ETF,CBOE_EUROPE,,,,cboe_europe_reference_data,,ETF,
10995,residual_review_required,etf,Potential non-common-equity or fund-like instrument needs review/exclusion policy before scoring.,,CPJ1l,iShares Core MSCI Pacific ex-Japan UCITS ETF,CBOE_EUROPE,,,,cboe_europe_reference_data,,ETF,
10996,residual_review_required,etf,Potential non-common-equity or fund-like instrument needs review/exclusion policy before scoring.,,CPPRl,Sprott Pure Play Copper Miners UCITS ETF,CBOE_EUROPE,,,,cboe_europe_reference_data,,ETF,
11000,residual_review_required,etf,Potential non-common-equity or fund-like instrument needs review/exclusion policy before scoring.,,CPXJa,iShares Core MSCI Pacific ex-Japan UCITS ETF,CBOE_EUROPE,,,,cboe_europe_reference_data,,ETF,
11001,residual_review_required,etf,Potential non-common-equity or fund-like instrument needs review/exclusion policy before scoring.,,CPXJl,iShares Core MSCI Pacific ex-Japan UCITS ETF,CBOE_EUROPE,,,,cboe_europe_reference_data,,ETF,
11002,residual_review_required,etf,Potential non-common-equity or fund-like instrument needs review/exclusion policy before scoring.,,CQQQz,UBS Solactive China Technology UCITS ETF,CBOE_EUROPE,,,,cboe_europe_reference_data,,ETF,
11012,residual_review_required,etf;bond,Potential non-common-equity or fund-like instrument needs review/exclusion policy before scoring.,,CRHGl,iShares Global Corp Bond UCITS ETF,CBOE_EUROPE,,,,cboe_europe_reference_data,,ETF,
11021,residual_review_required,etf;bond,Potential non-common-equity or fund-like instrument needs review/exclusion policy before scoring.,,CRPAl,iShares Global Corp Bond UCITS ETF,CBOE_EUROPE,,,,cboe_europe_reference_data,,ETF,
11022,residual_review_required,etf;bond,Potential non-common-equity or fund-like instrument needs review/exclusion policy before scoring.,,CRPEm,Amundi EUR Corporate Bond Climate Paris Aligned UCITS ETF,CBOE_EUROPE,,,,cboe_europe_reference_data,,ETF,
11023,residual_review_required,etf;bond,Potential non-common-equity or fund-like instrument needs review/exclusion policy before scoring.,,CRPHz,iShares Global Corp Bond EUR Hedged UCITS ETF Dist,CBOE_EUROPE,,,,cboe_europe_reference_data,,ETF,
11024,residual_review_required,etf;bond,Potential non-common-equity or fund-like instrument needs review/exclusion policy before scoring.,,CRPSl,iShares Global Corp Bond UCITS ETF,CBOE_EUROPE,,,,cboe_europe_reference_data,,ETF,
11025,residual_review_required,etf;bond,Potential non-common-equity or fund-like instrument needs review/exclusion policy before scoring.,,CRPUl,iShares Global Corp Bond UCITS ETF,CBOE_EUROPE,,,,cboe_europe_reference_data,,ETF,
11026,residual_review_required,etf;bond,Potential non-common-equity or fund-like instrument needs review/exclusion policy before scoring.,,CRPUz,iShares Global Corp Bond UCITS ETF,CBOE_EUROPE,,,,cboe_europe_reference_data,,ETF,
11027,residual_review_required,etf;bond,Potential non-common-equity or fund-like instrument needs review/exclusion policy before scoring.,,CRPXl,Amundi EUR Corporate Bond Climate Paris Aligned UCITS ETF,CBOE_EUROPE,,,,cboe_europe_reference_data,,ETF,
11028,residual_review_required,etf;bond,Potential non-common-equity or fund-like instrument needs review/exclusion policy before scoring.,,CRPp,Amundi EUR Corporate Bond Climate Paris Aligned UCITS ETF,CBOE_EUROPE,,,,cboe_europe_reference_data,,ETF,
11036,residual_review_required,etf,Potential non-common-equity or fund-like instrument needs review/exclusion policy before scoring.,,CS1l,AMUNDI IBEX 35 UCITS ETF,CBOE_EUROPE,,,,cboe_europe_reference_data,,ETF,
11037,residual_review_required,etf,Potential non-common-equity or fund-like instrument needs review/exclusion policy before scoring.,,CS51l,iShares Core EURO STOXX 50 UCITS ETF,CBOE_EUROPE,,,,cboe_europe_reference_data,,ETF,
11038,residual_review_required,etf,Potential non-common-equity or fund-like instrument needs review/exclusion policy before scoring.,,CS9z,Amundi MSCI Europe ex Switzerland ESG Broad Transition UCITS ETF,CBOE_EUROPE,,,,cboe_europe_reference_data,,ETF,
11039,residual_review_required,etf;bond,Potential non-common-equity or fund-like instrument needs review/exclusion policy before scoring.,,CSB0Zz,iShares Swiss Domestic Government Bond 7-15 ETF CH,CBOE_EUROPE,,,,cboe_europe_reference_data,,ETF,
11040,residual_review_required,etf;bond,Potential non-common-equity or fund-like instrument needs review/exclusion policy before scoring.,,CSB3Zz,iShares Swiss Domestic Government Bond 0-3 ETF CH,CBOE_EUROPE,,,,cboe_europe_reference_data,,ETF,
11041,residual_review_required,etf;bond,Potential non-common-equity or fund-like instrument needs review/exclusion policy before scoring.,,CSB7Zz,iShares Swiss Domestic Government Bond 3-7 ETF CH,CBOE_EUROPE,,,,cboe_europe_reference_data,,ETF,
11042,residual_review_required,etf;bond,Potential non-common-equity or fund-like instrument needs review/exclusion policy before scoring.,,CSBE7z,iShares EUR Govt Bond 3-7yr UCITS ETF,CBOE_EUROPE,,,,cboe_europe_reference_data,,ETF,
11043,residual_review_required,etf;bond,Potential non-common-equity or fund-like instrument needs review/exclusion policy before scoring.,,CSBG0z,iShares USD Treasury Bond 7-10yr UCITS ETF USD Acc,CBOE_EUROPE,,,,cboe_europe_reference_data,,ETF,
11044,residual_review_required,etf;bond,Potential non-common-equity or fund-like instrument needs review/exclusion policy before scoring.,,CSBG3m,iShares USD Treasury Bond 1-3yr UCITS ETF USD Acc B,CBOE_EUROPE,,,,cboe_europe_reference_data,,ETF,
11045,residual_review_required,etf;bond,Potential non-common-equity or fund-like instrument needs review/exclusion policy before scoring.,,CSBG3z,iShares EUR Govt Bond 1-3yr UCITS ETF EUR Acc,CBOE_EUROPE,,,,cboe_europe_reference_data,,ETF,
11046,residual_review_required,etf;bond,Potential non-common-equity or fund-like instrument needs review/exclusion policy before scoring.,,CSBG7m,iShares USD Treasury Bond 3-7yr UCITS ETF,CBOE_EUROPE,,,,cboe_europe_reference_data,,ETF,
11047,residual_review_required,etf;bond,Potential non-common-equity or fund-like instrument needs review/exclusion policy before scoring.,,CSBG7z,iShares USD Treasury Bond 3-7yr UCITS ETF,CBOE_EUROPE,,,,cboe_europe_reference_data,,ETF,
11048,residual_review_required,etf;bond,Potential non-common-equity or fund-like instrument needs review/exclusion policy before scoring.,,CSBGEm,iShares EUR Govt Bond 1-3yr UCITS ETF EUR Acc,CBOE_EUROPE,,,,cboe_europe_reference_data,,ETF,
11049,residual_review_required,etf;bond,Potential non-common-equity or fund-like instrument needs review/exclusion policy before scoring.,,CSBGUz,iShares USD Treasury Bond 1-3yr UCITS ETF USD Acc B,CBOE_EUROPE,,,,cboe_europe_reference_data,,ETF,
11050,residual_review_required,etf;bond,Potential non-common-equity or fund-like instrument needs review/exclusion policy before scoring.,,CSBGVm,iShares EUR Govt Bond 3-7yr UCITS ETF,CBOE_EUROPE,,,,cboe_europe_reference_data,,ETF,
11051,residual_review_required,etf,Potential non-common-equity or fund-like instrument needs review/exclusion policy before scoring.,,CSCAm,iShares MSCI Canada UCITS ETF,CBOE_EUROPE,,,,cboe_europe_reference_data,,ETF,
11052,residual_review_required,etf,Potential non-common-equity or fund-like instrument needs review/exclusion policy before scoring.,,CSCAz,iShares MSCI Canada UCITS ETF,CBOE_EUROPE,,,,cboe_europe_reference_data,,ETF,
11054,residual_review_required,etf,Potential non-common-equity or fund-like instrument needs review/exclusion policy before scoring.,,CSEMAm,iShares MSCI EM Asia UCITS ETF,CBOE_EUROPE,,,,cboe_europe_reference_data,,ETF,
11055,residual_review_required,etf,Potential non-common-equity or fund-like instrument needs review/exclusion policy before scoring.,,CSEMAz,iShares MSCI EM Asia UCITS ETF,CBOE_EUROPE,,,,cboe_europe_reference_data,,ETF,
11056,residual_review_required,etf,Potential non-common-equity or fund-like instrument needs review/exclusion policy before scoring.,,CSEMSm,iShares MSCI EMU Small Cap UCITS ETF,CBOE_EUROPE,,,,cboe_europe_reference_data,,ETF,
11057,residual_review_required,etf,Potential non-common-equity or fund-like instrument needs review/exclusion policy before scoring.,,CSEMSz,iShares MSCI EMU Small Cap UCITS ETF,CBOE_EUROPE,,,,cboe_europe_reference_data,,ETF,
11058,residual_review_required,etf,Potential non-common-equity or fund-like instrument needs review/exclusion policy before scoring.,,CSEMUm,iShares Core MSCI EMU UCITS ETF,CBOE_EUROPE,,,,cboe_europe_reference_data,,ETF,
11059,residual_review_required,etf,Potential non-common-equity or fund-like instrument needs review/exclusion policy before scoring.,,CSEMZz,iShares Core MSCI EMU UCITS ETF,CBOE_EUROPE,,,,cboe_europe_reference_data,,ETF,
11060,residual_review_required,etf,Potential non-common-equity or fund-like instrument needs review/exclusion policy before scoring.,,CSGLDz,iShares Gold CHF Hedged ETF CH,CBOE_EUROPE,,,,cboe_europe_reference_data,,ETF,
11061,residual_review_required,etf,Potential non-common-equity or fund-like instrument needs review/exclusion policy before scoring.,,CSGLEz,iShares Gold EUR Hedged ETF CH,CBOE_EUROPE,,,,cboe_europe_reference_data,,ETF,
11062,residual_review_required,etf,Potential non-common-equity or fund-like instrument needs review/exclusion policy before scoring.,,CSGOLz,iShares Gold ETF CH,CBOE_EUROPE,,,,cboe_europe_reference_data,,ETF,
11064,residual_review_required,etf,Potential non-common-equity or fund-like instrument needs review/exclusion policy before scoring.,,CSH2l,Amundi Smart Overnight Return,CBOE_EUROPE,,,,cboe_europe_reference_data,,ETF,
11065,residual_review_required,etf,Potential non-common-equity or fund-like instrument needs review/exclusion policy before scoring.,,CSH2p,Amundi Smart Overnight Return,CBOE_EUROPE,,,,cboe_europe_reference_data,,ETF,
11066,residual_review_required,etf,Potential non-common-equity or fund-like instrument needs review/exclusion policy before scoring.,,CSHDl,Amundi EUR Overnight Return UCITS ETF,CBOE_EUROPE,,,,cboe_europe_reference_data,,ETF,
11068,residual_review_required,etf,Potential non-common-equity or fund-like instrument needs review/exclusion policy before scoring.,,CSHp,Amundi EUR Overnight Return UCITS ETF,CBOE_EUROPE,,,,cboe_europe_reference_data,,ETF,
11069,residual_review_required,etf,Potential non-common-equity or fund-like instrument needs review/exclusion policy before scoring.,,CSINDz,iShares Dow Jones Industrial Average UCITS ETF,CBOE_EUROPE,,,,cboe_europe_reference_data,,ETF,
11070,residual_review_required,etf,Potential non-common-equity or fund-like instrument needs review/exclusion policy before scoring.,,CSJPl,iShares MSCI Japan UCITS ETF,CBOE_EUROPE,,,,cboe_europe_reference_data,,ETF,
11071,residual_review_required,etf,Potential non-common-equity or fund-like instrument needs review/exclusion policy before scoring.,,CSJPm,iShares MSCI Japan UCITS ETF,CBOE_EUROPE,,,,cboe_europe_reference_data,,ETF,
11072,residual_review_required,etf,Potential non-common-equity or fund-like instrument needs review/exclusion policy before scoring.,,CSJPz,iShares MSCI Japan UCITS ETF,CBOE_EUROPE,,,,cboe_europe_reference_data,,ETF,
11073,residual_review_required,etf,Potential non-common-equity or fund-like instrument needs review/exclusion policy before scoring.,,CSKRl,iShares MSCI Korea UCITS ETF USD Acc,CBOE_EUROPE,,,,cboe_europe_reference_data,,ETF,
11074,residual_review_required,etf,Potential non-common-equity or fund-like instrument needs review/exclusion policy before scoring.,,CSKRm,iShares MSCI Korea UCITS ETF USD Acc,CBOE_EUROPE,,,,cboe_europe_reference_data,,ETF,
11075,residual_review_required,fund,Potential non-common-equity or fund-like instrument needs review/exclusion policy before scoring.,,CSLOGz,UBS CH Property Fund - Direct LogisticsPlus,CBOE_EUROPE,,,,cboe_europe_reference_data,,EQTY,
11076,residual_review_required,fund;etf,Potential non-common-equity or fund-like instrument needs review/exclusion policy before scoring.,,CSLPz,UBS CH Property Fund - Direct LivingPlus,CBOE_EUROPE,,,,cboe_europe_reference_data,,ETF,
11077,residual_review_required,etf,Potential non-common-equity or fund-like instrument needs review/exclusion policy before scoring.,,CSMIBm,iShares FTSE MIB UCITS ETF EUR Acc,CBOE_EUROPE,,,,cboe_europe_reference_data,,ETF,
11078,residual_review_required,etf,Potential non-common-equity or fund-like instrument needs review/exclusion policy before scoring.,,CSMIBx,iShares FTSE MIB UCITS ETF EUR (Acc),CBOE_EUROPE,,,,cboe_europe_reference_data,,ETF,
11079,residual_review_required,etf,Potential non-common-equity or fund-like instrument needs review/exclusion policy before scoring.,,CSNDXm,iShares NASDAQ 100 UCITS ETF,CBOE_EUROPE,,,,cboe_europe_reference_data,,ETF,
11080,residual_review_required,etf,Potential non-common-equity or fund-like instrument needs review/exclusion policy before scoring.,,CSNDXz,iShares NASDAQ 100 UCITS ETF,CBOE_EUROPE,,,,cboe_europe_reference_data,,ETF,
11081,residual_review_required,etf,Potential non-common-equity or fund-like instrument needs review/exclusion policy before scoring.,,CSNKYm,iShares Nikkei 225 UCITS ETF,CBOE_EUROPE,,,,cboe_europe_reference_data,,ETF,
11082,residual_review_required,etf,Potential non-common-equity or fund-like instrument needs review/exclusion policy before scoring.,,CSNKYz,iShares Nikkei 225 UCITS ETF,CBOE_EUROPE,,,,cboe_europe_reference_data,,ETF,
11084,residual_review_required,etf,Potential non-common-equity or fund-like instrument needs review/exclusion policy before scoring.,,CSP1l,iShares Core S&P 500 UCITS ETF,CBOE_EUROPE,,,,cboe_europe_reference_data,,ETF,
11085,residual_review_required,etf,Potential non-common-equity or fund-like instrument needs review/exclusion policy before scoring.,,CSPXJm,iShares Core MSCI Pacific ex-Japan UCITS ETF,CBOE_EUROPE,,,,cboe_europe_reference_data,,ETF,
11086,residual_review_required,etf,Potential non-common-equity or fund-like instrument needs review/exclusion policy before scoring.,,CSPXJz,iShares Core MSCI Pacific ex-Japan UCITS ETF,CBOE_EUROPE,,,,cboe_europe_reference_data,,ETF,
11087,residual_review_required,etf,Potential non-common-equity or fund-like instrument needs review/exclusion policy before scoring.,,CSPXa,iShares Core S&P 500 UCITS ETF,CBOE_EUROPE,,,,cboe_europe_reference_data,,ETF,
11088,residual_review_required,etf,Potential non-common-equity or fund-like instrument needs review/exclusion policy before scoring.,,CSPXl,iShares Core S&P 500 UCITS ETF,CBOE_EUROPE,,,,cboe_europe_reference_data,,ETF,
11089,residual_review_required,etf,Potential non-common-equity or fund-like instrument needs review/exclusion policy before scoring.,,CSPXx,iShares Core S&P 500 UCITS ETF MXN Hedged (Acc),CBOE_EUROPE,,,,cboe_europe_reference_data,,ETF,
11091,residual_review_required,etf,Potential non-common-equity or fund-like instrument needs review/exclusion policy before scoring.,,CSSLIz,iShares SLI ETF CH,CBOE_EUROPE,,,,cboe_europe_reference_data,,ETF,
11092,residual_review_required,etf,Potential non-common-equity or fund-like instrument needs review/exclusion policy before scoring.,,CSSMIz,iShares SMI ETF CH,CBOE_EUROPE,,,,cboe_europe_reference_data,,ETF,
11093,residual_review_required,etf,Potential non-common-equity or fund-like instrument needs review/exclusion policy before scoring.,,CSSMZz,iShares SMIM ETF CH,CBOE_EUROPE,,,,cboe_europe_reference_data,,ETF,
11094,residual_review_required,etf,Potential non-common-equity or fund-like instrument needs review/exclusion policy before scoring.,,CSSPXm,iShares Core S&P 500 UCITS ETF,CBOE_EUROPE,,,,cboe_europe_reference_data,,ETF,
11095,residual_review_required,etf,Potential non-common-equity or fund-like instrument needs review/exclusion policy before scoring.,,CSSPXz,iShares Core S&P 500 UCITS ETF,CBOE_EUROPE,,,,cboe_europe_reference_data,,ETF,
11096,residual_review_required,etf,Potential non-common-equity or fund-like instrument needs review/exclusion policy before scoring.,,CSSX5m,iShares Core EURO STOXX 50 UCITS ETF,CBOE_EUROPE,,,,cboe_europe_reference_data,,ETF,
11097,residual_review_required,etf,Potential non-common-equity or fund-like instrument needs review/exclusion policy before scoring.,,CSSX5z,iShares Core EURO STOXX 50 UCITS ETF,CBOE_EUROPE,,,,cboe_europe_reference_data,,ETF,
11098,residual_review_required,etf,Potential non-common-equity or fund-like instrument needs review/exclusion policy before scoring.,,CSTAd,Amundi Stoxx Europe 600 Technology UCITS ETF,CBOE_EUROPE,,,,cboe_europe_reference_data,,ETF,
11099,residual_review_required,etf,Potential non-common-equity or fund-like instrument needs review/exclusion policy before scoring.,,CSUKSz,iShares MSCI UK Small Cap UCITS ETF,CBOE_EUROPE,,,,cboe_europe_reference_data,,ETF,
11100,residual_review_required,etf,Potential non-common-equity or fund-like instrument needs review/exclusion policy before scoring.,,CSUKXz,iShares Core FTSE 100 UCITS ETF GBP Acc,CBOE_EUROPE,,,,cboe_europe_reference_data,,ETF,
11101,residual_review_required,etf,Potential non-common-equity or fund-like instrument needs review/exclusion policy before scoring.,,CSUKl,iShares MSCI UK UCITS ETF,CBOE_EUROPE,,,,cboe_europe_reference_data,,ETF,
11102,residual_review_required,etf,Potential non-common-equity or fund-like instrument needs review/exclusion policy before scoring.,,CSUKz,iShares MSCI UK UCITS ETF,CBOE_EUROPE,,,,cboe_europe_reference_data,,ETF,
11103,residual_review_required,etf,Potential non-common-equity or fund-like instrument needs review/exclusion policy before scoring.,,CSUSEz,UBS BBG MSCI US Liquid Corp Sustainable UCITS ETF,CBOE_EUROPE,,,,cboe_europe_reference_data,,ETF,
11104,residual_review_required,etf,Potential non-common-equity or fund-like instrument needs review/exclusion policy before scoring.,,CSUSSm,iShares MSCI USA Small Cap CTB Enhanced ESG UCITS ETF,CBOE_EUROPE,,,,cboe_europe_reference_data,,ETF,
11105,residual_review_required,etf,Potential non-common-equity or fund-like instrument needs review/exclusion policy before scoring.,,CSUSSz,iShares MSCI USA Small Cap CTB Enhanced ESG UCITS ETF,CBOE_EUROPE,,,,cboe_europe_reference_data,,ETF,
11106,residual_review_required,etf,Potential non-common-equity or fund-like instrument needs review/exclusion policy before scoring.,,CSUSl,iShares MSCI USA UCITS ETF,CBOE_EUROPE,,,,cboe_europe_reference_data,,ETF,
11107,residual_review_required,etf,Potential non-common-equity or fund-like instrument needs review/exclusion policy before scoring.,,CSUSm,iShares MSCI USA UCITS ETF,CBOE_EUROPE,,,,cboe_europe_reference_data,,ETF,
11108,residual_review_required,etf,Potential non-common-equity or fund-like instrument needs review/exclusion policy before scoring.,,CSUSz,iShares MSCI USA UCITS ETF,CBOE_EUROPE,,,,cboe_europe_reference_data,,ETF,
11109,residual_review_required,etf,Potential non-common-equity or fund-like instrument needs review/exclusion policy before scoring.,,CSWCHz,Amundi Msci Switzerland UCITS ETF,CBOE_EUROPE,,,,cboe_europe_reference_data,,ETF,
11110,residual_review_required,etf,Potential non-common-equity or fund-like instrument needs review/exclusion policy before scoring.,,CSWCp,Amundi Msci Switzerland UCITS ETF,CBOE_EUROPE,,,,cboe_europe_reference_data,,ETF,
11111,residual_review_required,etf,Potential non-common-equity or fund-like instrument needs review/exclusion policy before scoring.,,CSWUl,Amundi Msci Switzerland UCITS ETF,CBOE_EUROPE,,,,cboe_europe_reference_data,,ETF,
11112,residual_review_required,etf,Potential non-common-equity or fund-like instrument needs review/exclusion policy before scoring.,,CSWp,Amundi Msci Switzerland UCITS ETF,CBOE_EUROPE,,,,cboe_europe_reference_data,,ETF,
11113,residual_review_required,etf,Potential non-common-equity or fund-like instrument needs review/exclusion policy before scoring.,,CSX5a,iShares Core EURO STOXX 50 UCITS ETF,CBOE_EUROPE,,,,cboe_europe_reference_data,,ETF,
11114,residual_review_required,etf,Potential non-common-equity or fund-like instrument needs review/exclusion policy before scoring.,,CSX5l,iShares Core EURO STOXX 50 UCITS ETF,CBOE_EUROPE,,,,cboe_europe_reference_data,,ETF,
11115,residual_review_required,etf,Potential non-common-equity or fund-like instrument needs review/exclusion policy before scoring.,,CSY2d,UBS MSCI USA Selection UCITS ETF,CBOE_EUROPE,,,,cboe_europe_reference_data,,ETF,
11117,residual_review_required,etf,Potential non-common-equity or fund-like instrument needs review/exclusion policy before scoring.,,CT3Cd,Global X Cleantech UCITS ETF,CBOE_EUROPE,,,,cboe_europe_reference_data,,ETF,
11119,residual_review_required,etf,Potential non-common-equity or fund-like instrument needs review/exclusion policy before scoring.,,CTECa,iShares MSCI China Tech UCITS ETF,CBOE_EUROPE,,,,cboe_europe_reference_data,,ETF,
11121,residual_review_required,etf,Potential non-common-equity or fund-like instrument needs review/exclusion policy before scoring.,,CTECz,iShares MSCI China Tech UCITS ETF,CBOE_EUROPE,,,,cboe_europe_reference_data,,ETF,
11122,residual_review_required,etf,Potential non-common-equity or fund-like instrument needs review/exclusion policy before scoring.,,CTEGl,Global X Cleantech UCITS ETF,CBOE_EUROPE,,,,cboe_europe_reference_data,,ETF,
11123,residual_review_required,etf,Potential non-common-equity or fund-like instrument needs review/exclusion policy before scoring.,,CTEKl,Global X Cleantech UCITS ETF,CBOE_EUROPE,,,,cboe_europe_reference_data,,ETF,
11124,residual_review_required,etf,Potential non-common-equity or fund-like instrument needs review/exclusion policy before scoring.,,CTEKm,Global X Cleantech UCITS ETF,CBOE_EUROPE,,,,cboe_europe_reference_data,,ETF,
11126,residual_review_required,etf,Potential non-common-equity or fund-like instrument needs review/exclusion policy before scoring.,,CTEKz,Global X Cleantech UCITS ETF,CBOE_EUROPE,,,,cboe_europe_reference_data,,ETF,
11138,residual_review_required,etf,Potential non-common-equity or fund-like instrument needs review/exclusion policy before scoring.,,CU2Gl,Amundi PEA MSCI USA ESG Selection UCITS ETF,CBOE_EUROPE,,,,cboe_europe_reference_data,,ETF,
11139,residual_review_required,etf,Potential non-common-equity or fund-like instrument needs review/exclusion policy before scoring.,,CU2USz,Amundi PEA MSCI USA ESG Selection UCITS ETF,CBOE_EUROPE,,,,cboe_europe_reference_data,,ETF,
11140,residual_review_required,etf,Potential non-common-equity or fund-like instrument needs review/exclusion policy before scoring.,,CU2Up,Amundi PEA MSCI USA ESG Selection UCITS ETF,CBOE_EUROPE,,,,cboe_europe_reference_data,,ETF,
11141,residual_review_required,etf,Potential non-common-equity or fund-like instrument needs review/exclusion policy before scoring.,,CU2m,Amundi PEA MSCI USA ESG Selection UCITS ETF,CBOE_EUROPE,,,,cboe_europe_reference_data,,ETF,
11142,residual_review_required,etf,Potential non-common-equity or fund-like instrument needs review/exclusion policy before scoring.,,CU2p,Amundi PEA MSCI USA ESG Selection UCITS ETF,CBOE_EUROPE,,,,cboe_europe_reference_data,,ETF,
11143,residual_review_required,etf;bond,Potential non-common-equity or fund-like instrument needs review/exclusion policy before scoring.,,CU31l,iShares USD Treasury Bond 1-3yr UCITS ETF USD Acc B,CBOE_EUROPE,,,,cboe_europe_reference_data,,ETF,
11144,residual_review_required,etf;bond,Potential non-common-equity or fund-like instrument needs review/exclusion policy before scoring.,,CU71l,iShares USD Treasury Bond 3-7yr UCITS ETF,CBOE_EUROPE,,,,cboe_europe_reference_data,,ETF,
11145,residual_review_required,etf,Potential non-common-equity or fund-like instrument needs review/exclusion policy before scoring.,,CU9p,Amundi MSCI Europe Ex EMU ESG Selection UCITS ETF,CBOE_EUROPE,,,,cboe_europe_reference_data,,ETF,
11146,residual_review_required,etf,Potential non-common-equity or fund-like instrument needs review/exclusion policy before scoring.,,CUIKd,Amundi MSCI UK IMI SRI Climate Paris Aligned ETF,CBOE_EUROPE,,,,cboe_europe_reference_data,,ETF,
11147,residual_review_required,etf,Potential non-common-equity or fund-like instrument needs review/exclusion policy before scoring.,,CUKXl,iShares Core FTSE 100 UCITS ETF GBP Acc,CBOE_EUROPE,,,,cboe_europe_reference_data,,ETF,
11150,residual_review_required,etf,Potential non-common-equity or fund-like instrument needs review/exclusion policy before scoring.,,CUSSl,iShares MSCI USA Small Cap CTB Enhanced ESG UCITS ETF,CBOE_EUROPE,,,,cboe_europe_reference_data,,ETF,
11151,residual_review_required,etf,Potential non-common-equity or fund-like instrument needs review/exclusion policy before scoring.,,CV9p,Amundi MSCI Europe Value Factor UCITS ETF,CBOE_EUROPE,,,,cboe_europe_reference_data,,ETF,
11157,residual_review_required,etf,Potential non-common-equity or fund-like instrument needs review/exclusion policy before scoring.,,CW8USz,Amundi MSCI World Swap UCITS ETF,CBOE_EUROPE,,,,cboe_europe_reference_data,,ETF,
11158,residual_review_required,etf,Potential non-common-equity or fund-like instrument needs review/exclusion policy before scoring.,,CW8Ul,Amundi MSCI World Swap UCITS ETF,CBOE_EUROPE,,,,cboe_europe_reference_data,,ETF,
11159,residual_review_required,etf,Potential non-common-equity or fund-like instrument needs review/exclusion policy before scoring.,,CW8m,Amundi MSCI World Swap UCITS ETF,CBOE_EUROPE,,,,cboe_europe_reference_data,,ETF,
11160,residual_review_required,etf,Potential non-common-equity or fund-like instrument needs review/exclusion policy before scoring.,,CW8p,Amundi MSCI World Swap UCITS ETF,CBOE_EUROPE,,,,cboe_europe_reference_data,,ETF,
11162,residual_review_required,etf,Potential non-common-equity or fund-like instrument needs review/exclusion policy before scoring.,,CWEUSz,Amundi Global Bioenergy UCITS ETF,CBOE_EUROPE,,,,cboe_europe_reference_data,,ETF,
11163,residual_review_required,etf,Potential non-common-equity or fund-like instrument needs review/exclusion policy before scoring.,,CWEUl,Amundi Global Bioenergy UCITS ETF,CBOE_EUROPE,,,,cboe_europe_reference_data,,ETF,
11164,residual_review_required,etf,Potential non-common-equity or fund-like instrument needs review/exclusion policy before scoring.,,CWEUp,Amundi Global Bioenergy UCITS ETF,CBOE_EUROPE,,,,cboe_europe_reference_data,,ETF,
11165,residual_review_required,etf,Potential non-common-equity or fund-like instrument needs review/exclusion policy before scoring.,,CWEm,Amundi Global Bioenergy UCITS ETF,CBOE_EUROPE,,,,cboe_europe_reference_data,,ETF,
11166,residual_review_required,etf,Potential non-common-equity or fund-like instrument needs review/exclusion policy before scoring.,,CWIGAc,Investeringsforeningen C WorldWide Globale Aktier,CBOE_EUROPE,,,,cboe_europe_reference_data,,ETF,
11169,residual_review_required,etf,Potential non-common-equity or fund-like instrument needs review/exclusion policy before scoring.,,CXAUl,UBS CMCI ex-Agriculture SF UCITS ETF,CBOE_EUROPE,,,,cboe_europe_reference_data,,ETF,
11172,residual_review_required,etf;bond,Potential non-common-equity or fund-like instrument needs review/exclusion policy before scoring.,,CYBEa,iShares China CNY Bond UCITS ETF,CBOE_EUROPE,,,,cboe_europe_reference_data,,ETF,
11173,residual_review_required,etf,Potential non-common-equity or fund-like instrument needs review/exclusion policy before scoring.,,CYBOm,VanEck Medical Robotics and Bionic Engineering UCITS ETF,CBOE_EUROPE,,,,cboe_europe_reference_data,,ETF,
11174,residual_review_required,etf,Potential non-common-equity or fund-like instrument needs review/exclusion policy before scoring.,,CYBRa,Rize Cybersecurity & Data Privacy UCITS ETF,CBOE_EUROPE,,,,cboe_europe_reference_data,,ETF,
11175,residual_review_required,etf,Potential non-common-equity or fund-like instrument needs review/exclusion policy before scoring.,,CYBRl,Rize Cybersecurity & Data Privacy UCITS ETF,CBOE_EUROPE,,,,cboe_europe_reference_data,,ETF,
11176,residual_review_required,etf;bond,Potential non-common-equity or fund-like instrument needs review/exclusion policy before scoring.,,CYBUa,iShares China CNY Bond UCITS ETF,CBOE_EUROPE,,,,cboe_europe_reference_data,,ETF,
11177,residual_review_required,etf;bond,Potential non-common-equity or fund-like instrument needs review/exclusion policy before scoring.,,CYEAp,iShares China CNY Bond UCITS ETF,CBOE_EUROPE,,,,cboe_europe_reference_data,,ETF,
11179,residual_review_required,etf,Potential non-common-equity or fund-like instrument needs review/exclusion policy before scoring.,,D26Al,iShares iBonds Dec 2026 Term USD Corp UCITS ETF,CBOE_EUROPE,,,,cboe_europe_reference_data,,ETF,
11180,residual_review_required,etf,Potential non-common-equity or fund-like instrument needs review/exclusion policy before scoring.,,D28Al,iShares iBonds Dec 2028 Term USD Corp UCITS ETF,CBOE_EUROPE,,,,cboe_europe_reference_data,,ETF,
11182,residual_review_required,etf,Potential non-common-equity or fund-like instrument needs review/exclusion policy before scoring.,,D500d,Invesco S&P 500 UCITS ETF,CBOE_EUROPE,,,,cboe_europe_reference_data,,ETF,
11183,residual_review_required,etf;bond,Potential non-common-equity or fund-like instrument needs review/exclusion policy before scoring.,,D5BBd,Xtrackers II Germany Government Bond UCITS ETF,CBOE_EUROPE,,,,cboe_europe_reference_data,,ETF,
11184,residual_review_required,etf;bond,Potential non-common-equity or fund-like instrument needs review/exclusion policy before scoring.,,D5BCd,Xtrackers II Germany Government Bond 1-3 UCITS ETF,CBOE_EUROPE,,,,cboe_europe_reference_data,,ETF,
11185,residual_review_required,etf,Potential non-common-equity or fund-like instrument needs review/exclusion policy before scoring.,,D5BEd,Xtrackers II US Treasuries 1-3 UCITS ETF,CBOE_EUROPE,,,,cboe_europe_reference_data,,ETF,
11186,residual_review_required,etf;bond,Potential non-common-equity or fund-like instrument needs review/exclusion policy before scoring.,,D5BGd,Xtrackers II EUR Corporate Bond UCITS ETF,CBOE_EUROPE,,,,cboe_europe_reference_data,,ETF,
11187,residual_review_required,etf,Potential non-common-equity or fund-like instrument needs review/exclusion policy before scoring.,,D5BHd,Xtrackers MSCI Canada Screened UCITS ETF,CBOE_EUROPE,,,,cboe_europe_reference_data,,ETF,
11188,residual_review_required,etf,Potential non-common-equity or fund-like instrument needs review/exclusion policy before scoring.,,D5BId,Xtrackers MSCI Mexico UCITS ETF,CBOE_EUROPE,,,,cboe_europe_reference_data,,ETF,
11189,residual_review_required,etf,Potential non-common-equity or fund-like instrument needs review/exclusion policy before scoring.,,D5BKd,Xtrackers FTSE Developed Europe Real Estate UCITS ETF,CBOE_EUROPE,,,,cboe_europe_reference_data,,ETF,
11190,residual_review_required,etf,Potential non-common-equity or fund-like instrument needs review/exclusion policy before scoring.,,D5BLd,Xtrackers MSCI Europe Value UCITS ETF,CBOE_EUROPE,,,,cboe_europe_reference_data,,ETF,
11191,residual_review_required,etf,Potential non-common-equity or fund-like instrument needs review/exclusion policy before scoring.,,D5BMd,Xtrackers S&P 500 Swap UCITS ETF,CBOE_EUROPE,,,,cboe_europe_reference_data,,ETF,
11192,residual_review_required,etf,Potential non-common-equity or fund-like instrument needs review/exclusion policy before scoring.,,D6ATd,Global X Disruptive Materials UCITS ETF,CBOE_EUROPE,,,,cboe_europe_reference_data,,ETF,
11193,residual_review_required,etf,Potential non-common-equity or fund-like instrument needs review/exclusion policy before scoring.,,D6RPd,Deka MSCI World Climate Change ESG CTB UCITS ETF,CBOE_EUROPE,,,,cboe_europe_reference_data,,ETF,
11194,residual_review_required,etf,Potential non-common-equity or fund-like instrument needs review/exclusion policy before scoring.,,D6RQd,Deka MSCI USA Climate Change ESG CTB UCITS ETF,CBOE_EUROPE,,,,cboe_europe_reference_data,,ETF,
11195,residual_review_required,etf,Potential non-common-equity or fund-like instrument needs review/exclusion policy before scoring.,,D6RSd,Deka MSCI EMU Climate Change ESG CTB UCITS ETF,CBOE_EUROPE,,,,cboe_europe_reference_data,,ETF,
11196,residual_review_required,etf,Potential non-common-equity or fund-like instrument needs review/exclusion policy before scoring.,,D6RUd,Deka Europe Defense UCITS ETF,CBOE_EUROPE,,,,cboe_europe_reference_data,,ETF,
11199,residual_review_required,etf,Potential non-common-equity or fund-like instrument needs review/exclusion policy before scoring.,,DAGBl,VanEck Crypto and Blockchain Innovators UCITS ETF,CBOE_EUROPE,,,,cboe_europe_reference_data,,ETF,
11206,residual_review_required,etf,Potential non-common-equity or fund-like instrument needs review/exclusion policy before scoring.,,DAPPl,VanEck Crypto and Blockchain Innovators UCITS ETF,CBOE_EUROPE,,,,cboe_europe_reference_data,,ETF,
11207,residual_review_required,etf,Potential non-common-equity or fund-like instrument needs review/exclusion policy before scoring.,,DAPPm,VanEck Crypto and Blockchain Innovators UCITS ETF,CBOE_EUROPE,,,,cboe_europe_reference_data,,ETF,
11208,residual_review_required,etf,Potential non-common-equity or fund-like instrument needs review/exclusion policy before scoring.,,DAPPz,VanEck Crypto and Blockchain Innovators UCITS ETF,CBOE_EUROPE,,,,cboe_europe_reference_data,,ETF,
11212,residual_review_required,etf,Potential non-common-equity or fund-like instrument needs review/exclusion policy before scoring.,,DAVVd,VanEck Crypto and Blockchain Innovators UCITS ETF,CBOE_EUROPE,,,,cboe_europe_reference_data,,ETF,
11213,residual_review_required,etf,Potential non-common-equity or fund-like instrument needs review/exclusion policy before scoring.,,DAX2Sm,Amundi ShortDAX Daily -2x Inverse UCITS ETF,CBOE_EUROPE,,,,cboe_europe_reference_data,,ETF,
11215,residual_review_required,etf,Potential non-common-equity or fund-like instrument needs review/exclusion policy before scoring.,,DAXESm,Amundi MSCI EMU Screened UCITS ETF Acc,CBOE_EUROPE,,,,cboe_europe_reference_data,,ETF,
11216,residual_review_required,etf,Potential non-common-equity or fund-like instrument needs review/exclusion policy before scoring.,,DAXEXz,iShares Core DAX UCITS ETF DE,CBOE_EUROPE,,,,cboe_europe_reference_data,,ETF,
11217,residual_review_required,etf,Potential non-common-equity or fund-like instrument needs review/exclusion policy before scoring.,,DAXLEm,Amundi LevDax Daily 2x Leveraged UCITS ETF,CBOE_EUROPE,,,,cboe_europe_reference_data,,ETF,
11218,residual_review_required,etf,Potential non-common-equity or fund-like instrument needs review/exclusion policy before scoring.,,DAXXm,Amundi DAX II UCITS ETF,CBOE_EUROPE,,,,cboe_europe_reference_data,,ETF,
11219,residual_review_required,etf,Potential non-common-equity or fund-like instrument needs review/exclusion policy before scoring.,,DAXp,Amundi DAX II UCITS ETF,CBOE_EUROPE,,,,cboe_europe_reference_data,,ETF,
11224,residual_review_required,etf,Potential non-common-equity or fund-like instrument needs review/exclusion policy before scoring.,,DBPDd,Xtrackers ShortDAX x2 Daily Swap UCITS ETF,CBOE_EUROPE,,,,cboe_europe_reference_data,,ETF,
11225,residual_review_required,etf,Potential non-common-equity or fund-like instrument needs review/exclusion policy before scoring.,,DBPEd,Xtrackers LevDAX Daily Swap UCITS ETF,CBOE_EUROPE,,,,cboe_europe_reference_data,,ETF,
11226,residual_review_required,etf,Potential non-common-equity or fund-like instrument needs review/exclusion policy before scoring.,,DBPGd,Xtrackers S&P 500 2x Leveraged Daily Swap UCITS ETF,CBOE_EUROPE,,,,cboe_europe_reference_data,,ETF,
11227,residual_review_required,etf,Potential non-common-equity or fund-like instrument needs review/exclusion policy before scoring.,,DBPKd,Xtrackers S&P 500 2x Inverse Daily Swap UCITS ETF,CBOE_EUROPE,,,,cboe_europe_reference_data,,ETF,
11228,residual_review_required,etf,Potential non-common-equity or fund-like instrument needs review/exclusion policy before scoring.,,DBRCl,iShares BIC 50 UCITS ETF,CBOE_EUROPE,,,,cboe_europe_reference_data,,ETF,
11229,residual_review_required,etf,Potential non-common-equity or fund-like instrument needs review/exclusion policy before scoring.,,DBUSd,iShares US Large Cap Deep Buffer UCITS ETF,CBOE_EUROPE,,,,cboe_europe_reference_data,,ETF,
11231,residual_review_required,etf,Potential non-common-equity or fund-like instrument needs review/exclusion policy before scoring.,,DBX3d,Xtrackers MSCI EM Latin America Swap UCITS ETF,CBOE_EUROPE,,,,cboe_europe_reference_data,,ETF,
11232,residual_review_required,etf,Potential non-common-equity or fund-like instrument needs review/exclusion policy before scoring.,,DBX5d,Xtrackers MSCI Taiwan UCITS ETF,CBOE_EUROPE,,,,cboe_europe_reference_data,,ETF,
11233,residual_review_required,etf,Potential non-common-equity or fund-like instrument needs review/exclusion policy before scoring.,,DBX7d,Xtrackers Nifty 50 Swap UCITS ETF,CBOE_EUROPE,,,,cboe_europe_reference_data,,ETF,
11234,residual_review_required,etf,Potential non-common-equity or fund-like instrument needs review/exclusion policy before scoring.,,DBX8d,Xtrackers MSCI Korea UCITS ETF,CBOE_EUROPE,,,,cboe_europe_reference_data,,ETF,
11235,residual_review_required,etf,Potential non-common-equity or fund-like instrument needs review/exclusion policy before scoring.,,DBX9d,Xtrackers MSCI China A UCITS ETF,CBOE_EUROPE,,,,cboe_europe_reference_data,,ETF,
11236,residual_review_required,etf,Potential non-common-equity or fund-like instrument needs review/exclusion policy before scoring.,,DBXDd,Xtrackers DAX UCITS ETF,CBOE_EUROPE,,,,cboe_europe_reference_data,,ETF,
11237,residual_review_required,etf;bond,Potential non-common-equity or fund-like instrument needs review/exclusion policy before scoring.,,DBXFd,Xtrackers II Eurozone Government Bond 15-30 UCITS ETF,CBOE_EUROPE,,,,cboe_europe_reference_data,,ETF,
11238,residual_review_required,etf;bond,Potential non-common-equity or fund-like instrument needs review/exclusion policy before scoring.,,DBXGd,Xtrackers II Eurozone Government Bond 25+ UCITS ETF,CBOE_EUROPE,,,,cboe_europe_reference_data,,ETF,
11239,residual_review_required,etf,Potential non-common-equity or fund-like instrument needs review/exclusion policy before scoring.,,DBXId,Xtrackers FTSE MIB UCITS ETF,CBOE_EUROPE,,,,cboe_europe_reference_data,,ETF,
11240,residual_review_required,etf,Potential non-common-equity or fund-like instrument needs review/exclusion policy before scoring.,,DBXJd,Xtrackers MSCI Japan UCITS ETF,CBOE_EUROPE,,,,cboe_europe_reference_data,,ETF,
11241,residual_review_required,etf;bond,Potential non-common-equity or fund-like instrument needs review/exclusion policy before scoring.,,DBXPd,Xtrackers II Eurozone Government Bond 1-3 UCITS ETF,CBOE_EUROPE,,,,cboe_europe_reference_data,,ETF,
11242,residual_review_required,etf;bond,Potential non-common-equity or fund-like instrument needs review/exclusion policy before scoring.,,DBXQd,Xtrackers II Eurozone Government Bond 3-5 UCITS ETF,CBOE_EUROPE,,,,cboe_europe_reference_data,,ETF,
11243,residual_review_required,etf,Potential non-common-equity or fund-like instrument needs review/exclusion policy before scoring.,,DBXWd,Xtrackers MSCI World Swap UCITS ETF,CBOE_EUROPE,,,,cboe_europe_reference_data,,ETF,
11244,residual_review_required,etf,Potential non-common-equity or fund-like instrument needs review/exclusion policy before scoring.,,DCAMp,Amundi PEA Monde MSCI World UCITS ETF,CBOE_EUROPE,,,,cboe_europe_reference_data,,ETF,
11245,residual_review_required,etf,Potential non-common-equity or fund-like instrument needs review/exclusion policy before scoring.,,DCCHAz,UBS BBG Commodity Index SF UCITS ETF,CBOE_EUROPE,,,,cboe_europe_reference_data,,ETF,
11247,residual_review_required,etf,Potential non-common-equity or fund-like instrument needs review/exclusion policy before scoring.,,DCEUAz,UBS BBG Commodity Index SF UCITS ETF,CBOE_EUROPE,,,,cboe_europe_reference_data,,ETF,
11248,residual_review_required,etf,Potential non-common-equity or fund-like instrument needs review/exclusion policy before scoring.,,DCGBAz,UBS BBG Commodity Index SF UCITS ETF,CBOE_EUROPE,,,,cboe_europe_reference_data,,ETF,
11251,residual_review_required,etf,Potential non-common-equity or fund-like instrument needs review/exclusion policy before scoring.,,DCUSAz,UBS BBG Commodity Index SF UCITS ETF,CBOE_EUROPE,,,,cboe_europe_reference_data,,ETF,
11252,residual_review_required,etf;bond,Potential non-common-equity or fund-like instrument needs review/exclusion policy before scoring.,,DDBBa,iShares USD Development Bank Bonds UCITS ETF,CBOE_EUROPE,,,,cboe_europe_reference_data,,ETF,
11253,residual_review_required,etf,Potential non-common-equity or fund-like instrument needs review/exclusion policy before scoring.,,DDOCd,Global X Telemedicine & Digital Health UCITS ETF,CBOE_EUROPE,,,,cboe_europe_reference_data,,ETF,
11254,residual_review_required,etf;bond,Potential non-common-equity or fund-like instrument needs review/exclusion policy before scoring.,,DE5Ad,Amundi Euro Government Bond Highest Rated Investment Grade UCITS ETF,CBOE_EUROPE,,,,cboe_europe_reference_data,,ETF,
11255,residual_review_required,etf,Potential non-common-equity or fund-like instrument needs review/exclusion policy before scoring.,,DEAMd,Invesco MDAX UCITS ETF,CBOE_EUROPE,,,,cboe_europe_reference_data,,ETF,
11256,residual_review_required,etf,Potential non-common-equity or fund-like instrument needs review/exclusion policy before scoring.,,DEAMl,Invesco MDAX UCITS ETF,CBOE_EUROPE,,,,cboe_europe_reference_data,,ETF,
11258,residual_review_required,etf,Potential non-common-equity or fund-like instrument needs review/exclusion policy before scoring.,,DECDd,Amundi MSCI EMU Screened UCITS ETF Acc,CBOE_EUROPE,,,,cboe_europe_reference_data,,ETF,
11259,residual_review_required,etf;bond,Potential non-common-equity or fund-like instrument needs review/exclusion policy before scoring.,,DECRd,Amundi EUR Corporate Bond ESG UCITS ETF,CBOE_EUROPE,,,,cboe_europe_reference_data,,ETF,
11263,residual_review_required,etf,Potential non-common-equity or fund-like instrument needs review/exclusion policy before scoring.,,DEFSp,Amundi Stoxx Europe Defense UCITS ETF,CBOE_EUROPE,,,,cboe_europe_reference_data,,ETF,
11264,residual_review_required,etf,Potential non-common-equity or fund-like instrument needs review/exclusion policy before scoring.,,DEL2l,L&G DAX Daily 2x Long UCITS ETF,CBOE_EUROPE,,,,cboe_europe_reference_data,,ETF,
11265,residual_review_required,etf,Potential non-common-equity or fund-like instrument needs review/exclusion policy before scoring.,,DEL2m,L&G DAX Daily 2x Long UCITS ETF,CBOE_EUROPE,,,,cboe_europe_reference_data,,ETF,
11268,residual_review_required,etf,Potential non-common-equity or fund-like instrument needs review/exclusion policy before scoring.,,DEMDl,WisdomTree Emerging Markets High Dividend UCITS ETF,CBOE_EUROPE,,,,cboe_europe_reference_data,,ETF,
11270,residual_review_required,etf,Potential non-common-equity or fund-like instrument needs review/exclusion policy before scoring.,,DEMRl,WisdomTree Emerging Markets High Dividend UCITS ETF,CBOE_EUROPE,,,,cboe_europe_reference_data,,ETF,
11271,residual_review_required,etf,Potential non-common-equity or fund-like instrument needs review/exclusion policy before scoring.,,DEMRm,WisdomTree Emerging Markets High Dividend UCITS ETF,CBOE_EUROPE,,,,cboe_europe_reference_data,,ETF,
11272,residual_review_required,etf,Potential non-common-equity or fund-like instrument needs review/exclusion policy before scoring.,,DEMSl,WisdomTree Emerging Markets High Dividend UCITS ETF,CBOE_EUROPE,,,,cboe_europe_reference_data,,ETF,
11273,residual_review_required,etf,Potential non-common-equity or fund-like instrument needs review/exclusion policy before scoring.,,DEMl,WisdomTree Emerging Markets High Dividend UCITS ETF,CBOE_EUROPE,,,,cboe_europe_reference_data,,ETF,
11274,residual_review_required,etf,Potential non-common-equity or fund-like instrument needs review/exclusion policy before scoring.,,DEMm,WisdomTree Emerging Markets High Dividend UCITS ETF,CBOE_EUROPE,,,,cboe_europe_reference_data,,ETF,
11276,residual_review_required,etf,Potential non-common-equity or fund-like instrument needs review/exclusion policy before scoring.,,DES2d,L&G DAX Daily 2x Short UCITS ETF,CBOE_EUROPE,,,,cboe_europe_reference_data,,ETF,
11277,residual_review_required,etf,Potential non-common-equity or fund-like instrument needs review/exclusion policy before scoring.,,DES2l,L&G DAX Daily 2x Short UCITS ETF,CBOE_EUROPE,,,,cboe_europe_reference_data,,ETF,
11278,residual_review_required,etf,Potential non-common-equity or fund-like instrument needs review/exclusion policy before scoring.,,DES2m,L&G DAX Daily 2x Short UCITS ETF,CBOE_EUROPE,,,,cboe_europe_reference_data,,ETF,
11279,residual_review_required,etf,Potential non-common-equity or fund-like instrument needs review/exclusion policy before scoring.,,DESGz,Amundi MSCI EMU Screened UCITS ETF Acc,CBOE_EUROPE,,,,cboe_europe_reference_data,,ETF,
11285,residual_review_required,etf,Potential non-common-equity or fund-like instrument needs review/exclusion policy before scoring.,,DFEAm,WisdomTree Europe SmallCap Dividend UCITS ETF,CBOE_EUROPE,,,,cboe_europe_reference_data,,ETF,
11287,residual_review_required,etf,Potential non-common-equity or fund-like instrument needs review/exclusion policy before scoring.,,DFENd,VanEck Defense UCITS ETF,CBOE_EUROPE,,,,cboe_europe_reference_data,,ETF,
11288,residual_review_required,etf,Potential non-common-equity or fund-like instrument needs review/exclusion policy before scoring.,,DFEPl,WisdomTree Europe SmallCap Dividend UCITS ETF,CBOE_EUROPE,,,,cboe_europe_reference_data,,ETF,
11289,residual_review_required,etf,Potential non-common-equity or fund-like instrument needs review/exclusion policy before scoring.,,DFEUa,iShares Europe Defence UCITS ETF,CBOE_EUROPE,,,,cboe_europe_reference_data,,ETF,
11290,residual_review_required,etf,Potential non-common-equity or fund-like instrument needs review/exclusion policy before scoring.,,DFEl,WisdomTree Europe SmallCap Dividend UCITS ETF,CBOE_EUROPE,,,,cboe_europe_reference_data,,ETF,
11291,residual_review_required,etf,Potential non-common-equity or fund-like instrument needs review/exclusion policy before scoring.,,DFEm,WisdomTree Europe SmallCap Dividend UCITS ETF,CBOE_EUROPE,,,,cboe_europe_reference_data,,ETF,
11292,residual_review_required,etf,Potential non-common-equity or fund-like instrument needs review/exclusion policy before scoring.,,DFNDl,iShares Global Aerospace & Defence UCITS ETF,CBOE_EUROPE,,,,cboe_europe_reference_data,,ETF,
11293,residual_review_required,etf,Potential non-common-equity or fund-like instrument needs review/exclusion policy before scoring.,,DFNDm,iShares Global Aerospace & Defence UCITS ETF,CBOE_EUROPE,,,,cboe_europe_reference_data,,ETF,
11294,residual_review_required,etf,Potential non-common-equity or fund-like instrument needs review/exclusion policy before scoring.,,DFNDp,iShares Global Aerospace & Defence UCITS ETF,CBOE_EUROPE,,,,cboe_europe_reference_data,,ETF,
11295,residual_review_required,etf,Potential non-common-equity or fund-like instrument needs review/exclusion policy before scoring.,,DFNDz,iShares Global Aerospace & Defence UCITS ETF,CBOE_EUROPE,,,,cboe_europe_reference_data,,ETF,
11296,residual_review_required,etf,Potential non-common-equity or fund-like instrument needs review/exclusion policy before scoring.,,DFNGl,VanEck Defense UCITS ETF,CBOE_EUROPE,,,,cboe_europe_reference_data,,ETF,
11297,residual_review_required,etf,Potential non-common-equity or fund-like instrument needs review/exclusion policy before scoring.,,DFNSl,VanEck Defense UCITS ETF,CBOE_EUROPE,,,,cboe_europe_reference_data,,ETF,
11298,residual_review_required,etf,Potential non-common-equity or fund-like instrument needs review/exclusion policy before scoring.,,DFNSm,VanEck Defense UCITS ETF,CBOE_EUROPE,,,,cboe_europe_reference_data,,ETF,
11299,residual_review_required,etf,Potential non-common-equity or fund-like instrument needs review/exclusion policy before scoring.,,DFNSp,VanEck Defense UCITS ETF,CBOE_EUROPE,,,,cboe_europe_reference_data,,ETF,
11300,residual_review_required,etf,Potential non-common-equity or fund-like instrument needs review/exclusion policy before scoring.,,DFNSz,VanEck Defense UCITS ETF,CBOE_EUROPE,,,,cboe_europe_reference_data,,ETF,
11301,residual_review_required,etf,Potential non-common-equity or fund-like instrument needs review/exclusion policy before scoring.,,DFNXl,Invesco Defence Innovation UCITS ETF,CBOE_EUROPE,,,,cboe_europe_reference_data,,ETF,
11302,residual_review_required,etf;bond,Potential non-common-equity or fund-like instrument needs review/exclusion policy before scoring.,,DFOBd,Amundi Euro Government Bond 25+Y UCITS ETF,CBOE_EUROPE,,,,cboe_europe_reference_data,,ETF,
11303,residual_review_required,etf,Potential non-common-equity or fund-like instrument needs review/exclusion policy before scoring.,,DFOPd,Amundi STOXX Europe 600 Consumer Staples UCITS ETF,CBOE_EUROPE,,,,cboe_europe_reference_data,,ETF,
11306,residual_review_required,etf,Potential non-common-equity or fund-like instrument needs review/exclusion policy before scoring.,,DGGEp,iShares Digital Entertainment And Education UCITS ETF,CBOE_EUROPE,,,,cboe_europe_reference_data,,ETF,
11307,residual_review_required,fund,Potential non-common-equity or fund-like instrument needs review/exclusion policy before scoring.,,DGI9l,Digital 9 Infrastructure PLC/Fund,CBOE_EUROPE,,,,cboe_europe_reference_data,,EQTY,
11308,residual_review_required,etf,Potential non-common-equity or fund-like instrument needs review/exclusion policy before scoring.,,DGITl,iShares Digitalisation UCITS ETF,CBOE_EUROPE,,,,cboe_europe_reference_data,,ETF,
11309,residual_review_required,etf,Potential non-common-equity or fund-like instrument needs review/exclusion policy before scoring.,,DGRAl,WisdomTree US Quality Dividend Growth UCITS ETF,CBOE_EUROPE,,,,cboe_europe_reference_data,,ETF,
11310,residual_review_required,etf,Potential non-common-equity or fund-like instrument needs review/exclusion policy before scoring.,,DGRAm,WisdomTree US Quality Dividend Growth UCITS ETF,CBOE_EUROPE,,,,cboe_europe_reference_data,,ETF,
11311,residual_review_required,etf,Potential non-common-equity or fund-like instrument needs review/exclusion policy before scoring.,,DGRBl,WisdomTree US Quality Dividend Growth UCITS ETF,CBOE_EUROPE,,,,cboe_europe_reference_data,,ETF,
11312,residual_review_required,etf,Potential non-common-equity or fund-like instrument needs review/exclusion policy before scoring.,,DGRGl,WisdomTree US Quality Dividend Growth UCITS ETF,CBOE_EUROPE,,,,cboe_europe_reference_data,,ETF,
11313,residual_review_required,etf,Potential non-common-equity or fund-like instrument needs review/exclusion policy before scoring.,,DGRPl,WisdomTree US Quality Dividend Growth UCITS ETF,CBOE_EUROPE,,,,cboe_europe_reference_data,,ETF,
11314,residual_review_required,etf,Potential non-common-equity or fund-like instrument needs review/exclusion policy before scoring.,,DGRWl,WisdomTree US Quality Dividend Growth UCITS ETF,CBOE_EUROPE,,,,cboe_europe_reference_data,,ETF,
11315,residual_review_required,etf,Potential non-common-equity or fund-like instrument needs review/exclusion policy before scoring.,,DGSDl,WisdomTree Emerging Markets SmallCap Dividend UCITS ETF,CBOE_EUROPE,,,,cboe_europe_reference_data,,ETF,
11316,residual_review_required,etf,Potential non-common-equity or fund-like instrument needs review/exclusion policy before scoring.,,DGSEl,WisdomTree Emerging Markets SmallCap Dividend UCITS ETF,CBOE_EUROPE,,,,cboe_europe_reference_data,,ETF,
11317,residual_review_required,etf,Potential non-common-equity or fund-like instrument needs review/exclusion policy before scoring.,,DGSEm,WisdomTree Emerging Markets SmallCap Dividend UCITS ETF,CBOE_EUROPE,,,,cboe_europe_reference_data,,ETF,
11318,residual_review_required,etf,Potential non-common-equity or fund-like instrument needs review/exclusion policy before scoring.,,DGTLa,iShares Digitalisation UCITS ETF,CBOE_EUROPE,,,,cboe_europe_reference_data,,ETF,
11319,residual_review_required,etf,Potential non-common-equity or fund-like instrument needs review/exclusion policy before scoring.,,DGTLl,iShares Digitalisation UCITS ETF,CBOE_EUROPE,,,,cboe_europe_reference_data,,ETF,
11320,residual_review_required,etf,Potential non-common-equity or fund-like instrument needs review/exclusion policy before scoring.,,DGTLm,iShares Digitalisation UCITS ETF,CBOE_EUROPE,,,,cboe_europe_reference_data,,ETF,
11321,residual_review_required,etf,Potential non-common-equity or fund-like instrument needs review/exclusion policy before scoring.,,DGTLz,iShares Digitalisation UCITS ETF,CBOE_EUROPE,,,,cboe_europe_reference_data,,ETF,
11322,residual_review_required,etf,Potential non-common-equity or fund-like instrument needs review/exclusion policy before scoring.,,DH2Ol,iShares Global Water UCITS ETF,CBOE_EUROPE,,,,cboe_europe_reference_data,,ETF,
11325,residual_review_required,etf,Potential non-common-equity or fund-like instrument needs review/exclusion policy before scoring.,,DHSAl,WisdomTree US High Dividend UCITS ETF,CBOE_EUROPE,,,,cboe_europe_reference_data,,ETF,
11326,residual_review_required,etf,Potential non-common-equity or fund-like instrument needs review/exclusion policy before scoring.,,DHSAm,WisdomTree US High Dividend UCITS ETF,CBOE_EUROPE,,,,cboe_europe_reference_data,,ETF,
11327,residual_review_required,etf,Potential non-common-equity or fund-like instrument needs review/exclusion policy before scoring.,,DHSDl,WisdomTree US High Dividend UCITS ETF,CBOE_EUROPE,,,,cboe_europe_reference_data,,ETF,
11328,residual_review_required,etf,Potential non-common-equity or fund-like instrument needs review/exclusion policy before scoring.,,DHSFm,WisdomTree US High Dividend UCITS ETF,CBOE_EUROPE,,,,cboe_europe_reference_data,,ETF,
11329,residual_review_required,etf,Potential non-common-equity or fund-like instrument needs review/exclusion policy before scoring.,,DHSGl,WisdomTree US High Dividend UCITS ETF,CBOE_EUROPE,,,,cboe_europe_reference_data,,ETF,
11330,residual_review_required,etf,Potential non-common-equity or fund-like instrument needs review/exclusion policy before scoring.,,DHSPl,WisdomTree US High Dividend UCITS ETF,CBOE_EUROPE,,,,cboe_europe_reference_data,,ETF,
11331,residual_review_required,etf,Potential non-common-equity or fund-like instrument needs review/exclusion policy before scoring.,,DHSm,WisdomTree US High Dividend UCITS ETF,CBOE_EUROPE,,,,cboe_europe_reference_data,,ETF,
11332,residual_review_required,etf;bond,Potential non-common-equity or fund-like instrument needs review/exclusion policy before scoring.,,DHYAl,iShares USD High Yield Corp Bond ESG SRI UCITS ETF,CBOE_EUROPE,,,,cboe_europe_reference_data,,ETF,
11333,residual_review_required,etf;bond,Potential non-common-equity or fund-like instrument needs review/exclusion policy before scoring.,,DHYDa,iShares USD High Yield Corp Bond ESG SRI UCITS ETF,CBOE_EUROPE,,,,cboe_europe_reference_data,,ETF,
11334,residual_review_required,etf,Potential non-common-equity or fund-like instrument needs review/exclusion policy before scoring.,,DIAa,State Street SPDR Dow Jones Industrial Average ETF Trust,CBOE_EUROPE,,,,cboe_europe_reference_data,,ETF,
11342,residual_review_required,etf,Potential non-common-equity or fund-like instrument needs review/exclusion policy before scoring.,,DIGEl,Amundi MSCI Digital Economy UCITS ETF,CBOE_EUROPE,,,,cboe_europe_reference_data,,ETF,
11345,residual_review_required,fund,Potential non-common-equity or fund-like instrument needs review/exclusion policy before scoring.,,DIGl,Dunedin Income Growth Investment Trust PLC/Fund,CBOE_EUROPE,,,,cboe_europe_reference_data,,EQTY,
11347,residual_review_required,etf,Potential non-common-equity or fund-like instrument needs review/exclusion policy before scoring.,,DINCl,First Trust Global Equity Income UCITS ETF,CBOE_EUROPE,,,,cboe_europe_reference_data,,ETF,
11351,residual_review_required,etf;bond,Potential non-common-equity or fund-like instrument needs review/exclusion policy before scoring.,,DJADd,Amundi US Treasury Bond Long Dated UCITS ETF,CBOE_EUROPE,,,,cboe_europe_reference_data,,ETF,
11352,residual_review_required,etf,Potential non-common-equity or fund-like instrument needs review/exclusion policy before scoring.,,DJAMd,Amundi Dow Jones Industrial Average UCITS ETF,CBOE_EUROPE,,,,cboe_europe_reference_data,,ETF,
11353,residual_review_required,etf,Potential non-common-equity or fund-like instrument needs review/exclusion policy before scoring.,,DJEm,Amundi Dow Jones Industrial Average UCITS ETF,CBOE_EUROPE,,,,cboe_europe_reference_data,,ETF,
11354,residual_review_required,etf,Potential non-common-equity or fund-like instrument needs review/exclusion policy before scoring.,,DJEp,Amundi Dow Jones Industrial Average UCITS ETF,CBOE_EUROPE,,,,cboe_europe_reference_data,,ETF,
11355,residual_review_required,etf,Potential non-common-equity or fund-like instrument needs review/exclusion policy before scoring.,,DJLEVm,Amundi EURO STOXX 50 Daily 2X Leveraged UCITS ETF,CBOE_EUROPE,,,,cboe_europe_reference_data,,ETF,
11356,residual_review_required,etf,Potential non-common-equity or fund-like instrument needs review/exclusion policy before scoring.,,DJMCa,iShares EURO STOXX Mid UCITS ETF,CBOE_EUROPE,,,,cboe_europe_reference_data,,ETF,
11357,residual_review_required,etf,Potential non-common-equity or fund-like instrument needs review/exclusion policy before scoring.,,DJMCl,iShares EURO STOXX Mid UCITS ETF,CBOE_EUROPE,,,,cboe_europe_reference_data,,ETF,
11358,residual_review_required,etf,Potential non-common-equity or fund-like instrument needs review/exclusion policy before scoring.,,DJMCz,iShares EURO STOXX Mid UCITS ETF,CBOE_EUROPE,,,,cboe_europe_reference_data,,ETF,
11359,residual_review_required,etf,Potential non-common-equity or fund-like instrument needs review/exclusion policy before scoring.,,DJSCm,iShares EURO STOXX Small UCITS ETF,CBOE_EUROPE,,,,cboe_europe_reference_data,,ETF,
11360,residual_review_required,etf,Potential non-common-equity or fund-like instrument needs review/exclusion policy before scoring.,,DJSCz,iShares EURO STOXX Small UCITS ETF,CBOE_EUROPE,,,,cboe_europe_reference_data,,ETF,
11363,residual_review_required,etf,Potential non-common-equity or fund-like instrument needs review/exclusion policy before scoring.,,DKIM3c,Danske Inv Mix 35 - Akkumulerende,CBOE_EUROPE,,,,cboe_europe_reference_data,,ETF,
11367,residual_review_required,etf,Potential non-common-equity or fund-like instrument needs review/exclusion policy before scoring.,,DL2Pl,L&G DAX Daily 2x Long UCITS ETF,CBOE_EUROPE,,,,cboe_europe_reference_data,,ETF,
11370,residual_review_required,etf,Potential non-common-equity or fund-like instrument needs review/exclusion policy before scoring.,,DLTMl,iShares MSCI EM Latin America UCITS ETF,CBOE_EUROPE,,,,cboe_europe_reference_data,,ETF,
11371,residual_review_required,etf,Potential non-common-equity or fund-like instrument needs review/exclusion policy before scoring.,,DMAGl,Global X Disruptive Materials UCITS ETF,CBOE_EUROPE,,,,cboe_europe_reference_data,,ETF,
11372,residual_review_required,etf,Potential non-common-equity or fund-like instrument needs review/exclusion policy before scoring.,,DMATl,Global X Disruptive Materials UCITS ETF,CBOE_EUROPE,,,,cboe_europe_reference_data,,ETF,
11397,residual_review_required,etf,Potential non-common-equity or fund-like instrument needs review/exclusion policy before scoring.,,DPYAl,iShares Developed Markets Property Yield UCITS ETF,CBOE_EUROPE,,,,cboe_europe_reference_data,,ETF,
11398,residual_review_required,etf,Potential non-common-equity or fund-like instrument needs review/exclusion policy before scoring.,,DPYEl,iShares Developed Markets Property Yield UCITS ETF,CBOE_EUROPE,,,,cboe_europe_reference_data,,ETF,
11399,residual_review_required,etf,Potential non-common-equity or fund-like instrument needs review/exclusion policy before scoring.,,DPYGl,iShares Developed Markets Property Yield UCITS ETF,CBOE_EUROPE,,,,cboe_europe_reference_data,,ETF,
11401,residual_review_required,etf,Potential non-common-equity or fund-like instrument needs review/exclusion policy before scoring.,,DR7Ed,Global X Autonomous & Electric Vehicles UCITS ETF,CBOE_EUROPE,,,,cboe_europe_reference_data,,ETF,
11402,residual_review_required,etf,Potential non-common-equity or fund-like instrument needs review/exclusion policy before scoring.,,DRDRl,iShares Healthcare Innovation UCITS ETF,CBOE_EUROPE,,,,cboe_europe_reference_data,,ETF,
11406,residual_review_required,etf,Potential non-common-equity or fund-like instrument needs review/exclusion policy before scoring.,,DRONd,Defiance Drone UCITS ETF,CBOE_EUROPE,,,,cboe_europe_reference_data,,ETF,
11407,residual_review_required,etf,Potential non-common-equity or fund-like instrument needs review/exclusion policy before scoring.,,DRONl,Defiance Drone UCITS ETF,CBOE_EUROPE,,,,cboe_europe_reference_data,,ETF,
11408,residual_review_required,etf,Potential non-common-equity or fund-like instrument needs review/exclusion policy before scoring.,,DRONm,Defiance Drone UCITS ETF,CBOE_EUROPE,,,,cboe_europe_reference_data,,ETF,
11409,residual_review_required,etf,Potential non-common-equity or fund-like instrument needs review/exclusion policy before scoring.,,DRVEl,Global X Autonomous & Electric Vehicles UCITS ETF,CBOE_EUROPE,,,,cboe_europe_reference_data,,ETF,
11410,residual_review_required,etf,Potential non-common-equity or fund-like instrument needs review/exclusion policy before scoring.,,DRVEm,Global X Autonomous & Electric Vehicles UCITS ETF,CBOE_EUROPE,,,,cboe_europe_reference_data,,ETF,
11411,residual_review_required,etf,Potential non-common-equity or fund-like instrument needs review/exclusion policy before scoring.,,DRVEz,Global X Autonomous & Electric Vehicles UCITS ETF,CBOE_EUROPE,,,,cboe_europe_reference_data,,ETF,
11415,residual_review_required,etf,Potential non-common-equity or fund-like instrument needs review/exclusion policy before scoring.,,DS2Pl,L&G DAX Daily 2x Short UCITS ETF,CBOE_EUROPE,,,,cboe_europe_reference_data,,ETF,
11416,residual_review_required,etf,Potential non-common-equity or fund-like instrument needs review/exclusion policy before scoring.,,DSBp,Amundi German Bund Daily -2x Inverse UCITS ETF,CBOE_EUROPE,,,,cboe_europe_reference_data,,ETF,
11418,residual_review_required,etf,Potential non-common-equity or fund-like instrument needs review/exclusion policy before scoring.,,DSDp,Amundi ShortDAX Daily -2x Inverse UCITS ETF,CBOE_EUROPE,,,,cboe_europe_reference_data,,ETF,
11421,residual_review_required,etf,Potential non-common-equity or fund-like instrument needs review/exclusion policy before scoring.,,DSP5p,Amundi Nasdaq-100 Daily -1x Inverse UCITS ETF,CBOE_EUROPE,,,,cboe_europe_reference_data,,ETF,
11426,residual_review_required,etf;bond,Potential non-common-equity or fund-like instrument needs review/exclusion policy before scoring.,,DTLAl,iShares USD Treasury Bond 20+yr UCITS ETF,CBOE_EUROPE,,,,cboe_europe_reference_data,,ETF,
11427,residual_review_required,etf;bond,Potential non-common-equity or fund-like instrument needs review/exclusion policy before scoring.,,DTLCz,iShares USD Treasury Bond 20+yr UCITS ETF,CBOE_EUROPE,,,,cboe_europe_reference_data,,ETF,
11428,residual_review_required,etf;bond,Potential non-common-equity or fund-like instrument needs review/exclusion policy before scoring.,,DTLEl,iShares USD Treasury Bond 20+yr UCITS ETF,CBOE_EUROPE,,,,cboe_europe_reference_data,,ETF,
11429,residual_review_required,etf;bond,Potential non-common-equity or fund-like instrument needs review/exclusion policy before scoring.,,DTLEz,iShares USD Treasury Bond 20+yr UCITS ETF,CBOE_EUROPE,,,,cboe_europe_reference_data,,ETF,
11430,residual_review_required,etf;bond,Potential non-common-equity or fund-like instrument needs review/exclusion policy before scoring.,,DTMXx,iShares $ Treasury Bond 20+yr UCITS ETF MXN Hedged (Acc),CBOE_EUROPE,,,,cboe_europe_reference_data,,ETF,
11431,residual_review_required,etf,Potential non-common-equity or fund-like instrument needs review/exclusion policy before scoring.,,DTNEd,iShares US Large Cap Moderate Buffer Dec UCITS ETF,CBOE_EUROPE,,,,cboe_europe_reference_data,,ETF,
11440,residual_review_required,etf,Potential non-common-equity or fund-like instrument needs review/exclusion policy before scoring.,,DX2Dd,Xtrackers LPX Private Equity Swap UCITS ETF,CBOE_EUROPE,,,,cboe_europe_reference_data,,ETF,
11441,residual_review_required,etf,Potential non-common-equity or fund-like instrument needs review/exclusion policy before scoring.,,DX2Ed,Xtrackers S&P Global Infrastructure Swap UCITS ETF,CBOE_EUROPE,,,,cboe_europe_reference_data,,ETF,
11442,residual_review_required,etf,Potential non-common-equity or fund-like instrument needs review/exclusion policy before scoring.,,DX2Gd,Xtrackers CAC 40 UCITS ETF,CBOE_EUROPE,,,,cboe_europe_reference_data,,ETF,
11443,residual_review_required,etf,Potential non-common-equity or fund-like instrument needs review/exclusion policy before scoring.,,DXJAl,WisdomTree Japan Equity UCITS ETF,CBOE_EUROPE,,,,cboe_europe_reference_data,,ETF,
11444,residual_review_required,etf,Potential non-common-equity or fund-like instrument needs review/exclusion policy before scoring.,,DXJDz,WisdomTree Japan Equity UCITS ETF,CBOE_EUROPE,,,,cboe_europe_reference_data,,ETF,
11445,residual_review_required,etf,Potential non-common-equity or fund-like instrument needs review/exclusion policy before scoring.,,DXJFm,WisdomTree Japan Equity UCITS ETF,CBOE_EUROPE,,,,cboe_europe_reference_data,,ETF,
11446,residual_review_required,etf,Potential non-common-equity or fund-like instrument needs review/exclusion policy before scoring.,,DXJGl,WisdomTree Japan Equity UCITS ETF,CBOE_EUROPE,,,,cboe_europe_reference_data,,ETF,
11447,residual_review_required,etf,Potential non-common-equity or fund-like instrument needs review/exclusion policy before scoring.,,DXJPl,WisdomTree Japan Equity UCITS ETF,CBOE_EUROPE,,,,cboe_europe_reference_data,,ETF,
11448,residual_review_required,etf,Potential non-common-equity or fund-like instrument needs review/exclusion policy before scoring.,,DXJm,WisdomTree Japan Equity UCITS ETF,CBOE_EUROPE,,,,cboe_europe_reference_data,,ETF,
11449,residual_review_required,etf,Potential non-common-equity or fund-like instrument needs review/exclusion policy before scoring.,,DXS0d,Xtrackers SLI UCITS ETF,CBOE_EUROPE,,,,cboe_europe_reference_data,,ETF,
11450,residual_review_required,etf,Potential non-common-equity or fund-like instrument needs review/exclusion policy before scoring.,,DXS1d,Xtrackers II GBP Overnight Rate Swap UCITS ETF,CBOE_EUROPE,,,,cboe_europe_reference_data,,ETF,
11451,residual_review_required,etf,Potential non-common-equity or fund-like instrument needs review/exclusion policy before scoring.,,DXS3d,Xtrackers S&P 500 Inverse Daily Swap UCITS ETF,CBOE_EUROPE,,,,cboe_europe_reference_data,,ETF,
11452,residual_review_required,etf,Potential non-common-equity or fund-like instrument needs review/exclusion policy before scoring.,,DXSAd,Xtrackers Euro Stoxx Quality Dividend UCITS ETF,CBOE_EUROPE,,,,cboe_europe_reference_data,,ETF,
11453,residual_review_required,etf,Potential non-common-equity or fund-like instrument needs review/exclusion policy before scoring.,,DXSCd,Xtrackers MSCI Europe Materials UCITS ETF,CBOE_EUROPE,,,,cboe_europe_reference_data,,ETF,
11454,residual_review_required,etf,Potential non-common-equity or fund-like instrument needs review/exclusion policy before scoring.,,DXSEd,Xtrackers MSCI Europe Health Care UCITS ETF,CBOE_EUROPE,,,,cboe_europe_reference_data,,ETF,
11455,residual_review_required,etf,Potential non-common-equity or fund-like instrument needs review/exclusion policy before scoring.,,DXSNd,Xtrackers ShortDAX Daily Swap UCITS ETF,CBOE_EUROPE,,,,cboe_europe_reference_data,,ETF,
11456,residual_review_required,etf,Potential non-common-equity or fund-like instrument needs review/exclusion policy before scoring.,,DXSPd,Xtrackers Euro Stoxx 50 Short Daily Swap UCITS ETF,CBOE_EUROPE,,,,cboe_europe_reference_data,,ETF,
11457,residual_review_required,etf;bond,Potential non-common-equity or fund-like instrument needs review/exclusion policy before scoring.,,DXSVd,Xtrackers II Eurozone Government Bond Short Daily Swap UCITS ETF,CBOE_EUROPE,,,,cboe_europe_reference_data,,ETF,
11458,residual_review_required,etf,Potential non-common-equity or fund-like instrument needs review/exclusion policy before scoring.,,DXUSm,D-X MSCI USA SCREENED UCITS ETF,CBOE_EUROPE,,,,cboe_europe_reference_data,,ETF,
11462,residual_review_required,etf,Potential non-common-equity or fund-like instrument needs review/exclusion policy before scoring.,,E127l,Amundi Core MSCI Emerging Markets Swap UCITS ETF,CBOE_EUROPE,,,,cboe_europe_reference_data,,ETF,
11463,residual_review_required,etf,Potential non-common-equity or fund-like instrument needs review/exclusion policy before scoring.,,E127m,Amundi Core MSCI Emerging Markets Swap UCITS ETF,CBOE_EUROPE,,,,cboe_europe_reference_data,,ETF,
11464,residual_review_required,etf;bond,Potential non-common-equity or fund-like instrument needs review/exclusion policy before scoring.,,E15Gd,Amundi Euro Government Bond 15+Y UCITS ETF,CBOE_EUROPE,,,,cboe_europe_reference_data,,ETF,
11465,residual_review_required,etf;bond,Potential non-common-equity or fund-like instrument needs review/exclusion policy before scoring.,,E15Hd,Amundi Euro Government Inflation-Linked Bond UCITS ETF,CBOE_EUROPE,,,,cboe_europe_reference_data,,ETF,
11466,residual_review_required,etf,Potential non-common-equity or fund-like instrument needs review/exclusion policy before scoring.,,E15Sm,UBS Core BBG Euro Area Liquid Corp UCITS ETF,CBOE_EUROPE,,,,cboe_europe_reference_data,,ETF,
11467,residual_review_required,etf;bond,Potential non-common-equity or fund-like instrument needs review/exclusion policy before scoring.,,E20Yz,iShares EUR Govt Bond 20yr Target Duration UCITS ETF,CBOE_EUROPE,,,,cboe_europe_reference_data,,ETF,
11470,residual_review_required,etf,Potential non-common-equity or fund-like instrument needs review/exclusion policy before scoring.,,E40p,BNP Paribas EASY CAC 40 R ESG UCITS ETF,CBOE_EUROPE,,,,cboe_europe_reference_data,,ETF,
11472,residual_review_required,etf,Potential non-common-equity or fund-like instrument needs review/exclusion policy before scoring.,,E500d,Invesco S&P 500 UCITS ETF,CBOE_EUROPE,,,,cboe_europe_reference_data,,ETF,
11473,residual_review_required,etf,Potential non-common-equity or fund-like instrument needs review/exclusion policy before scoring.,,E500m,Invesco S&P 500 UCITS ETF,CBOE_EUROPE,,,,cboe_europe_reference_data,,ETF,
11474,residual_review_required,etf,Potential non-common-equity or fund-like instrument needs review/exclusion policy before scoring.,,E50ESm,UBS EURO STOXX 50 ESG UCITS ETF,CBOE_EUROPE,,,,cboe_europe_reference_data,,ETF,
11475,residual_review_required,etf,Potential non-common-equity or fund-like instrument needs review/exclusion policy before scoring.,,E50EUm,UBS Core EURO STOXX 50 UCITS ETF,CBOE_EUROPE,,,,cboe_europe_reference_data,,ETF,
11476,residual_review_required,etf,Potential non-common-equity or fund-like instrument needs review/exclusion policy before scoring.,,E50EUz,UBS Core EURO STOXX 50 UCITS ETF,CBOE_EUROPE,,,,cboe_europe_reference_data,,ETF,
11477,residual_review_required,etf,Potential non-common-equity or fund-like instrument needs review/exclusion policy before scoring.,,E50EZz,UBS Core EURO STOXX 50 UCITS ETF,CBOE_EUROPE,,,,cboe_europe_reference_data,,ETF,
11478,residual_review_required,etf,Potential non-common-equity or fund-like instrument needs review/exclusion policy before scoring.,,E61Zd,Global X E-Commerce UCITS ETF,CBOE_EUROPE,,,,cboe_europe_reference_data,,ETF,
11479,residual_review_required,etf,Potential non-common-equity or fund-like instrument needs review/exclusion policy before scoring.,,E6BRd,Amundi Stoxx Europe 600 Basic Resources UCITS ETF,CBOE_EUROPE,,,,cboe_europe_reference_data,,ETF,
11480,residual_review_required,etf,Potential non-common-equity or fund-like instrument needs review/exclusion policy before scoring.,,E903d,Amundi - Amundi DivDAX II UCITS ETF,CBOE_EUROPE,,,,cboe_europe_reference_data,,ETF,
11481,residual_review_required,etf,Potential non-common-equity or fund-like instrument needs review/exclusion policy before scoring.,,E909d,Amundi - Amundi DAX 50 ESG II UCITS ETF,CBOE_EUROPE,,,,cboe_europe_reference_data,,ETF,
11482,residual_review_required,etf,Potential non-common-equity or fund-like instrument needs review/exclusion policy before scoring.,,E960d,Amundi STOXX Europe 600 ESG II UCITS ETF,CBOE_EUROPE,,,,cboe_europe_reference_data,,ETF,
11483,residual_review_required,fund;etf,Potential non-common-equity or fund-like instrument needs review/exclusion policy before scoring.,,EAAAd,Fair Oaks AAA CLO Fund // ETF,CBOE_EUROPE,,,,cboe_europe_reference_data,,ETF,
11484,residual_review_required,etf,Potential non-common-equity or fund-like instrument needs review/exclusion policy before scoring.,,EABEd,Amundi MSCI Europe Climate Paris Aligned UCITS ETF,CBOE_EUROPE,,,,cboe_europe_reference_data,,ETF,
11485,residual_review_required,etf,Potential non-common-equity or fund-like instrument needs review/exclusion policy before scoring.,,EACWm,SS SPDR MSCI All Country World UCITS ETF,CBOE_EUROPE,,,,cboe_europe_reference_data,,ETF,
11486,residual_review_required,etf,Potential non-common-equity or fund-like instrument needs review/exclusion policy before scoring.,,EACWz,SS SPDR MSCI All Country World UCITS ETF,CBOE_EUROPE,,,,cboe_europe_reference_data,,ETF,
11487,residual_review_required,etf;bond,Potential non-common-equity or fund-like instrument needs review/exclusion policy before scoring.,,EAGGz,SS SPDR Bloomberg Euro Aggregate Bond UCITS ETF,CBOE_EUROPE,,,,cboe_europe_reference_data,,ETF,
11488,residual_review_required,etf;bond,Potential non-common-equity or fund-like instrument needs review/exclusion policy before scoring.,,EAHd,Amundi Euro Government Green Bond UCITS ETF,CBOE_EUROPE,,,,cboe_europe_reference_data,,ETF,
11491,residual_review_required,etf;bond,Potential non-common-equity or fund-like instrument needs review/exclusion policy before scoring.,,EARTl,Amundi Euro Government Green Bond UCITS ETF,CBOE_EUROPE,,,,cboe_europe_reference_data,,ETF,
11498,residual_review_required,etf;bond,Potential non-common-equity or fund-like instrument needs review/exclusion policy before scoring.,,EBBBm,Amundi EUR Corporate Bond 1-5Y ESG,CBOE_EUROPE,,,,cboe_europe_reference_data,,ETF,
11499,residual_review_required,etf;bond,Potential non-common-equity or fund-like instrument needs review/exclusion policy before scoring.,,EBBBp,Amundi EUR Corporate Bond 1-5Y ESG,CBOE_EUROPE,,,,cboe_europe_reference_data,,ETF,
11500,residual_review_required,etf,Potential non-common-equity or fund-like instrument needs review/exclusion policy before scoring.,,EBIGl,Global X E-Commerce UCITS ETF,CBOE_EUROPE,,,,cboe_europe_reference_data,,ETF,
11501,residual_review_required,etf,Potential non-common-equity or fund-like instrument needs review/exclusion policy before scoring.,,EBIZl,Global X E-Commerce UCITS ETF,CBOE_EUROPE,,,,cboe_europe_reference_data,,ETF,
11502,residual_review_required,etf,Potential non-common-equity or fund-like instrument needs review/exclusion policy before scoring.,,EBIZm,Global X E-Commerce UCITS ETF,CBOE_EUROPE,,,,cboe_europe_reference_data,,ETF,
11503,residual_review_required,etf,Potential non-common-equity or fund-like instrument needs review/exclusion policy before scoring.,,EBIZz,Global X E-Commerce UCITS ETF,CBOE_EUROPE,,,,cboe_europe_reference_data,,ETF,
11511,residual_review_required,etf,Potential non-common-equity or fund-like instrument needs review/exclusion policy before scoring.,,EBUYd,Amundi MSCI Digital Economy UCITS ETF,CBOE_EUROPE,,,,cboe_europe_reference_data,,ETF,
11512,residual_review_required,etf,Potential non-common-equity or fund-like instrument needs review/exclusion policy before scoring.,,EBUYl,Amundi MSCI Digital Economy UCITS ETF,CBOE_EUROPE,,,,cboe_europe_reference_data,,ETF,
11513,residual_review_required,etf,Potential non-common-equity or fund-like instrument needs review/exclusion policy before scoring.,,EBUYm,Amundi MSCI Digital Economy UCITS ETF,CBOE_EUROPE,,,,cboe_europe_reference_data,,ETF,
11514,residual_review_required,etf,Potential non-common-equity or fund-like instrument needs review/exclusion policy before scoring.,,EBUYp,Amundi MSCI Digital Economy UCITS ETF,CBOE_EUROPE,,,,cboe_europe_reference_data,,ETF,
11515,residual_review_required,etf,Potential non-common-equity or fund-like instrument needs review/exclusion policy before scoring.,,ECARa,iShares Electric Vehicles & Driving Technology UCITS ETF,CBOE_EUROPE,,,,cboe_europe_reference_data,,ETF,
11516,residual_review_required,etf,Potential non-common-equity or fund-like instrument needs review/exclusion policy before scoring.,,ECARl,iShares Electric Vehicles & Driving Technology UCITS ETF,CBOE_EUROPE,,,,cboe_europe_reference_data,,ETF,
11517,residual_review_required,etf,Potential non-common-equity or fund-like instrument needs review/exclusion policy before scoring.,,ECARm,iShares Electric Vehicles & Driving Technology UCITS ETF,CBOE_EUROPE,,,,cboe_europe_reference_data,,ETF,
11518,residual_review_required,etf,Potential non-common-equity or fund-like instrument needs review/exclusion policy before scoring.,,ECEHm,L&G Multi-Strategy Enhanced Commodities UCITS ETF,CBOE_EUROPE,,,,cboe_europe_reference_data,,ETF,
11521,residual_review_required,etf,Potential non-common-equity or fund-like instrument needs review/exclusion policy before scoring.,,ECLMd,Guinness Sustainable Energy UCITS ETF,CBOE_EUROPE,,,,cboe_europe_reference_data,,ETF,
11524,residual_review_required,etf,Potential non-common-equity or fund-like instrument needs review/exclusion policy before scoring.,,ECNp,BNP Paribas Easy Low Carbon 100 PAB,CBOE_EUROPE,,,,cboe_europe_reference_data,,ETF,
11526,residual_review_required,etf,Potential non-common-equity or fund-like instrument needs review/exclusion policy before scoring.,,ECOGl,L&G Ecommerce Logistics UCITS ETF,CBOE_EUROPE,,,,cboe_europe_reference_data,,ETF,
11527,residual_review_required,etf,Potential non-common-equity or fund-like instrument needs review/exclusion policy before scoring.,,ECOMa,L&G Ecommerce Logistics UCITS ETF,CBOE_EUROPE,,,,cboe_europe_reference_data,,ETF,
11528,residual_review_required,etf,Potential non-common-equity or fund-like instrument needs review/exclusion policy before scoring.,,ECOMm,L&G Ecommerce Logistics UCITS ETF,CBOE_EUROPE,,,,cboe_europe_reference_data,,ETF,
11532,residual_review_required,etf;bond,Potential non-common-equity or fund-like instrument needs review/exclusion policy before scoring.,,ECR1d,Amundi EUR Corporate Bond 0-1Y ESG,CBOE_EUROPE,,,,cboe_europe_reference_data,,ETF,
11533,residual_review_required,etf;bond,Potential non-common-equity or fund-like instrument needs review/exclusion policy before scoring.,,ECR3d,Amundi EUR Corporate Bond 0-3Y ESG UCITS ETF,CBOE_EUROPE,,,,cboe_europe_reference_data,,ETF,
11536,residual_review_required,etf;bond,Potential non-common-equity or fund-like instrument needs review/exclusion policy before scoring.,,ECRP3m,Amundi EUR Corporate Bond 0-3Y ESG UCITS ETF,CBOE_EUROPE,,,,cboe_europe_reference_data,,ETF,
11537,residual_review_required,etf;bond,Potential non-common-equity or fund-like instrument needs review/exclusion policy before scoring.,,ECRP3p,Amundi EUR Corporate Bond 0-3Y ESG UCITS ETF,CBOE_EUROPE,,,,cboe_europe_reference_data,,ETF,
11538,residual_review_required,etf;bond,Potential non-common-equity or fund-like instrument needs review/exclusion policy before scoring.,,ECRPm,Amundi EUR Corporate Bond ESG UCITS ETF,CBOE_EUROPE,,,,cboe_europe_reference_data,,ETF,
11539,residual_review_required,etf;bond,Potential non-common-equity or fund-like instrument needs review/exclusion policy before scoring.,,ECRPp,Amundi EUR Corporate Bond ESG UCITS ETF,CBOE_EUROPE,,,,cboe_europe_reference_data,,ETF,
11544,residual_review_required,etf,Potential non-common-equity or fund-like instrument needs review/exclusion policy before scoring.,,ED3Fd,Global X Europe Focused Defence Tech UCITS ETF,CBOE_EUROPE,,,,cboe_europe_reference_data,,ETF,
11546,residual_review_required,etf,Potential non-common-equity or fund-like instrument needs review/exclusion policy before scoring.,,EDEEd,BNP PARIBAS EASY S&P 500 II,CBOE_EUROPE,,,,cboe_europe_reference_data,,ETF,
11547,residual_review_required,etf,Potential non-common-equity or fund-like instrument needs review/exclusion policy before scoring.,,EDEFd,BNP PARIBAS EASY Bloomberg Europe Defense,CBOE_EUROPE,,,,cboe_europe_reference_data,,ETF,
11548,residual_review_required,etf,Potential non-common-equity or fund-like instrument needs review/exclusion policy before scoring.,,EDEFl,Global X Europe Focused Defence Tech UCITS ETF,CBOE_EUROPE,,,,cboe_europe_reference_data,,ETF,
11549,residual_review_required,etf,Potential non-common-equity or fund-like instrument needs review/exclusion policy before scoring.,,EDEMd,BNP Paribas Easy MSCI Emerging,CBOE_EUROPE,,,,cboe_europe_reference_data,,ETF,
11551,residual_review_required,etf,Potential non-common-equity or fund-like instrument needs review/exclusion policy before scoring.,,EDEPd,BNP Paribas Easy MSCI World II,CBOE_EUROPE,,,,cboe_europe_reference_data,,ETF,
11552,residual_review_required,etf,Potential non-common-equity or fund-like instrument needs review/exclusion policy before scoring.,,EDEQd,BNP Paribas Easy ESG Enhanced EMU,CBOE_EUROPE,,,,cboe_europe_reference_data,,ETF,
11553,residual_review_required,etf,Potential non-common-equity or fund-like instrument needs review/exclusion policy before scoring.,,EDEUd,BNP Paribas Easy Dividend Europe,CBOE_EUROPE,,,,cboe_europe_reference_data,,ETF,
11554,residual_review_required,etf,Potential non-common-equity or fund-like instrument needs review/exclusion policy before scoring.,,EDEUp,BNP Paribas Easy Dividend Europe,CBOE_EUROPE,,,,cboe_europe_reference_data,,ETF,
11555,residual_review_required,etf,Potential non-common-equity or fund-like instrument needs review/exclusion policy before scoring.,,EDFSd,Amundi Stoxx Europe Defense UCITS ETF,CBOE_EUROPE,,,,cboe_europe_reference_data,,ETF,
11556,residual_review_required,etf,Potential non-common-equity or fund-like instrument needs review/exclusion policy before scoring.,,EDG2l,iShares MSCI EM ESG Enhanced CTB UCITS ETF,CBOE_EUROPE,,,,cboe_europe_reference_data,,ETF,
11558,residual_review_required,etf,Potential non-common-equity or fund-like instrument needs review/exclusion policy before scoring.,,EDIVl,Amundi S&P Eurozone Dividend Aristocrat Screened UCITS ETF,CBOE_EUROPE,,,,cboe_europe_reference_data,,ETF,
11559,residual_review_required,etf,Potential non-common-equity or fund-like instrument needs review/exclusion policy before scoring.,,EDIVp,Amundi S&P Eurozone Dividend Aristocrat Screened UCITS ETF,CBOE_EUROPE,,,,cboe_europe_reference_data,,ETF,
11560,residual_review_required,etf,Potential non-common-equity or fund-like instrument needs review/exclusion policy before scoring.,,EDM2d,iShares MSCI EM ESG Enhanced CTB UCITS ETF,CBOE_EUROPE,,,,cboe_europe_reference_data,,ETF,
11561,residual_review_required,etf,Potential non-common-equity or fund-like instrument needs review/exclusion policy before scoring.,,EDM2z,iShares MSCI EM ESG Enhanced CTB UCITS ETF,CBOE_EUROPE,,,,cboe_europe_reference_data,,ETF,
11562,residual_review_required,etf,Potential non-common-equity or fund-like instrument needs review/exclusion policy before scoring.,,EDM4d,iShares MSCI EMU ESG Enhanced CTB UCITS ETF,CBOE_EUROPE,,,,cboe_europe_reference_data,,ETF,
11563,residual_review_required,etf,Potential non-common-equity or fund-like instrument needs review/exclusion policy before scoring.,,EDM6d,iShares MSCI Europe ESG Enhanced CTB UCITS ETF,CBOE_EUROPE,,,,cboe_europe_reference_data,,ETF,
11564,residual_review_required,etf,Potential non-common-equity or fund-like instrument needs review/exclusion policy before scoring.,,EDMEm,iShares MSCI USA ESG Enhanced CTB UCITS ETF,CBOE_EUROPE,,,,cboe_europe_reference_data,,ETF,
11565,residual_review_required,etf,Potential non-common-equity or fund-like instrument needs review/exclusion policy before scoring.,,EDMGl,iShares MSCI USA ESG Enhanced CTB UCITS ETF,CBOE_EUROPE,,,,cboe_europe_reference_data,,ETF,
11566,residual_review_required,etf,Potential non-common-equity or fund-like instrument needs review/exclusion policy before scoring.,,EDMJd,iShares MSCI Japan ESG Enhanced CTB UCITS ETF,CBOE_EUROPE,,,,cboe_europe_reference_data,,ETF,
11567,residual_review_required,etf,Potential non-common-equity or fund-like instrument needs review/exclusion policy before scoring.,,EDMJz,iShares MSCI Japan ESG Enhanced CTB UCITS ETF,CBOE_EUROPE,,,,cboe_europe_reference_data,,ETF,
11568,residual_review_required,etf,Potential non-common-equity or fund-like instrument needs review/exclusion policy before scoring.,,EDMNZx,iShares MSCI World ESG Enhanced CTB UCITS ETF,CBOE_EUROPE,,,,cboe_europe_reference_data,,ETF,
11569,residual_review_required,etf,Potential non-common-equity or fund-like instrument needs review/exclusion policy before scoring.,,EDMUd,iShares MSCI USA ESG Enhanced CTB UCITS ETF,CBOE_EUROPE,,,,cboe_europe_reference_data,,ETF,
11570,residual_review_required,etf,Potential non-common-equity or fund-like instrument needs review/exclusion policy before scoring.,,EDMUz,iShares MSCI USA ESG Enhanced CTB UCITS ETF,CBOE_EUROPE,,,,cboe_europe_reference_data,,ETF,
11571,residual_review_required,etf,Potential non-common-equity or fund-like instrument needs review/exclusion policy before scoring.,,EDMWd,iShares MSCI World CTB Enhanced ESG UCITS ETF,CBOE_EUROPE,,,,cboe_europe_reference_data,,ETF,
11572,residual_review_required,etf,Potential non-common-equity or fund-like instrument needs review/exclusion policy before scoring.,,EDMWx,iShares MSCI World ESG Enhanced CTB UCITS ETF,CBOE_EUROPE,,,,cboe_europe_reference_data,,ETF,
11573,residual_review_required,etf,Potential non-common-equity or fund-like instrument needs review/exclusion policy before scoring.,,EDMWz,iShares MSCI World CTB Enhanced ESG UCITS ETF,CBOE_EUROPE,,,,cboe_europe_reference_data,,ETF,
11575,residual_review_required,etf,Potential non-common-equity or fund-like instrument needs review/exclusion policy before scoring.,,EDOCl,Global X Telemedicine & Digital Health UCITS ETF,CBOE_EUROPE,,,,cboe_europe_reference_data,,ETF,
11576,residual_review_required,etf,Potential non-common-equity or fund-like instrument needs review/exclusion policy before scoring.,,EDOCm,Global X Telemedicine & Digital Health UCITS ETF,CBOE_EUROPE,,,,cboe_europe_reference_data,,ETF,
11577,residual_review_required,etf,Potential non-common-equity or fund-like instrument needs review/exclusion policy before scoring.,,EDOCz,Global X Telemedicine & Digital Health UCITS ETF,CBOE_EUROPE,,,,cboe_europe_reference_data,,ETF,
11578,residual_review_required,etf,Potential non-common-equity or fund-like instrument needs review/exclusion policy before scoring.,,EDOGl,Global X Telemedicine & Digital Health UCITS ETF,CBOE_EUROPE,,,,cboe_europe_reference_data,,ETF,
11582,residual_review_required,etf,Potential non-common-equity or fund-like instrument needs review/exclusion policy before scoring.,,EDSRIm,Amundi MSCI Europe SRI Climate Paris Aligned ETF,CBOE_EUROPE,,,,cboe_europe_reference_data,,ETF,
11584,residual_review_required,etf,Potential non-common-equity or fund-like instrument needs review/exclusion policy before scoring.,,EEAAd,BNP Paribas Easy FTSE EPRA/NAREIT Eurozone Capped UCITS ETF,CBOE_EUROPE,,,,cboe_europe_reference_data,,ETF,
11585,residual_review_required,etf,Potential non-common-equity or fund-like instrument needs review/exclusion policy before scoring.,,EEAm,BNP Paribas Easy FTSE EPRA/NAREIT Eurozone Capped UCITS ETF,CBOE_EUROPE,,,,cboe_europe_reference_data,,ETF,
11586,residual_review_required,etf,Potential non-common-equity or fund-like instrument needs review/exclusion policy before scoring.,,EEAp,BNP Paribas Easy FTSE EPRA/NAREIT Eurozone Capped UCITS ETF,CBOE_EUROPE,,,,cboe_europe_reference_data,,ETF,
11587,residual_review_required,etf,Potential non-common-equity or fund-like instrument needs review/exclusion policy before scoring.,,EEDGl,iShares MSCI USA ESG Enhanced CTB UCITS ETF,CBOE_EUROPE,,,,cboe_europe_reference_data,,ETF,
11588,residual_review_required,etf,Potential non-common-equity or fund-like instrument needs review/exclusion policy before scoring.,,EEDMl,iShares MSCI EM ESG Enhanced CTB UCITS ETF,CBOE_EUROPE,,,,cboe_europe_reference_data,,ETF,
11589,residual_review_required,etf,Potential non-common-equity or fund-like instrument needs review/exclusion policy before scoring.,,EEDSl,iShares MSCI USA ESG Enhanced CTB UCITS ETF,CBOE_EUROPE,,,,cboe_europe_reference_data,,ETF,
11590,residual_review_required,etf,Potential non-common-equity or fund-like instrument needs review/exclusion policy before scoring.,,EEDVa,SS SPDR S&P Euro Dividend Aristocrats Screened UCITS ETF,CBOE_EUROPE,,,,cboe_europe_reference_data,,ETF,
11592,residual_review_required,etf,Potential non-common-equity or fund-like instrument needs review/exclusion policy before scoring.,,EEEp,BNP Paribas Easy FTSE EPRA/NAREIT Eurozone Capped UCITS ETF,CBOE_EUROPE,,,,cboe_europe_reference_data,,ETF,
11593,residual_review_required,etf,Potential non-common-equity or fund-like instrument needs review/exclusion policy before scoring.,,EEIAl,WisdomTree Europe High Dividend UCITS ETF,CBOE_EUROPE,,,,cboe_europe_reference_data,,ETF,
11594,residual_review_required,etf,Potential non-common-equity or fund-like instrument needs review/exclusion policy before scoring.,,EEIAm,WisdomTree Europe High Dividend UCITS ETF,CBOE_EUROPE,,,,cboe_europe_reference_data,,ETF,
11596,residual_review_required,etf,Potential non-common-equity or fund-like instrument needs review/exclusion policy before scoring.,,EEIPl,WisdomTree Europe High Dividend UCITS ETF,CBOE_EUROPE,,,,cboe_europe_reference_data,,ETF,
11597,residual_review_required,etf,Potential non-common-equity or fund-like instrument needs review/exclusion policy before scoring.,,EEIl,WisdomTree Europe High Dividend UCITS ETF,CBOE_EUROPE,,,,cboe_europe_reference_data,,ETF,
11598,residual_review_required,etf,Potential non-common-equity or fund-like instrument needs review/exclusion policy before scoring.,,EEIm,WisdomTree Europe High Dividend UCITS ETF,CBOE_EUROPE,,,,cboe_europe_reference_data,,ETF,
11599,residual_review_required,etf,Potential non-common-equity or fund-like instrument needs review/exclusion policy before scoring.,,EEJDl,iShares MSCI Japan ESG Enhanced CTB UCITS ETF,CBOE_EUROPE,,,,cboe_europe_reference_data,,ETF,
11600,residual_review_required,etf,Potential non-common-equity or fund-like instrument needs review/exclusion policy before scoring.,,EEJGl,iShares MSCI Japan ESG Enhanced CTB UCITS ETF,CBOE_EUROPE,,,,cboe_europe_reference_data,,ETF,
11601,residual_review_required,etf,Potential non-common-equity or fund-like instrument needs review/exclusion policy before scoring.,,EEMKm,BNP Paribas Easy MSCI Emerging Min TE UCITS ETF EUR C,CBOE_EUROPE,,,,cboe_europe_reference_data,,ETF,
11602,residual_review_required,etf,Potential non-common-equity or fund-like instrument needs review/exclusion policy before scoring.,,EEMKp,BNP Paribas Easy MSCI Emerging Min TE UCITS ETF EUR C,CBOE_EUROPE,,,,cboe_europe_reference_data,,ETF,
11603,residual_review_required,etf,Potential non-common-equity or fund-like instrument needs review/exclusion policy before scoring.,,EEMUm,BNP Paribas Easy MSCI EMU Min TE UCITS ETF C,CBOE_EUROPE,,,,cboe_europe_reference_data,,ETF,
11604,residual_review_required,etf,Potential non-common-equity or fund-like instrument needs review/exclusion policy before scoring.,,EEMUp,BNP Paribas Easy MSCI EMU Min TE UCITS ETF C,CBOE_EUROPE,,,,cboe_europe_reference_data,,ETF,
11605,residual_review_required,etf,Potential non-common-equity or fund-like instrument needs review/exclusion policy before scoring.,,EEPGd,BNP Paribas Easy FTSE EPRA Nareit Developed Europe Green CTB UCITS ETF,CBOE_EUROPE,,,,cboe_europe_reference_data,,ETF,
11606,residual_review_required,etf,Potential non-common-equity or fund-like instrument needs review/exclusion policy before scoring.,,EESMd,BNP Paribas Easy MSCI Europe Small Caps SRI PAB UCITS ETF,CBOE_EUROPE,,,,cboe_europe_reference_data,,ETF,
11607,residual_review_required,etf,Potential non-common-equity or fund-like instrument needs review/exclusion policy before scoring.,,EEUDl,iShares MSCI Europe ESG Enhanced CTB UCITS ETF,CBOE_EUROPE,,,,cboe_europe_reference_data,,ETF,
11608,residual_review_required,etf,Potential non-common-equity or fund-like instrument needs review/exclusion policy before scoring.,,EEUEm,BNP Paribas Easy MSCI Europe Min TE UCITS ETF C,CBOE_EUROPE,,,,cboe_europe_reference_data,,ETF,
11609,residual_review_required,etf,Potential non-common-equity or fund-like instrument needs review/exclusion policy before scoring.,,EEUEp,BNP Paribas Easy MSCI Europe Min TE UCITS ETF C,CBOE_EUROPE,,,,cboe_europe_reference_data,,ETF,
11610,residual_review_required,etf,Potential non-common-equity or fund-like instrument needs review/exclusion policy before scoring.,,EEURm,Invesco MSCI Europe Universal Screened UCITS ETF,CBOE_EUROPE,,,,cboe_europe_reference_data,,ETF,
11611,residual_review_required,etf,Potential non-common-equity or fund-like instrument needs review/exclusion policy before scoring.,,EEWDx,iShares MSCI World ESG Enhanced CTB UCITS ETF,CBOE_EUROPE,,,,cboe_europe_reference_data,,ETF,
11612,residual_review_required,etf;bond,Potential non-common-equity or fund-like instrument needs review/exclusion policy before scoring.,,EEXFl,iShares EUR Corp Bond ex-Financials UCITS ETF,CBOE_EUROPE,,,,cboe_europe_reference_data,,ETF,
11618,residual_review_required,etf,Potential non-common-equity or fund-like instrument needs review/exclusion policy before scoring.,,EFQ8d,Deka iBoxx EUR Liquid Non-Financials Diversified UCITS ETF,CBOE_EUROPE,,,,cboe_europe_reference_data,,ETF,
11619,residual_review_required,etf,Potential non-common-equity or fund-like instrument needs review/exclusion policy before scoring.,,EFQAd,Deka STOXX Future Water ESG UCITS ETF,CBOE_EUROPE,,,,cboe_europe_reference_data,,ETF,
11620,residual_review_required,etf;bond,Potential non-common-equity or fund-like instrument needs review/exclusion policy before scoring.,,EFRNd,iShares EUR Floating Rate Bond Advanced UCITS ETF,CBOE_EUROPE,,,,cboe_europe_reference_data,,ETF,
11624,residual_review_required,etf,Potential non-common-equity or fund-like instrument needs review/exclusion policy before scoring.,,EGDMl,iShares MSCI EM ESG Enhanced CTB UCITS ETF,CBOE_EUROPE,,,,cboe_europe_reference_data,,ETF,
11625,residual_review_required,etf;bond,Potential non-common-equity or fund-like instrument needs review/exclusion policy before scoring.,,EGEm,UBS J.P. Morgan Global Gov ESG Liquid Bond UCITS ETF,CBOE_EUROPE,,,,cboe_europe_reference_data,,ETF,
11630,residual_review_required,etf;bond,Potential non-common-equity or fund-like instrument needs review/exclusion policy before scoring.,,EGOVm,Amundi Core Euro Government Bond UCITS ETF,CBOE_EUROPE,,,,cboe_europe_reference_data,,ETF,
11631,residual_review_required,etf;bond,Potential non-common-equity or fund-like instrument needs review/exclusion policy before scoring.,,EGOVp,Amundi Core Euro Government Bond UCITS ETF,CBOE_EUROPE,,,,cboe_europe_reference_data,,ETF,
11632,residual_review_required,etf;bond,Potential non-common-equity or fund-like instrument needs review/exclusion policy before scoring.,,EGOm,UBS J.P. Morgan Global Gov ESG Liquid Bond UCITS ETF,CBOE_EUROPE,,,,cboe_europe_reference_data,,ETF,
11633,residual_review_required,etf,Potential non-common-equity or fund-like instrument needs review/exclusion policy before scoring.,,EGRAm,WisdomTree Eurozone Quality Dividend Growth UCITS ETF,CBOE_EUROPE,,,,cboe_europe_reference_data,,ETF,
11634,residual_review_required,etf,Potential non-common-equity or fund-like instrument needs review/exclusion policy before scoring.,,EGRGl,WisdomTree Eurozone Quality Dividend Growth UCITS ETF,CBOE_EUROPE,,,,cboe_europe_reference_data,,ETF,
11635,residual_review_required,etf;bond,Potential non-common-equity or fund-like instrument needs review/exclusion policy before scoring.,,EGRIp,Amundi Euro Aggregate Bond ESG,CBOE_EUROPE,,,,cboe_europe_reference_data,,ETF,
11636,residual_review_required,etf,Potential non-common-equity or fund-like instrument needs review/exclusion policy before scoring.,,EGRPl,WisdomTree Eurozone Quality Dividend Growth UCITS ETF,CBOE_EUROPE,,,,cboe_europe_reference_data,,ETF,
11639,residual_review_required,etf,Potential non-common-equity or fund-like instrument needs review/exclusion policy before scoring.,,EGUSAz,UBS MSCI EM SF UCITS ETF,CBOE_EUROPE,,,,cboe_europe_reference_data,,ETF,
11640,residual_review_required,etf,Potential non-common-equity or fund-like instrument needs review/exclusion policy before scoring.,,EGV1d,Amundi Stoxx Europe 600 Insurance UCITS ETF,CBOE_EUROPE,,,,cboe_europe_reference_data,,ETF,
11641,residual_review_required,etf,Potential non-common-equity or fund-like instrument needs review/exclusion policy before scoring.,,EGV2d,Amundi Smart Overnight Return,CBOE_EUROPE,,,,cboe_europe_reference_data,,ETF,
11642,residual_review_required,etf;bond,Potential non-common-equity or fund-like instrument needs review/exclusion policy before scoring.,,EGV3d,Amundi Euro Government Bond 1-3Y UCITS ETF,CBOE_EUROPE,,,,cboe_europe_reference_data,,ETF,
11643,residual_review_required,etf;bond,Potential non-common-equity or fund-like instrument needs review/exclusion policy before scoring.,,EGV5d,Amundi Euro Government Bond 3-5Y UCITS ETF,CBOE_EUROPE,,,,cboe_europe_reference_data,,ETF,
11644,residual_review_required,etf;bond,Potential non-common-equity or fund-like instrument needs review/exclusion policy before scoring.,,EGV7d,Amundi Euro Government Bond 5-7Y UCITS ETF,CBOE_EUROPE,,,,cboe_europe_reference_data,,ETF,
11645,residual_review_required,etf;bond,Potential non-common-equity or fund-like instrument needs review/exclusion policy before scoring.,,EGVAd,Invesco EUR Government and Related Green Bond Weighted UCITS ETF,CBOE_EUROPE,,,,cboe_europe_reference_data,,ETF,
11646,residual_review_required,etf;bond,Potential non-common-equity or fund-like instrument needs review/exclusion policy before scoring.,,EGVDd,Invesco EUR Government and Related Green Bond Weighted UCITS ETF,CBOE_EUROPE,,,,cboe_europe_reference_data,,ETF,
11647,residual_review_required,etf;bond,Potential non-common-equity or fund-like instrument needs review/exclusion policy before scoring.,,EH1Ha,iShares Broad EUR High Yield Corp Bond UCITS ETF,CBOE_EUROPE,,,,cboe_europe_reference_data,,ETF,
11648,residual_review_required,etf;bond,Potential non-common-equity or fund-like instrument needs review/exclusion policy before scoring.,,EHBAm,Invesco Euro Corporate Hybrid Bond UCITS ETF,CBOE_EUROPE,,,,cboe_europe_reference_data,,ETF,
11649,residual_review_required,etf,Potential non-common-equity or fund-like instrument needs review/exclusion policy before scoring.,,EHDVd,Invesco EURO STOXX High Dividend Low Volatility UCITS ETF,CBOE_EUROPE,,,,cboe_europe_reference_data,,ETF,
11650,residual_review_required,etf,Potential non-common-equity or fund-like instrument needs review/exclusion policy before scoring.,,EHF1d,Amundi MSCI Europe High Dividend Factor UCITS ETF,CBOE_EUROPE,,,,cboe_europe_reference_data,,ETF,
11651,residual_review_required,etf,Potential non-common-equity or fund-like instrument needs review/exclusion policy before scoring.,,EHLTd,Amundi Stoxx Europe 600 Healthcare UCITS ETF,CBOE_EUROPE,,,,cboe_europe_reference_data,,ETF,
11652,residual_review_required,etf;bond,Potential non-common-equity or fund-like instrument needs review/exclusion policy before scoring.,,EHYAa,iShares EUR High Yield Corp Bond ESG SRI UCITS ETF,CBOE_EUROPE,,,,cboe_europe_reference_data,,ETF,
11653,residual_review_required,etf;bond,Potential non-common-equity or fund-like instrument needs review/exclusion policy before scoring.,,EHYAz,iShares EUR High Yield Corp Bond ESG SRI UCITS ETF,CBOE_EUROPE,,,,cboe_europe_reference_data,,ETF,
11654,residual_review_required,etf;bond,Potential non-common-equity or fund-like instrument needs review/exclusion policy before scoring.,,EHYDa,iShares EUR High Yield Corp Bond ESG SRI UCITS ETF,CBOE_EUROPE,,,,cboe_europe_reference_data,,ETF,
11655,residual_review_required,etf;bond,Potential non-common-equity or fund-like instrument needs review/exclusion policy before scoring.,,EHYGl,iShares EUR High Yield Corp Bond ESG SRI UCITS ETF,CBOE_EUROPE,,,,cboe_europe_reference_data,,ETF,
11656,residual_review_required,etf;bond,Potential non-common-equity or fund-like instrument needs review/exclusion policy before scoring.,,EIB3d,Invesco Euro Government Bond 1-3 Year UCITS ETF,CBOE_EUROPE,,,,cboe_europe_reference_data,,ETF,
11657,residual_review_required,etf;bond,Potential non-common-equity or fund-like instrument needs review/exclusion policy before scoring.,,EIB5d,Invesco Euro Government Bond 3-5 Year UCITS ETF,CBOE_EUROPE,,,,cboe_europe_reference_data,,ETF,
11658,residual_review_required,etf;bond,Potential non-common-equity or fund-like instrument needs review/exclusion policy before scoring.,,EIB5m,Invesco Euro Government Bond 3-5 Year UCITS ETF,CBOE_EUROPE,,,,cboe_europe_reference_data,,ETF,
11659,residual_review_required,etf;bond,Potential non-common-equity or fund-like instrument needs review/exclusion policy before scoring.,,EIB7d,Invesco Euro Government Bond 5-7 Year UCITS ETF,CBOE_EUROPE,,,,cboe_europe_reference_data,,ETF,
11660,residual_review_required,etf;bond,Potential non-common-equity or fund-like instrument needs review/exclusion policy before scoring.,,EIB7m,Invesco Euro Government Bond 5-7 Year UCITS ETF,CBOE_EUROPE,,,,cboe_europe_reference_data,,ETF,
11661,residual_review_required,etf;bond,Potential non-common-equity or fund-like instrument needs review/exclusion policy before scoring.,,EIBBd,Invesco Euro Government Bond UCITS ETF,CBOE_EUROPE,,,,cboe_europe_reference_data,,ETF,
11662,residual_review_required,etf;bond,Potential non-common-equity or fund-like instrument needs review/exclusion policy before scoring.,,EIBBm,Invesco Euro Government Bond UCITS ETF,CBOE_EUROPE,,,,cboe_europe_reference_data,,ETF,
11663,residual_review_required,etf;bond,Potential non-common-equity or fund-like instrument needs review/exclusion policy before scoring.,,EIBXd,Invesco Euro Government Bond 7-10 Year UCITS ETF,CBOE_EUROPE,,,,cboe_europe_reference_data,,ETF,
11664,residual_review_required,etf;bond,Potential non-common-equity or fund-like instrument needs review/exclusion policy before scoring.,,EIBXm,Invesco Euro Government Bond 7-10 Year UCITS ETF,CBOE_EUROPE,,,,cboe_europe_reference_data,,ETF,
11666,residual_review_required,etf,Potential non-common-equity or fund-like instrument needs review/exclusion policy before scoring.,,EIMIl,iShares Core MSCI EM IMI UCITS ETF,CBOE_EUROPE,,,,cboe_europe_reference_data,,ETF,
11667,residual_review_required,etf,Potential non-common-equity or fund-like instrument needs review/exclusion policy before scoring.,,EIMIm,iShares Core MSCI EM IMI UCITS ETF,CBOE_EUROPE,,,,cboe_europe_reference_data,,ETF,
11668,residual_review_required,etf,Potential non-common-equity or fund-like instrument needs review/exclusion policy before scoring.,,EIMIz,iShares Core MSCI EM IMI UCITS ETF,CBOE_EUROPE,,,,cboe_europe_reference_data,,ETF,
11669,residual_review_required,etf,Potential non-common-equity or fund-like instrument needs review/exclusion policy before scoring.,,EIMUl,iShares Core MSCI EM IMI UCITS ETF,CBOE_EUROPE,,,,cboe_europe_reference_data,,ETF,
11670,residual_review_required,etf,Potential non-common-equity or fund-like instrument needs review/exclusion policy before scoring.,,EIMUx,iShares Core MSCI EM IMI UCITS ETF USD (Dist),CBOE_EUROPE,,,,cboe_europe_reference_data,,ETF,
11673,residual_review_required,etf,Potential non-common-equity or fund-like instrument needs review/exclusion policy before scoring.,,EISRp,BNP Paribas Easy MSCI Emerging SRI PAB,CBOE_EUROPE,,,,cboe_europe_reference_data,,ETF,
11674,residual_review_required,etf,Potential non-common-equity or fund-like instrument needs review/exclusion policy before scoring.,,EJAHd,BNP Paribas Easy MSCI Japan Min TE/ETF,CBOE_EUROPE,,,,cboe_europe_reference_data,,ETF,
11675,residual_review_required,etf,Potential non-common-equity or fund-like instrument needs review/exclusion policy before scoring.,,EJAHm,BNP Paribas Easy MSCI Japan Min TE/ETF,CBOE_EUROPE,,,,cboe_europe_reference_data,,ETF,
11676,residual_review_required,etf,Potential non-common-equity or fund-like instrument needs review/exclusion policy before scoring.,,EJAHp,BNP Paribas Easy MSCI Japan Min TE/ETF,CBOE_EUROPE,,,,cboe_europe_reference_data,,ETF,
11677,residual_review_required,etf,Potential non-common-equity or fund-like instrument needs review/exclusion policy before scoring.,,EJAPd,BNP Paribas Easy MSCI Japan Min TE/ETF,CBOE_EUROPE,,,,cboe_europe_reference_data,,ETF,
11678,residual_review_required,etf,Potential non-common-equity or fund-like instrument needs review/exclusion policy before scoring.,,EJAPp,BNP Paribas Easy MSCI Japan Min TE/ETF,CBOE_EUROPE,,,,cboe_europe_reference_data,,ETF,
11680,residual_review_required,etf,Potential non-common-equity or fund-like instrument needs review/exclusion policy before scoring.,,EJPYm,iShares MSCI Japan ESG Enhanced CTB UCITS ETF,CBOE_EUROPE,,,,cboe_europe_reference_data,,ETF,
11683,residual_review_required,etf,Potential non-common-equity or fund-like instrument needs review/exclusion policy before scoring.,,EKLDCp,BNP Paribas Easy MSCI USA SRI PAB,CBOE_EUROPE,,,,cboe_europe_reference_data,,ETF,
11684,residual_review_required,etf,Potential non-common-equity or fund-like instrument needs review/exclusion policy before scoring.,,EKLDd,BNP Paribas Easy MSCI USA SRI PAB,CBOE_EUROPE,,,,cboe_europe_reference_data,,ETF,
11685,residual_review_required,etf,Potential non-common-equity or fund-like instrument needs review/exclusion policy before scoring.,,EKLDp,BNP Paribas Easy MSCI USA SRI PAB,CBOE_EUROPE,,,,cboe_europe_reference_data,,ETF,
11689,residual_review_required,etf,Potential non-common-equity or fund-like instrument needs review/exclusion policy before scoring.,,EKUSd,BNP Paribas Easy MSCI USA SRI PAB,CBOE_EUROPE,,,,cboe_europe_reference_data,,ETF,
11690,residual_review_required,etf,Potential non-common-equity or fund-like instrument needs review/exclusion policy before scoring.,,EKUSp,BNP Paribas Easy MSCI USA SRI PAB,CBOE_EUROPE,,,,cboe_europe_reference_data,,ETF,
11691,residual_review_required,etf,Potential non-common-equity or fund-like instrument needs review/exclusion policy before scoring.,,EL41d,Deka MSCI USA MC UCITS ETF,CBOE_EUROPE,,,,cboe_europe_reference_data,,ETF,
11692,residual_review_required,etf,Potential non-common-equity or fund-like instrument needs review/exclusion policy before scoring.,,EL42d,Deka MSCI Europe UCITS ETF,CBOE_EUROPE,,,,cboe_europe_reference_data,,ETF,
11693,residual_review_required,etf,Potential non-common-equity or fund-like instrument needs review/exclusion policy before scoring.,,EL46d,Deka MSCI China ex A Shares UCITS ETF,CBOE_EUROPE,,,,cboe_europe_reference_data,,ETF,
11694,residual_review_required,etf,Potential non-common-equity or fund-like instrument needs review/exclusion policy before scoring.,,EL49d,Deka iBoxx EUR Liquid Corporates Diversified UCITS ETF,CBOE_EUROPE,,,,cboe_europe_reference_data,,ETF,
11695,residual_review_required,etf,Potential non-common-equity or fund-like instrument needs review/exclusion policy before scoring.,,EL4Ad,Deka DAX UCITS ETF,CBOE_EUROPE,,,,cboe_europe_reference_data,,ETF,
11696,residual_review_required,etf,Potential non-common-equity or fund-like instrument needs review/exclusion policy before scoring.,,EL4Bd,Deka EURO STOXX 50 UCITS ETF,CBOE_EUROPE,,,,cboe_europe_reference_data,,ETF,
11697,residual_review_required,etf,Potential non-common-equity or fund-like instrument needs review/exclusion policy before scoring.,,EL4Cd,Deka STOXX Europe Strong Growth 20 UCITS ETF,CBOE_EUROPE,,,,cboe_europe_reference_data,,ETF,
11698,residual_review_required,etf,Potential non-common-equity or fund-like instrument needs review/exclusion policy before scoring.,,EL4Dd,Deka STOXX Europe Strong Value 20 UCITS ETF,CBOE_EUROPE,,,,cboe_europe_reference_data,,ETF,
11699,residual_review_required,etf,Potential non-common-equity or fund-like instrument needs review/exclusion policy before scoring.,,EL4Fd,Deka DAX ausschuettend UCITS ETF,CBOE_EUROPE,,,,cboe_europe_reference_data,,ETF,
11700,residual_review_required,etf,Potential non-common-equity or fund-like instrument needs review/exclusion policy before scoring.,,EL4Gd,Deka EURO STOXX Select Dividend 30 UCITS ETF,CBOE_EUROPE,,,,cboe_europe_reference_data,,ETF,
11701,residual_review_required,etf,Potential non-common-equity or fund-like instrument needs review/exclusion policy before scoring.,,EL4Kd,Deka iBoxx EUR Liquid SOV DIV 1-10 UCITS ETF,CBOE_EUROPE,,,,cboe_europe_reference_data,,ETF,
11702,residual_review_required,etf,Potential non-common-equity or fund-like instrument needs review/exclusion policy before scoring.,,EL4Ld,Deka iBoxx EUR Liquid SOV DIV 1-3 UCITS ETF,CBOE_EUROPE,,,,cboe_europe_reference_data,,ETF,
11703,residual_review_required,etf,Potential non-common-equity or fund-like instrument needs review/exclusion policy before scoring.,,EL4Md,Deka iBoxx EUR Liquid SOV DIV 3-5 UCITS ETF,CBOE_EUROPE,,,,cboe_europe_reference_data,,ETF,
11704,residual_review_required,etf,Potential non-common-equity or fund-like instrument needs review/exclusion policy before scoring.,,EL4Nd,Deka iBoxx EUR Liquid SOV DIV 5-7 UCITS ETF,CBOE_EUROPE,,,,cboe_europe_reference_data,,ETF,
11705,residual_review_required,etf,Potential non-common-equity or fund-like instrument needs review/exclusion policy before scoring.,,EL4Pd,Deka iBoxx EUR Liquid SOV DIV 7-10 UCITS ETF,CBOE_EUROPE,,,,cboe_europe_reference_data,,ETF,
11706,residual_review_required,etf,Potential non-common-equity or fund-like instrument needs review/exclusion policy before scoring.,,EL4Qd,Deka iBoxx EUR Liquid SOV DIV 10+ UCITS ETF,CBOE_EUROPE,,,,cboe_europe_reference_data,,ETF,
11707,residual_review_required,etf,Potential non-common-equity or fund-like instrument needs review/exclusion policy before scoring.,,EL4Rd,Deka DB EUROGOV Germany UCITS ETF,CBOE_EUROPE,,,,cboe_europe_reference_data,,ETF,
11708,residual_review_required,etf,Potential non-common-equity or fund-like instrument needs review/exclusion policy before scoring.,,EL4Sd,Deka DB EUROGOV Germany 1-3 UCITS ETF,CBOE_EUROPE,,,,cboe_europe_reference_data,,ETF,
11709,residual_review_required,etf,Potential non-common-equity or fund-like instrument needs review/exclusion policy before scoring.,,EL4Td,Deka Deutsche Boerse Eurogov Germany 3-5 Ucits Etf,CBOE_EUROPE,,,,cboe_europe_reference_data,,ETF,
11710,residual_review_required,etf,Potential non-common-equity or fund-like instrument needs review/exclusion policy before scoring.,,EL4Ud,Deka DB EUROGOV Germany 5-10 UCITS ETF,CBOE_EUROPE,,,,cboe_europe_reference_data,,ETF,
11711,residual_review_required,etf,Potential non-common-equity or fund-like instrument needs review/exclusion policy before scoring.,,EL4Vd,Deka DB EUROGOV Germany 10+ UCITS ETF,CBOE_EUROPE,,,,cboe_europe_reference_data,,ETF,
11712,residual_review_required,etf,Potential non-common-equity or fund-like instrument needs review/exclusion policy before scoring.,,EL4Wd,Deka Deutsche Boerse Eurogov Germany Money Market Ucits Etf,CBOE_EUROPE,,,,cboe_europe_reference_data,,ETF,
11713,residual_review_required,etf,Potential non-common-equity or fund-like instrument needs review/exclusion policy before scoring.,,EL4Xd,Deka DAXplus Maximum Dividend UCITS ETF,CBOE_EUROPE,,,,cboe_europe_reference_data,,ETF,
11714,residual_review_required,etf,Potential non-common-equity or fund-like instrument needs review/exclusion policy before scoring.,,EL4Zd,Deka MSCI USA UCITS ETF,CBOE_EUROPE,,,,cboe_europe_reference_data,,ETF,
11718,residual_review_required,etf,Potential non-common-equity or fund-like instrument needs review/exclusion policy before scoring.,,ELCRd,Amundi MSCI Smart Mobility UCITS ETF,CBOE_EUROPE,,,,cboe_europe_reference_data,,ETF,
11719,residual_review_required,etf,Potential non-common-equity or fund-like instrument needs review/exclusion policy before scoring.,,ELCRl,Amundi MSCI Smart Mobility UCITS ETF,CBOE_EUROPE,,,,cboe_europe_reference_data,,ETF,
11720,residual_review_required,etf,Potential non-common-equity or fund-like instrument needs review/exclusion policy before scoring.,,ELCRm,Amundi MSCI Smart Mobility UCITS ETF,CBOE_EUROPE,,,,cboe_europe_reference_data,,ETF,
11721,residual_review_required,etf,Potential non-common-equity or fund-like instrument needs review/exclusion policy before scoring.,,ELCRp,Amundi MSCI Smart Mobility UCITS ETF,CBOE_EUROPE,,,,cboe_europe_reference_data,,ETF,
11726,residual_review_required,etf,Potential non-common-equity or fund-like instrument needs review/exclusion policy before scoring.,,ELF0d,Deka DAX ex Financials 30 UCITS ETF,CBOE_EUROPE,,,,cboe_europe_reference_data,,ETF,
11727,residual_review_required,etf,Potential non-common-equity or fund-like instrument needs review/exclusion policy before scoring.,,ELF1d,Deka MDAX UCITS ETF,CBOE_EUROPE,,,,cboe_europe_reference_data,,ETF,
11728,residual_review_required,etf,Potential non-common-equity or fund-like instrument needs review/exclusion policy before scoring.,,ELFBd,Deka Euro Prime ESG UCITS ETF,CBOE_EUROPE,,,,cboe_europe_reference_data,,ETF,
11729,residual_review_required,etf,Potential non-common-equity or fund-like instrument needs review/exclusion policy before scoring.,,ELFCd,Deka EURO iSTOXX ex Fin Dividend+ UCITS ETF,CBOE_EUROPE,,,,cboe_europe_reference_data,,ETF,
11730,residual_review_required,etf,Potential non-common-equity or fund-like instrument needs review/exclusion policy before scoring.,,ELFDd,Deka Eurozone Rendite Plus 1-10 UCITS ETF,CBOE_EUROPE,,,,cboe_europe_reference_data,,ETF,
11731,residual_review_required,etf,Potential non-common-equity or fund-like instrument needs review/exclusion policy before scoring.,,ELFEd,Deka US Treasury 7-10 UCITS ETF,CBOE_EUROPE,,,,cboe_europe_reference_data,,ETF,
11732,residual_review_required,etf,Potential non-common-equity or fund-like instrument needs review/exclusion policy before scoring.,,ELFWd,Deka MSCI World UCITS ETF,CBOE_EUROPE,,,,cboe_europe_reference_data,,ETF,
11747,residual_review_required,etf,Potential non-common-equity or fund-like instrument needs review/exclusion policy before scoring.,,ELOVDm,UBS Factor MSCI EMU Low Volatility UCITS ETF,CBOE_EUROPE,,,,cboe_europe_reference_data,,ETF,
11748,residual_review_required,etf,Potential non-common-equity or fund-like instrument needs review/exclusion policy before scoring.,,ELOVDz,UBS Factor MSCI EMU Low Volatility UCITS ETF,CBOE_EUROPE,,,,cboe_europe_reference_data,,ETF,
11749,residual_review_required,etf,Potential non-common-equity or fund-like instrument needs review/exclusion policy before scoring.,,ELOWVz,UBS Factor MSCI EMU Low Volatility UCITS ETF,CBOE_EUROPE,,,,cboe_europe_reference_data,,ETF,
11752,residual_review_required,etf,Potential non-common-equity or fund-like instrument needs review/exclusion policy before scoring.,,ELTDz,UBS Factor MSCI EMU Quality Screened UCITS ETF,CBOE_EUROPE,,,,cboe_europe_reference_data,,ETF,
11757,residual_review_required,etf;bond,Potential non-common-equity or fund-like instrument needs review/exclusion policy before scoring.,,EM101m,Amundi Euro Government Bond 10-15Y UCITS ETF,CBOE_EUROPE,,,,cboe_europe_reference_data,,ETF,
11758,residual_review_required,etf;bond,Potential non-common-equity or fund-like instrument needs review/exclusion policy before scoring.,,EM13m,Amundi Euro Government Bond 1-3Y UCITS ETF,CBOE_EUROPE,,,,cboe_europe_reference_data,,ETF,
11759,residual_review_required,etf;bond,Potential non-common-equity or fund-like instrument needs review/exclusion policy before scoring.,,EM15m,Amundi Euro Government Bond 15+Y UCITS ETF,CBOE_EUROPE,,,,cboe_europe_reference_data,,ETF,
11760,residual_review_required,etf;bond,Potential non-common-equity or fund-like instrument needs review/exclusion policy before scoring.,,EM35m,Amundi Euro Government Bond 3-5Y UCITS ETF,CBOE_EUROPE,,,,cboe_europe_reference_data,,ETF,
11761,residual_review_required,etf;bond,Potential non-common-equity or fund-like instrument needs review/exclusion policy before scoring.,,EM57m,Amundi Euro Government Bond 5-7Y UCITS ETF,CBOE_EUROPE,,,,cboe_europe_reference_data,,ETF,
11762,residual_review_required,etf;bond,Potential non-common-equity or fund-like instrument needs review/exclusion policy before scoring.,,EM710m,Amundi Euro Government Bond 7-10Y UCITS ETF,CBOE_EUROPE,,,,cboe_europe_reference_data,,ETF,
11763,residual_review_required,etf;bond,Potential non-common-equity or fund-like instrument needs review/exclusion policy before scoring.,,EMAAAm,Amundi Euro Highest Rated Macro-Weighted Government Bond UCITS ETF,CBOE_EUROPE,,,,cboe_europe_reference_data,,ETF,
11764,residual_review_required,etf,Potential non-common-equity or fund-like instrument needs review/exclusion policy before scoring.,,EMADl,SS SPDR MSCI EM Asia UCITS ETF,CBOE_EUROPE,,,,cboe_europe_reference_data,,ETF,
11765,residual_review_required,etf,Potential non-common-equity or fund-like instrument needs review/exclusion policy before scoring.,,EMAEm,SS SPDR MSCI EM Asia UCITS ETF,CBOE_EUROPE,,,,cboe_europe_reference_data,,ETF,
11766,residual_review_required,etf,Potential non-common-equity or fund-like instrument needs review/exclusion policy before scoring.,,EMASz,SS SPDR MSCI EM Asia UCITS ETF,CBOE_EUROPE,,,,cboe_europe_reference_data,,ETF,
11767,residual_review_required,etf;bond,Potential non-common-equity or fund-like instrument needs review/exclusion policy before scoring.,,EMBCz,iShares VI PLC - iShares JP Morgan USD EM Bond CHF Hedged UCITS ETF Dist,CBOE_EUROPE,,,,cboe_europe_reference_data,,ETF,
11768,residual_review_required,etf;bond,Potential non-common-equity or fund-like instrument needs review/exclusion policy before scoring.,,EMBEl,iShares J.P. Morgan USD EM Bond EUR Hedged UCITS ETF Dist,CBOE_EUROPE,,,,cboe_europe_reference_data,,ETF,
11769,residual_review_required,etf;bond,Potential non-common-equity or fund-like instrument needs review/exclusion policy before scoring.,,EMBEm,iShares J.P. Morgan USD EM Bond EUR Hedged UCITS ETF Dist,CBOE_EUROPE,,,,cboe_europe_reference_data,,ETF,
11770,residual_review_required,etf;bond,Potential non-common-equity or fund-like instrument needs review/exclusion policy before scoring.,,EMBEz,iShares J.P. Morgan USD EM Bond EUR Hedged UCITS ETF Dist,CBOE_EUROPE,,,,cboe_europe_reference_data,,ETF,
11771,residual_review_required,etf;bond,Potential non-common-equity or fund-like instrument needs review/exclusion policy before scoring.,,EMBHIm,Amundi USD Emerging Markets Government Bond UCITS ETF,CBOE_EUROPE,,,,cboe_europe_reference_data,,ETF,
11773,residual_review_required,etf;bond,Potential non-common-equity or fund-like instrument needs review/exclusion policy before scoring.,,EMBMXx,iShares J.P. Morgan USD EM Bond UCITS ETF,CBOE_EUROPE,,,,cboe_europe_reference_data,,ETF,
11775,residual_review_required,etf;bond,Potential non-common-equity or fund-like instrument needs review/exclusion policy before scoring.,,EMCAl,iShares JP Morgan USD EM Corp Bond UCITS ETF,CBOE_EUROPE,,,,cboe_europe_reference_data,,ETF,
11776,residual_review_required,etf;bond,Potential non-common-equity or fund-like instrument needs review/exclusion policy before scoring.,,EMCRl,iShares JP Morgan USD EM Corp Bond UCITS ETF,CBOE_EUROPE,,,,cboe_europe_reference_data,,ETF,
11777,residual_review_required,etf;bond,Potential non-common-equity or fund-like instrument needs review/exclusion policy before scoring.,,EMCRm,iShares JP Morgan USD EM Corp Bond UCITS ETF,CBOE_EUROPE,,,,cboe_europe_reference_data,,ETF,
11778,residual_review_required,etf;bond,Potential non-common-equity or fund-like instrument needs review/exclusion policy before scoring.,,EMCRz,iShares JP Morgan USD EM Corp Bond UCITS ETF,CBOE_EUROPE,,,,cboe_europe_reference_data,,ETF,
11779,residual_review_required,etf;bond,Potential non-common-equity or fund-like instrument needs review/exclusion policy before scoring.,,EMDDl,SS SPDR Bloomberg Emerging Markets Local Bond UCITS ETF,CBOE_EUROPE,,,,cboe_europe_reference_data,,ETF,
11780,residual_review_required,etf;bond,Potential non-common-equity or fund-like instrument needs review/exclusion policy before scoring.,,EMDEm,SS SPDR Bloomberg Emerging Markets Local Bond UCITS ETF,CBOE_EUROPE,,,,cboe_europe_reference_data,,ETF,
11781,residual_review_required,etf;bond,Potential non-common-equity or fund-like instrument needs review/exclusion policy before scoring.,,EMDGl,L&G Emerging Markets Government Bond USD 0-5 Year Screened UCITS ETF,CBOE_EUROPE,,,,cboe_europe_reference_data,,ETF,
11782,residual_review_required,etf;bond,Potential non-common-equity or fund-like instrument needs review/exclusion policy before scoring.,,EMDLl,SS SPDR Bloomberg Emerging Markets Local Bond UCITS ETF,CBOE_EUROPE,,,,cboe_europe_reference_data,,ETF,
11783,residual_review_required,etf;bond,Potential non-common-equity or fund-like instrument needs review/exclusion policy before scoring.,,EMDLz,SS SPDR Bloomberg Emerging Markets Local Bond UCITS ETF,CBOE_EUROPE,,,,cboe_europe_reference_data,,ETF,
11784,residual_review_required,etf,Potential non-common-equity or fund-like instrument needs review/exclusion policy before scoring.,,EMDVm,SS SPDR S&P Emerging Markets Dividend Aristocrats UCITS ETF,CBOE_EUROPE,,,,cboe_europe_reference_data,,ETF,
11785,residual_review_required,etf,Potential non-common-equity or fund-like instrument needs review/exclusion policy before scoring.,,EMDVz,SS SPDR S&P Emerging Markets Dividend Aristocrats UCITS ETF,CBOE_EUROPE,,,,cboe_europe_reference_data,,ETF,
11786,residual_review_required,etf,Potential non-common-equity or fund-like instrument needs review/exclusion policy before scoring.,,EMEGm,iShares MSCI EM ESG Enhanced CTB UCITS ETF,CBOE_EUROPE,,,,cboe_europe_reference_data,,ETF,
11788,residual_review_required,etf,Potential non-common-equity or fund-like instrument needs review/exclusion policy before scoring.,,EMESGm,Amundi MSCI Emerging Markets ESG Selection - UCITS ETF DR,CBOE_EUROPE,,,,cboe_europe_reference_data,,ETF,
11789,residual_review_required,etf;bond,Potential non-common-equity or fund-like instrument needs review/exclusion policy before scoring.,,EMESl,iShares JP Morgan Advanced USD EM Bond UCITS ETF,CBOE_EUROPE,,,,cboe_europe_reference_data,,ETF,
11790,residual_review_required,etf;bond,Potential non-common-equity or fund-like instrument needs review/exclusion policy before scoring.,,EMGAl,iShares JP Morgan EM Local Government Bond UCITS ETF,CBOE_EUROPE,,,,cboe_europe_reference_data,,ETF,
11791,residual_review_required,etf;bond,Potential non-common-equity or fund-like instrument needs review/exclusion policy before scoring.,,EMGBl,VanEck J.P. Morgan EM Local Currency Bond UCITS ETF,CBOE_EUROPE,,,,cboe_europe_reference_data,,ETF,
11792,residual_review_required,etf,Potential non-common-equity or fund-like instrument needs review/exclusion policy before scoring.,,EMGEAm,UBS MSCI EM SF UCITS ETF,CBOE_EUROPE,,,,cboe_europe_reference_data,,ETF,
11793,residual_review_required,etf;bond,Potential non-common-equity or fund-like instrument needs review/exclusion policy before scoring.,,EMGHm,L&G Emerging Markets Government Bond USD 0-5 Year Screened UCITS ETF,CBOE_EUROPE,,,,cboe_europe_reference_data,,ETF,
11795,residual_review_required,etf;bond,Potential non-common-equity or fund-like instrument needs review/exclusion policy before scoring.,,EMH5l,SS SPDR ICE BofA 0-5 Year EM USD Government Bond UCITS ETF,CBOE_EUROPE,,,,cboe_europe_reference_data,,ETF,
11796,residual_review_required,etf;bond,Potential non-common-equity or fund-like instrument needs review/exclusion policy before scoring.,,EMH5m,SS SPDR ICE BofA 0-5 Year EM USD Government Bond UCITS ETF,CBOE_EUROPE,,,,cboe_europe_reference_data,,ETF,
11797,residual_review_required,etf,Potential non-common-equity or fund-like instrument needs review/exclusion policy before scoring.,,EMHDl,Invesco FTSE Emerging Markets High Dividend Low Volatility UCITS ETF,CBOE_EUROPE,,,,cboe_europe_reference_data,,ETF,
11798,residual_review_required,etf,Potential non-common-equity or fund-like instrument needs review/exclusion policy before scoring.,,EMHDm,Invesco FTSE Emerging Markets High Dividend Low Volatility UCITS ETF,CBOE_EUROPE,,,,cboe_europe_reference_data,,ETF,
11799,residual_review_required,etf,Potential non-common-equity or fund-like instrument needs review/exclusion policy before scoring.,,EMHDp,Invesco FTSE Emerging Markets High Dividend Low Volatility UCITS ETF,CBOE_EUROPE,,,,cboe_europe_reference_data,,ETF,
11800,residual_review_required,etf;bond,Potential non-common-equity or fund-like instrument needs review/exclusion policy before scoring.,,EMHGl,iShares J.P. Morgan USD EM Bond UCITS ETF,CBOE_EUROPE,,,,cboe_europe_reference_data,,ETF,
11801,residual_review_required,etf,Potential non-common-equity or fund-like instrument needs review/exclusion policy before scoring.,,EMIDl,iShares MSCI Europe Mid Cap UCITS ETF,CBOE_EUROPE,,,,cboe_europe_reference_data,,ETF,
11802,residual_review_required,etf;bond,Potential non-common-equity or fund-like instrument needs review/exclusion policy before scoring.,,EMIGEm,UBS J.P. Morgan USD EM IG Screened Diversified Bond UCITS ETF,CBOE_EUROPE,,,,cboe_europe_reference_data,,ETF,
11803,residual_review_required,etf;bond,Potential non-common-equity or fund-like instrument needs review/exclusion policy before scoring.,,EMIGl,UBS J.P. Morgan USD EM IG Screened Diversified Bond UCITS ETF,CBOE_EUROPE,,,,cboe_europe_reference_data,,ETF,
11804,residual_review_required,etf;bond,Potential non-common-equity or fund-like instrument needs review/exclusion policy before scoring.,,EMIGm,UBS J.P. Morgan USD EM IG Screened Diversified Bond UCITS ETF,CBOE_EUROPE,,,,cboe_europe_reference_data,,ETF,
11807,residual_review_required,etf,Potential non-common-equity or fund-like instrument needs review/exclusion policy before scoring.,,EMIMa,iShares Core MSCI EM IMI UCITS ETF,CBOE_EUROPE,,,,cboe_europe_reference_data,,ETF,
11808,residual_review_required,etf,Potential non-common-equity or fund-like instrument needs review/exclusion policy before scoring.,,EMIMl,iShares Core MSCI EM IMI UCITS ETF,CBOE_EUROPE,,,,cboe_europe_reference_data,,ETF,
11809,residual_review_required,etf,Potential non-common-equity or fund-like instrument needs review/exclusion policy before scoring.,,EMISp,BNP Paribas Easy MSCI Emerging SRI PAB,CBOE_EUROPE,,,,cboe_europe_reference_data,,ETF,
11810,residual_review_required,etf;bond,Potential non-common-equity or fund-like instrument needs review/exclusion policy before scoring.,,EMIm,Amundi Euro Government Inflation-Linked Bond UCITS ETF,CBOE_EUROPE,,,,cboe_europe_reference_data,,ETF,
11811,residual_review_required,etf;bond,Potential non-common-equity or fund-like instrument needs review/exclusion policy before scoring.,,EMKTBm,Amundi USD Emerging Markets Government Bond UCITS ETF,CBOE_EUROPE,,,,cboe_europe_reference_data,,ETF,
11812,residual_review_required,etf,Potential non-common-equity or fund-like instrument needs review/exclusion policy before scoring.,,EMKTm,Amundi MSCI Emerging Markets Swap II UCITS ETF,CBOE_EUROPE,,,,cboe_europe_reference_data,,ETF,
11813,residual_review_required,etf,Potential non-common-equity or fund-like instrument needs review/exclusion policy before scoring.,,EMKXd,BNP Paribas Easy MSCI Emerging Min TE UCITS ETF EUR C,CBOE_EUROPE,,,,cboe_europe_reference_data,,ETF,
11814,residual_review_required,etf;bond,Potential non-common-equity or fund-like instrument needs review/exclusion policy before scoring.,,EMLCm,VanEck J.P. Morgan EM Local Currency Bond UCITS ETF,CBOE_EUROPE,,,,cboe_europe_reference_data,,ETF,
11815,residual_review_required,etf;bond,Potential non-common-equity or fund-like instrument needs review/exclusion policy before scoring.,,EMLCz,VanEck J.P. Morgan EM Local Currency Bond UCITS ETF,CBOE_EUROPE,,,,cboe_europe_reference_data,,ETF,
11816,residual_review_required,etf;bond,Potential non-common-equity or fund-like instrument needs review/exclusion policy before scoring.,,EMLDm,SS SPDR Bloomberg Emerging Markets Local Bond UCITS ETF,CBOE_EUROPE,,,,cboe_europe_reference_data,,ETF,
11817,residual_review_required,etf;bond,Potential non-common-equity or fund-like instrument needs review/exclusion policy before scoring.,,EMLIl,PIMCO Advantage Emerging Markets Local Bond UCITS ETF,CBOE_EUROPE,,,,cboe_europe_reference_data,,ETF,
11818,residual_review_required,etf;bond,Potential non-common-equity or fund-like instrument needs review/exclusion policy before scoring.,,EMLIm,PIMCO Advantage Emerging Markets Local Bond UCITS ETF,CBOE_EUROPE,,,,cboe_europe_reference_data,,ETF,
11819,residual_review_required,etf;bond,Potential non-common-equity or fund-like instrument needs review/exclusion policy before scoring.,,EMLIz,PIMCO Advantage Emerging Markets Local Bond UCITS ETF,CBOE_EUROPE,,,,cboe_europe_reference_data,,ETF,
11820,residual_review_required,etf;bond,Potential non-common-equity or fund-like instrument needs review/exclusion policy before scoring.,,EMLOCm,UBS J.P. Morgan EM Multi-Factor Enhanced Local Currency Bond UCITS ETF,CBOE_EUROPE,,,,cboe_europe_reference_data,,ETF,
11821,residual_review_required,etf,Potential non-common-equity or fund-like instrument needs review/exclusion policy before scoring.,,EMLVz,iShares Edge MSCI EM Minimum Volatility UCITS ETF,CBOE_EUROPE,,,,cboe_europe_reference_data,,ETF,
11822,residual_review_required,etf,Potential non-common-equity or fund-like instrument needs review/exclusion policy before scoring.,,EMMEUm,UBS Core MSCI EM UCITS ETF,CBOE_EUROPE,,,,cboe_europe_reference_data,,ETF,
11824,residual_review_required,etf,Potential non-common-equity or fund-like instrument needs review/exclusion policy before scoring.,,EMMUCz,UBS Core MSCI EM UCITS ETF,CBOE_EUROPE,,,,cboe_europe_reference_data,,ETF,
11825,residual_review_required,etf,Potential non-common-equity or fund-like instrument needs review/exclusion policy before scoring.,,EMMUKz,UBS Core MSCI EM UCITS ETF,CBOE_EUROPE,,,,cboe_europe_reference_data,,ETF,
11826,residual_review_required,etf,Potential non-common-equity or fund-like instrument needs review/exclusion policy before scoring.,,EMMUSm,UBS Core MSCI EM UCITS ETF,CBOE_EUROPE,,,,cboe_europe_reference_data,,ETF,
11827,residual_review_required,etf,Potential non-common-equity or fund-like instrument needs review/exclusion policy before scoring.,,EMMUUz,UBS Core MSCI EM UCITS ETF,CBOE_EUROPE,,,,cboe_europe_reference_data,,ETF,
11828,residual_review_required,etf,Potential non-common-equity or fund-like instrument needs review/exclusion policy before scoring.,,EMMUZz,UBS Core MSCI EM UCITS ETF,CBOE_EUROPE,,,,cboe_europe_reference_data,,ETF,
11829,residual_review_required,etf,Potential non-common-equity or fund-like instrument needs review/exclusion policy before scoring.,,EMMVl,iShares Edge MSCI EM Minimum Volatility UCITS ETF,CBOE_EUROPE,,,,cboe_europe_reference_data,,ETF,
11830,residual_review_required,etf,Potential non-common-equity or fund-like instrument needs review/exclusion policy before scoring.,,EMNDd,iShares MSCI World CTB Enhanced ESG UCITS ETF,CBOE_EUROPE,,,,cboe_europe_reference_data,,ETF,
11831,residual_review_required,etf,Potential non-common-equity or fund-like instrument needs review/exclusion policy before scoring.,,EMNEd,iShares MSCI EMU ESG Enhanced CTB UCITS ETF,CBOE_EUROPE,,,,cboe_europe_reference_data,,ETF,
11832,residual_review_required,etf,Potential non-common-equity or fund-like instrument needs review/exclusion policy before scoring.,,EMNJd,iShares MSCI Japan ESG Enhanced CTB UCITS ETF,CBOE_EUROPE,,,,cboe_europe_reference_data,,ETF,
11833,residual_review_required,etf,Potential non-common-equity or fund-like instrument needs review/exclusion policy before scoring.,,EMNUd,iShares MSCI Europe ESG Enhanced CTB UCITS ETF,CBOE_EUROPE,,,,cboe_europe_reference_data,,ETF,
11834,residual_review_required,etf,Potential non-common-equity or fund-like instrument needs review/exclusion policy before scoring.,,EMPABm,UBS MSCI EM Climate Paris Aligned UCITS ETF,CBOE_EUROPE,,,,cboe_europe_reference_data,,ETF,
11835,residual_review_required,etf,Potential non-common-equity or fund-like instrument needs review/exclusion policy before scoring.,,EMPAa,iShares MSCI EMU Paris-Aligned Climate UCITS ETF,CBOE_EUROPE,,,,cboe_europe_reference_data,,ETF,
11836,residual_review_required,etf,Potential non-common-equity or fund-like instrument needs review/exclusion policy before scoring.,,EMPAz,UBS MSCI EM Climate Paris Aligned UCITS ETF,CBOE_EUROPE,,,,cboe_europe_reference_data,,ETF,
11837,residual_review_required,etf,Potential non-common-equity or fund-like instrument needs review/exclusion policy before scoring.,,EMQPl,EMQQ Emerging Markets Internet UCITS ETF,CBOE_EUROPE,,,,cboe_europe_reference_data,,ETF,
11838,residual_review_required,etf,Potential non-common-equity or fund-like instrument needs review/exclusion policy before scoring.,,EMQQl,EMQQ Emerging Markets Internet UCITS ETF,CBOE_EUROPE,,,,cboe_europe_reference_data,,ETF,
11839,residual_review_required,etf,Potential non-common-equity or fund-like instrument needs review/exclusion policy before scoring.,,EMQQp,EMQQ Emerging Markets Internet UCITS ETF,CBOE_EUROPE,,,,cboe_europe_reference_data,,ETF,
11840,residual_review_required,etf,Potential non-common-equity or fund-like instrument needs review/exclusion policy before scoring.,,EMRDl,SS SPDR MSCI Emerging Markets UCITS ETF,CBOE_EUROPE,,,,cboe_europe_reference_data,,ETF,
11841,residual_review_required,etf,Potential non-common-equity or fund-like instrument needs review/exclusion policy before scoring.,,EMRGm,SS SPDR MSCI Emerging Markets UCITS ETF,CBOE_EUROPE,,,,cboe_europe_reference_data,,ETF,
11842,residual_review_required,etf;bond,Potential non-common-equity or fund-like instrument needs review/exclusion policy before scoring.,,EMSAl,iShares JP Morgan Advanced USD EM Bond UCITS ETF,CBOE_EUROPE,,,,cboe_europe_reference_data,,ETF,
11843,residual_review_required,etf,Potential non-common-equity or fund-like instrument needs review/exclusion policy before scoring.,,EMSMd,Invesco MSCI Emerging Markets UCITS ETF,CBOE_EUROPE,,,,cboe_europe_reference_data,,ETF,
11845,residual_review_required,etf,Potential non-common-equity or fund-like instrument needs review/exclusion policy before scoring.,,EMUAAm,UBS Core MSCI EMU UCITS ETF,CBOE_EUROPE,,,,cboe_europe_reference_data,,ETF,
11846,residual_review_required,etf,Potential non-common-equity or fund-like instrument needs review/exclusion policy before scoring.,,EMUAAz,UBS Core MSCI EMU UCITS ETF,CBOE_EUROPE,,,,cboe_europe_reference_data,,ETF,
11847,residual_review_required,etf,Potential non-common-equity or fund-like instrument needs review/exclusion policy before scoring.,,EMUCHz,UBS Core MSCI EMU UCITS ETF,CBOE_EUROPE,,,,cboe_europe_reference_data,,ETF,
11848,residual_review_required,etf,Potential non-common-equity or fund-like instrument needs review/exclusion policy before scoring.,,EMUCz,iShares MSCI EMU CHF Hedged UCITS ETF Acc,CBOE_EUROPE,,,,cboe_europe_reference_data,,ETF,
11849,residual_review_required,etf,Potential non-common-equity or fund-like instrument needs review/exclusion policy before scoring.,,EMUDl,iShares MSCI EMU ESG Enhanced CTB UCITS ETF,CBOE_EUROPE,,,,cboe_europe_reference_data,,ETF,
11850,residual_review_required,etf,Potential non-common-equity or fund-like instrument needs review/exclusion policy before scoring.,,EMUEEz,UBS Core MSCI EMU UCITS ETF,CBOE_EUROPE,,,,cboe_europe_reference_data,,ETF,
11851,residual_review_required,etf,Potential non-common-equity or fund-like instrument needs review/exclusion policy before scoring.,,EMUESm,UBS MSCI EMU Universal UCITS ETF,CBOE_EUROPE,,,,cboe_europe_reference_data,,ETF,
11852,residual_review_required,etf,Potential non-common-equity or fund-like instrument needs review/exclusion policy before scoring.,,EMUEUm,UBS Core MSCI EMU UCITS ETF,CBOE_EUROPE,,,,cboe_europe_reference_data,,ETF,
11853,residual_review_required,etf,Potential non-common-equity or fund-like instrument needs review/exclusion policy before scoring.,,EMUEUz,UBS Core MSCI EMU UCITS ETF,CBOE_EUROPE,,,,cboe_europe_reference_data,,ETF,
11854,residual_review_required,etf,Potential non-common-equity or fund-like instrument needs review/exclusion policy before scoring.,,EMULm,iShares MSCI EMU Large Cap UCITS ETF,CBOE_EUROPE,,,,cboe_europe_reference_data,,ETF,
11855,residual_review_required,etf,Potential non-common-equity or fund-like instrument needs review/exclusion policy before scoring.,,EMUMz,iShares MSCI EMU Mid Cap UCITS ETF,CBOE_EUROPE,,,,cboe_europe_reference_data,,ETF,
11856,residual_review_required,etf,Potential non-common-equity or fund-like instrument needs review/exclusion policy before scoring.,,EMUPAm,UBS MSCI EMU Climate Paris Aligned UCITS ETF,CBOE_EUROPE,,,,cboe_europe_reference_data,,ETF,
11857,residual_review_required,etf,Potential non-common-equity or fund-like instrument needs review/exclusion policy before scoring.,,EMUPAz,UBS MSCI EMU Climate Paris Aligned UCITS ETF,CBOE_EUROPE,,,,cboe_europe_reference_data,,ETF,
11858,residual_review_required,etf,Potential non-common-equity or fund-like instrument needs review/exclusion policy before scoring.,,EMUSRm,UBS MSCI EMU Socially Responsible UCITS ETF,CBOE_EUROPE,,,,cboe_europe_reference_data,,ETF,
11859,residual_review_required,etf,Potential non-common-equity or fund-like instrument needs review/exclusion policy before scoring.,,EMUSRz,UBS MSCI EMU Socially Responsible UCITS ETF,CBOE_EUROPE,,,,cboe_europe_reference_data,,ETF,
11860,residual_review_required,etf,Potential non-common-equity or fund-like instrument needs review/exclusion policy before scoring.,,EMUUKz,UBS Core MSCI EMU UCITS ETF,CBOE_EUROPE,,,,cboe_europe_reference_data,,ETF,
11861,residual_review_required,etf,Potential non-common-equity or fund-like instrument needs review/exclusion policy before scoring.,,EMUUSz,UBS Core MSCI EMU UCITS ETF,CBOE_EUROPE,,,,cboe_europe_reference_data,,ETF,
11862,residual_review_required,etf,Potential non-common-equity or fund-like instrument needs review/exclusion policy before scoring.,,EMUUl,iShares MSCI EMU USD Hedged UCITS ETF Acc,CBOE_EUROPE,,,,cboe_europe_reference_data,,ETF,
11863,residual_review_required,etf,Potential non-common-equity or fund-like instrument needs review/exclusion policy before scoring.,,EMUm,Amundi Core MSCI EMU UCITS ETF,CBOE_EUROPE,,,,cboe_europe_reference_data,,ETF,
11864,residual_review_required,etf,Potential non-common-equity or fund-like instrument needs review/exclusion policy before scoring.,,EMVEUm,UBS MSCI EMU Value UCITS ETF,CBOE_EUROPE,,,,cboe_europe_reference_data,,ETF,
11865,residual_review_required,etf,Potential non-common-equity or fund-like instrument needs review/exclusion policy before scoring.,,EMVEUz,UBS MSCI EMU Value UCITS ETF,CBOE_EUROPE,,,,cboe_europe_reference_data,,ETF,
11866,residual_review_required,etf,Potential non-common-equity or fund-like instrument needs review/exclusion policy before scoring.,,EMVLl,iShares Edge MSCI EM Value Factor UCITS ETF,CBOE_EUROPE,,,,cboe_europe_reference_data,,ETF,
11867,residual_review_required,etf,Potential non-common-equity or fund-like instrument needs review/exclusion policy before scoring.,,EMVm,iShares Edge MSCI EM Minimum Volatility UCITS ETF,CBOE_EUROPE,,,,cboe_europe_reference_data,,ETF,
11868,residual_review_required,etf,Potential non-common-equity or fund-like instrument needs review/exclusion policy before scoring.,,EMWEd,BNP Paribas Easy MSCI World SRI PAB,CBOE_EUROPE,,,,cboe_europe_reference_data,,ETF,
11869,residual_review_required,etf,Potential non-common-equity or fund-like instrument needs review/exclusion policy before scoring.,,EMWEp,BNP Paribas Easy MSCI World SRI PAB,CBOE_EUROPE,,,,cboe_europe_reference_data,,ETF,
11870,residual_review_required,etf,Potential non-common-equity or fund-like instrument needs review/exclusion policy before scoring.,,EMXCd,Amundi MSCI Emerging Ex China UCITS ETF,CBOE_EUROPE,,,,cboe_europe_reference_data,,ETF,
11871,residual_review_required,etf,Potential non-common-equity or fund-like instrument needs review/exclusion policy before scoring.,,EMXCl,Amundi MSCI Emerging Ex China UCITS ETF,CBOE_EUROPE,,,,cboe_europe_reference_data,,ETF,
11872,residual_review_required,etf,Potential non-common-equity or fund-like instrument needs review/exclusion policy before scoring.,,EMXCm,Amundi MSCI Emerging Ex China UCITS ETF,CBOE_EUROPE,,,,cboe_europe_reference_data,,ETF,
11873,residual_review_required,etf,Potential non-common-equity or fund-like instrument needs review/exclusion policy before scoring.,,EMXNl,Amundi MSCI Emerging Ex China UCITS ETF,CBOE_EUROPE,,,,cboe_europe_reference_data,,ETF,
11874,residual_review_required,etf,Potential non-common-equity or fund-like instrument needs review/exclusion policy before scoring.,,EMXUl,Amundi MSCI Emerging Ex China ESG Selection - UCITS ETF DR,CBOE_EUROPE,,,,cboe_europe_reference_data,,ETF,
11876,residual_review_required,etf,Potential non-common-equity or fund-like instrument needs review/exclusion policy before scoring.,,ENAMm,BNP Paribas Easy MSCI USA Min TE UCITS ETF C,CBOE_EUROPE,,,,cboe_europe_reference_data,,ETF,
11877,residual_review_required,etf,Potential non-common-equity or fund-like instrument needs review/exclusion policy before scoring.,,ENAMp,BNP Paribas Easy MSCI USA Min TE UCITS ETF C,CBOE_EUROPE,,,,cboe_europe_reference_data,,ETF,
11880,residual_review_required,etf,Potential non-common-equity or fund-like instrument needs review/exclusion policy before scoring.,,ENCOl,L&G Multi-Strategy Enhanced Commodities UCITS ETF,CBOE_EUROPE,,,,cboe_europe_reference_data,,ETF,
11888,residual_review_required,etf,Potential non-common-equity or fund-like instrument needs review/exclusion policy before scoring.,,ENERm,Amundi MSCI New Energy UCITS ETF,CBOE_EUROPE,,,,cboe_europe_reference_data,,ETF,
11890,residual_review_required,etf,Potential non-common-equity or fund-like instrument needs review/exclusion policy before scoring.,,ENGEUz,BNP Paribas Easy ECPI Global ESG Infrastructure UCITS ETF/Ireland,CBOE_EUROPE,,,,cboe_europe_reference_data,,ETF,
11892,residual_review_required,etf,Potential non-common-equity or fund-like instrument needs review/exclusion policy before scoring.,,ENGYl,SS SPDR MSCI Europe Energy UCITS ETF,CBOE_EUROPE,,,,cboe_europe_reference_data,,ETF,
11906,residual_review_required,etf,Potential non-common-equity or fund-like instrument needs review/exclusion policy before scoring.,,ENRGm,Amundi Stoxx Europe 600 Energy Esg Screened UCITS ETF,CBOE_EUROPE,,,,cboe_europe_reference_data,,ETF,
11907,residual_review_required,etf,Potential non-common-equity or fund-like instrument needs review/exclusion policy before scoring.,,ENRGp,Amundi Stoxx Europe 600 Energy Esg Screened UCITS ETF,CBOE_EUROPE,,,,cboe_europe_reference_data,,ETF,
11915,residual_review_required,etf,Potential non-common-equity or fund-like instrument needs review/exclusion policy before scoring.,,ENWDm,iShares MSCI World CTB Enhanced ESG UCITS ETF,CBOE_EUROPE,,,,cboe_europe_reference_data,,ETF,
11922,residual_review_required,etf,Potential non-common-equity or fund-like instrument needs review/exclusion policy before scoring.,,EPABl,Amundi S&P Eurozone Climate Paris Aligned UCITS ETF,CBOE_EUROPE,,,,cboe_europe_reference_data,,ETF,
11923,residual_review_required,etf,Potential non-common-equity or fund-like instrument needs review/exclusion policy before scoring.,,EPABp,Amundi S&P Eurozone Climate Paris Aligned UCITS ETF,CBOE_EUROPE,,,,cboe_europe_reference_data,,ETF,
11924,residual_review_required,etf,Potential non-common-equity or fund-like instrument needs review/exclusion policy before scoring.,,EPADa,iShares MSCI Europe Paris-Aligned Climate UCITS ETF,CBOE_EUROPE,,,,cboe_europe_reference_data,,ETF,
11925,residual_review_required,etf,Potential non-common-equity or fund-like instrument needs review/exclusion policy before scoring.,,EPEJm,BNP PARIBAS EASY MSCI Pacific ex Japan Min TE UCITS ETF C,CBOE_EUROPE,,,,cboe_europe_reference_data,,ETF,
11926,residual_review_required,etf,Potential non-common-equity or fund-like instrument needs review/exclusion policy before scoring.,,EPEJp,BNP PARIBAS EASY MSCI Pacific ex Japan Min TE UCITS ETF C,CBOE_EUROPE,,,,cboe_europe_reference_data,,ETF,
11934,residual_review_required,etf,Potential non-common-equity or fund-like instrument needs review/exclusion policy before scoring.,,EPRAl,Amundi FTSE EPRA NAREIT Global UCITS ETF,CBOE_EUROPE,,,,cboe_europe_reference_data,,ETF,
11935,residual_review_required,etf,Potential non-common-equity or fund-like instrument needs review/exclusion policy before scoring.,,EPRAm,Amundi FTSE EPRA NAREIT Global UCITS ETF,CBOE_EUROPE,,,,cboe_europe_reference_data,,ETF,
11936,residual_review_required,etf,Potential non-common-equity or fund-like instrument needs review/exclusion policy before scoring.,,EPRAp,Amundi FTSE EPRA NAREIT Global UCITS ETF,CBOE_EUROPE,,,,cboe_europe_reference_data,,ETF,
11937,residual_review_required,etf,Potential non-common-equity or fund-like instrument needs review/exclusion policy before scoring.,,EPREp,Amundi FTSE EPRA Europe Real Estate,CBOE_EUROPE,,,,cboe_europe_reference_data,,ETF,
11939,residual_review_required,etf,Potential non-common-equity or fund-like instrument needs review/exclusion policy before scoring.,,EPRUa,Amundi FTSE EPRA NAREIT Global UCITS ETF,CBOE_EUROPE,,,,cboe_europe_reference_data,,ETF,
11941,residual_review_required,etf,Potential non-common-equity or fund-like instrument needs review/exclusion policy before scoring.,,EPVLDm,UBS Factor MSCI EMU Prime Value Screened UCITS ETF,CBOE_EUROPE,,,,cboe_europe_reference_data,,ETF,
11942,residual_review_required,etf,Potential non-common-equity or fund-like instrument needs review/exclusion policy before scoring.,,EPVLDz,UBS Factor MSCI EMU Prime Value Screened UCITS ETF,CBOE_EUROPE,,,,cboe_europe_reference_data,,ETF,
11943,residual_review_required,etf,Potential non-common-equity or fund-like instrument needs review/exclusion policy before scoring.,,EPVLz,UBS Factor MSCI EMU Prime Value Screened UCITS ETF,CBOE_EUROPE,,,,cboe_europe_reference_data,,ETF,
11944,residual_review_required,etf,Potential non-common-equity or fund-like instrument needs review/exclusion policy before scoring.,,EQACm,Invesco EQQQ Nasdaq-100 UCITS ETF,CBOE_EUROPE,,,,cboe_europe_reference_data,,ETF,
11945,residual_review_required,etf,Potential non-common-equity or fund-like instrument needs review/exclusion policy before scoring.,,EQACz,Invesco EQQQ Nasdaq-100 UCITS ETF,CBOE_EUROPE,,,,cboe_europe_reference_data,,ETF,
11946,residual_review_required,etf,Potential non-common-equity or fund-like instrument needs review/exclusion policy before scoring.,,EQCHz,Invesco EQQQ Nasdaq-100 UCITS ETF,CBOE_EUROPE,,,,cboe_europe_reference_data,,ETF,
11947,residual_review_required,etf,Potential non-common-equity or fund-like instrument needs review/exclusion policy before scoring.,,EQDSl,iShares MSCI Europe Quality Dividend Advanced UCITS ETF,CBOE_EUROPE,,,,cboe_europe_reference_data,,ETF,
11948,residual_review_required,etf,Potential non-common-equity or fund-like instrument needs review/exclusion policy before scoring.,,EQEUd,Invesco EQQQ Nasdaq-100 UCITS ETF,CBOE_EUROPE,,,,cboe_europe_reference_data,,ETF,
11949,residual_review_required,etf,Potential non-common-equity or fund-like instrument needs review/exclusion policy before scoring.,,EQGBl,Invesco EQQQ Nasdaq-100 UCITS ETF,CBOE_EUROPE,,,,cboe_europe_reference_data,,ETF,
11950,residual_review_required,etf,Potential non-common-equity or fund-like instrument needs review/exclusion policy before scoring.,,EQLTDm,UBS Factor MSCI EMU Quality Screened UCITS ETF,CBOE_EUROPE,,,,cboe_europe_reference_data,,ETF,
11951,residual_review_required,etf,Potential non-common-equity or fund-like instrument needs review/exclusion policy before scoring.,,EQLTDz,UBS Factor MSCI EMU Quality Screened UCITS ETF,CBOE_EUROPE,,,,cboe_europe_reference_data,,ETF,
11953,residual_review_required,etf,Potential non-common-equity or fund-like instrument needs review/exclusion policy before scoring.,,EQQDd,Invesco Nasdaq-100 Swap UCITS ETF,CBOE_EUROPE,,,,cboe_europe_reference_data,,ETF,
11954,residual_review_required,etf,Potential non-common-equity or fund-like instrument needs review/exclusion policy before scoring.,,EQQDl,Invesco Nasdaq-100 Swap UCITS ETF,CBOE_EUROPE,,,,cboe_europe_reference_data,,ETF,
11955,residual_review_required,etf,Potential non-common-equity or fund-like instrument needs review/exclusion policy before scoring.,,EQQQd,Invesco EQQQ Nasdaq-100 UCITS ETF,CBOE_EUROPE,,,,cboe_europe_reference_data,,ETF,
11956,residual_review_required,etf,Potential non-common-equity or fund-like instrument needs review/exclusion policy before scoring.,,EQQQl,Invesco EQQQ Nasdaq-100 UCITS ETF,CBOE_EUROPE,,,,cboe_europe_reference_data,,ETF,
11957,residual_review_required,etf,Potential non-common-equity or fund-like instrument needs review/exclusion policy before scoring.,,EQQQm,Invesco EQQQ Nasdaq-100 UCITS ETF,CBOE_EUROPE,,,,cboe_europe_reference_data,,ETF,
11958,residual_review_required,etf,Potential non-common-equity or fund-like instrument needs review/exclusion policy before scoring.,,EQQQp,Invesco EQQQ Nasdaq-100 UCITS ETF,CBOE_EUROPE,,,,cboe_europe_reference_data,,ETF,
11959,residual_review_required,etf,Potential non-common-equity or fund-like instrument needs review/exclusion policy before scoring.,,EQQQz,Invesco EQQQ Nasdaq-100 UCITS ETF,CBOE_EUROPE,,,,cboe_europe_reference_data,,ETF,
11960,residual_review_required,etf,Potential non-common-equity or fund-like instrument needs review/exclusion policy before scoring.,,EQQSl,Invesco Nasdaq-100 Swap UCITS ETF,CBOE_EUROPE,,,,cboe_europe_reference_data,,ETF,
11961,residual_review_required,etf,Potential non-common-equity or fund-like instrument needs review/exclusion policy before scoring.,,EQQSz,Invesco Nasdaq-100 Swap UCITS ETF,CBOE_EUROPE,,,,cboe_europe_reference_data,,ETF,
11962,residual_review_required,etf,Potential non-common-equity or fund-like instrument needs review/exclusion policy before scoring.,,EQQUl,Invesco EQQQ Nasdaq-100 UCITS ETF,CBOE_EUROPE,,,,cboe_europe_reference_data,,ETF,
11963,residual_review_required,etf,Potential non-common-equity or fund-like instrument needs review/exclusion policy before scoring.,,EQQXd,Invesco Nasdaq-100 Swap UCITS ETF,CBOE_EUROPE,,,,cboe_europe_reference_data,,ETF,
11964,residual_review_required,etf,Potential non-common-equity or fund-like instrument needs review/exclusion policy before scoring.,,EQSPd,Amundi S&P 500 Equal Weight,CBOE_EUROPE,,,,cboe_europe_reference_data,,ETF,
11967,residual_review_required,etf,Potential non-common-equity or fund-like instrument needs review/exclusion policy before scoring.,,EQUAm,BNP Paribas Easy Quality Europe,CBOE_EUROPE,,,,cboe_europe_reference_data,,ETF,
11979,residual_review_required,etf;bond,Potential non-common-equity or fund-like instrument needs review/exclusion policy before scoring.,,ERN1l,iShares EUR Ultrashort Bond UCITS ETF,CBOE_EUROPE,,,,cboe_europe_reference_data,,ETF,
11980,residual_review_required,etf;bond,Potential non-common-equity or fund-like instrument needs review/exclusion policy before scoring.,,ERNAl,iShares USD Ultrashort Bond UCITS ETF,CBOE_EUROPE,,,,cboe_europe_reference_data,,ETF,
11981,residual_review_required,etf;bond,Potential non-common-equity or fund-like instrument needs review/exclusion policy before scoring.,,ERNDl,iShares USD Ultrashort Bond UCITS ETF,CBOE_EUROPE,,,,cboe_europe_reference_data,,ETF,
11982,residual_review_required,etf;bond,Potential non-common-equity or fund-like instrument needs review/exclusion policy before scoring.,,ERNEa,iShares EUR Ultrashort Bond UCITS ETF,CBOE_EUROPE,,,,cboe_europe_reference_data,,ETF,
11983,residual_review_required,etf;bond,Potential non-common-equity or fund-like instrument needs review/exclusion policy before scoring.,,ERNEl,iShares EUR Ultrashort Bond UCITS ETF,CBOE_EUROPE,,,,cboe_europe_reference_data,,ETF,
11984,residual_review_required,etf;bond,Potential non-common-equity or fund-like instrument needs review/exclusion policy before scoring.,,ERNEm,iShares EUR Ultrashort Bond UCITS ETF,CBOE_EUROPE,,,,cboe_europe_reference_data,,ETF,
11985,residual_review_required,etf;bond,Potential non-common-equity or fund-like instrument needs review/exclusion policy before scoring.,,ERNMx,iShares USD Ultrashort Bond UCITS ETF MXN Hedged (Acc),CBOE_EUROPE,,,,cboe_europe_reference_data,,ETF,
11986,residual_review_required,etf;bond,Potential non-common-equity or fund-like instrument needs review/exclusion policy before scoring.,,ERNSl,iShares GBP Ultrashort Bond UCITS ETF,CBOE_EUROPE,,,,cboe_europe_reference_data,,ETF,
11987,residual_review_required,etf;bond,Potential non-common-equity or fund-like instrument needs review/exclusion policy before scoring.,,ERNXd,iShares EUR Ultrashort Bond UCITS ETF,CBOE_EUROPE,,,,cboe_europe_reference_data,,ETF,
11988,residual_review_required,etf,Potential non-common-equity or fund-like instrument needs review/exclusion policy before scoring.,,EROXm,SS SPDR MSCI Europe UCITS ETF,CBOE_EUROPE,,,,cboe_europe_reference_data,,ETF,
11989,residual_review_required,etf,Potential non-common-equity or fund-like instrument needs review/exclusion policy before scoring.,,EROXz,SS SPDR MSCI Europe UCITS ETF,CBOE_EUROPE,,,,cboe_europe_reference_data,,ETF,
11990,residual_review_required,etf,Potential non-common-equity or fund-like instrument needs review/exclusion policy before scoring.,,EROp,SS SPDR MSCI Europe UCITS ETF,CBOE_EUROPE,,,,cboe_europe_reference_data,,ETF,
11991,residual_review_required,etf;bond,Potential non-common-equity or fund-like instrument needs review/exclusion policy before scoring.,,ERTHm,Amundi Euro Government Green Bond UCITS ETF,CBOE_EUROPE,,,,cboe_europe_reference_data,,ETF,
11992,residual_review_required,etf;bond,Potential non-common-equity or fund-like instrument needs review/exclusion policy before scoring.,,ERTHp,Amundi Euro Government Green Bond UCITS ETF,CBOE_EUROPE,,,,cboe_europe_reference_data,,ETF,
11993,residual_review_required,etf,Potential non-common-equity or fund-like instrument needs review/exclusion policy before scoring.,,ES50d,iShares EURO STOXX 50 ESG UCITS ETF,CBOE_EUROPE,,,,cboe_europe_reference_data,,ETF,
11994,residual_review_required,etf,Potential non-common-equity or fund-like instrument needs review/exclusion policy before scoring.,,ESANd,BNP Paribas Easy MSCI World UCITS ETF,CBOE_EUROPE,,,,cboe_europe_reference_data,,ETF,
11995,residual_review_required,etf,Potential non-common-equity or fund-like instrument needs review/exclusion policy before scoring.,,ESAPd,BNP Paribas Easy S&P 500 UCITS ETF,CBOE_EUROPE,,,,cboe_europe_reference_data,,ETF,
11996,residual_review_required,etf,Potential non-common-equity or fund-like instrument needs review/exclusion policy before scoring.,,ESCEAz,UBS MSCI EMU Small Cap UCITS ETF,CBOE_EUROPE,,,,cboe_europe_reference_data,,ETF,
11998,residual_review_required,etf,Potential non-common-equity or fund-like instrument needs review/exclusion policy before scoring.,,ESDDz,BNP Paribas Easy S&P 500 UCITS ETF,CBOE_EUROPE,,,,cboe_europe_reference_data,,ETF,
11999,residual_review_required,etf,Potential non-common-equity or fund-like instrument needs review/exclusion policy before scoring.,,ESDp,BNP Paribas Easy S&P 500 UCITS ETF,CBOE_EUROPE,,,,cboe_europe_reference_data,,ETF,
12000,residual_review_required,etf,Potential non-common-equity or fund-like instrument needs review/exclusion policy before scoring.,,ESDz,BNP Paribas Easy S&P 500 UCITS ETF,CBOE_EUROPE,,,,cboe_europe_reference_data,,ETF,
12001,residual_review_required,etf,Potential non-common-equity or fund-like instrument needs review/exclusion policy before scoring.,,ESEEd,BNP Paribas Easy S&P 500 UCITS ETF,CBOE_EUROPE,,,,cboe_europe_reference_data,,ETF,
12002,residual_review_required,etf,Potential non-common-equity or fund-like instrument needs review/exclusion policy before scoring.,,ESEHp,BNP Paribas Easy S&P 500 UCITS ETF,CBOE_EUROPE,,,,cboe_europe_reference_data,,ETF,
12003,residual_review_required,etf,Potential non-common-equity or fund-like instrument needs review/exclusion policy before scoring.,,ESEHz,BNP Paribas Easy S&P 500 UCITS ETF,CBOE_EUROPE,,,,cboe_europe_reference_data,,ETF,
12004,residual_review_required,etf,Potential non-common-equity or fund-like instrument needs review/exclusion policy before scoring.,,ESEp,BNP Paribas Easy S&P 500 UCITS ETF,CBOE_EUROPE,,,,cboe_europe_reference_data,,ETF,
12005,residual_review_required,etf,Potential non-common-equity or fund-like instrument needs review/exclusion policy before scoring.,,ESEz,BNP Paribas Easy S&P 500 UCITS ETF,CBOE_EUROPE,,,,cboe_europe_reference_data,,ETF,
12006,residual_review_required,etf,Potential non-common-equity or fund-like instrument needs review/exclusion policy before scoring.,,ESGBl,VanEck Video Gaming and eSports UCITS ETF,CBOE_EUROPE,,,,cboe_europe_reference_data,,ETF,
12007,residual_review_required,etf;bond,Potential non-common-equity or fund-like instrument needs review/exclusion policy before scoring.,,ESGEPz,UBS J.P. Morgan EMU Gov ESG Liquid Bond UCITS ETF,CBOE_EUROPE,,,,cboe_europe_reference_data,,ETF,
12008,residual_review_required,etf,Potential non-common-equity or fund-like instrument needs review/exclusion policy before scoring.,,ESGEd,Invesco MSCI Europe Universal Screened UCITS ETF,CBOE_EUROPE,,,,cboe_europe_reference_data,,ETF,
12009,residual_review_required,etf,Potential non-common-equity or fund-like instrument needs review/exclusion policy before scoring.,,ESGEm,Amundi MSCI Europe ESG Selection UCITS ETF,CBOE_EUROPE,,,,cboe_europe_reference_data,,ETF,
12010,residual_review_required,etf,Potential non-common-equity or fund-like instrument needs review/exclusion policy before scoring.,,ESGEp,Amundi MSCI Europe ESG Selection UCITS ETF,CBOE_EUROPE,,,,cboe_europe_reference_data,,ETF,
12011,residual_review_required,etf,Potential non-common-equity or fund-like instrument needs review/exclusion policy before scoring.,,ESGEz,Invesco MSCI Europe Universal Screened UCITS ETF,CBOE_EUROPE,,,,cboe_europe_reference_data,,ETF,
12012,residual_review_required,etf,Potential non-common-equity or fund-like instrument needs review/exclusion policy before scoring.,,ESGHp,Amundi MSCI Europe ESG Selection UCITS ETF,CBOE_EUROPE,,,,cboe_europe_reference_data,,ETF,
12013,residual_review_required,etf,Potential non-common-equity or fund-like instrument needs review/exclusion policy before scoring.,,ESGPd,Invesco MSCI Pacific Ex Japan Universal Screened UCITS ETF,CBOE_EUROPE,,,,cboe_europe_reference_data,,ETF,
12014,residual_review_required,etf,Potential non-common-equity or fund-like instrument needs review/exclusion policy before scoring.,,ESGUSm,Amundi Msci USA Esg Selection Ucits Etf Acc,CBOE_EUROPE,,,,cboe_europe_reference_data,,ETF,
12015,residual_review_required,etf,Potential non-common-equity or fund-like instrument needs review/exclusion policy before scoring.,,ESGUl,Invesco MSCI USA Universal Screened UCITS ETF,CBOE_EUROPE,,,,cboe_europe_reference_data,,ETF,
12016,residual_review_required,etf,Potential non-common-equity or fund-like instrument needs review/exclusion policy before scoring.,,ESGWOm,Amundi MSCI World ESG Selection UCITS ETF,CBOE_EUROPE,,,,cboe_europe_reference_data,,ETF,
12017,residual_review_required,etf,Potential non-common-equity or fund-like instrument needs review/exclusion policy before scoring.,,ESGWOz,Amundi MSCI World ESG Selection UCITS ETF,CBOE_EUROPE,,,,cboe_europe_reference_data,,ETF,
12019,residual_review_required,etf,Potential non-common-equity or fund-like instrument needs review/exclusion policy before scoring.,,ESICd,iShares Msci Europe Consumer Discretionary Sector UCITS ETF,CBOE_EUROPE,,,,cboe_europe_reference_data,,ETF,
12020,residual_review_required,etf,Potential non-common-equity or fund-like instrument needs review/exclusion policy before scoring.,,ESICl,iShares Msci Europe Consumer Discretionary Sector UCITS ETF,CBOE_EUROPE,,,,cboe_europe_reference_data,,ETF,
12021,residual_review_required,etf,Potential non-common-equity or fund-like instrument needs review/exclusion policy before scoring.,,ESIEd,iShares MSCI Europe Energy Sector UCITS ETF,CBOE_EUROPE,,,,cboe_europe_reference_data,,ETF,
12022,residual_review_required,etf,Potential non-common-equity or fund-like instrument needs review/exclusion policy before scoring.,,ESIEl,iShares MSCI Europe Energy Sector UCITS ETF,CBOE_EUROPE,,,,cboe_europe_reference_data,,ETF,
12023,residual_review_required,etf,Potential non-common-equity or fund-like instrument needs review/exclusion policy before scoring.,,ESIFd,iShares MSCI Europe Financials Sector UCITS ETF,CBOE_EUROPE,,,,cboe_europe_reference_data,,ETF,
12024,residual_review_required,etf,Potential non-common-equity or fund-like instrument needs review/exclusion policy before scoring.,,ESIFl,iShares MSCI Europe Financials Sector UCITS ETF,CBOE_EUROPE,,,,cboe_europe_reference_data,,ETF,
12025,residual_review_required,etf,Potential non-common-equity or fund-like instrument needs review/exclusion policy before scoring.,,ESIHd,iShares MSCI Europe Health Care Sector UCITS ETF,CBOE_EUROPE,,,,cboe_europe_reference_data,,ETF,
12026,residual_review_required,etf,Potential non-common-equity or fund-like instrument needs review/exclusion policy before scoring.,,ESIHl,iShares MSCI Europe Health Care Sector UCITS ETF,CBOE_EUROPE,,,,cboe_europe_reference_data,,ETF,
12027,residual_review_required,etf,Potential non-common-equity or fund-like instrument needs review/exclusion policy before scoring.,,ESINd,iShares MSCI Europe Industrials Sector UCITS ETF,CBOE_EUROPE,,,,cboe_europe_reference_data,,ETF,
12028,residual_review_required,etf,Potential non-common-equity or fund-like instrument needs review/exclusion policy before scoring.,,ESINl,iShares MSCI Europe Industrials Sector UCITS ETF,CBOE_EUROPE,,,,cboe_europe_reference_data,,ETF,
12029,residual_review_required,etf,Potential non-common-equity or fund-like instrument needs review/exclusion policy before scoring.,,ESISd,iShares MSCI Europe Consumer Staples Sector UCITS ETF,CBOE_EUROPE,,,,cboe_europe_reference_data,,ETF,
12030,residual_review_required,etf,Potential non-common-equity or fund-like instrument needs review/exclusion policy before scoring.,,ESISl,iShares MSCI Europe Consumer Staples Sector UCITS ETF,CBOE_EUROPE,,,,cboe_europe_reference_data,,ETF,
12031,residual_review_required,etf,Potential non-common-equity or fund-like instrument needs review/exclusion policy before scoring.,,ESITd,iShares MSCI Europe Information Technology Sector UCITS ETF,CBOE_EUROPE,,,,cboe_europe_reference_data,,ETF,
12032,residual_review_required,etf,Potential non-common-equity or fund-like instrument needs review/exclusion policy before scoring.,,ESITl,iShares MSCI Europe Information Technology Sector UCITS ETF,CBOE_EUROPE,,,,cboe_europe_reference_data,,ETF,
12036,residual_review_required,etf,Potential non-common-equity or fund-like instrument needs review/exclusion policy before scoring.,,ESP0d,VanEck Video Gaming and eSports UCITS ETF,CBOE_EUROPE,,,,cboe_europe_reference_data,,ETF,
12037,residual_review_required,etf,Potential non-common-equity or fund-like instrument needs review/exclusion policy before scoring.,,ESPJz,Invesco MSCI Pacific Ex Japan Universal Screened UCITS ETF,CBOE_EUROPE,,,,cboe_europe_reference_data,,ETF,
12038,residual_review_required,etf,Potential non-common-equity or fund-like instrument needs review/exclusion policy before scoring.,,ESPOl,VanEck Video Gaming and eSports UCITS ETF,CBOE_EUROPE,,,,cboe_europe_reference_data,,ETF,
12039,residual_review_required,etf,Potential non-common-equity or fund-like instrument needs review/exclusion policy before scoring.,,ESPOm,VanEck Video Gaming and eSports UCITS ETF,CBOE_EUROPE,,,,cboe_europe_reference_data,,ETF,
12040,residual_review_required,etf,Potential non-common-equity or fund-like instrument needs review/exclusion policy before scoring.,,ESPXa,iShares S&P 500 Scored and Screened UCITS ETF,CBOE_EUROPE,,,,cboe_europe_reference_data,,ETF,
12041,residual_review_required,etf,Potential non-common-equity or fund-like instrument needs review/exclusion policy before scoring.,,ESPYm,L&G Cyber Security Innovation UCITS ETF - USD Accumulating ETF,CBOE_EUROPE,,,,cboe_europe_reference_data,,ETF,
12042,residual_review_required,etf,Potential non-common-equity or fund-like instrument needs review/exclusion policy before scoring.,,ESREUm,UBS MSCI EMU Socially Responsible UCITS ETF,CBOE_EUROPE,,,,cboe_europe_reference_data,,ETF,
12043,residual_review_required,etf,Potential non-common-equity or fund-like instrument needs review/exclusion policy before scoring.,,ESREUz,UBS MSCI EMU Socially Responsible UCITS ETF,CBOE_EUROPE,,,,cboe_europe_reference_data,,ETF,
12044,residual_review_required,etf,Potential non-common-equity or fund-like instrument needs review/exclusion policy before scoring.,,ESRGl,Amundi MSCI Europe SRI Climate Paris Aligned ETF,CBOE_EUROPE,,,,cboe_europe_reference_data,,ETF,
12045,residual_review_required,etf,Potential non-common-equity or fund-like instrument needs review/exclusion policy before scoring.,,ESRUl,Amundi MSCI Europe SRI Climate Paris Aligned ETF,CBOE_EUROPE,,,,cboe_europe_reference_data,,ETF,
12048,residual_review_required,etf,Potential non-common-equity or fund-like instrument needs review/exclusion policy before scoring.,,ESTm,Amundi MSCI Eastern Europe Ex Russia UCITS ETF,CBOE_EUROPE,,,,cboe_europe_reference_data,,ETF,
12049,residual_review_required,etf,Potential non-common-equity or fund-like instrument needs review/exclusion policy before scoring.,,ESUDl,Invesco MSCI USA Universal Screened UCITS ETF,CBOE_EUROPE,,,,cboe_europe_reference_data,,ETF,
12052,residual_review_required,etf,Potential non-common-equity or fund-like instrument needs review/exclusion policy before scoring.,,ESUSl,Invesco MSCI USA Universal Screened UCITS ETF,CBOE_EUROPE,,,,cboe_europe_reference_data,,ETF,
12053,residual_review_required,etf,Potential non-common-equity or fund-like instrument needs review/exclusion policy before scoring.,,ETBBd,BNP Paribas Easy EURO STOXX 50 UCITS ETF,CBOE_EUROPE,,,,cboe_europe_reference_data,,ETF,
12054,residual_review_required,etf,Potential non-common-equity or fund-like instrument needs review/exclusion policy before scoring.,,ETBBp,BNP Paribas Easy EURO STOXX 50 UCITS ETF,CBOE_EUROPE,,,,cboe_europe_reference_data,,ETF,
12055,residual_review_required,etf,Potential non-common-equity or fund-like instrument needs review/exclusion policy before scoring.,,ETBBz,BNP Paribas Easy EURO STOXX 50 UCITS ETF,CBOE_EUROPE,,,,cboe_europe_reference_data,,ETF,
12056,residual_review_required,etf,Potential non-common-equity or fund-like instrument needs review/exclusion policy before scoring.,,ETDDp,BNP Paribas Easy EURO STOXX 50 UCITS ETF,CBOE_EUROPE,,,,cboe_europe_reference_data,,ETF,
12057,residual_review_required,etf,Potential non-common-equity or fund-like instrument needs review/exclusion policy before scoring.,,ETDDz,BNP Paribas Easy EURO STOXX 50 UCITS ETF,CBOE_EUROPE,,,,cboe_europe_reference_data,,ETF,
12058,residual_review_required,etf;bond,Potential non-common-equity or fund-like instrument needs review/exclusion policy before scoring.,,ETFCOm,Amundi Core EUR Corporate Bond UCITS ETF,CBOE_EUROPE,,,,cboe_europe_reference_data,,ETF,
12059,residual_review_required,etf;bond,Potential non-common-equity or fund-like instrument needs review/exclusion policy before scoring.,,ETFCRm,Amundi Core EUR Corporate Bond UCITS ETF,CBOE_EUROPE,,,,cboe_europe_reference_data,,ETF,
12060,residual_review_required,etf,Potential non-common-equity or fund-like instrument needs review/exclusion policy before scoring.,,ETFEUm,AMUNDI PRIME EUROPE UCITS ETF DR,CBOE_EUROPE,,,,cboe_europe_reference_data,,ETF,
12061,residual_review_required,etf;bond,Potential non-common-equity or fund-like instrument needs review/exclusion policy before scoring.,,ETFGOm,Amundi Prime Euro Government Bond UCITS ETF,CBOE_EUROPE,,,,cboe_europe_reference_data,,ETF,
12062,residual_review_required,etf,Potential non-common-equity or fund-like instrument needs review/exclusion policy before scoring.,,ETFMIm,Amundi FTSE MIB UCITS ETF Dist,CBOE_EUROPE,,,,cboe_europe_reference_data,,ETF,
12076,residual_review_required,etf,Potential non-common-equity or fund-like instrument needs review/exclusion policy before scoring.,,ETLKd,L&G Asia Pacific ex Japan Equity UCITS ETF,CBOE_EUROPE,,,,cboe_europe_reference_data,,ETF,
12077,residual_review_required,etf,Potential non-common-equity or fund-like instrument needs review/exclusion policy before scoring.,,ETLNd,L&G Europe ex UK Equity UCITS ETF,CBOE_EUROPE,,,,cboe_europe_reference_data,,ETF,
12078,residual_review_required,etf,Potential non-common-equity or fund-like instrument needs review/exclusion policy before scoring.,,ETLQd,L&G Global Equity UCITS ETF,CBOE_EUROPE,,,,cboe_europe_reference_data,,ETF,
12079,residual_review_required,etf,Potential non-common-equity or fund-like instrument needs review/exclusion policy before scoring.,,ETLRd,L&G Japan Equity UCITS ETF,CBOE_EUROPE,,,,cboe_europe_reference_data,,ETF,
12081,residual_review_required,etf,Potential non-common-equity or fund-like instrument needs review/exclusion policy before scoring.,,ETSAd,BNP Paribas Easy Stoxx Europe 600 UCITS ETF,CBOE_EUROPE,,,,cboe_europe_reference_data,,ETF,
12082,residual_review_required,etf,Potential non-common-equity or fund-like instrument needs review/exclusion policy before scoring.,,ETSZd,BNP Paribas Easy Stoxx Europe 600 UCITS ETF,CBOE_EUROPE,,,,cboe_europe_reference_data,,ETF,
12085,residual_review_required,etf,Potential non-common-equity or fund-like instrument needs review/exclusion policy before scoring.,,ETYm,UBS EUR Treasury Yield Plus UCITS ETF,CBOE_EUROPE,,,,cboe_europe_reference_data,,ETF,
12086,residual_review_required,etf,Potential non-common-equity or fund-like instrument needs review/exclusion policy before scoring.,,ETZDp,BNP Paribas Easy Stoxx Europe 600 UCITS ETF,CBOE_EUROPE,,,,cboe_europe_reference_data,,ETF,
12087,residual_review_required,etf,Potential non-common-equity or fund-like instrument needs review/exclusion policy before scoring.,,ETZDz,BNP Paribas Easy Stoxx Europe 600 UCITS ETF,CBOE_EUROPE,,,,cboe_europe_reference_data,,ETF,
12088,residual_review_required,etf,Potential non-common-equity or fund-like instrument needs review/exclusion policy before scoring.,,ETZp,BNP Paribas Easy Stoxx Europe 600 UCITS ETF,CBOE_EUROPE,,,,cboe_europe_reference_data,,ETF,
12089,residual_review_required,etf,Potential non-common-equity or fund-like instrument needs review/exclusion policy before scoring.,,ETZz,BNP Paribas Easy Stoxx Europe 600 UCITS ETF,CBOE_EUROPE,,,,cboe_europe_reference_data,,ETF,
12090,residual_review_required,etf;bond,Potential non-common-equity or fund-like instrument needs review/exclusion policy before scoring.,,EU03d,iShares EUR Govt Bond 0-3 month UCITS ETF,CBOE_EUROPE,,,,cboe_europe_reference_data,,ETF,
12091,residual_review_required,etf;bond,Potential non-common-equity or fund-like instrument needs review/exclusion policy before scoring.,,EU13l,SS SPDR Bloomberg 1-3 Year Euro Government Bond UCITS ETF,CBOE_EUROPE,,,,cboe_europe_reference_data,,ETF,
12092,residual_review_required,etf;bond,Potential non-common-equity or fund-like instrument needs review/exclusion policy before scoring.,,EU35m,SS SPDR Bloomberg 3-5 Year Euro Government Bond UCITS ETF,CBOE_EUROPE,,,,cboe_europe_reference_data,,ETF,
12094,residual_review_required,etf,Potential non-common-equity or fund-like instrument needs review/exclusion policy before scoring.,,EUCLd,iShares EUR AAA CLO Active UCITS ETF,CBOE_EUROPE,,,,cboe_europe_reference_data,,ETF,
12095,residual_review_required,etf;bond,Potential non-common-equity or fund-like instrument needs review/exclusion policy before scoring.,,EUCOl,SS SPDR Bloomberg Euro Corporate Bond UCITS ETF,CBOE_EUROPE,,,,cboe_europe_reference_data,,ETF,
12096,residual_review_required,etf;bond,Potential non-common-equity or fund-like instrument needs review/exclusion policy before scoring.,,EUCOm,SS SPDR Bloomberg Euro Corporate Bond UCITS ETF,CBOE_EUROPE,,,,cboe_europe_reference_data,,ETF,
12097,residual_review_required,etf,Potential non-common-equity or fund-like instrument needs review/exclusion policy before scoring.,,EUDFd,WisdomTree Europe Defence UCITS ETF,CBOE_EUROPE,,,,cboe_europe_reference_data,,ETF,
12098,residual_review_required,etf,Potential non-common-equity or fund-like instrument needs review/exclusion policy before scoring.,,EUDFl,WisdomTree Europe Defence UCITS ETF,CBOE_EUROPE,,,,cboe_europe_reference_data,,ETF,
12099,residual_review_required,etf,Potential non-common-equity or fund-like instrument needs review/exclusion policy before scoring.,,EUDIVp,Amundi S&P Eurozone Dividend Aristocrat Screened UCITS ETF,CBOE_EUROPE,,,,cboe_europe_reference_data,,ETF,
12100,residual_review_required,etf,Potential non-common-equity or fund-like instrument needs review/exclusion policy before scoring.,,EUDVl,SS SPDR S&P Euro Dividend Aristocrats UCITS ETF,CBOE_EUROPE,,,,cboe_europe_reference_data,,ETF,
12101,residual_review_required,etf,Potential non-common-equity or fund-like instrument needs review/exclusion policy before scoring.,,EUDVm,SS SPDR S&P Euro Dividend Aristocrats UCITS ETF,CBOE_EUROPE,,,,cboe_europe_reference_data,,ETF,
12102,residual_review_required,etf,Potential non-common-equity or fund-like instrument needs review/exclusion policy before scoring.,,EUDVz,SS SPDR S&P Euro Dividend Aristocrats UCITS ETF,CBOE_EUROPE,,,,cboe_europe_reference_data,,ETF,
12103,residual_review_required,etf,Potential non-common-equity or fund-like instrument needs review/exclusion policy before scoring.,,EUEAa,iShares Core EURO STOXX 50 UCITS ETF EUR Dist,CBOE_EUROPE,,,,cboe_europe_reference_data,,ETF,
12104,residual_review_required,etf;bond,Potential non-common-equity or fund-like instrument needs review/exclusion policy before scoring.,,EUEBd,iShares EUR Corp Bond Enhanced Active UCITS ETF,CBOE_EUROPE,,,,cboe_europe_reference_data,,ETF,
12105,residual_review_required,etf;bond,Potential non-common-equity or fund-like instrument needs review/exclusion policy before scoring.,,EUEDd,iShares EUR UltraShort Bond ESG SRI UCITS ETF,CBOE_EUROPE,,,,cboe_europe_reference_data,,ETF,
12106,residual_review_required,etf,Potential non-common-equity or fund-like instrument needs review/exclusion policy before scoring.,,EUEEm,iShares Europe Equity Enhanced Active UCITS ETF,CBOE_EUROPE,,,,cboe_europe_reference_data,,ETF,
12107,residual_review_required,etf,Potential non-common-equity or fund-like instrument needs review/exclusion policy before scoring.,,EUESGz,UBS MSCI EMU Universal UCITS ETF,CBOE_EUROPE,,,,cboe_europe_reference_data,,ETF,
12108,residual_review_required,etf;bond,Potential non-common-equity or fund-like instrument needs review/exclusion policy before scoring.,,EUESm,iShares EUR UltraShort Bond ESG SRI UCITS ETF,CBOE_EUROPE,,,,cboe_europe_reference_data,,ETF,
12109,residual_review_required,etf,Potential non-common-equity or fund-like instrument needs review/exclusion policy before scoring.,,EUEUAm,UBS Core MSCI Europe UCITS ETF,CBOE_EUROPE,,,,cboe_europe_reference_data,,ETF,
12110,residual_review_required,etf,Potential non-common-equity or fund-like instrument needs review/exclusion policy before scoring.,,EUEUAz,UBS Core MSCI Europe UCITS ETF,CBOE_EUROPE,,,,cboe_europe_reference_data,,ETF,
12111,residual_review_required,etf,Potential non-common-equity or fund-like instrument needs review/exclusion policy before scoring.,,EUEl,iShares Core EURO STOXX 50 UCITS ETF EUR Dist,CBOE_EUROPE,,,,cboe_europe_reference_data,,ETF,
12112,residual_review_required,etf,Potential non-common-equity or fund-like instrument needs review/exclusion policy before scoring.,,EUEm,iShares Core EURO STOXX 50 UCITS ETF EUR Dist,CBOE_EUROPE,,,,cboe_europe_reference_data,,ETF,
12113,residual_review_required,etf,Potential non-common-equity or fund-like instrument needs review/exclusion policy before scoring.,,EUFMl,UBS MSCI EMU Select Factor Mix UCITS ETF,CBOE_EUROPE,,,,cboe_europe_reference_data,,ETF,
12114,residual_review_required,etf,Potential non-common-equity or fund-like instrument needs review/exclusion policy before scoring.,,EUGBHz,UBS Core MSCI EMU UCITS ETF,CBOE_EUROPE,,,,cboe_europe_reference_data,,ETF,
12115,residual_review_required,etf,Potential non-common-equity or fund-like instrument needs review/exclusion policy before scoring.,,EUGBPz,UBS Core MSCI EMU UCITS ETF,CBOE_EUROPE,,,,cboe_europe_reference_data,,ETF,
12117,residual_review_required,etf,Potential non-common-equity or fund-like instrument needs review/exclusion policy before scoring.,,EUHDm,Invesco EURO STOXX High Dividend Low Volatility UCITS ETF,CBOE_EUROPE,,,,cboe_europe_reference_data,,ETF,
12118,residual_review_required,etf;bond,Potential non-common-equity or fund-like instrument needs review/exclusion policy before scoring.,,EUHIm,PIMCO Advantage Euro Short-Term High Yield Corporate Bond UCITS ETF,CBOE_EUROPE,,,,cboe_europe_reference_data,,ETF,
12119,residual_review_required,etf,Potential non-common-equity or fund-like instrument needs review/exclusion policy before scoring.,,EUINd,Amundi Euro Inflation Expectations 2-10Y UCITS ETF,CBOE_EUROPE,,,,cboe_europe_reference_data,,ETF,
12122,residual_review_required,etf,Potential non-common-equity or fund-like instrument needs review/exclusion policy before scoring.,,EUMDl,iShares MSCI Europe Mid Cap UCITS ETF,CBOE_EUROPE,,,,cboe_europe_reference_data,,ETF,
12123,residual_review_required,etf,Potential non-common-equity or fund-like instrument needs review/exclusion policy before scoring.,,EUMVm,OSSIAM EUROPE ESG MACHINE LEARNING,CBOE_EUROPE,,,,cboe_europe_reference_data,,ETF,
12124,residual_review_required,etf,Potential non-common-equity or fund-like instrument needs review/exclusion policy before scoring.,,EUMVz,OSSIAM EUROPE ESG MACHINE LEARNING,CBOE_EUROPE,,,,cboe_europe_reference_data,,ETF,
12125,residual_review_required,etf,Potential non-common-equity or fund-like instrument needs review/exclusion policy before scoring.,,EUN0d,iShares Edge MSCI Europe Minimum Volatility UCITS ETF,CBOE_EUROPE,,,,cboe_europe_reference_data,,ETF,
12126,residual_review_required,etf,Potential non-common-equity or fund-like instrument needs review/exclusion policy before scoring.,,EUN1d,iShares STOXX Europe 50 UCITS ETF,CBOE_EUROPE,,,,cboe_europe_reference_data,,ETF,
12127,residual_review_required,etf,Potential non-common-equity or fund-like instrument needs review/exclusion policy before scoring.,,EUN2d,iShares Core EURO STOXX 50 UCITS ETF EUR Dist,CBOE_EUROPE,,,,cboe_europe_reference_data,,ETF,
12128,residual_review_required,etf;bond,Potential non-common-equity or fund-like instrument needs review/exclusion policy before scoring.,,EUN5d,iShares Core EUR Corp Bond UCITS ETF,CBOE_EUROPE,,,,cboe_europe_reference_data,,ETF,
12129,residual_review_required,etf;bond,Potential non-common-equity or fund-like instrument needs review/exclusion policy before scoring.,,EUN6d,iShares III PLC - iShares EUR Govt Bond 0-1yr UCITS ETF,CBOE_EUROPE,,,,cboe_europe_reference_data,,ETF,
12130,residual_review_required,etf;bond,Potential non-common-equity or fund-like instrument needs review/exclusion policy before scoring.,,EUN8d,iShares EUR Govt Bond 10-15yr UCITS ETF,CBOE_EUROPE,,,,cboe_europe_reference_data,,ETF,
12131,residual_review_required,etf;bond,Potential non-common-equity or fund-like instrument needs review/exclusion policy before scoring.,,EUN9d,iShares EUR Govt Bond 5-7yr UCITS ETF,CBOE_EUROPE,,,,cboe_europe_reference_data,,ETF,
12132,residual_review_required,etf,Potential non-common-equity or fund-like instrument needs review/exclusion policy before scoring.,,EUNEz,iShares Core EURO STOXX 50 UCITS ETF EUR Dist,CBOE_EUROPE,,,,cboe_europe_reference_data,,ETF,
12133,residual_review_required,etf;bond,Potential non-common-equity or fund-like instrument needs review/exclusion policy before scoring.,,EUNHd,iShares Core EUR Govt Bond UCITS ETF,CBOE_EUROPE,,,,cboe_europe_reference_data,,ETF,
12134,residual_review_required,etf,Potential non-common-equity or fund-like instrument needs review/exclusion policy before scoring.,,EUNJd,iShares III plc - iShares MSCI Pacific ex-Japan UCITS ETF,CBOE_EUROPE,,,,cboe_europe_reference_data,,ETF,
12135,residual_review_required,etf,Potential non-common-equity or fund-like instrument needs review/exclusion policy before scoring.,,EUNKd,iShares Core MSCI Europe UCITS ETF EUR Acc,CBOE_EUROPE,,,,cboe_europe_reference_data,,ETF,
12136,residual_review_required,etf,Potential non-common-equity or fund-like instrument needs review/exclusion policy before scoring.,,EUNLd,iShares Core MSCI World UCITS ETF,CBOE_EUROPE,,,,cboe_europe_reference_data,,ETF,
12137,residual_review_required,etf,Potential non-common-equity or fund-like instrument needs review/exclusion policy before scoring.,,EUNMd,iShares MSCI EM UCITS ETF USD Acc,CBOE_EUROPE,,,,cboe_europe_reference_data,,ETF,
12139,residual_review_required,etf;bond,Potential non-common-equity or fund-like instrument needs review/exclusion policy before scoring.,,EUNRd,iShares EUR Corp Bond ex-Financials UCITS ETF,CBOE_EUROPE,,,,cboe_europe_reference_data,,ETF,
12140,residual_review_required,etf;bond,Potential non-common-equity or fund-like instrument needs review/exclusion policy before scoring.,,EUNSd,iShares EUR Corp Bond ex-Financials 1-5Yr ESG SRI UCITS ETF,CBOE_EUROPE,,,,cboe_europe_reference_data,,ETF,
12141,residual_review_required,etf;bond,Potential non-common-equity or fund-like instrument needs review/exclusion policy before scoring.,,EUNTd,iShares EUR Corp Bond 1-5yr UCITS ETF,CBOE_EUROPE,,,,cboe_europe_reference_data,,ETF,
12142,residual_review_required,etf;bond,Potential non-common-equity or fund-like instrument needs review/exclusion policy before scoring.,,EUNUd,iShares Core Global Aggregate Bond UCITS ETF,CBOE_EUROPE,,,,cboe_europe_reference_data,,ETF,
12143,residual_review_required,etf;bond,Potential non-common-equity or fund-like instrument needs review/exclusion policy before scoring.,,EUNWd,iShares EUR High Yield Corp Bond UCITS ETF,CBOE_EUROPE,,,,cboe_europe_reference_data,,ETF,
12144,residual_review_required,etf,Potential non-common-equity or fund-like instrument needs review/exclusion policy before scoring.,,EUNYd,iShares EM Dividend UCITS ETF,CBOE_EUROPE,,,,cboe_europe_reference_data,,ETF,
12145,residual_review_required,etf,Potential non-common-equity or fund-like instrument needs review/exclusion policy before scoring.,,EUNZd,iShares Edge MSCI EM Minimum Volatility UCITS ETF,CBOE_EUROPE,,,,cboe_europe_reference_data,,ETF,
12146,residual_review_required,etf,Potential non-common-equity or fund-like instrument needs review/exclusion policy before scoring.,,EUNl,iShares STOXX Europe 50 UCITS ETF,CBOE_EUROPE,,,,cboe_europe_reference_data,,ETF,
12147,residual_review_required,etf,Potential non-common-equity or fund-like instrument needs review/exclusion policy before scoring.,,EUNm,iShares STOXX Europe 50 UCITS ETF,CBOE_EUROPE,,,,cboe_europe_reference_data,,ETF,
12148,residual_review_required,etf,Potential non-common-equity or fund-like instrument needs review/exclusion policy before scoring.,,EUNz,iShares STOXX Europe 50 UCITS ETF,CBOE_EUROPE,,,,cboe_europe_reference_data,,ETF,
12150,residual_review_required,etf,Potential non-common-equity or fund-like instrument needs review/exclusion policy before scoring.,,EUPAl,Franklin Stoxx Europe 600 Paris Aligned Climate UCITS ETF,CBOE_EUROPE,,,,cboe_europe_reference_data,,ETF,
12151,residual_review_required,etf,Potential non-common-equity or fund-like instrument needs review/exclusion policy before scoring.,,EUPAm,Franklin Stoxx Europe 600 Paris Aligned Climate UCITS ETF,CBOE_EUROPE,,,,cboe_europe_reference_data,,ETF,
12152,residual_review_required,etf,Potential non-common-equity or fund-like instrument needs review/exclusion policy before scoring.,,EUPBa,iShares MSCI Europe Paris-Aligned Climate UCITS ETF,CBOE_EUROPE,,,,cboe_europe_reference_data,,ETF,
12153,residual_review_required,etf,Potential non-common-equity or fund-like instrument needs review/exclusion policy before scoring.,,EUPBd,Ossiam Shiller Barclays Cape Global Sector Value,CBOE_EUROPE,,,,cboe_europe_reference_data,,ETF,
12154,residual_review_required,etf,Potential non-common-equity or fund-like instrument needs review/exclusion policy before scoring.,,EUREAz,UBS Core MSCI Europe UCITS ETF,CBOE_EUROPE,,,,cboe_europe_reference_data,,ETF,
12155,residual_review_required,etf,Potential non-common-equity or fund-like instrument needs review/exclusion policy before scoring.,,EUREUm,UBS Core MSCI Europe UCITS ETF,CBOE_EUROPE,,,,cboe_europe_reference_data,,ETF,
12156,residual_review_required,etf,Potential non-common-equity or fund-like instrument needs review/exclusion policy before scoring.,,EUREz,SS SPDR FTSE EPRA Europe ex UK Real Estate UCITS ETF,CBOE_EUROPE,,,,cboe_europe_reference_data,,ETF,
12157,residual_review_required,etf,Potential non-common-equity or fund-like instrument needs review/exclusion policy before scoring.,,EUROm,SS SPDR MSCI EMU UCITS ETF,CBOE_EUROPE,,,,cboe_europe_reference_data,,ETF,
12158,residual_review_required,etf,Potential non-common-equity or fund-like instrument needs review/exclusion policy before scoring.,,EUROz,SS SPDR MSCI EMU UCITS ETF,CBOE_EUROPE,,,,cboe_europe_reference_data,,ETF,
12159,residual_review_required,etf,Potential non-common-equity or fund-like instrument needs review/exclusion policy before scoring.,,EURPAm,UBS MSCI Europe Climate Paris Aligned UCITS ETF,CBOE_EUROPE,,,,cboe_europe_reference_data,,ETF,
12160,residual_review_required,etf,Potential non-common-equity or fund-like instrument needs review/exclusion policy before scoring.,,EURSRm,UBS MSCI Europe Socially Responsible UCITS ETF,CBOE_EUROPE,,,,cboe_europe_reference_data,,ETF,
12161,residual_review_required,etf,Potential non-common-equity or fund-like instrument needs review/exclusion policy before scoring.,,EURSRz,UBS MSCI Europe Socially Responsible UCITS ETF,CBOE_EUROPE,,,,cboe_europe_reference_data,,ETF,
12164,residual_review_required,etf,Potential non-common-equity or fund-like instrument needs review/exclusion policy before scoring.,,EUSCp,Amundi Msci Europe Screened,CBOE_EUROPE,,,,cboe_europe_reference_data,,ETF,
12165,residual_review_required,etf,Potential non-common-equity or fund-like instrument needs review/exclusion policy before scoring.,,EUSDm,Global X European SuperDividend UCITS ETF,CBOE_EUROPE,,,,cboe_europe_reference_data,,ETF,
12166,residual_review_required,etf,Potential non-common-equity or fund-like instrument needs review/exclusion policy before scoring.,,EUSPl,Global X European SuperDividend UCITS ETF,CBOE_EUROPE,,,,cboe_europe_reference_data,,ETF,
12167,residual_review_required,etf,Potential non-common-equity or fund-like instrument needs review/exclusion policy before scoring.,,EUSRIm,Amundi MSCI Europe SRI Climate Paris Aligned ETF,CBOE_EUROPE,,,,cboe_europe_reference_data,,ETF,
12168,residual_review_required,etf,Potential non-common-equity or fund-like instrument needs review/exclusion policy before scoring.,,EUSRIp,Amundi MSCI Europe SRI Climate Paris Aligned ETF,CBOE_EUROPE,,,,cboe_europe_reference_data,,ETF,
12169,residual_review_required,etf,Potential non-common-equity or fund-like instrument needs review/exclusion policy before scoring.,,EUSRIz,Amundi MSCI Europe SRI Climate Paris Aligned ETF,CBOE_EUROPE,,,,cboe_europe_reference_data,,ETF,
12170,residual_review_required,etf,Potential non-common-equity or fund-like instrument needs review/exclusion policy before scoring.,,EUSRl,UBS MSCI EMU Socially Responsible UCITS ETF,CBOE_EUROPE,,,,cboe_europe_reference_data,,ETF,
12172,residual_review_required,etf,Potential non-common-equity or fund-like instrument needs review/exclusion policy before scoring.,,EUXSl,iShares MSCI Europe ex-UK GBP Hedged UCITS ETF Dist,CBOE_EUROPE,,,,cboe_europe_reference_data,,ETF,
12174,residual_review_required,etf,Potential non-common-equity or fund-like instrument needs review/exclusion policy before scoring.,,EVAEm,BNP Paribas Easy Value Europe,CBOE_EUROPE,,,,cboe_europe_reference_data,,ETF,
12175,residual_review_required,etf,Potential non-common-equity or fund-like instrument needs review/exclusion policy before scoring.,,EVAEp,BNP Paribas Easy Value Europe,CBOE_EUROPE,,,,cboe_europe_reference_data,,ETF,
12176,residual_review_required,etf,Potential non-common-equity or fund-like instrument needs review/exclusion policy before scoring.,,EVALl,SS SPDR MSCI Europe Value UCITS ETF,CBOE_EUROPE,,,,cboe_europe_reference_data,,ETF,
12182,residual_review_required,etf,Potential non-common-equity or fund-like instrument needs review/exclusion policy before scoring.,,EVOEm,BNP Paribas Easy Low Vol Europe,CBOE_EUROPE,,,,cboe_europe_reference_data,,ETF,
12183,residual_review_required,etf,Potential non-common-equity or fund-like instrument needs review/exclusion policy before scoring.,,EVOEp,BNP Paribas Easy Low Vol Europe,CBOE_EUROPE,,,,cboe_europe_reference_data,,ETF,
12191,residual_review_required,etf,Potential non-common-equity or fund-like instrument needs review/exclusion policy before scoring.,,EWLDp,Amundi MSCI World Swap UCITS ETF,CBOE_EUROPE,,,,cboe_europe_reference_data,,ETF,
12193,residual_review_required,etf,Potential non-common-equity or fund-like instrument needs review/exclusion policy before scoring.,,EWQAd,Invesco NASDAQ-100 Equal Weight UCITS ETF,CBOE_EUROPE,,,,cboe_europe_reference_data,,ETF,
12194,residual_review_required,etf,Potential non-common-equity or fund-like instrument needs review/exclusion policy before scoring.,,EWRDp,BNP Paribas Easy MSCI World SRI PAB,CBOE_EUROPE,,,,cboe_europe_reference_data,,ETF,
12196,residual_review_required,etf,Potential non-common-equity or fund-like instrument needs review/exclusion policy before scoring.,,EWSPa,iShares S&P 500 Equal Weight UCITS ETF,CBOE_EUROPE,,,,cboe_europe_reference_data,,ETF,
12197,residual_review_required,etf,Potential non-common-equity or fund-like instrument needs review/exclusion policy before scoring.,,EWSPl,iShares S&P 500 Equal Weight UCITS ETF,CBOE_EUROPE,,,,cboe_europe_reference_data,,ETF,
12198,residual_review_required,etf,Potential non-common-equity or fund-like instrument needs review/exclusion policy before scoring.,,EWSPm,iShares S&P 500 Equal Weight UCITS ETF,CBOE_EUROPE,,,,cboe_europe_reference_data,,ETF,
12199,residual_review_required,etf,Potential non-common-equity or fund-like instrument needs review/exclusion policy before scoring.,,EWSXl,iShares S&P 500 Equal Weight UCITS ETF,CBOE_EUROPE,,,,cboe_europe_reference_data,,ETF,
12200,residual_review_required,etf,Potential non-common-equity or fund-like instrument needs review/exclusion policy before scoring.,,EXA1a,iShares EURO STOXX Banks 30-15 UCITS ETF DE,CBOE_EUROPE,,,,cboe_europe_reference_data,,ETF,
12201,residual_review_required,etf,Potential non-common-equity or fund-like instrument needs review/exclusion policy before scoring.,,EXAGd,Wisdomtree Enhanced Commodity EX-Agriculture UCITS ETF,CBOE_EUROPE,,,,cboe_europe_reference_data,,ETF,
12204,residual_review_required,etf,Potential non-common-equity or fund-like instrument needs review/exclusion policy before scoring.,,EXCDa,iShares MSCI EM EX-China UCITS ETF,CBOE_EUROPE,,,,cboe_europe_reference_data,,ETF,
12205,residual_review_required,etf,Potential non-common-equity or fund-like instrument needs review/exclusion policy before scoring.,,EXCHa,iShares MSCI EM EX-China UCITS ETF,CBOE_EUROPE,,,,cboe_europe_reference_data,,ETF,
12206,residual_review_required,etf,Potential non-common-equity or fund-like instrument needs review/exclusion policy before scoring.,,EXCHz,iShares MSCI EM EX-China UCITS ETF,CBOE_EUROPE,,,,cboe_europe_reference_data,,ETF,
12207,residual_review_required,etf,Potential non-common-equity or fund-like instrument needs review/exclusion policy before scoring.,,EXCSl,iShares MSCI EM EX-China UCITS ETF,CBOE_EUROPE,,,,cboe_europe_reference_data,,ETF,
12211,residual_review_required,etf,Potential non-common-equity or fund-like instrument needs review/exclusion policy before scoring.,,EXH1d,iShares STOXX Europe 600 Oil & Gas UCITS ETF DE,CBOE_EUROPE,,,,cboe_europe_reference_data,,ETF,
12212,residual_review_required,etf,Potential non-common-equity or fund-like instrument needs review/exclusion policy before scoring.,,EXH2d,iShares STOXX Europe 600 Financial Services UCITS ETF DE,CBOE_EUROPE,,,,cboe_europe_reference_data,,ETF,
12213,residual_review_required,etf,Potential non-common-equity or fund-like instrument needs review/exclusion policy before scoring.,,EXH3d,iShares STOXX Europe 600 Food & Beverage UCITS ETF DE,CBOE_EUROPE,,,,cboe_europe_reference_data,,ETF,
12214,residual_review_required,etf,Potential non-common-equity or fund-like instrument needs review/exclusion policy before scoring.,,EXH4d,iShares STOXX Europe 600 Industrial Goods & Services UCITS ETF DE,CBOE_EUROPE,,,,cboe_europe_reference_data,,ETF,
12215,residual_review_required,etf,Potential non-common-equity or fund-like instrument needs review/exclusion policy before scoring.,,EXH5d,iShares STOXX Europe 600 Insurance UCITS ETF DE,CBOE_EUROPE,,,,cboe_europe_reference_data,,ETF,
12216,residual_review_required,etf,Potential non-common-equity or fund-like instrument needs review/exclusion policy before scoring.,,EXH6d,iShares STOXX Europe 600 Media UCITS ETF DE,CBOE_EUROPE,,,,cboe_europe_reference_data,,ETF,
12217,residual_review_required,etf,Potential non-common-equity or fund-like instrument needs review/exclusion policy before scoring.,,EXH7d,iShares STOXX Europe 600 Personal & Household Goods UCITS ETF DE,CBOE_EUROPE,,,,cboe_europe_reference_data,,ETF,
12218,residual_review_required,etf,Potential non-common-equity or fund-like instrument needs review/exclusion policy before scoring.,,EXH8d,iShares STOXX Europe 600 Retail UCITS ETF DE,CBOE_EUROPE,,,,cboe_europe_reference_data,,ETF,
12219,residual_review_required,etf,Potential non-common-equity or fund-like instrument needs review/exclusion policy before scoring.,,EXH9d,iShares STOXX Europe 600 Utilities UCITS ETF DE,CBOE_EUROPE,,,,cboe_europe_reference_data,,ETF,
12220,residual_review_required,etf,Potential non-common-equity or fund-like instrument needs review/exclusion policy before scoring.,,EXHAd,iShares eb.rexx Government Germany UCITS ETF DE,CBOE_EUROPE,,,,cboe_europe_reference_data,,ETF,
12221,residual_review_required,etf,Potential non-common-equity or fund-like instrument needs review/exclusion policy before scoring.,,EXHBd,iShares eb.rexx Government Germany 1.5-2.5yr UCITS ETF DE,CBOE_EUROPE,,,,cboe_europe_reference_data,,ETF,
12222,residual_review_required,etf,Potential non-common-equity or fund-like instrument needs review/exclusion policy before scoring.,,EXHCd,iShares eb.rexx Government Germany 2.5-5.5yr UCITS ETF DE,CBOE_EUROPE,,,,cboe_europe_reference_data,,ETF,
12223,residual_review_required,etf,Potential non-common-equity or fund-like instrument needs review/exclusion policy before scoring.,,EXHDd,iShares eb.rexx Government Germany 5.5-10.5 UCITS ETF DE,CBOE_EUROPE,,,,cboe_europe_reference_data,,ETF,
12224,residual_review_required,etf,Potential non-common-equity or fund-like instrument needs review/exclusion policy before scoring.,,EXHEd,iShares Pfandbriefe UCITS ETF DE,CBOE_EUROPE,,,,cboe_europe_reference_data,,ETF,
12225,residual_review_required,etf;bond,Potential non-common-equity or fund-like instrument needs review/exclusion policy before scoring.,,EXHFd,iShares Euro Government Bond Capped 1.5-10.5yr UCITS ETF DE,CBOE_EUROPE,,,,cboe_europe_reference_data,,ETF,
12226,residual_review_required,etf,Potential non-common-equity or fund-like instrument needs review/exclusion policy before scoring.,,EXI1d,iShares SLI UCITS ETF DE,CBOE_EUROPE,,,,cboe_europe_reference_data,,ETF,
12227,residual_review_required,etf,Potential non-common-equity or fund-like instrument needs review/exclusion policy before scoring.,,EXI2d,iShares Dow Jones Global Titans 50 UCITS ETF DE,CBOE_EUROPE,,,,cboe_europe_reference_data,,ETF,
12228,residual_review_required,etf,Potential non-common-equity or fund-like instrument needs review/exclusion policy before scoring.,,EXI3d,iShares Dow Jones Industrial Average UCITS ETF DE,CBOE_EUROPE,,,,cboe_europe_reference_data,,ETF,
12229,residual_review_required,etf,Potential non-common-equity or fund-like instrument needs review/exclusion policy before scoring.,,EXI5d,iShares STOXX Europe 600 Real Estate UCITS ETF DE,CBOE_EUROPE,,,,cboe_europe_reference_data,,ETF,
12230,residual_review_required,etf,Potential non-common-equity or fund-like instrument needs review/exclusion policy before scoring.,,EXIAd,iShares DAX ESG UCITS ETF DE,CBOE_EUROPE,,,,cboe_europe_reference_data,,ETF,
12231,residual_review_required,etf,Potential non-common-equity or fund-like instrument needs review/exclusion policy before scoring.,,EXICd,iShares Core DAX UCITS ETF DE,CBOE_EUROPE,,,,cboe_europe_reference_data,,ETF,
12232,residual_review_required,etf,Potential non-common-equity or fund-like instrument needs review/exclusion policy before scoring.,,EXIDd,iShares MDAX UCITS ETF DE,CBOE_EUROPE,,,,cboe_europe_reference_data,,ETF,
12233,residual_review_required,etf,Potential non-common-equity or fund-like instrument needs review/exclusion policy before scoring.,,EXIEd,iShares STOXX Europe 600 UCITS ETF DE,CBOE_EUROPE,,,,cboe_europe_reference_data,,ETF,
12234,residual_review_required,etf,Potential non-common-equity or fund-like instrument needs review/exclusion policy before scoring.,,EXIFd,iShares Dow Jones Global Titans 50 UCITS ETF DE,CBOE_EUROPE,,,,cboe_europe_reference_data,,ETF,
12240,residual_review_required,etf,Potential non-common-equity or fund-like instrument needs review/exclusion policy before scoring.,,EXS1d,iShares Core DAX UCITS ETF DE,CBOE_EUROPE,,,,cboe_europe_reference_data,,ETF,
12241,residual_review_required,etf,Potential non-common-equity or fund-like instrument needs review/exclusion policy before scoring.,,EXS1m,iShares Core DAX UCITS ETF DE,CBOE_EUROPE,,,,cboe_europe_reference_data,,ETF,
12242,residual_review_required,etf,Potential non-common-equity or fund-like instrument needs review/exclusion policy before scoring.,,EXS2d,iShares TecDAX UCITS ETF DE,CBOE_EUROPE,,,,cboe_europe_reference_data,,ETF,
12243,residual_review_required,etf,Potential non-common-equity or fund-like instrument needs review/exclusion policy before scoring.,,EXS3d,iShares MDAX UCITS ETF DE,CBOE_EUROPE,,,,cboe_europe_reference_data,,ETF,
12244,residual_review_required,etf,Potential non-common-equity or fund-like instrument needs review/exclusion policy before scoring.,,EXSAd,iShares STOXX Europe 600 UCITS ETF DE,CBOE_EUROPE,,,,cboe_europe_reference_data,,ETF,
12245,residual_review_required,etf,Potential non-common-equity or fund-like instrument needs review/exclusion policy before scoring.,,EXSAm,iShares STOXX Europe 600 UCITS ETF DE,CBOE_EUROPE,,,,cboe_europe_reference_data,,ETF,
12246,residual_review_required,etf,Potential non-common-equity or fund-like instrument needs review/exclusion policy before scoring.,,EXSBd,iShares DivDAX UCITS ETF DE,CBOE_EUROPE,,,,cboe_europe_reference_data,,ETF,
12247,residual_review_required,etf,Potential non-common-equity or fund-like instrument needs review/exclusion policy before scoring.,,EXSBz,iShares DivDAX UCITS ETF DE,CBOE_EUROPE,,,,cboe_europe_reference_data,,ETF,
12248,residual_review_required,etf,Potential non-common-equity or fund-like instrument needs review/exclusion policy before scoring.,,EXSCd,iShares STOXX Europe Large 200 UCITS ETF DE,CBOE_EUROPE,,,,cboe_europe_reference_data,,ETF,
12249,residual_review_required,etf,Potential non-common-equity or fund-like instrument needs review/exclusion policy before scoring.,,EXSDd,iShares STOXX Europe Mid 200 UCITS ETF DE,CBOE_EUROPE,,,,cboe_europe_reference_data,,ETF,
12250,residual_review_required,etf,Potential non-common-equity or fund-like instrument needs review/exclusion policy before scoring.,,EXSEd,iShares STOXX Europe Small 200 UCITS ETF DE,CBOE_EUROPE,,,,cboe_europe_reference_data,,ETF,
12251,residual_review_required,etf,Potential non-common-equity or fund-like instrument needs review/exclusion policy before scoring.,,EXSGd,iShares EURO STOXX Select Dividend 30 UCITS ETF DE,CBOE_EUROPE,,,,cboe_europe_reference_data,,ETF,
12252,residual_review_required,etf,Potential non-common-equity or fund-like instrument needs review/exclusion policy before scoring.,,EXSHd,iShares STOXX Europe Select Dividend 30 UCITS ETF DE,CBOE_EUROPE,,,,cboe_europe_reference_data,,ETF,
12253,residual_review_required,etf,Potential non-common-equity or fund-like instrument needs review/exclusion policy before scoring.,,EXSHm,iShares STOXX Europe Select Dividend 30 UCITS ETF DE,CBOE_EUROPE,,,,cboe_europe_reference_data,,ETF,
12254,residual_review_required,etf,Potential non-common-equity or fund-like instrument needs review/exclusion policy before scoring.,,EXSId,iShares EURO STOXX UCITS ETF DE,CBOE_EUROPE,,,,cboe_europe_reference_data,,ETF,
12255,residual_review_required,etf,Potential non-common-equity or fund-like instrument needs review/exclusion policy before scoring.,,EXSIm,iShares EURO STOXX UCITS ETF DE,CBOE_EUROPE,,,,cboe_europe_reference_data,,ETF,
12256,residual_review_required,etf,Potential non-common-equity or fund-like instrument needs review/exclusion policy before scoring.,,EXU1l,Xtrackers MSCI World ex USA UCITS ETF,CBOE_EUROPE,,,,cboe_europe_reference_data,,ETF,
12257,residual_review_required,etf,Potential non-common-equity or fund-like instrument needs review/exclusion policy before scoring.,,EXUSd,Xtrackers MSCI World ex USA UCITS ETF,CBOE_EUROPE,,,,cboe_europe_reference_data,,ETF,
12258,residual_review_required,etf,Potential non-common-equity or fund-like instrument needs review/exclusion policy before scoring.,,EXUSl,Xtrackers MSCI World ex USA UCITS ETF,CBOE_EUROPE,,,,cboe_europe_reference_data,,ETF,
12259,residual_review_required,etf,Potential non-common-equity or fund-like instrument needs review/exclusion policy before scoring.,,EXUSm,Xtrackers MSCI World ex USA UCITS ETF,CBOE_EUROPE,,,,cboe_europe_reference_data,,ETF,
12260,residual_review_required,etf,Potential non-common-equity or fund-like instrument needs review/exclusion policy before scoring.,,EXV1d,iShares STOXX Europe 600 Banks UCITS ETF DE,CBOE_EUROPE,,,,cboe_europe_reference_data,,ETF,
12261,residual_review_required,etf,Potential non-common-equity or fund-like instrument needs review/exclusion policy before scoring.,,EXV2d,iShares STOXX Europe 600 Telecommunications UCITS ETF DE,CBOE_EUROPE,,,,cboe_europe_reference_data,,ETF,
