ticker,company_name,exchange,country,source_provider,source_file,instrument_type,instrument_scope,classification_confidence,classification_reason,sector,industry,market_cap,raw_cik,raw_exchange,provider_precedence,merge_action,merge_reason,isin,currency,mic,source_version,source_url,hkex_category,hkex_subcategory,hkex_board_lot,provider,source_phase,symbol,security_name,instrument_id,product_assignment_group_description,asset_type
1101.TW,臺灣水泥股份有限公司,TWSE,Taiwan,TWSE,outputs\full_universe_source_acquisition\twse_tpex_candidate_validation_classification_v2_18f.csv,Equity,common_equity,high,v2.18G added from v2.18F potential_net_new; candidate_id=TWSE_TWSE_1101; crosscheck_status=matched_stock_day_all; possible_existing excluded; canonical not modified,,01,,,TWSE,twse_tpex_v2_18g,,,,TWD,XTAI,v2.18G,https://openapi.twse.com.tw/v1/opendata/t187ap03_L,,,,TWSE,v2.18G,1101,臺灣水泥股份有限公司,,,
1102.TW,亞洲水泥股份有限公司,TWSE,Taiwan,TWSE,outputs\full_universe_source_acquisition\twse_tpex_candidate_validation_classification_v2_18f.csv,Equity,common_equity,high,v2.18G added from v2.18F potential_net_new; candidate_id=TWSE_TWSE_1102; crosscheck_status=matched_stock_day_all; possible_existing excluded; canonical not modified,,01,,,TWSE,twse_tpex_v2_18g,,,,TWD,XTAI,v2.18G,https://openapi.twse.com.tw/v1/opendata/t187ap03_L,,,,TWSE,v2.18G,1102,亞洲水泥股份有限公司,,,
1103.TW,嘉新水泥股份有限公司,TWSE,Taiwan,TWSE,outputs\full_universe_source_acquisition\twse_tpex_candidate_validation_classification_v2_18f.csv,Equity,common_equity,high,v2.18G added from v2.18F potential_net_new; candidate_id=TWSE_TWSE_1103; crosscheck_status=matched_stock_day_all; possible_existing excluded; canonical not modified,,01,,,TWSE,twse_tpex_v2_18g,,,,TWD,XTAI,v2.18G,https://openapi.twse.com.tw/v1/opendata/t187ap03_L,,,,TWSE,v2.18G,1103,嘉新水泥股份有限公司,,,
1104.TW,環球水泥股份有限公司,TWSE,Taiwan,TWSE,outputs\full_universe_source_acquisition\twse_tpex_candidate_validation_classification_v2_18f.csv,Equity,common_equity,high,v2.18G added from v2.18F potential_net_new; candidate_id=TWSE_TWSE_1104; crosscheck_status=matched_stock_day_all; possible_existing excluded; canonical not modified,,01,,,TWSE,twse_tpex_v2_18g,,,,TWD,XTAI,v2.18G,https://openapi.twse.com.tw/v1/opendata/t187ap03_L,,,,TWSE,v2.18G,1104,環球水泥股份有限公司,,,
1108.TW,幸福水泥股份有限公司,TWSE,Taiwan,TWSE,outputs\full_universe_source_acquisition\twse_tpex_candidate_validation_classification_v2_18f.csv,Equity,common_equity,high,v2.18G added from v2.18F potential_net_new; candidate_id=TWSE_TWSE_1108; crosscheck_status=matched_stock_day_all; possible_existing excluded; canonical not modified,,01,,,TWSE,twse_tpex_v2_18g,,,,TWD,XTAI,v2.18G,https://openapi.twse.com.tw/v1/opendata/t187ap03_L,,,,TWSE,v2.18G,1108,幸福水泥股份有限公司,,,
1109.TW,信大水泥股份有限公司,TWSE,Taiwan,TWSE,outputs\full_universe_source_acquisition\twse_tpex_candidate_validation_classification_v2_18f.csv,Equity,common_equity,high,v2.18G added from v2.18F potential_net_new; candidate_id=TWSE_TWSE_1109; crosscheck_status=matched_stock_day_all; possible_existing excluded; canonical not modified,,01,,,TWSE,twse_tpex_v2_18g,,,,TWD,XTAI,v2.18G,https://openapi.twse.com.tw/v1/opendata/t187ap03_L,,,,TWSE,v2.18G,1109,信大水泥股份有限公司,,,
1110.TW,東南水泥股份有限公司,TWSE,Taiwan,TWSE,outputs\full_universe_source_acquisition\twse_tpex_candidate_validation_classification_v2_18f.csv,Equity,common_equity,high,v2.18G added from v2.18F potential_net_new; candidate_id=TWSE_TWSE_1110; crosscheck_status=matched_stock_day_all; possible_existing excluded; canonical not modified,,01,,,TWSE,twse_tpex_v2_18g,,,,TWD,XTAI,v2.18G,https://openapi.twse.com.tw/v1/opendata/t187ap03_L,,,,TWSE,v2.18G,1110,東南水泥股份有限公司,,,
1201.TW,味全食品工業股份有限公司,TWSE,Taiwan,TWSE,outputs\full_universe_source_acquisition\twse_tpex_candidate_validation_classification_v2_18f.csv,Equity,common_equity,high,v2.18G added from v2.18F potential_net_new; candidate_id=TWSE_TWSE_1201; crosscheck_status=matched_stock_day_all; possible_existing excluded; canonical not modified,,02,,,TWSE,twse_tpex_v2_18g,,,,TWD,XTAI,v2.18G,https://openapi.twse.com.tw/v1/opendata/t187ap03_L,,,,TWSE,v2.18G,1201,味全食品工業股份有限公司,,,
1203.TW,味王股份有限公司,TWSE,Taiwan,TWSE,outputs\full_universe_source_acquisition\twse_tpex_candidate_validation_classification_v2_18f.csv,Equity,common_equity,high,v2.18G added from v2.18F potential_net_new; candidate_id=TWSE_TWSE_1203; crosscheck_status=matched_stock_day_all; possible_existing excluded; canonical not modified,,02,,,TWSE,twse_tpex_v2_18g,,,,TWD,XTAI,v2.18G,https://openapi.twse.com.tw/v1/opendata/t187ap03_L,,,,TWSE,v2.18G,1203,味王股份有限公司,,,
1210.TW,大成長城企業股份有限公司,TWSE,Taiwan,TWSE,outputs\full_universe_source_acquisition\twse_tpex_candidate_validation_classification_v2_18f.csv,Equity,common_equity,high,v2.18G added from v2.18F potential_net_new; candidate_id=TWSE_TWSE_1210; crosscheck_status=matched_stock_day_all; possible_existing excluded; canonical not modified,,02,,,TWSE,twse_tpex_v2_18g,,,,TWD,XTAI,v2.18G,https://openapi.twse.com.tw/v1/opendata/t187ap03_L,,,,TWSE,v2.18G,1210,大成長城企業股份有限公司,,,
1213.TW,大西洋飲料股份有限公司,TWSE,Taiwan,TWSE,outputs\full_universe_source_acquisition\twse_tpex_candidate_validation_classification_v2_18f.csv,Equity,common_equity,high,v2.18G added from v2.18F potential_net_new; candidate_id=TWSE_TWSE_1213; crosscheck_status=matched_stock_day_all; possible_existing excluded; canonical not modified,,02,,,TWSE,twse_tpex_v2_18g,,,,TWD,XTAI,v2.18G,https://openapi.twse.com.tw/v1/opendata/t187ap03_L,,,,TWSE,v2.18G,1213,大西洋飲料股份有限公司,,,
1215.TW,台灣卜蜂企業股份有限公司,TWSE,Taiwan,TWSE,outputs\full_universe_source_acquisition\twse_tpex_candidate_validation_classification_v2_18f.csv,Equity,common_equity,high,v2.18G added from v2.18F potential_net_new; candidate_id=TWSE_TWSE_1215; crosscheck_status=matched_stock_day_all; possible_existing excluded; canonical not modified,,02,,,TWSE,twse_tpex_v2_18g,,,,TWD,XTAI,v2.18G,https://openapi.twse.com.tw/v1/opendata/t187ap03_L,,,,TWSE,v2.18G,1215,台灣卜蜂企業股份有限公司,,,
1216.TW,統一企業股份有限公司,TWSE,Taiwan,TWSE,outputs\full_universe_source_acquisition\twse_tpex_candidate_validation_classification_v2_18f.csv,Equity,common_equity,high,v2.18G added from v2.18F potential_net_new; candidate_id=TWSE_TWSE_1216; crosscheck_status=matched_stock_day_all; possible_existing excluded; canonical not modified,,02,,,TWSE,twse_tpex_v2_18g,,,,TWD,XTAI,v2.18G,https://openapi.twse.com.tw/v1/opendata/t187ap03_L,,,,TWSE,v2.18G,1216,統一企業股份有限公司,,,
1217.TW,愛之味股份有限公司,TWSE,Taiwan,TWSE,outputs\full_universe_source_acquisition\twse_tpex_candidate_validation_classification_v2_18f.csv,Equity,common_equity,high,v2.18G added from v2.18F potential_net_new; candidate_id=TWSE_TWSE_1217; crosscheck_status=matched_stock_day_all; possible_existing excluded; canonical not modified,,02,,,TWSE,twse_tpex_v2_18g,,,,TWD,XTAI,v2.18G,https://openapi.twse.com.tw/v1/opendata/t187ap03_L,,,,TWSE,v2.18G,1217,愛之味股份有限公司,,,
1218.TW,泰山企業股份有限公司,TWSE,Taiwan,TWSE,outputs\full_universe_source_acquisition\twse_tpex_candidate_validation_classification_v2_18f.csv,Equity,common_equity,high,v2.18G added from v2.18F potential_net_new; candidate_id=TWSE_TWSE_1218; crosscheck_status=matched_stock_day_all; possible_existing excluded; canonical not modified,,02,,,TWSE,twse_tpex_v2_18g,,,,TWD,XTAI,v2.18G,https://openapi.twse.com.tw/v1/opendata/t187ap03_L,,,,TWSE,v2.18G,1218,泰山企業股份有限公司,,,
1219.TW,福壽實業股份有限公司,TWSE,Taiwan,TWSE,outputs\full_universe_source_acquisition\twse_tpex_candidate_validation_classification_v2_18f.csv,Equity,common_equity,high,v2.18G added from v2.18F potential_net_new; candidate_id=TWSE_TWSE_1219; crosscheck_status=matched_stock_day_all; possible_existing excluded; canonical not modified,,02,,,TWSE,twse_tpex_v2_18g,,,,TWD,XTAI,v2.18G,https://openapi.twse.com.tw/v1/opendata/t187ap03_L,,,,TWSE,v2.18G,1219,福壽實業股份有限公司,,,
1220.TW,台榮產業股份有限公司,TWSE,Taiwan,TWSE,outputs\full_universe_source_acquisition\twse_tpex_candidate_validation_classification_v2_18f.csv,Equity,common_equity,high,v2.18G added from v2.18F potential_net_new; candidate_id=TWSE_TWSE_1220; crosscheck_status=matched_stock_day_all; possible_existing excluded; canonical not modified,,02,,,TWSE,twse_tpex_v2_18g,,,,TWD,XTAI,v2.18G,https://openapi.twse.com.tw/v1/opendata/t187ap03_L,,,,TWSE,v2.18G,1220,台榮產業股份有限公司,,,
1225.TW,福懋油脂股份有限公司,TWSE,Taiwan,TWSE,outputs\full_universe_source_acquisition\twse_tpex_candidate_validation_classification_v2_18f.csv,Equity,common_equity,high,v2.18G added from v2.18F potential_net_new; candidate_id=TWSE_TWSE_1225; crosscheck_status=matched_stock_day_all; possible_existing excluded; canonical not modified,,02,,,TWSE,twse_tpex_v2_18g,,,,TWD,XTAI,v2.18G,https://openapi.twse.com.tw/v1/opendata/t187ap03_L,,,,TWSE,v2.18G,1225,福懋油脂股份有限公司,,,
1227.TW,佳格食品股份有限公司,TWSE,Taiwan,TWSE,outputs\full_universe_source_acquisition\twse_tpex_candidate_validation_classification_v2_18f.csv,Equity,common_equity,high,v2.18G added from v2.18F potential_net_new; candidate_id=TWSE_TWSE_1227; crosscheck_status=matched_stock_day_all; possible_existing excluded; canonical not modified,,02,,,TWSE,twse_tpex_v2_18g,,,,TWD,XTAI,v2.18G,https://openapi.twse.com.tw/v1/opendata/t187ap03_L,,,,TWSE,v2.18G,1227,佳格食品股份有限公司,,,
1229.TW,聯華實業控股股份有限公司,TWSE,Taiwan,TWSE,outputs\full_universe_source_acquisition\twse_tpex_candidate_validation_classification_v2_18f.csv,Equity,common_equity,high,v2.18G added from v2.18F potential_net_new; candidate_id=TWSE_TWSE_1229; crosscheck_status=matched_stock_day_all; possible_existing excluded; canonical not modified,,02,,,TWSE,twse_tpex_v2_18g,,,,TWD,XTAI,v2.18G,https://openapi.twse.com.tw/v1/opendata/t187ap03_L,,,,TWSE,v2.18G,1229,聯華實業控股股份有限公司,,,
1231.TW,聯華食品工業股份有限公司,TWSE,Taiwan,TWSE,outputs\full_universe_source_acquisition\twse_tpex_candidate_validation_classification_v2_18f.csv,Equity,common_equity,high,v2.18G added from v2.18F potential_net_new; candidate_id=TWSE_TWSE_1231; crosscheck_status=matched_stock_day_all; possible_existing excluded; canonical not modified,,02,,,TWSE,twse_tpex_v2_18g,,,,TWD,XTAI,v2.18G,https://openapi.twse.com.tw/v1/opendata/t187ap03_L,,,,TWSE,v2.18G,1231,聯華食品工業股份有限公司,,,
1232.TW,大統益股份有限公司,TWSE,Taiwan,TWSE,outputs\full_universe_source_acquisition\twse_tpex_candidate_validation_classification_v2_18f.csv,Equity,common_equity,high,v2.18G added from v2.18F potential_net_new; candidate_id=TWSE_TWSE_1232; crosscheck_status=matched_stock_day_all; possible_existing excluded; canonical not modified,,02,,,TWSE,twse_tpex_v2_18g,,,,TWD,XTAI,v2.18G,https://openapi.twse.com.tw/v1/opendata/t187ap03_L,,,,TWSE,v2.18G,1232,大統益股份有限公司,,,
1233.TW,天仁茶業股份有限公司,TWSE,Taiwan,TWSE,outputs\full_universe_source_acquisition\twse_tpex_candidate_validation_classification_v2_18f.csv,Equity,common_equity,high,v2.18G added from v2.18F potential_net_new; candidate_id=TWSE_TWSE_1233; crosscheck_status=matched_stock_day_all; possible_existing excluded; canonical not modified,,02,,,TWSE,twse_tpex_v2_18g,,,,TWD,XTAI,v2.18G,https://openapi.twse.com.tw/v1/opendata/t187ap03_L,,,,TWSE,v2.18G,1233,天仁茶業股份有限公司,,,
1234.TW,黑松股份有限公司,TWSE,Taiwan,TWSE,outputs\full_universe_source_acquisition\twse_tpex_candidate_validation_classification_v2_18f.csv,Equity,common_equity,high,v2.18G added from v2.18F potential_net_new; candidate_id=TWSE_TWSE_1234; crosscheck_status=matched_stock_day_all; possible_existing excluded; canonical not modified,,02,,,TWSE,twse_tpex_v2_18g,,,,TWD,XTAI,v2.18G,https://openapi.twse.com.tw/v1/opendata/t187ap03_L,,,,TWSE,v2.18G,1234,黑松股份有限公司,,,
1235.TW,興泰實業股份有限公司,TWSE,Taiwan,TWSE,outputs\full_universe_source_acquisition\twse_tpex_candidate_validation_classification_v2_18f.csv,Equity,common_equity,high,v2.18G added from v2.18F potential_net_new; candidate_id=TWSE_TWSE_1235; crosscheck_status=matched_stock_day_all; possible_existing excluded; canonical not modified,,02,,,TWSE,twse_tpex_v2_18g,,,,TWD,XTAI,v2.18G,https://openapi.twse.com.tw/v1/opendata/t187ap03_L,,,,TWSE,v2.18G,1235,興泰實業股份有限公司,,,
1236.TW,宏亞食品股份有限公司,TWSE,Taiwan,TWSE,outputs\full_universe_source_acquisition\twse_tpex_candidate_validation_classification_v2_18f.csv,Equity,common_equity,high,v2.18G added from v2.18F potential_net_new; candidate_id=TWSE_TWSE_1236; crosscheck_status=matched_stock_day_all; possible_existing excluded; canonical not modified,,02,,,TWSE,twse_tpex_v2_18g,,,,TWD,XTAI,v2.18G,https://openapi.twse.com.tw/v1/opendata/t187ap03_L,,,,TWSE,v2.18G,1236,宏亞食品股份有限公司,,,
1256.TW,鮮活控股股份有限公司,TWSE,Taiwan,TWSE,outputs\full_universe_source_acquisition\twse_tpex_candidate_validation_classification_v2_18f.csv,Equity,common_equity,high,v2.18G added from v2.18F potential_net_new; candidate_id=TWSE_TWSE_1256; crosscheck_status=matched_stock_day_all; possible_existing excluded; canonical not modified,,02,,,TWSE,twse_tpex_v2_18g,,,,TWD,XTAI,v2.18G,https://openapi.twse.com.tw/v1/opendata/t187ap03_L,,,,TWSE,v2.18G,1256,鮮活控股股份有限公司,,,
1303.TW,南亞塑膠工業股份有限公司,TWSE,Taiwan,TWSE,outputs\full_universe_source_acquisition\twse_tpex_candidate_validation_classification_v2_18f.csv,Equity,common_equity,high,v2.18G added from v2.18F potential_net_new; candidate_id=TWSE_TWSE_1303; crosscheck_status=matched_stock_day_all; possible_existing excluded; canonical not modified,,03,,,TWSE,twse_tpex_v2_18g,,,,TWD,XTAI,v2.18G,https://openapi.twse.com.tw/v1/opendata/t187ap03_L,,,,TWSE,v2.18G,1303,南亞塑膠工業股份有限公司,,,
1304.TW,台灣聚合化學品股份有限公司,TWSE,Taiwan,TWSE,outputs\full_universe_source_acquisition\twse_tpex_candidate_validation_classification_v2_18f.csv,Equity,common_equity,high,v2.18G added from v2.18F potential_net_new; candidate_id=TWSE_TWSE_1304; crosscheck_status=matched_stock_day_all; possible_existing excluded; canonical not modified,,03,,,TWSE,twse_tpex_v2_18g,,,,TWD,XTAI,v2.18G,https://openapi.twse.com.tw/v1/opendata/t187ap03_L,,,,TWSE,v2.18G,1304,台灣聚合化學品股份有限公司,,,
1305.TW,華夏海灣塑膠股份有限公司,TWSE,Taiwan,TWSE,outputs\full_universe_source_acquisition\twse_tpex_candidate_validation_classification_v2_18f.csv,Equity,common_equity,high,v2.18G added from v2.18F potential_net_new; candidate_id=TWSE_TWSE_1305; crosscheck_status=matched_stock_day_all; possible_existing excluded; canonical not modified,,03,,,TWSE,twse_tpex_v2_18g,,,,TWD,XTAI,v2.18G,https://openapi.twse.com.tw/v1/opendata/t187ap03_L,,,,TWSE,v2.18G,1305,華夏海灣塑膠股份有限公司,,,
1307.TW,三芳化學工業股份有限公司,TWSE,Taiwan,TWSE,outputs\full_universe_source_acquisition\twse_tpex_candidate_validation_classification_v2_18f.csv,Equity,common_equity,high,v2.18G added from v2.18F potential_net_new; candidate_id=TWSE_TWSE_1307; crosscheck_status=matched_stock_day_all; possible_existing excluded; canonical not modified,,03,,,TWSE,twse_tpex_v2_18g,,,,TWD,XTAI,v2.18G,https://openapi.twse.com.tw/v1/opendata/t187ap03_L,,,,TWSE,v2.18G,1307,三芳化學工業股份有限公司,,,
1308.TW,亞洲聚合股份有限公司,TWSE,Taiwan,TWSE,outputs\full_universe_source_acquisition\twse_tpex_candidate_validation_classification_v2_18f.csv,Equity,common_equity,high,v2.18G added from v2.18F potential_net_new; candidate_id=TWSE_TWSE_1308; crosscheck_status=matched_stock_day_all; possible_existing excluded; canonical not modified,,03,,,TWSE,twse_tpex_v2_18g,,,,TWD,XTAI,v2.18G,https://openapi.twse.com.tw/v1/opendata/t187ap03_L,,,,TWSE,v2.18G,1308,亞洲聚合股份有限公司,,,
1309.TW,台達化學工業股份有限公司,TWSE,Taiwan,TWSE,outputs\full_universe_source_acquisition\twse_tpex_candidate_validation_classification_v2_18f.csv,Equity,common_equity,high,v2.18G added from v2.18F potential_net_new; candidate_id=TWSE_TWSE_1309; crosscheck_status=matched_stock_day_all; possible_existing excluded; canonical not modified,,03,,,TWSE,twse_tpex_v2_18g,,,,TWD,XTAI,v2.18G,https://openapi.twse.com.tw/v1/opendata/t187ap03_L,,,,TWSE,v2.18G,1309,台達化學工業股份有限公司,,,
1310.TW,台灣苯乙烯工業股份有限公司,TWSE,Taiwan,TWSE,outputs\full_universe_source_acquisition\twse_tpex_candidate_validation_classification_v2_18f.csv,Equity,common_equity,high,v2.18G added from v2.18F potential_net_new; candidate_id=TWSE_TWSE_1310; crosscheck_status=matched_stock_day_all; possible_existing excluded; canonical not modified,,03,,,TWSE,twse_tpex_v2_18g,,,,TWD,XTAI,v2.18G,https://openapi.twse.com.tw/v1/opendata/t187ap03_L,,,,TWSE,v2.18G,1310,台灣苯乙烯工業股份有限公司,,,
1312.TW,國喬石油化學股份有限公司,TWSE,Taiwan,TWSE,outputs\full_universe_source_acquisition\twse_tpex_candidate_validation_classification_v2_18f.csv,Equity,common_equity,high,v2.18G added from v2.18F potential_net_new; candidate_id=TWSE_TWSE_1312; crosscheck_status=matched_stock_day_all; possible_existing excluded; canonical not modified,,03,,,TWSE,twse_tpex_v2_18g,,,,TWD,XTAI,v2.18G,https://openapi.twse.com.tw/v1/opendata/t187ap03_L,,,,TWSE,v2.18G,1312,國喬石油化學股份有限公司,,,
1313.TW,聯成化學科技股份有限公司,TWSE,Taiwan,TWSE,outputs\full_universe_source_acquisition\twse_tpex_candidate_validation_classification_v2_18f.csv,Equity,common_equity,high,v2.18G added from v2.18F potential_net_new; candidate_id=TWSE_TWSE_1313; crosscheck_status=matched_stock_day_all; possible_existing excluded; canonical not modified,,03,,,TWSE,twse_tpex_v2_18g,,,,TWD,XTAI,v2.18G,https://openapi.twse.com.tw/v1/opendata/t187ap03_L,,,,TWSE,v2.18G,1313,聯成化學科技股份有限公司,,,
1314.TW,中國石油化學工業開發(股)公司,TWSE,Taiwan,TWSE,outputs\full_universe_source_acquisition\twse_tpex_candidate_validation_classification_v2_18f.csv,Equity,common_equity,high,v2.18G added from v2.18F potential_net_new; candidate_id=TWSE_TWSE_1314; crosscheck_status=matched_stock_day_all; possible_existing excluded; canonical not modified,,03,,,TWSE,twse_tpex_v2_18g,,,,TWD,XTAI,v2.18G,https://openapi.twse.com.tw/v1/opendata/t187ap03_L,,,,TWSE,v2.18G,1314,中國石油化學工業開發(股)公司,,,
1315.TW,達新工業股份有限公司,TWSE,Taiwan,TWSE,outputs\full_universe_source_acquisition\twse_tpex_candidate_validation_classification_v2_18f.csv,Equity,common_equity,high,v2.18G added from v2.18F potential_net_new; candidate_id=TWSE_TWSE_1315; crosscheck_status=matched_stock_day_all; possible_existing excluded; canonical not modified,,03,,,TWSE,twse_tpex_v2_18g,,,,TWD,XTAI,v2.18G,https://openapi.twse.com.tw/v1/opendata/t187ap03_L,,,,TWSE,v2.18G,1315,達新工業股份有限公司,,,
1316.TW,上曜建設開發股份有限公司,TWSE,Taiwan,TWSE,outputs\full_universe_source_acquisition\twse_tpex_candidate_validation_classification_v2_18f.csv,Equity,common_equity,high,v2.18G added from v2.18F potential_net_new; candidate_id=TWSE_TWSE_1316; crosscheck_status=matched_stock_day_all; possible_existing excluded; canonical not modified,,14,,,TWSE,twse_tpex_v2_18g,,,,TWD,XTAI,v2.18G,https://openapi.twse.com.tw/v1/opendata/t187ap03_L,,,,TWSE,v2.18G,1316,上曜建設開發股份有限公司,,,
1319.TW,東陽實業廠股份有限公司,TWSE,Taiwan,TWSE,outputs\full_universe_source_acquisition\twse_tpex_candidate_validation_classification_v2_18f.csv,Equity,common_equity,high,v2.18G added from v2.18F potential_net_new; candidate_id=TWSE_TWSE_1319; crosscheck_status=matched_stock_day_all; possible_existing excluded; canonical not modified,,12,,,TWSE,twse_tpex_v2_18g,,,,TWD,XTAI,v2.18G,https://openapi.twse.com.tw/v1/opendata/t187ap03_L,,,,TWSE,v2.18G,1319,東陽實業廠股份有限公司,,,
1321.TW,大洋塑膠工業股份有限公司,TWSE,Taiwan,TWSE,outputs\full_universe_source_acquisition\twse_tpex_candidate_validation_classification_v2_18f.csv,Equity,common_equity,high,v2.18G added from v2.18F potential_net_new; candidate_id=TWSE_TWSE_1321; crosscheck_status=matched_stock_day_all; possible_existing excluded; canonical not modified,,03,,,TWSE,twse_tpex_v2_18g,,,,TWD,XTAI,v2.18G,https://openapi.twse.com.tw/v1/opendata/t187ap03_L,,,,TWSE,v2.18G,1321,大洋塑膠工業股份有限公司,,,
1323.TW,永裕塑膠工業股份有限公司,TWSE,Taiwan,TWSE,outputs\full_universe_source_acquisition\twse_tpex_candidate_validation_classification_v2_18f.csv,Equity,common_equity,high,v2.18G added from v2.18F potential_net_new; candidate_id=TWSE_TWSE_1323; crosscheck_status=matched_stock_day_all; possible_existing excluded; canonical not modified,,03,,,TWSE,twse_tpex_v2_18g,,,,TWD,XTAI,v2.18G,https://openapi.twse.com.tw/v1/opendata/t187ap03_L,,,,TWSE,v2.18G,1323,永裕塑膠工業股份有限公司,,,
1324.TW,地球綜合工業股份有限公司,TWSE,Taiwan,TWSE,outputs\full_universe_source_acquisition\twse_tpex_candidate_validation_classification_v2_18f.csv,Equity,common_equity,high,v2.18G added from v2.18F potential_net_new; candidate_id=TWSE_TWSE_1324; crosscheck_status=matched_stock_day_all; possible_existing excluded; canonical not modified,,03,,,TWSE,twse_tpex_v2_18g,,,,TWD,XTAI,v2.18G,https://openapi.twse.com.tw/v1/opendata/t187ap03_L,,,,TWSE,v2.18G,1324,地球綜合工業股份有限公司,,,
1325.TW,恒大股份有限公司,TWSE,Taiwan,TWSE,outputs\full_universe_source_acquisition\twse_tpex_candidate_validation_classification_v2_18f.csv,Equity,common_equity,high,v2.18G added from v2.18F potential_net_new; candidate_id=TWSE_TWSE_1325; crosscheck_status=matched_stock_day_all; possible_existing excluded; canonical not modified,,03,,,TWSE,twse_tpex_v2_18g,,,,TWD,XTAI,v2.18G,https://openapi.twse.com.tw/v1/opendata/t187ap03_L,,,,TWSE,v2.18G,1325,恒大股份有限公司,,,
1326.TW,台灣化學纖維股份有限公司,TWSE,Taiwan,TWSE,outputs\full_universe_source_acquisition\twse_tpex_candidate_validation_classification_v2_18f.csv,Equity,common_equity,high,v2.18G added from v2.18F potential_net_new; candidate_id=TWSE_TWSE_1326; crosscheck_status=matched_stock_day_all; possible_existing excluded; canonical not modified,,03,,,TWSE,twse_tpex_v2_18g,,,,TWD,XTAI,v2.18G,https://openapi.twse.com.tw/v1/opendata/t187ap03_L,,,,TWSE,v2.18G,1326,台灣化學纖維股份有限公司,,,
1337.TW,亞洲塑膠再生資源控股有限公司,TWSE,Taiwan,TWSE,outputs\full_universe_source_acquisition\twse_tpex_candidate_validation_classification_v2_18f.csv,Equity,common_equity,high,v2.18G added from v2.18F potential_net_new; candidate_id=TWSE_TWSE_1337; crosscheck_status=matched_stock_day_all; possible_existing excluded; canonical not modified,,03,,,TWSE,twse_tpex_v2_18g,,,,TWD,XTAI,v2.18G,https://openapi.twse.com.tw/v1/opendata/t187ap03_L,,,,TWSE,v2.18G,1337,亞洲塑膠再生資源控股有限公司,,,
1338.TW,廣華控股有限公司,TWSE,Taiwan,TWSE,outputs\full_universe_source_acquisition\twse_tpex_candidate_validation_classification_v2_18f.csv,Equity,common_equity,high,v2.18G added from v2.18F potential_net_new; candidate_id=TWSE_TWSE_1338; crosscheck_status=matched_stock_day_all; possible_existing excluded; canonical not modified,,12,,,TWSE,twse_tpex_v2_18g,,,,TWD,XTAI,v2.18G,https://openapi.twse.com.tw/v1/opendata/t187ap03_L,,,,TWSE,v2.18G,1338,廣華控股有限公司,,,
1339.TW,昭輝實業股份有限公司,TWSE,Taiwan,TWSE,outputs\full_universe_source_acquisition\twse_tpex_candidate_validation_classification_v2_18f.csv,Equity,common_equity,high,v2.18G added from v2.18F potential_net_new; candidate_id=TWSE_TWSE_1339; crosscheck_status=matched_stock_day_all; possible_existing excluded; canonical not modified,,12,,,TWSE,twse_tpex_v2_18g,,,,TWD,XTAI,v2.18G,https://openapi.twse.com.tw/v1/opendata/t187ap03_L,,,,TWSE,v2.18G,1339,昭輝實業股份有限公司,,,
1340.TW,勝悅新材料有限公司,TWSE,Taiwan,TWSE,outputs\full_universe_source_acquisition\twse_tpex_candidate_validation_classification_v2_18f.csv,Equity,common_equity,high,v2.18G added from v2.18F potential_net_new; candidate_id=TWSE_TWSE_1340; crosscheck_status=matched_stock_day_all; possible_existing excluded; canonical not modified,,03,,,TWSE,twse_tpex_v2_18g,,,,TWD,XTAI,v2.18G,https://openapi.twse.com.tw/v1/opendata/t187ap03_L,,,,TWSE,v2.18G,1340,勝悅新材料有限公司,,,
1341.TW,富林塑膠工業(開曼)控股(股)公司,TWSE,Taiwan,TWSE,outputs\full_universe_source_acquisition\twse_tpex_candidate_validation_classification_v2_18f.csv,Equity,common_equity,high,v2.18G added from v2.18F potential_net_new; candidate_id=TWSE_TWSE_1341; crosscheck_status=matched_stock_day_all; possible_existing excluded; canonical not modified,,03,,,TWSE,twse_tpex_v2_18g,,,,TWD,XTAI,v2.18G,https://openapi.twse.com.tw/v1/opendata/t187ap03_L,,,,TWSE,v2.18G,1341,富林塑膠工業(開曼)控股(股)公司,,,
1342.TW,八貫企業股份有限公司,TWSE,Taiwan,TWSE,outputs\full_universe_source_acquisition\twse_tpex_candidate_validation_classification_v2_18f.csv,Equity,common_equity,high,v2.18G added from v2.18F potential_net_new; candidate_id=TWSE_TWSE_1342; crosscheck_status=matched_stock_day_all; possible_existing excluded; canonical not modified,,20,,,TWSE,twse_tpex_v2_18g,,,,TWD,XTAI,v2.18G,https://openapi.twse.com.tw/v1/opendata/t187ap03_L,,,,TWSE,v2.18G,1342,八貫企業股份有限公司,,,
1402.TW,遠東新世紀股份有限公司,TWSE,Taiwan,TWSE,outputs\full_universe_source_acquisition\twse_tpex_candidate_validation_classification_v2_18f.csv,Equity,common_equity,high,v2.18G added from v2.18F potential_net_new; candidate_id=TWSE_TWSE_1402; crosscheck_status=matched_stock_day_all; possible_existing excluded; canonical not modified,,04,,,TWSE,twse_tpex_v2_18g,,,,TWD,XTAI,v2.18G,https://openapi.twse.com.tw/v1/opendata/t187ap03_L,,,,TWSE,v2.18G,1402,遠東新世紀股份有限公司,,,
1409.TW,新光合成纖維股份有限公司,TWSE,Taiwan,TWSE,outputs\full_universe_source_acquisition\twse_tpex_candidate_validation_classification_v2_18f.csv,Equity,common_equity,high,v2.18G added from v2.18F potential_net_new; candidate_id=TWSE_TWSE_1409; crosscheck_status=matched_stock_day_all; possible_existing excluded; canonical not modified,,04,,,TWSE,twse_tpex_v2_18g,,,,TWD,XTAI,v2.18G,https://openapi.twse.com.tw/v1/opendata/t187ap03_L,,,,TWSE,v2.18G,1409,新光合成纖維股份有限公司,,,
1410.TW,南洋染整股份有限公司,TWSE,Taiwan,TWSE,outputs\full_universe_source_acquisition\twse_tpex_candidate_validation_classification_v2_18f.csv,Equity,common_equity,high,v2.18G added from v2.18F potential_net_new; candidate_id=TWSE_TWSE_1410; crosscheck_status=matched_stock_day_all; possible_existing excluded; canonical not modified,,04,,,TWSE,twse_tpex_v2_18g,,,,TWD,XTAI,v2.18G,https://openapi.twse.com.tw/v1/opendata/t187ap03_L,,,,TWSE,v2.18G,1410,南洋染整股份有限公司,,,
1413.TW,宏洲纖維工業股份有限公司,TWSE,Taiwan,TWSE,outputs\full_universe_source_acquisition\twse_tpex_candidate_validation_classification_v2_18f.csv,Equity,common_equity,high,v2.18G added from v2.18F potential_net_new; candidate_id=TWSE_TWSE_1413; crosscheck_status=matched_stock_day_all; possible_existing excluded; canonical not modified,,04,,,TWSE,twse_tpex_v2_18g,,,,TWD,XTAI,v2.18G,https://openapi.twse.com.tw/v1/opendata/t187ap03_L,,,,TWSE,v2.18G,1413,宏洲纖維工業股份有限公司,,,
1414.TW,東和紡織股份有限公司,TWSE,Taiwan,TWSE,outputs\full_universe_source_acquisition\twse_tpex_candidate_validation_classification_v2_18f.csv,Equity,common_equity,high,v2.18G added from v2.18F potential_net_new; candidate_id=TWSE_TWSE_1414; crosscheck_status=matched_stock_day_all; possible_existing excluded; canonical not modified,,04,,,TWSE,twse_tpex_v2_18g,,,,TWD,XTAI,v2.18G,https://openapi.twse.com.tw/v1/opendata/t187ap03_L,,,,TWSE,v2.18G,1414,東和紡織股份有限公司,,,
1416.TW,廣豐實業股份有限公司,TWSE,Taiwan,TWSE,outputs\full_universe_source_acquisition\twse_tpex_candidate_validation_classification_v2_18f.csv,Equity,common_equity,high,v2.18G added from v2.18F potential_net_new; candidate_id=TWSE_TWSE_1416; crosscheck_status=matched_stock_day_all; possible_existing excluded; canonical not modified,,20,,,TWSE,twse_tpex_v2_18g,,,,TWD,XTAI,v2.18G,https://openapi.twse.com.tw/v1/opendata/t187ap03_L,,,,TWSE,v2.18G,1416,廣豐實業股份有限公司,,,
1423.TW,利華羊毛工業股份有限公司,TWSE,Taiwan,TWSE,outputs\full_universe_source_acquisition\twse_tpex_candidate_validation_classification_v2_18f.csv,Equity,common_equity,high,v2.18G added from v2.18F potential_net_new; candidate_id=TWSE_TWSE_1423; crosscheck_status=matched_stock_day_all; possible_existing excluded; canonical not modified,,04,,,TWSE,twse_tpex_v2_18g,,,,TWD,XTAI,v2.18G,https://openapi.twse.com.tw/v1/opendata/t187ap03_L,,,,TWSE,v2.18G,1423,利華羊毛工業股份有限公司,,,
1432.TW,大魯閣實業股份有限公司,TWSE,Taiwan,TWSE,outputs\full_universe_source_acquisition\twse_tpex_candidate_validation_classification_v2_18f.csv,Equity,common_equity,high,v2.18G added from v2.18F potential_net_new; candidate_id=TWSE_TWSE_1432; crosscheck_status=matched_stock_day_all; possible_existing excluded; canonical not modified,,37,,,TWSE,twse_tpex_v2_18g,,,,TWD,XTAI,v2.18G,https://openapi.twse.com.tw/v1/opendata/t187ap03_L,,,,TWSE,v2.18G,1432,大魯閣實業股份有限公司,,,
1437.TW,勤益投資控股股份有限公司,TWSE,Taiwan,TWSE,outputs\full_universe_source_acquisition\twse_tpex_candidate_validation_classification_v2_18f.csv,Equity,common_equity,high,v2.18G added from v2.18F potential_net_new; candidate_id=TWSE_TWSE_1437; crosscheck_status=matched_stock_day_all; possible_existing excluded; canonical not modified,,20,,,TWSE,twse_tpex_v2_18g,,,,TWD,XTAI,v2.18G,https://openapi.twse.com.tw/v1/opendata/t187ap03_L,,,,TWSE,v2.18G,1437,勤益投資控股股份有限公司,,,
1439.TW,雋揚國際股份有限公司,TWSE,Taiwan,TWSE,outputs\full_universe_source_acquisition\twse_tpex_candidate_validation_classification_v2_18f.csv,Equity,common_equity,high,v2.18G added from v2.18F potential_net_new; candidate_id=TWSE_TWSE_1439; crosscheck_status=matched_stock_day_all; possible_existing excluded; canonical not modified,,14,,,TWSE,twse_tpex_v2_18g,,,,TWD,XTAI,v2.18G,https://openapi.twse.com.tw/v1/opendata/t187ap03_L,,,,TWSE,v2.18G,1439,雋揚國際股份有限公司,,,
1440.TW,臺南紡織股份有限公司,TWSE,Taiwan,TWSE,outputs\full_universe_source_acquisition\twse_tpex_candidate_validation_classification_v2_18f.csv,Equity,common_equity,high,v2.18G added from v2.18F potential_net_new; candidate_id=TWSE_TWSE_1440; crosscheck_status=matched_stock_day_all; possible_existing excluded; canonical not modified,,04,,,TWSE,twse_tpex_v2_18g,,,,TWD,XTAI,v2.18G,https://openapi.twse.com.tw/v1/opendata/t187ap03_L,,,,TWSE,v2.18G,1440,臺南紡織股份有限公司,,,
1441.TW,大東紡織股份有限公司,TWSE,Taiwan,TWSE,outputs\full_universe_source_acquisition\twse_tpex_candidate_validation_classification_v2_18f.csv,Equity,common_equity,high,v2.18G added from v2.18F potential_net_new; candidate_id=TWSE_TWSE_1441; crosscheck_status=matched_stock_day_all; possible_existing excluded; canonical not modified,,04,,,TWSE,twse_tpex_v2_18g,,,,TWD,XTAI,v2.18G,https://openapi.twse.com.tw/v1/opendata/t187ap03_L,,,,TWSE,v2.18G,1441,大東紡織股份有限公司,,,
1442.TW,名軒開發股份有限公司,TWSE,Taiwan,TWSE,outputs\full_universe_source_acquisition\twse_tpex_candidate_validation_classification_v2_18f.csv,Equity,common_equity,high,v2.18G added from v2.18F potential_net_new; candidate_id=TWSE_TWSE_1442; crosscheck_status=matched_stock_day_all; possible_existing excluded; canonical not modified,,14,,,TWSE,twse_tpex_v2_18g,,,,TWD,XTAI,v2.18G,https://openapi.twse.com.tw/v1/opendata/t187ap03_L,,,,TWSE,v2.18G,1442,名軒開發股份有限公司,,,
1445.TW,大宇紡織股份有限公司,TWSE,Taiwan,TWSE,outputs\full_universe_source_acquisition\twse_tpex_candidate_validation_classification_v2_18f.csv,Equity,common_equity,high,v2.18G added from v2.18F potential_net_new; candidate_id=TWSE_TWSE_1445; crosscheck_status=matched_stock_day_all; possible_existing excluded; canonical not modified,,04,,,TWSE,twse_tpex_v2_18g,,,,TWD,XTAI,v2.18G,https://openapi.twse.com.tw/v1/opendata/t187ap03_L,,,,TWSE,v2.18G,1445,大宇紡織股份有限公司,,,
1449.TW,佳和實業股份有限公司,TWSE,Taiwan,TWSE,outputs\full_universe_source_acquisition\twse_tpex_candidate_validation_classification_v2_18f.csv,Equity,common_equity,high,v2.18G added from v2.18F potential_net_new; candidate_id=TWSE_TWSE_1449; crosscheck_status=matched_stock_day_all; possible_existing excluded; canonical not modified,,04,,,TWSE,twse_tpex_v2_18g,,,,TWD,XTAI,v2.18G,https://openapi.twse.com.tw/v1/opendata/t187ap03_L,,,,TWSE,v2.18G,1449,佳和實業股份有限公司,,,
1451.TW,年興紡織股份有限公司,TWSE,Taiwan,TWSE,outputs\full_universe_source_acquisition\twse_tpex_candidate_validation_classification_v2_18f.csv,Equity,common_equity,high,v2.18G added from v2.18F potential_net_new; candidate_id=TWSE_TWSE_1451; crosscheck_status=matched_stock_day_all; possible_existing excluded; canonical not modified,,04,,,TWSE,twse_tpex_v2_18g,,,,TWD,XTAI,v2.18G,https://openapi.twse.com.tw/v1/opendata/t187ap03_L,,,,TWSE,v2.18G,1451,年興紡織股份有限公司,,,
1452.TW,宏益纖維工業股份有限公司,TWSE,Taiwan,TWSE,outputs\full_universe_source_acquisition\twse_tpex_candidate_validation_classification_v2_18f.csv,Equity,common_equity,high,v2.18G added from v2.18F potential_net_new; candidate_id=TWSE_TWSE_1452; crosscheck_status=matched_stock_day_all; possible_existing excluded; canonical not modified,,04,,,TWSE,twse_tpex_v2_18g,,,,TWD,XTAI,v2.18G,https://openapi.twse.com.tw/v1/opendata/t187ap03_L,,,,TWSE,v2.18G,1452,宏益纖維工業股份有限公司,,,
1453.TW,大將開發股份有限公司,TWSE,Taiwan,TWSE,outputs\full_universe_source_acquisition\twse_tpex_candidate_validation_classification_v2_18f.csv,Equity,common_equity,high,v2.18G added from v2.18F potential_net_new; candidate_id=TWSE_TWSE_1453; crosscheck_status=matched_stock_day_all; possible_existing excluded; canonical not modified,,14,,,TWSE,twse_tpex_v2_18g,,,,TWD,XTAI,v2.18G,https://openapi.twse.com.tw/v1/opendata/t187ap03_L,,,,TWSE,v2.18G,1453,大將開發股份有限公司,,,
1454.TW,台灣富綢纖維股份有限公司,TWSE,Taiwan,TWSE,outputs\full_universe_source_acquisition\twse_tpex_candidate_validation_classification_v2_18f.csv,Equity,common_equity,high,v2.18G added from v2.18F potential_net_new; candidate_id=TWSE_TWSE_1454; crosscheck_status=matched_stock_day_all; possible_existing excluded; canonical not modified,,04,,,TWSE,twse_tpex_v2_18g,,,,TWD,XTAI,v2.18G,https://openapi.twse.com.tw/v1/opendata/t187ap03_L,,,,TWSE,v2.18G,1454,台灣富綢纖維股份有限公司,,,
1455.TW,集盛實業股份有限公司,TWSE,Taiwan,TWSE,outputs\full_universe_source_acquisition\twse_tpex_candidate_validation_classification_v2_18f.csv,Equity,common_equity,high,v2.18G added from v2.18F potential_net_new; candidate_id=TWSE_TWSE_1455; crosscheck_status=matched_stock_day_all; possible_existing excluded; canonical not modified,,04,,,TWSE,twse_tpex_v2_18g,,,,TWD,XTAI,v2.18G,https://openapi.twse.com.tw/v1/opendata/t187ap03_L,,,,TWSE,v2.18G,1455,集盛實業股份有限公司,,,
1456.TW,怡華實業股份有限公司,TWSE,Taiwan,TWSE,outputs\full_universe_source_acquisition\twse_tpex_candidate_validation_classification_v2_18f.csv,Equity,common_equity,high,v2.18G added from v2.18F potential_net_new; candidate_id=TWSE_TWSE_1456; crosscheck_status=matched_stock_day_all; possible_existing excluded; canonical not modified,,14,,,TWSE,twse_tpex_v2_18g,,,,TWD,XTAI,v2.18G,https://openapi.twse.com.tw/v1/opendata/t187ap03_L,,,,TWSE,v2.18G,1456,怡華實業股份有限公司,,,
1457.TW,宜進實業股份有限公司,TWSE,Taiwan,TWSE,outputs\full_universe_source_acquisition\twse_tpex_candidate_validation_classification_v2_18f.csv,Equity,common_equity,high,v2.18G added from v2.18F potential_net_new; candidate_id=TWSE_TWSE_1457; crosscheck_status=matched_stock_day_all; possible_existing excluded; canonical not modified,,04,,,TWSE,twse_tpex_v2_18g,,,,TWD,XTAI,v2.18G,https://openapi.twse.com.tw/v1/opendata/t187ap03_L,,,,TWSE,v2.18G,1457,宜進實業股份有限公司,,,
1459.TW,聯發紡織纖維股份有限公司,TWSE,Taiwan,TWSE,outputs\full_universe_source_acquisition\twse_tpex_candidate_validation_classification_v2_18f.csv,Equity,common_equity,high,v2.18G added from v2.18F potential_net_new; candidate_id=TWSE_TWSE_1459; crosscheck_status=matched_stock_day_all; possible_existing excluded; canonical not modified,,04,,,TWSE,twse_tpex_v2_18g,,,,TWD,XTAI,v2.18G,https://openapi.twse.com.tw/v1/opendata/t187ap03_L,,,,TWSE,v2.18G,1459,聯發紡織纖維股份有限公司,,,
1460.TW,宏遠興業股份有限公司,TWSE,Taiwan,TWSE,outputs\full_universe_source_acquisition\twse_tpex_candidate_validation_classification_v2_18f.csv,Equity,common_equity,high,v2.18G added from v2.18F potential_net_new; candidate_id=TWSE_TWSE_1460; crosscheck_status=matched_stock_day_all; possible_existing excluded; canonical not modified,,04,,,TWSE,twse_tpex_v2_18g,,,,TWD,XTAI,v2.18G,https://openapi.twse.com.tw/v1/opendata/t187ap03_L,,,,TWSE,v2.18G,1460,宏遠興業股份有限公司,,,
1463.TW,強盛新投資控股股份有限公司,TWSE,Taiwan,TWSE,outputs\full_universe_source_acquisition\twse_tpex_candidate_validation_classification_v2_18f.csv,Equity,common_equity,high,v2.18G added from v2.18F potential_net_new; candidate_id=TWSE_TWSE_1463; crosscheck_status=matched_stock_day_all; possible_existing excluded; canonical not modified,,04,,,TWSE,twse_tpex_v2_18g,,,,TWD,XTAI,v2.18G,https://openapi.twse.com.tw/v1/opendata/t187ap03_L,,,,TWSE,v2.18G,1463,強盛新投資控股股份有限公司,,,
1464.TW,得力實業股份有限公司,TWSE,Taiwan,TWSE,outputs\full_universe_source_acquisition\twse_tpex_candidate_validation_classification_v2_18f.csv,Equity,common_equity,high,v2.18G added from v2.18F potential_net_new; candidate_id=TWSE_TWSE_1464; crosscheck_status=matched_stock_day_all; possible_existing excluded; canonical not modified,,04,,,TWSE,twse_tpex_v2_18g,,,,TWD,XTAI,v2.18G,https://openapi.twse.com.tw/v1/opendata/t187ap03_L,,,,TWSE,v2.18G,1464,得力實業股份有限公司,,,
1465.TW,偉全實業股份有限公司,TWSE,Taiwan,TWSE,outputs\full_universe_source_acquisition\twse_tpex_candidate_validation_classification_v2_18f.csv,Equity,common_equity,high,v2.18G added from v2.18F potential_net_new; candidate_id=TWSE_TWSE_1465; crosscheck_status=matched_stock_day_all; possible_existing excluded; canonical not modified,,04,,,TWSE,twse_tpex_v2_18g,,,,TWD,XTAI,v2.18G,https://openapi.twse.com.tw/v1/opendata/t187ap03_L,,,,TWSE,v2.18G,1465,偉全實業股份有限公司,,,
1466.TW,聚隆纖維股份有限公司,TWSE,Taiwan,TWSE,outputs\full_universe_source_acquisition\twse_tpex_candidate_validation_classification_v2_18f.csv,Equity,common_equity,high,v2.18G added from v2.18F potential_net_new; candidate_id=TWSE_TWSE_1466; crosscheck_status=matched_stock_day_all; possible_existing excluded; canonical not modified,,04,,,TWSE,twse_tpex_v2_18g,,,,TWD,XTAI,v2.18G,https://openapi.twse.com.tw/v1/opendata/t187ap03_L,,,,TWSE,v2.18G,1466,聚隆纖維股份有限公司,,,
1467.TW,南緯實業股份有限公司,TWSE,Taiwan,TWSE,outputs\full_universe_source_acquisition\twse_tpex_candidate_validation_classification_v2_18f.csv,Equity,common_equity,high,v2.18G added from v2.18F potential_net_new; candidate_id=TWSE_TWSE_1467; crosscheck_status=matched_stock_day_all; possible_existing excluded; canonical not modified,,04,,,TWSE,twse_tpex_v2_18g,,,,TWD,XTAI,v2.18G,https://openapi.twse.com.tw/v1/opendata/t187ap03_L,,,,TWSE,v2.18G,1467,南緯實業股份有限公司,,,
1468.TW,昶和纖維興業股份有限公司,TWSE,Taiwan,TWSE,outputs\full_universe_source_acquisition\twse_tpex_candidate_validation_classification_v2_18f.csv,Equity,common_equity,high,v2.18G added from v2.18F potential_net_new; candidate_id=TWSE_TWSE_1468; crosscheck_status=matched_stock_day_all; possible_existing excluded; canonical not modified,,04,,,TWSE,twse_tpex_v2_18g,,,,TWD,XTAI,v2.18G,https://openapi.twse.com.tw/v1/opendata/t187ap03_L,,,,TWSE,v2.18G,1468,昶和纖維興業股份有限公司,,,
1470.TW,大統新創股份有限公司,TWSE,Taiwan,TWSE,outputs\full_universe_source_acquisition\twse_tpex_candidate_validation_classification_v2_18f.csv,Equity,common_equity,high,v2.18G added from v2.18F potential_net_new; candidate_id=TWSE_TWSE_1470; crosscheck_status=matched_stock_day_all; possible_existing excluded; canonical not modified,,04,,,TWSE,twse_tpex_v2_18g,,,,TWD,XTAI,v2.18G,https://openapi.twse.com.tw/v1/opendata/t187ap03_L,,,,TWSE,v2.18G,1470,大統新創股份有限公司,,,
1471.TW,首利實業股份有限公司,TWSE,Taiwan,TWSE,outputs\full_universe_source_acquisition\twse_tpex_candidate_validation_classification_v2_18f.csv,Equity,common_equity,high,v2.18G added from v2.18F potential_net_new; candidate_id=TWSE_TWSE_1471; crosscheck_status=matched_stock_day_all; possible_existing excluded; canonical not modified,,28,,,TWSE,twse_tpex_v2_18g,,,,TWD,XTAI,v2.18G,https://openapi.twse.com.tw/v1/opendata/t187ap03_L,,,,TWSE,v2.18G,1471,首利實業股份有限公司,,,
1472.TW,三洋實業股份有限公司,TWSE,Taiwan,TWSE,outputs\full_universe_source_acquisition\twse_tpex_candidate_validation_classification_v2_18f.csv,Equity,common_equity,high,v2.18G added from v2.18F potential_net_new; candidate_id=TWSE_TWSE_1472; crosscheck_status=matched_stock_day_all; possible_existing excluded; canonical not modified,,14,,,TWSE,twse_tpex_v2_18g,,,,TWD,XTAI,v2.18G,https://openapi.twse.com.tw/v1/opendata/t187ap03_L,,,,TWSE,v2.18G,1472,三洋實業股份有限公司,,,
1473.TW,台南企業股份有限公司,TWSE,Taiwan,TWSE,outputs\full_universe_source_acquisition\twse_tpex_candidate_validation_classification_v2_18f.csv,Equity,common_equity,high,v2.18G added from v2.18F potential_net_new; candidate_id=TWSE_TWSE_1473; crosscheck_status=matched_stock_day_all; possible_existing excluded; canonical not modified,,04,,,TWSE,twse_tpex_v2_18g,,,,TWD,XTAI,v2.18G,https://openapi.twse.com.tw/v1/opendata/t187ap03_L,,,,TWSE,v2.18G,1473,台南企業股份有限公司,,,
1474.TW,弘裕企業股份有限公司,TWSE,Taiwan,TWSE,outputs\full_universe_source_acquisition\twse_tpex_candidate_validation_classification_v2_18f.csv,Equity,common_equity,high,v2.18G added from v2.18F potential_net_new; candidate_id=TWSE_TWSE_1474; crosscheck_status=matched_stock_day_all; possible_existing excluded; canonical not modified,,04,,,TWSE,twse_tpex_v2_18g,,,,TWD,XTAI,v2.18G,https://openapi.twse.com.tw/v1/opendata/t187ap03_L,,,,TWSE,v2.18G,1474,弘裕企業股份有限公司,,,
1475.TW,台灣業旺股份有限公司,TWSE,Taiwan,TWSE,outputs\full_universe_source_acquisition\twse_tpex_candidate_validation_classification_v2_18f.csv,Equity,common_equity,high,v2.18G added from v2.18F potential_net_new; candidate_id=TWSE_TWSE_1475; crosscheck_status=matched_stock_day_all; possible_existing excluded; canonical not modified,,04,,,TWSE,twse_tpex_v2_18g,,,,TWD,XTAI,v2.18G,https://openapi.twse.com.tw/v1/opendata/t187ap03_L,,,,TWSE,v2.18G,1475,台灣業旺股份有限公司,,,
1476.TW,儒鴻企業股份有限公司,TWSE,Taiwan,TWSE,outputs\full_universe_source_acquisition\twse_tpex_candidate_validation_classification_v2_18f.csv,Equity,common_equity,high,v2.18G added from v2.18F potential_net_new; candidate_id=TWSE_TWSE_1476; crosscheck_status=matched_stock_day_all; possible_existing excluded; canonical not modified,,04,,,TWSE,twse_tpex_v2_18g,,,,TWD,XTAI,v2.18G,https://openapi.twse.com.tw/v1/opendata/t187ap03_L,,,,TWSE,v2.18G,1476,儒鴻企業股份有限公司,,,
1477.TW,聚陽實業股份有限公司,TWSE,Taiwan,TWSE,outputs\full_universe_source_acquisition\twse_tpex_candidate_validation_classification_v2_18f.csv,Equity,common_equity,high,v2.18G added from v2.18F potential_net_new; candidate_id=TWSE_TWSE_1477; crosscheck_status=matched_stock_day_all; possible_existing excluded; canonical not modified,,04,,,TWSE,twse_tpex_v2_18g,,,,TWD,XTAI,v2.18G,https://openapi.twse.com.tw/v1/opendata/t187ap03_L,,,,TWSE,v2.18G,1477,聚陽實業股份有限公司,,,
1503.TW,士林電機廠股份有限公司,TWSE,Taiwan,TWSE,outputs\full_universe_source_acquisition\twse_tpex_candidate_validation_classification_v2_18f.csv,Equity,common_equity,high,v2.18G added from v2.18F potential_net_new; candidate_id=TWSE_TWSE_1503; crosscheck_status=matched_stock_day_all; possible_existing excluded; canonical not modified,,05,,,TWSE,twse_tpex_v2_18g,,,,TWD,XTAI,v2.18G,https://openapi.twse.com.tw/v1/opendata/t187ap03_L,,,,TWSE,v2.18G,1503,士林電機廠股份有限公司,,,
1504.TW,東元電機股份有限公司,TWSE,Taiwan,TWSE,outputs\full_universe_source_acquisition\twse_tpex_candidate_validation_classification_v2_18f.csv,Equity,common_equity,high,v2.18G added from v2.18F potential_net_new; candidate_id=TWSE_TWSE_1504; crosscheck_status=matched_stock_day_all; possible_existing excluded; canonical not modified,,05,,,TWSE,twse_tpex_v2_18g,,,,TWD,XTAI,v2.18G,https://openapi.twse.com.tw/v1/opendata/t187ap03_L,,,,TWSE,v2.18G,1504,東元電機股份有限公司,,,
1512.TW,瑞利企業股份有限公司,TWSE,Taiwan,TWSE,outputs\full_universe_source_acquisition\twse_tpex_candidate_validation_classification_v2_18f.csv,Equity,common_equity,high,v2.18G added from v2.18F potential_net_new; candidate_id=TWSE_TWSE_1512; crosscheck_status=matched_stock_day_all; possible_existing excluded; canonical not modified,,12,,,TWSE,twse_tpex_v2_18g,,,,TWD,XTAI,v2.18G,https://openapi.twse.com.tw/v1/opendata/t187ap03_L,,,,TWSE,v2.18G,1512,瑞利企業股份有限公司,,,
1513.TW,中興電工機械股份有限公司,TWSE,Taiwan,TWSE,outputs\full_universe_source_acquisition\twse_tpex_candidate_validation_classification_v2_18f.csv,Equity,common_equity,high,v2.18G added from v2.18F potential_net_new; candidate_id=TWSE_TWSE_1513; crosscheck_status=matched_stock_day_all; possible_existing excluded; canonical not modified,,05,,,TWSE,twse_tpex_v2_18g,,,,TWD,XTAI,v2.18G,https://openapi.twse.com.tw/v1/opendata/t187ap03_L,,,,TWSE,v2.18G,1513,中興電工機械股份有限公司,,,
1516.TW,川飛能源股份有限公司,TWSE,Taiwan,TWSE,outputs\full_universe_source_acquisition\twse_tpex_candidate_validation_classification_v2_18f.csv,Equity,common_equity,high,v2.18G added from v2.18F potential_net_new; candidate_id=TWSE_TWSE_1516; crosscheck_status=matched_stock_day_all; possible_existing excluded; canonical not modified,,20,,,TWSE,twse_tpex_v2_18g,,,,TWD,XTAI,v2.18G,https://openapi.twse.com.tw/v1/opendata/t187ap03_L,,,,TWSE,v2.18G,1516,川飛能源股份有限公司,,,
1517.TW,利奇機械工業股份有限公司,TWSE,Taiwan,TWSE,outputs\full_universe_source_acquisition\twse_tpex_candidate_validation_classification_v2_18f.csv,Equity,common_equity,high,v2.18G added from v2.18F potential_net_new; candidate_id=TWSE_TWSE_1517; crosscheck_status=matched_stock_day_all; possible_existing excluded; canonical not modified,,05,,,TWSE,twse_tpex_v2_18g,,,,TWD,XTAI,v2.18G,https://openapi.twse.com.tw/v1/opendata/t187ap03_L,,,,TWSE,v2.18G,1517,利奇機械工業股份有限公司,,,
1519.TW,華城電機股份有限公司,TWSE,Taiwan,TWSE,outputs\full_universe_source_acquisition\twse_tpex_candidate_validation_classification_v2_18f.csv,Equity,common_equity,high,v2.18G added from v2.18F potential_net_new; candidate_id=TWSE_TWSE_1519; crosscheck_status=matched_stock_day_all; possible_existing excluded; canonical not modified,,05,,,TWSE,twse_tpex_v2_18g,,,,TWD,XTAI,v2.18G,https://openapi.twse.com.tw/v1/opendata/t187ap03_L,,,,TWSE,v2.18G,1519,華城電機股份有限公司,,,
1521.TW,大億交通工業製造股份有限公司,TWSE,Taiwan,TWSE,outputs\full_universe_source_acquisition\twse_tpex_candidate_validation_classification_v2_18f.csv,Equity,common_equity,high,v2.18G added from v2.18F potential_net_new; candidate_id=TWSE_TWSE_1521; crosscheck_status=matched_stock_day_all; possible_existing excluded; canonical not modified,,12,,,TWSE,twse_tpex_v2_18g,,,,TWD,XTAI,v2.18G,https://openapi.twse.com.tw/v1/opendata/t187ap03_L,,,,TWSE,v2.18G,1521,大億交通工業製造股份有限公司,,,
1522.TW,堤維西交通工業股份有限公司,TWSE,Taiwan,TWSE,outputs\full_universe_source_acquisition\twse_tpex_candidate_validation_classification_v2_18f.csv,Equity,common_equity,high,v2.18G added from v2.18F potential_net_new; candidate_id=TWSE_TWSE_1522; crosscheck_status=matched_stock_day_all; possible_existing excluded; canonical not modified,,12,,,TWSE,twse_tpex_v2_18g,,,,TWD,XTAI,v2.18G,https://openapi.twse.com.tw/v1/opendata/t187ap03_L,,,,TWSE,v2.18G,1522,堤維西交通工業股份有限公司,,,
1524.TW,耿鼎企業股份有限公司,TWSE,Taiwan,TWSE,outputs\full_universe_source_acquisition\twse_tpex_candidate_validation_classification_v2_18f.csv,Equity,common_equity,high,v2.18G added from v2.18F potential_net_new; candidate_id=TWSE_TWSE_1524; crosscheck_status=matched_stock_day_all; possible_existing excluded; canonical not modified,,12,,,TWSE,twse_tpex_v2_18g,,,,TWD,XTAI,v2.18G,https://openapi.twse.com.tw/v1/opendata/t187ap03_L,,,,TWSE,v2.18G,1524,耿鼎企業股份有限公司,,,
1525.TW,江申工業股份有限公司,TWSE,Taiwan,TWSE,outputs\full_universe_source_acquisition\twse_tpex_candidate_validation_classification_v2_18f.csv,Equity,common_equity,high,v2.18G added from v2.18F potential_net_new; candidate_id=TWSE_TWSE_1525; crosscheck_status=matched_stock_day_all; possible_existing excluded; canonical not modified,,12,,,TWSE,twse_tpex_v2_18g,,,,TWD,XTAI,v2.18G,https://openapi.twse.com.tw/v1/opendata/t187ap03_L,,,,TWSE,v2.18G,1525,江申工業股份有限公司,,,
1526.TW,日馳企業股份有限公司,TWSE,Taiwan,TWSE,outputs\full_universe_source_acquisition\twse_tpex_candidate_validation_classification_v2_18f.csv,Equity,common_equity,high,v2.18G added from v2.18F potential_net_new; candidate_id=TWSE_TWSE_1526; crosscheck_status=matched_stock_day_all; possible_existing excluded; canonical not modified,,05,,,TWSE,twse_tpex_v2_18g,,,,TWD,XTAI,v2.18G,https://openapi.twse.com.tw/v1/opendata/t187ap03_L,,,,TWSE,v2.18G,1526,日馳企業股份有限公司,,,
1527.TW,鑽全實業股份有限公司,TWSE,Taiwan,TWSE,outputs\full_universe_source_acquisition\twse_tpex_candidate_validation_classification_v2_18f.csv,Equity,common_equity,high,v2.18G added from v2.18F potential_net_new; candidate_id=TWSE_TWSE_1527; crosscheck_status=matched_stock_day_all; possible_existing excluded; canonical not modified,,05,,,TWSE,twse_tpex_v2_18g,,,,TWD,XTAI,v2.18G,https://openapi.twse.com.tw/v1/opendata/t187ap03_L,,,,TWSE,v2.18G,1527,鑽全實業股份有限公司,,,
1528.TW,恩德科技股份有限公司,TWSE,Taiwan,TWSE,outputs\full_universe_source_acquisition\twse_tpex_candidate_validation_classification_v2_18f.csv,Equity,common_equity,high,v2.18G added from v2.18F potential_net_new; candidate_id=TWSE_TWSE_1528; crosscheck_status=matched_stock_day_all; possible_existing excluded; canonical not modified,,05,,,TWSE,twse_tpex_v2_18g,,,,TWD,XTAI,v2.18G,https://openapi.twse.com.tw/v1/opendata/t187ap03_L,,,,TWSE,v2.18G,1528,恩德科技股份有限公司,,,
1529.TW,樂事綠能科技股份有限公司,TWSE,Taiwan,TWSE,outputs\full_universe_source_acquisition\twse_tpex_candidate_validation_classification_v2_18f.csv,Equity,common_equity,high,v2.18G added from v2.18F potential_net_new; candidate_id=TWSE_TWSE_1529; crosscheck_status=matched_stock_day_all; possible_existing excluded; canonical not modified,,05,,,TWSE,twse_tpex_v2_18g,,,,TWD,XTAI,v2.18G,https://openapi.twse.com.tw/v1/opendata/t187ap03_L,,,,TWSE,v2.18G,1529,樂事綠能科技股份有限公司,,,
1530.TW,亞崴機電股份有限公司,TWSE,Taiwan,TWSE,outputs\full_universe_source_acquisition\twse_tpex_candidate_validation_classification_v2_18f.csv,Equity,common_equity,high,v2.18G added from v2.18F potential_net_new; candidate_id=TWSE_TWSE_1530; crosscheck_status=matched_stock_day_all; possible_existing excluded; canonical not modified,,05,,,TWSE,twse_tpex_v2_18g,,,,TWD,XTAI,v2.18G,https://openapi.twse.com.tw/v1/opendata/t187ap03_L,,,,TWSE,v2.18G,1530,亞崴機電股份有限公司,,,
1531.TW,高林股份有限公司,TWSE,Taiwan,TWSE,outputs\full_universe_source_acquisition\twse_tpex_candidate_validation_classification_v2_18f.csv,Equity,common_equity,high,v2.18G added from v2.18F potential_net_new; candidate_id=TWSE_TWSE_1531; crosscheck_status=matched_stock_day_all; possible_existing excluded; canonical not modified,,05,,,TWSE,twse_tpex_v2_18g,,,,TWD,XTAI,v2.18G,https://openapi.twse.com.tw/v1/opendata/t187ap03_L,,,,TWSE,v2.18G,1531,高林股份有限公司,,,
1532.TW,勤美股份有限公司,TWSE,Taiwan,TWSE,outputs\full_universe_source_acquisition\twse_tpex_candidate_validation_classification_v2_18f.csv,Equity,common_equity,high,v2.18G added from v2.18F potential_net_new; candidate_id=TWSE_TWSE_1532; crosscheck_status=matched_stock_day_all; possible_existing excluded; canonical not modified,,05,,,TWSE,twse_tpex_v2_18g,,,,TWD,XTAI,v2.18G,https://openapi.twse.com.tw/v1/opendata/t187ap03_L,,,,TWSE,v2.18G,1532,勤美股份有限公司,,,
1533.TW,車王電子股份有限公司,TWSE,Taiwan,TWSE,outputs\full_universe_source_acquisition\twse_tpex_candidate_validation_classification_v2_18f.csv,Equity,common_equity,high,v2.18G added from v2.18F potential_net_new; candidate_id=TWSE_TWSE_1533; crosscheck_status=matched_stock_day_all; possible_existing excluded; canonical not modified,,12,,,TWSE,twse_tpex_v2_18g,,,,TWD,XTAI,v2.18G,https://openapi.twse.com.tw/v1/opendata/t187ap03_L,,,,TWSE,v2.18G,1533,車王電子股份有限公司,,,
1535.TW,中宇環保工程股份有限公司,TWSE,Taiwan,TWSE,outputs\full_universe_source_acquisition\twse_tpex_candidate_validation_classification_v2_18f.csv,Equity,common_equity,high,v2.18G added from v2.18F potential_net_new; candidate_id=TWSE_TWSE_1535; crosscheck_status=matched_stock_day_all; possible_existing excluded; canonical not modified,,05,,,TWSE,twse_tpex_v2_18g,,,,TWD,XTAI,v2.18G,https://openapi.twse.com.tw/v1/opendata/t187ap03_L,,,,TWSE,v2.18G,1535,中宇環保工程股份有限公司,,,
1536.TW,和大工業股份有限公司,TWSE,Taiwan,TWSE,outputs\full_universe_source_acquisition\twse_tpex_candidate_validation_classification_v2_18f.csv,Equity,common_equity,high,v2.18G added from v2.18F potential_net_new; candidate_id=TWSE_TWSE_1536; crosscheck_status=matched_stock_day_all; possible_existing excluded; canonical not modified,,12,,,TWSE,twse_tpex_v2_18g,,,,TWD,XTAI,v2.18G,https://openapi.twse.com.tw/v1/opendata/t187ap03_L,,,,TWSE,v2.18G,1536,和大工業股份有限公司,,,
1537.TW,廣隆光電科技股份有限公司,TWSE,Taiwan,TWSE,outputs\full_universe_source_acquisition\twse_tpex_candidate_validation_classification_v2_18f.csv,Equity,common_equity,high,v2.18G added from v2.18F potential_net_new; candidate_id=TWSE_TWSE_1537; crosscheck_status=matched_stock_day_all; possible_existing excluded; canonical not modified,,05,,,TWSE,twse_tpex_v2_18g,,,,TWD,XTAI,v2.18G,https://openapi.twse.com.tw/v1/opendata/t187ap03_L,,,,TWSE,v2.18G,1537,廣隆光電科技股份有限公司,,,
1538.TW,正峰工業股份有限公司,TWSE,Taiwan,TWSE,outputs\full_universe_source_acquisition\twse_tpex_candidate_validation_classification_v2_18f.csv,Equity,common_equity,high,v2.18G added from v2.18F potential_net_new; candidate_id=TWSE_TWSE_1538; crosscheck_status=matched_stock_day_all; possible_existing excluded; canonical not modified,,05,,,TWSE,twse_tpex_v2_18g,,,,TWD,XTAI,v2.18G,https://openapi.twse.com.tw/v1/opendata/t187ap03_L,,,,TWSE,v2.18G,1538,正峰工業股份有限公司,,,
1539.TW,巨庭機械股份有限公司,TWSE,Taiwan,TWSE,outputs\full_universe_source_acquisition\twse_tpex_candidate_validation_classification_v2_18f.csv,Equity,common_equity,high,v2.18G added from v2.18F potential_net_new; candidate_id=TWSE_TWSE_1539; crosscheck_status=matched_stock_day_all; possible_existing excluded; canonical not modified,,05,,,TWSE,twse_tpex_v2_18g,,,,TWD,XTAI,v2.18G,https://openapi.twse.com.tw/v1/opendata/t187ap03_L,,,,TWSE,v2.18G,1539,巨庭機械股份有限公司,,,
1540.TW,喬福機械工業股份有限公司,TWSE,Taiwan,TWSE,outputs\full_universe_source_acquisition\twse_tpex_candidate_validation_classification_v2_18f.csv,Equity,common_equity,high,v2.18G added from v2.18F potential_net_new; candidate_id=TWSE_TWSE_1540; crosscheck_status=matched_stock_day_all; possible_existing excluded; canonical not modified,,05,,,TWSE,twse_tpex_v2_18g,,,,TWD,XTAI,v2.18G,https://openapi.twse.com.tw/v1/opendata/t187ap03_L,,,,TWSE,v2.18G,1540,喬福機械工業股份有限公司,,,
1541.TW,錩泰工業股份有限公司,TWSE,Taiwan,TWSE,outputs\full_universe_source_acquisition\twse_tpex_candidate_validation_classification_v2_18f.csv,Equity,common_equity,high,v2.18G added from v2.18F potential_net_new; candidate_id=TWSE_TWSE_1541; crosscheck_status=matched_stock_day_all; possible_existing excluded; canonical not modified,,05,,,TWSE,twse_tpex_v2_18g,,,,TWD,XTAI,v2.18G,https://openapi.twse.com.tw/v1/opendata/t187ap03_L,,,,TWSE,v2.18G,1541,錩泰工業股份有限公司,,,
1558.TW,伸興工業股份有限公司,TWSE,Taiwan,TWSE,outputs\full_universe_source_acquisition\twse_tpex_candidate_validation_classification_v2_18f.csv,Equity,common_equity,high,v2.18G added from v2.18F potential_net_new; candidate_id=TWSE_TWSE_1558; crosscheck_status=matched_stock_day_all; possible_existing excluded; canonical not modified,,05,,,TWSE,twse_tpex_v2_18g,,,,TWD,XTAI,v2.18G,https://openapi.twse.com.tw/v1/opendata/t187ap03_L,,,,TWSE,v2.18G,1558,伸興工業股份有限公司,,,
1560.TW,中國砂輪企業股份有限公司,TWSE,Taiwan,TWSE,outputs\full_universe_source_acquisition\twse_tpex_candidate_validation_classification_v2_18f.csv,Equity,common_equity,high,v2.18G added from v2.18F potential_net_new; candidate_id=TWSE_TWSE_1560; crosscheck_status=matched_stock_day_all; possible_existing excluded; canonical not modified,,05,,,TWSE,twse_tpex_v2_18g,,,,TWD,XTAI,v2.18G,https://openapi.twse.com.tw/v1/opendata/t187ap03_L,,,,TWSE,v2.18G,1560,中國砂輪企業股份有限公司,,,
1563.TW,巧新科技工業股份有限公司,TWSE,Taiwan,TWSE,outputs\full_universe_source_acquisition\twse_tpex_candidate_validation_classification_v2_18f.csv,Equity,common_equity,high,v2.18G added from v2.18F potential_net_new; candidate_id=TWSE_TWSE_1563; crosscheck_status=matched_stock_day_all; possible_existing excluded; canonical not modified,,12,,,TWSE,twse_tpex_v2_18g,,,,TWD,XTAI,v2.18G,https://openapi.twse.com.tw/v1/opendata/t187ap03_L,,,,TWSE,v2.18G,1563,巧新科技工業股份有限公司,,,
1568.TW,倉佑實業股份有限公司,TWSE,Taiwan,TWSE,outputs\full_universe_source_acquisition\twse_tpex_candidate_validation_classification_v2_18f.csv,Equity,common_equity,high,v2.18G added from v2.18F potential_net_new; candidate_id=TWSE_TWSE_1568; crosscheck_status=matched_stock_day_all; possible_existing excluded; canonical not modified,,12,,,TWSE,twse_tpex_v2_18g,,,,TWD,XTAI,v2.18G,https://openapi.twse.com.tw/v1/opendata/t187ap03_L,,,,TWSE,v2.18G,1568,倉佑實業股份有限公司,,,
1582.TW,信錦企業股份有限公司,TWSE,Taiwan,TWSE,outputs\full_universe_source_acquisition\twse_tpex_candidate_validation_classification_v2_18f.csv,Equity,common_equity,high,v2.18G added from v2.18F potential_net_new; candidate_id=TWSE_TWSE_1582; crosscheck_status=matched_stock_day_all; possible_existing excluded; canonical not modified,,28,,,TWSE,twse_tpex_v2_18g,,,,TWD,XTAI,v2.18G,https://openapi.twse.com.tw/v1/opendata/t187ap03_L,,,,TWSE,v2.18G,1582,信錦企業股份有限公司,,,
1583.TW,程泰機械股份有限公司,TWSE,Taiwan,TWSE,outputs\full_universe_source_acquisition\twse_tpex_candidate_validation_classification_v2_18f.csv,Equity,common_equity,high,v2.18G added from v2.18F potential_net_new; candidate_id=TWSE_TWSE_1583; crosscheck_status=matched_stock_day_all; possible_existing excluded; canonical not modified,,05,,,TWSE,twse_tpex_v2_18g,,,,TWD,XTAI,v2.18G,https://openapi.twse.com.tw/v1/opendata/t187ap03_L,,,,TWSE,v2.18G,1583,程泰機械股份有限公司,,,
1587.TW,吉茂精密股份有限公司,TWSE,Taiwan,TWSE,outputs\full_universe_source_acquisition\twse_tpex_candidate_validation_classification_v2_18f.csv,Equity,common_equity,high,v2.18G added from v2.18F potential_net_new; candidate_id=TWSE_TWSE_1587; crosscheck_status=matched_stock_day_all; possible_existing excluded; canonical not modified,,12,,,TWSE,twse_tpex_v2_18g,,,,TWD,XTAI,v2.18G,https://openapi.twse.com.tw/v1/opendata/t187ap03_L,,,,TWSE,v2.18G,1587,吉茂精密股份有限公司,,,
1589.TW,永冠能源科技集團有限公司,TWSE,Taiwan,TWSE,outputs\full_universe_source_acquisition\twse_tpex_candidate_validation_classification_v2_18f.csv,Equity,common_equity,medium,v2.18G added from v2.18F potential_net_new; candidate_id=TWSE_TWSE_1589; crosscheck_status=not_found_in_stock_day_all; possible_existing excluded; canonical not modified,,05,,,TWSE,twse_tpex_v2_18g,,,,TWD,XTAI,v2.18G,https://openapi.twse.com.tw/v1/opendata/t187ap03_L,,,,TWSE,v2.18G,1589,永冠能源科技集團有限公司,,,
1590.TW,亞德客國際集團,TWSE,Taiwan,TWSE,outputs\full_universe_source_acquisition\twse_tpex_candidate_validation_classification_v2_18f.csv,Equity,common_equity,high,v2.18G added from v2.18F potential_net_new; candidate_id=TWSE_TWSE_1590; crosscheck_status=matched_stock_day_all; possible_existing excluded; canonical not modified,,05,,,TWSE,twse_tpex_v2_18g,,,,TWD,XTAI,v2.18G,https://openapi.twse.com.tw/v1/opendata/t187ap03_L,,,,TWSE,v2.18G,1590,亞德客國際集團,,,
1597.TW,直得科技股份有限公司,TWSE,Taiwan,TWSE,outputs\full_universe_source_acquisition\twse_tpex_candidate_validation_classification_v2_18f.csv,Equity,common_equity,high,v2.18G added from v2.18F potential_net_new; candidate_id=TWSE_TWSE_1597; crosscheck_status=matched_stock_day_all; possible_existing excluded; canonical not modified,,05,,,TWSE,twse_tpex_v2_18g,,,,TWD,XTAI,v2.18G,https://openapi.twse.com.tw/v1/opendata/t187ap03_L,,,,TWSE,v2.18G,1597,直得科技股份有限公司,,,
1598.TW,岱宇國際股份有限公司,TWSE,Taiwan,TWSE,outputs\full_universe_source_acquisition\twse_tpex_candidate_validation_classification_v2_18f.csv,Equity,common_equity,high,v2.18G added from v2.18F potential_net_new; candidate_id=TWSE_TWSE_1598; crosscheck_status=matched_stock_day_all; possible_existing excluded; canonical not modified,,37,,,TWSE,twse_tpex_v2_18g,,,,TWD,XTAI,v2.18G,https://openapi.twse.com.tw/v1/opendata/t187ap03_L,,,,TWSE,v2.18G,1598,岱宇國際股份有限公司,,,
1603.TW,中華電線電纜股份有限公司,TWSE,Taiwan,TWSE,outputs\full_universe_source_acquisition\twse_tpex_candidate_validation_classification_v2_18f.csv,Equity,common_equity,high,v2.18G added from v2.18F potential_net_new; candidate_id=TWSE_TWSE_1603; crosscheck_status=matched_stock_day_all; possible_existing excluded; canonical not modified,,06,,,TWSE,twse_tpex_v2_18g,,,,TWD,XTAI,v2.18G,https://openapi.twse.com.tw/v1/opendata/t187ap03_L,,,,TWSE,v2.18G,1603,中華電線電纜股份有限公司,,,
1604.TW,聲寶股份有限公司,TWSE,Taiwan,TWSE,outputs\full_universe_source_acquisition\twse_tpex_candidate_validation_classification_v2_18f.csv,Equity,common_equity,high,v2.18G added from v2.18F potential_net_new; candidate_id=TWSE_TWSE_1604; crosscheck_status=matched_stock_day_all; possible_existing excluded; canonical not modified,,06,,,TWSE,twse_tpex_v2_18g,,,,TWD,XTAI,v2.18G,https://openapi.twse.com.tw/v1/opendata/t187ap03_L,,,,TWSE,v2.18G,1604,聲寶股份有限公司,,,
1608.TW,華榮電線電纜股份有限公司,TWSE,Taiwan,TWSE,outputs\full_universe_source_acquisition\twse_tpex_candidate_validation_classification_v2_18f.csv,Equity,common_equity,high,v2.18G added from v2.18F potential_net_new; candidate_id=TWSE_TWSE_1608; crosscheck_status=matched_stock_day_all; possible_existing excluded; canonical not modified,,06,,,TWSE,twse_tpex_v2_18g,,,,TWD,XTAI,v2.18G,https://openapi.twse.com.tw/v1/opendata/t187ap03_L,,,,TWSE,v2.18G,1608,華榮電線電纜股份有限公司,,,
1609.TW,大亞電線電纜股份有限公司,TWSE,Taiwan,TWSE,outputs\full_universe_source_acquisition\twse_tpex_candidate_validation_classification_v2_18f.csv,Equity,common_equity,high,v2.18G added from v2.18F potential_net_new; candidate_id=TWSE_TWSE_1609; crosscheck_status=matched_stock_day_all; possible_existing excluded; canonical not modified,,06,,,TWSE,twse_tpex_v2_18g,,,,TWD,XTAI,v2.18G,https://openapi.twse.com.tw/v1/opendata/t187ap03_L,,,,TWSE,v2.18G,1609,大亞電線電纜股份有限公司,,,
1611.TW,中國電器股份有限公司,TWSE,Taiwan,TWSE,outputs\full_universe_source_acquisition\twse_tpex_candidate_validation_classification_v2_18f.csv,Equity,common_equity,high,v2.18G added from v2.18F potential_net_new; candidate_id=TWSE_TWSE_1611; crosscheck_status=matched_stock_day_all; possible_existing excluded; canonical not modified,,06,,,TWSE,twse_tpex_v2_18g,,,,TWD,XTAI,v2.18G,https://openapi.twse.com.tw/v1/opendata/t187ap03_L,,,,TWSE,v2.18G,1611,中國電器股份有限公司,,,
1612.TW,宏泰電工股份有限公司,TWSE,Taiwan,TWSE,outputs\full_universe_source_acquisition\twse_tpex_candidate_validation_classification_v2_18f.csv,Equity,common_equity,high,v2.18G added from v2.18F potential_net_new; candidate_id=TWSE_TWSE_1612; crosscheck_status=matched_stock_day_all; possible_existing excluded; canonical not modified,,06,,,TWSE,twse_tpex_v2_18g,,,,TWD,XTAI,v2.18G,https://openapi.twse.com.tw/v1/opendata/t187ap03_L,,,,TWSE,v2.18G,1612,宏泰電工股份有限公司,,,
1614.TW,台灣三洋電機股份有限公司,TWSE,Taiwan,TWSE,outputs\full_universe_source_acquisition\twse_tpex_candidate_validation_classification_v2_18f.csv,Equity,common_equity,high,v2.18G added from v2.18F potential_net_new; candidate_id=TWSE_TWSE_1614; crosscheck_status=matched_stock_day_all; possible_existing excluded; canonical not modified,,06,,,TWSE,twse_tpex_v2_18g,,,,TWD,XTAI,v2.18G,https://openapi.twse.com.tw/v1/opendata/t187ap03_L,,,,TWSE,v2.18G,1614,台灣三洋電機股份有限公司,,,
1615.TW,大山電線電纜股份有限公司,TWSE,Taiwan,TWSE,outputs\full_universe_source_acquisition\twse_tpex_candidate_validation_classification_v2_18f.csv,Equity,common_equity,high,v2.18G added from v2.18F potential_net_new; candidate_id=TWSE_TWSE_1615; crosscheck_status=matched_stock_day_all; possible_existing excluded; canonical not modified,,06,,,TWSE,twse_tpex_v2_18g,,,,TWD,XTAI,v2.18G,https://openapi.twse.com.tw/v1/opendata/t187ap03_L,,,,TWSE,v2.18G,1615,大山電線電纜股份有限公司,,,
1616.TW,億泰電線電纜股份有限公司,TWSE,Taiwan,TWSE,outputs\full_universe_source_acquisition\twse_tpex_candidate_validation_classification_v2_18f.csv,Equity,common_equity,high,v2.18G added from v2.18F potential_net_new; candidate_id=TWSE_TWSE_1616; crosscheck_status=matched_stock_day_all; possible_existing excluded; canonical not modified,,06,,,TWSE,twse_tpex_v2_18g,,,,TWD,XTAI,v2.18G,https://openapi.twse.com.tw/v1/opendata/t187ap03_L,,,,TWSE,v2.18G,1616,億泰電線電纜股份有限公司,,,
1617.TW,榮星電線工業股份有限公司,TWSE,Taiwan,TWSE,outputs\full_universe_source_acquisition\twse_tpex_candidate_validation_classification_v2_18f.csv,Equity,common_equity,high,v2.18G added from v2.18F potential_net_new; candidate_id=TWSE_TWSE_1617; crosscheck_status=matched_stock_day_all; possible_existing excluded; canonical not modified,,06,,,TWSE,twse_tpex_v2_18g,,,,TWD,XTAI,v2.18G,https://openapi.twse.com.tw/v1/opendata/t187ap03_L,,,,TWSE,v2.18G,1617,榮星電線工業股份有限公司,,,
1618.TW,合機電線電纜股份有限公司,TWSE,Taiwan,TWSE,outputs\full_universe_source_acquisition\twse_tpex_candidate_validation_classification_v2_18f.csv,Equity,common_equity,high,v2.18G added from v2.18F potential_net_new; candidate_id=TWSE_TWSE_1618; crosscheck_status=matched_stock_day_all; possible_existing excluded; canonical not modified,,06,,,TWSE,twse_tpex_v2_18g,,,,TWD,XTAI,v2.18G,https://openapi.twse.com.tw/v1/opendata/t187ap03_L,,,,TWSE,v2.18G,1618,合機電線電纜股份有限公司,,,
1623.TW,大東電業廠股份有限公司,TWSE,Taiwan,TWSE,outputs\full_universe_source_acquisition\twse_tpex_candidate_validation_classification_v2_18f.csv,Equity,common_equity,high,v2.18G added from v2.18F potential_net_new; candidate_id=TWSE_TWSE_1623; crosscheck_status=matched_stock_day_all; possible_existing excluded; canonical not modified,,06,,,TWSE,twse_tpex_v2_18g,,,,TWD,XTAI,v2.18G,https://openapi.twse.com.tw/v1/opendata/t187ap03_L,,,,TWSE,v2.18G,1623,大東電業廠股份有限公司,,,
1626.TW,艾美特(開曼)國際有限公司,TWSE,Taiwan,TWSE,outputs\full_universe_source_acquisition\twse_tpex_candidate_validation_classification_v2_18f.csv,Equity,common_equity,high,v2.18G added from v2.18F potential_net_new; candidate_id=TWSE_TWSE_1626; crosscheck_status=matched_stock_day_all; possible_existing excluded; canonical not modified,,06,,,TWSE,twse_tpex_v2_18g,,,,TWD,XTAI,v2.18G,https://openapi.twse.com.tw/v1/opendata/t187ap03_L,,,,TWSE,v2.18G,1626,艾美特(開曼)國際有限公司,,,
1702.TW,南僑投資控股股份有限公司,TWSE,Taiwan,TWSE,outputs\full_universe_source_acquisition\twse_tpex_candidate_validation_classification_v2_18f.csv,Equity,common_equity,high,v2.18G added from v2.18F potential_net_new; candidate_id=TWSE_TWSE_1702; crosscheck_status=matched_stock_day_all; possible_existing excluded; canonical not modified,,02,,,TWSE,twse_tpex_v2_18g,,,,TWD,XTAI,v2.18G,https://openapi.twse.com.tw/v1/opendata/t187ap03_L,,,,TWSE,v2.18G,1702,南僑投資控股股份有限公司,,,
1707.TW,葡萄王生技股份有限公司,TWSE,Taiwan,TWSE,outputs\full_universe_source_acquisition\twse_tpex_candidate_validation_classification_v2_18f.csv,Equity,common_equity,high,v2.18G added from v2.18F potential_net_new; candidate_id=TWSE_TWSE_1707; crosscheck_status=matched_stock_day_all; possible_existing excluded; canonical not modified,,22,,,TWSE,twse_tpex_v2_18g,,,,TWD,XTAI,v2.18G,https://openapi.twse.com.tw/v1/opendata/t187ap03_L,,,,TWSE,v2.18G,1707,葡萄王生技股份有限公司,,,
1708.TW,東南實業股份有限公司,TWSE,Taiwan,TWSE,outputs\full_universe_source_acquisition\twse_tpex_candidate_validation_classification_v2_18f.csv,Equity,common_equity,high,v2.18G added from v2.18F potential_net_new; candidate_id=TWSE_TWSE_1708; crosscheck_status=matched_stock_day_all; possible_existing excluded; canonical not modified,,21,,,TWSE,twse_tpex_v2_18g,,,,TWD,XTAI,v2.18G,https://openapi.twse.com.tw/v1/opendata/t187ap03_L,,,,TWSE,v2.18G,1708,東南實業股份有限公司,,,
1709.TW,和益化學工業股份有限公司,TWSE,Taiwan,TWSE,outputs\full_universe_source_acquisition\twse_tpex_candidate_validation_classification_v2_18f.csv,Equity,common_equity,high,v2.18G added from v2.18F potential_net_new; candidate_id=TWSE_TWSE_1709; crosscheck_status=matched_stock_day_all; possible_existing excluded; canonical not modified,,21,,,TWSE,twse_tpex_v2_18g,,,,TWD,XTAI,v2.18G,https://openapi.twse.com.tw/v1/opendata/t187ap03_L,,,,TWSE,v2.18G,1709,和益化學工業股份有限公司,,,
1710.TW,東聯化學股份有限公司,TWSE,Taiwan,TWSE,outputs\full_universe_source_acquisition\twse_tpex_candidate_validation_classification_v2_18f.csv,Equity,common_equity,high,v2.18G added from v2.18F potential_net_new; candidate_id=TWSE_TWSE_1710; crosscheck_status=matched_stock_day_all; possible_existing excluded; canonical not modified,,21,,,TWSE,twse_tpex_v2_18g,,,,TWD,XTAI,v2.18G,https://openapi.twse.com.tw/v1/opendata/t187ap03_L,,,,TWSE,v2.18G,1710,東聯化學股份有限公司,,,
1712.TW,興農股份有限公司,TWSE,Taiwan,TWSE,outputs\full_universe_source_acquisition\twse_tpex_candidate_validation_classification_v2_18f.csv,Equity,common_equity,high,v2.18G added from v2.18F potential_net_new; candidate_id=TWSE_TWSE_1712; crosscheck_status=matched_stock_day_all; possible_existing excluded; canonical not modified,,21,,,TWSE,twse_tpex_v2_18g,,,,TWD,XTAI,v2.18G,https://openapi.twse.com.tw/v1/opendata/t187ap03_L,,,,TWSE,v2.18G,1712,興農股份有限公司,,,
1713.TW,國泰化工廠股份有限公司,TWSE,Taiwan,TWSE,outputs\full_universe_source_acquisition\twse_tpex_candidate_validation_classification_v2_18f.csv,Equity,common_equity,high,v2.18G added from v2.18F potential_net_new; candidate_id=TWSE_TWSE_1713; crosscheck_status=matched_stock_day_all; possible_existing excluded; canonical not modified,,21,,,TWSE,twse_tpex_v2_18g,,,,TWD,XTAI,v2.18G,https://openapi.twse.com.tw/v1/opendata/t187ap03_L,,,,TWSE,v2.18G,1713,國泰化工廠股份有限公司,,,
1714.TW,和桐化學股份有限公司,TWSE,Taiwan,TWSE,outputs\full_universe_source_acquisition\twse_tpex_candidate_validation_classification_v2_18f.csv,Equity,common_equity,high,v2.18G added from v2.18F potential_net_new; candidate_id=TWSE_TWSE_1714; crosscheck_status=matched_stock_day_all; possible_existing excluded; canonical not modified,,21,,,TWSE,twse_tpex_v2_18g,,,,TWD,XTAI,v2.18G,https://openapi.twse.com.tw/v1/opendata/t187ap03_L,,,,TWSE,v2.18G,1714,和桐化學股份有限公司,,,
1722.TW,台灣肥料股份有限公司,TWSE,Taiwan,TWSE,outputs\full_universe_source_acquisition\twse_tpex_candidate_validation_classification_v2_18f.csv,Equity,common_equity,high,v2.18G added from v2.18F potential_net_new; candidate_id=TWSE_TWSE_1722; crosscheck_status=matched_stock_day_all; possible_existing excluded; canonical not modified,,21,,,TWSE,twse_tpex_v2_18g,,,,TWD,XTAI,v2.18G,https://openapi.twse.com.tw/v1/opendata/t187ap03_L,,,,TWSE,v2.18G,1722,台灣肥料股份有限公司,,,
1725.TW,元禎企業股份有限公司,TWSE,Taiwan,TWSE,outputs\full_universe_source_acquisition\twse_tpex_candidate_validation_classification_v2_18f.csv,Equity,common_equity,high,v2.18G added from v2.18F potential_net_new; candidate_id=TWSE_TWSE_1725; crosscheck_status=matched_stock_day_all; possible_existing excluded; canonical not modified,,21,,,TWSE,twse_tpex_v2_18g,,,,TWD,XTAI,v2.18G,https://openapi.twse.com.tw/v1/opendata/t187ap03_L,,,,TWSE,v2.18G,1725,元禎企業股份有限公司,,,
1726.TW,永記造漆工業股份有限公司,TWSE,Taiwan,TWSE,outputs\full_universe_source_acquisition\twse_tpex_candidate_validation_classification_v2_18f.csv,Equity,common_equity,high,v2.18G added from v2.18F potential_net_new; candidate_id=TWSE_TWSE_1726; crosscheck_status=matched_stock_day_all; possible_existing excluded; canonical not modified,,21,,,TWSE,twse_tpex_v2_18g,,,,TWD,XTAI,v2.18G,https://openapi.twse.com.tw/v1/opendata/t187ap03_L,,,,TWSE,v2.18G,1726,永記造漆工業股份有限公司,,,
1727.TW,臺灣中華化學工業股份有限公司,TWSE,Taiwan,TWSE,outputs\full_universe_source_acquisition\twse_tpex_candidate_validation_classification_v2_18f.csv,Equity,common_equity,high,v2.18G added from v2.18F potential_net_new; candidate_id=TWSE_TWSE_1727; crosscheck_status=matched_stock_day_all; possible_existing excluded; canonical not modified,,21,,,TWSE,twse_tpex_v2_18g,,,,TWD,XTAI,v2.18G,https://openapi.twse.com.tw/v1/opendata/t187ap03_L,,,,TWSE,v2.18G,1727,臺灣中華化學工業股份有限公司,,,
1730.TW,花仙子企業股份有限公司,TWSE,Taiwan,TWSE,outputs\full_universe_source_acquisition\twse_tpex_candidate_validation_classification_v2_18f.csv,Equity,common_equity,high,v2.18G added from v2.18F potential_net_new; candidate_id=TWSE_TWSE_1730; crosscheck_status=matched_stock_day_all; possible_existing excluded; canonical not modified,,21,,,TWSE,twse_tpex_v2_18g,,,,TWD,XTAI,v2.18G,https://openapi.twse.com.tw/v1/opendata/t187ap03_L,,,,TWSE,v2.18G,1730,花仙子企業股份有限公司,,,
1731.TW,美吾華股份有限公司,TWSE,Taiwan,TWSE,outputs\full_universe_source_acquisition\twse_tpex_candidate_validation_classification_v2_18f.csv,Equity,common_equity,high,v2.18G added from v2.18F potential_net_new; candidate_id=TWSE_TWSE_1731; crosscheck_status=matched_stock_day_all; possible_existing excluded; canonical not modified,,22,,,TWSE,twse_tpex_v2_18g,,,,TWD,XTAI,v2.18G,https://openapi.twse.com.tw/v1/opendata/t187ap03_L,,,,TWSE,v2.18G,1731,美吾華股份有限公司,,,
1732.TW,毛寶股份有限公司,TWSE,Taiwan,TWSE,outputs\full_universe_source_acquisition\twse_tpex_candidate_validation_classification_v2_18f.csv,Equity,common_equity,high,v2.18G added from v2.18F potential_net_new; candidate_id=TWSE_TWSE_1732; crosscheck_status=matched_stock_day_all; possible_existing excluded; canonical not modified,,21,,,TWSE,twse_tpex_v2_18g,,,,TWD,XTAI,v2.18G,https://openapi.twse.com.tw/v1/opendata/t187ap03_L,,,,TWSE,v2.18G,1732,毛寶股份有限公司,,,
1733.TW,五鼎生物技術股份有限公司,TWSE,Taiwan,TWSE,outputs\full_universe_source_acquisition\twse_tpex_candidate_validation_classification_v2_18f.csv,Equity,common_equity,high,v2.18G added from v2.18F potential_net_new; candidate_id=TWSE_TWSE_1733; crosscheck_status=matched_stock_day_all; possible_existing excluded; canonical not modified,,22,,,TWSE,twse_tpex_v2_18g,,,,TWD,XTAI,v2.18G,https://openapi.twse.com.tw/v1/opendata/t187ap03_L,,,,TWSE,v2.18G,1733,五鼎生物技術股份有限公司,,,
1734.TW,杏輝藥品工業股份有限公司,TWSE,Taiwan,TWSE,outputs\full_universe_source_acquisition\twse_tpex_candidate_validation_classification_v2_18f.csv,Equity,common_equity,high,v2.18G added from v2.18F potential_net_new; candidate_id=TWSE_TWSE_1734; crosscheck_status=matched_stock_day_all; possible_existing excluded; canonical not modified,,22,,,TWSE,twse_tpex_v2_18g,,,,TWD,XTAI,v2.18G,https://openapi.twse.com.tw/v1/opendata/t187ap03_L,,,,TWSE,v2.18G,1734,杏輝藥品工業股份有限公司,,,
1735.TW,日勝化工股份有限公司,TWSE,Taiwan,TWSE,outputs\full_universe_source_acquisition\twse_tpex_candidate_validation_classification_v2_18f.csv,Equity,common_equity,high,v2.18G added from v2.18F potential_net_new; candidate_id=TWSE_TWSE_1735; crosscheck_status=matched_stock_day_all; possible_existing excluded; canonical not modified,,21,,,TWSE,twse_tpex_v2_18g,,,,TWD,XTAI,v2.18G,https://openapi.twse.com.tw/v1/opendata/t187ap03_L,,,,TWSE,v2.18G,1735,日勝化工股份有限公司,,,
1737.TW,臺鹽實業股份有限公司,TWSE,Taiwan,TWSE,outputs\full_universe_source_acquisition\twse_tpex_candidate_validation_classification_v2_18f.csv,Equity,common_equity,high,v2.18G added from v2.18F potential_net_new; candidate_id=TWSE_TWSE_1737; crosscheck_status=matched_stock_day_all; possible_existing excluded; canonical not modified,,02,,,TWSE,twse_tpex_v2_18g,,,,TWD,XTAI,v2.18G,https://openapi.twse.com.tw/v1/opendata/t187ap03_L,,,,TWSE,v2.18G,1737,臺鹽實業股份有限公司,,,
1752.TW,南光化學製藥股份有限公司,TWSE,Taiwan,TWSE,outputs\full_universe_source_acquisition\twse_tpex_candidate_validation_classification_v2_18f.csv,Equity,common_equity,high,v2.18G added from v2.18F potential_net_new; candidate_id=TWSE_TWSE_1752; crosscheck_status=matched_stock_day_all; possible_existing excluded; canonical not modified,,22,,,TWSE,twse_tpex_v2_18g,,,,TWD,XTAI,v2.18G,https://openapi.twse.com.tw/v1/opendata/t187ap03_L,,,,TWSE,v2.18G,1752,南光化學製藥股份有限公司,,,
1760.TW,寶齡富錦生技股份有限公司,TWSE,Taiwan,TWSE,outputs\full_universe_source_acquisition\twse_tpex_candidate_validation_classification_v2_18f.csv,Equity,common_equity,high,v2.18G added from v2.18F potential_net_new; candidate_id=TWSE_TWSE_1760; crosscheck_status=matched_stock_day_all; possible_existing excluded; canonical not modified,,22,,,TWSE,twse_tpex_v2_18g,,,,TWD,XTAI,v2.18G,https://openapi.twse.com.tw/v1/opendata/t187ap03_L,,,,TWSE,v2.18G,1760,寶齡富錦生技股份有限公司,,,
1773.TW,勝一化工股份有限公司,TWSE,Taiwan,TWSE,outputs\full_universe_source_acquisition\twse_tpex_candidate_validation_classification_v2_18f.csv,Equity,common_equity,high,v2.18G added from v2.18F potential_net_new; candidate_id=TWSE_TWSE_1773; crosscheck_status=matched_stock_day_all; possible_existing excluded; canonical not modified,,21,,,TWSE,twse_tpex_v2_18g,,,,TWD,XTAI,v2.18G,https://openapi.twse.com.tw/v1/opendata/t187ap03_L,,,,TWSE,v2.18G,1773,勝一化工股份有限公司,,,
1776.TW,展宇科技材料股份有限公司,TWSE,Taiwan,TWSE,outputs\full_universe_source_acquisition\twse_tpex_candidate_validation_classification_v2_18f.csv,Equity,common_equity,high,v2.18G added from v2.18F potential_net_new; candidate_id=TWSE_TWSE_1776; crosscheck_status=matched_stock_day_all; possible_existing excluded; canonical not modified,,21,,,TWSE,twse_tpex_v2_18g,,,,TWD,XTAI,v2.18G,https://openapi.twse.com.tw/v1/opendata/t187ap03_L,,,,TWSE,v2.18G,1776,展宇科技材料股份有限公司,,,
1789.TW,台灣神隆股份有限公司,TWSE,Taiwan,TWSE,outputs\full_universe_source_acquisition\twse_tpex_candidate_validation_classification_v2_18f.csv,Equity,common_equity,high,v2.18G added from v2.18F potential_net_new; candidate_id=TWSE_TWSE_1789; crosscheck_status=matched_stock_day_all; possible_existing excluded; canonical not modified,,22,,,TWSE,twse_tpex_v2_18g,,,,TWD,XTAI,v2.18G,https://openapi.twse.com.tw/v1/opendata/t187ap03_L,,,,TWSE,v2.18G,1789,台灣神隆股份有限公司,,,
1805.TW,寶徠建設股份有限公司,TWSE,Taiwan,TWSE,outputs\full_universe_source_acquisition\twse_tpex_candidate_validation_classification_v2_18f.csv,Equity,common_equity,high,v2.18G added from v2.18F potential_net_new; candidate_id=TWSE_TWSE_1805; crosscheck_status=matched_stock_day_all; possible_existing excluded; canonical not modified,,14,,,TWSE,twse_tpex_v2_18g,,,,TWD,XTAI,v2.18G,https://openapi.twse.com.tw/v1/opendata/t187ap03_L,,,,TWSE,v2.18G,1805,寶徠建設股份有限公司,,,
1806.TW,冠軍建材股份有限公司,TWSE,Taiwan,TWSE,outputs\full_universe_source_acquisition\twse_tpex_candidate_validation_classification_v2_18f.csv,Equity,common_equity,high,v2.18G added from v2.18F potential_net_new; candidate_id=TWSE_TWSE_1806; crosscheck_status=matched_stock_day_all; possible_existing excluded; canonical not modified,,08,,,TWSE,twse_tpex_v2_18g,,,,TWD,XTAI,v2.18G,https://openapi.twse.com.tw/v1/opendata/t187ap03_L,,,,TWSE,v2.18G,1806,冠軍建材股份有限公司,,,
1809.TW,中國製釉股份有限公司,TWSE,Taiwan,TWSE,outputs\full_universe_source_acquisition\twse_tpex_candidate_validation_classification_v2_18f.csv,Equity,common_equity,high,v2.18G added from v2.18F potential_net_new; candidate_id=TWSE_TWSE_1809; crosscheck_status=matched_stock_day_all; possible_existing excluded; canonical not modified,,08,,,TWSE,twse_tpex_v2_18g,,,,TWD,XTAI,v2.18G,https://openapi.twse.com.tw/v1/opendata/t187ap03_L,,,,TWSE,v2.18G,1809,中國製釉股份有限公司,,,
1817.TW,凱撒衛浴股份有限公司,TWSE,Taiwan,TWSE,outputs\full_universe_source_acquisition\twse_tpex_candidate_validation_classification_v2_18f.csv,Equity,common_equity,high,v2.18G added from v2.18F potential_net_new; candidate_id=TWSE_TWSE_1817; crosscheck_status=matched_stock_day_all; possible_existing excluded; canonical not modified,,08,,,TWSE,twse_tpex_v2_18g,,,,TWD,XTAI,v2.18G,https://openapi.twse.com.tw/v1/opendata/t187ap03_L,,,,TWSE,v2.18G,1817,凱撒衛浴股份有限公司,,,
1903.TW,士林紙業股份有限公司,TWSE,Taiwan,TWSE,outputs\full_universe_source_acquisition\twse_tpex_candidate_validation_classification_v2_18f.csv,Equity,common_equity,high,v2.18G added from v2.18F potential_net_new; candidate_id=TWSE_TWSE_1903; crosscheck_status=matched_stock_day_all; possible_existing excluded; canonical not modified,,09,,,TWSE,twse_tpex_v2_18g,,,,TWD,XTAI,v2.18G,https://openapi.twse.com.tw/v1/opendata/t187ap03_L,,,,TWSE,v2.18G,1903,士林紙業股份有限公司,,,
1906.TW,寶隆國際股份有限公司,TWSE,Taiwan,TWSE,outputs\full_universe_source_acquisition\twse_tpex_candidate_validation_classification_v2_18f.csv,Equity,common_equity,high,v2.18G added from v2.18F potential_net_new; candidate_id=TWSE_TWSE_1906; crosscheck_status=matched_stock_day_all; possible_existing excluded; canonical not modified,,09,,,TWSE,twse_tpex_v2_18g,,,,TWD,XTAI,v2.18G,https://openapi.twse.com.tw/v1/opendata/t187ap03_L,,,,TWSE,v2.18G,1906,寶隆國際股份有限公司,,,
1907.TW,永豐餘投資控股股份有限公司,TWSE,Taiwan,TWSE,outputs\full_universe_source_acquisition\twse_tpex_candidate_validation_classification_v2_18f.csv,Equity,common_equity,high,v2.18G added from v2.18F potential_net_new; candidate_id=TWSE_TWSE_1907; crosscheck_status=matched_stock_day_all; possible_existing excluded; canonical not modified,,09,,,TWSE,twse_tpex_v2_18g,,,,TWD,XTAI,v2.18G,https://openapi.twse.com.tw/v1/opendata/t187ap03_L,,,,TWSE,v2.18G,1907,永豐餘投資控股股份有限公司,,,
2006.TW,東和鋼鐵企業股份有限公司,TWSE,Taiwan,TWSE,outputs\full_universe_source_acquisition\twse_tpex_candidate_validation_classification_v2_18f.csv,Equity,common_equity,high,v2.18G added from v2.18F potential_net_new; candidate_id=TWSE_TWSE_2006; crosscheck_status=matched_stock_day_all; possible_existing excluded; canonical not modified,,10,,,TWSE,twse_tpex_v2_18g,,,,TWD,XTAI,v2.18G,https://openapi.twse.com.tw/v1/opendata/t187ap03_L,,,,TWSE,v2.18G,2006,東和鋼鐵企業股份有限公司,,,
2007.TW,燁興企業股份有限公司,TWSE,Taiwan,TWSE,outputs\full_universe_source_acquisition\twse_tpex_candidate_validation_classification_v2_18f.csv,Equity,common_equity,high,v2.18G added from v2.18F potential_net_new; candidate_id=TWSE_TWSE_2007; crosscheck_status=matched_stock_day_all; possible_existing excluded; canonical not modified,,10,,,TWSE,twse_tpex_v2_18g,,,,TWD,XTAI,v2.18G,https://openapi.twse.com.tw/v1/opendata/t187ap03_L,,,,TWSE,v2.18G,2007,燁興企業股份有限公司,,,
2008.TW,高興昌鋼鐵股份有限公司,TWSE,Taiwan,TWSE,outputs\full_universe_source_acquisition\twse_tpex_candidate_validation_classification_v2_18f.csv,Equity,common_equity,high,v2.18G added from v2.18F potential_net_new; candidate_id=TWSE_TWSE_2008; crosscheck_status=matched_stock_day_all; possible_existing excluded; canonical not modified,,10,,,TWSE,twse_tpex_v2_18g,,,,TWD,XTAI,v2.18G,https://openapi.twse.com.tw/v1/opendata/t187ap03_L,,,,TWSE,v2.18G,2008,高興昌鋼鐵股份有限公司,,,
2010.TW,春源鋼鐵工業股份有限公司,TWSE,Taiwan,TWSE,outputs\full_universe_source_acquisition\twse_tpex_candidate_validation_classification_v2_18f.csv,Equity,common_equity,high,v2.18G added from v2.18F potential_net_new; candidate_id=TWSE_TWSE_2010; crosscheck_status=matched_stock_day_all; possible_existing excluded; canonical not modified,,10,,,TWSE,twse_tpex_v2_18g,,,,TWD,XTAI,v2.18G,https://openapi.twse.com.tw/v1/opendata/t187ap03_L,,,,TWSE,v2.18G,2010,春源鋼鐵工業股份有限公司,,,
2012.TW,春雨工廠股份有限公司,TWSE,Taiwan,TWSE,outputs\full_universe_source_acquisition\twse_tpex_candidate_validation_classification_v2_18f.csv,Equity,common_equity,high,v2.18G added from v2.18F potential_net_new; candidate_id=TWSE_TWSE_2012; crosscheck_status=matched_stock_day_all; possible_existing excluded; canonical not modified,,10,,,TWSE,twse_tpex_v2_18g,,,,TWD,XTAI,v2.18G,https://openapi.twse.com.tw/v1/opendata/t187ap03_L,,,,TWSE,v2.18G,2012,春雨工廠股份有限公司,,,
2013.TW,中國鋼鐵結構股份有限公司,TWSE,Taiwan,TWSE,outputs\full_universe_source_acquisition\twse_tpex_candidate_validation_classification_v2_18f.csv,Equity,common_equity,high,v2.18G added from v2.18F potential_net_new; candidate_id=TWSE_TWSE_2013; crosscheck_status=matched_stock_day_all; possible_existing excluded; canonical not modified,,10,,,TWSE,twse_tpex_v2_18g,,,,TWD,XTAI,v2.18G,https://openapi.twse.com.tw/v1/opendata/t187ap03_L,,,,TWSE,v2.18G,2013,中國鋼鐵結構股份有限公司,,,
2014.TW,中鴻鋼鐵股份有限公司,TWSE,Taiwan,TWSE,outputs\full_universe_source_acquisition\twse_tpex_candidate_validation_classification_v2_18f.csv,Equity,common_equity,high,v2.18G added from v2.18F potential_net_new; candidate_id=TWSE_TWSE_2014; crosscheck_status=matched_stock_day_all; possible_existing excluded; canonical not modified,,10,,,TWSE,twse_tpex_v2_18g,,,,TWD,XTAI,v2.18G,https://openapi.twse.com.tw/v1/opendata/t187ap03_L,,,,TWSE,v2.18G,2014,中鴻鋼鐵股份有限公司,,,
2015.TW,豐興鋼鐵股份有限公司,TWSE,Taiwan,TWSE,outputs\full_universe_source_acquisition\twse_tpex_candidate_validation_classification_v2_18f.csv,Equity,common_equity,high,v2.18G added from v2.18F potential_net_new; candidate_id=TWSE_TWSE_2015; crosscheck_status=matched_stock_day_all; possible_existing excluded; canonical not modified,,10,,,TWSE,twse_tpex_v2_18g,,,,TWD,XTAI,v2.18G,https://openapi.twse.com.tw/v1/opendata/t187ap03_L,,,,TWSE,v2.18G,2015,豐興鋼鐵股份有限公司,,,
2017.TW,官田鋼鐵股份有限公司,TWSE,Taiwan,TWSE,outputs\full_universe_source_acquisition\twse_tpex_candidate_validation_classification_v2_18f.csv,Equity,common_equity,high,v2.18G added from v2.18F potential_net_new; candidate_id=TWSE_TWSE_2017; crosscheck_status=matched_stock_day_all; possible_existing excluded; canonical not modified,,10,,,TWSE,twse_tpex_v2_18g,,,,TWD,XTAI,v2.18G,https://openapi.twse.com.tw/v1/opendata/t187ap03_L,,,,TWSE,v2.18G,2017,官田鋼鐵股份有限公司,,,
2020.TW,美亞鋼管廠股份有限公司,TWSE,Taiwan,TWSE,outputs\full_universe_source_acquisition\twse_tpex_candidate_validation_classification_v2_18f.csv,Equity,common_equity,high,v2.18G added from v2.18F potential_net_new; candidate_id=TWSE_TWSE_2020; crosscheck_status=matched_stock_day_all; possible_existing excluded; canonical not modified,,10,,,TWSE,twse_tpex_v2_18g,,,,TWD,XTAI,v2.18G,https://openapi.twse.com.tw/v1/opendata/t187ap03_L,,,,TWSE,v2.18G,2020,美亞鋼管廠股份有限公司,,,
2022.TW,聚亨企業股份有限公司,TWSE,Taiwan,TWSE,outputs\full_universe_source_acquisition\twse_tpex_candidate_validation_classification_v2_18f.csv,Equity,common_equity,high,v2.18G added from v2.18F potential_net_new; candidate_id=TWSE_TWSE_2022; crosscheck_status=matched_stock_day_all; possible_existing excluded; canonical not modified,,10,,,TWSE,twse_tpex_v2_18g,,,,TWD,XTAI,v2.18G,https://openapi.twse.com.tw/v1/opendata/t187ap03_L,,,,TWSE,v2.18G,2022,聚亨企業股份有限公司,,,
2023.TW,燁輝企業股份有限公司,TWSE,Taiwan,TWSE,outputs\full_universe_source_acquisition\twse_tpex_candidate_validation_classification_v2_18f.csv,Equity,common_equity,high,v2.18G added from v2.18F potential_net_new; candidate_id=TWSE_TWSE_2023; crosscheck_status=matched_stock_day_all; possible_existing excluded; canonical not modified,,10,,,TWSE,twse_tpex_v2_18g,,,,TWD,XTAI,v2.18G,https://openapi.twse.com.tw/v1/opendata/t187ap03_L,,,,TWSE,v2.18G,2023,燁輝企業股份有限公司,,,
2024.TW,志聯工業股份有限公司,TWSE,Taiwan,TWSE,outputs\full_universe_source_acquisition\twse_tpex_candidate_validation_classification_v2_18f.csv,Equity,common_equity,high,v2.18G added from v2.18F potential_net_new; candidate_id=TWSE_TWSE_2024; crosscheck_status=matched_stock_day_all; possible_existing excluded; canonical not modified,,10,,,TWSE,twse_tpex_v2_18g,,,,TWD,XTAI,v2.18G,https://openapi.twse.com.tw/v1/opendata/t187ap03_L,,,,TWSE,v2.18G,2024,志聯工業股份有限公司,,,
2025.TW,千興不銹鋼(股)公司,TWSE,Taiwan,TWSE,outputs\full_universe_source_acquisition\twse_tpex_candidate_validation_classification_v2_18f.csv,Equity,common_equity,high,v2.18G added from v2.18F potential_net_new; candidate_id=TWSE_TWSE_2025; crosscheck_status=matched_stock_day_all; possible_existing excluded; canonical not modified,,10,,,TWSE,twse_tpex_v2_18g,,,,TWD,XTAI,v2.18G,https://openapi.twse.com.tw/v1/opendata/t187ap03_L,,,,TWSE,v2.18G,2025,千興不銹鋼(股)公司,,,
2027.TW,大成不銹鋼工業股份有限公司,TWSE,Taiwan,TWSE,outputs\full_universe_source_acquisition\twse_tpex_candidate_validation_classification_v2_18f.csv,Equity,common_equity,high,v2.18G added from v2.18F potential_net_new; candidate_id=TWSE_TWSE_2027; crosscheck_status=matched_stock_day_all; possible_existing excluded; canonical not modified,,10,,,TWSE,twse_tpex_v2_18g,,,,TWD,XTAI,v2.18G,https://openapi.twse.com.tw/v1/opendata/t187ap03_L,,,,TWSE,v2.18G,2027,大成不銹鋼工業股份有限公司,,,
2028.TW,威致鋼鐵工業股份有限公司,TWSE,Taiwan,TWSE,outputs\full_universe_source_acquisition\twse_tpex_candidate_validation_classification_v2_18f.csv,Equity,common_equity,high,v2.18G added from v2.18F potential_net_new; candidate_id=TWSE_TWSE_2028; crosscheck_status=matched_stock_day_all; possible_existing excluded; canonical not modified,,10,,,TWSE,twse_tpex_v2_18g,,,,TWD,XTAI,v2.18G,https://openapi.twse.com.tw/v1/opendata/t187ap03_L,,,,TWSE,v2.18G,2028,威致鋼鐵工業股份有限公司,,,
2029.TW,盛餘股份有限公司,TWSE,Taiwan,TWSE,outputs\full_universe_source_acquisition\twse_tpex_candidate_validation_classification_v2_18f.csv,Equity,common_equity,high,v2.18G added from v2.18F potential_net_new; candidate_id=TWSE_TWSE_2029; crosscheck_status=matched_stock_day_all; possible_existing excluded; canonical not modified,,10,,,TWSE,twse_tpex_v2_18g,,,,TWD,XTAI,v2.18G,https://openapi.twse.com.tw/v1/opendata/t187ap03_L,,,,TWSE,v2.18G,2029,盛餘股份有限公司,,,
2030.TW,彰源企業股份有限公司,TWSE,Taiwan,TWSE,outputs\full_universe_source_acquisition\twse_tpex_candidate_validation_classification_v2_18f.csv,Equity,common_equity,high,v2.18G added from v2.18F potential_net_new; candidate_id=TWSE_TWSE_2030; crosscheck_status=matched_stock_day_all; possible_existing excluded; canonical not modified,,10,,,TWSE,twse_tpex_v2_18g,,,,TWD,XTAI,v2.18G,https://openapi.twse.com.tw/v1/opendata/t187ap03_L,,,,TWSE,v2.18G,2030,彰源企業股份有限公司,,,
2031.TW,新光鋼鐵股份有限公司,TWSE,Taiwan,TWSE,outputs\full_universe_source_acquisition\twse_tpex_candidate_validation_classification_v2_18f.csv,Equity,common_equity,high,v2.18G added from v2.18F potential_net_new; candidate_id=TWSE_TWSE_2031; crosscheck_status=matched_stock_day_all; possible_existing excluded; canonical not modified,,10,,,TWSE,twse_tpex_v2_18g,,,,TWD,XTAI,v2.18G,https://openapi.twse.com.tw/v1/opendata/t187ap03_L,,,,TWSE,v2.18G,2031,新光鋼鐵股份有限公司,,,
2032.TW,新鋼工業股份有限公司,TWSE,Taiwan,TWSE,outputs\full_universe_source_acquisition\twse_tpex_candidate_validation_classification_v2_18f.csv,Equity,common_equity,high,v2.18G added from v2.18F potential_net_new; candidate_id=TWSE_TWSE_2032; crosscheck_status=matched_stock_day_all; possible_existing excluded; canonical not modified,,10,,,TWSE,twse_tpex_v2_18g,,,,TWD,XTAI,v2.18G,https://openapi.twse.com.tw/v1/opendata/t187ap03_L,,,,TWSE,v2.18G,2032,新鋼工業股份有限公司,,,
2033.TW,佳大世界股份有限公司,TWSE,Taiwan,TWSE,outputs\full_universe_source_acquisition\twse_tpex_candidate_validation_classification_v2_18f.csv,Equity,common_equity,high,v2.18G added from v2.18F potential_net_new; candidate_id=TWSE_TWSE_2033; crosscheck_status=matched_stock_day_all; possible_existing excluded; canonical not modified,,10,,,TWSE,twse_tpex_v2_18g,,,,TWD,XTAI,v2.18G,https://openapi.twse.com.tw/v1/opendata/t187ap03_L,,,,TWSE,v2.18G,2033,佳大世界股份有限公司,,,
2034.TW,允強實業股份有限公司,TWSE,Taiwan,TWSE,outputs\full_universe_source_acquisition\twse_tpex_candidate_validation_classification_v2_18f.csv,Equity,common_equity,high,v2.18G added from v2.18F potential_net_new; candidate_id=TWSE_TWSE_2034; crosscheck_status=matched_stock_day_all; possible_existing excluded; canonical not modified,,10,,,TWSE,twse_tpex_v2_18g,,,,TWD,XTAI,v2.18G,https://openapi.twse.com.tw/v1/opendata/t187ap03_L,,,,TWSE,v2.18G,2034,允強實業股份有限公司,,,
2038.TW,海光企業股份有限公司,TWSE,Taiwan,TWSE,outputs\full_universe_source_acquisition\twse_tpex_candidate_validation_classification_v2_18f.csv,Equity,common_equity,high,v2.18G added from v2.18F potential_net_new; candidate_id=TWSE_TWSE_2038; crosscheck_status=matched_stock_day_all; possible_existing excluded; canonical not modified,,10,,,TWSE,twse_tpex_v2_18g,,,,TWD,XTAI,v2.18G,https://openapi.twse.com.tw/v1/opendata/t187ap03_L,,,,TWSE,v2.18G,2038,海光企業股份有限公司,,,
2049.TW,上銀科技股份有限公司,TWSE,Taiwan,TWSE,outputs\full_universe_source_acquisition\twse_tpex_candidate_validation_classification_v2_18f.csv,Equity,common_equity,high,v2.18G added from v2.18F potential_net_new; candidate_id=TWSE_TWSE_2049; crosscheck_status=matched_stock_day_all; possible_existing excluded; canonical not modified,,05,,,TWSE,twse_tpex_v2_18g,,,,TWD,XTAI,v2.18G,https://openapi.twse.com.tw/v1/opendata/t187ap03_L,,,,TWSE,v2.18G,2049,上銀科技股份有限公司,,,
2059.TW,川湖科技股份有限公司,TWSE,Taiwan,TWSE,outputs\full_universe_source_acquisition\twse_tpex_candidate_validation_classification_v2_18f.csv,Equity,common_equity,high,v2.18G added from v2.18F potential_net_new; candidate_id=TWSE_TWSE_2059; crosscheck_status=matched_stock_day_all; possible_existing excluded; canonical not modified,,28,,,TWSE,twse_tpex_v2_18g,,,,TWD,XTAI,v2.18G,https://openapi.twse.com.tw/v1/opendata/t187ap03_L,,,,TWSE,v2.18G,2059,川湖科技股份有限公司,,,
2062.TW,橋椿金屬股份有限公司,TWSE,Taiwan,TWSE,outputs\full_universe_source_acquisition\twse_tpex_candidate_validation_classification_v2_18f.csv,Equity,common_equity,high,v2.18G added from v2.18F potential_net_new; candidate_id=TWSE_TWSE_2062; crosscheck_status=matched_stock_day_all; possible_existing excluded; canonical not modified,,38,,,TWSE,twse_tpex_v2_18g,,,,TWD,XTAI,v2.18G,https://openapi.twse.com.tw/v1/opendata/t187ap03_L,,,,TWSE,v2.18G,2062,橋椿金屬股份有限公司,,,
2069.TW,運錩鋼鐵股份有限公司,TWSE,Taiwan,TWSE,outputs\full_universe_source_acquisition\twse_tpex_candidate_validation_classification_v2_18f.csv,Equity,common_equity,high,v2.18G added from v2.18F potential_net_new; candidate_id=TWSE_TWSE_2069; crosscheck_status=matched_stock_day_all; possible_existing excluded; canonical not modified,,10,,,TWSE,twse_tpex_v2_18g,,,,TWD,XTAI,v2.18G,https://openapi.twse.com.tw/v1/opendata/t187ap03_L,,,,TWSE,v2.18G,2069,運錩鋼鐵股份有限公司,,,
2072.TW,世紀離岸風電設備股份有限公司,TWSE,Taiwan,TWSE,outputs\full_universe_source_acquisition\twse_tpex_candidate_validation_classification_v2_18f.csv,Equity,common_equity,high,v2.18G added from v2.18F potential_net_new; candidate_id=TWSE_TWSE_2072; crosscheck_status=matched_stock_day_all; possible_existing excluded; canonical not modified,,35,,,TWSE,twse_tpex_v2_18g,,,,TWD,XTAI,v2.18G,https://openapi.twse.com.tw/v1/opendata/t187ap03_L,,,,TWSE,v2.18G,2072,世紀離岸風電設備股份有限公司,,,
2101.TW,南港輪胎股份有限公司,TWSE,Taiwan,TWSE,outputs\full_universe_source_acquisition\twse_tpex_candidate_validation_classification_v2_18f.csv,Equity,common_equity,high,v2.18G added from v2.18F potential_net_new; candidate_id=TWSE_TWSE_2101; crosscheck_status=matched_stock_day_all; possible_existing excluded; canonical not modified,,11,,,TWSE,twse_tpex_v2_18g,,,,TWD,XTAI,v2.18G,https://openapi.twse.com.tw/v1/opendata/t187ap03_L,,,,TWSE,v2.18G,2101,南港輪胎股份有限公司,,,
2102.TW,泰豐輪胎股份有限公司,TWSE,Taiwan,TWSE,outputs\full_universe_source_acquisition\twse_tpex_candidate_validation_classification_v2_18f.csv,Equity,common_equity,high,v2.18G added from v2.18F potential_net_new; candidate_id=TWSE_TWSE_2102; crosscheck_status=matched_stock_day_all; possible_existing excluded; canonical not modified,,11,,,TWSE,twse_tpex_v2_18g,,,,TWD,XTAI,v2.18G,https://openapi.twse.com.tw/v1/opendata/t187ap03_L,,,,TWSE,v2.18G,2102,泰豐輪胎股份有限公司,,,
2103.TW,台橡股份有限公司,TWSE,Taiwan,TWSE,outputs\full_universe_source_acquisition\twse_tpex_candidate_validation_classification_v2_18f.csv,Equity,common_equity,high,v2.18G added from v2.18F potential_net_new; candidate_id=TWSE_TWSE_2103; crosscheck_status=matched_stock_day_all; possible_existing excluded; canonical not modified,,11,,,TWSE,twse_tpex_v2_18g,,,,TWD,XTAI,v2.18G,https://openapi.twse.com.tw/v1/opendata/t187ap03_L,,,,TWSE,v2.18G,2103,台橡股份有限公司,,,
2104.TW,國際中橡投資控股股份有限公司,TWSE,Taiwan,TWSE,outputs\full_universe_source_acquisition\twse_tpex_candidate_validation_classification_v2_18f.csv,Equity,common_equity,high,v2.18G added from v2.18F potential_net_new; candidate_id=TWSE_TWSE_2104; crosscheck_status=matched_stock_day_all; possible_existing excluded; canonical not modified,,11,,,TWSE,twse_tpex_v2_18g,,,,TWD,XTAI,v2.18G,https://openapi.twse.com.tw/v1/opendata/t187ap03_L,,,,TWSE,v2.18G,2104,國際中橡投資控股股份有限公司,,,
2105.TW,正新橡膠工業股份有限公司,TWSE,Taiwan,TWSE,outputs\full_universe_source_acquisition\twse_tpex_candidate_validation_classification_v2_18f.csv,Equity,common_equity,high,v2.18G added from v2.18F potential_net_new; candidate_id=TWSE_TWSE_2105; crosscheck_status=matched_stock_day_all; possible_existing excluded; canonical not modified,,11,,,TWSE,twse_tpex_v2_18g,,,,TWD,XTAI,v2.18G,https://openapi.twse.com.tw/v1/opendata/t187ap03_L,,,,TWSE,v2.18G,2105,正新橡膠工業股份有限公司,,,
2106.TW,建大工業股份有限公司,TWSE,Taiwan,TWSE,outputs\full_universe_source_acquisition\twse_tpex_candidate_validation_classification_v2_18f.csv,Equity,common_equity,high,v2.18G added from v2.18F potential_net_new; candidate_id=TWSE_TWSE_2106; crosscheck_status=matched_stock_day_all; possible_existing excluded; canonical not modified,,11,,,TWSE,twse_tpex_v2_18g,,,,TWD,XTAI,v2.18G,https://openapi.twse.com.tw/v1/opendata/t187ap03_L,,,,TWSE,v2.18G,2106,建大工業股份有限公司,,,
2107.TW,厚生股份有限公司,TWSE,Taiwan,TWSE,outputs\full_universe_source_acquisition\twse_tpex_candidate_validation_classification_v2_18f.csv,Equity,common_equity,high,v2.18G added from v2.18F potential_net_new; candidate_id=TWSE_TWSE_2107; crosscheck_status=matched_stock_day_all; possible_existing excluded; canonical not modified,,11,,,TWSE,twse_tpex_v2_18g,,,,TWD,XTAI,v2.18G,https://openapi.twse.com.tw/v1/opendata/t187ap03_L,,,,TWSE,v2.18G,2107,厚生股份有限公司,,,
2115.TW,六暉控股股份有限公司,TWSE,Taiwan,TWSE,outputs\full_universe_source_acquisition\twse_tpex_candidate_validation_classification_v2_18f.csv,Equity,common_equity,high,v2.18G added from v2.18F potential_net_new; candidate_id=TWSE_TWSE_2115; crosscheck_status=matched_stock_day_all; possible_existing excluded; canonical not modified,,12,,,TWSE,twse_tpex_v2_18g,,,,TWD,XTAI,v2.18G,https://openapi.twse.com.tw/v1/opendata/t187ap03_L,,,,TWSE,v2.18G,2115,六暉控股股份有限公司,,,
2227.TW,裕隆日產汽車股份有限公司,TWSE,Taiwan,TWSE,outputs\full_universe_source_acquisition\twse_tpex_candidate_validation_classification_v2_18f.csv,Equity,common_equity,high,v2.18G added from v2.18F potential_net_new; candidate_id=TWSE_TWSE_2227; crosscheck_status=matched_stock_day_all; possible_existing excluded; canonical not modified,,12,,,TWSE,twse_tpex_v2_18g,,,,TWD,XTAI,v2.18G,https://openapi.twse.com.tw/v1/opendata/t187ap03_L,,,,TWSE,v2.18G,2227,裕隆日產汽車股份有限公司,,,
2228.TW,劍麟股份有限公司,TWSE,Taiwan,TWSE,outputs\full_universe_source_acquisition\twse_tpex_candidate_validation_classification_v2_18f.csv,Equity,common_equity,high,v2.18G added from v2.18F potential_net_new; candidate_id=TWSE_TWSE_2228; crosscheck_status=matched_stock_day_all; possible_existing excluded; canonical not modified,,12,,,TWSE,twse_tpex_v2_18g,,,,TWD,XTAI,v2.18G,https://openapi.twse.com.tw/v1/opendata/t187ap03_L,,,,TWSE,v2.18G,2228,劍麟股份有限公司,,,
2231.TW,為升電裝工業股份有限公司,TWSE,Taiwan,TWSE,outputs\full_universe_source_acquisition\twse_tpex_candidate_validation_classification_v2_18f.csv,Equity,common_equity,high,v2.18G added from v2.18F potential_net_new; candidate_id=TWSE_TWSE_2231; crosscheck_status=matched_stock_day_all; possible_existing excluded; canonical not modified,,12,,,TWSE,twse_tpex_v2_18g,,,,TWD,XTAI,v2.18G,https://openapi.twse.com.tw/v1/opendata/t187ap03_L,,,,TWSE,v2.18G,2231,為升電裝工業股份有限公司,,,
2233.TW,宇隆科技股份有限公司,TWSE,Taiwan,TWSE,outputs\full_universe_source_acquisition\twse_tpex_candidate_validation_classification_v2_18f.csv,Equity,common_equity,high,v2.18G added from v2.18F potential_net_new; candidate_id=TWSE_TWSE_2233; crosscheck_status=matched_stock_day_all; possible_existing excluded; canonical not modified,,12,,,TWSE,twse_tpex_v2_18g,,,,TWD,XTAI,v2.18G,https://openapi.twse.com.tw/v1/opendata/t187ap03_L,,,,TWSE,v2.18G,2233,宇隆科技股份有限公司,,,
2236.TW,百達精密工業股份有限公司,TWSE,Taiwan,TWSE,outputs\full_universe_source_acquisition\twse_tpex_candidate_validation_classification_v2_18f.csv,Equity,common_equity,high,v2.18G added from v2.18F potential_net_new; candidate_id=TWSE_TWSE_2236; crosscheck_status=matched_stock_day_all; possible_existing excluded; canonical not modified,,12,,,TWSE,twse_tpex_v2_18g,,,,TWD,XTAI,v2.18G,https://openapi.twse.com.tw/v1/opendata/t187ap03_L,,,,TWSE,v2.18G,2236,百達精密工業股份有限公司,,,
2237.TW,華德動能科技股份有限公司,TWSE,Taiwan,TWSE,outputs\full_universe_source_acquisition\twse_tpex_candidate_validation_classification_v2_18f.csv,Equity,common_equity,high,v2.18G added from v2.18F potential_net_new; candidate_id=TWSE_TWSE_2237; crosscheck_status=matched_stock_day_all; possible_existing excluded; canonical not modified,,12,,,TWSE,twse_tpex_v2_18g,,,,TWD,XTAI,v2.18G,https://openapi.twse.com.tw/v1/opendata/t187ap03_L,,,,TWSE,v2.18G,2237,華德動能科技股份有限公司,,,
2239.TW,開曼英利工業股份有限公司,TWSE,Taiwan,TWSE,outputs\full_universe_source_acquisition\twse_tpex_candidate_validation_classification_v2_18f.csv,Equity,common_equity,high,v2.18G added from v2.18F potential_net_new; candidate_id=TWSE_TWSE_2239; crosscheck_status=matched_stock_day_all; possible_existing excluded; canonical not modified,,12,,,TWSE,twse_tpex_v2_18g,,,,TWD,XTAI,v2.18G,https://openapi.twse.com.tw/v1/opendata/t187ap03_L,,,,TWSE,v2.18G,2239,開曼英利工業股份有限公司,,,
2241.TW,艾姆勒科技股份有限公司,TWSE,Taiwan,TWSE,outputs\full_universe_source_acquisition\twse_tpex_candidate_validation_classification_v2_18f.csv,Equity,common_equity,high,v2.18G added from v2.18F potential_net_new; candidate_id=TWSE_TWSE_2241; crosscheck_status=matched_stock_day_all; possible_existing excluded; canonical not modified,,12,,,TWSE,twse_tpex_v2_18g,,,,TWD,XTAI,v2.18G,https://openapi.twse.com.tw/v1/opendata/t187ap03_L,,,,TWSE,v2.18G,2241,艾姆勒科技股份有限公司,,,
2243.TW,宏旭控股股份有限公司,TWSE,Taiwan,TWSE,outputs\full_universe_source_acquisition\twse_tpex_candidate_validation_classification_v2_18f.csv,Equity,common_equity,high,v2.18G added from v2.18F potential_net_new; candidate_id=TWSE_TWSE_2243; crosscheck_status=matched_stock_day_all; possible_existing excluded; canonical not modified,,12,,,TWSE,twse_tpex_v2_18g,,,,TWD,XTAI,v2.18G,https://openapi.twse.com.tw/v1/opendata/t187ap03_L,,,,TWSE,v2.18G,2243,宏旭控股股份有限公司,,,
2247.TW,汎德永業汽車股份有限公司,TWSE,Taiwan,TWSE,outputs\full_universe_source_acquisition\twse_tpex_candidate_validation_classification_v2_18f.csv,Equity,common_equity,high,v2.18G added from v2.18F potential_net_new; candidate_id=TWSE_TWSE_2247; crosscheck_status=matched_stock_day_all; possible_existing excluded; canonical not modified,,12,,,TWSE,twse_tpex_v2_18g,,,,TWD,XTAI,v2.18G,https://openapi.twse.com.tw/v1/opendata/t187ap03_L,,,,TWSE,v2.18G,2247,汎德永業汽車股份有限公司,,,
2248.TW,華勝汽車電子股份有限公司,TWSE,Taiwan,TWSE,outputs\full_universe_source_acquisition\twse_tpex_candidate_validation_classification_v2_18f.csv,Equity,common_equity,high,v2.18G added from v2.18F potential_net_new; candidate_id=TWSE_TWSE_2248; crosscheck_status=matched_stock_day_all; possible_existing excluded; canonical not modified,,12,,,TWSE,twse_tpex_v2_18g,,,,TWD,XTAI,v2.18G,https://openapi.twse.com.tw/v1/opendata/t187ap03_L,,,,TWSE,v2.18G,2248,華勝汽車電子股份有限公司,,,
2250.TW,第一化成控股(開曼)股份有限公司,TWSE,Taiwan,TWSE,outputs\full_universe_source_acquisition\twse_tpex_candidate_validation_classification_v2_18f.csv,Equity,common_equity,high,v2.18G added from v2.18F potential_net_new; candidate_id=TWSE_TWSE_2250; crosscheck_status=matched_stock_day_all; possible_existing excluded; canonical not modified,,12,,,TWSE,twse_tpex_v2_18g,,,,TWD,XTAI,v2.18G,https://openapi.twse.com.tw/v1/opendata/t187ap03_L,,,,TWSE,v2.18G,2250,第一化成控股(開曼)股份有限公司,,,
2254.TW,巨鎧精密工業股份有限公司,TWSE,Taiwan,TWSE,outputs\full_universe_source_acquisition\twse_tpex_candidate_validation_classification_v2_18f.csv,Equity,common_equity,high,v2.18G added from v2.18F potential_net_new; candidate_id=TWSE_TWSE_2254; crosscheck_status=matched_stock_day_all; possible_existing excluded; canonical not modified,,12,,,TWSE,twse_tpex_v2_18g,,,,TWD,XTAI,v2.18G,https://openapi.twse.com.tw/v1/opendata/t187ap03_L,,,,TWSE,v2.18G,2254,巨鎧精密工業股份有限公司,,,
2258.TW,鴻華先進科技股份有限公司,TWSE,Taiwan,TWSE,outputs\full_universe_source_acquisition\twse_tpex_candidate_validation_classification_v2_18f.csv,Equity,common_equity,high,v2.18G added from v2.18F potential_net_new; candidate_id=TWSE_TWSE_2258; crosscheck_status=matched_stock_day_all; possible_existing excluded; canonical not modified,,12,,,TWSE,twse_tpex_v2_18g,,,,TWD,XTAI,v2.18G,https://openapi.twse.com.tw/v1/opendata/t187ap03_L,,,,TWSE,v2.18G,2258,鴻華先進科技股份有限公司,,,
2302.TW,麗正國際科技股份有限公司,TWSE,Taiwan,TWSE,outputs\full_universe_source_acquisition\twse_tpex_candidate_validation_classification_v2_18f.csv,Equity,common_equity,high,v2.18G added from v2.18F potential_net_new; candidate_id=TWSE_TWSE_2302; crosscheck_status=matched_stock_day_all; possible_existing excluded; canonical not modified,,24,,,TWSE,twse_tpex_v2_18g,,,,TWD,XTAI,v2.18G,https://openapi.twse.com.tw/v1/opendata/t187ap03_L,,,,TWSE,v2.18G,2302,麗正國際科技股份有限公司,,,
2308.TW,台達電子工業股份有限公司,TWSE,Taiwan,TWSE,outputs\full_universe_source_acquisition\twse_tpex_candidate_validation_classification_v2_18f.csv,Equity,common_equity,high,v2.18G added from v2.18F potential_net_new; candidate_id=TWSE_TWSE_2308; crosscheck_status=matched_stock_day_all; possible_existing excluded; canonical not modified,,28,,,TWSE,twse_tpex_v2_18g,,,,TWD,XTAI,v2.18G,https://openapi.twse.com.tw/v1/opendata/t187ap03_L,,,,TWSE,v2.18G,2308,台達電子工業股份有限公司,,,
2312.TW,金寶電子工業股份有限公司,TWSE,Taiwan,TWSE,outputs\full_universe_source_acquisition\twse_tpex_candidate_validation_classification_v2_18f.csv,Equity,common_equity,high,v2.18G added from v2.18F potential_net_new; candidate_id=TWSE_TWSE_2312; crosscheck_status=matched_stock_day_all; possible_existing excluded; canonical not modified,,31,,,TWSE,twse_tpex_v2_18g,,,,TWD,XTAI,v2.18G,https://openapi.twse.com.tw/v1/opendata/t187ap03_L,,,,TWSE,v2.18G,2312,金寶電子工業股份有限公司,,,
2313.TW,華通電腦股份有限公司,TWSE,Taiwan,TWSE,outputs\full_universe_source_acquisition\twse_tpex_candidate_validation_classification_v2_18f.csv,Equity,common_equity,high,v2.18G added from v2.18F potential_net_new; candidate_id=TWSE_TWSE_2313; crosscheck_status=matched_stock_day_all; possible_existing excluded; canonical not modified,,28,,,TWSE,twse_tpex_v2_18g,,,,TWD,XTAI,v2.18G,https://openapi.twse.com.tw/v1/opendata/t187ap03_L,,,,TWSE,v2.18G,2313,華通電腦股份有限公司,,,
2314.TW,台揚科技股份有限公司,TWSE,Taiwan,TWSE,outputs\full_universe_source_acquisition\twse_tpex_candidate_validation_classification_v2_18f.csv,Equity,common_equity,high,v2.18G added from v2.18F potential_net_new; candidate_id=TWSE_TWSE_2314; crosscheck_status=matched_stock_day_all; possible_existing excluded; canonical not modified,,27,,,TWSE,twse_tpex_v2_18g,,,,TWD,XTAI,v2.18G,https://openapi.twse.com.tw/v1/opendata/t187ap03_L,,,,TWSE,v2.18G,2314,台揚科技股份有限公司,,,
2316.TW,楠梓電子股份有限公司,TWSE,Taiwan,TWSE,outputs\full_universe_source_acquisition\twse_tpex_candidate_validation_classification_v2_18f.csv,Equity,common_equity,high,v2.18G added from v2.18F potential_net_new; candidate_id=TWSE_TWSE_2316; crosscheck_status=matched_stock_day_all; possible_existing excluded; canonical not modified,,28,,,TWSE,twse_tpex_v2_18g,,,,TWD,XTAI,v2.18G,https://openapi.twse.com.tw/v1/opendata/t187ap03_L,,,,TWSE,v2.18G,2316,楠梓電子股份有限公司,,,
2324.TW,仁寶電腦工業股份有限公司,TWSE,Taiwan,TWSE,outputs\full_universe_source_acquisition\twse_tpex_candidate_validation_classification_v2_18f.csv,Equity,common_equity,high,v2.18G added from v2.18F potential_net_new; candidate_id=TWSE_TWSE_2324; crosscheck_status=matched_stock_day_all; possible_existing excluded; canonical not modified,,25,,,TWSE,twse_tpex_v2_18g,,,,TWD,XTAI,v2.18G,https://openapi.twse.com.tw/v1/opendata/t187ap03_L,,,,TWSE,v2.18G,2324,仁寶電腦工業股份有限公司,,,
2328.TW,廣宇科技股份有限公司,TWSE,Taiwan,TWSE,outputs\full_universe_source_acquisition\twse_tpex_candidate_validation_classification_v2_18f.csv,Equity,common_equity,high,v2.18G added from v2.18F potential_net_new; candidate_id=TWSE_TWSE_2328; crosscheck_status=matched_stock_day_all; possible_existing excluded; canonical not modified,,28,,,TWSE,twse_tpex_v2_18g,,,,TWD,XTAI,v2.18G,https://openapi.twse.com.tw/v1/opendata/t187ap03_L,,,,TWSE,v2.18G,2328,廣宇科技股份有限公司,,,
2344.TW,華邦電子股份有限公司,TWSE,Taiwan,TWSE,outputs\full_universe_source_acquisition\twse_tpex_candidate_validation_classification_v2_18f.csv,Equity,common_equity,high,v2.18G added from v2.18F potential_net_new; candidate_id=TWSE_TWSE_2344; crosscheck_status=matched_stock_day_all; possible_existing excluded; canonical not modified,,24,,,TWSE,twse_tpex_v2_18g,,,,TWD,XTAI,v2.18G,https://openapi.twse.com.tw/v1/opendata/t187ap03_L,,,,TWSE,v2.18G,2344,華邦電子股份有限公司,,,
2347.TW,聯強國際股份有限公司,TWSE,Taiwan,TWSE,outputs\full_universe_source_acquisition\twse_tpex_candidate_validation_classification_v2_18f.csv,Equity,common_equity,high,v2.18G added from v2.18F potential_net_new; candidate_id=TWSE_TWSE_2347; crosscheck_status=matched_stock_day_all; possible_existing excluded; canonical not modified,,29,,,TWSE,twse_tpex_v2_18g,,,,TWD,XTAI,v2.18G,https://openapi.twse.com.tw/v1/opendata/t187ap03_L,,,,TWSE,v2.18G,2347,聯強國際股份有限公司,,,
2348.TW,海悅國際開發股份有限公司,TWSE,Taiwan,TWSE,outputs\full_universe_source_acquisition\twse_tpex_candidate_validation_classification_v2_18f.csv,Equity,common_equity,high,v2.18G added from v2.18F potential_net_new; candidate_id=TWSE_TWSE_2348; crosscheck_status=matched_stock_day_all; possible_existing excluded; canonical not modified,,20,,,TWSE,twse_tpex_v2_18g,,,,TWD,XTAI,v2.18G,https://openapi.twse.com.tw/v1/opendata/t187ap03_L,,,,TWSE,v2.18G,2348,海悅國際開發股份有限公司,,,
2352.TW,佳世達科技股份有限公司,TWSE,Taiwan,TWSE,outputs\full_universe_source_acquisition\twse_tpex_candidate_validation_classification_v2_18f.csv,Equity,common_equity,high,v2.18G added from v2.18F potential_net_new; candidate_id=TWSE_TWSE_2352; crosscheck_status=matched_stock_day_all; possible_existing excluded; canonical not modified,,25,,,TWSE,twse_tpex_v2_18g,,,,TWD,XTAI,v2.18G,https://openapi.twse.com.tw/v1/opendata/t187ap03_L,,,,TWSE,v2.18G,2352,佳世達科技股份有限公司,,,
2355.TW,敬鵬工業股份有限公司,TWSE,Taiwan,TWSE,outputs\full_universe_source_acquisition\twse_tpex_candidate_validation_classification_v2_18f.csv,Equity,common_equity,high,v2.18G added from v2.18F potential_net_new; candidate_id=TWSE_TWSE_2355; crosscheck_status=matched_stock_day_all; possible_existing excluded; canonical not modified,,28,,,TWSE,twse_tpex_v2_18g,,,,TWD,XTAI,v2.18G,https://openapi.twse.com.tw/v1/opendata/t187ap03_L,,,,TWSE,v2.18G,2355,敬鵬工業股份有限公司,,,
2356.TW,英業達股份有限公司,TWSE,Taiwan,TWSE,outputs\full_universe_source_acquisition\twse_tpex_candidate_validation_classification_v2_18f.csv,Equity,common_equity,high,v2.18G added from v2.18F potential_net_new; candidate_id=TWSE_TWSE_2356; crosscheck_status=matched_stock_day_all; possible_existing excluded; canonical not modified,,25,,,TWSE,twse_tpex_v2_18g,,,,TWD,XTAI,v2.18G,https://openapi.twse.com.tw/v1/opendata/t187ap03_L,,,,TWSE,v2.18G,2356,英業達股份有限公司,,,
2357.TW,華碩電腦股份有限公司,TWSE,Taiwan,TWSE,outputs\full_universe_source_acquisition\twse_tpex_candidate_validation_classification_v2_18f.csv,Equity,common_equity,high,v2.18G added from v2.18F potential_net_new; candidate_id=TWSE_TWSE_2357; crosscheck_status=matched_stock_day_all; possible_existing excluded; canonical not modified,,25,,,TWSE,twse_tpex_v2_18g,,,,TWD,XTAI,v2.18G,https://openapi.twse.com.tw/v1/opendata/t187ap03_L,,,,TWSE,v2.18G,2357,華碩電腦股份有限公司,,,
2360.TW,致茂電子股份有限公司,TWSE,Taiwan,TWSE,outputs\full_universe_source_acquisition\twse_tpex_candidate_validation_classification_v2_18f.csv,Equity,common_equity,high,v2.18G added from v2.18F potential_net_new; candidate_id=TWSE_TWSE_2360; crosscheck_status=matched_stock_day_all; possible_existing excluded; canonical not modified,,31,,,TWSE,twse_tpex_v2_18g,,,,TWD,XTAI,v2.18G,https://openapi.twse.com.tw/v1/opendata/t187ap03_L,,,,TWSE,v2.18G,2360,致茂電子股份有限公司,,,
2362.TW,藍天電腦股份有限公司,TWSE,Taiwan,TWSE,outputs\full_universe_source_acquisition\twse_tpex_candidate_validation_classification_v2_18f.csv,Equity,common_equity,high,v2.18G added from v2.18F potential_net_new; candidate_id=TWSE_TWSE_2362; crosscheck_status=matched_stock_day_all; possible_existing excluded; canonical not modified,,25,,,TWSE,twse_tpex_v2_18g,,,,TWD,XTAI,v2.18G,https://openapi.twse.com.tw/v1/opendata/t187ap03_L,,,,TWSE,v2.18G,2362,藍天電腦股份有限公司,,,
2363.TW,矽統科技股份有限公司,TWSE,Taiwan,TWSE,outputs\full_universe_source_acquisition\twse_tpex_candidate_validation_classification_v2_18f.csv,Equity,common_equity,high,v2.18G added from v2.18F potential_net_new; candidate_id=TWSE_TWSE_2363; crosscheck_status=matched_stock_day_all; possible_existing excluded; canonical not modified,,24,,,TWSE,twse_tpex_v2_18g,,,,TWD,XTAI,v2.18G,https://openapi.twse.com.tw/v1/opendata/t187ap03_L,,,,TWSE,v2.18G,2363,矽統科技股份有限公司,,,
2364.TW,倫飛電腦實業股份有限公司,TWSE,Taiwan,TWSE,outputs\full_universe_source_acquisition\twse_tpex_candidate_validation_classification_v2_18f.csv,Equity,common_equity,high,v2.18G added from v2.18F potential_net_new; candidate_id=TWSE_TWSE_2364; crosscheck_status=matched_stock_day_all; possible_existing excluded; canonical not modified,,25,,,TWSE,twse_tpex_v2_18g,,,,TWD,XTAI,v2.18G,https://openapi.twse.com.tw/v1/opendata/t187ap03_L,,,,TWSE,v2.18G,2364,倫飛電腦實業股份有限公司,,,
2365.TW,昆盈企業股份有限公司,TWSE,Taiwan,TWSE,outputs\full_universe_source_acquisition\twse_tpex_candidate_validation_classification_v2_18f.csv,Equity,common_equity,high,v2.18G added from v2.18F potential_net_new; candidate_id=TWSE_TWSE_2365; crosscheck_status=matched_stock_day_all; possible_existing excluded; canonical not modified,,25,,,TWSE,twse_tpex_v2_18g,,,,TWD,XTAI,v2.18G,https://openapi.twse.com.tw/v1/opendata/t187ap03_L,,,,TWSE,v2.18G,2365,昆盈企業股份有限公司,,,
2367.TW,燿華電子股份有限公司,TWSE,Taiwan,TWSE,outputs\full_universe_source_acquisition\twse_tpex_candidate_validation_classification_v2_18f.csv,Equity,common_equity,high,v2.18G added from v2.18F potential_net_new; candidate_id=TWSE_TWSE_2367; crosscheck_status=matched_stock_day_all; possible_existing excluded; canonical not modified,,28,,,TWSE,twse_tpex_v2_18g,,,,TWD,XTAI,v2.18G,https://openapi.twse.com.tw/v1/opendata/t187ap03_L,,,,TWSE,v2.18G,2367,燿華電子股份有限公司,,,
2368.TW,金像電子(股)公司,TWSE,Taiwan,TWSE,outputs\full_universe_source_acquisition\twse_tpex_candidate_validation_classification_v2_18f.csv,Equity,common_equity,high,v2.18G added from v2.18F potential_net_new; candidate_id=TWSE_TWSE_2368; crosscheck_status=matched_stock_day_all; possible_existing excluded; canonical not modified,,28,,,TWSE,twse_tpex_v2_18g,,,,TWD,XTAI,v2.18G,https://openapi.twse.com.tw/v1/opendata/t187ap03_L,,,,TWSE,v2.18G,2368,金像電子(股)公司,,,
2369.TW,菱生精密工業股份有限公司,TWSE,Taiwan,TWSE,outputs\full_universe_source_acquisition\twse_tpex_candidate_validation_classification_v2_18f.csv,Equity,common_equity,high,v2.18G added from v2.18F potential_net_new; candidate_id=TWSE_TWSE_2369; crosscheck_status=matched_stock_day_all; possible_existing excluded; canonical not modified,,24,,,TWSE,twse_tpex_v2_18g,,,,TWD,XTAI,v2.18G,https://openapi.twse.com.tw/v1/opendata/t187ap03_L,,,,TWSE,v2.18G,2369,菱生精密工業股份有限公司,,,
2374.TW,佳能企業股份有限公司,TWSE,Taiwan,TWSE,outputs\full_universe_source_acquisition\twse_tpex_candidate_validation_classification_v2_18f.csv,Equity,common_equity,high,v2.18G added from v2.18F potential_net_new; candidate_id=TWSE_TWSE_2374; crosscheck_status=matched_stock_day_all; possible_existing excluded; canonical not modified,,26,,,TWSE,twse_tpex_v2_18g,,,,TWD,XTAI,v2.18G,https://openapi.twse.com.tw/v1/opendata/t187ap03_L,,,,TWSE,v2.18G,2374,佳能企業股份有限公司,,,
2377.TW,微星科技股份有限公司,TWSE,Taiwan,TWSE,outputs\full_universe_source_acquisition\twse_tpex_candidate_validation_classification_v2_18f.csv,Equity,common_equity,high,v2.18G added from v2.18F potential_net_new; candidate_id=TWSE_TWSE_2377; crosscheck_status=matched_stock_day_all; possible_existing excluded; canonical not modified,,25,,,TWSE,twse_tpex_v2_18g,,,,TWD,XTAI,v2.18G,https://openapi.twse.com.tw/v1/opendata/t187ap03_L,,,,TWSE,v2.18G,2377,微星科技股份有限公司,,,
2380.TW,虹光精密工業股份有限公司,TWSE,Taiwan,TWSE,outputs\full_universe_source_acquisition\twse_tpex_candidate_validation_classification_v2_18f.csv,Equity,common_equity,high,v2.18G added from v2.18F potential_net_new; candidate_id=TWSE_TWSE_2380; crosscheck_status=matched_stock_day_all; possible_existing excluded; canonical not modified,,25,,,TWSE,twse_tpex_v2_18g,,,,TWD,XTAI,v2.18G,https://openapi.twse.com.tw/v1/opendata/t187ap03_L,,,,TWSE,v2.18G,2380,虹光精密工業股份有限公司,,,
2382.TW,廣達電腦股份有限公司,TWSE,Taiwan,TWSE,outputs\full_universe_source_acquisition\twse_tpex_candidate_validation_classification_v2_18f.csv,Equity,common_equity,high,v2.18G added from v2.18F potential_net_new; candidate_id=TWSE_TWSE_2382; crosscheck_status=matched_stock_day_all; possible_existing excluded; canonical not modified,,25,,,TWSE,twse_tpex_v2_18g,,,,TWD,XTAI,v2.18G,https://openapi.twse.com.tw/v1/opendata/t187ap03_L,,,,TWSE,v2.18G,2382,廣達電腦股份有限公司,,,
2383.TW,台光電子材料股份有限公司,TWSE,Taiwan,TWSE,outputs\full_universe_source_acquisition\twse_tpex_candidate_validation_classification_v2_18f.csv,Equity,common_equity,high,v2.18G added from v2.18F potential_net_new; candidate_id=TWSE_TWSE_2383; crosscheck_status=matched_stock_day_all; possible_existing excluded; canonical not modified,,28,,,TWSE,twse_tpex_v2_18g,,,,TWD,XTAI,v2.18G,https://openapi.twse.com.tw/v1/opendata/t187ap03_L,,,,TWSE,v2.18G,2383,台光電子材料股份有限公司,,,
2387.TW,精元電腦股份有限公司,TWSE,Taiwan,TWSE,outputs\full_universe_source_acquisition\twse_tpex_candidate_validation_classification_v2_18f.csv,Equity,common_equity,high,v2.18G added from v2.18F potential_net_new; candidate_id=TWSE_TWSE_2387; crosscheck_status=matched_stock_day_all; possible_existing excluded; canonical not modified,,25,,,TWSE,twse_tpex_v2_18g,,,,TWD,XTAI,v2.18G,https://openapi.twse.com.tw/v1/opendata/t187ap03_L,,,,TWSE,v2.18G,2387,精元電腦股份有限公司,,,
2390.TW,云辰電子開發股份有限公司,TWSE,Taiwan,TWSE,outputs\full_universe_source_acquisition\twse_tpex_candidate_validation_classification_v2_18f.csv,Equity,common_equity,high,v2.18G added from v2.18F potential_net_new; candidate_id=TWSE_TWSE_2390; crosscheck_status=matched_stock_day_all; possible_existing excluded; canonical not modified,,31,,,TWSE,twse_tpex_v2_18g,,,,TWD,XTAI,v2.18G,https://openapi.twse.com.tw/v1/opendata/t187ap03_L,,,,TWSE,v2.18G,2390,云辰電子開發股份有限公司,,,
2392.TW,正崴精密工業股份有限公司,TWSE,Taiwan,TWSE,outputs\full_universe_source_acquisition\twse_tpex_candidate_validation_classification_v2_18f.csv,Equity,common_equity,high,v2.18G added from v2.18F potential_net_new; candidate_id=TWSE_TWSE_2392; crosscheck_status=matched_stock_day_all; possible_existing excluded; canonical not modified,,28,,,TWSE,twse_tpex_v2_18g,,,,TWD,XTAI,v2.18G,https://openapi.twse.com.tw/v1/opendata/t187ap03_L,,,,TWSE,v2.18G,2392,正崴精密工業股份有限公司,,,
2397.TW,友通資訊股份有限公司,TWSE,Taiwan,TWSE,outputs\full_universe_source_acquisition\twse_tpex_candidate_validation_classification_v2_18f.csv,Equity,common_equity,high,v2.18G added from v2.18F potential_net_new; candidate_id=TWSE_TWSE_2397; crosscheck_status=matched_stock_day_all; possible_existing excluded; canonical not modified,,25,,,TWSE,twse_tpex_v2_18g,,,,TWD,XTAI,v2.18G,https://openapi.twse.com.tw/v1/opendata/t187ap03_L,,,,TWSE,v2.18G,2397,友通資訊股份有限公司,,,
2399.TW,映泰股份有限公司,TWSE,Taiwan,TWSE,outputs\full_universe_source_acquisition\twse_tpex_candidate_validation_classification_v2_18f.csv,Equity,common_equity,high,v2.18G added from v2.18F potential_net_new; candidate_id=TWSE_TWSE_2399; crosscheck_status=matched_stock_day_all; possible_existing excluded; canonical not modified,,25,,,TWSE,twse_tpex_v2_18g,,,,TWD,XTAI,v2.18G,https://openapi.twse.com.tw/v1/opendata/t187ap03_L,,,,TWSE,v2.18G,2399,映泰股份有限公司,,,
2401.TW,凌陽科技股份有限公司,TWSE,Taiwan,TWSE,outputs\full_universe_source_acquisition\twse_tpex_candidate_validation_classification_v2_18f.csv,Equity,common_equity,high,v2.18G added from v2.18F potential_net_new; candidate_id=TWSE_TWSE_2401; crosscheck_status=matched_stock_day_all; possible_existing excluded; canonical not modified,,24,,,TWSE,twse_tpex_v2_18g,,,,TWD,XTAI,v2.18G,https://openapi.twse.com.tw/v1/opendata/t187ap03_L,,,,TWSE,v2.18G,2401,凌陽科技股份有限公司,,,
2402.TW,毅嘉科技股份有限公司,TWSE,Taiwan,TWSE,outputs\full_universe_source_acquisition\twse_tpex_candidate_validation_classification_v2_18f.csv,Equity,common_equity,high,v2.18G added from v2.18F potential_net_new; candidate_id=TWSE_TWSE_2402; crosscheck_status=matched_stock_day_all; possible_existing excluded; canonical not modified,,28,,,TWSE,twse_tpex_v2_18g,,,,TWD,XTAI,v2.18G,https://openapi.twse.com.tw/v1/opendata/t187ap03_L,,,,TWSE,v2.18G,2402,毅嘉科技股份有限公司,,,
2405.TW,輔信科技股份有限公司,TWSE,Taiwan,TWSE,outputs\full_universe_source_acquisition\twse_tpex_candidate_validation_classification_v2_18f.csv,Equity,common_equity,high,v2.18G added from v2.18F potential_net_new; candidate_id=TWSE_TWSE_2405; crosscheck_status=matched_stock_day_all; possible_existing excluded; canonical not modified,,25,,,TWSE,twse_tpex_v2_18g,,,,TWD,XTAI,v2.18G,https://openapi.twse.com.tw/v1/opendata/t187ap03_L,,,,TWSE,v2.18G,2405,輔信科技股份有限公司,,,
2406.TW,國碩科技工業股份有限公司,TWSE,Taiwan,TWSE,outputs\full_universe_source_acquisition\twse_tpex_candidate_validation_classification_v2_18f.csv,Equity,common_equity,high,v2.18G added from v2.18F potential_net_new; candidate_id=TWSE_TWSE_2406; crosscheck_status=matched_stock_day_all; possible_existing excluded; canonical not modified,,26,,,TWSE,twse_tpex_v2_18g,,,,TWD,XTAI,v2.18G,https://openapi.twse.com.tw/v1/opendata/t187ap03_L,,,,TWSE,v2.18G,2406,國碩科技工業股份有限公司,,,
2409.TW,友達光電股份有限公司,TWSE,Taiwan,TWSE,outputs\full_universe_source_acquisition\twse_tpex_candidate_validation_classification_v2_18f.csv,Equity,common_equity,high,v2.18G added from v2.18F potential_net_new; candidate_id=TWSE_TWSE_2409; crosscheck_status=matched_stock_day_all; possible_existing excluded; canonical not modified,,26,,,TWSE,twse_tpex_v2_18g,,,,TWD,XTAI,v2.18G,https://openapi.twse.com.tw/v1/opendata/t187ap03_L,,,,TWSE,v2.18G,2409,友達光電股份有限公司,,,
2412.TW,中華電信股份有限公司,TWSE,Taiwan,TWSE,outputs\full_universe_source_acquisition\twse_tpex_candidate_validation_classification_v2_18f.csv,Equity,common_equity,high,v2.18G added from v2.18F potential_net_new; candidate_id=TWSE_TWSE_2412; crosscheck_status=matched_stock_day_all; possible_existing excluded; canonical not modified,,27,,,TWSE,twse_tpex_v2_18g,,,,TWD,XTAI,v2.18G,https://openapi.twse.com.tw/v1/opendata/t187ap03_L,,,,TWSE,v2.18G,2412,中華電信股份有限公司,,,
2414.TW,精技電腦股份有限公司,TWSE,Taiwan,TWSE,outputs\full_universe_source_acquisition\twse_tpex_candidate_validation_classification_v2_18f.csv,Equity,common_equity,high,v2.18G added from v2.18F potential_net_new; candidate_id=TWSE_TWSE_2414; crosscheck_status=matched_stock_day_all; possible_existing excluded; canonical not modified,,29,,,TWSE,twse_tpex_v2_18g,,,,TWD,XTAI,v2.18G,https://openapi.twse.com.tw/v1/opendata/t187ap03_L,,,,TWSE,v2.18G,2414,精技電腦股份有限公司,,,
2417.TW,圓剛科技股份有限公司,TWSE,Taiwan,TWSE,outputs\full_universe_source_acquisition\twse_tpex_candidate_validation_classification_v2_18f.csv,Equity,common_equity,high,v2.18G added from v2.18F potential_net_new; candidate_id=TWSE_TWSE_2417; crosscheck_status=matched_stock_day_all; possible_existing excluded; canonical not modified,,25,,,TWSE,twse_tpex_v2_18g,,,,TWD,XTAI,v2.18G,https://openapi.twse.com.tw/v1/opendata/t187ap03_L,,,,TWSE,v2.18G,2417,圓剛科技股份有限公司,,,
2419.TW,仲琦科技股份有限公司,TWSE,Taiwan,TWSE,outputs\full_universe_source_acquisition\twse_tpex_candidate_validation_classification_v2_18f.csv,Equity,common_equity,high,v2.18G added from v2.18F potential_net_new; candidate_id=TWSE_TWSE_2419; crosscheck_status=matched_stock_day_all; possible_existing excluded; canonical not modified,,27,,,TWSE,twse_tpex_v2_18g,,,,TWD,XTAI,v2.18G,https://openapi.twse.com.tw/v1/opendata/t187ap03_L,,,,TWSE,v2.18G,2419,仲琦科技股份有限公司,,,
2420.TW,新巨企業股份有限公司,TWSE,Taiwan,TWSE,outputs\full_universe_source_acquisition\twse_tpex_candidate_validation_classification_v2_18f.csv,Equity,common_equity,high,v2.18G added from v2.18F potential_net_new; candidate_id=TWSE_TWSE_2420; crosscheck_status=matched_stock_day_all; possible_existing excluded; canonical not modified,,28,,,TWSE,twse_tpex_v2_18g,,,,TWD,XTAI,v2.18G,https://openapi.twse.com.tw/v1/opendata/t187ap03_L,,,,TWSE,v2.18G,2420,新巨企業股份有限公司,,,
2421.TW,建準電機工業股份有限公司,TWSE,Taiwan,TWSE,outputs\full_universe_source_acquisition\twse_tpex_candidate_validation_classification_v2_18f.csv,Equity,common_equity,high,v2.18G added from v2.18F potential_net_new; candidate_id=TWSE_TWSE_2421; crosscheck_status=matched_stock_day_all; possible_existing excluded; canonical not modified,,28,,,TWSE,twse_tpex_v2_18g,,,,TWD,XTAI,v2.18G,https://openapi.twse.com.tw/v1/opendata/t187ap03_L,,,,TWSE,v2.18G,2421,建準電機工業股份有限公司,,,
2423.TW,固緯電子實業股份有限公司,TWSE,Taiwan,TWSE,outputs\full_universe_source_acquisition\twse_tpex_candidate_validation_classification_v2_18f.csv,Equity,common_equity,high,v2.18G added from v2.18F potential_net_new; candidate_id=TWSE_TWSE_2423; crosscheck_status=matched_stock_day_all; possible_existing excluded; canonical not modified,,31,,,TWSE,twse_tpex_v2_18g,,,,TWD,XTAI,v2.18G,https://openapi.twse.com.tw/v1/opendata/t187ap03_L,,,,TWSE,v2.18G,2423,固緯電子實業股份有限公司,,,
2426.TW,鼎元光電科技股份有限公司,TWSE,Taiwan,TWSE,outputs\full_universe_source_acquisition\twse_tpex_candidate_validation_classification_v2_18f.csv,Equity,common_equity,high,v2.18G added from v2.18F potential_net_new; candidate_id=TWSE_TWSE_2426; crosscheck_status=matched_stock_day_all; possible_existing excluded; canonical not modified,,26,,,TWSE,twse_tpex_v2_18g,,,,TWD,XTAI,v2.18G,https://openapi.twse.com.tw/v1/opendata/t187ap03_L,,,,TWSE,v2.18G,2426,鼎元光電科技股份有限公司,,,
2427.TW,三商電腦股份有限公司,TWSE,Taiwan,TWSE,outputs\full_universe_source_acquisition\twse_tpex_candidate_validation_classification_v2_18f.csv,Equity,common_equity,high,v2.18G added from v2.18F potential_net_new; candidate_id=TWSE_TWSE_2427; crosscheck_status=matched_stock_day_all; possible_existing excluded; canonical not modified,,30,,,TWSE,twse_tpex_v2_18g,,,,TWD,XTAI,v2.18G,https://openapi.twse.com.tw/v1/opendata/t187ap03_L,,,,TWSE,v2.18G,2427,三商電腦股份有限公司,,,
2430.TW,燦坤實業股份有限公司,TWSE,Taiwan,TWSE,outputs\full_universe_source_acquisition\twse_tpex_candidate_validation_classification_v2_18f.csv,Equity,common_equity,high,v2.18G added from v2.18F potential_net_new; candidate_id=TWSE_TWSE_2430; crosscheck_status=matched_stock_day_all; possible_existing excluded; canonical not modified,,29,,,TWSE,twse_tpex_v2_18g,,,,TWD,XTAI,v2.18G,https://openapi.twse.com.tw/v1/opendata/t187ap03_L,,,,TWSE,v2.18G,2430,燦坤實業股份有限公司,,,
2431.TW,聯昌電子企業股份有限公司,TWSE,Taiwan,TWSE,outputs\full_universe_source_acquisition\twse_tpex_candidate_validation_classification_v2_18f.csv,Equity,common_equity,high,v2.18G added from v2.18F potential_net_new; candidate_id=TWSE_TWSE_2431; crosscheck_status=matched_stock_day_all; possible_existing excluded; canonical not modified,,28,,,TWSE,twse_tpex_v2_18g,,,,TWD,XTAI,v2.18G,https://openapi.twse.com.tw/v1/opendata/t187ap03_L,,,,TWSE,v2.18G,2431,聯昌電子企業股份有限公司,,,
2434.TW,統懋半導體股份有限公司,TWSE,Taiwan,TWSE,outputs\full_universe_source_acquisition\twse_tpex_candidate_validation_classification_v2_18f.csv,Equity,common_equity,high,v2.18G added from v2.18F potential_net_new; candidate_id=TWSE_TWSE_2434; crosscheck_status=matched_stock_day_all; possible_existing excluded; canonical not modified,,24,,,TWSE,twse_tpex_v2_18g,,,,TWD,XTAI,v2.18G,https://openapi.twse.com.tw/v1/opendata/t187ap03_L,,,,TWSE,v2.18G,2434,統懋半導體股份有限公司,,,
2439.TW,美律實業股份有限公司,TWSE,Taiwan,TWSE,outputs\full_universe_source_acquisition\twse_tpex_candidate_validation_classification_v2_18f.csv,Equity,common_equity,high,v2.18G added from v2.18F potential_net_new; candidate_id=TWSE_TWSE_2439; crosscheck_status=matched_stock_day_all; possible_existing excluded; canonical not modified,,27,,,TWSE,twse_tpex_v2_18g,,,,TWD,XTAI,v2.18G,https://openapi.twse.com.tw/v1/opendata/t187ap03_L,,,,TWSE,v2.18G,2439,美律實業股份有限公司,,,
2441.TW,超豐電子股份有限公司,TWSE,Taiwan,TWSE,outputs\full_universe_source_acquisition\twse_tpex_candidate_validation_classification_v2_18f.csv,Equity,common_equity,high,v2.18G added from v2.18F potential_net_new; candidate_id=TWSE_TWSE_2441; crosscheck_status=matched_stock_day_all; possible_existing excluded; canonical not modified,,24,,,TWSE,twse_tpex_v2_18g,,,,TWD,XTAI,v2.18G,https://openapi.twse.com.tw/v1/opendata/t187ap03_L,,,,TWSE,v2.18G,2441,超豐電子股份有限公司,,,
2442.TW,新美齊股份有限公司,TWSE,Taiwan,TWSE,outputs\full_universe_source_acquisition\twse_tpex_candidate_validation_classification_v2_18f.csv,Equity,common_equity,high,v2.18G added from v2.18F potential_net_new; candidate_id=TWSE_TWSE_2442; crosscheck_status=matched_stock_day_all; possible_existing excluded; canonical not modified,,14,,,TWSE,twse_tpex_v2_18g,,,,TWD,XTAI,v2.18G,https://openapi.twse.com.tw/v1/opendata/t187ap03_L,,,,TWSE,v2.18G,2442,新美齊股份有限公司,,,
2444.TW,兆勁科技股份有限公司,TWSE,Taiwan,TWSE,outputs\full_universe_source_acquisition\twse_tpex_candidate_validation_classification_v2_18f.csv,Equity,common_equity,high,v2.18G added from v2.18F potential_net_new; candidate_id=TWSE_TWSE_2444; crosscheck_status=matched_stock_day_all; possible_existing excluded; canonical not modified,,27,,,TWSE,twse_tpex_v2_18g,,,,TWD,XTAI,v2.18G,https://openapi.twse.com.tw/v1/opendata/t187ap03_L,,,,TWSE,v2.18G,2444,兆勁科技股份有限公司,,,
2450.TW,神腦國際企業股份有限公司,TWSE,Taiwan,TWSE,outputs\full_universe_source_acquisition\twse_tpex_candidate_validation_classification_v2_18f.csv,Equity,common_equity,high,v2.18G added from v2.18F potential_net_new; candidate_id=TWSE_TWSE_2450; crosscheck_status=matched_stock_day_all; possible_existing excluded; canonical not modified,,27,,,TWSE,twse_tpex_v2_18g,,,,TWD,XTAI,v2.18G,https://openapi.twse.com.tw/v1/opendata/t187ap03_L,,,,TWSE,v2.18G,2450,神腦國際企業股份有限公司,,,
2451.TW,創見資訊股份有限公司,TWSE,Taiwan,TWSE,outputs\full_universe_source_acquisition\twse_tpex_candidate_validation_classification_v2_18f.csv,Equity,common_equity,high,v2.18G added from v2.18F potential_net_new; candidate_id=TWSE_TWSE_2451; crosscheck_status=matched_stock_day_all; possible_existing excluded; canonical not modified,,24,,,TWSE,twse_tpex_v2_18g,,,,TWD,XTAI,v2.18G,https://openapi.twse.com.tw/v1/opendata/t187ap03_L,,,,TWSE,v2.18G,2451,創見資訊股份有限公司,,,
2453.TW,凌群電腦股份有限公司,TWSE,Taiwan,TWSE,outputs\full_universe_source_acquisition\twse_tpex_candidate_validation_classification_v2_18f.csv,Equity,common_equity,high,v2.18G added from v2.18F potential_net_new; candidate_id=TWSE_TWSE_2453; crosscheck_status=matched_stock_day_all; possible_existing excluded; canonical not modified,,30,,,TWSE,twse_tpex_v2_18g,,,,TWD,XTAI,v2.18G,https://openapi.twse.com.tw/v1/opendata/t187ap03_L,,,,TWSE,v2.18G,2453,凌群電腦股份有限公司,,,
2455.TW,全新光電科技股份有限公司,TWSE,Taiwan,TWSE,outputs\full_universe_source_acquisition\twse_tpex_candidate_validation_classification_v2_18f.csv,Equity,common_equity,high,v2.18G added from v2.18F potential_net_new; candidate_id=TWSE_TWSE_2455; crosscheck_status=matched_stock_day_all; possible_existing excluded; canonical not modified,,27,,,TWSE,twse_tpex_v2_18g,,,,TWD,XTAI,v2.18G,https://openapi.twse.com.tw/v1/opendata/t187ap03_L,,,,TWSE,v2.18G,2455,全新光電科技股份有限公司,,,
2457.TW,飛宏科技股份有限公司,TWSE,Taiwan,TWSE,outputs\full_universe_source_acquisition\twse_tpex_candidate_validation_classification_v2_18f.csv,Equity,common_equity,high,v2.18G added from v2.18F potential_net_new; candidate_id=TWSE_TWSE_2457; crosscheck_status=matched_stock_day_all; possible_existing excluded; canonical not modified,,28,,,TWSE,twse_tpex_v2_18g,,,,TWD,XTAI,v2.18G,https://openapi.twse.com.tw/v1/opendata/t187ap03_L,,,,TWSE,v2.18G,2457,飛宏科技股份有限公司,,,
2458.TW,義隆電子股份有限公司,TWSE,Taiwan,TWSE,outputs\full_universe_source_acquisition\twse_tpex_candidate_validation_classification_v2_18f.csv,Equity,common_equity,high,v2.18G added from v2.18F potential_net_new; candidate_id=TWSE_TWSE_2458; crosscheck_status=matched_stock_day_all; possible_existing excluded; canonical not modified,,24,,,TWSE,twse_tpex_v2_18g,,,,TWD,XTAI,v2.18G,https://openapi.twse.com.tw/v1/opendata/t187ap03_L,,,,TWSE,v2.18G,2458,義隆電子股份有限公司,,,
2460.TW,建通精密工業股份有限公司,TWSE,Taiwan,TWSE,outputs\full_universe_source_acquisition\twse_tpex_candidate_validation_classification_v2_18f.csv,Equity,common_equity,high,v2.18G added from v2.18F potential_net_new; candidate_id=TWSE_TWSE_2460; crosscheck_status=matched_stock_day_all; possible_existing excluded; canonical not modified,,28,,,TWSE,twse_tpex_v2_18g,,,,TWD,XTAI,v2.18G,https://openapi.twse.com.tw/v1/opendata/t187ap03_L,,,,TWSE,v2.18G,2460,建通精密工業股份有限公司,,,
2465.TW,麗臺科技股份有限公司,TWSE,Taiwan,TWSE,outputs\full_universe_source_acquisition\twse_tpex_candidate_validation_classification_v2_18f.csv,Equity,common_equity,high,v2.18G added from v2.18F potential_net_new; candidate_id=TWSE_TWSE_2465; crosscheck_status=matched_stock_day_all; possible_existing excluded; canonical not modified,,25,,,TWSE,twse_tpex_v2_18g,,,,TWD,XTAI,v2.18G,https://openapi.twse.com.tw/v1/opendata/t187ap03_L,,,,TWSE,v2.18G,2465,麗臺科技股份有限公司,,,
2466.TW,冠西電子企業股份有限公司,TWSE,Taiwan,TWSE,outputs\full_universe_source_acquisition\twse_tpex_candidate_validation_classification_v2_18f.csv,Equity,common_equity,high,v2.18G added from v2.18F potential_net_new; candidate_id=TWSE_TWSE_2466; crosscheck_status=matched_stock_day_all; possible_existing excluded; canonical not modified,,26,,,TWSE,twse_tpex_v2_18g,,,,TWD,XTAI,v2.18G,https://openapi.twse.com.tw/v1/opendata/t187ap03_L,,,,TWSE,v2.18G,2466,冠西電子企業股份有限公司,,,
2467.TW,志聖工業股份有限公司,TWSE,Taiwan,TWSE,outputs\full_universe_source_acquisition\twse_tpex_candidate_validation_classification_v2_18f.csv,Equity,common_equity,high,v2.18G added from v2.18F potential_net_new; candidate_id=TWSE_TWSE_2467; crosscheck_status=matched_stock_day_all; possible_existing excluded; canonical not modified,,28,,,TWSE,twse_tpex_v2_18g,,,,TWD,XTAI,v2.18G,https://openapi.twse.com.tw/v1/opendata/t187ap03_L,,,,TWSE,v2.18G,2467,志聖工業股份有限公司,,,
2468.TW,華經資訊企業股份有限公司,TWSE,Taiwan,TWSE,outputs\full_universe_source_acquisition\twse_tpex_candidate_validation_classification_v2_18f.csv,Equity,common_equity,high,v2.18G added from v2.18F potential_net_new; candidate_id=TWSE_TWSE_2468; crosscheck_status=matched_stock_day_all; possible_existing excluded; canonical not modified,,30,,,TWSE,twse_tpex_v2_18g,,,,TWD,XTAI,v2.18G,https://openapi.twse.com.tw/v1/opendata/t187ap03_L,,,,TWSE,v2.18G,2468,華經資訊企業股份有限公司,,,
2472.TW,立隆電子工業股份有限公司,TWSE,Taiwan,TWSE,outputs\full_universe_source_acquisition\twse_tpex_candidate_validation_classification_v2_18f.csv,Equity,common_equity,high,v2.18G added from v2.18F potential_net_new; candidate_id=TWSE_TWSE_2472; crosscheck_status=matched_stock_day_all; possible_existing excluded; canonical not modified,,28,,,TWSE,twse_tpex_v2_18g,,,,TWD,XTAI,v2.18G,https://openapi.twse.com.tw/v1/opendata/t187ap03_L,,,,TWSE,v2.18G,2472,立隆電子工業股份有限公司,,,
2474.TW,可成科技股份有限公司,TWSE,Taiwan,TWSE,outputs\full_universe_source_acquisition\twse_tpex_candidate_validation_classification_v2_18f.csv,Equity,common_equity,high,v2.18G added from v2.18F potential_net_new; candidate_id=TWSE_TWSE_2474; crosscheck_status=matched_stock_day_all; possible_existing excluded; canonical not modified,,31,,,TWSE,twse_tpex_v2_18g,,,,TWD,XTAI,v2.18G,https://openapi.twse.com.tw/v1/opendata/t187ap03_L,,,,TWSE,v2.18G,2474,可成科技股份有限公司,,,
2476.TW,鉅祥企業股份有限公司,TWSE,Taiwan,TWSE,outputs\full_universe_source_acquisition\twse_tpex_candidate_validation_classification_v2_18f.csv,Equity,common_equity,high,v2.18G added from v2.18F potential_net_new; candidate_id=TWSE_TWSE_2476; crosscheck_status=matched_stock_day_all; possible_existing excluded; canonical not modified,,28,,,TWSE,twse_tpex_v2_18g,,,,TWD,XTAI,v2.18G,https://openapi.twse.com.tw/v1/opendata/t187ap03_L,,,,TWSE,v2.18G,2476,鉅祥企業股份有限公司,,,
2478.TW,大毅科技股份有限公司,TWSE,Taiwan,TWSE,outputs\full_universe_source_acquisition\twse_tpex_candidate_validation_classification_v2_18f.csv,Equity,common_equity,high,v2.18G added from v2.18F potential_net_new; candidate_id=TWSE_TWSE_2478; crosscheck_status=matched_stock_day_all; possible_existing excluded; canonical not modified,,28,,,TWSE,twse_tpex_v2_18g,,,,TWD,XTAI,v2.18G,https://openapi.twse.com.tw/v1/opendata/t187ap03_L,,,,TWSE,v2.18G,2478,大毅科技股份有限公司,,,
2482.TW,連宇股份有限公司,TWSE,Taiwan,TWSE,outputs\full_universe_source_acquisition\twse_tpex_candidate_validation_classification_v2_18f.csv,Equity,common_equity,high,v2.18G added from v2.18F potential_net_new; candidate_id=TWSE_TWSE_2482; crosscheck_status=matched_stock_day_all; possible_existing excluded; canonical not modified,,31,,,TWSE,twse_tpex_v2_18g,,,,TWD,XTAI,v2.18G,https://openapi.twse.com.tw/v1/opendata/t187ap03_L,,,,TWSE,v2.18G,2482,連宇股份有限公司,,,
2486.TW,一詮精密工業股份有限公司,TWSE,Taiwan,TWSE,outputs\full_universe_source_acquisition\twse_tpex_candidate_validation_classification_v2_18f.csv,Equity,common_equity,high,v2.18G added from v2.18F potential_net_new; candidate_id=TWSE_TWSE_2486; crosscheck_status=matched_stock_day_all; possible_existing excluded; canonical not modified,,26,,,TWSE,twse_tpex_v2_18g,,,,TWD,XTAI,v2.18G,https://openapi.twse.com.tw/v1/opendata/t187ap03_L,,,,TWSE,v2.18G,2486,一詮精密工業股份有限公司,,,
2495.TW,普安科技股份有限公司,TWSE,Taiwan,TWSE,outputs\full_universe_source_acquisition\twse_tpex_candidate_validation_classification_v2_18f.csv,Equity,common_equity,high,v2.18G added from v2.18F potential_net_new; candidate_id=TWSE_TWSE_2495; crosscheck_status=matched_stock_day_all; possible_existing excluded; canonical not modified,,25,,,TWSE,twse_tpex_v2_18g,,,,TWD,XTAI,v2.18G,https://openapi.twse.com.tw/v1/opendata/t187ap03_L,,,,TWSE,v2.18G,2495,普安科技股份有限公司,,,
2496.TW,卓越成功股份有限公司,TWSE,Taiwan,TWSE,outputs\full_universe_source_acquisition\twse_tpex_candidate_validation_classification_v2_18f.csv,Equity,common_equity,high,v2.18G added from v2.18F potential_net_new; candidate_id=TWSE_TWSE_2496; crosscheck_status=matched_stock_day_all; possible_existing excluded; canonical not modified,,20,,,TWSE,twse_tpex_v2_18g,,,,TWD,XTAI,v2.18G,https://openapi.twse.com.tw/v1/opendata/t187ap03_L,,,,TWSE,v2.18G,2496,卓越成功股份有限公司,,,
2504.TW,國產建材實業股份有限公司,TWSE,Taiwan,TWSE,outputs\full_universe_source_acquisition\twse_tpex_candidate_validation_classification_v2_18f.csv,Equity,common_equity,high,v2.18G added from v2.18F potential_net_new; candidate_id=TWSE_TWSE_2504; crosscheck_status=matched_stock_day_all; possible_existing excluded; canonical not modified,,14,,,TWSE,twse_tpex_v2_18g,,,,TWD,XTAI,v2.18G,https://openapi.twse.com.tw/v1/opendata/t187ap03_L,,,,TWSE,v2.18G,2504,國產建材實業股份有限公司,,,
2505.TW,國揚實業股份有限公司,TWSE,Taiwan,TWSE,outputs\full_universe_source_acquisition\twse_tpex_candidate_validation_classification_v2_18f.csv,Equity,common_equity,high,v2.18G added from v2.18F potential_net_new; candidate_id=TWSE_TWSE_2505; crosscheck_status=matched_stock_day_all; possible_existing excluded; canonical not modified,,14,,,TWSE,twse_tpex_v2_18g,,,,TWD,XTAI,v2.18G,https://openapi.twse.com.tw/v1/opendata/t187ap03_L,,,,TWSE,v2.18G,2505,國揚實業股份有限公司,,,
2506.TW,太平洋建設股份有限公司,TWSE,Taiwan,TWSE,outputs\full_universe_source_acquisition\twse_tpex_candidate_validation_classification_v2_18f.csv,Equity,common_equity,high,v2.18G added from v2.18F potential_net_new; candidate_id=TWSE_TWSE_2506; crosscheck_status=matched_stock_day_all; possible_existing excluded; canonical not modified,,14,,,TWSE,twse_tpex_v2_18g,,,,TWD,XTAI,v2.18G,https://openapi.twse.com.tw/v1/opendata/t187ap03_L,,,,TWSE,v2.18G,2506,太平洋建設股份有限公司,,,
2509.TW,全坤建設開發股份有限公司,TWSE,Taiwan,TWSE,outputs\full_universe_source_acquisition\twse_tpex_candidate_validation_classification_v2_18f.csv,Equity,common_equity,high,v2.18G added from v2.18F potential_net_new; candidate_id=TWSE_TWSE_2509; crosscheck_status=matched_stock_day_all; possible_existing excluded; canonical not modified,,14,,,TWSE,twse_tpex_v2_18g,,,,TWD,XTAI,v2.18G,https://openapi.twse.com.tw/v1/opendata/t187ap03_L,,,,TWSE,v2.18G,2509,全坤建設開發股份有限公司,,,
2511.TW,太子建設開發股份有限公司,TWSE,Taiwan,TWSE,outputs\full_universe_source_acquisition\twse_tpex_candidate_validation_classification_v2_18f.csv,Equity,common_equity,high,v2.18G added from v2.18F potential_net_new; candidate_id=TWSE_TWSE_2511; crosscheck_status=matched_stock_day_all; possible_existing excluded; canonical not modified,,14,,,TWSE,twse_tpex_v2_18g,,,,TWD,XTAI,v2.18G,https://openapi.twse.com.tw/v1/opendata/t187ap03_L,,,,TWSE,v2.18G,2511,太子建設開發股份有限公司,,,
2514.TW,龍邦國際興業股份有限公司,TWSE,Taiwan,TWSE,outputs\full_universe_source_acquisition\twse_tpex_candidate_validation_classification_v2_18f.csv,Equity,common_equity,high,v2.18G added from v2.18F potential_net_new; candidate_id=TWSE_TWSE_2514; crosscheck_status=matched_stock_day_all; possible_existing excluded; canonical not modified,,20,,,TWSE,twse_tpex_v2_18g,,,,TWD,XTAI,v2.18G,https://openapi.twse.com.tw/v1/opendata/t187ap03_L,,,,TWSE,v2.18G,2514,龍邦國際興業股份有限公司,,,
2515.TW,中華工程股份有限公司,TWSE,Taiwan,TWSE,outputs\full_universe_source_acquisition\twse_tpex_candidate_validation_classification_v2_18f.csv,Equity,common_equity,high,v2.18G added from v2.18F potential_net_new; candidate_id=TWSE_TWSE_2515; crosscheck_status=matched_stock_day_all; possible_existing excluded; canonical not modified,,14,,,TWSE,twse_tpex_v2_18g,,,,TWD,XTAI,v2.18G,https://openapi.twse.com.tw/v1/opendata/t187ap03_L,,,,TWSE,v2.18G,2515,中華工程股份有限公司,,,
2516.TW,新亞建設開發股份有限公司,TWSE,Taiwan,TWSE,outputs\full_universe_source_acquisition\twse_tpex_candidate_validation_classification_v2_18f.csv,Equity,common_equity,high,v2.18G added from v2.18F potential_net_new; candidate_id=TWSE_TWSE_2516; crosscheck_status=matched_stock_day_all; possible_existing excluded; canonical not modified,,14,,,TWSE,twse_tpex_v2_18g,,,,TWD,XTAI,v2.18G,https://openapi.twse.com.tw/v1/opendata/t187ap03_L,,,,TWSE,v2.18G,2516,新亞建設開發股份有限公司,,,
2520.TW,冠德建設股份有限公司,TWSE,Taiwan,TWSE,outputs\full_universe_source_acquisition\twse_tpex_candidate_validation_classification_v2_18f.csv,Equity,common_equity,high,v2.18G added from v2.18F potential_net_new; candidate_id=TWSE_TWSE_2520; crosscheck_status=matched_stock_day_all; possible_existing excluded; canonical not modified,,14,,,TWSE,twse_tpex_v2_18g,,,,TWD,XTAI,v2.18G,https://openapi.twse.com.tw/v1/opendata/t187ap03_L,,,,TWSE,v2.18G,2520,冠德建設股份有限公司,,,
2524.TW,京城建設股份有限公司,TWSE,Taiwan,TWSE,outputs\full_universe_source_acquisition\twse_tpex_candidate_validation_classification_v2_18f.csv,Equity,common_equity,high,v2.18G added from v2.18F potential_net_new; candidate_id=TWSE_TWSE_2524; crosscheck_status=matched_stock_day_all; possible_existing excluded; canonical not modified,,14,,,TWSE,twse_tpex_v2_18g,,,,TWD,XTAI,v2.18G,https://openapi.twse.com.tw/v1/opendata/t187ap03_L,,,,TWSE,v2.18G,2524,京城建設股份有限公司,,,
2527.TW,宏璟建設股份有限公司,TWSE,Taiwan,TWSE,outputs\full_universe_source_acquisition\twse_tpex_candidate_validation_classification_v2_18f.csv,Equity,common_equity,high,v2.18G added from v2.18F potential_net_new; candidate_id=TWSE_TWSE_2527; crosscheck_status=matched_stock_day_all; possible_existing excluded; canonical not modified,,14,,,TWSE,twse_tpex_v2_18g,,,,TWD,XTAI,v2.18G,https://openapi.twse.com.tw/v1/opendata/t187ap03_L,,,,TWSE,v2.18G,2527,宏璟建設股份有限公司,,,
2528.TW,皇普建設股份有限公司,TWSE,Taiwan,TWSE,outputs\full_universe_source_acquisition\twse_tpex_candidate_validation_classification_v2_18f.csv,Equity,common_equity,high,v2.18G added from v2.18F potential_net_new; candidate_id=TWSE_TWSE_2528; crosscheck_status=matched_stock_day_all; possible_existing excluded; canonical not modified,,14,,,TWSE,twse_tpex_v2_18g,,,,TWD,XTAI,v2.18G,https://openapi.twse.com.tw/v1/opendata/t187ap03_L,,,,TWSE,v2.18G,2528,皇普建設股份有限公司,,,
2530.TW,大華建設股份有限公司,TWSE,Taiwan,TWSE,outputs\full_universe_source_acquisition\twse_tpex_candidate_validation_classification_v2_18f.csv,Equity,common_equity,high,v2.18G added from v2.18F potential_net_new; candidate_id=TWSE_TWSE_2530; crosscheck_status=matched_stock_day_all; possible_existing excluded; canonical not modified,,14,,,TWSE,twse_tpex_v2_18g,,,,TWD,XTAI,v2.18G,https://openapi.twse.com.tw/v1/opendata/t187ap03_L,,,,TWSE,v2.18G,2530,大華建設股份有限公司,,,
2534.TW,宏盛建設股份有限公司,TWSE,Taiwan,TWSE,outputs\full_universe_source_acquisition\twse_tpex_candidate_validation_classification_v2_18f.csv,Equity,common_equity,high,v2.18G added from v2.18F potential_net_new; candidate_id=TWSE_TWSE_2534; crosscheck_status=matched_stock_day_all; possible_existing excluded; canonical not modified,,14,,,TWSE,twse_tpex_v2_18g,,,,TWD,XTAI,v2.18G,https://openapi.twse.com.tw/v1/opendata/t187ap03_L,,,,TWSE,v2.18G,2534,宏盛建設股份有限公司,,,
2535.TW,達欣工程股份有限公司,TWSE,Taiwan,TWSE,outputs\full_universe_source_acquisition\twse_tpex_candidate_validation_classification_v2_18f.csv,Equity,common_equity,high,v2.18G added from v2.18F potential_net_new; candidate_id=TWSE_TWSE_2535; crosscheck_status=matched_stock_day_all; possible_existing excluded; canonical not modified,,14,,,TWSE,twse_tpex_v2_18g,,,,TWD,XTAI,v2.18G,https://openapi.twse.com.tw/v1/opendata/t187ap03_L,,,,TWSE,v2.18G,2535,達欣工程股份有限公司,,,
2536.TW,宏普建設股份有限公司,TWSE,Taiwan,TWSE,outputs\full_universe_source_acquisition\twse_tpex_candidate_validation_classification_v2_18f.csv,Equity,common_equity,high,v2.18G added from v2.18F potential_net_new; candidate_id=TWSE_TWSE_2536; crosscheck_status=matched_stock_day_all; possible_existing excluded; canonical not modified,,14,,,TWSE,twse_tpex_v2_18g,,,,TWD,XTAI,v2.18G,https://openapi.twse.com.tw/v1/opendata/t187ap03_L,,,,TWSE,v2.18G,2536,宏普建設股份有限公司,,,
2537.TW,聯上開發股份有限公司,TWSE,Taiwan,TWSE,outputs\full_universe_source_acquisition\twse_tpex_candidate_validation_classification_v2_18f.csv,Equity,common_equity,high,v2.18G added from v2.18F potential_net_new; candidate_id=TWSE_TWSE_2537; crosscheck_status=matched_stock_day_all; possible_existing excluded; canonical not modified,,14,,,TWSE,twse_tpex_v2_18g,,,,TWD,XTAI,v2.18G,https://openapi.twse.com.tw/v1/opendata/t187ap03_L,,,,TWSE,v2.18G,2537,聯上開發股份有限公司,,,
2538.TW,基泰建設股份有限公司,TWSE,Taiwan,TWSE,outputs\full_universe_source_acquisition\twse_tpex_candidate_validation_classification_v2_18f.csv,Equity,common_equity,high,v2.18G added from v2.18F potential_net_new; candidate_id=TWSE_TWSE_2538; crosscheck_status=matched_stock_day_all; possible_existing excluded; canonical not modified,,14,,,TWSE,twse_tpex_v2_18g,,,,TWD,XTAI,v2.18G,https://openapi.twse.com.tw/v1/opendata/t187ap03_L,,,,TWSE,v2.18G,2538,基泰建設股份有限公司,,,
2539.TW,櫻花建設股份有限公司,TWSE,Taiwan,TWSE,outputs\full_universe_source_acquisition\twse_tpex_candidate_validation_classification_v2_18f.csv,Equity,common_equity,high,v2.18G added from v2.18F potential_net_new; candidate_id=TWSE_TWSE_2539; crosscheck_status=matched_stock_day_all; possible_existing excluded; canonical not modified,,14,,,TWSE,twse_tpex_v2_18g,,,,TWD,XTAI,v2.18G,https://openapi.twse.com.tw/v1/opendata/t187ap03_L,,,,TWSE,v2.18G,2539,櫻花建設股份有限公司,,,
2540.TW,愛山林建設開發股份有限公司,TWSE,Taiwan,TWSE,outputs\full_universe_source_acquisition\twse_tpex_candidate_validation_classification_v2_18f.csv,Equity,common_equity,high,v2.18G added from v2.18F potential_net_new; candidate_id=TWSE_TWSE_2540; crosscheck_status=matched_stock_day_all; possible_existing excluded; canonical not modified,,14,,,TWSE,twse_tpex_v2_18g,,,,TWD,XTAI,v2.18G,https://openapi.twse.com.tw/v1/opendata/t187ap03_L,,,,TWSE,v2.18G,2540,愛山林建設開發股份有限公司,,,
2542.TW,興富發建設股份有限公司,TWSE,Taiwan,TWSE,outputs\full_universe_source_acquisition\twse_tpex_candidate_validation_classification_v2_18f.csv,Equity,common_equity,high,v2.18G added from v2.18F potential_net_new; candidate_id=TWSE_TWSE_2542; crosscheck_status=matched_stock_day_all; possible_existing excluded; canonical not modified,,14,,,TWSE,twse_tpex_v2_18g,,,,TWD,XTAI,v2.18G,https://openapi.twse.com.tw/v1/opendata/t187ap03_L,,,,TWSE,v2.18G,2542,興富發建設股份有限公司,,,
2543.TW,皇昌營造股份有限公司,TWSE,Taiwan,TWSE,outputs\full_universe_source_acquisition\twse_tpex_candidate_validation_classification_v2_18f.csv,Equity,common_equity,high,v2.18G added from v2.18F potential_net_new; candidate_id=TWSE_TWSE_2543; crosscheck_status=matched_stock_day_all; possible_existing excluded; canonical not modified,,14,,,TWSE,twse_tpex_v2_18g,,,,TWD,XTAI,v2.18G,https://openapi.twse.com.tw/v1/opendata/t187ap03_L,,,,TWSE,v2.18G,2543,皇昌營造股份有限公司,,,
2545.TW,皇翔建設股份有限公司,TWSE,Taiwan,TWSE,outputs\full_universe_source_acquisition\twse_tpex_candidate_validation_classification_v2_18f.csv,Equity,common_equity,high,v2.18G added from v2.18F potential_net_new; candidate_id=TWSE_TWSE_2545; crosscheck_status=matched_stock_day_all; possible_existing excluded; canonical not modified,,14,,,TWSE,twse_tpex_v2_18g,,,,TWD,XTAI,v2.18G,https://openapi.twse.com.tw/v1/opendata/t187ap03_L,,,,TWSE,v2.18G,2545,皇翔建設股份有限公司,,,
2546.TW,根基營造股份有限公司,TWSE,Taiwan,TWSE,outputs\full_universe_source_acquisition\twse_tpex_candidate_validation_classification_v2_18f.csv,Equity,common_equity,high,v2.18G added from v2.18F potential_net_new; candidate_id=TWSE_TWSE_2546; crosscheck_status=matched_stock_day_all; possible_existing excluded; canonical not modified,,14,,,TWSE,twse_tpex_v2_18g,,,,TWD,XTAI,v2.18G,https://openapi.twse.com.tw/v1/opendata/t187ap03_L,,,,TWSE,v2.18G,2546,根基營造股份有限公司,,,
2547.TW,日勝生活科技股份有限公司,TWSE,Taiwan,TWSE,outputs\full_universe_source_acquisition\twse_tpex_candidate_validation_classification_v2_18f.csv,Equity,common_equity,high,v2.18G added from v2.18F potential_net_new; candidate_id=TWSE_TWSE_2547; crosscheck_status=matched_stock_day_all; possible_existing excluded; canonical not modified,,14,,,TWSE,twse_tpex_v2_18g,,,,TWD,XTAI,v2.18G,https://openapi.twse.com.tw/v1/opendata/t187ap03_L,,,,TWSE,v2.18G,2547,日勝生活科技股份有限公司,,,
2548.TW,華固建設股份有限公司,TWSE,Taiwan,TWSE,outputs\full_universe_source_acquisition\twse_tpex_candidate_validation_classification_v2_18f.csv,Equity,common_equity,high,v2.18G added from v2.18F potential_net_new; candidate_id=TWSE_TWSE_2548; crosscheck_status=matched_stock_day_all; possible_existing excluded; canonical not modified,,14,,,TWSE,twse_tpex_v2_18g,,,,TWD,XTAI,v2.18G,https://openapi.twse.com.tw/v1/opendata/t187ap03_L,,,,TWSE,v2.18G,2548,華固建設股份有限公司,,,
2601.TW,益航股份有限公司,TWSE,Taiwan,TWSE,outputs\full_universe_source_acquisition\twse_tpex_candidate_validation_classification_v2_18f.csv,Equity,common_equity,high,v2.18G added from v2.18F potential_net_new; candidate_id=TWSE_TWSE_2601; crosscheck_status=matched_stock_day_all; possible_existing excluded; canonical not modified,,15,,,TWSE,twse_tpex_v2_18g,,,,TWD,XTAI,v2.18G,https://openapi.twse.com.tw/v1/opendata/t187ap03_L,,,,TWSE,v2.18G,2601,益航股份有限公司,,,
2603.TW,長榮海運股份有限公司,TWSE,Taiwan,TWSE,outputs\full_universe_source_acquisition\twse_tpex_candidate_validation_classification_v2_18f.csv,Equity,common_equity,high,v2.18G added from v2.18F potential_net_new; candidate_id=TWSE_TWSE_2603; crosscheck_status=matched_stock_day_all; possible_existing excluded; canonical not modified,,15,,,TWSE,twse_tpex_v2_18g,,,,TWD,XTAI,v2.18G,https://openapi.twse.com.tw/v1/opendata/t187ap03_L,,,,TWSE,v2.18G,2603,長榮海運股份有限公司,,,
2605.TW,新興航運股份有限公司,TWSE,Taiwan,TWSE,outputs\full_universe_source_acquisition\twse_tpex_candidate_validation_classification_v2_18f.csv,Equity,common_equity,high,v2.18G added from v2.18F potential_net_new; candidate_id=TWSE_TWSE_2605; crosscheck_status=matched_stock_day_all; possible_existing excluded; canonical not modified,,15,,,TWSE,twse_tpex_v2_18g,,,,TWD,XTAI,v2.18G,https://openapi.twse.com.tw/v1/opendata/t187ap03_L,,,,TWSE,v2.18G,2605,新興航運股份有限公司,,,
2606.TW,裕民航運股份有限公司,TWSE,Taiwan,TWSE,outputs\full_universe_source_acquisition\twse_tpex_candidate_validation_classification_v2_18f.csv,Equity,common_equity,high,v2.18G added from v2.18F potential_net_new; candidate_id=TWSE_TWSE_2606; crosscheck_status=matched_stock_day_all; possible_existing excluded; canonical not modified,,15,,,TWSE,twse_tpex_v2_18g,,,,TWD,XTAI,v2.18G,https://openapi.twse.com.tw/v1/opendata/t187ap03_L,,,,TWSE,v2.18G,2606,裕民航運股份有限公司,,,
2608.TW,嘉里大榮物流股份有限公司,TWSE,Taiwan,TWSE,outputs\full_universe_source_acquisition\twse_tpex_candidate_validation_classification_v2_18f.csv,Equity,common_equity,high,v2.18G added from v2.18F potential_net_new; candidate_id=TWSE_TWSE_2608; crosscheck_status=matched_stock_day_all; possible_existing excluded; canonical not modified,,15,,,TWSE,twse_tpex_v2_18g,,,,TWD,XTAI,v2.18G,https://openapi.twse.com.tw/v1/opendata/t187ap03_L,,,,TWSE,v2.18G,2608,嘉里大榮物流股份有限公司,,,
2609.TW,陽明海運股份有限公司,TWSE,Taiwan,TWSE,outputs\full_universe_source_acquisition\twse_tpex_candidate_validation_classification_v2_18f.csv,Equity,common_equity,high,v2.18G added from v2.18F potential_net_new; candidate_id=TWSE_TWSE_2609; crosscheck_status=matched_stock_day_all; possible_existing excluded; canonical not modified,,15,,,TWSE,twse_tpex_v2_18g,,,,TWD,XTAI,v2.18G,https://openapi.twse.com.tw/v1/opendata/t187ap03_L,,,,TWSE,v2.18G,2609,陽明海運股份有限公司,,,
2610.TW,中華航空股份有限公司,TWSE,Taiwan,TWSE,outputs\full_universe_source_acquisition\twse_tpex_candidate_validation_classification_v2_18f.csv,Equity,common_equity,high,v2.18G added from v2.18F potential_net_new; candidate_id=TWSE_TWSE_2610; crosscheck_status=matched_stock_day_all; possible_existing excluded; canonical not modified,,15,,,TWSE,twse_tpex_v2_18g,,,,TWD,XTAI,v2.18G,https://openapi.twse.com.tw/v1/opendata/t187ap03_L,,,,TWSE,v2.18G,2610,中華航空股份有限公司,,,
2611.TW,志信國際股份有限公司,TWSE,Taiwan,TWSE,outputs\full_universe_source_acquisition\twse_tpex_candidate_validation_classification_v2_18f.csv,Equity,common_equity,high,v2.18G added from v2.18F potential_net_new; candidate_id=TWSE_TWSE_2611; crosscheck_status=matched_stock_day_all; possible_existing excluded; canonical not modified,,15,,,TWSE,twse_tpex_v2_18g,,,,TWD,XTAI,v2.18G,https://openapi.twse.com.tw/v1/opendata/t187ap03_L,,,,TWSE,v2.18G,2611,志信國際股份有限公司,,,
2614.TW,東森國際股份有限公司,TWSE,Taiwan,TWSE,outputs\full_universe_source_acquisition\twse_tpex_candidate_validation_classification_v2_18f.csv,Equity,common_equity,high,v2.18G added from v2.18F potential_net_new; candidate_id=TWSE_TWSE_2614; crosscheck_status=matched_stock_day_all; possible_existing excluded; canonical not modified,,20,,,TWSE,twse_tpex_v2_18g,,,,TWD,XTAI,v2.18G,https://openapi.twse.com.tw/v1/opendata/t187ap03_L,,,,TWSE,v2.18G,2614,東森國際股份有限公司,,,
2615.TW,萬海航運股份有限公司,TWSE,Taiwan,TWSE,outputs\full_universe_source_acquisition\twse_tpex_candidate_validation_classification_v2_18f.csv,Equity,common_equity,high,v2.18G added from v2.18F potential_net_new; candidate_id=TWSE_TWSE_2615; crosscheck_status=matched_stock_day_all; possible_existing excluded; canonical not modified,,15,,,TWSE,twse_tpex_v2_18g,,,,TWD,XTAI,v2.18G,https://openapi.twse.com.tw/v1/opendata/t187ap03_L,,,,TWSE,v2.18G,2615,萬海航運股份有限公司,,,
2616.TW,山隆通運股份有限公司,TWSE,Taiwan,TWSE,outputs\full_universe_source_acquisition\twse_tpex_candidate_validation_classification_v2_18f.csv,Equity,common_equity,high,v2.18G added from v2.18F potential_net_new; candidate_id=TWSE_TWSE_2616; crosscheck_status=matched_stock_day_all; possible_existing excluded; canonical not modified,,23,,,TWSE,twse_tpex_v2_18g,,,,TWD,XTAI,v2.18G,https://openapi.twse.com.tw/v1/opendata/t187ap03_L,,,,TWSE,v2.18G,2616,山隆通運股份有限公司,,,
2617.TW,台灣航業股份有限公司,TWSE,Taiwan,TWSE,outputs\full_universe_source_acquisition\twse_tpex_candidate_validation_classification_v2_18f.csv,Equity,common_equity,high,v2.18G added from v2.18F potential_net_new; candidate_id=TWSE_TWSE_2617; crosscheck_status=matched_stock_day_all; possible_existing excluded; canonical not modified,,15,,,TWSE,twse_tpex_v2_18g,,,,TWD,XTAI,v2.18G,https://openapi.twse.com.tw/v1/opendata/t187ap03_L,,,,TWSE,v2.18G,2617,台灣航業股份有限公司,,,
2618.TW,長榮航空股份有限公司,TWSE,Taiwan,TWSE,outputs\full_universe_source_acquisition\twse_tpex_candidate_validation_classification_v2_18f.csv,Equity,common_equity,high,v2.18G added from v2.18F potential_net_new; candidate_id=TWSE_TWSE_2618; crosscheck_status=matched_stock_day_all; possible_existing excluded; canonical not modified,,15,,,TWSE,twse_tpex_v2_18g,,,,TWD,XTAI,v2.18G,https://openapi.twse.com.tw/v1/opendata/t187ap03_L,,,,TWSE,v2.18G,2618,長榮航空股份有限公司,,,
2630.TW,亞洲航空股份有限公司,TWSE,Taiwan,TWSE,outputs\full_universe_source_acquisition\twse_tpex_candidate_validation_classification_v2_18f.csv,Equity,common_equity,high,v2.18G added from v2.18F potential_net_new; candidate_id=TWSE_TWSE_2630; crosscheck_status=matched_stock_day_all; possible_existing excluded; canonical not modified,,15,,,TWSE,twse_tpex_v2_18g,,,,TWD,XTAI,v2.18G,https://openapi.twse.com.tw/v1/opendata/t187ap03_L,,,,TWSE,v2.18G,2630,亞洲航空股份有限公司,,,
2633.TW,台灣高速鐵路股份有限公司,TWSE,Taiwan,TWSE,outputs\full_universe_source_acquisition\twse_tpex_candidate_validation_classification_v2_18f.csv,Equity,common_equity,high,v2.18G added from v2.18F potential_net_new; candidate_id=TWSE_TWSE_2633; crosscheck_status=matched_stock_day_all; possible_existing excluded; canonical not modified,,15,,,TWSE,twse_tpex_v2_18g,,,,TWD,XTAI,v2.18G,https://openapi.twse.com.tw/v1/opendata/t187ap03_L,,,,TWSE,v2.18G,2633,台灣高速鐵路股份有限公司,,,
2634.TW,漢翔航空工業股份有限公司,TWSE,Taiwan,TWSE,outputs\full_universe_source_acquisition\twse_tpex_candidate_validation_classification_v2_18f.csv,Equity,common_equity,high,v2.18G added from v2.18F potential_net_new; candidate_id=TWSE_TWSE_2634; crosscheck_status=matched_stock_day_all; possible_existing excluded; canonical not modified,,15,,,TWSE,twse_tpex_v2_18g,,,,TWD,XTAI,v2.18G,https://openapi.twse.com.tw/v1/opendata/t187ap03_L,,,,TWSE,v2.18G,2634,漢翔航空工業股份有限公司,,,
2636.TW,台驊國際控股股份有限公司,TWSE,Taiwan,TWSE,outputs\full_universe_source_acquisition\twse_tpex_candidate_validation_classification_v2_18f.csv,Equity,common_equity,high,v2.18G added from v2.18F potential_net_new; candidate_id=TWSE_TWSE_2636; crosscheck_status=matched_stock_day_all; possible_existing excluded; canonical not modified,,15,,,TWSE,twse_tpex_v2_18g,,,,TWD,XTAI,v2.18G,https://openapi.twse.com.tw/v1/opendata/t187ap03_L,,,,TWSE,v2.18G,2636,台驊國際控股股份有限公司,,,
2637.TW,慧洋海運股份有限公司,TWSE,Taiwan,TWSE,outputs\full_universe_source_acquisition\twse_tpex_candidate_validation_classification_v2_18f.csv,Equity,common_equity,high,v2.18G added from v2.18F potential_net_new; candidate_id=TWSE_TWSE_2637; crosscheck_status=matched_stock_day_all; possible_existing excluded; canonical not modified,,15,,,TWSE,twse_tpex_v2_18g,,,,TWD,XTAI,v2.18G,https://openapi.twse.com.tw/v1/opendata/t187ap03_L,,,,TWSE,v2.18G,2637,慧洋海運股份有限公司,,,
2642.TW,台灣宅配通股份有限公司,TWSE,Taiwan,TWSE,outputs\full_universe_source_acquisition\twse_tpex_candidate_validation_classification_v2_18f.csv,Equity,common_equity,high,v2.18G added from v2.18F potential_net_new; candidate_id=TWSE_TWSE_2642; crosscheck_status=matched_stock_day_all; possible_existing excluded; canonical not modified,,15,,,TWSE,twse_tpex_v2_18g,,,,TWD,XTAI,v2.18G,https://openapi.twse.com.tw/v1/opendata/t187ap03_L,,,,TWSE,v2.18G,2642,台灣宅配通股份有限公司,,,
2645.TW,長榮航太科技股份有限公司,TWSE,Taiwan,TWSE,outputs\full_universe_source_acquisition\twse_tpex_candidate_validation_classification_v2_18f.csv,Equity,common_equity,high,v2.18G added from v2.18F potential_net_new; candidate_id=TWSE_TWSE_2645; crosscheck_status=matched_stock_day_all; possible_existing excluded; canonical not modified,,15,,,TWSE,twse_tpex_v2_18g,,,,TWD,XTAI,v2.18G,https://openapi.twse.com.tw/v1/opendata/t187ap03_L,,,,TWSE,v2.18G,2645,長榮航太科技股份有限公司,,,
2646.TW,星宇航空股份有限公司,TWSE,Taiwan,TWSE,outputs\full_universe_source_acquisition\twse_tpex_candidate_validation_classification_v2_18f.csv,Equity,common_equity,high,v2.18G added from v2.18F potential_net_new; candidate_id=TWSE_TWSE_2646; crosscheck_status=matched_stock_day_all; possible_existing excluded; canonical not modified,,15,,,TWSE,twse_tpex_v2_18g,,,,TWD,XTAI,v2.18G,https://openapi.twse.com.tw/v1/opendata/t187ap03_L,,,,TWSE,v2.18G,2646,星宇航空股份有限公司,,,
2701.TW,萬華企業股份有限公司,TWSE,Taiwan,TWSE,outputs\full_universe_source_acquisition\twse_tpex_candidate_validation_classification_v2_18f.csv,Equity,common_equity,high,v2.18G added from v2.18F potential_net_new; candidate_id=TWSE_TWSE_2701; crosscheck_status=matched_stock_day_all; possible_existing excluded; canonical not modified,,16,,,TWSE,twse_tpex_v2_18g,,,,TWD,XTAI,v2.18G,https://openapi.twse.com.tw/v1/opendata/t187ap03_L,,,,TWSE,v2.18G,2701,萬華企業股份有限公司,,,
2704.TW,國賓大飯店股份有限公司,TWSE,Taiwan,TWSE,outputs\full_universe_source_acquisition\twse_tpex_candidate_validation_classification_v2_18f.csv,Equity,common_equity,high,v2.18G added from v2.18F potential_net_new; candidate_id=TWSE_TWSE_2704; crosscheck_status=matched_stock_day_all; possible_existing excluded; canonical not modified,,16,,,TWSE,twse_tpex_v2_18g,,,,TWD,XTAI,v2.18G,https://openapi.twse.com.tw/v1/opendata/t187ap03_L,,,,TWSE,v2.18G,2704,國賓大飯店股份有限公司,,,
2706.TW,第一華僑大飯店股份有限公司,TWSE,Taiwan,TWSE,outputs\full_universe_source_acquisition\twse_tpex_candidate_validation_classification_v2_18f.csv,Equity,common_equity,high,v2.18G added from v2.18F potential_net_new; candidate_id=TWSE_TWSE_2706; crosscheck_status=matched_stock_day_all; possible_existing excluded; canonical not modified,,16,,,TWSE,twse_tpex_v2_18g,,,,TWD,XTAI,v2.18G,https://openapi.twse.com.tw/v1/opendata/t187ap03_L,,,,TWSE,v2.18G,2706,第一華僑大飯店股份有限公司,,,
2707.TW,晶華國際酒店股份有限公司,TWSE,Taiwan,TWSE,outputs\full_universe_source_acquisition\twse_tpex_candidate_validation_classification_v2_18f.csv,Equity,common_equity,high,v2.18G added from v2.18F potential_net_new; candidate_id=TWSE_TWSE_2707; crosscheck_status=matched_stock_day_all; possible_existing excluded; canonical not modified,,16,,,TWSE,twse_tpex_v2_18g,,,,TWD,XTAI,v2.18G,https://openapi.twse.com.tw/v1/opendata/t187ap03_L,,,,TWSE,v2.18G,2707,晶華國際酒店股份有限公司,,,
2712.TW,遠雄悅來大飯店股份有限公司,TWSE,Taiwan,TWSE,outputs\full_universe_source_acquisition\twse_tpex_candidate_validation_classification_v2_18f.csv,Equity,common_equity,high,v2.18G added from v2.18F potential_net_new; candidate_id=TWSE_TWSE_2712; crosscheck_status=matched_stock_day_all; possible_existing excluded; canonical not modified,,16,,,TWSE,twse_tpex_v2_18g,,,,TWD,XTAI,v2.18G,https://openapi.twse.com.tw/v1/opendata/t187ap03_L,,,,TWSE,v2.18G,2712,遠雄悅來大飯店股份有限公司,,,
2723.TW,開曼美食達人股份有限公司,TWSE,Taiwan,TWSE,outputs\full_universe_source_acquisition\twse_tpex_candidate_validation_classification_v2_18f.csv,Equity,common_equity,high,v2.18G added from v2.18F potential_net_new; candidate_id=TWSE_TWSE_2723; crosscheck_status=matched_stock_day_all; possible_existing excluded; canonical not modified,,16,,,TWSE,twse_tpex_v2_18g,,,,TWD,XTAI,v2.18G,https://openapi.twse.com.tw/v1/opendata/t187ap03_L,,,,TWSE,v2.18G,2723,開曼美食達人股份有限公司,,,
2727.TW,王品餐飲股份有限公司,TWSE,Taiwan,TWSE,outputs\full_universe_source_acquisition\twse_tpex_candidate_validation_classification_v2_18f.csv,Equity,common_equity,high,v2.18G added from v2.18F potential_net_new; candidate_id=TWSE_TWSE_2727; crosscheck_status=matched_stock_day_all; possible_existing excluded; canonical not modified,,16,,,TWSE,twse_tpex_v2_18g,,,,TWD,XTAI,v2.18G,https://openapi.twse.com.tw/v1/opendata/t187ap03_L,,,,TWSE,v2.18G,2727,王品餐飲股份有限公司,,,
2731.TW,雄獅旅行社股份有限公司,TWSE,Taiwan,TWSE,outputs\full_universe_source_acquisition\twse_tpex_candidate_validation_classification_v2_18f.csv,Equity,common_equity,high,v2.18G added from v2.18F potential_net_new; candidate_id=TWSE_TWSE_2731; crosscheck_status=matched_stock_day_all; possible_existing excluded; canonical not modified,,16,,,TWSE,twse_tpex_v2_18g,,,,TWD,XTAI,v2.18G,https://openapi.twse.com.tw/v1/opendata/t187ap03_L,,,,TWSE,v2.18G,2731,雄獅旅行社股份有限公司,,,
2739.TW,寒舍餐旅管理顧問股份有限公司,TWSE,Taiwan,TWSE,outputs\full_universe_source_acquisition\twse_tpex_candidate_validation_classification_v2_18f.csv,Equity,common_equity,high,v2.18G added from v2.18F potential_net_new; candidate_id=TWSE_TWSE_2739; crosscheck_status=matched_stock_day_all; possible_existing excluded; canonical not modified,,16,,,TWSE,twse_tpex_v2_18g,,,,TWD,XTAI,v2.18G,https://openapi.twse.com.tw/v1/opendata/t187ap03_L,,,,TWSE,v2.18G,2739,寒舍餐旅管理顧問股份有限公司,,,
2748.TW,雲品國際酒店股份有限公司,TWSE,Taiwan,TWSE,outputs\full_universe_source_acquisition\twse_tpex_candidate_validation_classification_v2_18f.csv,Equity,common_equity,high,v2.18G added from v2.18F potential_net_new; candidate_id=TWSE_TWSE_2748; crosscheck_status=matched_stock_day_all; possible_existing excluded; canonical not modified,,16,,,TWSE,twse_tpex_v2_18g,,,,TWD,XTAI,v2.18G,https://openapi.twse.com.tw/v1/opendata/t187ap03_L,,,,TWSE,v2.18G,2748,雲品國際酒店股份有限公司,,,
2812.TW,台中商業銀行股份有限公司,TWSE,Taiwan,TWSE,outputs\full_universe_source_acquisition\twse_tpex_candidate_validation_classification_v2_18f.csv,Equity,common_equity,high,v2.18G added from v2.18F potential_net_new; candidate_id=TWSE_TWSE_2812; crosscheck_status=matched_stock_day_all; possible_existing excluded; canonical not modified,,17,,,TWSE,twse_tpex_v2_18g,,,,TWD,XTAI,v2.18G,https://openapi.twse.com.tw/v1/opendata/t187ap03_L,,,,TWSE,v2.18G,2812,台中商業銀行股份有限公司,,,
2832.TW,台灣產物保險股份有限公司,TWSE,Taiwan,TWSE,outputs\full_universe_source_acquisition\twse_tpex_candidate_validation_classification_v2_18f.csv,Equity,common_equity,high,v2.18G added from v2.18F potential_net_new; candidate_id=TWSE_TWSE_2832; crosscheck_status=matched_stock_day_all; possible_existing excluded; canonical not modified,,17,,,TWSE,twse_tpex_v2_18g,,,,TWD,XTAI,v2.18G,https://openapi.twse.com.tw/v1/opendata/t187ap03_L,,,,TWSE,v2.18G,2832,台灣產物保險股份有限公司,,,
2834.TW,臺灣中小企業銀行股份有限公司,TWSE,Taiwan,TWSE,outputs\full_universe_source_acquisition\twse_tpex_candidate_validation_classification_v2_18f.csv,Equity,common_equity,high,v2.18G added from v2.18F potential_net_new; candidate_id=TWSE_TWSE_2834; crosscheck_status=matched_stock_day_all; possible_existing excluded; canonical not modified,,17,,,TWSE,twse_tpex_v2_18g,,,,TWD,XTAI,v2.18G,https://openapi.twse.com.tw/v1/opendata/t187ap03_L,,,,TWSE,v2.18G,2834,臺灣中小企業銀行股份有限公司,,,
2836.TW,高雄銀行股份有限公司,TWSE,Taiwan,TWSE,outputs\full_universe_source_acquisition\twse_tpex_candidate_validation_classification_v2_18f.csv,Equity,common_equity,high,v2.18G added from v2.18F potential_net_new; candidate_id=TWSE_TWSE_2836; crosscheck_status=matched_stock_day_all; possible_existing excluded; canonical not modified,,17,,,TWSE,twse_tpex_v2_18g,,,,TWD,XTAI,v2.18G,https://openapi.twse.com.tw/v1/opendata/t187ap03_L,,,,TWSE,v2.18G,2836,高雄銀行股份有限公司,,,
2838.TW,聯邦商業銀行股份有限公司,TWSE,Taiwan,TWSE,outputs\full_universe_source_acquisition\twse_tpex_candidate_validation_classification_v2_18f.csv,Equity,common_equity,high,v2.18G added from v2.18F potential_net_new; candidate_id=TWSE_TWSE_2838; crosscheck_status=matched_stock_day_all; possible_existing excluded; canonical not modified,,17,,,TWSE,twse_tpex_v2_18g,,,,TWD,XTAI,v2.18G,https://openapi.twse.com.tw/v1/opendata/t187ap03_L,,,,TWSE,v2.18G,2838,聯邦商業銀行股份有限公司,,,
2845.TW,遠東國際商業銀行股份有限公司,TWSE,Taiwan,TWSE,outputs\full_universe_source_acquisition\twse_tpex_candidate_validation_classification_v2_18f.csv,Equity,common_equity,high,v2.18G added from v2.18F potential_net_new; candidate_id=TWSE_TWSE_2845; crosscheck_status=matched_stock_day_all; possible_existing excluded; canonical not modified,,17,,,TWSE,twse_tpex_v2_18g,,,,TWD,XTAI,v2.18G,https://openapi.twse.com.tw/v1/opendata/t187ap03_L,,,,TWSE,v2.18G,2845,遠東國際商業銀行股份有限公司,,,
2849.TW,安泰商業銀行股份有限公司,TWSE,Taiwan,TWSE,outputs\full_universe_source_acquisition\twse_tpex_candidate_validation_classification_v2_18f.csv,Equity,common_equity,high,v2.18G added from v2.18F potential_net_new; candidate_id=TWSE_TWSE_2849; crosscheck_status=matched_stock_day_all; possible_existing excluded; canonical not modified,,17,,,TWSE,twse_tpex_v2_18g,,,,TWD,XTAI,v2.18G,https://openapi.twse.com.tw/v1/opendata/t187ap03_L,,,,TWSE,v2.18G,2849,安泰商業銀行股份有限公司,,,
2850.TW,新光產物保險股份有限公司,TWSE,Taiwan,TWSE,outputs\full_universe_source_acquisition\twse_tpex_candidate_validation_classification_v2_18f.csv,Equity,common_equity,high,v2.18G added from v2.18F potential_net_new; candidate_id=TWSE_TWSE_2850; crosscheck_status=matched_stock_day_all; possible_existing excluded; canonical not modified,,17,,,TWSE,twse_tpex_v2_18g,,,,TWD,XTAI,v2.18G,https://openapi.twse.com.tw/v1/opendata/t187ap03_L,,,,TWSE,v2.18G,2850,新光產物保險股份有限公司,,,
2851.TW,中央再保險股份有限公司,TWSE,Taiwan,TWSE,outputs\full_universe_source_acquisition\twse_tpex_candidate_validation_classification_v2_18f.csv,Equity,common_equity,high,v2.18G added from v2.18F potential_net_new; candidate_id=TWSE_TWSE_2851; crosscheck_status=matched_stock_day_all; possible_existing excluded; canonical not modified,,17,,,TWSE,twse_tpex_v2_18g,,,,TWD,XTAI,v2.18G,https://openapi.twse.com.tw/v1/opendata/t187ap03_L,,,,TWSE,v2.18G,2851,中央再保險股份有限公司,,,
2852.TW,第一產物保險股份有限公司,TWSE,Taiwan,TWSE,outputs\full_universe_source_acquisition\twse_tpex_candidate_validation_classification_v2_18f.csv,Equity,common_equity,high,v2.18G added from v2.18F potential_net_new; candidate_id=TWSE_TWSE_2852; crosscheck_status=matched_stock_day_all; possible_existing excluded; canonical not modified,,17,,,TWSE,twse_tpex_v2_18g,,,,TWD,XTAI,v2.18G,https://openapi.twse.com.tw/v1/opendata/t187ap03_L,,,,TWSE,v2.18G,2852,第一產物保險股份有限公司,,,
2855.TW,統一綜合證券股份有限公司,TWSE,Taiwan,TWSE,outputs\full_universe_source_acquisition\twse_tpex_candidate_validation_classification_v2_18f.csv,Equity,common_equity,high,v2.18G added from v2.18F potential_net_new; candidate_id=TWSE_TWSE_2855; crosscheck_status=matched_stock_day_all; possible_existing excluded; canonical not modified,,17,,,TWSE,twse_tpex_v2_18g,,,,TWD,XTAI,v2.18G,https://openapi.twse.com.tw/v1/opendata/t187ap03_L,,,,TWSE,v2.18G,2855,統一綜合證券股份有限公司,,,
2867.TW,三商美邦人壽保險股份有限公司,TWSE,Taiwan,TWSE,outputs\full_universe_source_acquisition\twse_tpex_candidate_validation_classification_v2_18f.csv,Equity,common_equity,high,v2.18G added from v2.18F potential_net_new; candidate_id=TWSE_TWSE_2867; crosscheck_status=matched_stock_day_all; possible_existing excluded; canonical not modified,,17,,,TWSE,twse_tpex_v2_18g,,,,TWD,XTAI,v2.18G,https://openapi.twse.com.tw/v1/opendata/t187ap03_L,,,,TWSE,v2.18G,2867,三商美邦人壽保險股份有限公司,,,
2880.TW,華南金融控股股份有限公司,TWSE,Taiwan,TWSE,outputs\full_universe_source_acquisition\twse_tpex_candidate_validation_classification_v2_18f.csv,Equity,common_equity,high,v2.18G added from v2.18F potential_net_new; candidate_id=TWSE_TWSE_2880; crosscheck_status=matched_stock_day_all; possible_existing excluded; canonical not modified,,17,,,TWSE,twse_tpex_v2_18g,,,,TWD,XTAI,v2.18G,https://openapi.twse.com.tw/v1/opendata/t187ap03_L,,,,TWSE,v2.18G,2880,華南金融控股股份有限公司,,,
2881.TW,富邦金融控股股份有限公司,TWSE,Taiwan,TWSE,outputs\full_universe_source_acquisition\twse_tpex_candidate_validation_classification_v2_18f.csv,Equity,common_equity,high,v2.18G added from v2.18F potential_net_new; candidate_id=TWSE_TWSE_2881; crosscheck_status=matched_stock_day_all; possible_existing excluded; canonical not modified,,17,,,TWSE,twse_tpex_v2_18g,,,,TWD,XTAI,v2.18G,https://openapi.twse.com.tw/v1/opendata/t187ap03_L,,,,TWSE,v2.18G,2881,富邦金融控股股份有限公司,,,
2885.TW,元大金融控股股份有限公司,TWSE,Taiwan,TWSE,outputs\full_universe_source_acquisition\twse_tpex_candidate_validation_classification_v2_18f.csv,Equity,common_equity,high,v2.18G added from v2.18F potential_net_new; candidate_id=TWSE_TWSE_2885; crosscheck_status=matched_stock_day_all; possible_existing excluded; canonical not modified,,17,,,TWSE,twse_tpex_v2_18g,,,,TWD,XTAI,v2.18G,https://openapi.twse.com.tw/v1/opendata/t187ap03_L,,,,TWSE,v2.18G,2885,元大金融控股股份有限公司,,,
2886.TW,兆豐金融控股股份有限公司,TWSE,Taiwan,TWSE,outputs\full_universe_source_acquisition\twse_tpex_candidate_validation_classification_v2_18f.csv,Equity,common_equity,high,v2.18G added from v2.18F potential_net_new; candidate_id=TWSE_TWSE_2886; crosscheck_status=matched_stock_day_all; possible_existing excluded; canonical not modified,,17,,,TWSE,twse_tpex_v2_18g,,,,TWD,XTAI,v2.18G,https://openapi.twse.com.tw/v1/opendata/t187ap03_L,,,,TWSE,v2.18G,2886,兆豐金融控股股份有限公司,,,
2887.TW,台新新光金融控股股份有限公司,TWSE,Taiwan,TWSE,outputs\full_universe_source_acquisition\twse_tpex_candidate_validation_classification_v2_18f.csv,Equity,common_equity,high,v2.18G added from v2.18F potential_net_new; candidate_id=TWSE_TWSE_2887; crosscheck_status=matched_stock_day_all; possible_existing excluded; canonical not modified,,17,,,TWSE,twse_tpex_v2_18g,,,,TWD,XTAI,v2.18G,https://openapi.twse.com.tw/v1/opendata/t187ap03_L,,,,TWSE,v2.18G,2887,台新新光金融控股股份有限公司,,,
2889.TW,國票金融控股股份有限公司,TWSE,Taiwan,TWSE,outputs\full_universe_source_acquisition\twse_tpex_candidate_validation_classification_v2_18f.csv,Equity,common_equity,high,v2.18G added from v2.18F potential_net_new; candidate_id=TWSE_TWSE_2889; crosscheck_status=matched_stock_day_all; possible_existing excluded; canonical not modified,,17,,,TWSE,twse_tpex_v2_18g,,,,TWD,XTAI,v2.18G,https://openapi.twse.com.tw/v1/opendata/t187ap03_L,,,,TWSE,v2.18G,2889,國票金融控股股份有限公司,,,
2890.TW,永豐金融控股股份有限公司,TWSE,Taiwan,TWSE,outputs\full_universe_source_acquisition\twse_tpex_candidate_validation_classification_v2_18f.csv,Equity,common_equity,high,v2.18G added from v2.18F potential_net_new; candidate_id=TWSE_TWSE_2890; crosscheck_status=matched_stock_day_all; possible_existing excluded; canonical not modified,,17,,,TWSE,twse_tpex_v2_18g,,,,TWD,XTAI,v2.18G,https://openapi.twse.com.tw/v1/opendata/t187ap03_L,,,,TWSE,v2.18G,2890,永豐金融控股股份有限公司,,,
2891.TW,中國信託金融控股股份有限公司,TWSE,Taiwan,TWSE,outputs\full_universe_source_acquisition\twse_tpex_candidate_validation_classification_v2_18f.csv,Equity,common_equity,high,v2.18G added from v2.18F potential_net_new; candidate_id=TWSE_TWSE_2891; crosscheck_status=matched_stock_day_all; possible_existing excluded; canonical not modified,,17,,,TWSE,twse_tpex_v2_18g,,,,TWD,XTAI,v2.18G,https://openapi.twse.com.tw/v1/opendata/t187ap03_L,,,,TWSE,v2.18G,2891,中國信託金融控股股份有限公司,,,
2905.TW,三商投資控股股份有限公司,TWSE,Taiwan,TWSE,outputs\full_universe_source_acquisition\twse_tpex_candidate_validation_classification_v2_18f.csv,Equity,common_equity,high,v2.18G added from v2.18F potential_net_new; candidate_id=TWSE_TWSE_2905; crosscheck_status=matched_stock_day_all; possible_existing excluded; canonical not modified,,18,,,TWSE,twse_tpex_v2_18g,,,,TWD,XTAI,v2.18G,https://openapi.twse.com.tw/v1/opendata/t187ap03_L,,,,TWSE,v2.18G,2905,三商投資控股股份有限公司,,,
2906.TW,高林實業股份有限公司,TWSE,Taiwan,TWSE,outputs\full_universe_source_acquisition\twse_tpex_candidate_validation_classification_v2_18f.csv,Equity,common_equity,high,v2.18G added from v2.18F potential_net_new; candidate_id=TWSE_TWSE_2906; crosscheck_status=matched_stock_day_all; possible_existing excluded; canonical not modified,,18,,,TWSE,twse_tpex_v2_18g,,,,TWD,XTAI,v2.18G,https://openapi.twse.com.tw/v1/opendata/t187ap03_L,,,,TWSE,v2.18G,2906,高林實業股份有限公司,,,
2912.TW,統一超商股份有限公司,TWSE,Taiwan,TWSE,outputs\full_universe_source_acquisition\twse_tpex_candidate_validation_classification_v2_18f.csv,Equity,common_equity,high,v2.18G added from v2.18F potential_net_new; candidate_id=TWSE_TWSE_2912; crosscheck_status=matched_stock_day_all; possible_existing excluded; canonical not modified,,18,,,TWSE,twse_tpex_v2_18g,,,,TWD,XTAI,v2.18G,https://openapi.twse.com.tw/v1/opendata/t187ap03_L,,,,TWSE,v2.18G,2912,統一超商股份有限公司,,,
2913.TW,台灣農林股份有限公司,TWSE,Taiwan,TWSE,outputs\full_universe_source_acquisition\twse_tpex_candidate_validation_classification_v2_18f.csv,Equity,common_equity,high,v2.18G added from v2.18F potential_net_new; candidate_id=TWSE_TWSE_2913; crosscheck_status=matched_stock_day_all; possible_existing excluded; canonical not modified,,18,,,TWSE,twse_tpex_v2_18g,,,,TWD,XTAI,v2.18G,https://openapi.twse.com.tw/v1/opendata/t187ap03_L,,,,TWSE,v2.18G,2913,台灣農林股份有限公司,,,
2939.TW,永邑國際集團股份有限公司,TWSE,Taiwan,TWSE,outputs\full_universe_source_acquisition\twse_tpex_candidate_validation_classification_v2_18f.csv,Equity,common_equity,high,v2.18G added from v2.18F potential_net_new; candidate_id=TWSE_TWSE_2939; crosscheck_status=matched_stock_day_all; possible_existing excluded; canonical not modified,,18,,,TWSE,twse_tpex_v2_18g,,,,TWD,XTAI,v2.18G,https://openapi.twse.com.tw/v1/opendata/t187ap03_L,,,,TWSE,v2.18G,2939,永邑國際集團股份有限公司,,,
2945.TW,三商家購股份有限公司,TWSE,Taiwan,TWSE,outputs\full_universe_source_acquisition\twse_tpex_candidate_validation_classification_v2_18f.csv,Equity,common_equity,high,v2.18G added from v2.18F potential_net_new; candidate_id=TWSE_TWSE_2945; crosscheck_status=matched_stock_day_all; possible_existing excluded; canonical not modified,,18,,,TWSE,twse_tpex_v2_18g,,,,TWD,XTAI,v2.18G,https://openapi.twse.com.tw/v1/opendata/t187ap03_L,,,,TWSE,v2.18G,2945,三商家購股份有限公司,,,
3005.TW,神基控股股份有限公司,TWSE,Taiwan,TWSE,outputs\full_universe_source_acquisition\twse_tpex_candidate_validation_classification_v2_18f.csv,Equity,common_equity,high,v2.18G added from v2.18F potential_net_new; candidate_id=TWSE_TWSE_3005; crosscheck_status=matched_stock_day_all; possible_existing excluded; canonical not modified,,25,,,TWSE,twse_tpex_v2_18g,,,,TWD,XTAI,v2.18G,https://openapi.twse.com.tw/v1/opendata/t187ap03_L,,,,TWSE,v2.18G,3005,神基控股股份有限公司,,,
3006.TW,晶豪科技股份有限公司,TWSE,Taiwan,TWSE,outputs\full_universe_source_acquisition\twse_tpex_candidate_validation_classification_v2_18f.csv,Equity,common_equity,high,v2.18G added from v2.18F potential_net_new; candidate_id=TWSE_TWSE_3006; crosscheck_status=matched_stock_day_all; possible_existing excluded; canonical not modified,,24,,,TWSE,twse_tpex_v2_18g,,,,TWD,XTAI,v2.18G,https://openapi.twse.com.tw/v1/opendata/t187ap03_L,,,,TWSE,v2.18G,3006,晶豪科技股份有限公司,,,
3008.TW,大立光電股份有限公司,TWSE,Taiwan,TWSE,outputs\full_universe_source_acquisition\twse_tpex_candidate_validation_classification_v2_18f.csv,Equity,common_equity,high,v2.18G added from v2.18F potential_net_new; candidate_id=TWSE_TWSE_3008; crosscheck_status=matched_stock_day_all; possible_existing excluded; canonical not modified,,26,,,TWSE,twse_tpex_v2_18g,,,,TWD,XTAI,v2.18G,https://openapi.twse.com.tw/v1/opendata/t187ap03_L,,,,TWSE,v2.18G,3008,大立光電股份有限公司,,,
3013.TW,晟銘電子科技股份有限公司,TWSE,Taiwan,TWSE,outputs\full_universe_source_acquisition\twse_tpex_candidate_validation_classification_v2_18f.csv,Equity,common_equity,high,v2.18G added from v2.18F potential_net_new; candidate_id=TWSE_TWSE_3013; crosscheck_status=matched_stock_day_all; possible_existing excluded; canonical not modified,,25,,,TWSE,twse_tpex_v2_18g,,,,TWD,XTAI,v2.18G,https://openapi.twse.com.tw/v1/opendata/t187ap03_L,,,,TWSE,v2.18G,3013,晟銘電子科技股份有限公司,,,
3014.TW,聯陽半導體股份有限公司,TWSE,Taiwan,TWSE,outputs\full_universe_source_acquisition\twse_tpex_candidate_validation_classification_v2_18f.csv,Equity,common_equity,high,v2.18G added from v2.18F potential_net_new; candidate_id=TWSE_TWSE_3014; crosscheck_status=matched_stock_day_all; possible_existing excluded; canonical not modified,,24,,,TWSE,twse_tpex_v2_18g,,,,TWD,XTAI,v2.18G,https://openapi.twse.com.tw/v1/opendata/t187ap03_L,,,,TWSE,v2.18G,3014,聯陽半導體股份有限公司,,,
3015.TW,全漢企業股份有限公司,TWSE,Taiwan,TWSE,outputs\full_universe_source_acquisition\twse_tpex_candidate_validation_classification_v2_18f.csv,Equity,common_equity,high,v2.18G added from v2.18F potential_net_new; candidate_id=TWSE_TWSE_3015; crosscheck_status=matched_stock_day_all; possible_existing excluded; canonical not modified,,28,,,TWSE,twse_tpex_v2_18g,,,,TWD,XTAI,v2.18G,https://openapi.twse.com.tw/v1/opendata/t187ap03_L,,,,TWSE,v2.18G,3015,全漢企業股份有限公司,,,
3016.TW,嘉晶電子股份有限公司,TWSE,Taiwan,TWSE,outputs\full_universe_source_acquisition\twse_tpex_candidate_validation_classification_v2_18f.csv,Equity,common_equity,high,v2.18G added from v2.18F potential_net_new; candidate_id=TWSE_TWSE_3016; crosscheck_status=matched_stock_day_all; possible_existing excluded; canonical not modified,,24,,,TWSE,twse_tpex_v2_18g,,,,TWD,XTAI,v2.18G,https://openapi.twse.com.tw/v1/opendata/t187ap03_L,,,,TWSE,v2.18G,3016,嘉晶電子股份有限公司,,,
3017.TW,奇鋐科技股份有限公司,TWSE,Taiwan,TWSE,outputs\full_universe_source_acquisition\twse_tpex_candidate_validation_classification_v2_18f.csv,Equity,common_equity,high,v2.18G added from v2.18F potential_net_new; candidate_id=TWSE_TWSE_3017; crosscheck_status=matched_stock_day_all; possible_existing excluded; canonical not modified,,25,,,TWSE,twse_tpex_v2_18g,,,,TWD,XTAI,v2.18G,https://openapi.twse.com.tw/v1/opendata/t187ap03_L,,,,TWSE,v2.18G,3017,奇鋐科技股份有限公司,,,
3018.TW,隆銘綠能科技工程股份有限公司,TWSE,Taiwan,TWSE,outputs\full_universe_source_acquisition\twse_tpex_candidate_validation_classification_v2_18f.csv,Equity,common_equity,high,v2.18G added from v2.18F potential_net_new; candidate_id=TWSE_TWSE_3018; crosscheck_status=matched_stock_day_all; possible_existing excluded; canonical not modified,,31,,,TWSE,twse_tpex_v2_18g,,,,TWD,XTAI,v2.18G,https://openapi.twse.com.tw/v1/opendata/t187ap03_L,,,,TWSE,v2.18G,3018,隆銘綠能科技工程股份有限公司,,,
3019.TW,亞洲光學股份有限公司,TWSE,Taiwan,TWSE,outputs\full_universe_source_acquisition\twse_tpex_candidate_validation_classification_v2_18f.csv,Equity,common_equity,high,v2.18G added from v2.18F potential_net_new; candidate_id=TWSE_TWSE_3019; crosscheck_status=matched_stock_day_all; possible_existing excluded; canonical not modified,,26,,,TWSE,twse_tpex_v2_18g,,,,TWD,XTAI,v2.18G,https://openapi.twse.com.tw/v1/opendata/t187ap03_L,,,,TWSE,v2.18G,3019,亞洲光學股份有限公司,,,
3022.TW,威強電工業電腦股份有限公司,TWSE,Taiwan,TWSE,outputs\full_universe_source_acquisition\twse_tpex_candidate_validation_classification_v2_18f.csv,Equity,common_equity,high,v2.18G added from v2.18F potential_net_new; candidate_id=TWSE_TWSE_3022; crosscheck_status=matched_stock_day_all; possible_existing excluded; canonical not modified,,25,,,TWSE,twse_tpex_v2_18g,,,,TWD,XTAI,v2.18G,https://openapi.twse.com.tw/v1/opendata/t187ap03_L,,,,TWSE,v2.18G,3022,威強電工業電腦股份有限公司,,,
3025.TW,星通資訊股份有限公司,TWSE,Taiwan,TWSE,outputs\full_universe_source_acquisition\twse_tpex_candidate_validation_classification_v2_18f.csv,Equity,common_equity,high,v2.18G added from v2.18F potential_net_new; candidate_id=TWSE_TWSE_3025; crosscheck_status=matched_stock_day_all; possible_existing excluded; canonical not modified,,27,,,TWSE,twse_tpex_v2_18g,,,,TWD,XTAI,v2.18G,https://openapi.twse.com.tw/v1/opendata/t187ap03_L,,,,TWSE,v2.18G,3025,星通資訊股份有限公司,,,
3026.TW,禾伸堂企業股份有限公司,TWSE,Taiwan,TWSE,outputs\full_universe_source_acquisition\twse_tpex_candidate_validation_classification_v2_18f.csv,Equity,common_equity,high,v2.18G added from v2.18F potential_net_new; candidate_id=TWSE_TWSE_3026; crosscheck_status=matched_stock_day_all; possible_existing excluded; canonical not modified,,28,,,TWSE,twse_tpex_v2_18g,,,,TWD,XTAI,v2.18G,https://openapi.twse.com.tw/v1/opendata/t187ap03_L,,,,TWSE,v2.18G,3026,禾伸堂企業股份有限公司,,,
3027.TW,盛達電業股份有限公司,TWSE,Taiwan,TWSE,outputs\full_universe_source_acquisition\twse_tpex_candidate_validation_classification_v2_18f.csv,Equity,common_equity,high,v2.18G added from v2.18F potential_net_new; candidate_id=TWSE_TWSE_3027; crosscheck_status=matched_stock_day_all; possible_existing excluded; canonical not modified,,27,,,TWSE,twse_tpex_v2_18g,,,,TWD,XTAI,v2.18G,https://openapi.twse.com.tw/v1/opendata/t187ap03_L,,,,TWSE,v2.18G,3027,盛達電業股份有限公司,,,
3029.TW,零壹科技股份有限公司,TWSE,Taiwan,TWSE,outputs\full_universe_source_acquisition\twse_tpex_candidate_validation_classification_v2_18f.csv,Equity,common_equity,high,v2.18G added from v2.18F potential_net_new; candidate_id=TWSE_TWSE_3029; crosscheck_status=matched_stock_day_all; possible_existing excluded; canonical not modified,,30,,,TWSE,twse_tpex_v2_18g,,,,TWD,XTAI,v2.18G,https://openapi.twse.com.tw/v1/opendata/t187ap03_L,,,,TWSE,v2.18G,3029,零壹科技股份有限公司,,,
3032.TW,偉訓科技股份有限公司,TWSE,Taiwan,TWSE,outputs\full_universe_source_acquisition\twse_tpex_candidate_validation_classification_v2_18f.csv,Equity,common_equity,high,v2.18G added from v2.18F potential_net_new; candidate_id=TWSE_TWSE_3032; crosscheck_status=matched_stock_day_all; possible_existing excluded; canonical not modified,,28,,,TWSE,twse_tpex_v2_18g,,,,TWD,XTAI,v2.18G,https://openapi.twse.com.tw/v1/opendata/t187ap03_L,,,,TWSE,v2.18G,3032,偉訓科技股份有限公司,,,
3033.TW,威健實業股份有限公司,TWSE,Taiwan,TWSE,outputs\full_universe_source_acquisition\twse_tpex_candidate_validation_classification_v2_18f.csv,Equity,common_equity,high,v2.18G added from v2.18F potential_net_new; candidate_id=TWSE_TWSE_3033; crosscheck_status=matched_stock_day_all; possible_existing excluded; canonical not modified,,29,,,TWSE,twse_tpex_v2_18g,,,,TWD,XTAI,v2.18G,https://openapi.twse.com.tw/v1/opendata/t187ap03_L,,,,TWSE,v2.18G,3033,威健實業股份有限公司,,,
3037.TW,欣興電子股份有限公司,TWSE,Taiwan,TWSE,outputs\full_universe_source_acquisition\twse_tpex_candidate_validation_classification_v2_18f.csv,Equity,common_equity,high,v2.18G added from v2.18F potential_net_new; candidate_id=TWSE_TWSE_3037; crosscheck_status=matched_stock_day_all; possible_existing excluded; canonical not modified,,28,,,TWSE,twse_tpex_v2_18g,,,,TWD,XTAI,v2.18G,https://openapi.twse.com.tw/v1/opendata/t187ap03_L,,,,TWSE,v2.18G,3037,欣興電子股份有限公司,,,
3043.TW,科風股份有限公司,TWSE,Taiwan,TWSE,outputs\full_universe_source_acquisition\twse_tpex_candidate_validation_classification_v2_18f.csv,Equity,common_equity,high,v2.18G added from v2.18F potential_net_new; candidate_id=TWSE_TWSE_3043; crosscheck_status=matched_stock_day_all; possible_existing excluded; canonical not modified,,31,,,TWSE,twse_tpex_v2_18g,,,,TWD,XTAI,v2.18G,https://openapi.twse.com.tw/v1/opendata/t187ap03_L,,,,TWSE,v2.18G,3043,科風股份有限公司,,,
3044.TW,健鼎科技股份有限公司,TWSE,Taiwan,TWSE,outputs\full_universe_source_acquisition\twse_tpex_candidate_validation_classification_v2_18f.csv,Equity,common_equity,high,v2.18G added from v2.18F potential_net_new; candidate_id=TWSE_TWSE_3044; crosscheck_status=matched_stock_day_all; possible_existing excluded; canonical not modified,,28,,,TWSE,twse_tpex_v2_18g,,,,TWD,XTAI,v2.18G,https://openapi.twse.com.tw/v1/opendata/t187ap03_L,,,,TWSE,v2.18G,3044,健鼎科技股份有限公司,,,
3047.TW,訊舟科技股份有限公司,TWSE,Taiwan,TWSE,outputs\full_universe_source_acquisition\twse_tpex_candidate_validation_classification_v2_18f.csv,Equity,common_equity,high,v2.18G added from v2.18F potential_net_new; candidate_id=TWSE_TWSE_3047; crosscheck_status=matched_stock_day_all; possible_existing excluded; canonical not modified,,27,,,TWSE,twse_tpex_v2_18g,,,,TWD,XTAI,v2.18G,https://openapi.twse.com.tw/v1/opendata/t187ap03_L,,,,TWSE,v2.18G,3047,訊舟科技股份有限公司,,,
3049.TW,精金科技股份有限公司,TWSE,Taiwan,TWSE,outputs\full_universe_source_acquisition\twse_tpex_candidate_validation_classification_v2_18f.csv,Equity,common_equity,high,v2.18G added from v2.18F potential_net_new; candidate_id=TWSE_TWSE_3049; crosscheck_status=matched_stock_day_all; possible_existing excluded; canonical not modified,,26,,,TWSE,twse_tpex_v2_18g,,,,TWD,XTAI,v2.18G,https://openapi.twse.com.tw/v1/opendata/t187ap03_L,,,,TWSE,v2.18G,3049,精金科技股份有限公司,,,
3051.TW,力特光電科技股份有限公司,TWSE,Taiwan,TWSE,outputs\full_universe_source_acquisition\twse_tpex_candidate_validation_classification_v2_18f.csv,Equity,common_equity,high,v2.18G added from v2.18F potential_net_new; candidate_id=TWSE_TWSE_3051; crosscheck_status=matched_stock_day_all; possible_existing excluded; canonical not modified,,26,,,TWSE,twse_tpex_v2_18g,,,,TWD,XTAI,v2.18G,https://openapi.twse.com.tw/v1/opendata/t187ap03_L,,,,TWSE,v2.18G,3051,力特光電科技股份有限公司,,,
3052.TW,夆典科技開發股份有限公司,TWSE,Taiwan,TWSE,outputs\full_universe_source_acquisition\twse_tpex_candidate_validation_classification_v2_18f.csv,Equity,common_equity,high,v2.18G added from v2.18F potential_net_new; candidate_id=TWSE_TWSE_3052; crosscheck_status=matched_stock_day_all; possible_existing excluded; canonical not modified,,14,,,TWSE,twse_tpex_v2_18g,,,,TWD,XTAI,v2.18G,https://openapi.twse.com.tw/v1/opendata/t187ap03_L,,,,TWSE,v2.18G,3052,夆典科技開發股份有限公司,,,
3055.TW,蔚華科技股份有限公司,TWSE,Taiwan,TWSE,outputs\full_universe_source_acquisition\twse_tpex_candidate_validation_classification_v2_18f.csv,Equity,common_equity,high,v2.18G added from v2.18F potential_net_new; candidate_id=TWSE_TWSE_3055; crosscheck_status=matched_stock_day_all; possible_existing excluded; canonical not modified,,29,,,TWSE,twse_tpex_v2_18g,,,,TWD,XTAI,v2.18G,https://openapi.twse.com.tw/v1/opendata/t187ap03_L,,,,TWSE,v2.18G,3055,蔚華科技股份有限公司,,,
3056.TW,富華創新股份有限公司,TWSE,Taiwan,TWSE,outputs\full_universe_source_acquisition\twse_tpex_candidate_validation_classification_v2_18f.csv,Equity,common_equity,high,v2.18G added from v2.18F potential_net_new; candidate_id=TWSE_TWSE_3056; crosscheck_status=matched_stock_day_all; possible_existing excluded; canonical not modified,,14,,,TWSE,twse_tpex_v2_18g,,,,TWD,XTAI,v2.18G,https://openapi.twse.com.tw/v1/opendata/t187ap03_L,,,,TWSE,v2.18G,3056,富華創新股份有限公司,,,
3057.TW,喬鼎資訊股份有限公司,TWSE,Taiwan,TWSE,outputs\full_universe_source_acquisition\twse_tpex_candidate_validation_classification_v2_18f.csv,Equity,common_equity,high,v2.18G added from v2.18F potential_net_new; candidate_id=TWSE_TWSE_3057; crosscheck_status=matched_stock_day_all; possible_existing excluded; canonical not modified,,25,,,TWSE,twse_tpex_v2_18g,,,,TWD,XTAI,v2.18G,https://openapi.twse.com.tw/v1/opendata/t187ap03_L,,,,TWSE,v2.18G,3057,喬鼎資訊股份有限公司,,,
3060.TW,銘異科技股份有限公司,TWSE,Taiwan,TWSE,outputs\full_universe_source_acquisition\twse_tpex_candidate_validation_classification_v2_18f.csv,Equity,common_equity,high,v2.18G added from v2.18F potential_net_new; candidate_id=TWSE_TWSE_3060; crosscheck_status=matched_stock_day_all; possible_existing excluded; canonical not modified,,25,,,TWSE,twse_tpex_v2_18g,,,,TWD,XTAI,v2.18G,https://openapi.twse.com.tw/v1/opendata/t187ap03_L,,,,TWSE,v2.18G,3060,銘異科技股份有限公司,,,
3062.TW,建漢科技股份有限公司,TWSE,Taiwan,TWSE,outputs\full_universe_source_acquisition\twse_tpex_candidate_validation_classification_v2_18f.csv,Equity,common_equity,high,v2.18G added from v2.18F potential_net_new; candidate_id=TWSE_TWSE_3062; crosscheck_status=matched_stock_day_all; possible_existing excluded; canonical not modified,,27,,,TWSE,twse_tpex_v2_18g,,,,TWD,XTAI,v2.18G,https://openapi.twse.com.tw/v1/opendata/t187ap03_L,,,,TWSE,v2.18G,3062,建漢科技股份有限公司,,,
3090.TW,日電貿股份有限公司,TWSE,Taiwan,TWSE,outputs\full_universe_source_acquisition\twse_tpex_candidate_validation_classification_v2_18f.csv,Equity,common_equity,high,v2.18G added from v2.18F potential_net_new; candidate_id=TWSE_TWSE_3090; crosscheck_status=matched_stock_day_all; possible_existing excluded; canonical not modified,,28,,,TWSE,twse_tpex_v2_18g,,,,TWD,XTAI,v2.18G,https://openapi.twse.com.tw/v1/opendata/t187ap03_L,,,,TWSE,v2.18G,3090,日電貿股份有限公司,,,
3094.TW,聯傑國際股份有限公司,TWSE,Taiwan,TWSE,outputs\full_universe_source_acquisition\twse_tpex_candidate_validation_classification_v2_18f.csv,Equity,common_equity,high,v2.18G added from v2.18F potential_net_new; candidate_id=TWSE_TWSE_3094; crosscheck_status=matched_stock_day_all; possible_existing excluded; canonical not modified,,24,,,TWSE,twse_tpex_v2_18g,,,,TWD,XTAI,v2.18G,https://openapi.twse.com.tw/v1/opendata/t187ap03_L,,,,TWSE,v2.18G,3094,聯傑國際股份有限公司,,,
3130.TW,一零四資訊科技股份有限公司,TWSE,Taiwan,TWSE,outputs\full_universe_source_acquisition\twse_tpex_candidate_validation_classification_v2_18f.csv,Equity,common_equity,high,v2.18G added from v2.18F potential_net_new; candidate_id=TWSE_TWSE_3130; crosscheck_status=matched_stock_day_all; possible_existing excluded; canonical not modified,,36,,,TWSE,twse_tpex_v2_18g,,,,TWD,XTAI,v2.18G,https://openapi.twse.com.tw/v1/opendata/t187ap03_L,,,,TWSE,v2.18G,3130,一零四資訊科技股份有限公司,,,
3149.TW,正達國際光電股份有限公司,TWSE,Taiwan,TWSE,outputs\full_universe_source_acquisition\twse_tpex_candidate_validation_classification_v2_18f.csv,Equity,common_equity,high,v2.18G added from v2.18F potential_net_new; candidate_id=TWSE_TWSE_3149; crosscheck_status=matched_stock_day_all; possible_existing excluded; canonical not modified,,26,,,TWSE,twse_tpex_v2_18g,,,,TWD,XTAI,v2.18G,https://openapi.twse.com.tw/v1/opendata/t187ap03_L,,,,TWSE,v2.18G,3149,正達國際光電股份有限公司,,,
3164.TW,景岳生物科技股份有限公司,TWSE,Taiwan,TWSE,outputs\full_universe_source_acquisition\twse_tpex_candidate_validation_classification_v2_18f.csv,Equity,common_equity,high,v2.18G added from v2.18F potential_net_new; candidate_id=TWSE_TWSE_3164; crosscheck_status=matched_stock_day_all; possible_existing excluded; canonical not modified,,22,,,TWSE,twse_tpex_v2_18g,,,,TWD,XTAI,v2.18G,https://openapi.twse.com.tw/v1/opendata/t187ap03_L,,,,TWSE,v2.18G,3164,景岳生物科技股份有限公司,,,
3209.TW,全科科技股份有限公司,TWSE,Taiwan,TWSE,outputs\full_universe_source_acquisition\twse_tpex_candidate_validation_classification_v2_18f.csv,Equity,common_equity,high,v2.18G added from v2.18F potential_net_new; candidate_id=TWSE_TWSE_3209; crosscheck_status=matched_stock_day_all; possible_existing excluded; canonical not modified,,29,,,TWSE,twse_tpex_v2_18g,,,,TWD,XTAI,v2.18G,https://openapi.twse.com.tw/v1/opendata/t187ap03_L,,,,TWSE,v2.18G,3209,全科科技股份有限公司,,,
3229.TW,晟鈦股份有限公司,TWSE,Taiwan,TWSE,outputs\full_universe_source_acquisition\twse_tpex_candidate_validation_classification_v2_18f.csv,Equity,common_equity,high,v2.18G added from v2.18F potential_net_new; candidate_id=TWSE_TWSE_3229; crosscheck_status=matched_stock_day_all; possible_existing excluded; canonical not modified,,28,,,TWSE,twse_tpex_v2_18g,,,,TWD,XTAI,v2.18G,https://openapi.twse.com.tw/v1/opendata/t187ap03_L,,,,TWSE,v2.18G,3229,晟鈦股份有限公司,,,
3257.TW,虹冠電子工業股份有限公司,TWSE,Taiwan,TWSE,outputs\full_universe_source_acquisition\twse_tpex_candidate_validation_classification_v2_18f.csv,Equity,common_equity,high,v2.18G added from v2.18F potential_net_new; candidate_id=TWSE_TWSE_3257; crosscheck_status=matched_stock_day_all; possible_existing excluded; canonical not modified,,24,,,TWSE,twse_tpex_v2_18g,,,,TWD,XTAI,v2.18G,https://openapi.twse.com.tw/v1/opendata/t187ap03_L,,,,TWSE,v2.18G,3257,虹冠電子工業股份有限公司,,,
3266.TW,昇陽建設企業股份有限公司,TWSE,Taiwan,TWSE,outputs\full_universe_source_acquisition\twse_tpex_candidate_validation_classification_v2_18f.csv,Equity,common_equity,high,v2.18G added from v2.18F potential_net_new; candidate_id=TWSE_TWSE_3266; crosscheck_status=matched_stock_day_all; possible_existing excluded; canonical not modified,,14,,,TWSE,twse_tpex_v2_18g,,,,TWD,XTAI,v2.18G,https://openapi.twse.com.tw/v1/opendata/t187ap03_L,,,,TWSE,v2.18G,3266,昇陽建設企業股份有限公司,,,
3296.TW,勝德國際研發股份有限公司,TWSE,Taiwan,TWSE,outputs\full_universe_source_acquisition\twse_tpex_candidate_validation_classification_v2_18f.csv,Equity,common_equity,high,v2.18G added from v2.18F potential_net_new; candidate_id=TWSE_TWSE_3296; crosscheck_status=matched_stock_day_all; possible_existing excluded; canonical not modified,,28,,,TWSE,twse_tpex_v2_18g,,,,TWD,XTAI,v2.18G,https://openapi.twse.com.tw/v1/opendata/t187ap03_L,,,,TWSE,v2.18G,3296,勝德國際研發股份有限公司,,,
3305.TW,昇貿科技股份有限公司,TWSE,Taiwan,TWSE,outputs\full_universe_source_acquisition\twse_tpex_candidate_validation_classification_v2_18f.csv,Equity,common_equity,high,v2.18G added from v2.18F potential_net_new; candidate_id=TWSE_TWSE_3305; crosscheck_status=matched_stock_day_all; possible_existing excluded; canonical not modified,,31,,,TWSE,twse_tpex_v2_18g,,,,TWD,XTAI,v2.18G,https://openapi.twse.com.tw/v1/opendata/t187ap03_L,,,,TWSE,v2.18G,3305,昇貿科技股份有限公司,,,
3308.TW,聯德電子股份有限公司,TWSE,Taiwan,TWSE,outputs\full_universe_source_acquisition\twse_tpex_candidate_validation_classification_v2_18f.csv,Equity,common_equity,high,v2.18G added from v2.18F potential_net_new; candidate_id=TWSE_TWSE_3308; crosscheck_status=matched_stock_day_all; possible_existing excluded; canonical not modified,,28,,,TWSE,twse_tpex_v2_18g,,,,TWD,XTAI,v2.18G,https://openapi.twse.com.tw/v1/opendata/t187ap03_L,,,,TWSE,v2.18G,3308,聯德電子股份有限公司,,,
3311.TW,閎暉實業股份有限公司,TWSE,Taiwan,TWSE,outputs\full_universe_source_acquisition\twse_tpex_candidate_validation_classification_v2_18f.csv,Equity,common_equity,high,v2.18G added from v2.18F potential_net_new; candidate_id=TWSE_TWSE_3311; crosscheck_status=matched_stock_day_all; possible_existing excluded; canonical not modified,,27,,,TWSE,twse_tpex_v2_18g,,,,TWD,XTAI,v2.18G,https://openapi.twse.com.tw/v1/opendata/t187ap03_L,,,,TWSE,v2.18G,3311,閎暉實業股份有限公司,,,
3312.TW,弘憶國際股份有限公司,TWSE,Taiwan,TWSE,outputs\full_universe_source_acquisition\twse_tpex_candidate_validation_classification_v2_18f.csv,Equity,common_equity,high,v2.18G added from v2.18F potential_net_new; candidate_id=TWSE_TWSE_3312; crosscheck_status=matched_stock_day_all; possible_existing excluded; canonical not modified,,29,,,TWSE,twse_tpex_v2_18g,,,,TWD,XTAI,v2.18G,https://openapi.twse.com.tw/v1/opendata/t187ap03_L,,,,TWSE,v2.18G,3312,弘憶國際股份有限公司,,,
3338.TW,泰碩電子股份有限公司,TWSE,Taiwan,TWSE,outputs\full_universe_source_acquisition\twse_tpex_candidate_validation_classification_v2_18f.csv,Equity,common_equity,high,v2.18G added from v2.18F potential_net_new; candidate_id=TWSE_TWSE_3338; crosscheck_status=matched_stock_day_all; possible_existing excluded; canonical not modified,,28,,,TWSE,twse_tpex_v2_18g,,,,TWD,XTAI,v2.18G,https://openapi.twse.com.tw/v1/opendata/t187ap03_L,,,,TWSE,v2.18G,3338,泰碩電子股份有限公司,,,
3346.TW,麗清科技股份有限公司,TWSE,Taiwan,TWSE,outputs\full_universe_source_acquisition\twse_tpex_candidate_validation_classification_v2_18f.csv,Equity,common_equity,high,v2.18G added from v2.18F potential_net_new; candidate_id=TWSE_TWSE_3346; crosscheck_status=matched_stock_day_all; possible_existing excluded; canonical not modified,,12,,,TWSE,twse_tpex_v2_18g,,,,TWD,XTAI,v2.18G,https://openapi.twse.com.tw/v1/opendata/t187ap03_L,,,,TWSE,v2.18G,3346,麗清科技股份有限公司,,,
3356.TW,奇偶科技股份有限公司,TWSE,Taiwan,TWSE,outputs\full_universe_source_acquisition\twse_tpex_candidate_validation_classification_v2_18f.csv,Equity,common_equity,high,v2.18G added from v2.18F potential_net_new; candidate_id=TWSE_TWSE_3356; crosscheck_status=matched_stock_day_all; possible_existing excluded; canonical not modified,,26,,,TWSE,twse_tpex_v2_18g,,,,TWD,XTAI,v2.18G,https://openapi.twse.com.tw/v1/opendata/t187ap03_L,,,,TWSE,v2.18G,3356,奇偶科技股份有限公司,,,
3376.TW,新日興股份有限公司,TWSE,Taiwan,TWSE,outputs\full_universe_source_acquisition\twse_tpex_candidate_validation_classification_v2_18f.csv,Equity,common_equity,high,v2.18G added from v2.18F potential_net_new; candidate_id=TWSE_TWSE_3376; crosscheck_status=matched_stock_day_all; possible_existing excluded; canonical not modified,,28,,,TWSE,twse_tpex_v2_18g,,,,TWD,XTAI,v2.18G,https://openapi.twse.com.tw/v1/opendata/t187ap03_L,,,,TWSE,v2.18G,3376,新日興股份有限公司,,,
3380.TW,明泰科技股份有限公司,TWSE,Taiwan,TWSE,outputs\full_universe_source_acquisition\twse_tpex_candidate_validation_classification_v2_18f.csv,Equity,common_equity,high,v2.18G added from v2.18F potential_net_new; candidate_id=TWSE_TWSE_3380; crosscheck_status=matched_stock_day_all; possible_existing excluded; canonical not modified,,27,,,TWSE,twse_tpex_v2_18g,,,,TWD,XTAI,v2.18G,https://openapi.twse.com.tw/v1/opendata/t187ap03_L,,,,TWSE,v2.18G,3380,明泰科技股份有限公司,,,
3406.TW,玉晶光電股份有限公司,TWSE,Taiwan,TWSE,outputs\full_universe_source_acquisition\twse_tpex_candidate_validation_classification_v2_18f.csv,Equity,common_equity,high,v2.18G added from v2.18F potential_net_new; candidate_id=TWSE_TWSE_3406; crosscheck_status=matched_stock_day_all; possible_existing excluded; canonical not modified,,26,,,TWSE,twse_tpex_v2_18g,,,,TWD,XTAI,v2.18G,https://openapi.twse.com.tw/v1/opendata/t187ap03_L,,,,TWSE,v2.18G,3406,玉晶光電股份有限公司,,,
3413.TW,京鼎精密科技股份有限公司,TWSE,Taiwan,TWSE,outputs\full_universe_source_acquisition\twse_tpex_candidate_validation_classification_v2_18f.csv,Equity,common_equity,high,v2.18G added from v2.18F potential_net_new; candidate_id=TWSE_TWSE_3413; crosscheck_status=matched_stock_day_all; possible_existing excluded; canonical not modified,,24,,,TWSE,twse_tpex_v2_18g,,,,TWD,XTAI,v2.18G,https://openapi.twse.com.tw/v1/opendata/t187ap03_L,,,,TWSE,v2.18G,3413,京鼎精密科技股份有限公司,,,
3419.TW,譁裕實業股份有限公司,TWSE,Taiwan,TWSE,outputs\full_universe_source_acquisition\twse_tpex_candidate_validation_classification_v2_18f.csv,Equity,common_equity,high,v2.18G added from v2.18F potential_net_new; candidate_id=TWSE_TWSE_3419; crosscheck_status=matched_stock_day_all; possible_existing excluded; canonical not modified,,27,,,TWSE,twse_tpex_v2_18g,,,,TWD,XTAI,v2.18G,https://openapi.twse.com.tw/v1/opendata/t187ap03_L,,,,TWSE,v2.18G,3419,譁裕實業股份有限公司,,,
3432.TW,台端興業股份有限公司,TWSE,Taiwan,TWSE,outputs\full_universe_source_acquisition\twse_tpex_candidate_validation_classification_v2_18f.csv,Equity,common_equity,high,v2.18G added from v2.18F potential_net_new; candidate_id=TWSE_TWSE_3432; crosscheck_status=matched_stock_day_all; possible_existing excluded; canonical not modified,,28,,,TWSE,twse_tpex_v2_18g,,,,TWD,XTAI,v2.18G,https://openapi.twse.com.tw/v1/opendata/t187ap03_L,,,,TWSE,v2.18G,3432,台端興業股份有限公司,,,
3450.TW,聯鈞光電股份有限公司,TWSE,Taiwan,TWSE,outputs\full_universe_source_acquisition\twse_tpex_candidate_validation_classification_v2_18f.csv,Equity,common_equity,high,v2.18G added from v2.18F potential_net_new; candidate_id=TWSE_TWSE_3450; crosscheck_status=matched_stock_day_all; possible_existing excluded; canonical not modified,,24,,,TWSE,twse_tpex_v2_18g,,,,TWD,XTAI,v2.18G,https://openapi.twse.com.tw/v1/opendata/t187ap03_L,,,,TWSE,v2.18G,3450,聯鈞光電股份有限公司,,,
3481.TW,群創光電股份有限公司,TWSE,Taiwan,TWSE,outputs\full_universe_source_acquisition\twse_tpex_candidate_validation_classification_v2_18f.csv,Equity,common_equity,high,v2.18G added from v2.18F potential_net_new; candidate_id=TWSE_TWSE_3481; crosscheck_status=matched_stock_day_all; possible_existing excluded; canonical not modified,,26,,,TWSE,twse_tpex_v2_18g,,,,TWD,XTAI,v2.18G,https://openapi.twse.com.tw/v1/opendata/t187ap03_L,,,,TWSE,v2.18G,3481,群創光電股份有限公司,,,
3504.TW,揚明光學股份有限公司,TWSE,Taiwan,TWSE,outputs\full_universe_source_acquisition\twse_tpex_candidate_validation_classification_v2_18f.csv,Equity,common_equity,high,v2.18G added from v2.18F potential_net_new; candidate_id=TWSE_TWSE_3504; crosscheck_status=matched_stock_day_all; possible_existing excluded; canonical not modified,,26,,,TWSE,twse_tpex_v2_18g,,,,TWD,XTAI,v2.18G,https://openapi.twse.com.tw/v1/opendata/t187ap03_L,,,,TWSE,v2.18G,3504,揚明光學股份有限公司,,,
3515.TW,華擎科技股份有限公司,TWSE,Taiwan,TWSE,outputs\full_universe_source_acquisition\twse_tpex_candidate_validation_classification_v2_18f.csv,Equity,common_equity,high,v2.18G added from v2.18F potential_net_new; candidate_id=TWSE_TWSE_3515; crosscheck_status=matched_stock_day_all; possible_existing excluded; canonical not modified,,25,,,TWSE,twse_tpex_v2_18g,,,,TWD,XTAI,v2.18G,https://openapi.twse.com.tw/v1/opendata/t187ap03_L,,,,TWSE,v2.18G,3515,華擎科技股份有限公司,,,
3518.TW,柏騰科技股份有限公司,TWSE,Taiwan,TWSE,outputs\full_universe_source_acquisition\twse_tpex_candidate_validation_classification_v2_18f.csv,Equity,common_equity,high,v2.18G added from v2.18F potential_net_new; candidate_id=TWSE_TWSE_3518; crosscheck_status=matched_stock_day_all; possible_existing excluded; canonical not modified,,31,,,TWSE,twse_tpex_v2_18g,,,,TWD,XTAI,v2.18G,https://openapi.twse.com.tw/v1/opendata/t187ap03_L,,,,TWSE,v2.18G,3518,柏騰科技股份有限公司,,,
3528.TW,安馳科技股份有限公司,TWSE,Taiwan,TWSE,outputs\full_universe_source_acquisition\twse_tpex_candidate_validation_classification_v2_18f.csv,Equity,common_equity,high,v2.18G added from v2.18F potential_net_new; candidate_id=TWSE_TWSE_3528; crosscheck_status=matched_stock_day_all; possible_existing excluded; canonical not modified,,29,,,TWSE,twse_tpex_v2_18g,,,,TWD,XTAI,v2.18G,https://openapi.twse.com.tw/v1/opendata/t187ap03_L,,,,TWSE,v2.18G,3528,安馳科技股份有限公司,,,
3530.TW,晶相光電股份有限公司,TWSE,Taiwan,TWSE,outputs\full_universe_source_acquisition\twse_tpex_candidate_validation_classification_v2_18f.csv,Equity,common_equity,high,v2.18G added from v2.18F potential_net_new; candidate_id=TWSE_TWSE_3530; crosscheck_status=matched_stock_day_all; possible_existing excluded; canonical not modified,,24,,,TWSE,twse_tpex_v2_18g,,,,TWD,XTAI,v2.18G,https://openapi.twse.com.tw/v1/opendata/t187ap03_L,,,,TWSE,v2.18G,3530,晶相光電股份有限公司,,,
3532.TW,台塑勝高科技股份有限公司,TWSE,Taiwan,TWSE,outputs\full_universe_source_acquisition\twse_tpex_candidate_validation_classification_v2_18f.csv,Equity,common_equity,high,v2.18G added from v2.18F potential_net_new; candidate_id=TWSE_TWSE_3532; crosscheck_status=matched_stock_day_all; possible_existing excluded; canonical not modified,,24,,,TWSE,twse_tpex_v2_18g,,,,TWD,XTAI,v2.18G,https://openapi.twse.com.tw/v1/opendata/t187ap03_L,,,,TWSE,v2.18G,3532,台塑勝高科技股份有限公司,,,
3533.TW,嘉澤端子工業股份有限公司,TWSE,Taiwan,TWSE,outputs\full_universe_source_acquisition\twse_tpex_candidate_validation_classification_v2_18f.csv,Equity,common_equity,high,v2.18G added from v2.18F potential_net_new; candidate_id=TWSE_TWSE_3533; crosscheck_status=matched_stock_day_all; possible_existing excluded; canonical not modified,,28,,,TWSE,twse_tpex_v2_18g,,,,TWD,XTAI,v2.18G,https://openapi.twse.com.tw/v1/opendata/t187ap03_L,,,,TWSE,v2.18G,3533,嘉澤端子工業股份有限公司,,,
3535.TW,晶彩科技股份有限公司,TWSE,Taiwan,TWSE,outputs\full_universe_source_acquisition\twse_tpex_candidate_validation_classification_v2_18f.csv,Equity,common_equity,high,v2.18G added from v2.18F potential_net_new; candidate_id=TWSE_TWSE_3535; crosscheck_status=matched_stock_day_all; possible_existing excluded; canonical not modified,,26,,,TWSE,twse_tpex_v2_18g,,,,TWD,XTAI,v2.18G,https://openapi.twse.com.tw/v1/opendata/t187ap03_L,,,,TWSE,v2.18G,3535,晶彩科技股份有限公司,,,
3545.TW,敦泰電子股份有限公司,TWSE,Taiwan,TWSE,outputs\full_universe_source_acquisition\twse_tpex_candidate_validation_classification_v2_18f.csv,Equity,common_equity,high,v2.18G added from v2.18F potential_net_new; candidate_id=TWSE_TWSE_3545; crosscheck_status=matched_stock_day_all; possible_existing excluded; canonical not modified,,24,,,TWSE,twse_tpex_v2_18g,,,,TWD,XTAI,v2.18G,https://openapi.twse.com.tw/v1/opendata/t187ap03_L,,,,TWSE,v2.18G,3545,敦泰電子股份有限公司,,,
3576.TW,聯合再生能源股份有限公司,TWSE,Taiwan,TWSE,outputs\full_universe_source_acquisition\twse_tpex_candidate_validation_classification_v2_18f.csv,Equity,common_equity,high,v2.18G added from v2.18F potential_net_new; candidate_id=TWSE_TWSE_3576; crosscheck_status=matched_stock_day_all; possible_existing excluded; canonical not modified,,26,,,TWSE,twse_tpex_v2_18g,,,,TWD,XTAI,v2.18G,https://openapi.twse.com.tw/v1/opendata/t187ap03_L,,,,TWSE,v2.18G,3576,聯合再生能源股份有限公司,,,
3588.TW,通嘉科技股份有限公司,TWSE,Taiwan,TWSE,outputs\full_universe_source_acquisition\twse_tpex_candidate_validation_classification_v2_18f.csv,Equity,common_equity,high,v2.18G added from v2.18F potential_net_new; candidate_id=TWSE_TWSE_3588; crosscheck_status=matched_stock_day_all; possible_existing excluded; canonical not modified,,24,,,TWSE,twse_tpex_v2_18g,,,,TWD,XTAI,v2.18G,https://openapi.twse.com.tw/v1/opendata/t187ap03_L,,,,TWSE,v2.18G,3588,通嘉科技股份有限公司,,,
3592.TW,瑞鼎科技股份有限公司,TWSE,Taiwan,TWSE,outputs\full_universe_source_acquisition\twse_tpex_candidate_validation_classification_v2_18f.csv,Equity,common_equity,high,v2.18G added from v2.18F potential_net_new; candidate_id=TWSE_TWSE_3592; crosscheck_status=matched_stock_day_all; possible_existing excluded; canonical not modified,,24,,,TWSE,twse_tpex_v2_18g,,,,TWD,XTAI,v2.18G,https://openapi.twse.com.tw/v1/opendata/t187ap03_L,,,,TWSE,v2.18G,3592,瑞鼎科技股份有限公司,,,
3593.TW,力銘科技股份有限公司,TWSE,Taiwan,TWSE,outputs\full_universe_source_acquisition\twse_tpex_candidate_validation_classification_v2_18f.csv,Equity,common_equity,high,v2.18G added from v2.18F potential_net_new; candidate_id=TWSE_TWSE_3593; crosscheck_status=matched_stock_day_all; possible_existing excluded; canonical not modified,,28,,,TWSE,twse_tpex_v2_18g,,,,TWD,XTAI,v2.18G,https://openapi.twse.com.tw/v1/opendata/t187ap03_L,,,,TWSE,v2.18G,3593,力銘科技股份有限公司,,,
3596.TW,智易科技股份有限公司,TWSE,Taiwan,TWSE,outputs\full_universe_source_acquisition\twse_tpex_candidate_validation_classification_v2_18f.csv,Equity,common_equity,high,v2.18G added from v2.18F potential_net_new; candidate_id=TWSE_TWSE_3596; crosscheck_status=matched_stock_day_all; possible_existing excluded; canonical not modified,,27,,,TWSE,twse_tpex_v2_18g,,,,TWD,XTAI,v2.18G,https://openapi.twse.com.tw/v1/opendata/t187ap03_L,,,,TWSE,v2.18G,3596,智易科技股份有限公司,,,
3605.TW,宏致電子股份有限公司,TWSE,Taiwan,TWSE,outputs\full_universe_source_acquisition\twse_tpex_candidate_validation_classification_v2_18f.csv,Equity,common_equity,high,v2.18G added from v2.18F potential_net_new; candidate_id=TWSE_TWSE_3605; crosscheck_status=matched_stock_day_all; possible_existing excluded; canonical not modified,,28,,,TWSE,twse_tpex_v2_18g,,,,TWD,XTAI,v2.18G,https://openapi.twse.com.tw/v1/opendata/t187ap03_L,,,,TWSE,v2.18G,3605,宏致電子股份有限公司,,,
3617.TW,碩天科技股份有限公司,TWSE,Taiwan,TWSE,outputs\full_universe_source_acquisition\twse_tpex_candidate_validation_classification_v2_18f.csv,Equity,common_equity,high,v2.18G added from v2.18F potential_net_new; candidate_id=TWSE_TWSE_3617; crosscheck_status=matched_stock_day_all; possible_existing excluded; canonical not modified,,31,,,TWSE,twse_tpex_v2_18g,,,,TWD,XTAI,v2.18G,https://openapi.twse.com.tw/v1/opendata/t187ap03_L,,,,TWSE,v2.18G,3617,碩天科技股份有限公司,,,
3669.TW,圓展科技股份有限公司,TWSE,Taiwan,TWSE,outputs\full_universe_source_acquisition\twse_tpex_candidate_validation_classification_v2_18f.csv,Equity,common_equity,high,v2.18G added from v2.18F potential_net_new; candidate_id=TWSE_TWSE_3669; crosscheck_status=matched_stock_day_all; possible_existing excluded; canonical not modified,,27,,,TWSE,twse_tpex_v2_18g,,,,TWD,XTAI,v2.18G,https://openapi.twse.com.tw/v1/opendata/t187ap03_L,,,,TWSE,v2.18G,3669,圓展科技股份有限公司,,,
3701.TW,大眾全球投資控股股份有限公司,TWSE,Taiwan,TWSE,outputs\full_universe_source_acquisition\twse_tpex_candidate_validation_classification_v2_18f.csv,Equity,common_equity,high,v2.18G added from v2.18F potential_net_new; candidate_id=TWSE_TWSE_3701; crosscheck_status=matched_stock_day_all; possible_existing excluded; canonical not modified,,25,,,TWSE,twse_tpex_v2_18g,,,,TWD,XTAI,v2.18G,https://openapi.twse.com.tw/v1/opendata/t187ap03_L,,,,TWSE,v2.18G,3701,大眾全球投資控股股份有限公司,,,
3702.TW,大聯大控股股份有限公司,TWSE,Taiwan,TWSE,outputs\full_universe_source_acquisition\twse_tpex_candidate_validation_classification_v2_18f.csv,Equity,common_equity,high,v2.18G added from v2.18F potential_net_new; candidate_id=TWSE_TWSE_3702; crosscheck_status=matched_stock_day_all; possible_existing excluded; canonical not modified,,29,,,TWSE,twse_tpex_v2_18g,,,,TWD,XTAI,v2.18G,https://openapi.twse.com.tw/v1/opendata/t187ap03_L,,,,TWSE,v2.18G,3702,大聯大控股股份有限公司,,,
3703.TW,欣陸投資控股股份有限公司,TWSE,Taiwan,TWSE,outputs\full_universe_source_acquisition\twse_tpex_candidate_validation_classification_v2_18f.csv,Equity,common_equity,high,v2.18G added from v2.18F potential_net_new; candidate_id=TWSE_TWSE_3703; crosscheck_status=matched_stock_day_all; possible_existing excluded; canonical not modified,,14,,,TWSE,twse_tpex_v2_18g,,,,TWD,XTAI,v2.18G,https://openapi.twse.com.tw/v1/opendata/t187ap03_L,,,,TWSE,v2.18G,3703,欣陸投資控股股份有限公司,,,
3704.TW,合勤投資控股股份有限公司,TWSE,Taiwan,TWSE,outputs\full_universe_source_acquisition\twse_tpex_candidate_validation_classification_v2_18f.csv,Equity,common_equity,high,v2.18G added from v2.18F potential_net_new; candidate_id=TWSE_TWSE_3704; crosscheck_status=matched_stock_day_all; possible_existing excluded; canonical not modified,,27,,,TWSE,twse_tpex_v2_18g,,,,TWD,XTAI,v2.18G,https://openapi.twse.com.tw/v1/opendata/t187ap03_L,,,,TWSE,v2.18G,3704,合勤投資控股股份有限公司,,,
3705.TW,永信國際投資控股股份有限公司,TWSE,Taiwan,TWSE,outputs\full_universe_source_acquisition\twse_tpex_candidate_validation_classification_v2_18f.csv,Equity,common_equity,high,v2.18G added from v2.18F potential_net_new; candidate_id=TWSE_TWSE_3705; crosscheck_status=matched_stock_day_all; possible_existing excluded; canonical not modified,,22,,,TWSE,twse_tpex_v2_18g,,,,TWD,XTAI,v2.18G,https://openapi.twse.com.tw/v1/opendata/t187ap03_L,,,,TWSE,v2.18G,3705,永信國際投資控股股份有限公司,,,
3706.TW,神達控股股份有限公司,TWSE,Taiwan,TWSE,outputs\full_universe_source_acquisition\twse_tpex_candidate_validation_classification_v2_18f.csv,Equity,common_equity,high,v2.18G added from v2.18F potential_net_new; candidate_id=TWSE_TWSE_3706; crosscheck_status=matched_stock_day_all; possible_existing excluded; canonical not modified,,25,,,TWSE,twse_tpex_v2_18g,,,,TWD,XTAI,v2.18G,https://openapi.twse.com.tw/v1/opendata/t187ap03_L,,,,TWSE,v2.18G,3706,神達控股股份有限公司,,,
3711.TW,日月光投資控股股份有限公司,TWSE,Taiwan,TWSE,outputs\full_universe_source_acquisition\twse_tpex_candidate_validation_classification_v2_18f.csv,Equity,common_equity,high,v2.18G added from v2.18F potential_net_new; candidate_id=TWSE_TWSE_3711; crosscheck_status=matched_stock_day_all; possible_existing excluded; canonical not modified,,24,,,TWSE,twse_tpex_v2_18g,,,,TWD,XTAI,v2.18G,https://openapi.twse.com.tw/v1/opendata/t187ap03_L,,,,TWSE,v2.18G,3711,日月光投資控股股份有限公司,,,
3714.TW,富采控股股份有限公司,TWSE,Taiwan,TWSE,outputs\full_universe_source_acquisition\twse_tpex_candidate_validation_classification_v2_18f.csv,Equity,common_equity,high,v2.18G added from v2.18F potential_net_new; candidate_id=TWSE_TWSE_3714; crosscheck_status=matched_stock_day_all; possible_existing excluded; canonical not modified,,26,,,TWSE,twse_tpex_v2_18g,,,,TWD,XTAI,v2.18G,https://openapi.twse.com.tw/v1/opendata/t187ap03_L,,,,TWSE,v2.18G,3714,富采控股股份有限公司,,,
3715.TW,定穎投資控股股份有限公司,TWSE,Taiwan,TWSE,outputs\full_universe_source_acquisition\twse_tpex_candidate_validation_classification_v2_18f.csv,Equity,common_equity,high,v2.18G added from v2.18F potential_net_new; candidate_id=TWSE_TWSE_3715; crosscheck_status=matched_stock_day_all; possible_existing excluded; canonical not modified,,28,,,TWSE,twse_tpex_v2_18g,,,,TWD,XTAI,v2.18G,https://openapi.twse.com.tw/v1/opendata/t187ap03_L,,,,TWSE,v2.18G,3715,定穎投資控股股份有限公司,,,
3716.TW,中化控股股份有限公司,TWSE,Taiwan,TWSE,outputs\full_universe_source_acquisition\twse_tpex_candidate_validation_classification_v2_18f.csv,Equity,common_equity,high,v2.18G added from v2.18F potential_net_new; candidate_id=TWSE_TWSE_3716; crosscheck_status=matched_stock_day_all; possible_existing excluded; canonical not modified,,22,,,TWSE,twse_tpex_v2_18g,,,,TWD,XTAI,v2.18G,https://openapi.twse.com.tw/v1/opendata/t187ap03_L,,,,TWSE,v2.18G,3716,中化控股股份有限公司,,,
3717.TW,聯嘉光電投資控股股份有限公司,TWSE,Taiwan,TWSE,outputs\full_universe_source_acquisition\twse_tpex_candidate_validation_classification_v2_18f.csv,Equity,common_equity,high,v2.18G added from v2.18F potential_net_new; candidate_id=TWSE_TWSE_3717; crosscheck_status=matched_stock_day_all; possible_existing excluded; canonical not modified,,12,,,TWSE,twse_tpex_v2_18g,,,,TWD,XTAI,v2.18G,https://openapi.twse.com.tw/v1/opendata/t187ap03_L,,,,TWSE,v2.18G,3717,聯嘉光電投資控股股份有限公司,,,
4104.TW,佳醫健康事業股份有限公司,TWSE,Taiwan,TWSE,outputs\full_universe_source_acquisition\twse_tpex_candidate_validation_classification_v2_18f.csv,Equity,common_equity,high,v2.18G added from v2.18F potential_net_new; candidate_id=TWSE_TWSE_4104; crosscheck_status=matched_stock_day_all; possible_existing excluded; canonical not modified,,22,,,TWSE,twse_tpex_v2_18g,,,,TWD,XTAI,v2.18G,https://openapi.twse.com.tw/v1/opendata/t187ap03_L,,,,TWSE,v2.18G,4104,佳醫健康事業股份有限公司,,,
4106.TW,雃博股份有限公司,TWSE,Taiwan,TWSE,outputs\full_universe_source_acquisition\twse_tpex_candidate_validation_classification_v2_18f.csv,Equity,common_equity,high,v2.18G added from v2.18F potential_net_new; candidate_id=TWSE_TWSE_4106; crosscheck_status=matched_stock_day_all; possible_existing excluded; canonical not modified,,22,,,TWSE,twse_tpex_v2_18g,,,,TWD,XTAI,v2.18G,https://openapi.twse.com.tw/v1/opendata/t187ap03_L,,,,TWSE,v2.18G,4106,雃博股份有限公司,,,
4108.TW,懷特生技新藥股份有限公司,TWSE,Taiwan,TWSE,outputs\full_universe_source_acquisition\twse_tpex_candidate_validation_classification_v2_18f.csv,Equity,common_equity,high,v2.18G added from v2.18F potential_net_new; candidate_id=TWSE_TWSE_4108; crosscheck_status=matched_stock_day_all; possible_existing excluded; canonical not modified,,22,,,TWSE,twse_tpex_v2_18g,,,,TWD,XTAI,v2.18G,https://openapi.twse.com.tw/v1/opendata/t187ap03_L,,,,TWSE,v2.18G,4108,懷特生技新藥股份有限公司,,,
4133.TW,亞諾法生技股份有限公司,TWSE,Taiwan,TWSE,outputs\full_universe_source_acquisition\twse_tpex_candidate_validation_classification_v2_18f.csv,Equity,common_equity,high,v2.18G added from v2.18F potential_net_new; candidate_id=TWSE_TWSE_4133; crosscheck_status=matched_stock_day_all; possible_existing excluded; canonical not modified,,22,,,TWSE,twse_tpex_v2_18g,,,,TWD,XTAI,v2.18G,https://openapi.twse.com.tw/v1/opendata/t187ap03_L,,,,TWSE,v2.18G,4133,亞諾法生技股份有限公司,,,
4137.TW,麗豐股份有限公司,TWSE,Taiwan,TWSE,outputs\full_universe_source_acquisition\twse_tpex_candidate_validation_classification_v2_18f.csv,Equity,common_equity,high,v2.18G added from v2.18F potential_net_new; candidate_id=TWSE_TWSE_4137; crosscheck_status=matched_stock_day_all; possible_existing excluded; canonical not modified,,22,,,TWSE,twse_tpex_v2_18g,,,,TWD,XTAI,v2.18G,https://openapi.twse.com.tw/v1/opendata/t187ap03_L,,,,TWSE,v2.18G,4137,麗豐股份有限公司,,,
4142.TW,國光生物科技股份有限公司,TWSE,Taiwan,TWSE,outputs\full_universe_source_acquisition\twse_tpex_candidate_validation_classification_v2_18f.csv,Equity,common_equity,high,v2.18G added from v2.18F potential_net_new; candidate_id=TWSE_TWSE_4142; crosscheck_status=matched_stock_day_all; possible_existing excluded; canonical not modified,,22,,,TWSE,twse_tpex_v2_18g,,,,TWD,XTAI,v2.18G,https://openapi.twse.com.tw/v1/opendata/t187ap03_L,,,,TWSE,v2.18G,4142,國光生物科技股份有限公司,,,
4148.TW,全宇生技控股有限公司,TWSE,Taiwan,TWSE,outputs\full_universe_source_acquisition\twse_tpex_candidate_validation_classification_v2_18f.csv,Equity,common_equity,high,v2.18G added from v2.18F potential_net_new; candidate_id=TWSE_TWSE_4148; crosscheck_status=matched_stock_day_all; possible_existing excluded; canonical not modified,,22,,,TWSE,twse_tpex_v2_18g,,,,TWD,XTAI,v2.18G,https://openapi.twse.com.tw/v1/opendata/t187ap03_L,,,,TWSE,v2.18G,4148,全宇生技控股有限公司,,,
4155.TW,訊映光電股份有限公司,TWSE,Taiwan,TWSE,outputs\full_universe_source_acquisition\twse_tpex_candidate_validation_classification_v2_18f.csv,Equity,common_equity,high,v2.18G added from v2.18F potential_net_new; candidate_id=TWSE_TWSE_4155; crosscheck_status=matched_stock_day_all; possible_existing excluded; canonical not modified,,22,,,TWSE,twse_tpex_v2_18g,,,,TWD,XTAI,v2.18G,https://openapi.twse.com.tw/v1/opendata/t187ap03_L,,,,TWSE,v2.18G,4155,訊映光電股份有限公司,,,
4164.TW,承業生醫投資控股股份有限公司,TWSE,Taiwan,TWSE,outputs\full_universe_source_acquisition\twse_tpex_candidate_validation_classification_v2_18f.csv,Equity,common_equity,high,v2.18G added from v2.18F potential_net_new; candidate_id=TWSE_TWSE_4164; crosscheck_status=matched_stock_day_all; possible_existing excluded; canonical not modified,,22,,,TWSE,twse_tpex_v2_18g,,,,TWD,XTAI,v2.18G,https://openapi.twse.com.tw/v1/opendata/t187ap03_L,,,,TWSE,v2.18G,4164,承業生醫投資控股股份有限公司,,,
4190.TW,佐登妮絲集團股份有限公司,TWSE,Taiwan,TWSE,outputs\full_universe_source_acquisition\twse_tpex_candidate_validation_classification_v2_18f.csv,Equity,common_equity,high,v2.18G added from v2.18F potential_net_new; candidate_id=TWSE_TWSE_4190; crosscheck_status=matched_stock_day_all; possible_existing excluded; canonical not modified,,22,,,TWSE,twse_tpex_v2_18g,,,,TWD,XTAI,v2.18G,https://openapi.twse.com.tw/v1/opendata/t187ap03_L,,,,TWSE,v2.18G,4190,佐登妮絲集團股份有限公司,,,
4195.TW,基龍米克斯生物科技股份有限公司,TWSE,Taiwan,TWSE,outputs\full_universe_source_acquisition\twse_tpex_candidate_validation_classification_v2_18f.csv,Equity,common_equity,high,v2.18G added from v2.18F potential_net_new; candidate_id=TWSE_TWSE_4195; crosscheck_status=matched_stock_day_all; possible_existing excluded; canonical not modified,,22,,,TWSE,twse_tpex_v2_18g,,,,TWD,XTAI,v2.18G,https://openapi.twse.com.tw/v1/opendata/t187ap03_L,,,,TWSE,v2.18G,4195,基龍米克斯生物科技股份有限公司,,,
4306.TW,炎洲股份有限公司,TWSE,Taiwan,TWSE,outputs\full_universe_source_acquisition\twse_tpex_candidate_validation_classification_v2_18f.csv,Equity,common_equity,high,v2.18G added from v2.18F potential_net_new; candidate_id=TWSE_TWSE_4306; crosscheck_status=matched_stock_day_all; possible_existing excluded; canonical not modified,,03,,,TWSE,twse_tpex_v2_18g,,,,TWD,XTAI,v2.18G,https://openapi.twse.com.tw/v1/opendata/t187ap03_L,,,,TWSE,v2.18G,4306,炎洲股份有限公司,,,
4426.TW,利勤實業股份有限公司,TWSE,Taiwan,TWSE,outputs\full_universe_source_acquisition\twse_tpex_candidate_validation_classification_v2_18f.csv,Equity,common_equity,high,v2.18G added from v2.18F potential_net_new; candidate_id=TWSE_TWSE_4426; crosscheck_status=matched_stock_day_all; possible_existing excluded; canonical not modified,,04,,,TWSE,twse_tpex_v2_18g,,,,TWD,XTAI,v2.18G,https://openapi.twse.com.tw/v1/opendata/t187ap03_L,,,,TWSE,v2.18G,4426,利勤實業股份有限公司,,,
4532.TW,瑞智精密股份有限公司,TWSE,Taiwan,TWSE,outputs\full_universe_source_acquisition\twse_tpex_candidate_validation_classification_v2_18f.csv,Equity,common_equity,high,v2.18G added from v2.18F potential_net_new; candidate_id=TWSE_TWSE_4532; crosscheck_status=matched_stock_day_all; possible_existing excluded; canonical not modified,,05,,,TWSE,twse_tpex_v2_18g,,,,TWD,XTAI,v2.18G,https://openapi.twse.com.tw/v1/opendata/t187ap03_L,,,,TWSE,v2.18G,4532,瑞智精密股份有限公司,,,
4545.TW,銘鈺精密工業股份有限公司,TWSE,Taiwan,TWSE,outputs\full_universe_source_acquisition\twse_tpex_candidate_validation_classification_v2_18f.csv,Equity,common_equity,high,v2.18G added from v2.18F potential_net_new; candidate_id=TWSE_TWSE_4545; crosscheck_status=matched_stock_day_all; possible_existing excluded; canonical not modified,,28,,,TWSE,twse_tpex_v2_18g,,,,TWD,XTAI,v2.18G,https://openapi.twse.com.tw/v1/opendata/t187ap03_L,,,,TWSE,v2.18G,4545,銘鈺精密工業股份有限公司,,,
4551.TW,智伸科技股份有限公司,TWSE,Taiwan,TWSE,outputs\full_universe_source_acquisition\twse_tpex_candidate_validation_classification_v2_18f.csv,Equity,common_equity,high,v2.18G added from v2.18F potential_net_new; candidate_id=TWSE_TWSE_4551; crosscheck_status=matched_stock_day_all; possible_existing excluded; canonical not modified,,12,,,TWSE,twse_tpex_v2_18g,,,,TWD,XTAI,v2.18G,https://openapi.twse.com.tw/v1/opendata/t187ap03_L,,,,TWSE,v2.18G,4551,智伸科技股份有限公司,,,
4555.TW,台灣氣立股份有限公司,TWSE,Taiwan,TWSE,outputs\full_universe_source_acquisition\twse_tpex_candidate_validation_classification_v2_18f.csv,Equity,common_equity,high,v2.18G added from v2.18F potential_net_new; candidate_id=TWSE_TWSE_4555; crosscheck_status=matched_stock_day_all; possible_existing excluded; canonical not modified,,05,,,TWSE,twse_tpex_v2_18g,,,,TWD,XTAI,v2.18G,https://openapi.twse.com.tw/v1/opendata/t187ap03_L,,,,TWSE,v2.18G,4555,台灣氣立股份有限公司,,,
4557.TW,永新控股股份有限公司,TWSE,Taiwan,TWSE,outputs\full_universe_source_acquisition\twse_tpex_candidate_validation_classification_v2_18f.csv,Equity,common_equity,high,v2.18G added from v2.18F potential_net_new; candidate_id=TWSE_TWSE_4557; crosscheck_status=matched_stock_day_all; possible_existing excluded; canonical not modified,,12,,,TWSE,twse_tpex_v2_18g,,,,TWD,XTAI,v2.18G,https://openapi.twse.com.tw/v1/opendata/t187ap03_L,,,,TWSE,v2.18G,4557,永新控股股份有限公司,,,
4560.TW,強信機械科技股份有限公司,TWSE,Taiwan,TWSE,outputs\full_universe_source_acquisition\twse_tpex_candidate_validation_classification_v2_18f.csv,Equity,common_equity,high,v2.18G added from v2.18F potential_net_new; candidate_id=TWSE_TWSE_4560; crosscheck_status=matched_stock_day_all; possible_existing excluded; canonical not modified,,05,,,TWSE,twse_tpex_v2_18g,,,,TWD,XTAI,v2.18G,https://openapi.twse.com.tw/v1/opendata/t187ap03_L,,,,TWSE,v2.18G,4560,強信機械科技股份有限公司,,,
4562.TW,穎漢科技股份有限公司,TWSE,Taiwan,TWSE,outputs\full_universe_source_acquisition\twse_tpex_candidate_validation_classification_v2_18f.csv,Equity,common_equity,high,v2.18G added from v2.18F potential_net_new; candidate_id=TWSE_TWSE_4562; crosscheck_status=matched_stock_day_all; possible_existing excluded; canonical not modified,,05,,,TWSE,twse_tpex_v2_18g,,,,TWD,XTAI,v2.18G,https://openapi.twse.com.tw/v1/opendata/t187ap03_L,,,,TWSE,v2.18G,4562,穎漢科技股份有限公司,,,
4566.TW,時碩工業股份有限公司,TWSE,Taiwan,TWSE,outputs\full_universe_source_acquisition\twse_tpex_candidate_validation_classification_v2_18f.csv,Equity,common_equity,high,v2.18G added from v2.18F potential_net_new; candidate_id=TWSE_TWSE_4566; crosscheck_status=matched_stock_day_all; possible_existing excluded; canonical not modified,,05,,,TWSE,twse_tpex_v2_18g,,,,TWD,XTAI,v2.18G,https://openapi.twse.com.tw/v1/opendata/t187ap03_L,,,,TWSE,v2.18G,4566,時碩工業股份有限公司,,,
4581.TW,World Known MFG(Cayman)Limited,TWSE,Taiwan,TWSE,outputs\full_universe_source_acquisition\twse_tpex_candidate_validation_classification_v2_18f.csv,Equity,common_equity,high,v2.18G added from v2.18F potential_net_new; candidate_id=TWSE_TWSE_4581; crosscheck_status=matched_stock_day_all; possible_existing excluded; canonical not modified,,12,,,TWSE,twse_tpex_v2_18g,,,,TWD,XTAI,v2.18G,https://openapi.twse.com.tw/v1/opendata/t187ap03_L,,,,TWSE,v2.18G,4581,World Known MFG(Cayman)Limited,,,
4585.TW,達明機器人股份有限公司,TWSE,Taiwan,TWSE,outputs\full_universe_source_acquisition\twse_tpex_candidate_validation_classification_v2_18f.csv,Equity,common_equity,high,v2.18G added from v2.18F potential_net_new; candidate_id=TWSE_TWSE_4585; crosscheck_status=matched_stock_day_all; possible_existing excluded; canonical not modified,,31,,,TWSE,twse_tpex_v2_18g,,,,TWD,XTAI,v2.18G,https://openapi.twse.com.tw/v1/opendata/t187ap03_L,,,,TWSE,v2.18G,4585,達明機器人股份有限公司,,,
4590.TW,富田電機股份有限公司,TWSE,Taiwan,TWSE,outputs\full_universe_source_acquisition\twse_tpex_candidate_validation_classification_v2_18f.csv,Equity,common_equity,high,v2.18G added from v2.18F potential_net_new; candidate_id=TWSE_TWSE_4590; crosscheck_status=matched_stock_day_all; possible_existing excluded; canonical not modified,,05,,,TWSE,twse_tpex_v2_18g,,,,TWD,XTAI,v2.18G,https://openapi.twse.com.tw/v1/opendata/t187ap03_L,,,,TWSE,v2.18G,4590,富田電機股份有限公司,,,
4737.TW,華廣生技股份有限公司,TWSE,Taiwan,TWSE,outputs\full_universe_source_acquisition\twse_tpex_candidate_validation_classification_v2_18f.csv,Equity,common_equity,high,v2.18G added from v2.18F potential_net_new; candidate_id=TWSE_TWSE_4737; crosscheck_status=matched_stock_day_all; possible_existing excluded; canonical not modified,,22,,,TWSE,twse_tpex_v2_18g,,,,TWD,XTAI,v2.18G,https://openapi.twse.com.tw/v1/opendata/t187ap03_L,,,,TWSE,v2.18G,4737,華廣生技股份有限公司,,,
4739.TW,康普材料科技股份有限公司,TWSE,Taiwan,TWSE,outputs\full_universe_source_acquisition\twse_tpex_candidate_validation_classification_v2_18f.csv,Equity,common_equity,high,v2.18G added from v2.18F potential_net_new; candidate_id=TWSE_TWSE_4739; crosscheck_status=matched_stock_day_all; possible_existing excluded; canonical not modified,,21,,,TWSE,twse_tpex_v2_18g,,,,TWD,XTAI,v2.18G,https://openapi.twse.com.tw/v1/opendata/t187ap03_L,,,,TWSE,v2.18G,4739,康普材料科技股份有限公司,,,
4764.TW,雙鍵化工股份有限公司,TWSE,Taiwan,TWSE,outputs\full_universe_source_acquisition\twse_tpex_candidate_validation_classification_v2_18f.csv,Equity,common_equity,high,v2.18G added from v2.18F potential_net_new; candidate_id=TWSE_TWSE_4764; crosscheck_status=matched_stock_day_all; possible_existing excluded; canonical not modified,,21,,,TWSE,twse_tpex_v2_18g,,,,TWD,XTAI,v2.18G,https://openapi.twse.com.tw/v1/opendata/t187ap03_L,,,,TWSE,v2.18G,4764,雙鍵化工股份有限公司,,,
4770.TW,上品綜合工業股份有限公司,TWSE,Taiwan,TWSE,outputs\full_universe_source_acquisition\twse_tpex_candidate_validation_classification_v2_18f.csv,Equity,common_equity,high,v2.18G added from v2.18F potential_net_new; candidate_id=TWSE_TWSE_4770; crosscheck_status=matched_stock_day_all; possible_existing excluded; canonical not modified,,21,,,TWSE,twse_tpex_v2_18g,,,,TWD,XTAI,v2.18G,https://openapi.twse.com.tw/v1/opendata/t187ap03_L,,,,TWSE,v2.18G,4770,上品綜合工業股份有限公司,,,
4807.TW,日成控股股份有限公司,TWSE,Taiwan,TWSE,outputs\full_universe_source_acquisition\twse_tpex_candidate_validation_classification_v2_18f.csv,Equity,common_equity,high,v2.18G added from v2.18F potential_net_new; candidate_id=TWSE_TWSE_4807; crosscheck_status=matched_stock_day_all; possible_existing excluded; canonical not modified,,18,,,TWSE,twse_tpex_v2_18g,,,,TWD,XTAI,v2.18G,https://openapi.twse.com.tw/v1/opendata/t187ap03_L,,,,TWSE,v2.18G,4807,日成控股股份有限公司,,,
4904.TW,遠傳電信股份有限公司,TWSE,Taiwan,TWSE,outputs\full_universe_source_acquisition\twse_tpex_candidate_validation_classification_v2_18f.csv,Equity,common_equity,high,v2.18G added from v2.18F potential_net_new; candidate_id=TWSE_TWSE_4904; crosscheck_status=matched_stock_day_all; possible_existing excluded; canonical not modified,,27,,,TWSE,twse_tpex_v2_18g,,,,TWD,XTAI,v2.18G,https://openapi.twse.com.tw/v1/opendata/t187ap03_L,,,,TWSE,v2.18G,4904,遠傳電信股份有限公司,,,
4906.TW,正文科技股份有限公司,TWSE,Taiwan,TWSE,outputs\full_universe_source_acquisition\twse_tpex_candidate_validation_classification_v2_18f.csv,Equity,common_equity,high,v2.18G added from v2.18F potential_net_new; candidate_id=TWSE_TWSE_4906; crosscheck_status=matched_stock_day_all; possible_existing excluded; canonical not modified,,27,,,TWSE,twse_tpex_v2_18g,,,,TWD,XTAI,v2.18G,https://openapi.twse.com.tw/v1/opendata/t187ap03_L,,,,TWSE,v2.18G,4906,正文科技股份有限公司,,,
4915.TW,致伸科技股份有限公司,TWSE,Taiwan,TWSE,outputs\full_universe_source_acquisition\twse_tpex_candidate_validation_classification_v2_18f.csv,Equity,common_equity,high,v2.18G added from v2.18F potential_net_new; candidate_id=TWSE_TWSE_4915; crosscheck_status=matched_stock_day_all; possible_existing excluded; canonical not modified,,28,,,TWSE,twse_tpex_v2_18g,,,,TWD,XTAI,v2.18G,https://openapi.twse.com.tw/v1/opendata/t187ap03_L,,,,TWSE,v2.18G,4915,致伸科技股份有限公司,,,
4916.TW,事欣科技股份有限公司,TWSE,Taiwan,TWSE,outputs\full_universe_source_acquisition\twse_tpex_candidate_validation_classification_v2_18f.csv,Equity,common_equity,high,v2.18G added from v2.18F potential_net_new; candidate_id=TWSE_TWSE_4916; crosscheck_status=matched_stock_day_all; possible_existing excluded; canonical not modified,,25,,,TWSE,twse_tpex_v2_18g,,,,TWD,XTAI,v2.18G,https://openapi.twse.com.tw/v1/opendata/t187ap03_L,,,,TWSE,v2.18G,4916,事欣科技股份有限公司,,,
4930.TW,燦星網通股份有限公司,TWSE,Taiwan,TWSE,outputs\full_universe_source_acquisition\twse_tpex_candidate_validation_classification_v2_18f.csv,Equity,common_equity,high,v2.18G added from v2.18F potential_net_new; candidate_id=TWSE_TWSE_4930; crosscheck_status=matched_stock_day_all; possible_existing excluded; canonical not modified,,06,,,TWSE,twse_tpex_v2_18g,,,,TWD,XTAI,v2.18G,https://openapi.twse.com.tw/v1/opendata/t187ap03_L,,,,TWSE,v2.18G,4930,燦星網通股份有限公司,,,
4938.TW,和碩聯合科技股份有限公司,TWSE,Taiwan,TWSE,outputs\full_universe_source_acquisition\twse_tpex_candidate_validation_classification_v2_18f.csv,Equity,common_equity,high,v2.18G added from v2.18F potential_net_new; candidate_id=TWSE_TWSE_4938; crosscheck_status=matched_stock_day_all; possible_existing excluded; canonical not modified,,25,,,TWSE,twse_tpex_v2_18g,,,,TWD,XTAI,v2.18G,https://openapi.twse.com.tw/v1/opendata/t187ap03_L,,,,TWSE,v2.18G,4938,和碩聯合科技股份有限公司,,,
4942.TW,嘉彰股份有限公司,TWSE,Taiwan,TWSE,outputs\full_universe_source_acquisition\twse_tpex_candidate_validation_classification_v2_18f.csv,Equity,common_equity,high,v2.18G added from v2.18F potential_net_new; candidate_id=TWSE_TWSE_4942; crosscheck_status=matched_stock_day_all; possible_existing excluded; canonical not modified,,26,,,TWSE,twse_tpex_v2_18g,,,,TWD,XTAI,v2.18G,https://openapi.twse.com.tw/v1/opendata/t187ap03_L,,,,TWSE,v2.18G,4942,嘉彰股份有限公司,,,
4943.TW,開曼康而富控股股份有限公司,TWSE,Taiwan,TWSE,outputs\full_universe_source_acquisition\twse_tpex_candidate_validation_classification_v2_18f.csv,Equity,common_equity,high,v2.18G added from v2.18F potential_net_new; candidate_id=TWSE_TWSE_4943; crosscheck_status=matched_stock_day_all; possible_existing excluded; canonical not modified,,28,,,TWSE,twse_tpex_v2_18g,,,,TWD,XTAI,v2.18G,https://openapi.twse.com.tw/v1/opendata/t187ap03_L,,,,TWSE,v2.18G,4943,開曼康而富控股股份有限公司,,,
4949.TW,有成精密股份有限公司,TWSE,Taiwan,TWSE,outputs\full_universe_source_acquisition\twse_tpex_candidate_validation_classification_v2_18f.csv,Equity,common_equity,high,v2.18G added from v2.18F potential_net_new; candidate_id=TWSE_TWSE_4949; crosscheck_status=matched_stock_day_all; possible_existing excluded; canonical not modified,,26,,,TWSE,twse_tpex_v2_18g,,,,TWD,XTAI,v2.18G,https://openapi.twse.com.tw/v1/opendata/t187ap03_L,,,,TWSE,v2.18G,4949,有成精密股份有限公司,,,
4952.TW,凌通科技股份有限公司,TWSE,Taiwan,TWSE,outputs\full_universe_source_acquisition\twse_tpex_candidate_validation_classification_v2_18f.csv,Equity,common_equity,high,v2.18G added from v2.18F potential_net_new; candidate_id=TWSE_TWSE_4952; crosscheck_status=matched_stock_day_all; possible_existing excluded; canonical not modified,,24,,,TWSE,twse_tpex_v2_18g,,,,TWD,XTAI,v2.18G,https://openapi.twse.com.tw/v1/opendata/t187ap03_L,,,,TWSE,v2.18G,4952,凌通科技股份有限公司,,,
4961.TW,天鈺科技股份有限公司,TWSE,Taiwan,TWSE,outputs\full_universe_source_acquisition\twse_tpex_candidate_validation_classification_v2_18f.csv,Equity,common_equity,high,v2.18G added from v2.18F potential_net_new; candidate_id=TWSE_TWSE_4961; crosscheck_status=matched_stock_day_all; possible_existing excluded; canonical not modified,,24,,,TWSE,twse_tpex_v2_18g,,,,TWD,XTAI,v2.18G,https://openapi.twse.com.tw/v1/opendata/t187ap03_L,,,,TWSE,v2.18G,4961,天鈺科技股份有限公司,,,
4989.TW,李長榮科技股份有限公司,TWSE,Taiwan,TWSE,outputs\full_universe_source_acquisition\twse_tpex_candidate_validation_classification_v2_18f.csv,Equity,common_equity,high,v2.18G added from v2.18F potential_net_new; candidate_id=TWSE_TWSE_4989; crosscheck_status=matched_stock_day_all; possible_existing excluded; canonical not modified,,28,,,TWSE,twse_tpex_v2_18g,,,,TWD,XTAI,v2.18G,https://openapi.twse.com.tw/v1/opendata/t187ap03_L,,,,TWSE,v2.18G,4989,李長榮科技股份有限公司,,,
4999.TW,鑫禾科技股份有限公司,TWSE,Taiwan,TWSE,outputs\full_universe_source_acquisition\twse_tpex_candidate_validation_classification_v2_18f.csv,Equity,common_equity,high,v2.18G added from v2.18F potential_net_new; candidate_id=TWSE_TWSE_4999; crosscheck_status=matched_stock_day_all; possible_existing excluded; canonical not modified,,28,,,TWSE,twse_tpex_v2_18g,,,,TWD,XTAI,v2.18G,https://openapi.twse.com.tw/v1/opendata/t187ap03_L,,,,TWSE,v2.18G,4999,鑫禾科技股份有限公司,,,
5007.TW,三星科技股份有限公司,TWSE,Taiwan,TWSE,outputs\full_universe_source_acquisition\twse_tpex_candidate_validation_classification_v2_18f.csv,Equity,common_equity,high,v2.18G added from v2.18F potential_net_new; candidate_id=TWSE_TWSE_5007; crosscheck_status=matched_stock_day_all; possible_existing excluded; canonical not modified,,10,,,TWSE,twse_tpex_v2_18g,,,,TWD,XTAI,v2.18G,https://openapi.twse.com.tw/v1/opendata/t187ap03_L,,,,TWSE,v2.18G,5007,三星科技股份有限公司,,,
5203.TW,訊連科技股份有限公司,TWSE,Taiwan,TWSE,outputs\full_universe_source_acquisition\twse_tpex_candidate_validation_classification_v2_18f.csv,Equity,common_equity,high,v2.18G added from v2.18F potential_net_new; candidate_id=TWSE_TWSE_5203; crosscheck_status=matched_stock_day_all; possible_existing excluded; canonical not modified,,30,,,TWSE,twse_tpex_v2_18g,,,,TWD,XTAI,v2.18G,https://openapi.twse.com.tw/v1/opendata/t187ap03_L,,,,TWSE,v2.18G,5203,訊連科技股份有限公司,,,
5215.TW,科嘉(開曼)股份有限公司,TWSE,Taiwan,TWSE,outputs\full_universe_source_acquisition\twse_tpex_candidate_validation_classification_v2_18f.csv,Equity,common_equity,high,v2.18G added from v2.18F potential_net_new; candidate_id=TWSE_TWSE_5215; crosscheck_status=matched_stock_day_all; possible_existing excluded; canonical not modified,,25,,,TWSE,twse_tpex_v2_18g,,,,TWD,XTAI,v2.18G,https://openapi.twse.com.tw/v1/opendata/t187ap03_L,,,,TWSE,v2.18G,5215,科嘉(開曼)股份有限公司,,,
5222.TW,全訊科技股份有限公司,TWSE,Taiwan,TWSE,outputs\full_universe_source_acquisition\twse_tpex_candidate_validation_classification_v2_18f.csv,Equity,common_equity,high,v2.18G added from v2.18F potential_net_new; candidate_id=TWSE_TWSE_5222; crosscheck_status=matched_stock_day_all; possible_existing excluded; canonical not modified,,24,,,TWSE,twse_tpex_v2_18g,,,,TWD,XTAI,v2.18G,https://openapi.twse.com.tw/v1/opendata/t187ap03_L,,,,TWSE,v2.18G,5222,全訊科技股份有限公司,,,
5225.TW,東科控股股份有限公司,TWSE,Taiwan,TWSE,outputs\full_universe_source_acquisition\twse_tpex_candidate_validation_classification_v2_18f.csv,Equity,common_equity,high,v2.18G added from v2.18F potential_net_new; candidate_id=TWSE_TWSE_5225; crosscheck_status=matched_stock_day_all; possible_existing excluded; canonical not modified,,31,,,TWSE,twse_tpex_v2_18g,,,,TWD,XTAI,v2.18G,https://openapi.twse.com.tw/v1/opendata/t187ap03_L,,,,TWSE,v2.18G,5225,東科控股股份有限公司,,,
5234.TW,達興材料股份有限公司,TWSE,Taiwan,TWSE,outputs\full_universe_source_acquisition\twse_tpex_candidate_validation_classification_v2_18f.csv,Equity,common_equity,high,v2.18G added from v2.18F potential_net_new; candidate_id=TWSE_TWSE_5234; crosscheck_status=matched_stock_day_all; possible_existing excluded; canonical not modified,,26,,,TWSE,twse_tpex_v2_18g,,,,TWD,XTAI,v2.18G,https://openapi.twse.com.tw/v1/opendata/t187ap03_L,,,,TWSE,v2.18G,5234,達興材料股份有限公司,,,
5236.TW,凌陽創新科技股份有限公司,TWSE,Taiwan,TWSE,outputs\full_universe_source_acquisition\twse_tpex_candidate_validation_classification_v2_18f.csv,Equity,common_equity,high,v2.18G added from v2.18F potential_net_new; candidate_id=TWSE_TWSE_5236; crosscheck_status=matched_stock_day_all; possible_existing excluded; canonical not modified,,24,,,TWSE,twse_tpex_v2_18g,,,,TWD,XTAI,v2.18G,https://openapi.twse.com.tw/v1/opendata/t187ap03_L,,,,TWSE,v2.18G,5236,凌陽創新科技股份有限公司,,,
5292.TW,華懋科技股份有限公司,TWSE,Taiwan,TWSE,outputs\full_universe_source_acquisition\twse_tpex_candidate_validation_classification_v2_18f.csv,Equity,common_equity,high,v2.18G added from v2.18F potential_net_new; candidate_id=TWSE_TWSE_5292; crosscheck_status=matched_stock_day_all; possible_existing excluded; canonical not modified,,35,,,TWSE,twse_tpex_v2_18g,,,,TWD,XTAI,v2.18G,https://openapi.twse.com.tw/v1/opendata/t187ap03_L,,,,TWSE,v2.18G,5292,華懋科技股份有限公司,,,
5306.TW,桂盟國際股份有限公司,TWSE,Taiwan,TWSE,outputs\full_universe_source_acquisition\twse_tpex_candidate_validation_classification_v2_18f.csv,Equity,common_equity,high,v2.18G added from v2.18F potential_net_new; candidate_id=TWSE_TWSE_5306; crosscheck_status=matched_stock_day_all; possible_existing excluded; canonical not modified,,37,,,TWSE,twse_tpex_v2_18g,,,,TWD,XTAI,v2.18G,https://openapi.twse.com.tw/v1/opendata/t187ap03_L,,,,TWSE,v2.18G,5306,桂盟國際股份有限公司,,,
5434.TW,崇越科技股份有限公司,TWSE,Taiwan,TWSE,outputs\full_universe_source_acquisition\twse_tpex_candidate_validation_classification_v2_18f.csv,Equity,common_equity,high,v2.18G added from v2.18F potential_net_new; candidate_id=TWSE_TWSE_5434; crosscheck_status=matched_stock_day_all; possible_existing excluded; canonical not modified,,29,,,TWSE,twse_tpex_v2_18g,,,,TWD,XTAI,v2.18G,https://openapi.twse.com.tw/v1/opendata/t187ap03_L,,,,TWSE,v2.18G,5434,崇越科技股份有限公司,,,
5469.TW,瀚宇博德股份有限公司,TWSE,Taiwan,TWSE,outputs\full_universe_source_acquisition\twse_tpex_candidate_validation_classification_v2_18f.csv,Equity,common_equity,high,v2.18G added from v2.18F potential_net_new; candidate_id=TWSE_TWSE_5469; crosscheck_status=matched_stock_day_all; possible_existing excluded; canonical not modified,,28,,,TWSE,twse_tpex_v2_18g,,,,TWD,XTAI,v2.18G,https://openapi.twse.com.tw/v1/opendata/t187ap03_L,,,,TWSE,v2.18G,5469,瀚宇博德股份有限公司,,,
5515.TW,建國工程股份有限公司,TWSE,Taiwan,TWSE,outputs\full_universe_source_acquisition\twse_tpex_candidate_validation_classification_v2_18f.csv,Equity,common_equity,high,v2.18G added from v2.18F potential_net_new; candidate_id=TWSE_TWSE_5515; crosscheck_status=matched_stock_day_all; possible_existing excluded; canonical not modified,,14,,,TWSE,twse_tpex_v2_18g,,,,TWD,XTAI,v2.18G,https://openapi.twse.com.tw/v1/opendata/t187ap03_L,,,,TWSE,v2.18G,5515,建國工程股份有限公司,,,
5519.TW,隆大營建事業股份有限公司,TWSE,Taiwan,TWSE,outputs\full_universe_source_acquisition\twse_tpex_candidate_validation_classification_v2_18f.csv,Equity,common_equity,high,v2.18G added from v2.18F potential_net_new; candidate_id=TWSE_TWSE_5519; crosscheck_status=matched_stock_day_all; possible_existing excluded; canonical not modified,,14,,,TWSE,twse_tpex_v2_18g,,,,TWD,XTAI,v2.18G,https://openapi.twse.com.tw/v1/opendata/t187ap03_L,,,,TWSE,v2.18G,5519,隆大營建事業股份有限公司,,,
5521.TW,工信工程股份有限公司,TWSE,Taiwan,TWSE,outputs\full_universe_source_acquisition\twse_tpex_candidate_validation_classification_v2_18f.csv,Equity,common_equity,high,v2.18G added from v2.18F potential_net_new; candidate_id=TWSE_TWSE_5521; crosscheck_status=matched_stock_day_all; possible_existing excluded; canonical not modified,,14,,,TWSE,twse_tpex_v2_18g,,,,TWD,XTAI,v2.18G,https://openapi.twse.com.tw/v1/opendata/t187ap03_L,,,,TWSE,v2.18G,5521,工信工程股份有限公司,,,
5522.TW,遠雄建設事業股份有限公司,TWSE,Taiwan,TWSE,outputs\full_universe_source_acquisition\twse_tpex_candidate_validation_classification_v2_18f.csv,Equity,common_equity,high,v2.18G added from v2.18F potential_net_new; candidate_id=TWSE_TWSE_5522; crosscheck_status=matched_stock_day_all; possible_existing excluded; canonical not modified,,14,,,TWSE,twse_tpex_v2_18g,,,,TWD,XTAI,v2.18G,https://openapi.twse.com.tw/v1/opendata/t187ap03_L,,,,TWSE,v2.18G,5522,遠雄建設事業股份有限公司,,,
5525.TW,順天建設股份有限公司,TWSE,Taiwan,TWSE,outputs\full_universe_source_acquisition\twse_tpex_candidate_validation_classification_v2_18f.csv,Equity,common_equity,high,v2.18G added from v2.18F potential_net_new; candidate_id=TWSE_TWSE_5525; crosscheck_status=matched_stock_day_all; possible_existing excluded; canonical not modified,,14,,,TWSE,twse_tpex_v2_18g,,,,TWD,XTAI,v2.18G,https://openapi.twse.com.tw/v1/opendata/t187ap03_L,,,,TWSE,v2.18G,5525,順天建設股份有限公司,,,
5531.TW,鄉林建設事業股份有限公司,TWSE,Taiwan,TWSE,outputs\full_universe_source_acquisition\twse_tpex_candidate_validation_classification_v2_18f.csv,Equity,common_equity,high,v2.18G added from v2.18F potential_net_new; candidate_id=TWSE_TWSE_5531; crosscheck_status=matched_stock_day_all; possible_existing excluded; canonical not modified,,14,,,TWSE,twse_tpex_v2_18g,,,,TWD,XTAI,v2.18G,https://openapi.twse.com.tw/v1/opendata/t187ap03_L,,,,TWSE,v2.18G,5531,鄉林建設事業股份有限公司,,,
5534.TW,長虹建設股份有限公司,TWSE,Taiwan,TWSE,outputs\full_universe_source_acquisition\twse_tpex_candidate_validation_classification_v2_18f.csv,Equity,common_equity,high,v2.18G added from v2.18F potential_net_new; candidate_id=TWSE_TWSE_5534; crosscheck_status=matched_stock_day_all; possible_existing excluded; canonical not modified,,14,,,TWSE,twse_tpex_v2_18g,,,,TWD,XTAI,v2.18G,https://openapi.twse.com.tw/v1/opendata/t187ap03_L,,,,TWSE,v2.18G,5534,長虹建設股份有限公司,,,
5538.TW,開曼東明控股股份有限公司,TWSE,Taiwan,TWSE,outputs\full_universe_source_acquisition\twse_tpex_candidate_validation_classification_v2_18f.csv,Equity,common_equity,high,v2.18G added from v2.18F potential_net_new; candidate_id=TWSE_TWSE_5538; crosscheck_status=matched_stock_day_all; possible_existing excluded; canonical not modified,,10,,,TWSE,twse_tpex_v2_18g,,,,TWD,XTAI,v2.18G,https://openapi.twse.com.tw/v1/opendata/t187ap03_L,,,,TWSE,v2.18G,5538,開曼東明控股股份有限公司,,,
5546.TW,永固集團股份有限公司,TWSE,Taiwan,TWSE,outputs\full_universe_source_acquisition\twse_tpex_candidate_validation_classification_v2_18f.csv,Equity,common_equity,high,v2.18G added from v2.18F potential_net_new; candidate_id=TWSE_TWSE_5546; crosscheck_status=matched_stock_day_all; possible_existing excluded; canonical not modified,,14,,,TWSE,twse_tpex_v2_18g,,,,TWD,XTAI,v2.18G,https://openapi.twse.com.tw/v1/opendata/t187ap03_L,,,,TWSE,v2.18G,5546,永固集團股份有限公司,,,
5607.TW,遠雄自貿港投資控股股份有限公司,TWSE,Taiwan,TWSE,outputs\full_universe_source_acquisition\twse_tpex_candidate_validation_classification_v2_18f.csv,Equity,common_equity,high,v2.18G added from v2.18F potential_net_new; candidate_id=TWSE_TWSE_5607; crosscheck_status=matched_stock_day_all; possible_existing excluded; canonical not modified,,15,,,TWSE,twse_tpex_v2_18g,,,,TWD,XTAI,v2.18G,https://openapi.twse.com.tw/v1/opendata/t187ap03_L,,,,TWSE,v2.18G,5607,遠雄自貿港投資控股股份有限公司,,,
5608.TW,四維航業股份有限公司,TWSE,Taiwan,TWSE,outputs\full_universe_source_acquisition\twse_tpex_candidate_validation_classification_v2_18f.csv,Equity,common_equity,high,v2.18G added from v2.18F potential_net_new; candidate_id=TWSE_TWSE_5608; crosscheck_status=matched_stock_day_all; possible_existing excluded; canonical not modified,,15,,,TWSE,twse_tpex_v2_18g,,,,TWD,XTAI,v2.18G,https://openapi.twse.com.tw/v1/opendata/t187ap03_L,,,,TWSE,v2.18G,5608,四維航業股份有限公司,,,
5876.TW,上海商業儲蓄銀行股份有限公司,TWSE,Taiwan,TWSE,outputs\full_universe_source_acquisition\twse_tpex_candidate_validation_classification_v2_18f.csv,Equity,common_equity,high,v2.18G added from v2.18F potential_net_new; candidate_id=TWSE_TWSE_5876; crosscheck_status=matched_stock_day_all; possible_existing excluded; canonical not modified,,17,,,TWSE,twse_tpex_v2_18g,,,,TWD,XTAI,v2.18G,https://openapi.twse.com.tw/v1/opendata/t187ap03_L,,,,TWSE,v2.18G,5876,上海商業儲蓄銀行股份有限公司,,,
5880.TW,合作金庫金融控股股份有限公司,TWSE,Taiwan,TWSE,outputs\full_universe_source_acquisition\twse_tpex_candidate_validation_classification_v2_18f.csv,Equity,common_equity,high,v2.18G added from v2.18F potential_net_new; candidate_id=TWSE_TWSE_5880; crosscheck_status=matched_stock_day_all; possible_existing excluded; canonical not modified,,17,,,TWSE,twse_tpex_v2_18g,,,,TWD,XTAI,v2.18G,https://openapi.twse.com.tw/v1/opendata/t187ap03_L,,,,TWSE,v2.18G,5880,合作金庫金融控股股份有限公司,,,
5907.TW,Grand Ocean RetailGroupLimited,TWSE,Taiwan,TWSE,outputs\full_universe_source_acquisition\twse_tpex_candidate_validation_classification_v2_18f.csv,Equity,common_equity,high,v2.18G added from v2.18F potential_net_new; candidate_id=TWSE_TWSE_5907; crosscheck_status=matched_stock_day_all; possible_existing excluded; canonical not modified,,18,,,TWSE,twse_tpex_v2_18g,,,,TWD,XTAI,v2.18G,https://openapi.twse.com.tw/v1/opendata/t187ap03_L,,,,TWSE,v2.18G,5907,Grand Ocean RetailGroupLimited,,,
6024.TW,群益期貨股份有限公司,TWSE,Taiwan,TWSE,outputs\full_universe_source_acquisition\twse_tpex_candidate_validation_classification_v2_18f.csv,Equity,common_equity,high,v2.18G added from v2.18F potential_net_new; candidate_id=TWSE_TWSE_6024; crosscheck_status=matched_stock_day_all; possible_existing excluded; canonical not modified,,17,,,TWSE,twse_tpex_v2_18g,,,,TWD,XTAI,v2.18G,https://openapi.twse.com.tw/v1/opendata/t187ap03_L,,,,TWSE,v2.18G,6024,群益期貨股份有限公司,,,
6108.TW,競國實業股份有限公司,TWSE,Taiwan,TWSE,outputs\full_universe_source_acquisition\twse_tpex_candidate_validation_classification_v2_18f.csv,Equity,common_equity,high,v2.18G added from v2.18F potential_net_new; candidate_id=TWSE_TWSE_6108; crosscheck_status=matched_stock_day_all; possible_existing excluded; canonical not modified,,28,,,TWSE,twse_tpex_v2_18g,,,,TWD,XTAI,v2.18G,https://openapi.twse.com.tw/v1/opendata/t187ap03_L,,,,TWSE,v2.18G,6108,競國實業股份有限公司,,,
6112.TW,邁達特數位股份有限公司,TWSE,Taiwan,TWSE,outputs\full_universe_source_acquisition\twse_tpex_candidate_validation_classification_v2_18f.csv,Equity,common_equity,high,v2.18G added from v2.18F potential_net_new; candidate_id=TWSE_TWSE_6112; crosscheck_status=matched_stock_day_all; possible_existing excluded; canonical not modified,,30,,,TWSE,twse_tpex_v2_18g,,,,TWD,XTAI,v2.18G,https://openapi.twse.com.tw/v1/opendata/t187ap03_L,,,,TWSE,v2.18G,6112,邁達特數位股份有限公司,,,
6115.TW,鎰勝工業股份有限公司,TWSE,Taiwan,TWSE,outputs\full_universe_source_acquisition\twse_tpex_candidate_validation_classification_v2_18f.csv,Equity,common_equity,high,v2.18G added from v2.18F potential_net_new; candidate_id=TWSE_TWSE_6115; crosscheck_status=matched_stock_day_all; possible_existing excluded; canonical not modified,,28,,,TWSE,twse_tpex_v2_18g,,,,TWD,XTAI,v2.18G,https://openapi.twse.com.tw/v1/opendata/t187ap03_L,,,,TWSE,v2.18G,6115,鎰勝工業股份有限公司,,,
6116.TW,瀚宇彩晶股份有限公司,TWSE,Taiwan,TWSE,outputs\full_universe_source_acquisition\twse_tpex_candidate_validation_classification_v2_18f.csv,Equity,common_equity,high,v2.18G added from v2.18F potential_net_new; candidate_id=TWSE_TWSE_6116; crosscheck_status=matched_stock_day_all; possible_existing excluded; canonical not modified,,26,,,TWSE,twse_tpex_v2_18g,,,,TWD,XTAI,v2.18G,https://openapi.twse.com.tw/v1/opendata/t187ap03_L,,,,TWSE,v2.18G,6116,瀚宇彩晶股份有限公司,,,
6117.TW,迎廣科技股份有限公司,TWSE,Taiwan,TWSE,outputs\full_universe_source_acquisition\twse_tpex_candidate_validation_classification_v2_18f.csv,Equity,common_equity,high,v2.18G added from v2.18F potential_net_new; candidate_id=TWSE_TWSE_6117; crosscheck_status=matched_stock_day_all; possible_existing excluded; canonical not modified,,25,,,TWSE,twse_tpex_v2_18g,,,,TWD,XTAI,v2.18G,https://openapi.twse.com.tw/v1/opendata/t187ap03_L,,,,TWSE,v2.18G,6117,迎廣科技股份有限公司,,,
6120.TW,達運精密工業股份有限公司,TWSE,Taiwan,TWSE,outputs\full_universe_source_acquisition\twse_tpex_candidate_validation_classification_v2_18f.csv,Equity,common_equity,high,v2.18G added from v2.18F potential_net_new; candidate_id=TWSE_TWSE_6120; crosscheck_status=matched_stock_day_all; possible_existing excluded; canonical not modified,,26,,,TWSE,twse_tpex_v2_18g,,,,TWD,XTAI,v2.18G,https://openapi.twse.com.tw/v1/opendata/t187ap03_L,,,,TWSE,v2.18G,6120,達運精密工業股份有限公司,,,
6128.TW,上福全球科技股份有限公司,TWSE,Taiwan,TWSE,outputs\full_universe_source_acquisition\twse_tpex_candidate_validation_classification_v2_18f.csv,Equity,common_equity,high,v2.18G added from v2.18F potential_net_new; candidate_id=TWSE_TWSE_6128; crosscheck_status=matched_stock_day_all; possible_existing excluded; canonical not modified,,25,,,TWSE,twse_tpex_v2_18g,,,,TWD,XTAI,v2.18G,https://openapi.twse.com.tw/v1/opendata/t187ap03_L,,,,TWSE,v2.18G,6128,上福全球科技股份有限公司,,,
6133.TW,金橋科技股份有限公司,TWSE,Taiwan,TWSE,outputs\full_universe_source_acquisition\twse_tpex_candidate_validation_classification_v2_18f.csv,Equity,common_equity,high,v2.18G added from v2.18F potential_net_new; candidate_id=TWSE_TWSE_6133; crosscheck_status=matched_stock_day_all; possible_existing excluded; canonical not modified,,28,,,TWSE,twse_tpex_v2_18g,,,,TWD,XTAI,v2.18G,https://openapi.twse.com.tw/v1/opendata/t187ap03_L,,,,TWSE,v2.18G,6133,金橋科技股份有限公司,,,
6139.TW,亞翔工程股份有限公司,TWSE,Taiwan,TWSE,outputs\full_universe_source_acquisition\twse_tpex_candidate_validation_classification_v2_18f.csv,Equity,common_equity,high,v2.18G added from v2.18F potential_net_new; candidate_id=TWSE_TWSE_6139; crosscheck_status=matched_stock_day_all; possible_existing excluded; canonical not modified,,31,,,TWSE,twse_tpex_v2_18g,,,,TWD,XTAI,v2.18G,https://openapi.twse.com.tw/v1/opendata/t187ap03_L,,,,TWSE,v2.18G,6139,亞翔工程股份有限公司,,,
6142.TW,友勁科技股份有限公司,TWSE,Taiwan,TWSE,outputs\full_universe_source_acquisition\twse_tpex_candidate_validation_classification_v2_18f.csv,Equity,common_equity,high,v2.18G added from v2.18F potential_net_new; candidate_id=TWSE_TWSE_6142; crosscheck_status=matched_stock_day_all; possible_existing excluded; canonical not modified,,27,,,TWSE,twse_tpex_v2_18g,,,,TWD,XTAI,v2.18G,https://openapi.twse.com.tw/v1/opendata/t187ap03_L,,,,TWSE,v2.18G,6142,友勁科技股份有限公司,,,
6152.TW,百一電子股份有限公司,TWSE,Taiwan,TWSE,outputs\full_universe_source_acquisition\twse_tpex_candidate_validation_classification_v2_18f.csv,Equity,common_equity,high,v2.18G added from v2.18F potential_net_new; candidate_id=TWSE_TWSE_6152; crosscheck_status=matched_stock_day_all; possible_existing excluded; canonical not modified,,27,,,TWSE,twse_tpex_v2_18g,,,,TWD,XTAI,v2.18G,https://openapi.twse.com.tw/v1/opendata/t187ap03_L,,,,TWSE,v2.18G,6152,百一電子股份有限公司,,,
6153.TW,嘉聯益科技股份有限公司,TWSE,Taiwan,TWSE,outputs\full_universe_source_acquisition\twse_tpex_candidate_validation_classification_v2_18f.csv,Equity,common_equity,high,v2.18G added from v2.18F potential_net_new; candidate_id=TWSE_TWSE_6153; crosscheck_status=matched_stock_day_all; possible_existing excluded; canonical not modified,,28,,,TWSE,twse_tpex_v2_18g,,,,TWD,XTAI,v2.18G,https://openapi.twse.com.tw/v1/opendata/t187ap03_L,,,,TWSE,v2.18G,6153,嘉聯益科技股份有限公司,,,
6164.TW,華興電子工業股份有限公司,TWSE,Taiwan,TWSE,outputs\full_universe_source_acquisition\twse_tpex_candidate_validation_classification_v2_18f.csv,Equity,common_equity,high,v2.18G added from v2.18F potential_net_new; candidate_id=TWSE_TWSE_6164; crosscheck_status=matched_stock_day_all; possible_existing excluded; canonical not modified,,26,,,TWSE,twse_tpex_v2_18g,,,,TWD,XTAI,v2.18G,https://openapi.twse.com.tw/v1/opendata/t187ap03_L,,,,TWSE,v2.18G,6164,華興電子工業股份有限公司,,,
6168.TW,宏齊科技股份有限公司,TWSE,Taiwan,TWSE,outputs\full_universe_source_acquisition\twse_tpex_candidate_validation_classification_v2_18f.csv,Equity,common_equity,high,v2.18G added from v2.18F potential_net_new; candidate_id=TWSE_TWSE_6168; crosscheck_status=matched_stock_day_all; possible_existing excluded; canonical not modified,,26,,,TWSE,twse_tpex_v2_18g,,,,TWD,XTAI,v2.18G,https://openapi.twse.com.tw/v1/opendata/t187ap03_L,,,,TWSE,v2.18G,6168,宏齊科技股份有限公司,,,
6192.TW,巨路國際股份有限公司,TWSE,Taiwan,TWSE,outputs\full_universe_source_acquisition\twse_tpex_candidate_validation_classification_v2_18f.csv,Equity,common_equity,high,v2.18G added from v2.18F potential_net_new; candidate_id=TWSE_TWSE_6192; crosscheck_status=matched_stock_day_all; possible_existing excluded; canonical not modified,,31,,,TWSE,twse_tpex_v2_18g,,,,TWD,XTAI,v2.18G,https://openapi.twse.com.tw/v1/opendata/t187ap03_L,,,,TWSE,v2.18G,6192,巨路國際股份有限公司,,,
6201.TW,亞弘電科技股份有限公司,TWSE,Taiwan,TWSE,outputs\full_universe_source_acquisition\twse_tpex_candidate_validation_classification_v2_18f.csv,Equity,common_equity,high,v2.18G added from v2.18F potential_net_new; candidate_id=TWSE_TWSE_6201; crosscheck_status=matched_stock_day_all; possible_existing excluded; canonical not modified,,31,,,TWSE,twse_tpex_v2_18g,,,,TWD,XTAI,v2.18G,https://openapi.twse.com.tw/v1/opendata/t187ap03_L,,,,TWSE,v2.18G,6201,亞弘電科技股份有限公司,,,
6202.TW,盛群半導體股份有限公司,TWSE,Taiwan,TWSE,outputs\full_universe_source_acquisition\twse_tpex_candidate_validation_classification_v2_18f.csv,Equity,common_equity,high,v2.18G added from v2.18F potential_net_new; candidate_id=TWSE_TWSE_6202; crosscheck_status=matched_stock_day_all; possible_existing excluded; canonical not modified,,24,,,TWSE,twse_tpex_v2_18g,,,,TWD,XTAI,v2.18G,https://openapi.twse.com.tw/v1/opendata/t187ap03_L,,,,TWSE,v2.18G,6202,盛群半導體股份有限公司,,,
6205.TW,詮欣股份有限公司,TWSE,Taiwan,TWSE,outputs\full_universe_source_acquisition\twse_tpex_candidate_validation_classification_v2_18f.csv,Equity,common_equity,high,v2.18G added from v2.18F potential_net_new; candidate_id=TWSE_TWSE_6205; crosscheck_status=matched_stock_day_all; possible_existing excluded; canonical not modified,,28,,,TWSE,twse_tpex_v2_18g,,,,TWD,XTAI,v2.18G,https://openapi.twse.com.tw/v1/opendata/t187ap03_L,,,,TWSE,v2.18G,6205,詮欣股份有限公司,,,
6206.TW,飛捷科技股份有限公司,TWSE,Taiwan,TWSE,outputs\full_universe_source_acquisition\twse_tpex_candidate_validation_classification_v2_18f.csv,Equity,common_equity,high,v2.18G added from v2.18F potential_net_new; candidate_id=TWSE_TWSE_6206; crosscheck_status=matched_stock_day_all; possible_existing excluded; canonical not modified,,25,,,TWSE,twse_tpex_v2_18g,,,,TWD,XTAI,v2.18G,https://openapi.twse.com.tw/v1/opendata/t187ap03_L,,,,TWSE,v2.18G,6206,飛捷科技股份有限公司,,,
6213.TW,聯茂電子股份有限公司,TWSE,Taiwan,TWSE,outputs\full_universe_source_acquisition\twse_tpex_candidate_validation_classification_v2_18f.csv,Equity,common_equity,high,v2.18G added from v2.18F potential_net_new; candidate_id=TWSE_TWSE_6213; crosscheck_status=matched_stock_day_all; possible_existing excluded; canonical not modified,,28,,,TWSE,twse_tpex_v2_18g,,,,TWD,XTAI,v2.18G,https://openapi.twse.com.tw/v1/opendata/t187ap03_L,,,,TWSE,v2.18G,6213,聯茂電子股份有限公司,,,
6214.TW,精誠資訊股份有限公司,TWSE,Taiwan,TWSE,outputs\full_universe_source_acquisition\twse_tpex_candidate_validation_classification_v2_18f.csv,Equity,common_equity,high,v2.18G added from v2.18F potential_net_new; candidate_id=TWSE_TWSE_6214; crosscheck_status=matched_stock_day_all; possible_existing excluded; canonical not modified,,30,,,TWSE,twse_tpex_v2_18g,,,,TWD,XTAI,v2.18G,https://openapi.twse.com.tw/v1/opendata/t187ap03_L,,,,TWSE,v2.18G,6214,精誠資訊股份有限公司,,,
6215.TW,和椿科技股份有限公司,TWSE,Taiwan,TWSE,outputs\full_universe_source_acquisition\twse_tpex_candidate_validation_classification_v2_18f.csv,Equity,common_equity,high,v2.18G added from v2.18F potential_net_new; candidate_id=TWSE_TWSE_6215; crosscheck_status=matched_stock_day_all; possible_existing excluded; canonical not modified,,31,,,TWSE,twse_tpex_v2_18g,,,,TWD,XTAI,v2.18G,https://openapi.twse.com.tw/v1/opendata/t187ap03_L,,,,TWSE,v2.18G,6215,和椿科技股份有限公司,,,
6225.TW,天瀚科技股份有限公司,TWSE,Taiwan,TWSE,outputs\full_universe_source_acquisition\twse_tpex_candidate_validation_classification_v2_18f.csv,Equity,common_equity,high,v2.18G added from v2.18F potential_net_new; candidate_id=TWSE_TWSE_6225; crosscheck_status=matched_stock_day_all; possible_existing excluded; canonical not modified,,26,,,TWSE,twse_tpex_v2_18g,,,,TWD,XTAI,v2.18G,https://openapi.twse.com.tw/v1/opendata/t187ap03_L,,,,TWSE,v2.18G,6225,天瀚科技股份有限公司,,,
6243.TW,迅杰科技股份有限公司,TWSE,Taiwan,TWSE,outputs\full_universe_source_acquisition\twse_tpex_candidate_validation_classification_v2_18f.csv,Equity,common_equity,high,v2.18G added from v2.18F potential_net_new; candidate_id=TWSE_TWSE_6243; crosscheck_status=matched_stock_day_all; possible_existing excluded; canonical not modified,,24,,,TWSE,twse_tpex_v2_18g,,,,TWD,XTAI,v2.18G,https://openapi.twse.com.tw/v1/opendata/t187ap03_L,,,,TWSE,v2.18G,6243,迅杰科技股份有限公司,,,
6271.TW,同欣電子工業股份有限公司,TWSE,Taiwan,TWSE,outputs\full_universe_source_acquisition\twse_tpex_candidate_validation_classification_v2_18f.csv,Equity,common_equity,high,v2.18G added from v2.18F potential_net_new; candidate_id=TWSE_TWSE_6271; crosscheck_status=matched_stock_day_all; possible_existing excluded; canonical not modified,,24,,,TWSE,twse_tpex_v2_18g,,,,TWD,XTAI,v2.18G,https://openapi.twse.com.tw/v1/opendata/t187ap03_L,,,,TWSE,v2.18G,6271,同欣電子工業股份有限公司,,,
6281.TW,全國電子股份有限公司,TWSE,Taiwan,TWSE,outputs\full_universe_source_acquisition\twse_tpex_candidate_validation_classification_v2_18f.csv,Equity,common_equity,high,v2.18G added from v2.18F potential_net_new; candidate_id=TWSE_TWSE_6281; crosscheck_status=matched_stock_day_all; possible_existing excluded; canonical not modified,,29,,,TWSE,twse_tpex_v2_18g,,,,TWD,XTAI,v2.18G,https://openapi.twse.com.tw/v1/opendata/t187ap03_L,,,,TWSE,v2.18G,6281,全國電子股份有限公司,,,
6283.TW,淳安電子股份有限公司,TWSE,Taiwan,TWSE,outputs\full_universe_source_acquisition\twse_tpex_candidate_validation_classification_v2_18f.csv,Equity,common_equity,high,v2.18G added from v2.18F potential_net_new; candidate_id=TWSE_TWSE_6283; crosscheck_status=matched_stock_day_all; possible_existing excluded; canonical not modified,,31,,,TWSE,twse_tpex_v2_18g,,,,TWD,XTAI,v2.18G,https://openapi.twse.com.tw/v1/opendata/t187ap03_L,,,,TWSE,v2.18G,6283,淳安電子股份有限公司,,,
6285.TW,啟碁科技股份有限公司,TWSE,Taiwan,TWSE,outputs\full_universe_source_acquisition\twse_tpex_candidate_validation_classification_v2_18f.csv,Equity,common_equity,high,v2.18G added from v2.18F potential_net_new; candidate_id=TWSE_TWSE_6285; crosscheck_status=matched_stock_day_all; possible_existing excluded; canonical not modified,,27,,,TWSE,twse_tpex_v2_18g,,,,TWD,XTAI,v2.18G,https://openapi.twse.com.tw/v1/opendata/t187ap03_L,,,,TWSE,v2.18G,6285,啟碁科技股份有限公司,,,
6409.TW,旭隼科技股份有限公司,TWSE,Taiwan,TWSE,outputs\full_universe_source_acquisition\twse_tpex_candidate_validation_classification_v2_18f.csv,Equity,common_equity,high,v2.18G added from v2.18F potential_net_new; candidate_id=TWSE_TWSE_6409; crosscheck_status=matched_stock_day_all; possible_existing excluded; canonical not modified,,31,,,TWSE,twse_tpex_v2_18g,,,,TWD,XTAI,v2.18G,https://openapi.twse.com.tw/v1/opendata/t187ap03_L,,,,TWSE,v2.18G,6409,旭隼科技股份有限公司,,,
6414.TW,樺漢科技股份有限公司,TWSE,Taiwan,TWSE,outputs\full_universe_source_acquisition\twse_tpex_candidate_validation_classification_v2_18f.csv,Equity,common_equity,high,v2.18G added from v2.18F potential_net_new; candidate_id=TWSE_TWSE_6414; crosscheck_status=matched_stock_day_all; possible_existing excluded; canonical not modified,,25,,,TWSE,twse_tpex_v2_18g,,,,TWD,XTAI,v2.18G,https://openapi.twse.com.tw/v1/opendata/t187ap03_L,,,,TWSE,v2.18G,6414,樺漢科技股份有限公司,,,
6415.TW,矽力杰股份有限公司,TWSE,Taiwan,TWSE,outputs\full_universe_source_acquisition\twse_tpex_candidate_validation_classification_v2_18f.csv,Equity,common_equity,high,v2.18G added from v2.18F potential_net_new; candidate_id=TWSE_TWSE_6415; crosscheck_status=matched_stock_day_all; possible_existing excluded; canonical not modified,,24,,,TWSE,twse_tpex_v2_18g,,,,TWD,XTAI,v2.18G,https://openapi.twse.com.tw/v1/opendata/t187ap03_L,,,,TWSE,v2.18G,6415,矽力杰股份有限公司,,,
6416.TW,瑞祺電通股份有限公司,TWSE,Taiwan,TWSE,outputs\full_universe_source_acquisition\twse_tpex_candidate_validation_classification_v2_18f.csv,Equity,common_equity,high,v2.18G added from v2.18F potential_net_new; candidate_id=TWSE_TWSE_6416; crosscheck_status=matched_stock_day_all; possible_existing excluded; canonical not modified,,27,,,TWSE,twse_tpex_v2_18g,,,,TWD,XTAI,v2.18G,https://openapi.twse.com.tw/v1/opendata/t187ap03_L,,,,TWSE,v2.18G,6416,瑞祺電通股份有限公司,,,
6426.TW,統新光訊股份有限公司,TWSE,Taiwan,TWSE,outputs\full_universe_source_acquisition\twse_tpex_candidate_validation_classification_v2_18f.csv,Equity,common_equity,high,v2.18G added from v2.18F potential_net_new; candidate_id=TWSE_TWSE_6426; crosscheck_status=matched_stock_day_all; possible_existing excluded; canonical not modified,,27,,,TWSE,twse_tpex_v2_18g,,,,TWD,XTAI,v2.18G,https://openapi.twse.com.tw/v1/opendata/t187ap03_L,,,,TWSE,v2.18G,6426,統新光訊股份有限公司,,,
6431.TW,光麗生技控股股份有限公司,TWSE,Taiwan,TWSE,outputs\full_universe_source_acquisition\twse_tpex_candidate_validation_classification_v2_18f.csv,Equity,common_equity,high,v2.18G added from v2.18F potential_net_new; candidate_id=TWSE_TWSE_6431; crosscheck_status=matched_stock_day_all; possible_existing excluded; canonical not modified,,22,,,TWSE,twse_tpex_v2_18g,,,,TWD,XTAI,v2.18G,https://openapi.twse.com.tw/v1/opendata/t187ap03_L,,,,TWSE,v2.18G,6431,光麗生技控股股份有限公司,,,
6438.TW,迅得機械股份有限公司,TWSE,Taiwan,TWSE,outputs\full_universe_source_acquisition\twse_tpex_candidate_validation_classification_v2_18f.csv,Equity,common_equity,high,v2.18G added from v2.18F potential_net_new; candidate_id=TWSE_TWSE_6438; crosscheck_status=matched_stock_day_all; possible_existing excluded; canonical not modified,,31,,,TWSE,twse_tpex_v2_18g,,,,TWD,XTAI,v2.18G,https://openapi.twse.com.tw/v1/opendata/t187ap03_L,,,,TWSE,v2.18G,6438,迅得機械股份有限公司,,,
6442.TW,光紅建聖股份有限公司,TWSE,Taiwan,TWSE,outputs\full_universe_source_acquisition\twse_tpex_candidate_validation_classification_v2_18f.csv,Equity,common_equity,high,v2.18G added from v2.18F potential_net_new; candidate_id=TWSE_TWSE_6442; crosscheck_status=matched_stock_day_all; possible_existing excluded; canonical not modified,,27,,,TWSE,twse_tpex_v2_18g,,,,TWD,XTAI,v2.18G,https://openapi.twse.com.tw/v1/opendata/t187ap03_L,,,,TWSE,v2.18G,6442,光紅建聖股份有限公司,,,
6443.TW,元晶太陽能科技股份有限公司,TWSE,Taiwan,TWSE,outputs\full_universe_source_acquisition\twse_tpex_candidate_validation_classification_v2_18f.csv,Equity,common_equity,high,v2.18G added from v2.18F potential_net_new; candidate_id=TWSE_TWSE_6443; crosscheck_status=matched_stock_day_all; possible_existing excluded; canonical not modified,,26,,,TWSE,twse_tpex_v2_18g,,,,TWD,XTAI,v2.18G,https://openapi.twse.com.tw/v1/opendata/t187ap03_L,,,,TWSE,v2.18G,6443,元晶太陽能科技股份有限公司,,,
6446.TW,藥華醫藥股份有限公司,TWSE,Taiwan,TWSE,outputs\full_universe_source_acquisition\twse_tpex_candidate_validation_classification_v2_18f.csv,Equity,common_equity,high,v2.18G added from v2.18F potential_net_new; candidate_id=TWSE_TWSE_6446; crosscheck_status=matched_stock_day_all; possible_existing excluded; canonical not modified,,22,,,TWSE,twse_tpex_v2_18g,,,,TWD,XTAI,v2.18G,https://openapi.twse.com.tw/v1/opendata/t187ap03_L,,,,TWSE,v2.18G,6446,藥華醫藥股份有限公司,,,
6449.TW,鈺邦科技股份有限公司,TWSE,Taiwan,TWSE,outputs\full_universe_source_acquisition\twse_tpex_candidate_validation_classification_v2_18f.csv,Equity,common_equity,high,v2.18G added from v2.18F potential_net_new; candidate_id=TWSE_TWSE_6449; crosscheck_status=matched_stock_day_all; possible_existing excluded; canonical not modified,,28,,,TWSE,twse_tpex_v2_18g,,,,TWD,XTAI,v2.18G,https://openapi.twse.com.tw/v1/opendata/t187ap03_L,,,,TWSE,v2.18G,6449,鈺邦科技股份有限公司,,,
6451.TW,訊芯科技控股股份有限公司,TWSE,Taiwan,TWSE,outputs\full_universe_source_acquisition\twse_tpex_candidate_validation_classification_v2_18f.csv,Equity,common_equity,high,v2.18G added from v2.18F potential_net_new; candidate_id=TWSE_TWSE_6451; crosscheck_status=matched_stock_day_all; possible_existing excluded; canonical not modified,,24,,,TWSE,twse_tpex_v2_18g,,,,TWD,XTAI,v2.18G,https://openapi.twse.com.tw/v1/opendata/t187ap03_L,,,,TWSE,v2.18G,6451,訊芯科技控股股份有限公司,,,
6456.TW,GIS Holding Limited,TWSE,Taiwan,TWSE,outputs\full_universe_source_acquisition\twse_tpex_candidate_validation_classification_v2_18f.csv,Equity,common_equity,high,v2.18G added from v2.18F potential_net_new; candidate_id=TWSE_TWSE_6456; crosscheck_status=matched_stock_day_all; possible_existing excluded; canonical not modified,,26,,,TWSE,twse_tpex_v2_18g,,,,TWD,XTAI,v2.18G,https://openapi.twse.com.tw/v1/opendata/t187ap03_L,,,,TWSE,v2.18G,6456,GIS Holding Limited,,,
6477.TW,安集科技股份有限公司,TWSE,Taiwan,TWSE,outputs\full_universe_source_acquisition\twse_tpex_candidate_validation_classification_v2_18f.csv,Equity,common_equity,high,v2.18G added from v2.18F potential_net_new; candidate_id=TWSE_TWSE_6477; crosscheck_status=matched_stock_day_all; possible_existing excluded; canonical not modified,,26,,,TWSE,twse_tpex_v2_18g,,,,TWD,XTAI,v2.18G,https://openapi.twse.com.tw/v1/opendata/t187ap03_L,,,,TWSE,v2.18G,6477,安集科技股份有限公司,,,
6491.TW,晶碩光學股份有限公司,TWSE,Taiwan,TWSE,outputs\full_universe_source_acquisition\twse_tpex_candidate_validation_classification_v2_18f.csv,Equity,common_equity,high,v2.18G added from v2.18F potential_net_new; candidate_id=TWSE_TWSE_6491; crosscheck_status=matched_stock_day_all; possible_existing excluded; canonical not modified,,22,,,TWSE,twse_tpex_v2_18g,,,,TWD,XTAI,v2.18G,https://openapi.twse.com.tw/v1/opendata/t187ap03_L,,,,TWSE,v2.18G,6491,晶碩光學股份有限公司,,,
6515.TW,穎崴科技股份有限公司,TWSE,Taiwan,TWSE,outputs\full_universe_source_acquisition\twse_tpex_candidate_validation_classification_v2_18f.csv,Equity,common_equity,high,v2.18G added from v2.18F potential_net_new; candidate_id=TWSE_TWSE_6515; crosscheck_status=matched_stock_day_all; possible_existing excluded; canonical not modified,,24,,,TWSE,twse_tpex_v2_18g,,,,TWD,XTAI,v2.18G,https://openapi.twse.com.tw/v1/opendata/t187ap03_L,,,,TWSE,v2.18G,6515,穎崴科技股份有限公司,,,
6531.TW,愛普科技股份有限公司,TWSE,Taiwan,TWSE,outputs\full_universe_source_acquisition\twse_tpex_candidate_validation_classification_v2_18f.csv,Equity,common_equity,high,v2.18G added from v2.18F potential_net_new; candidate_id=TWSE_TWSE_6531; crosscheck_status=matched_stock_day_all; possible_existing excluded; canonical not modified,,24,,,TWSE,twse_tpex_v2_18g,,,,TWD,XTAI,v2.18G,https://openapi.twse.com.tw/v1/opendata/t187ap03_L,,,,TWSE,v2.18G,6531,愛普科技股份有限公司,,,
6534.TW,正瀚生技股份有限公司,TWSE,Taiwan,TWSE,outputs\full_universe_source_acquisition\twse_tpex_candidate_validation_classification_v2_18f.csv,Equity,common_equity,high,v2.18G added from v2.18F potential_net_new; candidate_id=TWSE_TWSE_6534; crosscheck_status=matched_stock_day_all; possible_existing excluded; canonical not modified,,22,,,TWSE,twse_tpex_v2_18g,,,,TWD,XTAI,v2.18G,https://openapi.twse.com.tw/v1/opendata/t187ap03_L,,,,TWSE,v2.18G,6534,正瀚生技股份有限公司,,,
6541.TW,泰福生技股份有限公司,TWSE,Taiwan,TWSE,outputs\full_universe_source_acquisition\twse_tpex_candidate_validation_classification_v2_18f.csv,Equity,common_equity,high,v2.18G added from v2.18F potential_net_new; candidate_id=TWSE_TWSE_6541; crosscheck_status=matched_stock_day_all; possible_existing excluded; canonical not modified,,22,,,TWSE,twse_tpex_v2_18g,,,,TWD,XTAI,v2.18G,https://openapi.twse.com.tw/v1/opendata/t187ap03_L,,,,TWSE,v2.18G,6541,泰福生技股份有限公司,,,
6550.TW,北極星藥業集團股份有限公司,TWSE,Taiwan,TWSE,outputs\full_universe_source_acquisition\twse_tpex_candidate_validation_classification_v2_18f.csv,Equity,common_equity,high,v2.18G added from v2.18F potential_net_new; candidate_id=TWSE_TWSE_6550; crosscheck_status=matched_stock_day_all; possible_existing excluded; canonical not modified,,22,,,TWSE,twse_tpex_v2_18g,,,,TWD,XTAI,v2.18G,https://openapi.twse.com.tw/v1/opendata/t187ap03_L,,,,TWSE,v2.18G,6550,北極星藥業集團股份有限公司,,,
6581.TW,台灣鋼聯股份有限公司,TWSE,Taiwan,TWSE,outputs\full_universe_source_acquisition\twse_tpex_candidate_validation_classification_v2_18f.csv,Equity,common_equity,high,v2.18G added from v2.18F potential_net_new; candidate_id=TWSE_TWSE_6581; crosscheck_status=matched_stock_day_all; possible_existing excluded; canonical not modified,,35,,,TWSE,twse_tpex_v2_18g,,,,TWD,XTAI,v2.18G,https://openapi.twse.com.tw/v1/opendata/t187ap03_L,,,,TWSE,v2.18G,6581,台灣鋼聯股份有限公司,,,
6582.TW,申豐特用應材股份有限公司,TWSE,Taiwan,TWSE,outputs\full_universe_source_acquisition\twse_tpex_candidate_validation_classification_v2_18f.csv,Equity,common_equity,high,v2.18G added from v2.18F potential_net_new; candidate_id=TWSE_TWSE_6582; crosscheck_status=matched_stock_day_all; possible_existing excluded; canonical not modified,,11,,,TWSE,twse_tpex_v2_18g,,,,TWD,XTAI,v2.18G,https://openapi.twse.com.tw/v1/opendata/t187ap03_L,,,,TWSE,v2.18G,6582,申豐特用應材股份有限公司,,,
6585.TW,鼎基先進材料股份有限公司,TWSE,Taiwan,TWSE,outputs\full_universe_source_acquisition\twse_tpex_candidate_validation_classification_v2_18f.csv,Equity,common_equity,high,v2.18G added from v2.18F potential_net_new; candidate_id=TWSE_TWSE_6585; crosscheck_status=matched_stock_day_all; possible_existing excluded; canonical not modified,,20,,,TWSE,twse_tpex_v2_18g,,,,TWD,XTAI,v2.18G,https://openapi.twse.com.tw/v1/opendata/t187ap03_L,,,,TWSE,v2.18G,6585,鼎基先進材料股份有限公司,,,
6589.TW,台康生技股份有限公司,TWSE,Taiwan,TWSE,outputs\full_universe_source_acquisition\twse_tpex_candidate_validation_classification_v2_18f.csv,Equity,common_equity,high,v2.18G added from v2.18F potential_net_new; candidate_id=TWSE_TWSE_6589; crosscheck_status=matched_stock_day_all; possible_existing excluded; canonical not modified,,22,,,TWSE,twse_tpex_v2_18g,,,,TWD,XTAI,v2.18G,https://openapi.twse.com.tw/v1/opendata/t187ap03_L,,,,TWSE,v2.18G,6589,台康生技股份有限公司,,,
6591.TW,動力科技股份有限公司,TWSE,Taiwan,TWSE,outputs\full_universe_source_acquisition\twse_tpex_candidate_validation_classification_v2_18f.csv,Equity,common_equity,high,v2.18G added from v2.18F potential_net_new; candidate_id=TWSE_TWSE_6591; crosscheck_status=matched_stock_day_all; possible_existing excluded; canonical not modified,,25,,,TWSE,twse_tpex_v2_18g,,,,TWD,XTAI,v2.18G,https://openapi.twse.com.tw/v1/opendata/t187ap03_L,,,,TWSE,v2.18G,6591,動力科技股份有限公司,,,
6598.TW,Applied BioCode Corporation,TWSE,Taiwan,TWSE,outputs\full_universe_source_acquisition\twse_tpex_candidate_validation_classification_v2_18f.csv,Equity,common_equity,high,v2.18G added from v2.18F potential_net_new; candidate_id=TWSE_TWSE_6598; crosscheck_status=matched_stock_day_all; possible_existing excluded; canonical not modified,,22,,,TWSE,twse_tpex_v2_18g,,,,TWD,XTAI,v2.18G,https://openapi.twse.com.tw/v1/opendata/t187ap03_L,,,,TWSE,v2.18G,6598,Applied BioCode Corporation,,,
6605.TW,帝寶工業股份有限公司,TWSE,Taiwan,TWSE,outputs\full_universe_source_acquisition\twse_tpex_candidate_validation_classification_v2_18f.csv,Equity,common_equity,high,v2.18G added from v2.18F potential_net_new; candidate_id=TWSE_TWSE_6605; crosscheck_status=matched_stock_day_all; possible_existing excluded; canonical not modified,,12,,,TWSE,twse_tpex_v2_18g,,,,TWD,XTAI,v2.18G,https://openapi.twse.com.tw/v1/opendata/t187ap03_L,,,,TWSE,v2.18G,6605,帝寶工業股份有限公司,,,
6606.TW,建德工業股份有限公司,TWSE,Taiwan,TWSE,outputs\full_universe_source_acquisition\twse_tpex_candidate_validation_classification_v2_18f.csv,Equity,common_equity,high,v2.18G added from v2.18F potential_net_new; candidate_id=TWSE_TWSE_6606; crosscheck_status=matched_stock_day_all; possible_existing excluded; canonical not modified,,05,,,TWSE,twse_tpex_v2_18g,,,,TWD,XTAI,v2.18G,https://openapi.twse.com.tw/v1/opendata/t187ap03_L,,,,TWSE,v2.18G,6606,建德工業股份有限公司,,,
6641.TW,基士德科技股份有限公司,TWSE,Taiwan,TWSE,outputs\full_universe_source_acquisition\twse_tpex_candidate_validation_classification_v2_18f.csv,Equity,common_equity,high,v2.18G added from v2.18F potential_net_new; candidate_id=TWSE_TWSE_6641; crosscheck_status=matched_stock_day_all; possible_existing excluded; canonical not modified,,35,,,TWSE,twse_tpex_v2_18g,,,,TWD,XTAI,v2.18G,https://openapi.twse.com.tw/v1/opendata/t187ap03_L,,,,TWSE,v2.18G,6641,基士德科技股份有限公司,,,
6655.TW,科定企業股份有限公司,TWSE,Taiwan,TWSE,outputs\full_universe_source_acquisition\twse_tpex_candidate_validation_classification_v2_18f.csv,Equity,common_equity,high,v2.18G added from v2.18F potential_net_new; candidate_id=TWSE_TWSE_6655; crosscheck_status=matched_stock_day_all; possible_existing excluded; canonical not modified,,20,,,TWSE,twse_tpex_v2_18g,,,,TWD,XTAI,v2.18G,https://openapi.twse.com.tw/v1/opendata/t187ap03_L,,,,TWSE,v2.18G,6655,科定企業股份有限公司,,,
6657.TW,華安醫學股份有限公司,TWSE,Taiwan,TWSE,outputs\full_universe_source_acquisition\twse_tpex_candidate_validation_classification_v2_18f.csv,Equity,common_equity,high,v2.18G added from v2.18F potential_net_new; candidate_id=TWSE_TWSE_6657; crosscheck_status=matched_stock_day_all; possible_existing excluded; canonical not modified,,22,,,TWSE,twse_tpex_v2_18g,,,,TWD,XTAI,v2.18G,https://openapi.twse.com.tw/v1/opendata/t187ap03_L,,,,TWSE,v2.18G,6657,華安醫學股份有限公司,,,
6669.TW,緯穎科技服務股份有限公司,TWSE,Taiwan,TWSE,outputs\full_universe_source_acquisition\twse_tpex_candidate_validation_classification_v2_18f.csv,Equity,common_equity,high,v2.18G added from v2.18F potential_net_new; candidate_id=TWSE_TWSE_6669; crosscheck_status=matched_stock_day_all; possible_existing excluded; canonical not modified,,25,,,TWSE,twse_tpex_v2_18g,,,,TWD,XTAI,v2.18G,https://openapi.twse.com.tw/v1/opendata/t187ap03_L,,,,TWSE,v2.18G,6669,緯穎科技服務股份有限公司,,,
6670.TW,復盛應用科技股份有限公司,TWSE,Taiwan,TWSE,outputs\full_universe_source_acquisition\twse_tpex_candidate_validation_classification_v2_18f.csv,Equity,common_equity,high,v2.18G added from v2.18F potential_net_new; candidate_id=TWSE_TWSE_6670; crosscheck_status=matched_stock_day_all; possible_existing excluded; canonical not modified,,37,,,TWSE,twse_tpex_v2_18g,,,,TWD,XTAI,v2.18G,https://openapi.twse.com.tw/v1/opendata/t187ap03_L,,,,TWSE,v2.18G,6670,復盛應用科技股份有限公司,,,
6671.TW,三能集團控股股份有限公司,TWSE,Taiwan,TWSE,outputs\full_universe_source_acquisition\twse_tpex_candidate_validation_classification_v2_18f.csv,Equity,common_equity,high,v2.18G added from v2.18F potential_net_new; candidate_id=TWSE_TWSE_6671; crosscheck_status=matched_stock_day_all; possible_existing excluded; canonical not modified,,38,,,TWSE,twse_tpex_v2_18g,,,,TWD,XTAI,v2.18G,https://openapi.twse.com.tw/v1/opendata/t187ap03_L,,,,TWSE,v2.18G,6671,三能集團控股股份有限公司,,,
6672.TW,騰輝電子國際集團股份有限公司,TWSE,Taiwan,TWSE,outputs\full_universe_source_acquisition\twse_tpex_candidate_validation_classification_v2_18f.csv,Equity,common_equity,high,v2.18G added from v2.18F potential_net_new; candidate_id=TWSE_TWSE_6672; crosscheck_status=matched_stock_day_all; possible_existing excluded; canonical not modified,,28,,,TWSE,twse_tpex_v2_18g,,,,TWD,XTAI,v2.18G,https://openapi.twse.com.tw/v1/opendata/t187ap03_L,,,,TWSE,v2.18G,6672,騰輝電子國際集團股份有限公司,,,
6689.TW,伊雲谷數位科技股份有限公司,TWSE,Taiwan,TWSE,outputs\full_universe_source_acquisition\twse_tpex_candidate_validation_classification_v2_18f.csv,Equity,common_equity,high,v2.18G added from v2.18F potential_net_new; candidate_id=TWSE_TWSE_6689; crosscheck_status=matched_stock_day_all; possible_existing excluded; canonical not modified,,36,,,TWSE,twse_tpex_v2_18g,,,,TWD,XTAI,v2.18G,https://openapi.twse.com.tw/v1/opendata/t187ap03_L,,,,TWSE,v2.18G,6689,伊雲谷數位科技股份有限公司,,,
6691.TW,洋基工程股份有限公司,TWSE,Taiwan,TWSE,outputs\full_universe_source_acquisition\twse_tpex_candidate_validation_classification_v2_18f.csv,Equity,common_equity,high,v2.18G added from v2.18F potential_net_new; candidate_id=TWSE_TWSE_6691; crosscheck_status=matched_stock_day_all; possible_existing excluded; canonical not modified,,31,,,TWSE,twse_tpex_v2_18g,,,,TWD,XTAI,v2.18G,https://openapi.twse.com.tw/v1/opendata/t187ap03_L,,,,TWSE,v2.18G,6691,洋基工程股份有限公司,,,
6695.TW,芯鼎科技股份有限公司,TWSE,Taiwan,TWSE,outputs\full_universe_source_acquisition\twse_tpex_candidate_validation_classification_v2_18f.csv,Equity,common_equity,high,v2.18G added from v2.18F potential_net_new; candidate_id=TWSE_TWSE_6695; crosscheck_status=matched_stock_day_all; possible_existing excluded; canonical not modified,,24,,,TWSE,twse_tpex_v2_18g,,,,TWD,XTAI,v2.18G,https://openapi.twse.com.tw/v1/opendata/t187ap03_L,,,,TWSE,v2.18G,6695,芯鼎科技股份有限公司,,,
6698.TW,旭暉應用材料股份有限公司,TWSE,Taiwan,TWSE,outputs\full_universe_source_acquisition\twse_tpex_candidate_validation_classification_v2_18f.csv,Equity,common_equity,high,v2.18G added from v2.18F potential_net_new; candidate_id=TWSE_TWSE_6698; crosscheck_status=matched_stock_day_all; possible_existing excluded; canonical not modified,,31,,,TWSE,twse_tpex_v2_18g,,,,TWD,XTAI,v2.18G,https://openapi.twse.com.tw/v1/opendata/t187ap03_L,,,,TWSE,v2.18G,6698,旭暉應用材料股份有限公司,,,
6715.TW,嘉基科技股份有限公司,TWSE,Taiwan,TWSE,outputs\full_universe_source_acquisition\twse_tpex_candidate_validation_classification_v2_18f.csv,Equity,common_equity,high,v2.18G added from v2.18F potential_net_new; candidate_id=TWSE_TWSE_6715; crosscheck_status=matched_stock_day_all; possible_existing excluded; canonical not modified,,28,,,TWSE,twse_tpex_v2_18g,,,,TWD,XTAI,v2.18G,https://openapi.twse.com.tw/v1/opendata/t187ap03_L,,,,TWSE,v2.18G,6715,嘉基科技股份有限公司,,,
6719.TW,力智電子股份有限公司,TWSE,Taiwan,TWSE,outputs\full_universe_source_acquisition\twse_tpex_candidate_validation_classification_v2_18f.csv,Equity,common_equity,high,v2.18G added from v2.18F potential_net_new; candidate_id=TWSE_TWSE_6719; crosscheck_status=matched_stock_day_all; possible_existing excluded; canonical not modified,,24,,,TWSE,twse_tpex_v2_18g,,,,TWD,XTAI,v2.18G,https://openapi.twse.com.tw/v1/opendata/t187ap03_L,,,,TWSE,v2.18G,6719,力智電子股份有限公司,,,
6722.TW,輝創電子股份有限公司,TWSE,Taiwan,TWSE,outputs\full_universe_source_acquisition\twse_tpex_candidate_validation_classification_v2_18f.csv,Equity,common_equity,high,v2.18G added from v2.18F potential_net_new; candidate_id=TWSE_TWSE_6722; crosscheck_status=matched_stock_day_all; possible_existing excluded; canonical not modified,,31,,,TWSE,twse_tpex_v2_18g,,,,TWD,XTAI,v2.18G,https://openapi.twse.com.tw/v1/opendata/t187ap03_L,,,,TWSE,v2.18G,6722,輝創電子股份有限公司,,,
6756.TW,威鋒電子股份有限公司,TWSE,Taiwan,TWSE,outputs\full_universe_source_acquisition\twse_tpex_candidate_validation_classification_v2_18f.csv,Equity,common_equity,high,v2.18G added from v2.18F potential_net_new; candidate_id=TWSE_TWSE_6756; crosscheck_status=matched_stock_day_all; possible_existing excluded; canonical not modified,,24,,,TWSE,twse_tpex_v2_18g,,,,TWD,XTAI,v2.18G,https://openapi.twse.com.tw/v1/opendata/t187ap03_L,,,,TWSE,v2.18G,6756,威鋒電子股份有限公司,,,
6781.TW,"AES Holding Co., Ltd.",TWSE,Taiwan,TWSE,outputs\full_universe_source_acquisition\twse_tpex_candidate_validation_classification_v2_18f.csv,Equity,common_equity,high,v2.18G added from v2.18F potential_net_new; candidate_id=TWSE_TWSE_6781; crosscheck_status=matched_stock_day_all; possible_existing excluded; canonical not modified,,28,,,TWSE,twse_tpex_v2_18g,,,,TWD,XTAI,v2.18G,https://openapi.twse.com.tw/v1/opendata/t187ap03_L,,,,TWSE,v2.18G,6781,"AES Holding Co., Ltd.",,,
6782.TW,視陽光學股份有限公司,TWSE,Taiwan,TWSE,outputs\full_universe_source_acquisition\twse_tpex_candidate_validation_classification_v2_18f.csv,Equity,common_equity,high,v2.18G added from v2.18F potential_net_new; candidate_id=TWSE_TWSE_6782; crosscheck_status=matched_stock_day_all; possible_existing excluded; canonical not modified,,22,,,TWSE,twse_tpex_v2_18g,,,,TWD,XTAI,v2.18G,https://openapi.twse.com.tw/v1/opendata/t187ap03_L,,,,TWSE,v2.18G,6782,視陽光學股份有限公司,,,
6789.TW,采鈺科技股份有限公司,TWSE,Taiwan,TWSE,outputs\full_universe_source_acquisition\twse_tpex_candidate_validation_classification_v2_18f.csv,Equity,common_equity,high,v2.18G added from v2.18F potential_net_new; candidate_id=TWSE_TWSE_6789; crosscheck_status=matched_stock_day_all; possible_existing excluded; canonical not modified,,24,,,TWSE,twse_tpex_v2_18g,,,,TWD,XTAI,v2.18G,https://openapi.twse.com.tw/v1/opendata/t187ap03_L,,,,TWSE,v2.18G,6789,采鈺科技股份有限公司,,,
6790.TW,永豐餘消費品實業股份有限公司,TWSE,Taiwan,TWSE,outputs\full_universe_source_acquisition\twse_tpex_candidate_validation_classification_v2_18f.csv,Equity,common_equity,high,v2.18G added from v2.18F potential_net_new; candidate_id=TWSE_TWSE_6790; crosscheck_status=matched_stock_day_all; possible_existing excluded; canonical not modified,,09,,,TWSE,twse_tpex_v2_18g,,,,TWD,XTAI,v2.18G,https://openapi.twse.com.tw/v1/opendata/t187ap03_L,,,,TWSE,v2.18G,6790,永豐餘消費品實業股份有限公司,,,
6792.TW,詠業科技股份有限公司,TWSE,Taiwan,TWSE,outputs\full_universe_source_acquisition\twse_tpex_candidate_validation_classification_v2_18f.csv,Equity,common_equity,high,v2.18G added from v2.18F potential_net_new; candidate_id=TWSE_TWSE_6792; crosscheck_status=matched_stock_day_all; possible_existing excluded; canonical not modified,,27,,,TWSE,twse_tpex_v2_18g,,,,TWD,XTAI,v2.18G,https://openapi.twse.com.tw/v1/opendata/t187ap03_L,,,,TWSE,v2.18G,6792,詠業科技股份有限公司,,,
6796.TW,晉弘科技股份有限公司,TWSE,Taiwan,TWSE,outputs\full_universe_source_acquisition\twse_tpex_candidate_validation_classification_v2_18f.csv,Equity,common_equity,high,v2.18G added from v2.18F potential_net_new; candidate_id=TWSE_TWSE_6796; crosscheck_status=matched_stock_day_all; possible_existing excluded; canonical not modified,,22,,,TWSE,twse_tpex_v2_18g,,,,TWD,XTAI,v2.18G,https://openapi.twse.com.tw/v1/opendata/t187ap03_L,,,,TWSE,v2.18G,6796,晉弘科技股份有限公司,,,
6799.TW,來頡科技股份有限公司,TWSE,Taiwan,TWSE,outputs\full_universe_source_acquisition\twse_tpex_candidate_validation_classification_v2_18f.csv,Equity,common_equity,high,v2.18G added from v2.18F potential_net_new; candidate_id=TWSE_TWSE_6799; crosscheck_status=matched_stock_day_all; possible_existing excluded; canonical not modified,,24,,,TWSE,twse_tpex_v2_18g,,,,TWD,XTAI,v2.18G,https://openapi.twse.com.tw/v1/opendata/t187ap03_L,,,,TWSE,v2.18G,6799,來頡科技股份有限公司,,,
6805.TW,富世達股份有限公司,TWSE,Taiwan,TWSE,outputs\full_universe_source_acquisition\twse_tpex_candidate_validation_classification_v2_18f.csv,Equity,common_equity,high,v2.18G added from v2.18F potential_net_new; candidate_id=TWSE_TWSE_6805; crosscheck_status=matched_stock_day_all; possible_existing excluded; canonical not modified,,28,,,TWSE,twse_tpex_v2_18g,,,,TWD,XTAI,v2.18G,https://openapi.twse.com.tw/v1/opendata/t187ap03_L,,,,TWSE,v2.18G,6805,富世達股份有限公司,,,
6830.TW,汎銓科技股份有限公司,TWSE,Taiwan,TWSE,outputs\full_universe_source_acquisition\twse_tpex_candidate_validation_classification_v2_18f.csv,Equity,common_equity,high,v2.18G added from v2.18F potential_net_new; candidate_id=TWSE_TWSE_6830; crosscheck_status=matched_stock_day_all; possible_existing excluded; canonical not modified,,31,,,TWSE,twse_tpex_v2_18g,,,,TWD,XTAI,v2.18G,https://openapi.twse.com.tw/v1/opendata/t187ap03_L,,,,TWSE,v2.18G,6830,汎銓科技股份有限公司,,,
6831.TW,邁&#33834;科技股份有限公司,TWSE,Taiwan,TWSE,outputs\full_universe_source_acquisition\twse_tpex_candidate_validation_classification_v2_18f.csv,Equity,common_equity,high,v2.18G added from v2.18F potential_net_new; candidate_id=TWSE_TWSE_6831; crosscheck_status=matched_stock_day_all; possible_existing excluded; canonical not modified,,25,,,TWSE,twse_tpex_v2_18g,,,,TWD,XTAI,v2.18G,https://openapi.twse.com.tw/v1/opendata/t187ap03_L,,,,TWSE,v2.18G,6831,邁&#33834;科技股份有限公司,,,
6854.TW,PlayNitride Inc.,TWSE,Taiwan,TWSE,outputs\full_universe_source_acquisition\twse_tpex_candidate_validation_classification_v2_18f.csv,Equity,common_equity,high,v2.18G added from v2.18F potential_net_new; candidate_id=TWSE_TWSE_6854; crosscheck_status=matched_stock_day_all; possible_existing excluded; canonical not modified,,24,,,TWSE,twse_tpex_v2_18g,,,,TWD,XTAI,v2.18G,https://openapi.twse.com.tw/v1/opendata/t187ap03_L,,,,TWSE,v2.18G,6854,PlayNitride Inc.,,,
6885.TW,全福生物科技股份有限公司,TWSE,Taiwan,TWSE,outputs\full_universe_source_acquisition\twse_tpex_candidate_validation_classification_v2_18f.csv,Equity,common_equity,high,v2.18G added from v2.18F potential_net_new; candidate_id=TWSE_TWSE_6885; crosscheck_status=matched_stock_day_all; possible_existing excluded; canonical not modified,,22,,,TWSE,twse_tpex_v2_18g,,,,TWD,XTAI,v2.18G,https://openapi.twse.com.tw/v1/opendata/t187ap03_L,,,,TWSE,v2.18G,6885,全福生物科技股份有限公司,,,
6887.TW,寶綠特資源再生工程股份有限公司,TWSE,Taiwan,TWSE,outputs\full_universe_source_acquisition\twse_tpex_candidate_validation_classification_v2_18f.csv,Equity,common_equity,high,v2.18G added from v2.18F potential_net_new; candidate_id=TWSE_TWSE_6887; crosscheck_status=matched_stock_day_all; possible_existing excluded; canonical not modified,,35,,,TWSE,twse_tpex_v2_18g,,,,TWD,XTAI,v2.18G,https://openapi.twse.com.tw/v1/opendata/t187ap03_L,,,,TWSE,v2.18G,6887,寶綠特資源再生工程股份有限公司,,,
6906.TW,現觀科技股份有限公司,TWSE,Taiwan,TWSE,outputs\full_universe_source_acquisition\twse_tpex_candidate_validation_classification_v2_18f.csv,Equity,common_equity,high,v2.18G added from v2.18F potential_net_new; candidate_id=TWSE_TWSE_6906; crosscheck_status=matched_stock_day_all; possible_existing excluded; canonical not modified,,36,,,TWSE,twse_tpex_v2_18g,,,,TWD,XTAI,v2.18G,https://openapi.twse.com.tw/v1/opendata/t187ap03_L,,,,TWSE,v2.18G,6906,現觀科技股份有限公司,,,
6909.TW,創控科技股份有限公司,TWSE,Taiwan,TWSE,outputs\full_universe_source_acquisition\twse_tpex_candidate_validation_classification_v2_18f.csv,Equity,common_equity,high,v2.18G added from v2.18F potential_net_new; candidate_id=TWSE_TWSE_6909; crosscheck_status=matched_stock_day_all; possible_existing excluded; canonical not modified,,24,,,TWSE,twse_tpex_v2_18g,,,,TWD,XTAI,v2.18G,https://openapi.twse.com.tw/v1/opendata/t187ap03_L,,,,TWSE,v2.18G,6909,創控科技股份有限公司,,,
6916.TW,華凌光電股份有限公司,TWSE,Taiwan,TWSE,outputs\full_universe_source_acquisition\twse_tpex_candidate_validation_classification_v2_18f.csv,Equity,common_equity,high,v2.18G added from v2.18F potential_net_new; candidate_id=TWSE_TWSE_6916; crosscheck_status=matched_stock_day_all; possible_existing excluded; canonical not modified,,26,,,TWSE,twse_tpex_v2_18g,,,,TWD,XTAI,v2.18G,https://openapi.twse.com.tw/v1/opendata/t187ap03_L,,,,TWSE,v2.18G,6916,華凌光電股份有限公司,,,
6921.TW,嘉雨思科技股份有限公司,TWSE,Taiwan,TWSE,outputs\full_universe_source_acquisition\twse_tpex_candidate_validation_classification_v2_18f.csv,Equity,common_equity,high,v2.18G added from v2.18F potential_net_new; candidate_id=TWSE_TWSE_6921; crosscheck_status=matched_stock_day_all; possible_existing excluded; canonical not modified,,24,,,TWSE,twse_tpex_v2_18g,,,,TWD,XTAI,v2.18G,https://openapi.twse.com.tw/v1/opendata/t187ap03_L,,,,TWSE,v2.18G,6921,嘉雨思科技股份有限公司,,,
6924.TW,榮惠集團(開曼)股份有限公司,TWSE,Taiwan,TWSE,outputs\full_universe_source_acquisition\twse_tpex_candidate_validation_classification_v2_18f.csv,Equity,common_equity,high,v2.18G added from v2.18F potential_net_new; candidate_id=TWSE_TWSE_6924; crosscheck_status=matched_stock_day_all; possible_existing excluded; canonical not modified,,28,,,TWSE,twse_tpex_v2_18g,,,,TWD,XTAI,v2.18G,https://openapi.twse.com.tw/v1/opendata/t187ap03_L,,,,TWSE,v2.18G,6924,榮惠集團(開曼)股份有限公司,,,
6931.TW,青松健康股份有限公司,TWSE,Taiwan,TWSE,outputs\full_universe_source_acquisition\twse_tpex_candidate_validation_classification_v2_18f.csv,Equity,common_equity,high,v2.18G added from v2.18F potential_net_new; candidate_id=TWSE_TWSE_6931; crosscheck_status=matched_stock_day_all; possible_existing excluded; canonical not modified,,22,,,TWSE,twse_tpex_v2_18g,,,,TWD,XTAI,v2.18G,https://openapi.twse.com.tw/v1/opendata/t187ap03_L,,,,TWSE,v2.18G,6931,青松健康股份有限公司,,,
6933.TW,艾瑪斯科技控股股份有限公司,TWSE,Taiwan,TWSE,outputs\full_universe_source_acquisition\twse_tpex_candidate_validation_classification_v2_18f.csv,Equity,common_equity,high,v2.18G added from v2.18F potential_net_new; candidate_id=TWSE_TWSE_6933; crosscheck_status=matched_stock_day_all; possible_existing excluded; canonical not modified,,25,,,TWSE,twse_tpex_v2_18g,,,,TWD,XTAI,v2.18G,https://openapi.twse.com.tw/v1/opendata/t187ap03_L,,,,TWSE,v2.18G,6933,艾瑪斯科技控股股份有限公司,,,
6934.TW,心誠鎂行動醫電股份有限公司,TWSE,Taiwan,TWSE,outputs\full_universe_source_acquisition\twse_tpex_candidate_validation_classification_v2_18f.csv,Equity,common_equity,high,v2.18G added from v2.18F potential_net_new; candidate_id=TWSE_TWSE_6934; crosscheck_status=matched_stock_day_all; possible_existing excluded; canonical not modified,,22,,,TWSE,twse_tpex_v2_18g,,,,TWD,XTAI,v2.18G,https://openapi.twse.com.tw/v1/opendata/t187ap03_L,,,,TWSE,v2.18G,6934,心誠鎂行動醫電股份有限公司,,,
6937.TW,天虹科技股份有限公司,TWSE,Taiwan,TWSE,outputs\full_universe_source_acquisition\twse_tpex_candidate_validation_classification_v2_18f.csv,Equity,common_equity,high,v2.18G added from v2.18F potential_net_new; candidate_id=TWSE_TWSE_6937; crosscheck_status=matched_stock_day_all; possible_existing excluded; canonical not modified,,24,,,TWSE,twse_tpex_v2_18g,,,,TWD,XTAI,v2.18G,https://openapi.twse.com.tw/v1/opendata/t187ap03_L,,,,TWSE,v2.18G,6937,天虹科技股份有限公司,,,
6944.TW,兆聯實業股份有限公司,TWSE,Taiwan,TWSE,outputs\full_universe_source_acquisition\twse_tpex_candidate_validation_classification_v2_18f.csv,Equity,common_equity,high,v2.18G added from v2.18F potential_net_new; candidate_id=TWSE_TWSE_6944; crosscheck_status=matched_stock_day_all; possible_existing excluded; canonical not modified,,35,,,TWSE,twse_tpex_v2_18g,,,,TWD,XTAI,v2.18G,https://openapi.twse.com.tw/v1/opendata/t187ap03_L,,,,TWSE,v2.18G,6944,兆聯實業股份有限公司,,,
6949.TW,沛爾生技醫藥股份有限公司,TWSE,Taiwan,TWSE,outputs\full_universe_source_acquisition\twse_tpex_candidate_validation_classification_v2_18f.csv,Equity,common_equity,high,v2.18G added from v2.18F potential_net_new; candidate_id=TWSE_TWSE_6949; crosscheck_status=matched_stock_day_all; possible_existing excluded; canonical not modified,,22,,,TWSE,twse_tpex_v2_18g,,,,TWD,XTAI,v2.18G,https://openapi.twse.com.tw/v1/opendata/t187ap03_L,,,,TWSE,v2.18G,6949,沛爾生技醫藥股份有限公司,,,
6957.TW,裕慶金屬股份有限公司,TWSE,Taiwan,TWSE,outputs\full_universe_source_acquisition\twse_tpex_candidate_validation_classification_v2_18f.csv,Equity,common_equity,high,v2.18G added from v2.18F potential_net_new; candidate_id=TWSE_TWSE_6957; crosscheck_status=matched_stock_day_all; possible_existing excluded; canonical not modified,,20,,,TWSE,twse_tpex_v2_18g,,,,TWD,XTAI,v2.18G,https://openapi.twse.com.tw/v1/opendata/t187ap03_L,,,,TWSE,v2.18G,6957,裕慶金屬股份有限公司,,,
7631.TW,聚賢研發股份有限公司,TWSE,Taiwan,TWSE,outputs\full_universe_source_acquisition\twse_tpex_candidate_validation_classification_v2_18f.csv,Equity,common_equity,high,v2.18G added from v2.18F potential_net_new; candidate_id=TWSE_TWSE_7631; crosscheck_status=matched_stock_day_all; possible_existing excluded; canonical not modified,,31,,,TWSE,twse_tpex_v2_18g,,,,TWD,XTAI,v2.18G,https://openapi.twse.com.tw/v1/opendata/t187ap03_L,,,,TWSE,v2.18G,7631,聚賢研發股份有限公司,,,
7705.TW,三商餐飲股份有限公司,TWSE,Taiwan,TWSE,outputs\full_universe_source_acquisition\twse_tpex_candidate_validation_classification_v2_18f.csv,Equity,common_equity,high,v2.18G added from v2.18F potential_net_new; candidate_id=TWSE_TWSE_7705; crosscheck_status=matched_stock_day_all; possible_existing excluded; canonical not modified,,16,,,TWSE,twse_tpex_v2_18g,,,,TWD,XTAI,v2.18G,https://openapi.twse.com.tw/v1/opendata/t187ap03_L,,,,TWSE,v2.18G,7705,三商餐飲股份有限公司,,,
7732.TW,金興精密工業股份有限公司,TWSE,Taiwan,TWSE,outputs\full_universe_source_acquisition\twse_tpex_candidate_validation_classification_v2_18f.csv,Equity,common_equity,high,v2.18G added from v2.18F potential_net_new; candidate_id=TWSE_TWSE_7732; crosscheck_status=matched_stock_day_all; possible_existing excluded; canonical not modified,,12,,,TWSE,twse_tpex_v2_18g,,,,TWD,XTAI,v2.18G,https://openapi.twse.com.tw/v1/opendata/t187ap03_L,,,,TWSE,v2.18G,7732,金興精密工業股份有限公司,,,
7736.TW,虎山實業股份有限公司,TWSE,Taiwan,TWSE,outputs\full_universe_source_acquisition\twse_tpex_candidate_validation_classification_v2_18f.csv,Equity,common_equity,high,v2.18G added from v2.18F potential_net_new; candidate_id=TWSE_TWSE_7736; crosscheck_status=matched_stock_day_all; possible_existing excluded; canonical not modified,,12,,,TWSE,twse_tpex_v2_18g,,,,TWD,XTAI,v2.18G,https://openapi.twse.com.tw/v1/opendata/t187ap03_L,,,,TWSE,v2.18G,7736,虎山實業股份有限公司,,,
7750.TW,新代科技股份有限公司,TWSE,Taiwan,TWSE,outputs\full_universe_source_acquisition\twse_tpex_candidate_validation_classification_v2_18f.csv,Equity,common_equity,high,v2.18G added from v2.18F potential_net_new; candidate_id=TWSE_TWSE_7750; crosscheck_status=matched_stock_day_all; possible_existing excluded; canonical not modified,,05,,,TWSE,twse_tpex_v2_18g,,,,TWD,XTAI,v2.18G,https://openapi.twse.com.tw/v1/opendata/t187ap03_L,,,,TWSE,v2.18G,7750,新代科技股份有限公司,,,
7765.TW,中華資安國際股份有限公司,TWSE,Taiwan,TWSE,outputs\full_universe_source_acquisition\twse_tpex_candidate_validation_classification_v2_18f.csv,Equity,common_equity,high,v2.18G added from v2.18F potential_net_new; candidate_id=TWSE_TWSE_7765; crosscheck_status=matched_stock_day_all; possible_existing excluded; canonical not modified,,36,,,TWSE,twse_tpex_v2_18g,,,,TWD,XTAI,v2.18G,https://openapi.twse.com.tw/v1/opendata/t187ap03_L,,,,TWSE,v2.18G,7765,中華資安國際股份有限公司,,,
7768.TW,頌勝科技材料股份有限公司,TWSE,Taiwan,TWSE,outputs\full_universe_source_acquisition\twse_tpex_candidate_validation_classification_v2_18f.csv,Equity,common_equity,high,v2.18G added from v2.18F potential_net_new; candidate_id=TWSE_TWSE_7768; crosscheck_status=matched_stock_day_all; possible_existing excluded; canonical not modified,,24,,,TWSE,twse_tpex_v2_18g,,,,TWD,XTAI,v2.18G,https://openapi.twse.com.tw/v1/opendata/t187ap03_L,,,,TWSE,v2.18G,7768,頌勝科技材料股份有限公司,,,
7786.TW,東方風能科技股份有限公司,TWSE,Taiwan,TWSE,outputs\full_universe_source_acquisition\twse_tpex_candidate_validation_classification_v2_18f.csv,Equity,common_equity,high,v2.18G added from v2.18F potential_net_new; candidate_id=TWSE_TWSE_7786; crosscheck_status=matched_stock_day_all; possible_existing excluded; canonical not modified,,35,,,TWSE,twse_tpex_v2_18g,,,,TWD,XTAI,v2.18G,https://openapi.twse.com.tw/v1/opendata/t187ap03_L,,,,TWSE,v2.18G,7786,東方風能科技股份有限公司,,,
7788.TW,松川精密股份有限公司,TWSE,Taiwan,TWSE,outputs\full_universe_source_acquisition\twse_tpex_candidate_validation_classification_v2_18f.csv,Equity,common_equity,high,v2.18G added from v2.18F potential_net_new; candidate_id=TWSE_TWSE_7788; crosscheck_status=matched_stock_day_all; possible_existing excluded; canonical not modified,,28,,,TWSE,twse_tpex_v2_18g,,,,TWD,XTAI,v2.18G,https://openapi.twse.com.tw/v1/opendata/t187ap03_L,,,,TWSE,v2.18G,7788,松川精密股份有限公司,,,
7799.TW,禾榮科技股份有限公司,TWSE,Taiwan,TWSE,outputs\full_universe_source_acquisition\twse_tpex_candidate_validation_classification_v2_18f.csv,Equity,common_equity,high,v2.18G added from v2.18F potential_net_new; candidate_id=TWSE_TWSE_7799; crosscheck_status=matched_stock_day_all; possible_existing excluded; canonical not modified,,22,,,TWSE,twse_tpex_v2_18g,,,,TWD,XTAI,v2.18G,https://openapi.twse.com.tw/v1/opendata/t187ap03_L,,,,TWSE,v2.18G,7799,禾榮科技股份有限公司,,,
7835.TW,永悅健康股份有限公司,TWSE,Taiwan,TWSE,outputs\full_universe_source_acquisition\twse_tpex_candidate_validation_classification_v2_18f.csv,Equity,common_equity,high,v2.18G added from v2.18F potential_net_new; candidate_id=TWSE_TWSE_7835; crosscheck_status=matched_stock_day_all; possible_existing excluded; canonical not modified,,36,,,TWSE,twse_tpex_v2_18g,,,,TWD,XTAI,v2.18G,https://openapi.twse.com.tw/v1/opendata/t187ap03_L,,,,TWSE,v2.18G,7835,永悅健康股份有限公司,,,
8021.TW,尖點科技股份有限公司,TWSE,Taiwan,TWSE,outputs\full_universe_source_acquisition\twse_tpex_candidate_validation_classification_v2_18f.csv,Equity,common_equity,high,v2.18G added from v2.18F potential_net_new; candidate_id=TWSE_TWSE_8021; crosscheck_status=matched_stock_day_all; possible_existing excluded; canonical not modified,,31,,,TWSE,twse_tpex_v2_18g,,,,TWD,XTAI,v2.18G,https://openapi.twse.com.tw/v1/opendata/t187ap03_L,,,,TWSE,v2.18G,8021,尖點科技股份有限公司,,,
8028.TW,昇陽國際半導體股份有限公司,TWSE,Taiwan,TWSE,outputs\full_universe_source_acquisition\twse_tpex_candidate_validation_classification_v2_18f.csv,Equity,common_equity,high,v2.18G added from v2.18F potential_net_new; candidate_id=TWSE_TWSE_8028; crosscheck_status=matched_stock_day_all; possible_existing excluded; canonical not modified,,24,,,TWSE,twse_tpex_v2_18g,,,,TWD,XTAI,v2.18G,https://openapi.twse.com.tw/v1/opendata/t187ap03_L,,,,TWSE,v2.18G,8028,昇陽國際半導體股份有限公司,,,
8033.TW,雷虎科技股份有限公司,TWSE,Taiwan,TWSE,outputs\full_universe_source_acquisition\twse_tpex_candidate_validation_classification_v2_18f.csv,Equity,common_equity,high,v2.18G added from v2.18F potential_net_new; candidate_id=TWSE_TWSE_8033; crosscheck_status=matched_stock_day_all; possible_existing excluded; canonical not modified,,20,,,TWSE,twse_tpex_v2_18g,,,,TWD,XTAI,v2.18G,https://openapi.twse.com.tw/v1/opendata/t187ap03_L,,,,TWSE,v2.18G,8033,雷虎科技股份有限公司,,,
8072.TW,陞泰科技股份有限公司,TWSE,Taiwan,TWSE,outputs\full_universe_source_acquisition\twse_tpex_candidate_validation_classification_v2_18f.csv,Equity,common_equity,high,v2.18G added from v2.18F potential_net_new; candidate_id=TWSE_TWSE_8072; crosscheck_status=matched_stock_day_all; possible_existing excluded; canonical not modified,,29,,,TWSE,twse_tpex_v2_18g,,,,TWD,XTAI,v2.18G,https://openapi.twse.com.tw/v1/opendata/t187ap03_L,,,,TWSE,v2.18G,8072,陞泰科技股份有限公司,,,
8110.TW,華東科技股份有限公司,TWSE,Taiwan,TWSE,outputs\full_universe_source_acquisition\twse_tpex_candidate_validation_classification_v2_18f.csv,Equity,common_equity,high,v2.18G added from v2.18F potential_net_new; candidate_id=TWSE_TWSE_8110; crosscheck_status=matched_stock_day_all; possible_existing excluded; canonical not modified,,24,,,TWSE,twse_tpex_v2_18g,,,,TWD,XTAI,v2.18G,https://openapi.twse.com.tw/v1/opendata/t187ap03_L,,,,TWSE,v2.18G,8110,華東科技股份有限公司,,,
8112.TW,至上電子股份有限公司,TWSE,Taiwan,TWSE,outputs\full_universe_source_acquisition\twse_tpex_candidate_validation_classification_v2_18f.csv,Equity,common_equity,high,v2.18G added from v2.18F potential_net_new; candidate_id=TWSE_TWSE_8112; crosscheck_status=matched_stock_day_all; possible_existing excluded; canonical not modified,,29,,,TWSE,twse_tpex_v2_18g,,,,TWD,XTAI,v2.18G,https://openapi.twse.com.tw/v1/opendata/t187ap03_L,,,,TWSE,v2.18G,8112,至上電子股份有限公司,,,
8114.TW,振樺電子股份有限公司,TWSE,Taiwan,TWSE,outputs\full_universe_source_acquisition\twse_tpex_candidate_validation_classification_v2_18f.csv,Equity,common_equity,high,v2.18G added from v2.18F potential_net_new; candidate_id=TWSE_TWSE_8114; crosscheck_status=matched_stock_day_all; possible_existing excluded; canonical not modified,,25,,,TWSE,twse_tpex_v2_18g,,,,TWD,XTAI,v2.18G,https://openapi.twse.com.tw/v1/opendata/t187ap03_L,,,,TWSE,v2.18G,8114,振樺電子股份有限公司,,,
8162.TW,微矽電子股份有限公司,TWSE,Taiwan,TWSE,outputs\full_universe_source_acquisition\twse_tpex_candidate_validation_classification_v2_18f.csv,Equity,common_equity,high,v2.18G added from v2.18F potential_net_new; candidate_id=TWSE_TWSE_8162; crosscheck_status=matched_stock_day_all; possible_existing excluded; canonical not modified,,24,,,TWSE,twse_tpex_v2_18g,,,,TWD,XTAI,v2.18G,https://openapi.twse.com.tw/v1/opendata/t187ap03_L,,,,TWSE,v2.18G,8162,微矽電子股份有限公司,,,
8201.TW,無敵科技股份有限公司,TWSE,Taiwan,TWSE,outputs\full_universe_source_acquisition\twse_tpex_candidate_validation_classification_v2_18f.csv,Equity,common_equity,high,v2.18G added from v2.18F potential_net_new; candidate_id=TWSE_TWSE_8201; crosscheck_status=matched_stock_day_all; possible_existing excluded; canonical not modified,,31,,,TWSE,twse_tpex_v2_18g,,,,TWD,XTAI,v2.18G,https://openapi.twse.com.tw/v1/opendata/t187ap03_L,,,,TWSE,v2.18G,8201,無敵科技股份有限公司,,,
8210.TW,勤誠興業股份有限公司,TWSE,Taiwan,TWSE,outputs\full_universe_source_acquisition\twse_tpex_candidate_validation_classification_v2_18f.csv,Equity,common_equity,high,v2.18G added from v2.18F potential_net_new; candidate_id=TWSE_TWSE_8210; crosscheck_status=matched_stock_day_all; possible_existing excluded; canonical not modified,,25,,,TWSE,twse_tpex_v2_18g,,,,TWD,XTAI,v2.18G,https://openapi.twse.com.tw/v1/opendata/t187ap03_L,,,,TWSE,v2.18G,8210,勤誠興業股份有限公司,,,
8213.TW,志超科技股份有限公司,TWSE,Taiwan,TWSE,outputs\full_universe_source_acquisition\twse_tpex_candidate_validation_classification_v2_18f.csv,Equity,common_equity,high,v2.18G added from v2.18F potential_net_new; candidate_id=TWSE_TWSE_8213; crosscheck_status=matched_stock_day_all; possible_existing excluded; canonical not modified,,28,,,TWSE,twse_tpex_v2_18g,,,,TWD,XTAI,v2.18G,https://openapi.twse.com.tw/v1/opendata/t187ap03_L,,,,TWSE,v2.18G,8213,志超科技股份有限公司,,,
8215.TW,明基材料股份有限公司,TWSE,Taiwan,TWSE,outputs\full_universe_source_acquisition\twse_tpex_candidate_validation_classification_v2_18f.csv,Equity,common_equity,high,v2.18G added from v2.18F potential_net_new; candidate_id=TWSE_TWSE_8215; crosscheck_status=matched_stock_day_all; possible_existing excluded; canonical not modified,,26,,,TWSE,twse_tpex_v2_18g,,,,TWD,XTAI,v2.18G,https://openapi.twse.com.tw/v1/opendata/t187ap03_L,,,,TWSE,v2.18G,8215,明基材料股份有限公司,,,
8222.TW,寶一科技股份有限公司,TWSE,Taiwan,TWSE,outputs\full_universe_source_acquisition\twse_tpex_candidate_validation_classification_v2_18f.csv,Equity,common_equity,high,v2.18G added from v2.18F potential_net_new; candidate_id=TWSE_TWSE_8222; crosscheck_status=matched_stock_day_all; possible_existing excluded; canonical not modified,,05,,,TWSE,twse_tpex_v2_18g,,,,TWD,XTAI,v2.18G,https://openapi.twse.com.tw/v1/opendata/t187ap03_L,,,,TWSE,v2.18G,8222,寶一科技股份有限公司,,,
8249.TW,菱光科技股份有限公司,TWSE,Taiwan,TWSE,outputs\full_universe_source_acquisition\twse_tpex_candidate_validation_classification_v2_18f.csv,Equity,common_equity,high,v2.18G added from v2.18F potential_net_new; candidate_id=TWSE_TWSE_8249; crosscheck_status=matched_stock_day_all; possible_existing excluded; canonical not modified,,28,,,TWSE,twse_tpex_v2_18g,,,,TWD,XTAI,v2.18G,https://openapi.twse.com.tw/v1/opendata/t187ap03_L,,,,TWSE,v2.18G,8249,菱光科技股份有限公司,,,
8261.TW,富鼎先進電子股份有限公司,TWSE,Taiwan,TWSE,outputs\full_universe_source_acquisition\twse_tpex_candidate_validation_classification_v2_18f.csv,Equity,common_equity,high,v2.18G added from v2.18F potential_net_new; candidate_id=TWSE_TWSE_8261; crosscheck_status=matched_stock_day_all; possible_existing excluded; canonical not modified,,24,,,TWSE,twse_tpex_v2_18g,,,,TWD,XTAI,v2.18G,https://openapi.twse.com.tw/v1/opendata/t187ap03_L,,,,TWSE,v2.18G,8261,富鼎先進電子股份有限公司,,,
8271.TW,宇瞻科技股份有限公司,TWSE,Taiwan,TWSE,outputs\full_universe_source_acquisition\twse_tpex_candidate_validation_classification_v2_18f.csv,Equity,common_equity,high,v2.18G added from v2.18F potential_net_new; candidate_id=TWSE_TWSE_8271; crosscheck_status=matched_stock_day_all; possible_existing excluded; canonical not modified,,24,,,TWSE,twse_tpex_v2_18g,,,,TWD,XTAI,v2.18G,https://openapi.twse.com.tw/v1/opendata/t187ap03_L,,,,TWSE,v2.18G,8271,宇瞻科技股份有限公司,,,
8374.TW,羅昇企業股份有限公司,TWSE,Taiwan,TWSE,outputs\full_universe_source_acquisition\twse_tpex_candidate_validation_classification_v2_18f.csv,Equity,common_equity,high,v2.18G added from v2.18F potential_net_new; candidate_id=TWSE_TWSE_8374; crosscheck_status=matched_stock_day_all; possible_existing excluded; canonical not modified,,05,,,TWSE,twse_tpex_v2_18g,,,,TWD,XTAI,v2.18G,https://openapi.twse.com.tw/v1/opendata/t187ap03_L,,,,TWSE,v2.18G,8374,羅昇企業股份有限公司,,,
8404.TW,百和興業股份有限公司(開曼),TWSE,Taiwan,TWSE,outputs\full_universe_source_acquisition\twse_tpex_candidate_validation_classification_v2_18f.csv,Equity,common_equity,high,v2.18G added from v2.18F potential_net_new; candidate_id=TWSE_TWSE_8404; crosscheck_status=matched_stock_day_all; possible_existing excluded; canonical not modified,,20,,,TWSE,twse_tpex_v2_18g,,,,TWD,XTAI,v2.18G,https://openapi.twse.com.tw/v1/opendata/t187ap03_L,,,,TWSE,v2.18G,8404,百和興業股份有限公司(開曼),,,
8422.TW,可寧衛股份有限公司,TWSE,Taiwan,TWSE,outputs\full_universe_source_acquisition\twse_tpex_candidate_validation_classification_v2_18f.csv,Equity,common_equity,high,v2.18G added from v2.18F potential_net_new; candidate_id=TWSE_TWSE_8422; crosscheck_status=matched_stock_day_all; possible_existing excluded; canonical not modified,,35,,,TWSE,twse_tpex_v2_18g,,,,TWD,XTAI,v2.18G,https://openapi.twse.com.tw/v1/opendata/t187ap03_L,,,,TWSE,v2.18G,8422,可寧衛股份有限公司,,,
8429.TW,金麗集團控股有限公司,TWSE,Taiwan,TWSE,outputs\full_universe_source_acquisition\twse_tpex_candidate_validation_classification_v2_18f.csv,Equity,common_equity,high,v2.18G added from v2.18F potential_net_new; candidate_id=TWSE_TWSE_8429; crosscheck_status=matched_stock_day_all; possible_existing excluded; canonical not modified,,18,,,TWSE,twse_tpex_v2_18g,,,,TWD,XTAI,v2.18G,https://openapi.twse.com.tw/v1/opendata/t187ap03_L,,,,TWSE,v2.18G,8429,金麗集團控股有限公司,,,
8438.TW,昶昕實業股份有限公司,TWSE,Taiwan,TWSE,outputs\full_universe_source_acquisition\twse_tpex_candidate_validation_classification_v2_18f.csv,Equity,common_equity,high,v2.18G added from v2.18F potential_net_new; candidate_id=TWSE_TWSE_8438; crosscheck_status=matched_stock_day_all; possible_existing excluded; canonical not modified,,35,,,TWSE,twse_tpex_v2_18g,,,,TWD,XTAI,v2.18G,https://openapi.twse.com.tw/v1/opendata/t187ap03_L,,,,TWSE,v2.18G,8438,昶昕實業股份有限公司,,,
8442.TW,威宏控股股份有限公司,TWSE,Taiwan,TWSE,outputs\full_universe_source_acquisition\twse_tpex_candidate_validation_classification_v2_18f.csv,Equity,common_equity,high,v2.18G added from v2.18F potential_net_new; candidate_id=TWSE_TWSE_8442; crosscheck_status=matched_stock_day_all; possible_existing excluded; canonical not modified,,20,,,TWSE,twse_tpex_v2_18g,,,,TWD,XTAI,v2.18G,https://openapi.twse.com.tw/v1/opendata/t187ap03_L,,,,TWSE,v2.18G,8442,威宏控股股份有限公司,,,
8443.TW,阿瘦實業股份有限公司,TWSE,Taiwan,TWSE,outputs\full_universe_source_acquisition\twse_tpex_candidate_validation_classification_v2_18f.csv,Equity,common_equity,high,v2.18G added from v2.18F potential_net_new; candidate_id=TWSE_TWSE_8443; crosscheck_status=matched_stock_day_all; possible_existing excluded; canonical not modified,,18,,,TWSE,twse_tpex_v2_18g,,,,TWD,XTAI,v2.18G,https://openapi.twse.com.tw/v1/opendata/t187ap03_L,,,,TWSE,v2.18G,8443,阿瘦實業股份有限公司,,,
8454.TW,富邦媒體科技股份有限公司,TWSE,Taiwan,TWSE,outputs\full_universe_source_acquisition\twse_tpex_candidate_validation_classification_v2_18f.csv,Equity,common_equity,high,v2.18G added from v2.18F potential_net_new; candidate_id=TWSE_TWSE_8454; crosscheck_status=matched_stock_day_all; possible_existing excluded; canonical not modified,,36,,,TWSE,twse_tpex_v2_18g,,,,TWD,XTAI,v2.18G,https://openapi.twse.com.tw/v1/opendata/t187ap03_L,,,,TWSE,v2.18G,8454,富邦媒體科技股份有限公司,,,
8462.TW,柏文健康事業股份有限公司,TWSE,Taiwan,TWSE,outputs\full_universe_source_acquisition\twse_tpex_candidate_validation_classification_v2_18f.csv,Equity,common_equity,high,v2.18G added from v2.18F potential_net_new; candidate_id=TWSE_TWSE_8462; crosscheck_status=matched_stock_day_all; possible_existing excluded; canonical not modified,,37,,,TWSE,twse_tpex_v2_18g,,,,TWD,XTAI,v2.18G,https://openapi.twse.com.tw/v1/opendata/t187ap03_L,,,,TWSE,v2.18G,8462,柏文健康事業股份有限公司,,,
8463.TW,潤泰精密材料股份有限公司,TWSE,Taiwan,TWSE,outputs\full_universe_source_acquisition\twse_tpex_candidate_validation_classification_v2_18f.csv,Equity,common_equity,high,v2.18G added from v2.18F potential_net_new; candidate_id=TWSE_TWSE_8463; crosscheck_status=matched_stock_day_all; possible_existing excluded; canonical not modified,,20,,,TWSE,twse_tpex_v2_18g,,,,TWD,XTAI,v2.18G,https://openapi.twse.com.tw/v1/opendata/t187ap03_L,,,,TWSE,v2.18G,8463,潤泰精密材料股份有限公司,,,
8464.TW,億豐綜合工業股份有限公司,TWSE,Taiwan,TWSE,outputs\full_universe_source_acquisition\twse_tpex_candidate_validation_classification_v2_18f.csv,Equity,common_equity,high,v2.18G added from v2.18F potential_net_new; candidate_id=TWSE_TWSE_8464; crosscheck_status=matched_stock_day_all; possible_existing excluded; canonical not modified,,38,,,TWSE,twse_tpex_v2_18g,,,,TWD,XTAI,v2.18G,https://openapi.twse.com.tw/v1/opendata/t187ap03_L,,,,TWSE,v2.18G,8464,億豐綜合工業股份有限公司,,,
8466.TW,美吉吉國際股份有限公司,TWSE,Taiwan,TWSE,outputs\full_universe_source_acquisition\twse_tpex_candidate_validation_classification_v2_18f.csv,Equity,common_equity,high,v2.18G added from v2.18F potential_net_new; candidate_id=TWSE_TWSE_8466; crosscheck_status=matched_stock_day_all; possible_existing excluded; canonical not modified,,20,,,TWSE,twse_tpex_v2_18g,,,,TWD,XTAI,v2.18G,https://openapi.twse.com.tw/v1/opendata/t187ap03_L,,,,TWSE,v2.18G,8466,美吉吉國際股份有限公司,,,
8467.TW,波力環球企業股份有限公司,TWSE,Taiwan,TWSE,outputs\full_universe_source_acquisition\twse_tpex_candidate_validation_classification_v2_18f.csv,Equity,common_equity,high,v2.18G added from v2.18F potential_net_new; candidate_id=TWSE_TWSE_8467; crosscheck_status=matched_stock_day_all; possible_existing excluded; canonical not modified,,37,,,TWSE,twse_tpex_v2_18g,,,,TWD,XTAI,v2.18G,https://openapi.twse.com.tw/v1/opendata/t187ap03_L,,,,TWSE,v2.18G,8467,波力環球企業股份有限公司,,,
8476.TW,台境企業股份有限公司,TWSE,Taiwan,TWSE,outputs\full_universe_source_acquisition\twse_tpex_candidate_validation_classification_v2_18f.csv,Equity,common_equity,high,v2.18G added from v2.18F potential_net_new; candidate_id=TWSE_TWSE_8476; crosscheck_status=matched_stock_day_all; possible_existing excluded; canonical not modified,,35,,,TWSE,twse_tpex_v2_18g,,,,TWD,XTAI,v2.18G,https://openapi.twse.com.tw/v1/opendata/t187ap03_L,,,,TWSE,v2.18G,8476,台境企業股份有限公司,,,
8478.TW,東哥企業股份有限公司,TWSE,Taiwan,TWSE,outputs\full_universe_source_acquisition\twse_tpex_candidate_validation_classification_v2_18f.csv,Equity,common_equity,high,v2.18G added from v2.18F potential_net_new; candidate_id=TWSE_TWSE_8478; crosscheck_status=matched_stock_day_all; possible_existing excluded; canonical not modified,,37,,,TWSE,twse_tpex_v2_18g,,,,TWD,XTAI,v2.18G,https://openapi.twse.com.tw/v1/opendata/t187ap03_L,,,,TWSE,v2.18G,8478,東哥企業股份有限公司,,,
8481.TW,政伸企業股份有限公司,TWSE,Taiwan,TWSE,outputs\full_universe_source_acquisition\twse_tpex_candidate_validation_classification_v2_18f.csv,Equity,common_equity,high,v2.18G added from v2.18F potential_net_new; candidate_id=TWSE_TWSE_8481; crosscheck_status=matched_stock_day_all; possible_existing excluded; canonical not modified,,20,,,TWSE,twse_tpex_v2_18g,,,,TWD,XTAI,v2.18G,https://openapi.twse.com.tw/v1/opendata/t187ap03_L,,,,TWSE,v2.18G,8481,政伸企業股份有限公司,,,
8482.TW,商億全球控股有限公司,TWSE,Taiwan,TWSE,outputs\full_universe_source_acquisition\twse_tpex_candidate_validation_classification_v2_18f.csv,Equity,common_equity,high,v2.18G added from v2.18F potential_net_new; candidate_id=TWSE_TWSE_8482; crosscheck_status=matched_stock_day_all; possible_existing excluded; canonical not modified,,38,,,TWSE,twse_tpex_v2_18g,,,,TWD,XTAI,v2.18G,https://openapi.twse.com.tw/v1/opendata/t187ap03_L,,,,TWSE,v2.18G,8482,商億全球控股有限公司,,,
8487.TW,愛爾達科技股份有限公司,TWSE,Taiwan,TWSE,outputs\full_universe_source_acquisition\twse_tpex_candidate_validation_classification_v2_18f.csv,Equity,common_equity,high,v2.18G added from v2.18F potential_net_new; candidate_id=TWSE_TWSE_8487; crosscheck_status=matched_stock_day_all; possible_existing excluded; canonical not modified,,36,,,TWSE,twse_tpex_v2_18g,,,,TWD,XTAI,v2.18G,https://openapi.twse.com.tw/v1/opendata/t187ap03_L,,,,TWSE,v2.18G,8487,愛爾達科技股份有限公司,,,
8488.TW,吉源控股股份有限公司,TWSE,Taiwan,TWSE,outputs\full_universe_source_acquisition\twse_tpex_candidate_validation_classification_v2_18f.csv,Equity,common_equity,high,v2.18G added from v2.18F potential_net_new; candidate_id=TWSE_TWSE_8488; crosscheck_status=matched_stock_day_all; possible_existing excluded; canonical not modified,,20,,,TWSE,twse_tpex_v2_18g,,,,TWD,XTAI,v2.18G,https://openapi.twse.com.tw/v1/opendata/t187ap03_L,,,,TWSE,v2.18G,8488,吉源控股股份有限公司,,,
8926.TW,台灣汽電共生股份有限公司,TWSE,Taiwan,TWSE,outputs\full_universe_source_acquisition\twse_tpex_candidate_validation_classification_v2_18f.csv,Equity,common_equity,high,v2.18G added from v2.18F potential_net_new; candidate_id=TWSE_TWSE_8926; crosscheck_status=matched_stock_day_all; possible_existing excluded; canonical not modified,,23,,,TWSE,twse_tpex_v2_18g,,,,TWD,XTAI,v2.18G,https://openapi.twse.com.tw/v1/opendata/t187ap03_L,,,,TWSE,v2.18G,8926,台灣汽電共生股份有限公司,,,
8940.TW,新天地國際實業股份有限公司,TWSE,Taiwan,TWSE,outputs\full_universe_source_acquisition\twse_tpex_candidate_validation_classification_v2_18f.csv,Equity,common_equity,high,v2.18G added from v2.18F potential_net_new; candidate_id=TWSE_TWSE_8940; crosscheck_status=matched_stock_day_all; possible_existing excluded; canonical not modified,,16,,,TWSE,twse_tpex_v2_18g,,,,TWD,XTAI,v2.18G,https://openapi.twse.com.tw/v1/opendata/t187ap03_L,,,,TWSE,v2.18G,8940,新天地國際實業股份有限公司,,,
9802.TW,鈺齊國際股份有限公司,TWSE,Taiwan,TWSE,outputs\full_universe_source_acquisition\twse_tpex_candidate_validation_classification_v2_18f.csv,Equity,common_equity,high,v2.18G added from v2.18F potential_net_new; candidate_id=TWSE_TWSE_9802; crosscheck_status=matched_stock_day_all; possible_existing excluded; canonical not modified,,37,,,TWSE,twse_tpex_v2_18g,,,,TWD,XTAI,v2.18G,https://openapi.twse.com.tw/v1/opendata/t187ap03_L,,,,TWSE,v2.18G,9802,鈺齊國際股份有限公司,,,
9905.TW,大華金屬工業股份有限公司,TWSE,Taiwan,TWSE,outputs\full_universe_source_acquisition\twse_tpex_candidate_validation_classification_v2_18f.csv,Equity,common_equity,high,v2.18G added from v2.18F potential_net_new; candidate_id=TWSE_TWSE_9905; crosscheck_status=matched_stock_day_all; possible_existing excluded; canonical not modified,,20,,,TWSE,twse_tpex_v2_18g,,,,TWD,XTAI,v2.18G,https://openapi.twse.com.tw/v1/opendata/t187ap03_L,,,,TWSE,v2.18G,9905,大華金屬工業股份有限公司,,,
9907.TW,統一實業股份有限公司,TWSE,Taiwan,TWSE,outputs\full_universe_source_acquisition\twse_tpex_candidate_validation_classification_v2_18f.csv,Equity,common_equity,high,v2.18G added from v2.18F potential_net_new; candidate_id=TWSE_TWSE_9907; crosscheck_status=matched_stock_day_all; possible_existing excluded; canonical not modified,,20,,,TWSE,twse_tpex_v2_18g,,,,TWD,XTAI,v2.18G,https://openapi.twse.com.tw/v1/opendata/t187ap03_L,,,,TWSE,v2.18G,9907,統一實業股份有限公司,,,
9910.TW,豐泰企業股份有限公司,TWSE,Taiwan,TWSE,outputs\full_universe_source_acquisition\twse_tpex_candidate_validation_classification_v2_18f.csv,Equity,common_equity,high,v2.18G added from v2.18F potential_net_new; candidate_id=TWSE_TWSE_9910; crosscheck_status=matched_stock_day_all; possible_existing excluded; canonical not modified,,37,,,TWSE,twse_tpex_v2_18g,,,,TWD,XTAI,v2.18G,https://openapi.twse.com.tw/v1/opendata/t187ap03_L,,,,TWSE,v2.18G,9910,豐泰企業股份有限公司,,,
9911.TW,台灣櫻花股份有限公司,TWSE,Taiwan,TWSE,outputs\full_universe_source_acquisition\twse_tpex_candidate_validation_classification_v2_18f.csv,Equity,common_equity,high,v2.18G added from v2.18F potential_net_new; candidate_id=TWSE_TWSE_9911; crosscheck_status=matched_stock_day_all; possible_existing excluded; canonical not modified,,38,,,TWSE,twse_tpex_v2_18g,,,,TWD,XTAI,v2.18G,https://openapi.twse.com.tw/v1/opendata/t187ap03_L,,,,TWSE,v2.18G,9911,台灣櫻花股份有限公司,,,
9912.TW,偉聯科技股份有限公司,TWSE,Taiwan,TWSE,outputs\full_universe_source_acquisition\twse_tpex_candidate_validation_classification_v2_18f.csv,Equity,common_equity,high,v2.18G added from v2.18F potential_net_new; candidate_id=TWSE_TWSE_9912; crosscheck_status=matched_stock_day_all; possible_existing excluded; canonical not modified,,25,,,TWSE,twse_tpex_v2_18g,,,,TWD,XTAI,v2.18G,https://openapi.twse.com.tw/v1/opendata/t187ap03_L,,,,TWSE,v2.18G,9912,偉聯科技股份有限公司,,,
9917.TW,中興保全科技股份有限公司,TWSE,Taiwan,TWSE,outputs\full_universe_source_acquisition\twse_tpex_candidate_validation_classification_v2_18f.csv,Equity,common_equity,high,v2.18G added from v2.18F potential_net_new; candidate_id=TWSE_TWSE_9917; crosscheck_status=matched_stock_day_all; possible_existing excluded; canonical not modified,,20,,,TWSE,twse_tpex_v2_18g,,,,TWD,XTAI,v2.18G,https://openapi.twse.com.tw/v1/opendata/t187ap03_L,,,,TWSE,v2.18G,9917,中興保全科技股份有限公司,,,
9918.TW,欣欣天然氣股份有限公司,TWSE,Taiwan,TWSE,outputs\full_universe_source_acquisition\twse_tpex_candidate_validation_classification_v2_18f.csv,Equity,common_equity,high,v2.18G added from v2.18F potential_net_new; candidate_id=TWSE_TWSE_9918; crosscheck_status=matched_stock_day_all; possible_existing excluded; canonical not modified,,23,,,TWSE,twse_tpex_v2_18g,,,,TWD,XTAI,v2.18G,https://openapi.twse.com.tw/v1/opendata/t187ap03_L,,,,TWSE,v2.18G,9918,欣欣天然氣股份有限公司,,,
9919.TW,康那香企業股份有限公司,TWSE,Taiwan,TWSE,outputs\full_universe_source_acquisition\twse_tpex_candidate_validation_classification_v2_18f.csv,Equity,common_equity,high,v2.18G added from v2.18F potential_net_new; candidate_id=TWSE_TWSE_9919; crosscheck_status=matched_stock_day_all; possible_existing excluded; canonical not modified,,20,,,TWSE,twse_tpex_v2_18g,,,,TWD,XTAI,v2.18G,https://openapi.twse.com.tw/v1/opendata/t187ap03_L,,,,TWSE,v2.18G,9919,康那香企業股份有限公司,,,
9921.TW,巨大機械工業股份有限公司,TWSE,Taiwan,TWSE,outputs\full_universe_source_acquisition\twse_tpex_candidate_validation_classification_v2_18f.csv,Equity,common_equity,high,v2.18G added from v2.18F potential_net_new; candidate_id=TWSE_TWSE_9921; crosscheck_status=matched_stock_day_all; possible_existing excluded; canonical not modified,,37,,,TWSE,twse_tpex_v2_18g,,,,TWD,XTAI,v2.18G,https://openapi.twse.com.tw/v1/opendata/t187ap03_L,,,,TWSE,v2.18G,9921,巨大機械工業股份有限公司,,,
9924.TW,台灣福興工業股份有限公司,TWSE,Taiwan,TWSE,outputs\full_universe_source_acquisition\twse_tpex_candidate_validation_classification_v2_18f.csv,Equity,common_equity,high,v2.18G added from v2.18F potential_net_new; candidate_id=TWSE_TWSE_9924; crosscheck_status=matched_stock_day_all; possible_existing excluded; canonical not modified,,38,,,TWSE,twse_tpex_v2_18g,,,,TWD,XTAI,v2.18G,https://openapi.twse.com.tw/v1/opendata/t187ap03_L,,,,TWSE,v2.18G,9924,台灣福興工業股份有限公司,,,
9925.TW,台灣新光保全股份有限公司,TWSE,Taiwan,TWSE,outputs\full_universe_source_acquisition\twse_tpex_candidate_validation_classification_v2_18f.csv,Equity,common_equity,high,v2.18G added from v2.18F potential_net_new; candidate_id=TWSE_TWSE_9925; crosscheck_status=matched_stock_day_all; possible_existing excluded; canonical not modified,,20,,,TWSE,twse_tpex_v2_18g,,,,TWD,XTAI,v2.18G,https://openapi.twse.com.tw/v1/opendata/t187ap03_L,,,,TWSE,v2.18G,9925,台灣新光保全股份有限公司,,,
9926.TW,新海瓦斯股份有限公司,TWSE,Taiwan,TWSE,outputs\full_universe_source_acquisition\twse_tpex_candidate_validation_classification_v2_18f.csv,Equity,common_equity,high,v2.18G added from v2.18F potential_net_new; candidate_id=TWSE_TWSE_9926; crosscheck_status=matched_stock_day_all; possible_existing excluded; canonical not modified,,23,,,TWSE,twse_tpex_v2_18g,,,,TWD,XTAI,v2.18G,https://openapi.twse.com.tw/v1/opendata/t187ap03_L,,,,TWSE,v2.18G,9926,新海瓦斯股份有限公司,,,
9927.TW,泰銘實業股份有限公司,TWSE,Taiwan,TWSE,outputs\full_universe_source_acquisition\twse_tpex_candidate_validation_classification_v2_18f.csv,Equity,common_equity,high,v2.18G added from v2.18F potential_net_new; candidate_id=TWSE_TWSE_9927; crosscheck_status=matched_stock_day_all; possible_existing excluded; canonical not modified,,20,,,TWSE,twse_tpex_v2_18g,,,,TWD,XTAI,v2.18G,https://openapi.twse.com.tw/v1/opendata/t187ap03_L,,,,TWSE,v2.18G,9927,泰銘實業股份有限公司,,,
9931.TW,欣高石油氣股份有限公司,TWSE,Taiwan,TWSE,outputs\full_universe_source_acquisition\twse_tpex_candidate_validation_classification_v2_18f.csv,Equity,common_equity,high,v2.18G added from v2.18F potential_net_new; candidate_id=TWSE_TWSE_9931; crosscheck_status=matched_stock_day_all; possible_existing excluded; canonical not modified,,23,,,TWSE,twse_tpex_v2_18g,,,,TWD,XTAI,v2.18G,https://openapi.twse.com.tw/v1/opendata/t187ap03_L,,,,TWSE,v2.18G,9931,欣高石油氣股份有限公司,,,
9933.TW,中鼎工程股份有限公司,TWSE,Taiwan,TWSE,outputs\full_universe_source_acquisition\twse_tpex_candidate_validation_classification_v2_18f.csv,Equity,common_equity,high,v2.18G added from v2.18F potential_net_new; candidate_id=TWSE_TWSE_9933; crosscheck_status=matched_stock_day_all; possible_existing excluded; canonical not modified,,20,,,TWSE,twse_tpex_v2_18g,,,,TWD,XTAI,v2.18G,https://openapi.twse.com.tw/v1/opendata/t187ap03_L,,,,TWSE,v2.18G,9933,中鼎工程股份有限公司,,,
9935.TW,慶豐富實業股份有限公司,TWSE,Taiwan,TWSE,outputs\full_universe_source_acquisition\twse_tpex_candidate_validation_classification_v2_18f.csv,Equity,common_equity,high,v2.18G added from v2.18F potential_net_new; candidate_id=TWSE_TWSE_9935; crosscheck_status=matched_stock_day_all; possible_existing excluded; canonical not modified,,38,,,TWSE,twse_tpex_v2_18g,,,,TWD,XTAI,v2.18G,https://openapi.twse.com.tw/v1/opendata/t187ap03_L,,,,TWSE,v2.18G,9935,慶豐富實業股份有限公司,,,
9937.TW,全國加油站股份有限公司,TWSE,Taiwan,TWSE,outputs\full_universe_source_acquisition\twse_tpex_candidate_validation_classification_v2_18f.csv,Equity,common_equity,high,v2.18G added from v2.18F potential_net_new; candidate_id=TWSE_TWSE_9937; crosscheck_status=matched_stock_day_all; possible_existing excluded; canonical not modified,,23,,,TWSE,twse_tpex_v2_18g,,,,TWD,XTAI,v2.18G,https://openapi.twse.com.tw/v1/opendata/t187ap03_L,,,,TWSE,v2.18G,9937,全國加油站股份有限公司,,,
9938.TW,台灣百和工業股份有限公司,TWSE,Taiwan,TWSE,outputs\full_universe_source_acquisition\twse_tpex_candidate_validation_classification_v2_18f.csv,Equity,common_equity,high,v2.18G added from v2.18F potential_net_new; candidate_id=TWSE_TWSE_9938; crosscheck_status=matched_stock_day_all; possible_existing excluded; canonical not modified,,20,,,TWSE,twse_tpex_v2_18g,,,,TWD,XTAI,v2.18G,https://openapi.twse.com.tw/v1/opendata/t187ap03_L,,,,TWSE,v2.18G,9938,台灣百和工業股份有限公司,,,
9939.TW,宏全國際股份有限公司,TWSE,Taiwan,TWSE,outputs\full_universe_source_acquisition\twse_tpex_candidate_validation_classification_v2_18f.csv,Equity,common_equity,high,v2.18G added from v2.18F potential_net_new; candidate_id=TWSE_TWSE_9939; crosscheck_status=matched_stock_day_all; possible_existing excluded; canonical not modified,,20,,,TWSE,twse_tpex_v2_18g,,,,TWD,XTAI,v2.18G,https://openapi.twse.com.tw/v1/opendata/t187ap03_L,,,,TWSE,v2.18G,9939,宏全國際股份有限公司,,,
9940.TW,信義房屋股份有限公司,TWSE,Taiwan,TWSE,outputs\full_universe_source_acquisition\twse_tpex_candidate_validation_classification_v2_18f.csv,Equity,common_equity,high,v2.18G added from v2.18F potential_net_new; candidate_id=TWSE_TWSE_9940; crosscheck_status=matched_stock_day_all; possible_existing excluded; canonical not modified,,20,,,TWSE,twse_tpex_v2_18g,,,,TWD,XTAI,v2.18G,https://openapi.twse.com.tw/v1/opendata/t187ap03_L,,,,TWSE,v2.18G,9940,信義房屋股份有限公司,,,
9942.TW,茂順密封元件科技股份有限公司,TWSE,Taiwan,TWSE,outputs\full_universe_source_acquisition\twse_tpex_candidate_validation_classification_v2_18f.csv,Equity,common_equity,high,v2.18G added from v2.18F potential_net_new; candidate_id=TWSE_TWSE_9942; crosscheck_status=matched_stock_day_all; possible_existing excluded; canonical not modified,,20,,,TWSE,twse_tpex_v2_18g,,,,TWD,XTAI,v2.18G,https://openapi.twse.com.tw/v1/opendata/t187ap03_L,,,,TWSE,v2.18G,9942,茂順密封元件科技股份有限公司,,,
9943.TW,好樂迪股份有限公司,TWSE,Taiwan,TWSE,outputs\full_universe_source_acquisition\twse_tpex_candidate_validation_classification_v2_18f.csv,Equity,common_equity,high,v2.18G added from v2.18F potential_net_new; candidate_id=TWSE_TWSE_9943; crosscheck_status=matched_stock_day_all; possible_existing excluded; canonical not modified,,16,,,TWSE,twse_tpex_v2_18g,,,,TWD,XTAI,v2.18G,https://openapi.twse.com.tw/v1/opendata/t187ap03_L,,,,TWSE,v2.18G,9943,好樂迪股份有限公司,,,
9944.TW,新麗企業股份有限公司,TWSE,Taiwan,TWSE,outputs\full_universe_source_acquisition\twse_tpex_candidate_validation_classification_v2_18f.csv,Equity,common_equity,high,v2.18G added from v2.18F potential_net_new; candidate_id=TWSE_TWSE_9944; crosscheck_status=matched_stock_day_all; possible_existing excluded; canonical not modified,,20,,,TWSE,twse_tpex_v2_18g,,,,TWD,XTAI,v2.18G,https://openapi.twse.com.tw/v1/opendata/t187ap03_L,,,,TWSE,v2.18G,9944,新麗企業股份有限公司,,,
9945.TW,潤泰創新國際股份有限公司,TWSE,Taiwan,TWSE,outputs\full_universe_source_acquisition\twse_tpex_candidate_validation_classification_v2_18f.csv,Equity,common_equity,high,v2.18G added from v2.18F potential_net_new; candidate_id=TWSE_TWSE_9945; crosscheck_status=matched_stock_day_all; possible_existing excluded; canonical not modified,,20,,,TWSE,twse_tpex_v2_18g,,,,TWD,XTAI,v2.18G,https://openapi.twse.com.tw/v1/opendata/t187ap03_L,,,,TWSE,v2.18G,9945,潤泰創新國際股份有限公司,,,
9958.TW,世紀鋼鐵結構股份有限公司,TWSE,Taiwan,TWSE,outputs\full_universe_source_acquisition\twse_tpex_candidate_validation_classification_v2_18f.csv,Equity,common_equity,high,v2.18G added from v2.18F potential_net_new; candidate_id=TWSE_TWSE_9958; crosscheck_status=matched_stock_day_all; possible_existing excluded; canonical not modified,,10,,,TWSE,twse_tpex_v2_18g,,,,TWD,XTAI,v2.18G,https://openapi.twse.com.tw/v1/opendata/t187ap03_L,,,,TWSE,v2.18G,9958,世紀鋼鐵結構股份有限公司,,,
