research_rank,asset_id,ticker,company_name,exchange,cik,candidate_matrix_status,evidence_level,experimental_score,score_bucket,fundamentals_quality_score,growth_momentum_score,profitability_cashflow_score,price_momentum_trend_score,risk_liquidity_score,top_positive_drivers,top_risk_drivers,missing_reason,experimental_score_notes,scoring_calculated,ranking_calculated,recommendation_generated,phase
1,U00597,CGEN,Compugen Ltd. - Ordinary Shares,NASDAQ,0001119774,CANDIDATE_MATRIX_READY,high,87.3314,INVESTIGATE_HIGH,90.0,83.0554,100.0,89.401,58.4015,positive revenue growth; positive profitability/FCF signal; positive price trend; positive 12m momentum,large 12m drawdown; high 6m volatility,,"Research-only experimental score; not a recommendation, prediction, buy/sell/hold signal or financial advice.",true,true,false,v2.38K-us-experimental-scoring
2,U00489,BWFG,"Bankwell Financial Group, Inc. - Common Stock",NASDAQ,0001505732,CANDIDATE_MATRIX_READY,high,86.9175,INVESTIGATE_HIGH,87.8263,81.0027,100.0,87.0118,69.6674,positive revenue growth; positive profitability/FCF signal; positive price trend; positive 12m momentum,balance-sheet risk flag,,"Research-only experimental score; not a recommendation, prediction, buy/sell/hold signal or financial advice.",true,true,false,v2.38K-us-experimental-scoring
3,U00040,ACNB,ACNB Corporation - Common Stock,NASDAQ,0000715579,CANDIDATE_MATRIX_READY,high,84.0633,INVESTIGATE_HIGH,83.2113,80.8279,96.9682,82.6871,70.0323,positive revenue growth; positive profitability/FCF signal; positive price trend; positive 12m momentum,balance-sheet risk flag,,"Research-only experimental score; not a recommendation, prediction, buy/sell/hold signal or financial advice.",true,true,false,v2.38K-us-experimental-scoring
4,U00126,ALAB,"Astera Labs, Inc. - Common Stock",NASDAQ,0001736297,CANDIDATE_MATRIX_READY,high,83.8049,INVESTIGATE_HIGH,100.0,70.0,100.0,80.4703,37.1081,positive revenue growth; positive profitability/FCF signal; positive 12m momentum,large 12m drawdown; high 6m volatility; risk/liquidity component below 55,,"Research-only experimental score; not a recommendation, prediction, buy/sell/hold signal or financial advice.",true,true,false,v2.38K-us-experimental-scoring
5,U00276,ATEX,Anterix Inc. - Common Stock,NASDAQ,0001304492,CANDIDATE_MATRIX_READY,high,83.3366,INVESTIGATE_HIGH,93.9215,60.2416,100.0,87.0,57.1186,positive revenue growth; positive profitability/FCF signal; positive 12m momentum,high 6m volatility,,"Research-only experimental score; not a recommendation, prediction, buy/sell/hold signal or financial advice.",true,true,false,v2.38K-us-experimental-scoring
6,U00503,CAC,Camden National Corporation - Common Stock,NASDAQ,0000750686,CANDIDATE_MATRIX_READY,high,80.9777,INVESTIGATE_HIGH,81.8476,67.5678,100.0,79.941,69.2162,positive revenue growth; positive profitability/FCF signal; positive price trend; positive 12m momentum,balance-sheet risk flag,,"Research-only experimental score; not a recommendation, prediction, buy/sell/hold signal or financial advice.",true,true,false,v2.38K-us-experimental-scoring
7,U00025,ACAD,ACADIA Pharmaceuticals Inc. - Common Stock,NASDAQ,0001070494,CANDIDATE_MATRIX_READY,high,80.9259,INVESTIGATE_HIGH,94.7928,65.8291,92.7006,68.6348,70.5515,positive revenue growth; positive profitability/FCF signal; positive price trend; positive 12m momentum,no dominant risk flag in tracked fields,,"Research-only experimental score; not a recommendation, prediction, buy/sell/hold signal or financial advice.",true,true,false,v2.38K-us-experimental-scoring
8,U00482,BUSE,First Busey Corporation - Common Stock,NASDAQ,0000314489,CANDIDATE_MATRIX_READY,high,80.5503,INVESTIGATE_HIGH,83.9591,80.2527,96.2416,63.8392,72.9586,positive revenue growth; positive profitability/FCF signal; positive 12m momentum,balance-sheet risk flag,,"Research-only experimental score; not a recommendation, prediction, buy/sell/hold signal or financial advice.",true,true,false,v2.38K-us-experimental-scoring
9,U00522,CART,Maplebear Inc. - Common Stock,NASDAQ,0001579091,CANDIDATE_MATRIX_READY,high,78.7464,INVESTIGATE_HIGH,88.629,62.783,92.7196,72.7679,65.0358,positive revenue growth; positive profitability/FCF signal; positive price trend; positive 12m momentum,no dominant risk flag in tracked fields,,"Research-only experimental score; not a recommendation, prediction, buy/sell/hold signal or financial advice.",true,true,false,v2.38K-us-experimental-scoring
10,U00425,BMRN,BioMarin Pharmaceutical Inc. - Common Stock,NASDAQ,0001048477,CANDIDATE_MATRIX_READY,high,78.0671,INVESTIGATE_HIGH,89.7153,65.4147,91.2792,61.4709,75.1954,positive revenue growth; positive profitability/FCF signal; positive price trend; positive 12m momentum,no dominant risk flag in tracked fields,,"Research-only experimental score; not a recommendation, prediction, buy/sell/hold signal or financial advice.",true,true,false,v2.38K-us-experimental-scoring
11,U00592,CFFN,"Capitol Federal Financial, Inc. - Common Stock",NASDAQ,0001490906,CANDIDATE_MATRIX_READY,high,77.9125,INVESTIGATE_HIGH,78.6071,55.9809,100.0,79.5262,72.2899,positive revenue growth; positive profitability/FCF signal; positive price trend; positive 12m momentum,balance-sheet risk flag,,"Research-only experimental score; not a recommendation, prediction, buy/sell/hold signal or financial advice.",true,true,false,v2.38K-us-experimental-scoring
12,U00170,AMGN,Amgen Inc. - Common Stock,NASDAQ,0000318154,CANDIDATE_MATRIX_READY,high,77.8635,INVESTIGATE_HIGH,69.6427,63.072,96.4757,82.8974,84.8164,positive revenue growth; positive profitability/FCF signal; positive price trend; positive 12m momentum,no dominant risk flag in tracked fields,,"Research-only experimental score; not a recommendation, prediction, buy/sell/hold signal or financial advice.",true,true,false,v2.38K-us-experimental-scoring
13,U00390,BIIB,Biogen Inc. - Common Stock,NASDAQ,0000875045,CANDIDATE_MATRIX_READY,high,77.6929,INVESTIGATE_HIGH,83.0321,50.2729,91.648,83.8022,76.3864,positive revenue growth; positive profitability/FCF signal; positive price trend; positive 12m momentum,no dominant risk flag in tracked fields,,"Research-only experimental score; not a recommendation, prediction, buy/sell/hold signal or financial advice.",true,true,false,v2.38K-us-experimental-scoring
14,U00054,ADEA,Adeia Inc. - Common Stock,NASDAQ,0001803696,CANDIDATE_MATRIX_READY,high,77.2821,INVESTIGATE_HIGH,90.5684,56.249,100.0,70.22,48.1776,positive revenue growth; positive profitability/FCF signal; positive 12m momentum,high 6m volatility; risk/liquidity component below 55,,"Research-only experimental score; not a recommendation, prediction, buy/sell/hold signal or financial advice.",true,true,false,v2.38K-us-experimental-scoring
15,U00011,AAPL,Apple Inc. - Common Stock,NASDAQ,0000320193,CANDIDATE_MATRIX_READY,high,76.5883,INVESTIGATE_HIGH,77.4873,50.4051,99.4087,81.3122,71.1689,positive revenue growth; positive profitability/FCF signal; positive price trend; positive 12m momentum,balance-sheet risk flag,,"Research-only experimental score; not a recommendation, prediction, buy/sell/hold signal or financial advice.",true,true,false,v2.38K-us-experimental-scoring
16,U00519,CARE,"Carter Bankshares, Inc. - Common Stock",NASDAQ,0001829576,CANDIDATE_MATRIX_READY,high,76.2259,INVESTIGATE_HIGH,77.3168,51.2193,100.0,80.6376,66.5948,positive revenue growth; positive profitability/FCF signal; positive 12m momentum,balance-sheet risk flag,,"Research-only experimental score; not a recommendation, prediction, buy/sell/hold signal or financial advice.",true,true,false,v2.38K-us-experimental-scoring
17,U00169,AMD,"Advanced Micro Devices, Inc. - Common Stock",NASDAQ,0000002488,CANDIDATE_MATRIX_READY,high,76.1559,INVESTIGATE_HIGH,72.6046,65.319,90.7481,86.531,58.549,positive revenue growth; positive profitability/FCF signal; positive 12m momentum,high 6m volatility,,"Research-only experimental score; not a recommendation, prediction, buy/sell/hold signal or financial advice.",true,true,false,v2.38K-us-experimental-scoring
18,U00214,APPF,"AppFolio, Inc. - Class A Common Stock",NASDAQ,0001433195,CANDIDATE_MATRIX_READY,high,75.9668,INVESTIGATE_HIGH,94.9145,71.241,94.5713,43.7273,55.8452,positive revenue growth; positive profitability/FCF signal,large 12m drawdown,,"Research-only experimental score; not a recommendation, prediction, buy/sell/hold signal or financial advice.",true,true,false,v2.38K-us-experimental-scoring
19,U00497,BZ,KANZHUN LIMITED - American Depository Shares,NASDAQ,0001842827,CANDIDATE_MATRIX_READY,high,75.8547,INVESTIGATE_HIGH,100.0,68.9995,100.0,31.5559,57.4357,positive revenue growth; positive profitability/FCF signal,large 12m drawdown,,"Research-only experimental score; not a recommendation, prediction, buy/sell/hold signal or financial advice.",true,true,false,v2.38K-us-experimental-scoring
20,U00379,BGC,"BGC Group, Inc. - Class A Common Stock",NASDAQ,0001094831,CANDIDATE_MATRIX_READY,high,75.4173,INVESTIGATE_HIGH,75.0716,75.9686,79.0374,76.8424,65.2613,positive revenue growth; positive profitability/FCF signal; positive price trend; positive 12m momentum,no dominant risk flag in tracked fields,,"Research-only experimental score; not a recommendation, prediction, buy/sell/hold signal or financial advice.",true,true,false,v2.38K-us-experimental-scoring
21,U00251,ARWR,"Arrowhead Pharmaceuticals, Inc. - Common Stock",NASDAQ,0000879407,CANDIDATE_MATRIX_READY,high,74.9964,INVESTIGATE_MEDIUM,70.4579,82.6302,71.9635,81.6766,66.0499,positive revenue growth; positive profitability/FCF signal; positive 12m momentum,high 6m volatility,,"Research-only experimental score; not a recommendation, prediction, buy/sell/hold signal or financial advice.",true,true,false,v2.38K-us-experimental-scoring
22,U00591,CFFI,C&F Financial Corporation - Common Stock,NASDAQ,0000913341,CANDIDATE_MATRIX_READY,high,74.823,INVESTIGATE_MEDIUM,70.823,63.5371,92.5047,79.9822,63.7127,positive revenue growth; positive profitability/FCF signal; positive price trend; positive 12m momentum,balance-sheet risk flag,,"Research-only experimental score; not a recommendation, prediction, buy/sell/hold signal or financial advice.",true,true,false,v2.38K-us-experimental-scoring
23,U00165,AMAT,"Applied Materials, Inc. - Common Stock",NASDAQ,0000006951,CANDIDATE_MATRIX_READY,high,74.6014,INVESTIGATE_MEDIUM,86.9326,43.3893,97.5301,77.6237,48.1304,positive revenue growth; positive profitability/FCF signal; positive 12m momentum,large 12m drawdown; high 6m volatility; risk/liquidity component below 55,,"Research-only experimental score; not a recommendation, prediction, buy/sell/hold signal or financial advice.",true,true,false,v2.38K-us-experimental-scoring
24,U00599,CGNX,Cognex Corporation - Common Stock,NASDAQ,0000851205,CANDIDATE_MATRIX_READY,high,74.5113,INVESTIGATE_MEDIUM,87.637,49.3249,92.2502,67.4589,64.1337,positive revenue growth; positive profitability/FCF signal; positive 12m momentum,no dominant risk flag in tracked fields,,"Research-only experimental score; not a recommendation, prediction, buy/sell/hold signal or financial advice.",true,true,false,v2.38K-us-experimental-scoring
25,U00606,CHCI,"Comstock Holding Companies, Inc. - Class A Common Stock",NASDAQ,0001299969,CANDIDATE_MATRIX_READY,high,74.3267,INVESTIGATE_MEDIUM,82.1421,72.3342,65.0,85.4604,51.2513,positive revenue growth; positive profitability/FCF signal; positive price trend; positive 12m momentum,large 12m drawdown; high 6m volatility; risk/liquidity component below 55,,"Research-only experimental score; not a recommendation, prediction, buy/sell/hold signal or financial advice.",true,true,false,v2.38K-us-experimental-scoring
26,U00312,AVPT,"AvePoint, Inc. - Class A Common Stock",NASDAQ,0001777921,CANDIDATE_MATRIX_READY,high,74.2054,INVESTIGATE_MEDIUM,87.4833,73.103,86.5102,52.3908,55.5958,positive revenue growth; positive profitability/FCF signal; positive price trend,large 12m drawdown,,"Research-only experimental score; not a recommendation, prediction, buy/sell/hold signal or financial advice.",true,true,false,v2.38K-us-experimental-scoring
27,U00372,BELFB,Bel Fuse Inc. - Class B Common Stock,NASDAQ,0000729580,CANDIDATE_MATRIX_READY,high,74.1486,INVESTIGATE_MEDIUM,83.5668,62.4481,83.5611,71.1754,56.4159,positive revenue growth; positive profitability/FCF signal; positive 12m momentum,high 6m volatility,,"Research-only experimental score; not a recommendation, prediction, buy/sell/hold signal or financial advice.",true,true,false,v2.38K-us-experimental-scoring
28,U00086,AFRM,"Affirm Holdings, Inc. - Class A Common Stock",NASDAQ,0001820953,CANDIDATE_MATRIX_READY,high,73.5754,INVESTIGATE_MEDIUM,94.1164,65.889,100.0,39.8104,42.0056,positive revenue growth; positive profitability/FCF signal,large 12m drawdown; high 6m volatility; risk/liquidity component below 55,,"Research-only experimental score; not a recommendation, prediction, buy/sell/hold signal or financial advice.",true,true,false,v2.38K-us-experimental-scoring
29,U00288,ATRC,"AtriCure, Inc. - Common Stock",NASDAQ,0001323885,CANDIDATE_MATRIX_READY,high,73.2182,INVESTIGATE_MEDIUM,76.5899,69.8352,64.3111,86.3185,61.4831,positive revenue growth; positive profitability/FCF signal; positive price trend; positive 12m momentum,large 12m drawdown,,"Research-only experimental score; not a recommendation, prediction, buy/sell/hold signal or financial advice.",true,true,false,v2.38K-us-experimental-scoring
30,U00629,CINF,Cincinnati Financial Corporation - Common Stock,NASDAQ,0000020286,CANDIDATE_MATRIX_READY,high,72.6654,INVESTIGATE_MEDIUM,82.5606,60.265,96.528,43.6435,78.099,positive revenue growth; positive profitability/FCF signal; positive 12m momentum,no dominant risk flag in tracked fields,,"Research-only experimental score; not a recommendation, prediction, buy/sell/hold signal or financial advice.",true,true,false,v2.38K-us-experimental-scoring
31,U00139,ALKS,Alkermes plc - Ordinary Shares,NASDAQ,0001520262,CANDIDATE_MATRIX_READY,high,72.3619,INVESTIGATE_MEDIUM,86.6175,19.42,95.3995,82.2183,69.6909,positive profitability/FCF signal; positive 12m momentum,no dominant risk flag in tracked fields,,"Research-only experimental score; not a recommendation, prediction, buy/sell/hold signal or financial advice.",true,true,false,v2.38K-us-experimental-scoring
32,U00297,AUPH,Aurinia Pharmaceuticals Inc - Common Shares,NASDAQ,0001600620,CANDIDATE_MATRIX_READY,high,72.1181,INVESTIGATE_MEDIUM,83.0079,64.8077,65.0,70.2849,71.9724,positive revenue growth; positive profitability/FCF signal; positive price trend; positive 12m momentum,no dominant risk flag in tracked fields,,"Research-only experimental score; not a recommendation, prediction, buy/sell/hold signal or financial advice.",true,true,false,v2.38K-us-experimental-scoring
33,U00065,ADUS,Addus HomeCare Corporation - Common Stock,NASDAQ,0001468328,CANDIDATE_MATRIX_READY,high,72.0959,INVESTIGATE_MEDIUM,83.4875,72.4268,75.1353,49.9753,75.4217,positive revenue growth; positive profitability/FCF signal; positive price trend,no dominant risk flag in tracked fields,,"Research-only experimental score; not a recommendation, prediction, buy/sell/hold signal or financial advice.",true,true,false,v2.38K-us-experimental-scoring
34,U00056,ADI,"Analog Devices, Inc. - Common Stock",NASDAQ,0000006281,CANDIDATE_MATRIX_READY,high,72.0344,INVESTIGATE_MEDIUM,73.5824,56.7542,97.6402,57.8666,75.0752,positive revenue growth; positive profitability/FCF signal; positive 12m momentum,no dominant risk flag in tracked fields,,"Research-only experimental score; not a recommendation, prediction, buy/sell/hold signal or financial advice.",true,true,false,v2.38K-us-experimental-scoring
35,U00371,BELFA,Bel Fuse Inc. - Class A Common Stock,NASDAQ,0000729580,CANDIDATE_MATRIX_READY,high,71.7833,INVESTIGATE_MEDIUM,83.5668,61.1385,83.5611,62.0429,53.6478,positive revenue growth; positive profitability/FCF signal; positive 12m momentum,high 6m volatility; risk/liquidity component below 55,,"Research-only experimental score; not a recommendation, prediction, buy/sell/hold signal or financial advice.",true,true,false,v2.38K-us-experimental-scoring
36,U00504,CACC,Credit Acceptance Corporation - Common Stock,NASDAQ,0000885550,CANDIDATE_MATRIX_READY,high,71.6566,INVESTIGATE_MEDIUM,75.1874,55.1679,96.4233,63.0413,61.7389,positive revenue growth; positive profitability/FCF signal; positive 12m momentum,balance-sheet risk flag,,"Research-only experimental score; not a recommendation, prediction, buy/sell/hold signal or financial advice.",true,true,false,v2.38K-us-experimental-scoring
37,U00037,ACIW,"ACI Worldwide, Inc. - Common Stock",NASDAQ,0000935036,CANDIDATE_MATRIX_READY,high,71.4922,INVESTIGATE_MEDIUM,81.2688,61.5194,90.088,51.328,65.2451,positive revenue growth; positive profitability/FCF signal; positive 12m momentum,no dominant risk flag in tracked fields,,"Research-only experimental score; not a recommendation, prediction, buy/sell/hold signal or financial advice.",true,true,false,v2.38K-us-experimental-scoring
38,U00046,ACT,"Enact Holdings, Inc. - Common Stock",NASDAQ,0001823529,CANDIDATE_MATRIX_READY,high,70.4833,INVESTIGATE_MEDIUM,77.2377,51.5205,65.0,76.5003,87.0787,positive revenue growth; positive profitability/FCF signal; positive price trend; positive 12m momentum,no dominant risk flag in tracked fields,,"Research-only experimental score; not a recommendation, prediction, buy/sell/hold signal or financial advice.",true,true,false,v2.38K-us-experimental-scoring
39,U00185,ANAB,"AnaptysBio, Inc. - Common Stock",NASDAQ,0001370053,CANDIDATE_MATRIX_READY,high,69.9416,INVESTIGATE_MEDIUM,64.013,79.5747,59.7339,84.6426,59.4741,positive revenue growth; positive profitability/FCF signal; positive 12m momentum,high 6m volatility,,"Research-only experimental score; not a recommendation, prediction, buy/sell/hold signal or financial advice.",true,true,false,v2.38K-us-experimental-scoring
40,U00015,ABEO,Abeona Therapeutics Inc. - Common Stock,NASDAQ,0000318306,CANDIDATE_MATRIX_READY,high,69.7492,INVESTIGATE_MEDIUM,90.1663,77.9731,65.0,42.2681,56.5109,positive revenue growth; positive profitability/FCF signal,large 12m drawdown,,"Research-only experimental score; not a recommendation, prediction, buy/sell/hold signal or financial advice.",true,true,false,v2.38K-us-experimental-scoring
41,U00053,ADBE,Adobe Inc. - Common Stock,NASDAQ,0000796343,CANDIDATE_MATRIX_READY,high,69.2471,INVESTIGATE_MEDIUM,87.56,59.3717,100.0,30.5446,49.9584,positive revenue growth; positive profitability/FCF signal,large 12m drawdown; risk/liquidity component below 55,,"Research-only experimental score; not a recommendation, prediction, buy/sell/hold signal or financial advice.",true,true,false,v2.38K-us-experimental-scoring
42,U00047,ACTG,Acacia Research Corporation - Common Stock,NASDAQ,0000934549,CANDIDATE_MATRIX_READY,high,69.1806,INVESTIGATE_MEDIUM,80.9103,73.8901,52.9226,59.4191,76.6117,positive revenue growth; positive profitability/FCF signal; positive 12m momentum,no dominant risk flag in tracked fields,,"Research-only experimental score; not a recommendation, prediction, buy/sell/hold signal or financial advice.",true,true,false,v2.38K-us-experimental-scoring
43,U00634,CIVB,"Civista Bancshares, Inc. - Common Stock",NASDAQ,0000944745,CANDIDATE_MATRIX_READY,high,68.5482,INVESTIGATE_MEDIUM,76.8013,24.3062,100.0,67.3776,71.7103,positive profitability/FCF signal; positive 12m momentum,balance-sheet risk flag,,"Research-only experimental score; not a recommendation, prediction, buy/sell/hold signal or financial advice.",true,true,false,v2.38K-us-experimental-scoring
44,U00520,CARG,"CarGurus, Inc. - Class A Common Stock",NASDAQ,0001494259,CANDIDATE_MATRIX_READY,high,68.4704,INVESTIGATE_MEDIUM,85.5936,50.1043,95.8342,36.7447,62.5569,positive revenue growth; positive profitability/FCF signal; positive 12m momentum,no dominant risk flag in tracked fields,,"Research-only experimental score; not a recommendation, prediction, buy/sell/hold signal or financial advice.",true,true,false,v2.38K-us-experimental-scoring
45,U00017,ABNB,"Airbnb, Inc. - Class A Common Stock",NASDAQ,0001559720,CANDIDATE_MATRIX_READY,high,68.0244,INVESTIGATE_MEDIUM,63.3224,63.6792,62.6069,85.1218,67.4606,positive revenue growth; positive profitability/FCF signal; positive price trend; positive 12m momentum,no dominant risk flag in tracked fields,,"Research-only experimental score; not a recommendation, prediction, buy/sell/hold signal or financial advice.",true,true,false,v2.38K-us-experimental-scoring
46,U00513,CAMT,Camtek Ltd. - Ordinary Shares,NASDAQ,0001109138,CANDIDATE_MATRIX_READY,high,67.7254,INVESTIGATE_MEDIUM,83.0424,55.2449,92.1198,44.7404,43.9165,positive revenue growth; positive profitability/FCF signal; positive 12m momentum,large 12m drawdown; high 6m volatility; risk/liquidity component below 55,,"Research-only experimental score; not a recommendation, prediction, buy/sell/hold signal or financial advice.",true,true,false,v2.38K-us-experimental-scoring
47,U00119,AIRT,"Air T, Inc. - Common Stock",NASDAQ,0000353184,CANDIDATE_MATRIX_READY,high,67.7223,INVESTIGATE_MEDIUM,62.8108,66.0996,66.2254,88.6725,46.7951,positive revenue growth; positive profitability/FCF signal; positive price trend; positive 12m momentum,balance-sheet risk flag; high 6m volatility; risk/liquidity component below 55,,"Research-only experimental score; not a recommendation, prediction, buy/sell/hold signal or financial advice.",true,true,false,v2.38K-us-experimental-scoring
48,U00653,CLSK,"CleanSpark, Inc. - Common Stock",NASDAQ,0000827876,CANDIDATE_MATRIX_READY,high,67.2035,INVESTIGATE_MEDIUM,91.1085,70.0,65.0,45.5031,37.7035,positive revenue growth; positive profitability/FCF signal; positive 12m momentum,large 12m drawdown; high 6m volatility; risk/liquidity component below 55,,"Research-only experimental score; not a recommendation, prediction, buy/sell/hold signal or financial advice.",true,true,false,v2.38K-us-experimental-scoring
49,U00191,ANIP,"ANI Pharmaceuticals, Inc. - Common Stock",NASDAQ,0001023024,CANDIDATE_MATRIX_READY,high,66.8739,INVESTIGATE_MEDIUM,83.6666,71.4211,87.4632,17.5389,64.8923,positive revenue growth; positive profitability/FCF signal,no dominant risk flag in tracked fields,,"Research-only experimental score; not a recommendation, prediction, buy/sell/hold signal or financial advice.",true,true,false,v2.38K-us-experimental-scoring
50,U00398,BJRI,"BJ's Restaurants, Inc. - Common Stock",NASDAQ,0001013488,CANDIDATE_MATRIX_READY,high,66.8042,INVESTIGATE_MEDIUM,62.1964,61.9633,62.6079,86.1235,60.0634,positive revenue growth; positive profitability/FCF signal; positive 12m momentum,no dominant risk flag in tracked fields,,"Research-only experimental score; not a recommendation, prediction, buy/sell/hold signal or financial advice.",true,true,false,v2.38K-us-experimental-scoring
51,U00178,AMRX,"Amneal Pharmaceuticals, Inc. - Class A Common Stock",NASDAQ,0001723128,CANDIDATE_MATRIX_READY,high,66.615,INVESTIGATE_MEDIUM,53.9796,60.728,70.3646,82.9126,76.201,positive revenue growth; positive profitability/FCF signal; positive 12m momentum,no dominant risk flag in tracked fields,,"Research-only experimental score; not a recommendation, prediction, buy/sell/hold signal or financial advice.",true,true,false,v2.38K-us-experimental-scoring
52,U00266,ASTH,Astrana Health Inc. - Common Stock,NASDAQ,0001083446,CANDIDATE_MATRIX_READY,high,66.6131,INVESTIGATE_MEDIUM,67.6836,77.6709,58.456,71.708,47.4108,positive revenue growth; positive profitability/FCF signal; positive 12m momentum,large 12m drawdown; risk/liquidity component below 55,,"Research-only experimental score; not a recommendation, prediction, buy/sell/hold signal or financial advice.",true,true,false,v2.38K-us-experimental-scoring
53,U00524,CASS,"Cass Information Systems, Inc - Common Stock",NASDAQ,0000708781,CANDIDATE_MATRIX_READY,high,66.2804,INVESTIGATE_MEDIUM,68.9334,13.4453,100.0,80.0457,69.0214,positive profitability/FCF signal; positive price trend; positive 12m momentum,balance-sheet risk flag,,"Research-only experimental score; not a recommendation, prediction, buy/sell/hold signal or financial advice.",true,true,false,v2.38K-us-experimental-scoring
54,U00314,AVT,"Avnet, Inc. - Common Stock",NASDAQ,0000008858,CANDIDATE_MATRIX_READY,high,66.2184,INVESTIGATE_MEDIUM,62.0335,63.1051,53.0309,89.1185,65.5742,positive revenue growth; positive profitability/FCF signal; positive price trend; positive 12m momentum,no dominant risk flag in tracked fields,,"Research-only experimental score; not a recommendation, prediction, buy/sell/hold signal or financial advice.",true,true,false,v2.38K-us-experimental-scoring
55,U00039,ACMR,"ACM Research, Inc. - Class A Common Stock",NASDAQ,0001680062,CANDIDATE_MATRIX_READY,high,65.7224,INVESTIGATE_MEDIUM,73.3018,55.1026,63.3215,80.3041,39.8617,positive revenue growth; positive profitability/FCF signal; positive 12m momentum,large 12m drawdown; high 6m volatility; risk/liquidity component below 55,,"Research-only experimental score; not a recommendation, prediction, buy/sell/hold signal or financial advice.",true,true,false,v2.38K-us-experimental-scoring
56,U00571,CECO,CECO Environmental Corp. - Common Stock,NASDAQ,0000003197,CANDIDATE_MATRIX_READY,high,65.1581,INVESTIGATE_MEDIUM,70.0122,67.5678,62.4215,68.9026,43.7601,positive revenue growth; positive profitability/FCF signal; positive 12m momentum,large 12m drawdown; high 6m volatility; risk/liquidity component below 55,,"Research-only experimental score; not a recommendation, prediction, buy/sell/hold signal or financial advice.",true,true,false,v2.38K-us-experimental-scoring
57,U00461,BRZE,"Braze, Inc. - Class A Common Stock",NASDAQ,0001676238,CANDIDATE_MATRIX_READY,high,65.1221,INVESTIGATE_MEDIUM,68.545,73.0617,50.4059,78.8228,41.0052,positive revenue growth; positive profitability/FCF signal; positive price trend; positive 12m momentum,large 12m drawdown; high 6m volatility; risk/liquidity component below 55,,"Research-only experimental score; not a recommendation, prediction, buy/sell/hold signal or financial advice.",true,true,false,v2.38K-us-experimental-scoring
58,U00509,CAKE,The Cheesecake Factory Incorporated - Common Stock,NASDAQ,0000887596,CANDIDATE_MATRIX_READY,high,64.8661,INVESTIGATE_MEDIUM,54.6023,56.3324,65.3388,94.3291,52.8535,positive revenue growth; positive profitability/FCF signal; positive price trend; positive 12m momentum,balance-sheet risk flag; risk/liquidity component below 55,,"Research-only experimental score; not a recommendation, prediction, buy/sell/hold signal or financial advice.",true,true,false,v2.38K-us-experimental-scoring
59,U00486,BVS,Bioventus Inc. - Class A Common Stock,NASDAQ,0001665988,CANDIDATE_MATRIX_READY,high,64.8151,INVESTIGATE_MEDIUM,65.2662,28.6413,76.0596,95.0,52.9504,positive profitability/FCF signal; positive price trend; positive 12m momentum,high 6m volatility; risk/liquidity component below 55,,"Research-only experimental score; not a recommendation, prediction, buy/sell/hold signal or financial advice.",true,true,false,v2.38K-us-experimental-scoring
60,U00035,ACIC,American Coastal Insurance Corporation - Common Stock,NASDAQ,0001401521,CANDIDATE_MATRIX_READY,high,64.5977,INVESTIGATE_MEDIUM,83.8179,54.8659,98.1928,14.0029,60.4002,positive revenue growth; positive profitability/FCF signal,no dominant risk flag in tracked fields,,"Research-only experimental score; not a recommendation, prediction, buy/sell/hold signal or financial advice.",true,true,false,v2.38K-us-experimental-scoring
61,U00207,API,"Agora, Inc. - ADS",NASDAQ,0001802883,CANDIDATE_MATRIX_READY,high,64.2919,INVESTIGATE_MEDIUM,83.1895,42.8055,83.2632,40.2137,60.7859,positive revenue growth; positive profitability/FCF signal; positive 12m momentum,high 6m volatility,,"Research-only experimental score; not a recommendation, prediction, buy/sell/hold signal or financial advice.",true,true,false,v2.38K-us-experimental-scoring
62,U00062,ADSK,"Autodesk, Inc. - Common Stock",NASDAQ,0000769397,CANDIDATE_MATRIX_READY,high,64.1966,INVESTIGATE_MEDIUM,72.0539,63.8047,94.9857,22.2591,63.7049,positive revenue growth; positive profitability/FCF signal,large 12m drawdown,,"Research-only experimental score; not a recommendation, prediction, buy/sell/hold signal or financial advice.",true,true,false,v2.38K-us-experimental-scoring
63,U00523,CASH,"Pathward Financial, Inc. - Common Stock",NASDAQ,0000907471,CANDIDATE_MATRIX_READY,high,64.1629,INVESTIGATE_MEDIUM,74.0971,50.1798,98.4695,29.5475,62.9437,positive revenue growth; positive profitability/FCF signal; positive 12m momentum,balance-sheet risk flag,,"Research-only experimental score; not a recommendation, prediction, buy/sell/hold signal or financial advice.",true,true,false,v2.38K-us-experimental-scoring
64,U00564,CDNS,"Cadence Design Systems, Inc. - Common Stock",NASDAQ,0000813672,CANDIDATE_MATRIX_READY,high,64.1438,INVESTIGATE_MEDIUM,72.7762,53.8309,97.8321,25.2577,69.268,positive revenue growth; positive profitability/FCF signal,no dominant risk flag in tracked fields,,"Research-only experimental score; not a recommendation, prediction, buy/sell/hold signal or financial advice.",true,true,false,v2.38K-us-experimental-scoring
65,U00586,CERT,"Certara, Inc. - Common Stock",NASDAQ,0001827090,CANDIDATE_MATRIX_READY,high,64.1052,INVESTIGATE_MEDIUM,78.2122,61.6631,73.4889,46.4349,43.2416,positive revenue growth; positive profitability/FCF signal; positive price trend,large 12m drawdown; high 6m volatility; risk/liquidity component below 55,,"Research-only experimental score; not a recommendation, prediction, buy/sell/hold signal or financial advice.",true,true,false,v2.38K-us-experimental-scoring
66,U00177,AMPL,"Amplitude, Inc. - Class A Common Stock",NASDAQ,0001866692,CANDIDATE_MATRIX_READY,high,64.0206,INVESTIGATE_MEDIUM,64.8321,69.5773,50.1477,81.7979,42.664,positive revenue growth; positive profitability/FCF signal; positive price trend; positive 12m momentum,large 12m drawdown; high 6m volatility; risk/liquidity component below 55,,"Research-only experimental score; not a recommendation, prediction, buy/sell/hold signal or financial advice.",true,true,false,v2.38K-us-experimental-scoring
67,U00215,APPN,Appian Corporation - Class A Common Stock,NASDAQ,0001441683,CANDIDATE_MATRIX_READY,high,63.9304,INVESTIGATE_MEDIUM,55.1955,71.2059,65.3966,86.1312,28.2496,positive revenue growth; positive profitability/FCF signal; positive price trend; positive 12m momentum,balance-sheet risk flag; large 12m drawdown; high 6m volatility; risk/liquidity component below 55,,"Research-only experimental score; not a recommendation, prediction, buy/sell/hold signal or financial advice.",true,true,false,v2.38K-us-experimental-scoring
68,U00638,CLBT,Cellebrite DI Ltd. - Ordinary Shares,NASDAQ,0001854587,CANDIDATE_MATRIX_READY,high,63.3614,INVESTIGATE_MEDIUM,89.5627,57.0133,95.4487,7.5857,44.83,positive revenue growth; positive profitability/FCF signal,large 12m drawdown; high 6m volatility; risk/liquidity component below 55,,"Research-only experimental score; not a recommendation, prediction, buy/sell/hold signal or financial advice.",true,true,false,v2.38K-us-experimental-scoring
69,U00189,ANGO,"AngioDynamics, Inc. - Common Stock",NASDAQ,0001275187,CANDIDATE_MATRIX_READY,high,63.345,INVESTIGATE_MEDIUM,61.7688,62.6159,40.7783,88.4116,64.5323,positive revenue growth; positive profitability/FCF signal; positive price trend; positive 12m momentum,no dominant risk flag in tracked fields,,"Research-only experimental score; not a recommendation, prediction, buy/sell/hold signal or financial advice.",true,true,false,v2.38K-us-experimental-scoring
70,U00415,BLZE,"Backblaze, Inc. - Common Stock",NASDAQ,0001462056,CANDIDATE_MATRIX_READY,high,63.2839,INVESTIGATE_MEDIUM,64.0639,69.0209,54.3653,83.7338,26.4074,positive revenue growth; positive profitability/FCF signal; positive 12m momentum,large 12m drawdown; high 6m volatility; risk/liquidity component below 55,,"Research-only experimental score; not a recommendation, prediction, buy/sell/hold signal or financial advice.",true,true,false,v2.38K-us-experimental-scoring
71,U00469,BSY,"Bentley Systems, Incorporated - Class B Common Stock",NASDAQ,0001031308,CANDIDATE_MATRIX_READY,high,63.2774,INVESTIGATE_MEDIUM,81.7079,57.4306,96.5345,14.9634,49.7932,positive revenue growth; positive profitability/FCF signal,large 12m drawdown; risk/liquidity component below 55,,"Research-only experimental score; not a recommendation, prediction, buy/sell/hold signal or financial advice.",true,true,false,v2.38K-us-experimental-scoring
72,U00058,ADMA,ADMA Biologics Inc - Common Stock,NASDAQ,0001368514,CANDIDATE_MATRIX_READY,high,63.2414,INVESTIGATE_MEDIUM,91.4719,70.3888,85.7251,0.0,45.7707,positive revenue growth; positive profitability/FCF signal,large 12m drawdown; high 6m volatility; risk/liquidity component below 55,,"Research-only experimental score; not a recommendation, prediction, buy/sell/hold signal or financial advice.",true,true,false,v2.38K-us-experimental-scoring
73,U00526,CASY,"Caseys General Stores, Inc. - Common Stock",NASDAQ,0000726958,CANDIDATE_MATRIX_READY,high,63.1529,INVESTIGATE_MEDIUM,66.5895,52.8865,65.491,63.8229,67.3594,positive revenue growth; positive profitability/FCF signal; positive 12m momentum,no dominant risk flag in tracked fields,,"Research-only experimental score; not a recommendation, prediction, buy/sell/hold signal or financial advice.",true,true,false,v2.38K-us-experimental-scoring
74,U00307,AVGO,Broadcom Inc. - Common Stock,NASDAQ,0001730168,CANDIDATE_MATRIX_READY,high,63.1365,INVESTIGATE_MEDIUM,71.4627,58.8033,60.0,60.3527,58.6652,positive revenue growth; positive profitability/FCF signal; positive 12m momentum,no dominant risk flag in tracked fields,,"Research-only experimental score; not a recommendation, prediction, buy/sell/hold signal or financial advice.",true,true,false,v2.38K-us-experimental-scoring
75,U00320,AXGN,"Axogen, Inc. - Common Stock",NASDAQ,0000805928,CANDIDATE_MATRIX_READY,high,63.1046,INVESTIGATE_MEDIUM,65.2216,71.114,18.9854,94.2975,66.5875,positive revenue growth; positive price trend; positive 12m momentum,no dominant risk flag in tracked fields,,"Research-only experimental score; not a recommendation, prediction, buy/sell/hold signal or financial advice.",true,true,false,v2.38K-us-experimental-scoring
76,U00612,CHKP,Check Point Software Technologies Ltd. - Ordinary Shares,NASDAQ,0001015922,CANDIDATE_MATRIX_READY,high,62.9654,INVESTIGATE_MEDIUM,87.0577,48.008,100.0,11.3034,49.8583,positive revenue growth; positive profitability/FCF signal,large 12m drawdown; risk/liquidity component below 55,,"Research-only experimental score; not a recommendation, prediction, buy/sell/hold signal or financial advice.",true,true,false,v2.38K-us-experimental-scoring
77,U00491,BWMN,Bowman Consulting Group Ltd. - Common Stock,NASDAQ,0001847590,CANDIDATE_MATRIX_READY,high,62.7708,INVESTIGATE_MEDIUM,69.5048,69.3116,67.3745,53.336,39.1492,positive revenue growth; positive profitability/FCF signal,large 12m drawdown; high 6m volatility; risk/liquidity component below 55,,"Research-only experimental score; not a recommendation, prediction, buy/sell/hold signal or financial advice.",true,true,false,v2.38K-us-experimental-scoring
78,U00574,CELH,"Celsius Holdings, Inc. - Common Stock",NASDAQ,0001341766,CANDIDATE_MATRIX_READY,high,62.7007,INVESTIGATE_MEDIUM,90.6255,77.488,76.6323,2.4611,41.9672,positive revenue growth; positive profitability/FCF signal,large 12m drawdown; high 6m volatility; risk/liquidity component below 55,,"Research-only experimental score; not a recommendation, prediction, buy/sell/hold signal or financial advice.",true,true,false,v2.38K-us-experimental-scoring
79,U00359,BCPC,Balchem Corporation - Common Stock,NASDAQ,0000009326,CANDIDATE_MATRIX_READY,high,62.4426,INVESTIGATE_MEDIUM,71.4368,57.6039,59.6292,45.5601,84.5295,positive revenue growth; positive profitability/FCF signal; positive price trend; positive 12m momentum,no dominant risk flag in tracked fields,,"Research-only experimental score; not a recommendation, prediction, buy/sell/hold signal or financial advice.",true,true,false,v2.38K-us-experimental-scoring
80,U00294,AUDC,AudioCodes Ltd. - Ordinary Shares,NASDAQ,0001086434,CANDIDATE_MATRIX_READY,high,62.1756,INVESTIGATE_MEDIUM,70.2357,41.4932,73.1096,60.6099,60.6236,positive revenue growth; positive profitability/FCF signal; positive price trend; positive 12m momentum,no dominant risk flag in tracked fields,,"Research-only experimental score; not a recommendation, prediction, buy/sell/hold signal or financial advice.",true,true,false,v2.38K-us-experimental-scoring
81,U00150,ALOT,"AstroNova, Inc. - Common Stock",NASDAQ,0000008146,CANDIDATE_MATRIX_READY,high,62.0653,INVESTIGATE_MEDIUM,66.0526,29.2385,62.5462,100.0,38.9256,positive profitability/FCF signal; positive price trend; positive 12m momentum,large 12m drawdown; high 6m volatility; risk/liquidity component below 55,,"Research-only experimental score; not a recommendation, prediction, buy/sell/hold signal or financial advice.",true,true,false,v2.38K-us-experimental-scoring
82,U00133,ALGM,"Allegro MicroSystems, Inc. - Common Stock",NASDAQ,0000866291,CANDIDATE_MATRIX_READY,high,62.0651,INVESTIGATE_MEDIUM,80.2976,58.3303,68.2077,41.0993,44.4838,positive revenue growth; positive profitability/FCF signal; positive 12m momentum,large 12m drawdown; high 6m volatility; risk/liquidity component below 55,,"Research-only experimental score; not a recommendation, prediction, buy/sell/hold signal or financial advice.",true,true,false,v2.38K-us-experimental-scoring
83,U00134,ALGN,"Align Technology, Inc. - Common Stock",NASDAQ,0001097149,CANDIDATE_MATRIX_READY,high,62.0569,INVESTIGATE_MEDIUM,79.4389,39.4394,86.1001,30.6102,69.9527,positive revenue growth; positive profitability/FCF signal; positive 12m momentum,no dominant risk flag in tracked fields,,"Research-only experimental score; not a recommendation, prediction, buy/sell/hold signal or financial advice.",true,true,false,v2.38K-us-experimental-scoring
84,U00280,ATLC,Atlanticus Holdings Corporation - Common Stock,NASDAQ,0001464343,CANDIDATE_MATRIX_READY,high,62.0344,INVESTIGATE_MEDIUM,55.6547,79.2498,50.5541,76.2498,41.2725,positive revenue growth; positive profitability/FCF signal; positive 12m momentum,balance-sheet risk flag; large 12m drawdown; high 6m volatility; risk/liquidity component below 55,,"Research-only experimental score; not a recommendation, prediction, buy/sell/hold signal or financial advice.",true,true,false,v2.38K-us-experimental-scoring
85,U00556,CCSI,"Consensus Cloud Solutions, Inc. - Common Stock",NASDAQ,0001866633,CANDIDATE_MATRIX_READY,high,61.7789,INVESTIGATE_MEDIUM,69.7957,19.6321,99.5582,64.098,41.8257,positive profitability/FCF signal; positive 12m momentum,balance-sheet risk flag; high 6m volatility; risk/liquidity component below 55,,"Research-only experimental score; not a recommendation, prediction, buy/sell/hold signal or financial advice.",true,true,false,v2.38K-us-experimental-scoring
86,U00648,CLOV,"Clover Health Investments, Corp. - Class A Common stock",NASDAQ,0001801170,CANDIDATE_MATRIX_READY,high,61.6801,INVESTIGATE_MEDIUM,69.8962,78.6196,19.6867,83.0699,44.3595,positive revenue growth; positive 12m momentum,large 12m drawdown; high 6m volatility; risk/liquidity component below 55,,"Research-only experimental score; not a recommendation, prediction, buy/sell/hold signal or financial advice.",true,true,false,v2.38K-us-experimental-scoring
87,U00441,BOSC,B.O.S. Better Online Solutions - Ordinary Shares,NASDAQ,0001005516,CANDIDATE_MATRIX_READY,high,61.2851,INVESTIGATE_MEDIUM,63.4352,70.4419,78.6745,28.1601,67.9922,positive revenue growth; positive profitability/FCF signal,large 12m drawdown,,"Research-only experimental score; not a recommendation, prediction, buy/sell/hold signal or financial advice.",true,true,false,v2.38K-us-experimental-scoring
88,U00610,CHEF,"The Chefs' Warehouse, Inc. - Common Stock",NASDAQ,0001517175,CANDIDATE_MATRIX_READY,high,61.2063,INVESTIGATE_MEDIUM,49.8836,62.4865,42.9645,94.2127,63.0852,positive revenue growth; positive profitability/FCF signal; positive price trend; positive 12m momentum,no dominant risk flag in tracked fields,,"Research-only experimental score; not a recommendation, prediction, buy/sell/hold signal or financial advice.",true,true,false,v2.38K-us-experimental-scoring
89,U00168,AMCX,AMC Global Media Inc. - Class A Common Stock,NASDAQ,0001514991,CANDIDATE_MATRIX_READY,high,61.1937,INVESTIGATE_MEDIUM,60.8551,20.9027,75.4055,93.6195,49.5163,positive profitability/FCF signal; positive price trend; positive 12m momentum,risk/liquidity component below 55,,"Research-only experimental score; not a recommendation, prediction, buy/sell/hold signal or financial advice.",true,true,false,v2.38K-us-experimental-scoring
90,U00205,APEI,"American Public Education, Inc. - Common Stock",NASDAQ,0001201792,CANDIDATE_MATRIX_READY,high,60.9354,INVESTIGATE_MEDIUM,71.2261,42.1135,71.6356,54.1438,59.8899,positive revenue growth; positive profitability/FCF signal; positive 12m momentum,no dominant risk flag in tracked fields,,"Research-only experimental score; not a recommendation, prediction, buy/sell/hold signal or financial advice.",true,true,false,v2.38K-us-experimental-scoring
91,U00572,CEG,Constellation Energy Corporation - Common Stock When-Issued,NASDAQ,0001868275,CANDIDATE_MATRIX_READY,high,60.6352,INVESTIGATE_MEDIUM,68.9008,66.9077,78.2173,29.9227,49.5537,positive revenue growth; positive profitability/FCF signal,large 12m drawdown; risk/liquidity component below 55,,"Research-only experimental score; not a recommendation, prediction, buy/sell/hold signal or financial advice.",true,true,false,v2.38K-us-experimental-scoring
92,U00428,BNC,CEA Industries Inc. - Common Stock,NASDAQ,0001482541,CANDIDATE_MATRIX_READY,high,60.5652,INVESTIGATE_MEDIUM,95.0,76.2727,65.0,1.2584,35.5903,positive revenue growth; positive profitability/FCF signal,large 12m drawdown; high 6m volatility; risk/liquidity component below 55,,"Research-only experimental score; not a recommendation, prediction, buy/sell/hold signal or financial advice.",true,true,false,v2.38K-us-experimental-scoring
93,U00140,ALKT,"Alkami Technology, Inc. - Common Stock",NASDAQ,0001529274,CANDIDATE_MATRIX_READY,high,60.3091,INVESTIGATE_MEDIUM,70.0116,73.0758,56.1769,41.2814,51.9879,positive revenue growth; positive profitability/FCF signal; positive price trend,large 12m drawdown; risk/liquidity component below 55,,"Research-only experimental score; not a recommendation, prediction, buy/sell/hold signal or financial advice.",true,true,false,v2.38K-us-experimental-scoring
94,U00032,ACGL,Arch Capital Group Ltd. - Common Stock,NASDAQ,0000947484,CANDIDATE_MATRIX_READY,high,60.0311,INVESTIGATE_MEDIUM,63.0821,66.0999,63.4391,38.2211,75.5449,positive revenue growth; positive profitability/FCF signal; positive 12m momentum,no dominant risk flag in tracked fields,,"Research-only experimental score; not a recommendation, prediction, buy/sell/hold signal or financial advice.",true,true,false,v2.38K-us-experimental-scoring
95,U00148,ALNT,Allient Inc. - Common Stock,NASDAQ,0000046129,CANDIDATE_MATRIX_READY,high,59.9263,INVESTIGATE_LOW,60.3261,46.8698,51.3374,83.1006,55.6687,positive revenue growth; positive profitability/FCF signal; positive 12m momentum,high 6m volatility,,"Research-only experimental score; not a recommendation, prediction, buy/sell/hold signal or financial advice.",true,true,false,v2.38K-us-experimental-scoring
96,U00483,BUUU,BUUU Group Limited - Class A Ordinary Share,NASDAQ,0002047273,CANDIDATE_MATRIX_READY,high,59.8872,INVESTIGATE_LOW,60.6391,15.0,78.7058,95.0,39.5429,positive profitability/FCF signal; positive price trend; positive 12m momentum,high 6m volatility; risk/liquidity component below 55,,"Research-only experimental score; not a recommendation, prediction, buy/sell/hold signal or financial advice.",true,true,false,v2.38K-us-experimental-scoring
97,U00014,ABCL,AbCellera Biologics Inc. - Common Shares,NASDAQ,0001703057,CANDIDATE_MATRIX_READY,high,59.8739,INVESTIGATE_LOW,66.793,85.0,0.0,95.0,38.3597,positive revenue growth; positive price trend; positive 12m momentum,large 12m drawdown; high 6m volatility; risk/liquidity component below 55,,"Research-only experimental score; not a recommendation, prediction, buy/sell/hold signal or financial advice.",true,true,false,v2.38K-us-experimental-scoring
98,U00500,CAAS,"China Automotive Systems, Inc. - Ordinary Share",NASDAQ,0002037400,CANDIDATE_MATRIX_READY,high,59.5995,INVESTIGATE_LOW,60.6855,13.3107,77.0654,82.0873,69.0117,positive profitability/FCF signal; positive price trend; positive 12m momentum,no dominant risk flag in tracked fields,,"Research-only experimental score; not a recommendation, prediction, buy/sell/hold signal or financial advice.",true,true,false,v2.38K-us-experimental-scoring
99,U00216,APPS,"Digital Turbine, Inc. - Common Stock",NASDAQ,0000317788,CANDIDATE_MATRIX_READY,high,59.3448,INVESTIGATE_LOW,54.1995,67.749,48.4909,87.0,24.3699,positive revenue growth; positive profitability/FCF signal; positive 12m momentum,balance-sheet risk flag; large 12m drawdown; high 6m volatility; risk/liquidity component below 55,,"Research-only experimental score; not a recommendation, prediction, buy/sell/hold signal or financial advice.",true,true,false,v2.38K-us-experimental-scoring
100,U00533,CBLL,"CeriBell, Inc. - Common Stock",NASDAQ,0001861107,CANDIDATE_MATRIX_READY,high,59.1508,INVESTIGATE_LOW,62.5303,79.0387,0.0,92.0608,61.7185,positive revenue growth; positive price trend; positive 12m momentum,no dominant risk flag in tracked fields,,"Research-only experimental score; not a recommendation, prediction, buy/sell/hold signal or financial advice.",true,true,false,v2.38K-us-experimental-scoring
101,U00022,ABUS,Arbutus Biopharma Corporation - Common Stock,NASDAQ,0001447028,CANDIDATE_MATRIX_READY,high,59.0291,INVESTIGATE_LOW,69.0507,82.9761,0.0,74.1026,68.981,positive revenue growth; positive price trend; positive 12m momentum,no dominant risk flag in tracked fields,,"Research-only experimental score; not a recommendation, prediction, buy/sell/hold signal or financial advice.",true,true,false,v2.38K-us-experimental-scoring
102,U00552,CCLD,"CareCloud, Inc. - Common Stock",NASDAQ,0001582982,CANDIDATE_MATRIX_READY,high,58.8105,INVESTIGATE_LOW,83.6164,50.4528,87.7779,6.1727,48.4492,positive revenue growth; positive profitability/FCF signal,large 12m drawdown; high 6m volatility; risk/liquidity component below 55,,"Research-only experimental score; not a recommendation, prediction, buy/sell/hold signal or financial advice.",true,true,false,v2.38K-us-experimental-scoring
103,U00176,AMPH,"Amphastar Pharmaceuticals, Inc. - Common Stock",NASDAQ,0001297184,CANDIDATE_MATRIX_READY,high,58.7718,INVESTIGATE_LOW,77.3044,26.1477,90.1263,36.459,50.339,positive profitability/FCF signal,large 12m drawdown; risk/liquidity component below 55,,"Research-only experimental score; not a recommendation, prediction, buy/sell/hold signal or financial advice.",true,true,false,v2.38K-us-experimental-scoring
104,U00311,AVO,"Mission Produce, Inc. - Common Stock",NASDAQ,0001802974,CANDIDATE_MATRIX_READY,high,58.6101,INVESTIGATE_LOW,70.9183,64.8033,60.8852,29.929,62.111,positive revenue growth; positive profitability/FCF signal; positive 12m momentum,no dominant risk flag in tracked fields,,"Research-only experimental score; not a recommendation, prediction, buy/sell/hold signal or financial advice.",true,true,false,v2.38K-us-experimental-scoring
105,U00097,AGYS,"Agilysys, Inc. - Common Stock",NASDAQ,0000078749,CANDIDATE_MATRIX_READY,high,58.528,INVESTIGATE_LOW,49.3824,69.106,58.1458,64.065,54.4994,positive revenue growth; positive profitability/FCF signal; positive price trend; positive 12m momentum,large 12m drawdown; risk/liquidity component below 55,,"Research-only experimental score; not a recommendation, prediction, buy/sell/hold signal or financial advice.",true,true,false,v2.38K-us-experimental-scoring
106,U00243,ARQT,"Arcutis Biotherapeutics, Inc. - Common stock",NASDAQ,0001787306,CANDIDATE_MATRIX_READY,high,58.4937,INVESTIGATE_LOW,71.95,82.2919,21.3655,54.1163,53.5394,positive revenue growth; positive 12m momentum,large 12m drawdown; risk/liquidity component below 55,,"Research-only experimental score; not a recommendation, prediction, buy/sell/hold signal or financial advice.",true,true,false,v2.38K-us-experimental-scoring
107,U00038,ACLS,"Axcelis Technologies, Inc. - Common Stock",NASDAQ,0001113232,CANDIDATE_MATRIX_READY,high,58.3361,INVESTIGATE_LOW,77.5947,0.0,88.5946,62.8693,47.6488,positive profitability/FCF signal; positive 12m momentum,large 12m drawdown; high 6m volatility; risk/liquidity component below 55,,"Research-only experimental score; not a recommendation, prediction, buy/sell/hold signal or financial advice.",true,true,false,v2.38K-us-experimental-scoring
108,U00562,CDNA,"CareDx, Inc. - Common Stock",NASDAQ,0001217234,CANDIDATE_MATRIX_READY,high,58.3169,INVESTIGATE_LOW,60.6284,68.3831,9.3776,95.0,55.7625,positive revenue growth; positive price trend; positive 12m momentum,high 6m volatility,,"Research-only experimental score; not a recommendation, prediction, buy/sell/hold signal or financial advice.",true,true,false,v2.38K-us-experimental-scoring
109,U00149,ALNY,"Alnylam Pharmaceuticals, Inc. - Common Stock",NASDAQ,0001178670,CANDIDATE_MATRIX_READY,high,58.1844,INVESTIGATE_LOW,77.7618,71.5041,83.5423,1.0251,36.4155,positive revenue growth; positive profitability/FCF signal,balance-sheet risk flag; large 12m drawdown; high 6m volatility; risk/liquidity component below 55,,"Research-only experimental score; not a recommendation, prediction, buy/sell/hold signal or financial advice.",true,true,false,v2.38K-us-experimental-scoring
110,U00155,ALRM,"Alarm.com Holdings, Inc. - Common Stock",NASDAQ,0001459200,CANDIDATE_MATRIX_READY,high,57.8394,INVESTIGATE_LOW,60.4436,58.2905,54.6582,52.3841,66.3974,positive revenue growth; positive profitability/FCF signal; positive price trend,no dominant risk flag in tracked fields,,"Research-only experimental score; not a recommendation, prediction, buy/sell/hold signal or financial advice.",true,true,false,v2.38K-us-experimental-scoring
111,U00172,AMKR,"Amkor Technology, Inc. - Common Stock",NASDAQ,0001047127,CANDIDATE_MATRIX_READY,high,57.6552,INVESTIGATE_LOW,69.0004,43.2369,66.0311,56.6131,37.7883,positive revenue growth; positive profitability/FCF signal; positive 12m momentum,large 12m drawdown; high 6m volatility; risk/liquidity component below 55,,"Research-only experimental score; not a recommendation, prediction, buy/sell/hold signal or financial advice.",true,true,false,v2.38K-us-experimental-scoring
112,U00247,ARTNA,Artesian Resources Corporation - Class A Non-Voting Common Stock,NASDAQ,0000863110,CANDIDATE_MATRIX_READY,high,57.5502,INVESTIGATE_LOW,50.6302,51.675,62.4437,53.2263,88.9213,positive revenue growth; positive profitability/FCF signal; positive price trend; positive 12m momentum,no dominant risk flag in tracked fields,,"Research-only experimental score; not a recommendation, prediction, buy/sell/hold signal or financial advice.",true,true,false,v2.38K-us-experimental-scoring
113,U00060,ADPT,Adaptive Biotechnologies Corporation - Common Stock,NASDAQ,0001478320,CANDIDATE_MATRIX_READY,high,57.5413,INVESTIGATE_LOW,56.5773,85.0,0.0,94.8671,45.947,positive revenue growth; positive price trend; positive 12m momentum,large 12m drawdown; high 6m volatility; risk/liquidity component below 55,,"Research-only experimental score; not a recommendation, prediction, buy/sell/hold signal or financial advice.",true,true,false,v2.38K-us-experimental-scoring
114,U00262,ASRV,AmeriServ Financial Inc. - Common Stock,NASDAQ,0000707605,CANDIDATE_MATRIX_READY,high,57.3202,INVESTIGATE_LOW,53.0988,20.305,65.0,89.1397,65.0164,positive profitability/FCF signal; positive price trend; positive 12m momentum,balance-sheet risk flag,,"Research-only experimental score; not a recommendation, prediction, buy/sell/hold signal or financial advice.",true,true,false,v2.38K-us-experimental-scoring
115,U00455,BRKR,Bruker Corporation - Common Stock,NASDAQ,0001109354,CANDIDATE_MATRIX_READY,high,57.2414,INVESTIGATE_LOW,57.6123,42.218,53.7657,80.6139,46.3821,positive revenue growth; positive profitability/FCF signal; positive 12m momentum,large 12m drawdown; high 6m volatility; risk/liquidity component below 55,,"Research-only experimental score; not a recommendation, prediction, buy/sell/hold signal or financial advice.",true,true,false,v2.38K-us-experimental-scoring
116,U00184,AMZN,"Amazon.com, Inc. - Common Stock",NASDAQ,0001018724,CANDIDATE_MATRIX_READY,high,57.0827,INVESTIGATE_LOW,47.3485,56.3478,57.4447,62.625,75.9464,positive revenue growth; positive profitability/FCF signal; positive price trend; positive 12m momentum,no dominant risk flag in tracked fields,,"Research-only experimental score; not a recommendation, prediction, buy/sell/hold signal or financial advice.",true,true,false,v2.38K-us-experimental-scoring
117,U00585,CERS,Cerus Corporation - Common Stock,NASDAQ,0001020214,CANDIDATE_MATRIX_READY,high,56.975,INVESTIGATE_LOW,55.4865,59.9212,46.0742,76.0891,39.1219,positive revenue growth; positive profitability/FCF signal; positive 12m momentum,large 12m drawdown; high 6m volatility; risk/liquidity component below 55,,"Research-only experimental score; not a recommendation, prediction, buy/sell/hold signal or financial advice.",true,true,false,v2.38K-us-experimental-scoring
118,U00059,ADP,"Automatic Data Processing, Inc. - Common Stock",NASDAQ,0000008670,CANDIDATE_MATRIX_READY,high,56.7334,INVESTIGATE_LOW,53.0902,57.3774,62.3917,57.6763,53.1724,positive revenue growth; positive profitability/FCF signal; positive price trend,balance-sheet risk flag; large 12m drawdown; risk/liquidity component below 55,,"Research-only experimental score; not a recommendation, prediction, buy/sell/hold signal or financial advice.",true,true,false,v2.38K-us-experimental-scoring
119,U00322,AXON,"Axon Enterprise, Inc. - Common Stock",NASDAQ,0001069183,CANDIDATE_MATRIX_READY,high,56.7302,INVESTIGATE_LOW,73.6087,71.2694,63.9461,17.6047,40.8359,positive revenue growth; positive profitability/FCF signal,large 12m drawdown; high 6m volatility; risk/liquidity component below 55,,"Research-only experimental score; not a recommendation, prediction, buy/sell/hold signal or financial advice.",true,true,false,v2.38K-us-experimental-scoring
120,U00644,CLMB,"Climb Global Solutions, Inc. - Common Stock",NASDAQ,0000945983,CANDIDATE_MATRIX_READY,high,56.728,INVESTIGATE_LOW,57.7095,79.4997,45.5571,51.1353,41.7674,positive revenue growth; positive profitability/FCF signal; positive price trend,large 12m drawdown; risk/liquidity component below 55,,"Research-only experimental score; not a recommendation, prediction, buy/sell/hold signal or financial advice.",true,true,false,v2.38K-us-experimental-scoring
121,U00568,CDW,CDW Corporation - Common Stock,NASDAQ,0001402057,CANDIDATE_MATRIX_READY,high,56.539,INVESTIGATE_LOW,52.073,53.8813,67.8499,53.7403,58.2283,positive revenue growth; positive profitability/FCF signal; positive price trend,large 12m drawdown,,"Research-only experimental score; not a recommendation, prediction, buy/sell/hold signal or financial advice.",true,true,false,v2.38K-us-experimental-scoring
122,U00074,AEIS,"Advanced Energy Industries, Inc. - Common Stock",NASDAQ,0000927003,CANDIDATE_MATRIX_READY,high,56.1802,INVESTIGATE_LOW,64.9863,59.1064,48.1986,51.8699,48.4929,positive revenue growth; positive profitability/FCF signal; positive 12m momentum,large 12m drawdown; high 6m volatility; risk/liquidity component below 55,,"Research-only experimental score; not a recommendation, prediction, buy/sell/hold signal or financial advice.",true,true,false,v2.38K-us-experimental-scoring
123,U00410,BLMN,"Bloomin' Brands, Inc. - Common Stock",NASDAQ,0001546417,CANDIDATE_MATRIX_READY,high,55.8593,INVESTIGATE_LOW,48.4216,48.8445,56.2679,85.3236,32.4559,positive revenue growth; positive profitability/FCF signal; positive price trend; positive 12m momentum,balance-sheet risk flag; high 6m volatility; risk/liquidity component below 55,,"Research-only experimental score; not a recommendation, prediction, buy/sell/hold signal or financial advice.",true,true,false,v2.38K-us-experimental-scoring
124,U00464,BSET,"Bassett Furniture Industries, Incorporated - Common Stock",NASDAQ,0000010329,CANDIDATE_MATRIX_READY,high,55.834,INVESTIGATE_LOW,46.7587,51.1457,59.3693,59.1152,78.8036,positive revenue growth; positive profitability/FCF signal; positive 12m momentum,no dominant risk flag in tracked fields,,"Research-only experimental score; not a recommendation, prediction, buy/sell/hold signal or financial advice.",true,true,false,v2.38K-us-experimental-scoring
125,U00283,ATNI,"ATN International, Inc. - Common Stock",NASDAQ,0000879585,CANDIDATE_MATRIX_READY,high,55.6272,INVESTIGATE_LOW,59.0684,22.0932,60.2974,79.3547,55.5763,positive profitability/FCF signal; positive price trend; positive 12m momentum,high 6m volatility,,"Research-only experimental score; not a recommendation, prediction, buy/sell/hold signal or financial advice.",true,true,false,v2.38K-us-experimental-scoring
126,U00143,ALLT,Allot Ltd. - Ordinary Shares,NASDAQ,0001365767,CANDIDATE_MATRIX_READY,high,55.559,INVESTIGATE_LOW,58.6743,52.2751,76.5998,31.9268,57.9639,positive revenue growth; positive profitability/FCF signal,large 12m drawdown,,"Research-only experimental score; not a recommendation, prediction, buy/sell/hold signal or financial advice.",true,true,false,v2.38K-us-experimental-scoring
127,U00616,CHR,"Cheer Holding, Inc. - Class A Ordinary Share",NASDAQ,0001738758,CANDIDATE_MATRIX_READY,high,55.114,INVESTIGATE_LOW,88.1569,36.4847,89.804,0.0,34.0917,positive revenue growth; positive profitability/FCF signal,large 12m drawdown; high 6m volatility; risk/liquidity component below 55,,"Research-only experimental score; not a recommendation, prediction, buy/sell/hold signal or financial advice.",true,true,false,v2.38K-us-experimental-scoring
128,U00580,CENX,Century Aluminum Company - Common Stock,NASDAQ,0000949157,CANDIDATE_MATRIX_READY,high,54.9023,INVESTIGATE_LOW,51.2363,53.472,60.1783,55.9932,56.0267,positive revenue growth; positive profitability/FCF signal; positive 12m momentum,large 12m drawdown; high 6m volatility,,"Research-only experimental score; not a recommendation, prediction, buy/sell/hold signal or financial advice.",true,true,false,v2.38K-us-experimental-scoring
129,U00645,CLMT,"Calumet, Inc - Common Stock",NASDAQ,0002013745,CANDIDATE_MATRIX_READY,high,54.7809,INVESTIGATE_LOW,43.1999,28.1274,53.372,100.0,55.21,positive profitability/FCF signal; positive price trend; positive 12m momentum,balance-sheet risk flag,,"Research-only experimental score; not a recommendation, prediction, buy/sell/hold signal or financial advice.",true,true,false,v2.38K-us-experimental-scoring
130,U00578,CENT,Central Garden & Pet Company - Common Stock,NASDAQ,0000887733,CANDIDATE_MATRIX_READY,high,54.6808,INVESTIGATE_LOW,52.5542,23.6595,75.7315,55.0129,80.338,positive profitability/FCF signal; positive 12m momentum,no dominant risk flag in tracked fields,,"Research-only experimental score; not a recommendation, prediction, buy/sell/hold signal or financial advice.",true,true,false,v2.38K-us-experimental-scoring
131,U00367,BEAM,Beam Therapeutics Inc. - Common Stock,NASDAQ,0001745999,CANDIDATE_MATRIX_READY,high,54.3307,INVESTIGATE_LOW,69.6748,75.1209,0.0,65.4826,53.0751,positive revenue growth; positive 12m momentum,large 12m drawdown; high 6m volatility; risk/liquidity component below 55,,"Research-only experimental score; not a recommendation, prediction, buy/sell/hold signal or financial advice.",true,true,false,v2.38K-us-experimental-scoring
132,U00030,ACFN,"Acorn Energy, Inc. - Common Stock",NASDAQ,0000880984,CANDIDATE_MATRIX_READY,high,54.1842,INVESTIGATE_LOW,69.6155,53.0278,63.3295,27.4748,45.3312,positive revenue growth; positive profitability/FCF signal; positive price trend,large 12m drawdown; high 6m volatility; risk/liquidity component below 55,,"Research-only experimental score; not a recommendation, prediction, buy/sell/hold signal or financial advice.",true,true,false,v2.38K-us-experimental-scoring
133,U00078,AERT,"Aeries Technology, Inc. - Class A Ordinary Share",NASDAQ,0001853044,CANDIDATE_MATRIX_READY,high,53.8449,INVESTIGATE_LOW,51.6529,27.2156,71.8063,85.094,15.2581,positive profitability/FCF signal; positive price trend; positive 12m momentum,balance-sheet risk flag; large 12m drawdown; high 6m volatility; risk/liquidity component below 55,,"Research-only experimental score; not a recommendation, prediction, buy/sell/hold signal or financial advice.",true,true,false,v2.38K-us-experimental-scoring
134,U00535,CBRL,"Cracker Barrel Old Country Store, Inc. - Common Stock",NASDAQ,0001067294,CANDIDATE_MATRIX_READY,high,53.3932,INVESTIGATE_LOW,45.2981,50.4964,57.0077,65.117,52.7958,positive revenue growth; positive profitability/FCF signal; positive price trend; positive 12m momentum,large 12m drawdown; high 6m volatility; risk/liquidity component below 55,,"Research-only experimental score; not a recommendation, prediction, buy/sell/hold signal or financial advice.",true,true,false,v2.38K-us-experimental-scoring
135,U00347,BBNX,"Beta Bionics, Inc. - Common Stock",NASDAQ,0001674632,CANDIDATE_MATRIX_READY,high,53.3212,INVESTIGATE_LOW,66.3514,85.0,0.0,61.8828,40.3922,positive revenue growth; positive price trend; positive 12m momentum,large 12m drawdown; high 6m volatility; risk/liquidity component below 55,,"Research-only experimental score; not a recommendation, prediction, buy/sell/hold signal or financial advice.",true,true,false,v2.38K-us-experimental-scoring
136,U00579,CENTA,Central Garden & Pet Company - Class A Common Stock Nonvoting,NASDAQ,0000887733,CANDIDATE_MATRIX_READY,high,53.1371,INVESTIGATE_LOW,52.5542,22.2934,75.7315,48.2816,81.0951,positive profitability/FCF signal; positive 12m momentum,no dominant risk flag in tracked fields,,"Research-only experimental score; not a recommendation, prediction, buy/sell/hold signal or financial advice.",true,true,false,v2.38K-us-experimental-scoring
137,U00124,AKBA,"Akebia Therapeutics, Inc. - Common Stock",NASDAQ,0001517022,CANDIDATE_MATRIX_READY,high,52.9816,INVESTIGATE_LOW,70.0128,74.4522,72.737,0.779,23.8411,positive revenue growth; positive profitability/FCF signal,balance-sheet risk flag; large 12m drawdown; high 6m volatility; risk/liquidity component below 55,,"Research-only experimental score; not a recommendation, prediction, buy/sell/hold signal or financial advice.",true,true,false,v2.38K-us-experimental-scoring
138,U00008,AAOI,"Applied Optoelectronics, Inc. - Common Stock",NASDAQ,0001158114,CANDIDATE_MATRIX_READY,high,52.8704,INVESTIGATE_LOW,69.4675,70.0,6.6114,67.5484,31.9816,positive revenue growth; positive 12m momentum,large 12m drawdown; high 6m volatility; risk/liquidity component below 55,,"Research-only experimental score; not a recommendation, prediction, buy/sell/hold signal or financial advice.",true,true,false,v2.38K-us-experimental-scoring
139,U00237,ARHS,"Arhaus, Inc. - Class A Common Stock",NASDAQ,0001875444,CANDIDATE_MATRIX_READY,high,52.6258,INVESTIGATE_LOW,61.9553,60.431,67.1318,22.0685,41.1298,positive revenue growth; positive profitability/FCF signal,large 12m drawdown; high 6m volatility; risk/liquidity component below 55,,"Research-only experimental score; not a recommendation, prediction, buy/sell/hold signal or financial advice.",true,true,false,v2.38K-us-experimental-scoring
140,U00494,BYND,"Beyond Meat, Inc. - Common stock",NASDAQ,0001655210,CANDIDATE_MATRIX_READY,high,52.5269,INVESTIGATE_LOW,46.7564,15.0,65.0,95.0,35.0,positive profitability/FCF signal; positive price trend; positive 12m momentum,large 12m drawdown; high 6m volatility; risk/liquidity component below 55,,"Research-only experimental score; not a recommendation, prediction, buy/sell/hold signal or financial advice.",true,true,false,v2.38K-us-experimental-scoring
141,U00493,BYFC,Broadway Financial Corporation - Class A Common Stock,NASDAQ,0001001171,CANDIDATE_MATRIX_READY,high,52.2939,INVESTIGATE_LOW,45.0173,70.0305,6.3478,88.7166,57.6973,positive revenue growth; positive price trend; positive 12m momentum,balance-sheet risk flag,,"Research-only experimental score; not a recommendation, prediction, buy/sell/hold signal or financial advice.",true,true,false,v2.38K-us-experimental-scoring
142,U00495,BYRN,"Byrna Technologies, Inc. - Common Stock",NASDAQ,0001354866,CANDIDATE_MATRIX_READY,high,52.1864,INVESTIGATE_LOW,80.1533,64.7455,59.7141,0.0,32.4848,positive revenue growth; positive profitability/FCF signal,large 12m drawdown; high 6m volatility; risk/liquidity component below 55,,"Research-only experimental score; not a recommendation, prediction, buy/sell/hold signal or financial advice.",true,true,false,v2.38K-us-experimental-scoring
143,U00113,AIP,"Arteris, Inc. - Common Stock",NASDAQ,0001667011,CANDIDATE_MATRIX_READY,high,51.9123,INVESTIGATE_LOW,48.1031,58.1156,49.117,68.1891,23.9701,positive revenue growth; positive profitability/FCF signal; positive 12m momentum,balance-sheet risk flag; large 12m drawdown; high 6m volatility; risk/liquidity component below 55,,"Research-only experimental score; not a recommendation, prediction, buy/sell/hold signal or financial advice.",true,true,false,v2.38K-us-experimental-scoring
144,U00020,ABTC,American Bitcoin Corp. - Class A Common Stock,NASDAQ,0001755953,CANDIDATE_MATRIX_READY,high,51.6016,INVESTIGATE_LOW,62.4715,85.0,0.0,65.1039,28.3933,positive revenue growth; positive price trend; positive 12m momentum,large 12m drawdown; high 6m volatility; risk/liquidity component below 55,,"Research-only experimental score; not a recommendation, prediction, buy/sell/hold signal or financial advice.",true,true,false,v2.38K-us-experimental-scoring
145,U00342,BBCP,"Concrete Pumping Holdings, Inc. - Common Stock",NASDAQ,0001703956,CANDIDATE_MATRIX_READY,high,51.5701,INVESTIGATE_LOW,54.9445,13.9473,62.9134,71.3648,54.4163,positive profitability/FCF signal; positive 12m momentum,high 6m volatility; risk/liquidity component below 55,,"Research-only experimental score; not a recommendation, prediction, buy/sell/hold signal or financial advice.",true,true,false,v2.38K-us-experimental-scoring
146,U00402,BL,"BlackLine, Inc. - Common Stock",NASDAQ,0001666134,CANDIDATE_MATRIX_READY,high,51.4558,INVESTIGATE_LOW,65.9486,52.9213,80.0437,6.9608,36.8602,positive revenue growth; positive profitability/FCF signal,balance-sheet risk flag; large 12m drawdown; high 6m volatility; risk/liquidity component below 55,,"Research-only experimental score; not a recommendation, prediction, buy/sell/hold signal or financial advice.",true,true,false,v2.38K-us-experimental-scoring
147,U00190,ANIK,Anika Therapeutics Inc. - Common Stock,NASDAQ,0000898437,CANDIDATE_MATRIX_READY,high,51.4491,INVESTIGATE_LOW,39.6778,21.1332,48.5424,94.5746,66.9571,positive profitability/FCF signal; positive price trend; positive 12m momentum,high 6m volatility,,"Research-only experimental score; not a recommendation, prediction, buy/sell/hold signal or financial advice.",true,true,false,v2.38K-us-experimental-scoring
148,U00511,CALM,"Cal-Maine Foods, Inc. - Common Stock",NASDAQ,0000016160,CANDIDATE_MATRIX_READY,high,51.378,INVESTIGATE_LOW,75.7068,8.5142,86.0664,14.8202,67.8576,positive profitability/FCF signal,large 12m drawdown,,"Research-only experimental score; not a recommendation, prediction, buy/sell/hold signal or financial advice.",true,true,false,v2.38K-us-experimental-scoring
149,U00159,ALTO,"Alto Ingredients, Inc. - Common Stock",NASDAQ,0000778164,CANDIDATE_MATRIX_READY,high,50.8248,INVESTIGATE_LOW,62.5989,7.6448,55.9776,74.9861,43.2338,positive profitability/FCF signal; positive 12m momentum,high 6m volatility; risk/liquidity component below 55,,"Research-only experimental score; not a recommendation, prediction, buy/sell/hold signal or financial advice.",true,true,false,v2.38K-us-experimental-scoring
150,U00230,ARCB,ArcBest Corporation - Common Stock,NASDAQ,0000894405,CANDIDATE_MATRIX_READY,high,50.8223,INVESTIGATE_LOW,44.5182,12.3299,59.1031,81.4452,68.9118,positive profitability/FCF signal; positive 12m momentum,no dominant risk flag in tracked fields,,"Research-only experimental score; not a recommendation, prediction, buy/sell/hold signal or financial advice.",true,true,false,v2.38K-us-experimental-scoring
151,U00435,BOF,BranchOut Food Inc. - Common Stock,NASDAQ,0001962481,CANDIDATE_MATRIX_READY,high,50.3962,INVESTIGATE_LOW,57.5109,77.6515,0.0,66.5496,43.0275,positive revenue growth; positive 12m momentum,large 12m drawdown; high 6m volatility; risk/liquidity component below 55,,"Research-only experimental score; not a recommendation, prediction, buy/sell/hold signal or financial advice.",true,true,false,v2.38K-us-experimental-scoring
152,U00090,AGIO,"Agios Pharmaceuticals, Inc. - Common Stock",NASDAQ,0001439222,CANDIDATE_MATRIX_READY,high,50.3786,INVESTIGATE_LOW,65.5242,83.3791,0.0,44.7364,50.9826,positive revenue growth,large 12m drawdown; high 6m volatility; risk/liquidity component below 55,,"Research-only experimental score; not a recommendation, prediction, buy/sell/hold signal or financial advice.",true,true,false,v2.38K-us-experimental-scoring
153,U00128,ALCO,"Alico, Inc. - Common Stock",NASDAQ,0000003545,CANDIDATE_MATRIX_READY,high,50.3462,INVESTIGATE_LOW,63.3193,11.3611,60.0,45.4077,79.967,positive profitability/FCF signal; positive 12m momentum,no dominant risk flag in tracked fields,,"Research-only experimental score; not a recommendation, prediction, buy/sell/hold signal or financial advice.",true,true,false,v2.38K-us-experimental-scoring
154,U00617,CHRD,Chord Energy Corporation - Common Stock,NASDAQ,0001486159,CANDIDATE_MATRIX_READY,high,50.0484,INVESTIGATE_LOW,53.3459,13.0346,41.5497,82.3858,66.5057,positive profitability/FCF signal; positive price trend; positive 12m momentum,no dominant risk flag in tracked fields,,"Research-only experimental score; not a recommendation, prediction, buy/sell/hold signal or financial advice.",true,true,false,v2.38K-us-experimental-scoring
155,U00263,ASST,"Strive, Inc. - Class A Common Stock",NASDAQ,0001920406,CANDIDATE_MATRIX_READY,high,49.9981,INVESTIGATE_LOW,70.0,85.0,0.0,42.0,35.9814,positive revenue growth,large 12m drawdown; high 6m volatility; risk/liquidity component below 55,,"Research-only experimental score; not a recommendation, prediction, buy/sell/hold signal or financial advice.",true,true,false,v2.38K-us-experimental-scoring
156,U00137,ALHC,"Alignment Healthcare, Inc. - Common Stock",NASDAQ,0001832466,CANDIDATE_MATRIX_READY,high,49.9033,INVESTIGATE_LOW,62.7723,73.2181,56.5663,8.6507,33.8462,positive revenue growth; positive profitability/FCF signal,balance-sheet risk flag; large 12m drawdown; high 6m volatility; risk/liquidity component below 55,,"Research-only experimental score; not a recommendation, prediction, buy/sell/hold signal or financial advice.",true,true,false,v2.38K-us-experimental-scoring
157,U00329,AZTA,"Azenta, Inc. - Common Stock",NASDAQ,0000933974,CANDIDATE_MATRIX_READY,high,49.8543,INVESTIGATE_LOW,65.0069,15.6817,52.9356,59.9992,46.2891,positive profitability/FCF signal; positive price trend; positive 12m momentum,large 12m drawdown; high 6m volatility; risk/liquidity component below 55,,"Research-only experimental score; not a recommendation, prediction, buy/sell/hold signal or financial advice.",true,true,false,v2.38K-us-experimental-scoring
158,U00289,ATRO,Astronics Corporation - Common Stock,NASDAQ,0000008063,CANDIDATE_MATRIX_READY,high,49.816,INVESTIGATE_LOW,47.4084,47.4956,45.7892,61.3449,46.6756,positive revenue growth; positive profitability/FCF signal; positive 12m momentum,balance-sheet risk flag; high 6m volatility; risk/liquidity component below 55,,"Research-only experimental score; not a recommendation, prediction, buy/sell/hold signal or financial advice.",true,true,false,v2.38K-us-experimental-scoring
159,U00212,APOG,"Apogee Enterprises, Inc. - Common Stock",NASDAQ,0000006845,CANDIDATE_MATRIX_READY,high,49.7977,INVESTIGATE_LOW,51.7208,43.6499,69.3894,24.5254,67.6851,positive revenue growth; positive profitability/FCF signal,no dominant risk flag in tracked fields,,"Research-only experimental score; not a recommendation, prediction, buy/sell/hold signal or financial advice.",true,true,false,v2.38K-us-experimental-scoring
160,U00408,BLKB,"Blackbaud, Inc. - Common Stock",NASDAQ,0001280058,CANDIDATE_MATRIX_READY,high,49.7684,INVESTIGATE_LOW,61.4022,26.4781,91.0955,23.6395,31.0508,positive profitability/FCF signal,balance-sheet risk flag; large 12m drawdown; high 6m volatility; risk/liquidity component below 55,,"Research-only experimental score; not a recommendation, prediction, buy/sell/hold signal or financial advice.",true,true,false,v2.38K-us-experimental-scoring
161,U00335,BANL,CBL International Limited - Class B Ordinary Shares,NASDAQ,0001914805,CANDIDATE_MATRIX_READY,high,49.6687,INVESTIGATE_LOW,48.1095,16.3225,52.6314,95.0,24.4508,positive profitability/FCF signal; positive price trend; positive 12m momentum,large 12m drawdown; high 6m volatility; risk/liquidity component below 55,,"Research-only experimental score; not a recommendation, prediction, buy/sell/hold signal or financial advice.",true,true,false,v2.38K-us-experimental-scoring
162,U00323,AXSM,"Axsome Therapeutics, Inc. - Common Stock",NASDAQ,0001579428,CANDIDATE_MATRIX_READY,high,49.4942,INVESTIGATE_LOW,48.9259,72.8248,0.2367,72.2071,57.6274,positive revenue growth; positive 12m momentum,balance-sheet risk flag,,"Research-only experimental score; not a recommendation, prediction, buy/sell/hold signal or financial advice.",true,true,false,v2.38K-us-experimental-scoring
163,U00063,ADTN,"ADTRAN Holdings, Inc. - Common Stock",NASDAQ,0000926282,CANDIDATE_MATRIX_READY,high,49.1816,INVESTIGATE_LOW,67.9519,56.0533,62.2594,7.5584,36.2186,positive revenue growth; positive profitability/FCF signal,large 12m drawdown; high 6m volatility; risk/liquidity component below 55,,"Research-only experimental score; not a recommendation, prediction, buy/sell/hold signal or financial advice.",true,true,false,v2.38K-us-experimental-scoring
164,U00377,BFRI,Biofrontera Inc. - Common Stock,NASDAQ,0001858685,CANDIDATE_MATRIX_READY,high,48.9802,INVESTIGATE_LOW,43.8121,65.6623,0.0,93.7728,39.4958,positive revenue growth; positive price trend; positive 12m momentum,large 12m drawdown; high 6m volatility; risk/liquidity component below 55,,"Research-only experimental score; not a recommendation, prediction, buy/sell/hold signal or financial advice.",true,true,false,v2.38K-us-experimental-scoring
165,U00655,CLWT,Euro Tech Holdings Company Limited - Ordinary Shares,NASDAQ,0001026662,CANDIDATE_MATRIX_READY,high,48.9567,INVESTIGATE_LOW,57.8846,14.9252,45.5644,73.6795,47.5746,positive profitability/FCF signal; positive price trend; positive 12m momentum,high 6m volatility; risk/liquidity component below 55,,"Research-only experimental score; not a recommendation, prediction, buy/sell/hold signal or financial advice.",true,true,false,v2.38K-us-experimental-scoring
166,U00649,CLPS,CLPS Incorporation - Common Stock,NASDAQ,0001724542,CANDIDATE_MATRIX_READY,high,48.9413,INVESTIGATE_LOW,61.4527,67.2937,20.8647,42.832,43.0745,positive revenue growth; positive 12m momentum,large 12m drawdown; high 6m volatility; risk/liquidity component below 55,,"Research-only experimental score; not a recommendation, prediction, buy/sell/hold signal or financial advice.",true,true,false,v2.38K-us-experimental-scoring
167,U00401,BKR,Baker Hughes Company - Common Stock,NASDAQ,0001701605,CANDIDATE_MATRIX_READY,high,48.8895,INVESTIGATE_LOW,42.0832,19.1397,55.8641,68.3118,76.0142,positive profitability/FCF signal; positive price trend; positive 12m momentum,no dominant risk flag in tracked fields,,"Research-only experimental score; not a recommendation, prediction, buy/sell/hold signal or financial advice.",true,true,false,v2.38K-us-experimental-scoring
168,U00249,ARTW,"Art's-Way Manufacturing Co., Inc. - Common Stock",NASDAQ,0000007623,CANDIDATE_MATRIX_READY,high,48.544,INVESTIGATE_LOW,60.1609,17.7283,54.324,56.4068,48.0392,positive profitability/FCF signal; positive price trend,large 12m drawdown; high 6m volatility; risk/liquidity component below 55,,"Research-only experimental score; not a recommendation, prediction, buy/sell/hold signal or financial advice.",true,true,false,v2.38K-us-experimental-scoring
169,U00258,ASO,"Academy Sports and Outdoors, Inc. - Common Stock",NASDAQ,0001817358,CANDIDATE_MATRIX_READY,high,48.5034,INVESTIGATE_LOW,63.958,38.5258,68.4522,9.6426,59.9192,positive revenue growth; positive profitability/FCF signal,no dominant risk flag in tracked fields,,"Research-only experimental score; not a recommendation, prediction, buy/sell/hold signal or financial advice.",true,true,false,v2.38K-us-experimental-scoring
170,U00213,APP,Applovin Corporation - Class A Common Stock,NASDAQ,0001751008,CANDIDATE_MATRIX_READY,high,48.407,INVESTIGATE_LOW,67.9289,55.5923,65.0,1.9265,35.2452,positive revenue growth; positive profitability/FCF signal,large 12m drawdown; high 6m volatility; risk/liquidity component below 55,,"Research-only experimental score; not a recommendation, prediction, buy/sell/hold signal or financial advice.",true,true,false,v2.38K-us-experimental-scoring
171,U00265,ASTE,"Astec Industries, Inc. - Common Stock",NASDAQ,0000792987,CANDIDATE_MATRIX_READY,high,48.3492,INVESTIGATE_LOW,64.9088,45.7577,59.025,12.3233,54.5539,positive revenue growth; positive profitability/FCF signal,large 12m drawdown; risk/liquidity component below 55,,"Research-only experimental score; not a recommendation, prediction, buy/sell/hold signal or financial advice.",true,true,false,v2.38K-us-experimental-scoring
172,U00403,BLBD,Blue Bird Corporation - Common Stock,NASDAQ,0001589526,CANDIDATE_MATRIX_READY,high,48.2993,INVESTIGATE_LOW,45.0423,49.0836,54.6696,36.3762,67.6069,positive revenue growth; positive profitability/FCF signal; positive 12m momentum,no dominant risk flag in tracked fields,,"Research-only experimental score; not a recommendation, prediction, buy/sell/hold signal or financial advice.",true,true,false,v2.38K-us-experimental-scoring
173,U00339,BATRA,"Atlanta Braves Holdings, Inc. - Series A Common Stock",NASDAQ,0001958140,CANDIDATE_MATRIX_READY,high,48.0105,INVESTIGATE_LOW,49.0067,56.327,11.8098,59.3919,78.0271,positive revenue growth; positive 12m momentum,no dominant risk flag in tracked fields,,"Research-only experimental score; not a recommendation, prediction, buy/sell/hold signal or financial advice.",true,true,false,v2.38K-us-experimental-scoring
174,U00633,CISS,C3is Inc. - Common Stock,NASDAQ,0001951067,CANDIDATE_MATRIX_READY,high,47.4942,INVESTIGATE_LOW,84.452,0.0,93.4893,0.0,34.607,positive profitability/FCF signal,large 12m drawdown; high 6m volatility; risk/liquidity component below 55,,"Research-only experimental score; not a recommendation, prediction, buy/sell/hold signal or financial advice.",true,true,false,v2.38K-us-experimental-scoring
175,U00180,AMSF,"AMERISAFE, Inc. - Common Stock",NASDAQ,0001018979,CANDIDATE_MATRIX_READY,high,47.463,INVESTIGATE_LOW,63.0231,39.5901,76.0919,0.6666,52.8633,positive revenue growth; positive profitability/FCF signal,balance-sheet risk flag; large 12m drawdown; risk/liquidity component below 55,,"Research-only experimental score; not a recommendation, prediction, buy/sell/hold signal or financial advice.",true,true,false,v2.38K-us-experimental-scoring
176,U00244,ARRY,"Array Technologies, Inc. - Common Stock",NASDAQ,0001820721,CANDIDATE_MATRIX_READY,high,46.8939,INVESTIGATE_LOW,63.2045,65.8084,57.8768,0.0,31.9554,positive revenue growth; positive profitability/FCF signal,balance-sheet risk flag; large 12m drawdown; high 6m volatility; risk/liquidity component below 55,,"Research-only experimental score; not a recommendation, prediction, buy/sell/hold signal or financial advice.",true,true,false,v2.38K-us-experimental-scoring
177,U00364,BDSX,"Biodesix, Inc. - Common Stock",NASDAQ,0001439725,CANDIDATE_MATRIX_READY,high,46.8793,INVESTIGATE_LOW,36.0273,73.8923,0.0,95.0,22.9266,positive revenue growth; positive price trend; positive 12m momentum,balance-sheet risk flag; large 12m drawdown; high 6m volatility; risk/liquidity component below 55,,"Research-only experimental score; not a recommendation, prediction, buy/sell/hold signal or financial advice.",true,true,false,v2.38K-us-experimental-scoring
178,U00112,AIOT,"PowerFleet, Inc. - Common Stock",NASDAQ,0001774170,CANDIDATE_MATRIX_READY,high,46.7599,INVESTIGATE_LOW,66.5811,58.1784,50.5571,4.048,42.289,positive revenue growth; positive profitability/FCF signal,large 12m drawdown; high 6m volatility; risk/liquidity component below 55,,"Research-only experimental score; not a recommendation, prediction, buy/sell/hold signal or financial advice.",true,true,false,v2.38K-us-experimental-scoring
179,U00440,BOOM,DMC Global Inc. - Common Stock,NASDAQ,0000034067,CANDIDATE_MATRIX_READY,high,46.7347,INVESTIGATE_LOW,65.5324,11.7827,59.5097,40.9873,46.1902,positive profitability/FCF signal,large 12m drawdown; high 6m volatility; risk/liquidity component below 55,,"Research-only experimental score; not a recommendation, prediction, buy/sell/hold signal or financial advice.",true,true,false,v2.38K-us-experimental-scoring
180,U00340,BATRK,"Atlanta Braves Holdings, Inc. - Series C Common Stock",NASDAQ,0001958140,CANDIDATE_MATRIX_READY,high,46.6465,INVESTIGATE_LOW,49.0067,55.0599,11.8098,54.6858,76.3342,positive revenue growth; positive 12m momentum,no dominant risk flag in tracked fields,,"Research-only experimental score; not a recommendation, prediction, buy/sell/hold signal or financial advice.",true,true,false,v2.38K-us-experimental-scoring
181,U00512,CAMP,CAMP4 Therapeutics Corporation - Common Stock,NASDAQ,0001736730,CANDIDATE_MATRIX_READY,high,46.1564,INVESTIGATE_LOW,58.1643,73.8065,0.0,54.8918,29.6743,positive revenue growth; positive 12m momentum,large 12m drawdown; high 6m volatility; risk/liquidity component below 55,,"Research-only experimental score; not a recommendation, prediction, buy/sell/hold signal or financial advice.",true,true,false,v2.38K-us-experimental-scoring
182,U00136,ALGT,Allegiant Travel Company - Common Stock,NASDAQ,0001362468,CANDIDATE_MATRIX_READY,high,45.9931,INVESTIGATE_LOW,54.2699,42.1007,55.2469,29.6942,43.0381,positive revenue growth; positive profitability/FCF signal; positive 12m momentum,large 12m drawdown; high 6m volatility; risk/liquidity component below 55,,"Research-only experimental score; not a recommendation, prediction, buy/sell/hold signal or financial advice.",true,true,false,v2.38K-us-experimental-scoring
183,U00041,ACNT,Ascent Industries Co. - Common Stock,NASDAQ,0000095953,CANDIDATE_MATRIX_READY,high,45.8718,INVESTIGATE_LOW,58.108,10.9142,51.7645,46.4401,66.1568,positive profitability/FCF signal; positive 12m momentum,no dominant risk flag in tracked fields,,"Research-only experimental score; not a recommendation, prediction, buy/sell/hold signal or financial advice.",true,true,false,v2.38K-us-experimental-scoring
184,U00186,ANDE,"The Andersons, Inc. - Common Stock",NASDAQ,0000821026,CANDIDATE_MATRIX_READY,high,45.8653,INVESTIGATE_LOW,49.1348,3.1007,59.6948,60.6049,64.4477,positive profitability/FCF signal; positive 12m momentum,no dominant risk flag in tracked fields,,"Research-only experimental score; not a recommendation, prediction, buy/sell/hold signal or financial advice.",true,true,false,v2.38K-us-experimental-scoring
185,U00081,AEYE,"AudioEye, Inc. - Common Stock",NASDAQ,0001362190,CANDIDATE_MATRIX_READY,high,45.533,INVESTIGATE_LOW,58.298,55.7797,61.14,10.9992,24.5984,positive revenue growth; positive profitability/FCF signal,balance-sheet risk flag; large 12m drawdown; high 6m volatility; risk/liquidity component below 55,,"Research-only experimental score; not a recommendation, prediction, buy/sell/hold signal or financial advice.",true,true,false,v2.38K-us-experimental-scoring
186,U00490,BWIN,"The Baldwin Insurance Group, Inc. - Class A Common Stock",NASDAQ,0001781755,CANDIDATE_MATRIX_READY,high,45.0894,INVESTIGATE_LOW,46.9417,61.2859,12.7363,60.0104,42.0037,positive revenue growth; positive price trend,large 12m drawdown; high 6m volatility; risk/liquidity component below 55,,"Research-only experimental score; not a recommendation, prediction, buy/sell/hold signal or financial advice.",true,true,false,v2.38K-us-experimental-scoring
187,U00622,CHTR,"Charter Communications, Inc. - Class A Common Stock",NASDAQ,0001091667,CANDIDATE_MATRIX_READY,high,44.9092,INVESTIGATE_LOW,54.8934,27.617,80.3834,8.8927,50.6259,positive profitability/FCF signal,large 12m drawdown; high 6m volatility; risk/liquidity component below 55,,"Research-only experimental score; not a recommendation, prediction, buy/sell/hold signal or financial advice.",true,true,false,v2.38K-us-experimental-scoring
188,U00333,BAND,Bandwidth Inc. - Class A Common Stock,NASDAQ,0001514416,CANDIDATE_MATRIX_READY,high,44.6917,INVESTIGATE_LOW,47.8847,35.9495,13.2871,87.0,30.7894,positive revenue growth; positive 12m momentum,large 12m drawdown; high 6m volatility; risk/liquidity component below 55,,"Research-only experimental score; not a recommendation, prediction, buy/sell/hold signal or financial advice.",true,true,false,v2.38K-us-experimental-scoring
189,U00474,BTCT,BTC Digital Ltd. - Ordinary Shares,NASDAQ,0001796514,CANDIDATE_MATRIX_READY,high,44.4046,INVESTIGATE_LOW,59.7552,72.2566,0.0,43.0289,34.2094,positive revenue growth,large 12m drawdown; high 6m volatility; risk/liquidity component below 55,,"Research-only experimental score; not a recommendation, prediction, buy/sell/hold signal or financial advice.",true,true,false,v2.38K-us-experimental-scoring
190,U00016,ABLV,Able View Global Inc. - Class B Ordinary Shares,NASDAQ,0001957489,CANDIDATE_MATRIX_READY,high,43.9355,INVESTIGATE_LOW,44.1896,3.0089,55.1026,81.6913,27.1803,positive profitability/FCF signal; positive price trend; positive 12m momentum,balance-sheet risk flag; large 12m drawdown; high 6m volatility; risk/liquidity component below 55,,"Research-only experimental score; not a recommendation, prediction, buy/sell/hold signal or financial advice.",true,true,false,v2.38K-us-experimental-scoring
191,U00457,BRLT,"Brilliant Earth Group, Inc. - Class A Common Stock",NASDAQ,0001866757,CANDIDATE_MATRIX_READY,high,43.7679,INVESTIGATE_LOW,57.7434,49.5435,53.2728,10.3308,38.1544,positive revenue growth; positive profitability/FCF signal,large 12m drawdown; high 6m volatility; risk/liquidity component below 55,,"Research-only experimental score; not a recommendation, prediction, buy/sell/hold signal or financial advice.",true,true,false,v2.38K-us-experimental-scoring
192,U00356,BCG,"Binah Capital Group, Inc. - Common Stock",NASDAQ,0001953984,CANDIDATE_MATRIX_READY,high,43.4126,INVESTIGATE_LOW,57.8597,50.5655,58.629,3.5204,35.1172,positive revenue growth; positive profitability/FCF signal,large 12m drawdown; high 6m volatility; risk/liquidity component below 55,,"Research-only experimental score; not a recommendation, prediction, buy/sell/hold signal or financial advice.",true,true,false,v2.38K-us-experimental-scoring
193,U00157,ALT,"Altimmune, Inc. - Common Stock",NASDAQ,0001326190,CANDIDATE_MATRIX_READY,high,43.3751,INVESTIGATE_LOW,68.9124,78.8218,0.0,10.7808,47.8081,positive revenue growth,large 12m drawdown; high 6m volatility; risk/liquidity component below 55,,"Research-only experimental score; not a recommendation, prediction, buy/sell/hold signal or financial advice.",true,true,false,v2.38K-us-experimental-scoring
194,U00646,CLNE,Clean Energy Fuels Corp. - Common Stock,NASDAQ,0001368265,CANDIDATE_MATRIX_READY,high,43.3627,INVESTIGATE_LOW,62.6741,39.2684,54.9077,3.8898,49.4724,positive revenue growth; positive profitability/FCF signal,large 12m drawdown; risk/liquidity component below 55,,"Research-only experimental score; not a recommendation, prediction, buy/sell/hold signal or financial advice.",true,true,false,v2.38K-us-experimental-scoring
195,U00267,ASTI,"Ascent Solar Technologies, Inc - Common Stock",NASDAQ,0001350102,CANDIDATE_MATRIX_READY,high,43.1422,INVESTIGATE_LOW,62.2383,70.0,0.0,38.0762,28.5551,positive revenue growth; positive 12m momentum,large 12m drawdown; high 6m volatility; risk/liquidity component below 55,,"Research-only experimental score; not a recommendation, prediction, buy/sell/hold signal or financial advice.",true,true,false,v2.38K-us-experimental-scoring
196,U00650,CLPT,ClearPoint Neuro Inc. - Common Stock,NASDAQ,0001285550,CANDIDATE_MATRIX_READY,high,42.9901,INVESTIGATE_LOW,43.1484,65.621,0.0,71.1674,26.8786,positive revenue growth; positive 12m momentum,large 12m drawdown; high 6m volatility; risk/liquidity component below 55,,"Research-only experimental score; not a recommendation, prediction, buy/sell/hold signal or financial advice.",true,true,false,v2.38K-us-experimental-scoring
197,U00166,AMBA,"Ambarella, Inc. - Ordinary Shares",NASDAQ,0001280263,CANDIDATE_MATRIX_READY,high,42.88,INVESTIGATE_LOW,61.7795,66.1293,0.0,33.591,44.0205,positive revenue growth,large 12m drawdown; high 6m volatility; risk/liquidity component below 55,,"Research-only experimental score; not a recommendation, prediction, buy/sell/hold signal or financial advice.",true,true,false,v2.38K-us-experimental-scoring
198,U00175,AMPG,"Amplitech Group, Inc. - Common Stock",NASDAQ,0001518461,CANDIDATE_MATRIX_READY,high,42.7992,INVESTIGATE_LOW,65.0619,70.0,0.0,30.4506,31.9047,positive revenue growth,large 12m drawdown; high 6m volatility; risk/liquidity component below 55,,"Research-only experimental score; not a recommendation, prediction, buy/sell/hold signal or financial advice.",true,true,false,v2.38K-us-experimental-scoring
199,U00271,ASYS,"Amtech Systems, Inc. - Common Stock",NASDAQ,0000720500,CANDIDATE_MATRIX_READY,high,42.7895,INVESTIGATE_LOW,52.1251,0.0,50.965,64.2,41.1894,positive profitability/FCF signal; positive 12m momentum,large 12m drawdown; high 6m volatility; risk/liquidity component below 55,,"Research-only experimental score; not a recommendation, prediction, buy/sell/hold signal or financial advice.",true,true,false,v2.38K-us-experimental-scoring
200,U00544,CCCC,"C4 Therapeutics, Inc. - Common Stock",NASDAQ,0001662579,CANDIDATE_MATRIX_READY,high,42.688,INVESTIGATE_LOW,50.1802,40.2869,0.0,76.5094,42.7471,positive revenue growth; positive 12m momentum,large 12m drawdown; high 6m volatility; risk/liquidity component below 55,,"Research-only experimental score; not a recommendation, prediction, buy/sell/hold signal or financial advice.",true,true,false,v2.38K-us-experimental-scoring
201,U00033,ACHC,"Acadia Healthcare Company, Inc. - Common Stock",NASDAQ,0001520697,CANDIDATE_MATRIX_READY,high,42.6744,INVESTIGATE_LOW,44.6059,54.194,1.3766,70.136,41.5129,positive revenue growth; positive 12m momentum,large 12m drawdown; high 6m volatility; risk/liquidity component below 55,,"Research-only experimental score; not a recommendation, prediction, buy/sell/hold signal or financial advice.",true,true,false,v2.38K-us-experimental-scoring
202,U00094,AGNT,"AGNT, Inc. - Common Stock",NASDAQ,0001495932,CANDIDATE_MATRIX_READY,high,42.6574,INVESTIGATE_LOW,63.9726,41.3478,55.1798,0.0,41.6005,positive revenue growth; positive profitability/FCF signal,large 12m drawdown; high 6m volatility; risk/liquidity component below 55,,"Research-only experimental score; not a recommendation, prediction, buy/sell/hold signal or financial advice.",true,true,false,v2.38K-us-experimental-scoring
203,U00620,CHRW,"C.H. Robinson Worldwide, Inc. - Common Stock",NASDAQ,0001043277,CANDIDATE_MATRIX_READY,high,42.5788,INVESTIGATE_LOW,58.0073,2.4562,66.9689,28.4868,55.942,positive profitability/FCF signal; positive 12m momentum,no dominant risk flag in tracked fields,,"Research-only experimental score; not a recommendation, prediction, buy/sell/hold signal or financial advice.",true,true,false,v2.38K-us-experimental-scoring
204,U00201,AOUT,"American Outdoor Brands, Inc. - Common Stock",NASDAQ,0001808997,CANDIDATE_MATRIX_READY,high,42.2453,INVESTIGATE_LOW,59.2758,5.7085,50.7521,38.5451,54.6144,positive profitability/FCF signal,large 12m drawdown; high 6m volatility; risk/liquidity component below 55,,"Research-only experimental score; not a recommendation, prediction, buy/sell/hold signal or financial advice.",true,true,false,v2.38K-us-experimental-scoring
205,U00621,CHSN,Chanson International Holding - Class A Ordinary Shares,NASDAQ,0001825349,CANDIDATE_MATRIX_READY,high,42.0255,INVESTIGATE_LOW,66.8482,36.3025,57.8492,0.0,31.4071,positive revenue growth; positive profitability/FCF signal,large 12m drawdown; high 6m volatility; risk/liquidity component below 55,,"Research-only experimental score; not a recommendation, prediction, buy/sell/hold signal or financial advice.",true,true,false,v2.38K-us-experimental-scoring
206,U00636,CLAR,Clarus Corporation - Common Stock,NASDAQ,0000913277,CANDIDATE_MATRIX_READY,high,41.9118,INVESTIGATE_LOW,55.6479,21.7565,8.835,64.8251,61.3409,positive price trend; positive 12m momentum,large 12m drawdown,,"Research-only experimental score; not a recommendation, prediction, buy/sell/hold signal or financial advice.",true,true,false,v2.38K-us-experimental-scoring
207,U00639,CLDX,"Celldex Therapeutics, Inc. - Common Stock",NASDAQ,0000744218,CANDIDATE_MATRIX_READY,high,41.8198,INVESTIGATE_LOW,45.0,14.6891,0.0,91.045,71.7302,positive price trend; positive 12m momentum,no dominant risk flag in tracked fields,,"Research-only experimental score; not a recommendation, prediction, buy/sell/hold signal or financial advice.",true,true,false,v2.38K-us-experimental-scoring
208,U00396,BIYA,Baiya International Group Inc. - Ordinary Shares,NASDAQ,0001944712,CANDIDATE_MATRIX_READY,high,41.7007,INVESTIGATE_LOW,62.0516,75.8433,0.0,23.0608,33.0441,positive revenue growth,large 12m drawdown; high 6m volatility; risk/liquidity component below 55,,"Research-only experimental score; not a recommendation, prediction, buy/sell/hold signal or financial advice.",true,true,false,v2.38K-us-experimental-scoring
209,U00626,CIFR,Cipher Digital Inc. - Common Stock,NASDAQ,0001819989,CANDIDATE_MATRIX_READY,high,41.2958,INVESTIGATE_LOW,46.7578,69.1606,0.0,53.7624,26.8384,positive revenue growth; positive 12m momentum,balance-sheet risk flag; large 12m drawdown; high 6m volatility; risk/liquidity component below 55,,"Research-only experimental score; not a recommendation, prediction, buy/sell/hold signal or financial advice.",true,true,false,v2.38K-us-experimental-scoring
210,U00476,BTMD,Biote Corp. - Class A common stock,NASDAQ,0001819253,CANDIDATE_MATRIX_READY,high,41.1443,INVESTIGATE_LOW,61.1937,11.2179,89.8308,2.6145,20.5357,positive profitability/FCF signal,balance-sheet risk flag; large 12m drawdown; high 6m volatility; risk/liquidity component below 55,,"Research-only experimental score; not a recommendation, prediction, buy/sell/hold signal or financial advice.",true,true,false,v2.38K-us-experimental-scoring
211,U00454,BRID,Bridgford Foods Corporation - Common Stock,NASDAQ,0000014177,CANDIDATE_MATRIX_READY,high,40.9332,INVESTIGATE_LOW,63.8539,40.5409,17.9993,14.8706,70.9484,positive revenue growth,no dominant risk flag in tracked fields,,"Research-only experimental score; not a recommendation, prediction, buy/sell/hold signal or financial advice.",true,true,false,v2.38K-us-experimental-scoring
212,U00426,BNAI,Brand Engagement Network Inc. - Common Stock,NASDAQ,0001838163,CANDIDATE_MATRIX_READY,high,40.8042,INVESTIGATE_LOW,52.2367,70.0,0.0,45.0,21.3321,positive revenue growth; positive 12m momentum,balance-sheet risk flag; large 12m drawdown; high 6m volatility; risk/liquidity component below 55,,"Research-only experimental score; not a recommendation, prediction, buy/sell/hold signal or financial advice.",true,true,false,v2.38K-us-experimental-scoring
213,U00220,APWC,"Asia Pacific Wire & Cable Corporation Limited - Common shares, Par value .01 per share",NASDAQ,0001026980,CANDIDATE_MATRIX_READY,high,40.4374,INVESTIGATE_LOW,63.095,16.3911,56.2617,12.3225,45.1389,positive profitability/FCF signal,large 12m drawdown; high 6m volatility; risk/liquidity component below 55,,"Research-only experimental score; not a recommendation, prediction, buy/sell/hold signal or financial advice.",true,true,false,v2.38K-us-experimental-scoring
214,U00628,CIIT,"Tianci International, Inc. - Common Stock",NASDAQ,0001557798,CANDIDATE_MATRIX_READY,high,39.6989,INVESTIGATE_LOW,55.5752,60.3008,0.0,37.62,34.4222,positive revenue growth; positive price trend,large 12m drawdown; high 6m volatility; risk/liquidity component below 55,,"Research-only experimental score; not a recommendation, prediction, buy/sell/hold signal or financial advice.",true,true,false,v2.38K-us-experimental-scoring
215,U00043,ACON,"Aclarion, Inc. - Common Stock",NASDAQ,0001635077,CANDIDATE_MATRIX_READY,high,39.585,INVESTIGATE_LOW,67.9874,70.0,0.0,3.8209,44.2458,positive revenue growth,large 12m drawdown; high 6m volatility; risk/liquidity component below 55,,"Research-only experimental score; not a recommendation, prediction, buy/sell/hold signal or financial advice.",true,true,false,v2.38K-us-experimental-scoring
216,U00471,BTBD,"BT Brands, Inc. - Common Stock",NASDAQ,0001718224,CANDIDATE_MATRIX_READY,high,39.4797,INVESTIGATE_LOW,54.3708,56.1876,5.429,38.7656,30.9206,positive revenue growth,large 12m drawdown; high 6m volatility; risk/liquidity component below 55,,"Research-only experimental score; not a recommendation, prediction, buy/sell/hold signal or financial advice.",true,true,false,v2.38K-us-experimental-scoring
217,U00331,BAER,"Bridger Aerospace Group Holdings, Inc. - Common Stock",NASDAQ,0001941536,CANDIDATE_MATRIX_READY,high,39.4178,INVESTIGATE_LOW,52.6977,59.0961,45.7298,0.0,26.4333,positive revenue growth; positive profitability/FCF signal,balance-sheet risk flag; large 12m drawdown; high 6m volatility; risk/liquidity component below 55,,"Research-only experimental score; not a recommendation, prediction, buy/sell/hold signal or financial advice.",true,true,false,v2.38K-us-experimental-scoring
218,U00044,ACRS,"Aclaris Therapeutics, Inc. - Common Stock",NASDAQ,0001557746,CANDIDATE_MATRIX_READY,high,39.2539,INVESTIGATE_LOW,40.1564,14.3506,0.0,95.0,53.3682,positive price trend; positive 12m momentum,large 12m drawdown; high 6m volatility; risk/liquidity component below 55,,"Research-only experimental score; not a recommendation, prediction, buy/sell/hold signal or financial advice.",true,true,false,v2.38K-us-experimental-scoring
219,U00255,ASMB,"Assembly Biosciences, Inc. - Common Stock",NASDAQ,0001426800,CANDIDATE_MATRIX_READY,high,39.1915,INVESTIGATE_LOW,48.508,15.0,6.5329,74.2945,54.7363,positive 12m momentum,large 12m drawdown; high 6m volatility; risk/liquidity component below 55,,"Research-only experimental score; not a recommendation, prediction, buy/sell/hold signal or financial advice.",true,true,false,v2.38K-us-experimental-scoring
220,U00384,BGM,BGM Group Ltd. - Class A Ordinary Shares,NASDAQ,0001779578,CANDIDATE_MATRIX_READY,high,39.1208,INVESTIGATE_LOW,69.3162,70.9923,3.6895,0.0,33.8957,positive revenue growth,large 12m drawdown; high 6m volatility; risk/liquidity component below 55,,"Research-only experimental score; not a recommendation, prediction, buy/sell/hold signal or financial advice.",true,true,false,v2.38K-us-experimental-scoring
221,U00602,CGTL,Creative Global Technology Holdings Limited - Class A Ordinary Shares,NASDAQ,0001967822,CANDIDATE_MATRIX_READY,high,38.9843,INVESTIGATE_LOW,45.0,15.0,0.0,95.0,34.8429,positive price trend; positive 12m momentum,large 12m drawdown; high 6m volatility; risk/liquidity component below 55,,"Research-only experimental score; not a recommendation, prediction, buy/sell/hold signal or financial advice.",true,true,false,v2.38K-us-experimental-scoring
222,U00147,ALMU,"Aeluma, Inc. - Common Stock",NASDAQ,0001828805,CANDIDATE_MATRIX_READY,high,38.7392,INVESTIGATE_LOW,70.0,70.0,0.0,0.0,37.3924,positive revenue growth,large 12m drawdown; high 6m volatility; risk/liquidity component below 55,,"Research-only experimental score; not a recommendation, prediction, buy/sell/hold signal or financial advice.",true,true,false,v2.38K-us-experimental-scoring
223,U00104,AIFC,AI Financial Corporation - Common Stock,NASDAQ,0000862861,CANDIDATE_MATRIX_READY,high,38.7167,INVESTIGATE_LOW,70.0,70.0,0.0,0.0,37.1666,positive revenue growth,large 12m drawdown; high 6m volatility; risk/liquidity component below 55,,"Research-only experimental score; not a recommendation, prediction, buy/sell/hold signal or financial advice.",true,true,false,v2.38K-us-experimental-scoring
224,U00085,AFRI,Forafric Global PLC - Ordinary Shares,NASDAQ,0001903870,CANDIDATE_MATRIX_READY,high,38.5701,INVESTIGATE_LOW,32.456,12.2643,18.4902,81.0039,64.8165,positive price trend; positive 12m momentum,balance-sheet risk flag,,"Research-only experimental score; not a recommendation, prediction, buy/sell/hold signal or financial advice.",true,true,false,v2.38K-us-experimental-scoring
225,U00570,CDZI,"Cadiz, Inc. - Common Stock",NASDAQ,0000727273,CANDIDATE_MATRIX_READY,high,38.4686,INVESTIGATE_LOW,48.8512,72.4119,0.0,29.3531,34.6025,positive revenue growth; positive 12m momentum,balance-sheet risk flag; large 12m drawdown; high 6m volatility; risk/liquidity component below 55,,"Research-only experimental score; not a recommendation, prediction, buy/sell/hold signal or financial advice.",true,true,false,v2.38K-us-experimental-scoring
226,U00559,CD,Chaince Digital Holdings Inc. - American Ordinary Shares,NASDAQ,0001527762,CANDIDATE_MATRIX_READY,high,38.4371,INVESTIGATE_LOW,70.0,70.0,0.0,0.0,34.3714,positive revenue growth,large 12m drawdown; high 6m volatility; risk/liquidity component below 55,,"Research-only experimental score; not a recommendation, prediction, buy/sell/hold signal or financial advice.",true,true,false,v2.38K-us-experimental-scoring
227,U00411,BLNE,"Beeline Holdings, Inc. - Common Stock",NASDAQ,0001534708,CANDIDATE_MATRIX_READY,high,38.366,INVESTIGATE_LOW,67.9808,70.8333,0.0,2.4209,33.209,positive revenue growth,large 12m drawdown; high 6m volatility; risk/liquidity component below 55,,"Research-only experimental score; not a recommendation, prediction, buy/sell/hold signal or financial advice.",true,true,false,v2.38K-us-experimental-scoring
228,U00066,ADV,Advantage Solutions Inc. - Class A Common Stock,NASDAQ,0001776661,CANDIDATE_MATRIX_READY,high,37.8619,INVESTIGATE_LOW,47.6745,16.7016,48.0582,42.7615,20.5527,positive profitability/FCF signal,balance-sheet risk flag; large 12m drawdown; high 6m volatility; risk/liquidity component below 55,,"Research-only experimental score; not a recommendation, prediction, buy/sell/hold signal or financial advice.",true,true,false,v2.38K-us-experimental-scoring
229,U00076,AENT,Alliance Entertainment Holding Corporation - common stock,NASDAQ,0001823584,CANDIDATE_MATRIX_READY,high,37.7909,INVESTIGATE_LOW,53.6781,11.6898,58.4357,15.49,45.6437,positive profitability/FCF signal,large 12m drawdown; risk/liquidity component below 55,,"Research-only experimental score; not a recommendation, prediction, buy/sell/hold signal or financial advice.",true,true,false,v2.38K-us-experimental-scoring
230,U00287,ATRA,"Atara Biotherapeutics, Inc. - Common Stock",NASDAQ,0001604464,CANDIDATE_MATRIX_READY,high,37.7714,INVESTIGATE_LOW,47.6892,8.2757,65.0,36.5476,15.0,positive profitability/FCF signal,balance-sheet risk flag; large 12m drawdown; high 6m volatility; risk/liquidity component below 55,,"Research-only experimental score; not a recommendation, prediction, buy/sell/hold signal or financial advice.",true,true,false,v2.38K-us-experimental-scoring
231,U00593,CG,The Carlyle Group Inc. - Common Stock,NASDAQ,0001527166,CANDIDATE_MATRIX_READY,high,37.7542,INVESTIGATE_LOW,49.6654,11.7669,60.6902,15.2677,53.0966,positive profitability/FCF signal,balance-sheet risk flag; large 12m drawdown; risk/liquidity component below 55,,"Research-only experimental score; not a recommendation, prediction, buy/sell/hold signal or financial advice.",true,true,false,v2.38K-us-experimental-scoring
232,U00319,AXG,Solowin Holdings - Class A Ordinary Share,NASDAQ,0001959224,CANDIDATE_MATRIX_READY,high,37.7442,INVESTIGATE_LOW,61.1742,70.0,0.0,0.0,53.9193,positive revenue growth,large 12m drawdown; risk/liquidity component below 55,,"Research-only experimental score; not a recommendation, prediction, buy/sell/hold signal or financial advice.",true,true,false,v2.38K-us-experimental-scoring
233,U00072,AEHR,Aehr Test Systems - Common Stock,NASDAQ,0001040470,CANDIDATE_MATRIX_READY,high,37.7273,INVESTIGATE_LOW,52.4535,0.0,4.1469,85.065,41.4891,positive 12m momentum,large 12m drawdown; high 6m volatility; risk/liquidity component below 55,,"Research-only experimental score; not a recommendation, prediction, buy/sell/hold signal or financial advice.",true,true,false,v2.38K-us-experimental-scoring
234,U00473,BTCS,BTCS Inc. - Common Stock,NASDAQ,0001436229,CANDIDATE_MATRIX_READY,high,37.644,INVESTIGATE_LOW,65.3231,71.7241,0.0,0.4364,36.1496,positive revenue growth,large 12m drawdown; high 6m volatility; risk/liquidity component below 55,,"Research-only experimental score; not a recommendation, prediction, buy/sell/hold signal or financial advice.",true,true,false,v2.38K-us-experimental-scoring
235,U00254,ASLE,AerSale Corporation - Common Stock,NASDAQ,0001754170,CANDIDATE_MATRIX_READY,high,37.5278,INVESTIGATE_LOW,61.1682,11.9384,49.4164,3.5229,62.0177,positive profitability/FCF signal,large 12m drawdown,,"Research-only experimental score; not a recommendation, prediction, buy/sell/hold signal or financial advice.",true,true,false,v2.38K-us-experimental-scoring
236,U00007,AAME,Atlantic American Corporation - Common Stock,NASDAQ,0000008177,CANDIDATE_MATRIX_READY,high,37.2722,INVESTIGATE_LOW,52.2782,36.0236,53.6215,0.0,36.5976,positive revenue growth; positive profitability/FCF signal,large 12m drawdown; high 6m volatility; risk/liquidity component below 55,,"Research-only experimental score; not a recommendation, prediction, buy/sell/hold signal or financial advice.",true,true,false,v2.38K-us-experimental-scoring
237,U00080,AEVA,"Aeva Technologies, Inc. - Common Stock",NASDAQ,0001789029,CANDIDATE_MATRIX_READY,high,36.5162,INVESTIGATE_LOW,47.3532,70.0,0.0,29.9765,23.1495,positive revenue growth,balance-sheet risk flag; large 12m drawdown; high 6m volatility; risk/liquidity component below 55,,"Research-only experimental score; not a recommendation, prediction, buy/sell/hold signal or financial advice.",true,true,false,v2.38K-us-experimental-scoring
238,U00531,CBIO,"Crescent Biopharma, Inc. - Common Stock",NASDAQ,0001253689,CANDIDATE_MATRIX_READY,high,36.2316,INVESTIGATE_LOW,44.8799,6.8169,0.0,84.5774,44.8879,positive price trend; positive 12m momentum,large 12m drawdown; high 6m volatility; risk/liquidity component below 55,,"Research-only experimental score; not a recommendation, prediction, buy/sell/hold signal or financial advice.",true,true,false,v2.38K-us-experimental-scoring
239,U00641,CLGN,CollPlant Biotechnologies Ltd. - Ordinary Shares,NASDAQ,0001631487,CANDIDATE_MATRIX_READY,high,36.1942,INVESTIGATE_LOW,63.3229,71.4562,0.0,0.0,29.0614,positive revenue growth,large 12m drawdown; high 6m volatility; risk/liquidity component below 55,,"Research-only experimental score; not a recommendation, prediction, buy/sell/hold signal or financial advice.",true,true,false,v2.38K-us-experimental-scoring
240,U00098,AHCO,AdaptHealth Corp. - Common Stock,NASDAQ,0001725255,CANDIDATE_MATRIX_READY,high,36.0948,INVESTIGATE_LOW,58.4535,14.2585,60.6357,0.0,35.7988,positive profitability/FCF signal,large 12m drawdown; high 6m volatility; risk/liquidity component below 55,,"Research-only experimental score; not a recommendation, prediction, buy/sell/hold signal or financial advice.",true,true,false,v2.38K-us-experimental-scoring
241,U00114,AIRE,reAlpha Tech Corp. - Common Stock,NASDAQ,0001859199,CANDIDATE_MATRIX_READY,high,36.0208,INVESTIGATE_LOW,63.62,70.0,0.0,0.0,29.3479,positive revenue growth,large 12m drawdown; high 6m volatility; risk/liquidity component below 55,,"Research-only experimental score; not a recommendation, prediction, buy/sell/hold signal or financial advice.",true,true,false,v2.38K-us-experimental-scoring
242,U00042,ACOG,Alpha Cognition Inc. - Common Stock,NASDAQ,0001655923,CANDIDATE_MATRIX_READY,high,35.6946,INVESTIGATE_LOW,43.4663,15.0,0.0,73.37,49.8067,positive price trend; positive 12m momentum,large 12m drawdown; high 6m volatility; risk/liquidity component below 55,,"Research-only experimental score; not a recommendation, prediction, buy/sell/hold signal or financial advice.",true,true,false,v2.38K-us-experimental-scoring
243,U00069,AEBI,Aebi Schmidt Holding AG - Common Stock,NASDAQ,0002048519,CANDIDATE_MATRIX_READY,high,35.5524,INVESTIGATE_LOW,48.4985,4.4919,52.8102,24.0044,47.4151,positive profitability/FCF signal,large 12m drawdown; high 6m volatility; risk/liquidity component below 55,,"Research-only experimental score; not a recommendation, prediction, buy/sell/hold signal or financial advice.",true,true,false,v2.38K-us-experimental-scoring
244,U00260,ASPI,ASP Isotopes Inc. - Common Stock,NASDAQ,0001921865,CANDIDATE_MATRIX_READY,high,35.5041,INVESTIGATE_LOW,62.2629,70.0,0.0,0.0,28.2524,positive revenue growth,large 12m drawdown; high 6m volatility; risk/liquidity component below 55,,"Research-only experimental score; not a recommendation, prediction, buy/sell/hold signal or financial advice.",true,true,false,v2.38K-us-experimental-scoring
245,U00106,AIFU,AIFU Inc. - Class A Ordinary Share,NASDAQ,0001413855,CANDIDATE_MATRIX_READY,high,35.2807,INVESTIGATE_LOW,35.7108,15.0,9.1815,87.0,23.3121,positive 12m momentum,large 12m drawdown; high 6m volatility; risk/liquidity component below 55,,"Research-only experimental score; not a recommendation, prediction, buy/sell/hold signal or financial advice.",true,true,false,v2.38K-us-experimental-scoring
246,U00222,APYX,Apyx Medical Corporation - Common Stock,NASDAQ,0000719135,CANDIDATE_MATRIX_READY,high,34.858,INVESTIGATE_LOW,39.3494,48.1443,0.0,48.4231,37.3968,positive revenue growth; positive 12m momentum,balance-sheet risk flag; large 12m drawdown; high 6m volatility; risk/liquidity component below 55,,"Research-only experimental score; not a recommendation, prediction, buy/sell/hold signal or financial advice.",true,true,false,v2.38K-us-experimental-scoring
247,U00110,AIMD,"Ainos, Inc. - Common Stock",NASDAQ,0001014763,CANDIDATE_MATRIX_READY,high,34.6883,INVESTIGATE_LOW,56.7449,70.0,0.0,5.9996,24.6488,positive revenue growth,large 12m drawdown; high 6m volatility; risk/liquidity component below 55,,"Research-only experimental score; not a recommendation, prediction, buy/sell/hold signal or financial advice.",true,true,false,v2.38K-us-experimental-scoring
248,U00115,AIRG,"Airgain, Inc. - Common Stock",NASDAQ,0001272842,CANDIDATE_MATRIX_READY,high,34.4524,INVESTIGATE_LOW,51.0754,0.0,12.6135,53.8708,58.3294,positive 12m momentum,no dominant risk flag in tracked fields,,"Research-only experimental score; not a recommendation, prediction, buy/sell/hold signal or financial advice.",true,true,false,v2.38K-us-experimental-scoring
249,U00443,BOTJ,"Bank of the James Financial Group, Inc. - Common Stock",NASDAQ,0001275101,CANDIDATE_MATRIX_READY,high,34.3773,INVESTIGATE_LOW,22.4653,12.7247,0.0,89.8052,71.3169,positive price trend; positive 12m momentum,balance-sheet risk flag,,"Research-only experimental score; not a recommendation, prediction, buy/sell/hold signal or financial advice.",true,true,false,v2.38K-us-experimental-scoring
250,U00477,BTOC,Armlogi Holding Corp. - common stock,NASDAQ,0001972529,CANDIDATE_MATRIX_READY,high,34.3646,INVESTIGATE_LOW,48.9073,54.555,18.3386,12.7537,25.6295,positive revenue growth,balance-sheet risk flag; large 12m drawdown; high 6m volatility; risk/liquidity component below 55,,"Research-only experimental score; not a recommendation, prediction, buy/sell/hold signal or financial advice.",true,true,false,v2.38K-us-experimental-scoring
251,U00021,ABTS,Abits Group Inc - Ordinary Shares,NASDAQ,0001864055,CANDIDATE_MATRIX_READY,high,34.3264,INVESTIGATE_LOW,61.1758,64.009,0.0,0.0,31.7188,positive revenue growth,large 12m drawdown; high 6m volatility; risk/liquidity component below 55,,"Research-only experimental score; not a recommendation, prediction, buy/sell/hold signal or financial advice.",true,true,false,v2.38K-us-experimental-scoring
252,U00406,BLIN,"Bridgeline Digital, Inc. - Common Stock",NASDAQ,0001378590,CANDIDATE_MATRIX_READY,high,34.1529,INVESTIGATE_LOW,53.6876,35.2171,6.165,27.2085,43.2852,positive revenue growth,large 12m drawdown; high 6m volatility; risk/liquidity component below 55,,"Research-only experimental score; not a recommendation, prediction, buy/sell/hold signal or financial advice.",true,true,false,v2.38K-us-experimental-scoring
253,U00290,ATXG,Addentax Group Corp. - Common Stock,NASDAQ,0001650101,CANDIDATE_MATRIX_READY,high,34.0551,INVESTIGATE_LOW,61.8427,60.7725,0.3154,0.4013,32.0441,positive revenue growth,large 12m drawdown; high 6m volatility; risk/liquidity component below 55,,"Research-only experimental score; not a recommendation, prediction, buy/sell/hold signal or financial advice.",true,true,false,v2.38K-us-experimental-scoring
254,U00465,BSIN,Big Sky Industrial Inc. - Common Stock,NASDAQ,0000101594,CANDIDATE_MATRIX_READY,high,33.7644,INVESTIGATE_LOW,39.0616,15.0,0.0,74.4518,41.556,positive price trend; positive 12m momentum,large 12m drawdown; high 6m volatility; risk/liquidity component below 55,,"Research-only experimental score; not a recommendation, prediction, buy/sell/hold signal or financial advice.",true,true,false,v2.38K-us-experimental-scoring
255,U00613,CHMG,Chemung Financial Corp - Common Stock,NASDAQ,0000763563,CANDIDATE_MATRIX_READY,high,33.6653,INVESTIGATE_LOW,23.0074,13.5991,0.0,89.2205,61.9916,positive price trend; positive 12m momentum,balance-sheet risk flag,,"Research-only experimental score; not a recommendation, prediction, buy/sell/hold signal or financial advice.",true,true,false,v2.38K-us-experimental-scoring
256,U00156,ALRS,Alerus Financial Corporation - Common Stock,NASDAQ,0000903419,CANDIDATE_MATRIX_READY,high,33.6105,INVESTIGATE_LOW,23.4565,12.099,0.0,84.6855,72.1667,positive price trend; positive 12m momentum,balance-sheet risk flag,,"Research-only experimental score; not a recommendation, prediction, buy/sell/hold signal or financial advice.",true,true,false,v2.38K-us-experimental-scoring
257,U00234,ARCT,Arcturus Therapeutics Holdings Inc. - Common Stock,NASDAQ,0001768224,CANDIDATE_MATRIX_READY,high,33.5206,INVESTIGATE_LOW,43.5809,15.0,0.0,68.2694,37.9243,positive price trend,large 12m drawdown; high 6m volatility; risk/liquidity component below 55,,"Research-only experimental score; not a recommendation, prediction, buy/sell/hold signal or financial advice.",true,true,false,v2.38K-us-experimental-scoring
258,U00028,ACDC,ProFrac Holding Corp. - Class A Common Stock,NASDAQ,0001881487,CANDIDATE_MATRIX_READY,high,33.4094,INVESTIGATE_LOW,42.6837,0.0,38.615,48.2175,32.3778,positive profitability/FCF signal; positive 12m momentum,large 12m drawdown; high 6m volatility; risk/liquidity component below 55,,"Research-only experimental score; not a recommendation, prediction, buy/sell/hold signal or financial advice.",true,true,false,v2.38K-us-experimental-scoring
259,U00092,AGMH,AGM Group Holdings Inc. - Class A Ordinary Shares,NASDAQ,0001705402,CANDIDATE_MATRIX_READY,high,32.682,INVESTIGATE_LOW,62.704,8.0564,44.4509,0.0,33.6935,positive profitability/FCF signal,large 12m drawdown; high 6m volatility; risk/liquidity component below 55,,"Research-only experimental score; not a recommendation, prediction, buy/sell/hold signal or financial advice.",true,true,false,v2.38K-us-experimental-scoring
260,U00281,ATLO,Ames National Corporation - Common Stock,NASDAQ,0001132651,CANDIDATE_MATRIX_READY,high,32.5441,INVESTIGATE_LOW,23.1181,9.3559,0.0,81.9001,73.5746,positive price trend; positive 12m momentum,balance-sheet risk flag,,"Research-only experimental score; not a recommendation, prediction, buy/sell/hold signal or financial advice.",true,true,false,v2.38K-us-experimental-scoring
261,U00439,BON,Bon Natural Life Limited - Class A Ordinary Shares,NASDAQ,0001816815,CANDIDATE_MATRIX_READY,high,32.5082,INVESTIGATE_LOW,52.3187,3.4313,42.4667,11.4697,53.3908,positive profitability/FCF signal,large 12m drawdown; risk/liquidity component below 55,,"Research-only experimental score; not a recommendation, prediction, buy/sell/hold signal or financial advice.",true,true,false,v2.38K-us-experimental-scoring
262,U00324,AXTI,AXT Inc - Common Stock,NASDAQ,0001051627,CANDIDATE_MATRIX_READY,high,32.3574,INVESTIGATE_LOW,46.7255,0.0,0.0,75.5045,32.3884,positive 12m momentum,large 12m drawdown; high 6m volatility; risk/liquidity component below 55,,"Research-only experimental score; not a recommendation, prediction, buy/sell/hold signal or financial advice.",true,true,false,v2.38K-us-experimental-scoring
263,U00447,BPRN,"Princeton Bancorp, Inc. - Common Stock",NASDAQ,0001913971,CANDIDATE_MATRIX_READY,high,32.3393,INVESTIGATE_LOW,23.7909,12.98,0.0,77.8793,70.3013,positive price trend; positive 12m momentum,balance-sheet risk flag,,"Research-only experimental score; not a recommendation, prediction, buy/sell/hold signal or financial advice.",true,true,false,v2.38K-us-experimental-scoring
264,U00590,CFBK,CF Bankshares Inc. - Common Stock,NASDAQ,0001070680,CANDIDATE_MATRIX_READY,high,32.2257,INVESTIGATE_LOW,22.7873,13.5106,0.0,80.5054,65.8628,positive price trend; positive 12m momentum,balance-sheet risk flag,,"Research-only experimental score; not a recommendation, prediction, buy/sell/hold signal or financial advice.",true,true,false,v2.38K-us-experimental-scoring
265,U00235,ARDX,"Ardelyx, Inc. - Common Stock",NASDAQ,0001437402,CANDIDATE_MATRIX_READY,high,32.1536,INVESTIGATE_LOW,51.2974,58.0398,3.363,0.0,44.8384,positive revenue growth,large 12m drawdown; risk/liquidity component below 55,,"Research-only experimental score; not a recommendation, prediction, buy/sell/hold signal or financial advice.",true,true,false,v2.38K-us-experimental-scoring
266,U00434,BODI,"The Beachbody Company, Inc. - Class A Common Stock",NASDAQ,0001826889,CANDIDATE_MATRIX_READY,high,32.1439,INVESTIGATE_LOW,46.5315,0.0,61.8923,17.6134,22.8335,positive profitability/FCF signal; positive 12m momentum,balance-sheet risk flag; large 12m drawdown; high 6m volatility; risk/liquidity component below 55,,"Research-only experimental score; not a recommendation, prediction, buy/sell/hold signal or financial advice.",true,true,false,v2.38K-us-experimental-scoring
267,U00200,AOSL,Alpha and Omega Semiconductor Limited - Common Shares,NASDAQ,0001387467,CANDIDATE_MATRIX_READY,high,32.0696,INVESTIGATE_LOW,60.4989,11.2865,12.7536,26.5843,37.9504,limited positive signal detail,large 12m drawdown; high 6m volatility; risk/liquidity component below 55,,"Research-only experimental score; not a recommendation, prediction, buy/sell/hold signal or financial advice.",true,true,false,v2.38K-us-experimental-scoring
268,U00569,CDXS,"Codexis, Inc. - Common Stock",NASDAQ,0001200375,CANDIDATE_MATRIX_READY,high,31.8645,INVESTIGATE_LOW,45.2649,56.5456,0.0,21.511,26.7371,positive revenue growth,large 12m drawdown; high 6m volatility; risk/liquidity component below 55,,"Research-only experimental score; not a recommendation, prediction, buy/sell/hold signal or financial advice.",true,true,false,v2.38K-us-experimental-scoring
269,U00250,ARVN,"Arvinas, Inc. - Common Stock",NASDAQ,0001655759,CANDIDATE_MATRIX_READY,high,31.8055,INVESTIGATE_LOW,47.1479,27.0662,0.0,35.1707,52.1377,positive 12m momentum,large 12m drawdown; risk/liquidity component below 55,,"Research-only experimental score; not a recommendation, prediction, buy/sell/hold signal or financial advice.",true,true,false,v2.38K-us-experimental-scoring
270,U00163,AMAL,Amalgamated Financial Corp. - Common Stock,NASDAQ,0001823608,CANDIDATE_MATRIX_READY,high,31.8006,INVESTIGATE_LOW,22.8662,12.0131,0.0,77.9158,69.5491,positive 12m momentum,balance-sheet risk flag,,"Research-only experimental score; not a recommendation, prediction, buy/sell/hold signal or financial advice.",true,true,false,v2.38K-us-experimental-scoring
271,U00197,ANTA,Antalpha Platform Holding Company - Class A Ordinary Shares,NASDAQ,0002044255,CANDIDATE_MATRIX_READY,high,31.695,INVESTIGATE_LOW,51.32,0.0,72.7648,0.0,17.4608,positive profitability/FCF signal,balance-sheet risk flag; large 12m drawdown; high 6m volatility; risk/liquidity component below 55,,"Research-only experimental score; not a recommendation, prediction, buy/sell/hold signal or financial advice.",true,true,false,v2.38K-us-experimental-scoring
272,U00195,ANPA,Rich Sparkle Holdings Limited - Ordinary Shares,NASDAQ,0002031688,CANDIDATE_MATRIX_READY,high,30.9294,INVESTIGATE_LOW,56.0949,0.0,53.3238,0.0,34.3613,positive profitability/FCF signal,large 12m drawdown; high 6m volatility; risk/liquidity component below 55,,"Research-only experimental score; not a recommendation, prediction, buy/sell/hold signal or financial advice.",true,true,false,v2.38K-us-experimental-scoring
273,U00542,CCBG,Capital City Bank Group - Common Stock,NASDAQ,0000726601,CANDIDATE_MATRIX_READY,high,30.8975,INVESTIGATE_LOW,24.0338,12.6321,0.0,69.7947,72.0203,positive price trend; positive 12m momentum,balance-sheet risk flag,,"Research-only experimental score; not a recommendation, prediction, buy/sell/hold signal or financial advice.",true,true,false,v2.38K-us-experimental-scoring
274,U00118,AIRS,"AirSculpt Technologies, Inc. - Common Stock",NASDAQ,0001870940,CANDIDATE_MATRIX_READY,high,30.6091,INVESTIGATE_LOW,49.216,0.0,45.0444,20.7212,26.9115,positive profitability/FCF signal,large 12m drawdown; high 6m volatility; risk/liquidity component below 55,,"Research-only experimental score; not a recommendation, prediction, buy/sell/hold signal or financial advice.",true,true,false,v2.38K-us-experimental-scoring
275,U00264,ASTC,Astrotech Corporation - Common Stock,NASDAQ,0001001907,CANDIDATE_MATRIX_READY,high,30.575,INVESTIGATE_LOW,44.2732,0.0,0.0,70.0002,32.9297,positive 12m momentum,large 12m drawdown; high 6m volatility; risk/liquidity component below 55,,"Research-only experimental score; not a recommendation, prediction, buy/sell/hold signal or financial advice.",true,true,false,v2.38K-us-experimental-scoring
276,U00553,CCNE,CNB Financial Corporation - Common Stock,NASDAQ,0000736772,CANDIDATE_MATRIX_READY,high,30.5475,INVESTIGATE_LOW,23.3238,12.3514,0.0,70.2364,70.3283,positive 12m momentum,balance-sheet risk flag,,"Research-only experimental score; not a recommendation, prediction, buy/sell/hold signal or financial advice.",true,true,false,v2.38K-us-experimental-scoring
277,U00446,BPOP,"Popular, Inc. - Common Stock",NASDAQ,0000763901,CANDIDATE_MATRIX_READY,high,30.4922,INVESTIGATE_LOW,22.654,11.2271,0.0,72.1025,70.3006,positive 12m momentum,balance-sheet risk flag,,"Research-only experimental score; not a recommendation, prediction, buy/sell/hold signal or financial advice.",true,true,false,v2.38K-us-experimental-scoring
278,U00607,CHCO,City Holding Company - Common Stock,NASDAQ,0000726854,CANDIDATE_MATRIX_READY,high,30.4219,INVESTIGATE_LOW,23.8545,12.5925,0.0,66.8794,73.7114,positive price trend; positive 12m momentum,balance-sheet risk flag,,"Research-only experimental score; not a recommendation, prediction, buy/sell/hold signal or financial advice.",true,true,false,v2.38K-us-experimental-scoring
279,U00527,CATY,Cathay General Bancorp - Common Stock,NASDAQ,0000861842,CANDIDATE_MATRIX_READY,high,30.3388,INVESTIGATE_LOW,23.8636,10.6671,0.0,69.2262,72.0105,positive 12m momentum,balance-sheet risk flag,,"Research-only experimental score; not a recommendation, prediction, buy/sell/hold signal or financial advice.",true,true,false,v2.38K-us-experimental-scoring
280,U00389,BIAF,"bioAffinity Technologies, Inc. - Common Stock",NASDAQ,0001712762,CANDIDATE_MATRIX_READY,high,29.9383,INVESTIGATE_LOW,40.6594,15.0,0.0,58.1225,31.1597,limited positive signal detail,large 12m drawdown; high 6m volatility; risk/liquidity component below 55,,"Research-only experimental score; not a recommendation, prediction, buy/sell/hold signal or financial advice.",true,true,false,v2.38K-us-experimental-scoring
281,U00351,BCAL,California BanCorp - Common Stock,NASDAQ,0001795815,CANDIDATE_MATRIX_READY,high,29.7011,INVESTIGATE_LOW,24.5745,10.7088,0.0,64.7227,72.4241,positive 12m momentum,balance-sheet risk flag,,"Research-only experimental score; not a recommendation, prediction, buy/sell/hold signal or financial advice.",true,true,false,v2.38K-us-experimental-scoring
282,U00485,BVFL,"BV Financial, Inc. - Common Stock",NASDAQ,0001302387,CANDIDATE_MATRIX_READY,high,29.5514,INVESTIGATE_LOW,26.4477,9.2467,0.0,62.726,72.2255,positive 12m momentum,balance-sheet risk flag,,"Research-only experimental score; not a recommendation, prediction, buy/sell/hold signal or financial advice.",true,true,false,v2.38K-us-experimental-scoring
283,U00344,BBGI,"Beasley Broadcast Group, Inc. - Class A Common Stock",NASDAQ,0001099160,CANDIDATE_MATRIX_READY,high,29.1785,INVESTIGATE_LOW,27.0205,4.0301,6.8317,87.0,15.0,positive 12m momentum,balance-sheet risk flag; large 12m drawdown; high 6m volatility; risk/liquidity component below 55,,"Research-only experimental score; not a recommendation, prediction, buy/sell/hold signal or financial advice.",true,true,false,v2.38K-us-experimental-scoring
284,U00453,BRFH,Barfresh Food Group Inc. - Common Stock,NASDAQ,0001487197,CANDIDATE_MATRIX_READY,high,29.1075,INVESTIGATE_LOW,44.6862,62.5319,1.9268,0.0,28.099,positive revenue growth,balance-sheet risk flag; large 12m drawdown; high 6m volatility; risk/liquidity component below 55,,"Research-only experimental score; not a recommendation, prediction, buy/sell/hold signal or financial advice.",true,true,false,v2.38K-us-experimental-scoring
285,U00487,BWB,"Bridgewater Bancshares, Inc. - Common Stock",NASDAQ,0001341317,CANDIDATE_MATRIX_READY,high,28.9773,INVESTIGATE_LOW,23.0603,11.0642,0.0,64.8049,68.8542,positive 12m momentum,balance-sheet risk flag,,"Research-only experimental score; not a recommendation, prediction, buy/sell/hold signal or financial advice.",true,true,false,v2.38K-us-experimental-scoring
286,U00468,BSVN,Bank7 Corp. - Common stock,NASDAQ,0001746129,CANDIDATE_MATRIX_READY,high,28.6099,INVESTIGATE_LOW,24.0903,12.5585,0.0,61.903,64.9052,positive price trend; positive 12m momentum,balance-sheet risk flag,,"Research-only experimental score; not a recommendation, prediction, buy/sell/hold signal or financial advice.",true,true,false,v2.38K-us-experimental-scoring
287,U00587,CETX,Cemtrex Inc. - Common Stock,NASDAQ,0001435064,CANDIDATE_MATRIX_READY,high,28.3257,INVESTIGATE_LOW,44.8243,54.1916,10.1464,0.0,20.1077,positive revenue growth,balance-sheet risk flag; large 12m drawdown; high 6m volatility; risk/liquidity component below 55,,"Research-only experimental score; not a recommendation, prediction, buy/sell/hold signal or financial advice.",true,true,false,v2.38K-us-experimental-scoring
288,U00378,BFST,"Business First Bancshares, Inc. - Common Stock",NASDAQ,0001624322,CANDIDATE_MATRIX_READY,high,28.2369,INVESTIGATE_LOW,23.4938,10.2428,0.0,60.2656,70.8705,positive 12m momentum,balance-sheet risk flag,,"Research-only experimental score; not a recommendation, prediction, buy/sell/hold signal or financial advice.",true,true,false,v2.38K-us-experimental-scoring
289,U00229,ARBE,Arbe Robotics Ltd. - Ordinary Shares,NASDAQ,0001861841,CANDIDATE_MATRIX_READY,high,27.9959,INVESTIGATE_LOW,38.5031,62.9688,0.0,1.756,35.0,positive revenue growth,large 12m drawdown; high 6m volatility; risk/liquidity component below 55,,"Research-only experimental score; not a recommendation, prediction, buy/sell/hold signal or financial advice.",true,true,false,v2.38K-us-experimental-scoring
290,U00174,AMOD,"Alpha Modus Holdings, Inc. - Class A Common Stock",NASDAQ,0001862463,CANDIDATE_MATRIX_READY,high,27.9,INVESTIGATE_LOW,20.0,15.0,0.0,87.0,15.0,positive 12m momentum,balance-sheet risk flag; large 12m drawdown; high 6m volatility; risk/liquidity component below 55,,"Research-only experimental score; not a recommendation, prediction, buy/sell/hold signal or financial advice.",true,true,false,v2.38K-us-experimental-scoring
291,U00472,BTBT,"Bit Digital, Inc. - Ordinary Share",NASDAQ,0001710350,CANDIDATE_MATRIX_READY,high,27.7816,INVESTIGATE_LOW,52.0574,41.7988,0.0,1.6766,34.6931,positive revenue growth,large 12m drawdown; high 6m volatility; risk/liquidity component below 55,,"Research-only experimental score; not a recommendation, prediction, buy/sell/hold signal or financial advice.",true,true,false,v2.38K-us-experimental-scoring
292,U00467,BSRR,Sierra Bancorp - Common Stock,NASDAQ,0001130144,CANDIDATE_MATRIX_READY,high,27.6626,INVESTIGATE_LOW,23.049,6.6745,0.0,62.282,69.5663,positive 12m momentum,balance-sheet risk flag,,"Research-only experimental score; not a recommendation, prediction, buy/sell/hold signal or financial advice.",true,true,false,v2.38K-us-experimental-scoring
293,U00530,CBFV,"CB Financial Services, Inc. - Common Stock",NASDAQ,0001605301,CANDIDATE_MATRIX_READY,high,27.2824,INVESTIGATE_LOW,23.2572,10.7611,0.0,55.705,70.1204,positive price trend; positive 12m momentum,balance-sheet risk flag,,"Research-only experimental score; not a recommendation, prediction, buy/sell/hold signal or financial advice.",true,true,false,v2.38K-us-experimental-scoring
294,U00240,AROW,Arrow Financial Corporation - Common Stock,NASDAQ,0000717538,CANDIDATE_MATRIX_READY,high,27.2589,INVESTIGATE_LOW,23.1084,5.6308,0.0,60.8411,70.3199,positive 12m momentum,balance-sheet risk flag,,"Research-only experimental score; not a recommendation, prediction, buy/sell/hold signal or financial advice.",true,true,false,v2.38K-us-experimental-scoring
295,U00438,BOLT,"Bolt Biotherapeutics, Inc. - Common Stock",NASDAQ,0001641281,CANDIDATE_MATRIX_READY,high,27.1683,INVESTIGATE_LOW,43.2572,35.0867,0.0,16.8186,38.1003,positive revenue growth,large 12m drawdown; high 6m volatility; risk/liquidity component below 55,,"Research-only experimental score; not a recommendation, prediction, buy/sell/hold signal or financial advice.",true,true,false,v2.38K-us-experimental-scoring
296,U00588,CETY,"Clean Energy Technologies, Inc. - Common Stock",NASDAQ,0001329606,CANDIDATE_MATRIX_READY,high,27.1539,INVESTIGATE_LOW,40.1027,15.0,0.0,46.0909,29.0492,positive price trend,large 12m drawdown; high 6m volatility; risk/liquidity component below 55,,"Research-only experimental score; not a recommendation, prediction, buy/sell/hold signal or financial advice.",true,true,false,v2.38K-us-experimental-scoring
297,U00298,AUR,"Aurora Innovation, Inc. - Class A Common Stock",NASDAQ,0001828108,CANDIDATE_MATRIX_READY,high,27.1136,INVESTIGATE_LOW,45.0,0.0,0.0,41.5357,53.0649,limited positive signal detail,large 12m drawdown; high 6m volatility; risk/liquidity component below 55,,"Research-only experimental score; not a recommendation, prediction, buy/sell/hold signal or financial advice.",true,true,false,v2.38K-us-experimental-scoring
298,U00492,BYAH,"Park Ha Biological Technology Co., Ltd. - Class A Ordinary Shares",NASDAQ,0001986247,CANDIDATE_MATRIX_READY,high,26.9731,INVESTIGATE_LOW,50.827,43.0045,0.0,0.0,31.2412,positive revenue growth,large 12m drawdown; high 6m volatility; risk/liquidity component below 55,,"Research-only experimental score; not a recommendation, prediction, buy/sell/hold signal or financial advice.",true,true,false,v2.38K-us-experimental-scoring
299,U00375,BFC,Bank First Corporation - Common Stock,NASDAQ,0001746109,CANDIDATE_MATRIX_READY,high,26.9556,INVESTIGATE_LOW,24.5722,9.3624,0.0,52.828,71.4584,positive 12m momentum,balance-sheet risk flag,,"Research-only experimental score; not a recommendation, prediction, buy/sell/hold signal or financial advice.",true,true,false,v2.38K-us-experimental-scoring
300,U00225,AQST,"Aquestive Therapeutics, Inc. - Common Stock",NASDAQ,0001398733,CANDIDATE_MATRIX_READY,high,26.9371,INVESTIGATE_LOW,20.0,14.7826,0.0,73.9691,31.8679,positive 12m momentum,balance-sheet risk flag; large 12m drawdown; risk/liquidity component below 55,,"Research-only experimental score; not a recommendation, prediction, buy/sell/hold signal or financial advice.",true,true,false,v2.38K-us-experimental-scoring
301,U00557,CCTG,CCSC Technology International Holdings Limited - Class A Ordinary Shares,NASDAQ,0001931717,CANDIDATE_MATRIX_READY,high,26.8932,INVESTIGATE_LOW,48.6114,27.1243,0.0,18.674,31.5015,limited positive signal detail,large 12m drawdown; high 6m volatility; risk/liquidity component below 55,,"Research-only experimental score; not a recommendation, prediction, buy/sell/hold signal or financial advice.",true,true,false,v2.38K-us-experimental-scoring
302,U00391,BIOA,"BioAge Labs, Inc. - Common Stock",NASDAQ,0001709941,CANDIDATE_MATRIX_READY,high,26.1178,INVESTIGATE_LOW,45.0,0.0,0.0,45.0,36.1775,positive 12m momentum,large 12m drawdown; high 6m volatility; risk/liquidity component below 55,,"Research-only experimental score; not a recommendation, prediction, buy/sell/hold signal or financial advice.",true,true,false,v2.38K-us-experimental-scoring
303,U00635,CJMB,Callan JMB Inc. - Common Stock,NASDAQ,0002032545,CANDIDATE_MATRIX_READY,high,25.9492,INVESTIGATE_LOW,35.9818,15.0,0.0,48.0514,25.4442,positive price trend,large 12m drawdown; high 6m volatility; risk/liquidity component below 55,,"Research-only experimental score; not a recommendation, prediction, buy/sell/hold signal or financial advice.",true,true,false,v2.38K-us-experimental-scoring
304,U00387,BHRB,Burke & Herbert Financial Services Corp. - Common Stock,NASDAQ,0001964333,CANDIDATE_MATRIX_READY,high,25.9377,INVESTIGATE_LOW,23.4529,11.0128,0.0,47.9107,71.171,positive 12m momentum,balance-sheet risk flag,,"Research-only experimental score; not a recommendation, prediction, buy/sell/hold signal or financial advice.",true,true,false,v2.38K-us-experimental-scoring
305,U00122,AKAM,"Akamai Technologies, Inc. - Common Stock",NASDAQ,0001086222,CANDIDATE_MATRIX_READY,high,25.832,INVESTIGATE_LOW,34.1194,0.0,0.0,54.2815,47.3984,positive 12m momentum,high 6m volatility; risk/liquidity component below 55,,"Research-only experimental score; not a recommendation, prediction, buy/sell/hold signal or financial advice.",true,true,false,v2.38K-us-experimental-scoring
306,U00146,ALMS,Alumis Inc. - Common Stock,NASDAQ,0001847367,CANDIDATE_MATRIX_READY,high,24.9059,INVESTIGATE_LOW,42.2329,0.0,0.0,45.0,32.3604,positive 12m momentum,large 12m drawdown; high 6m volatility; risk/liquidity component below 55,,"Research-only experimental score; not a recommendation, prediction, buy/sell/hold signal or financial advice.",true,true,false,v2.38K-us-experimental-scoring
307,U00537,CBSH,"Commerce Bancshares, Inc. - Common Stock",NASDAQ,0000022356,CANDIDATE_MATRIX_READY,high,24.6855,INVESTIGATE_LOW,23.7087,12.1109,0.0,41.027,69.4528,limited positive signal detail,balance-sheet risk flag,,"Research-only experimental score; not a recommendation, prediction, buy/sell/hold signal or financial advice.",true,true,false,v2.38K-us-experimental-scoring
308,U00336,BANR,Banner Corporation - Common Stock,NASDAQ,0000946673,CANDIDATE_MATRIX_READY,high,24.6389,INVESTIGATE_LOW,23.8082,8.7959,0.0,43.403,70.5661,positive 12m momentum,balance-sheet risk flag,,"Research-only experimental score; not a recommendation, prediction, buy/sell/hold signal or financial advice.",true,true,false,v2.38K-us-experimental-scoring
309,U00444,BOXL,Boxlight Corporation - Class A Common Stock,NASDAQ,0001624512,CANDIDATE_MATRIX_READY,high,24.3728,INVESTIGATE_LOW,26.4671,15.0,9.4831,50.0,15.3602,positive price trend,balance-sheet risk flag; large 12m drawdown; high 6m volatility; risk/liquidity component below 55,,"Research-only experimental score; not a recommendation, prediction, buy/sell/hold signal or financial advice.",true,true,false,v2.38K-us-experimental-scoring
310,U00239,ARKR,Ark Restaurants Corp. - Common Stock,NASDAQ,0000779544,CANDIDATE_MATRIX_READY,high,23.9956,INVESTIGATE_LOW,43.737,1.9412,19.3608,10.6044,44.9325,limited positive signal detail,balance-sheet risk flag; large 12m drawdown; high 6m volatility; risk/liquidity component below 55,,"Research-only experimental score; not a recommendation, prediction, buy/sell/hold signal or financial advice.",true,true,false,v2.38K-us-experimental-scoring
311,U00293,AUC,ATIF Holdings Limited - Ordinary Shares,NASDAQ,0001755058,CANDIDATE_MATRIX_READY,high,23.7147,INVESTIGATE_LOW,38.75,1.3136,0.0,42.1543,33.9615,positive 12m momentum,large 12m drawdown; high 6m volatility; risk/liquidity component below 55,,"Research-only experimental score; not a recommendation, prediction, buy/sell/hold signal or financial advice.",true,true,false,v2.38K-us-experimental-scoring
312,U00284,ATOM,Atomera Incorporated - Common Stock,NASDAQ,0001420520,CANDIDATE_MATRIX_READY,high,23.6754,INVESTIGATE_LOW,45.0,0.0,0.0,33.677,34.3998,positive 12m momentum,large 12m drawdown; high 6m volatility; risk/liquidity component below 55,,"Research-only experimental score; not a recommendation, prediction, buy/sell/hold signal or financial advice.",true,true,false,v2.38K-us-experimental-scoring
313,U00499,BZFD,"BuzzFeed, Inc. - Class A Common Stock",NASDAQ,0001828972,CANDIDATE_MATRIX_READY,high,23.2318,INVESTIGATE_LOW,38.6553,11.3496,3.0589,32.5853,22.3648,limited positive signal detail,large 12m drawdown; high 6m volatility; risk/liquidity component below 55,,"Research-only experimental score; not a recommendation, prediction, buy/sell/hold signal or financial advice.",true,true,false,v2.38K-us-experimental-scoring
314,U00326,AYTU,"Aytu BioPharma, Inc. - Common Stock",NASDAQ,0001385818,CANDIDATE_MATRIX_READY,high,23.2081,INVESTIGATE_LOW,26.6389,9.1667,9.3909,22.9291,69.1913,limited positive signal detail,no dominant risk flag in tracked fields,,"Research-only experimental score; not a recommendation, prediction, buy/sell/hold signal or financial advice.",true,true,false,v2.38K-us-experimental-scoring
315,U00131,ALEC,"Alector, Inc. - Common Stock",NASDAQ,0001653087,CANDIDATE_MATRIX_READY,high,22.0145,INVESTIGATE_LOW,23.3446,13.4448,0.0,50.6708,21.8797,positive 12m momentum,balance-sheet risk flag; large 12m drawdown; high 6m volatility; risk/liquidity component below 55,,"Research-only experimental score; not a recommendation, prediction, buy/sell/hold signal or financial advice.",true,true,false,v2.38K-us-experimental-scoring
316,U00358,BCML,BayCom Corp - Common Stock,NASDAQ,0001730984,CANDIDATE_MATRIX_READY,high,20.9796,INVESTIGATE_LOW,24.177,3.9183,0.0,30.2685,68.8913,limited positive signal detail,balance-sheet risk flag,,"Research-only experimental score; not a recommendation, prediction, buy/sell/hold signal or financial advice.",true,true,false,v2.38K-us-experimental-scoring
317,U00107,AIHS,Senmiao Technology Limited - Common Stock,NASDAQ,0001711012,CANDIDATE_MATRIX_READY,high,20.8712,INVESTIGATE_LOW,20.0,15.0,0.0,50.6836,17.3451,positive price trend,balance-sheet risk flag; large 12m drawdown; high 6m volatility; risk/liquidity component below 55,,"Research-only experimental score; not a recommendation, prediction, buy/sell/hold signal or financial advice.",true,true,false,v2.38K-us-experimental-scoring
318,U00073,AEI,Alset Inc. - Common Stock,NASDAQ,0001750106,CANDIDATE_MATRIX_READY,high,20.7971,INVESTIGATE_LOW,45.0,3.1788,0.0,14.7341,37.1454,limited positive signal detail,large 12m drawdown; high 6m volatility; risk/liquidity component below 55,,"Research-only experimental score; not a recommendation, prediction, buy/sell/hold signal or financial advice.",true,true,false,v2.38K-us-experimental-scoring
319,U00422,BMR,Beamr Imaging Ltd. - Ordinary Share,NASDAQ,0001899005,CANDIDATE_MATRIX_READY,high,20.3385,INVESTIGATE_LOW,28.3264,36.3055,0.0,0.0,45.795,positive revenue growth,large 12m drawdown; high 6m volatility; risk/liquidity component below 55,,"Research-only experimental score; not a recommendation, prediction, buy/sell/hold signal or financial advice.",true,true,false,v2.38K-us-experimental-scoring
320,U00561,CDLX,"Cardlytics, Inc. - Common Stock",NASDAQ,0001666071,CANDIDATE_MATRIX_READY,high,19.9445,INVESTIGATE_LOW,31.3383,0.0,43.6387,0.0,18.1523,positive profitability/FCF signal,balance-sheet risk flag; large 12m drawdown; high 6m volatility; risk/liquidity component below 55,,"Research-only experimental score; not a recommendation, prediction, buy/sell/hold signal or financial advice.",true,true,false,v2.38K-us-experimental-scoring
321,U00575,CELU,Celularity Inc. - Class A Common Stock,NASDAQ,0001752828,CANDIDATE_MATRIX_READY,high,19.8406,INVESTIGATE_LOW,20.0,15.0,0.0,46.703,15.0,limited positive signal detail,balance-sheet risk flag; large 12m drawdown; high 6m volatility; risk/liquidity component below 55,,"Research-only experimental score; not a recommendation, prediction, buy/sell/hold signal or financial advice.",true,true,false,v2.38K-us-experimental-scoring
322,U00111,AIOS,AIOS Tech Inc. - Class A Common Shares,NASDAQ,0001603993,CANDIDATE_MATRIX_READY,high,19.5115,INVESTIGATE_LOW,45.0,2.1953,0.0,10.8233,34.0778,limited positive signal detail,large 12m drawdown; high 6m volatility; risk/liquidity component below 55,,"Research-only experimental score; not a recommendation, prediction, buy/sell/hold signal or financial advice.",true,true,false,v2.38K-us-experimental-scoring
323,U00334,BANF,BancFirst Corporation - Common Stock,NASDAQ,0000760498,CANDIDATE_MATRIX_READY,high,18.8229,INVESTIGATE_LOW,23.9984,4.4862,0.0,21.0807,65.1005,limited positive signal detail,balance-sheet risk flag,,"Research-only experimental score; not a recommendation, prediction, buy/sell/hold signal or financial advice.",true,true,false,v2.38K-us-experimental-scoring
324,U00310,AVNW,"Aviat Networks, Inc. - Common Stock",NASDAQ,0001377789,CANDIDATE_MATRIX_READY,high,18.4611,INVESTIGATE_LOW,34.5473,6.7384,0.0,11.7883,43.9155,limited positive signal detail,large 12m drawdown; high 6m volatility; risk/liquidity component below 55,,"Research-only experimental score; not a recommendation, prediction, buy/sell/hold signal or financial advice.",true,true,false,v2.38K-us-experimental-scoring
325,U00179,AMSC,American Superconductor Corporation - Common Stock,NASDAQ,0000880807,CANDIDATE_MATRIX_READY,high,18.3939,INVESTIGATE_LOW,42.6931,0.0,0.0,6.8567,42.1459,limited positive signal detail,large 12m drawdown; high 6m volatility; risk/liquidity component below 55,,"Research-only experimental score; not a recommendation, prediction, buy/sell/hold signal or financial advice.",true,true,false,v2.38K-us-experimental-scoring
326,U00383,BGLC,BioNexus Gene Lab Corp - Common stock,NASDAQ,0001737523,CANDIDATE_MATRIX_READY,high,17.7989,INVESTIGATE_LOW,45.0,0.0,0.0,0.0,42.9886,limited positive signal detail,large 12m drawdown; high 6m volatility; risk/liquidity component below 55,,"Research-only experimental score; not a recommendation, prediction, buy/sell/hold signal or financial advice.",true,true,false,v2.38K-us-experimental-scoring
327,U00538,CBUS,"Cibus, Inc. - Class A Common Stock",NASDAQ,0001705843,CANDIDATE_MATRIX_READY,high,17.7383,INVESTIGATE_LOW,24.4428,12.03,0.0,31.4952,17.0037,positive 12m momentum,balance-sheet risk flag; large 12m drawdown; high 6m volatility; risk/liquidity component below 55,,"Research-only experimental score; not a recommendation, prediction, buy/sell/hold signal or financial advice.",true,true,false,v2.38K-us-experimental-scoring
328,U00369,BEEM,Beam Global - Common Stock,NASDAQ,0001398805,CANDIDATE_MATRIX_READY,high,17.5582,INVESTIGATE_LOW,38.733,3.1667,0.0,10.5558,31.9376,limited positive signal detail,large 12m drawdown; high 6m volatility; risk/liquidity component below 55,,"Research-only experimental score; not a recommendation, prediction, buy/sell/hold signal or financial advice.",true,true,false,v2.38K-us-experimental-scoring
329,U00560,CDIO,Cardio Diagnostics Holdings Inc. - Common stock,NASDAQ,0001870144,CANDIDATE_MATRIX_READY,high,17.5084,INVESTIGATE_LOW,45.0,1.3953,0.0,1.6612,33.9709,limited positive signal detail,large 12m drawdown; high 6m volatility; risk/liquidity component below 55,,"Research-only experimental score; not a recommendation, prediction, buy/sell/hold signal or financial advice.",true,true,false,v2.38K-us-experimental-scoring
330,U00417,BMBL,Bumble Inc. - common stock,NASDAQ,0001830043,CANDIDATE_MATRIX_READY,high,17.2695,INVESTIGATE_LOW,39.6422,2.2045,0.0,6.965,35.4294,limited positive signal detail,large 12m drawdown; high 6m volatility; risk/liquidity component below 55,,"Research-only experimental score; not a recommendation, prediction, buy/sell/hold signal or financial advice.",true,true,false,v2.38K-us-experimental-scoring
331,U00632,CISO,"CISO Global, Inc. - Common Stock",NASDAQ,0001777319,CANDIDATE_MATRIX_READY,high,16.5097,INVESTIGATE_LOW,43.6165,0.0,0.0,0.0,34.2479,limited positive signal detail,large 12m drawdown; high 6m volatility; risk/liquidity component below 55,,"Research-only experimental score; not a recommendation, prediction, buy/sell/hold signal or financial advice.",true,true,false,v2.38K-us-experimental-scoring
332,U00363,BDMD,Baird Medical Investment Holdings Ltd - Ordinary Share,NASDAQ,0001982444,CANDIDATE_MATRIX_READY,high,16.3913,INVESTIGATE_LOW,39.4458,1.2687,7.0789,0.7904,27.2997,limited positive signal detail,large 12m drawdown; high 6m volatility; risk/liquidity component below 55,,"Research-only experimental score; not a recommendation, prediction, buy/sell/hold signal or financial advice.",true,true,false,v2.38K-us-experimental-scoring
333,U00277,ATGL,Alpha Technology Group Limited - Class A Ordinary Shares,NASDAQ,0001967621,CANDIDATE_MATRIX_READY,high,15.9166,INVESTIGATE_LOW,41.5844,0.0,0.0,0.0,34.4125,limited positive signal detail,large 12m drawdown; high 6m volatility; risk/liquidity component below 55,,"Research-only experimental score; not a recommendation, prediction, buy/sell/hold signal or financial advice.",true,true,false,v2.38K-us-experimental-scoring
334,U00282,ATLX,Atlas Lithium Corporation - Common Stock,NASDAQ,0001540684,CANDIDATE_MATRIX_READY,high,15.6893,INVESTIGATE_LOW,39.1429,0.0,0.0,0.0,39.4646,limited positive signal detail,large 12m drawdown; high 6m volatility; risk/liquidity component below 55,,"Research-only experimental score; not a recommendation, prediction, buy/sell/hold signal or financial advice.",true,true,false,v2.38K-us-experimental-scoring
335,U00199,ANY,Sphere 3D Corp. - Common Shares,NASDAQ,0001591956,CANDIDATE_MATRIX_READY,high,14.8378,INVESTIGATE_LOW,20.0,0.0,0.0,26.689,35.0,limited positive signal detail,large 12m drawdown; high 6m volatility; risk/liquidity component below 55,,"Research-only experimental score; not a recommendation, prediction, buy/sell/hold signal or financial advice.",true,true,false,v2.38K-us-experimental-scoring
336,U00227,ARAY,Accuray Incorporated - Common Stock,NASDAQ,0001138723,CANDIDATE_MATRIX_READY,high,14.7221,INVESTIGATE_LOW,35.0596,0.0,12.2052,0.0,17.6316,limited positive signal detail,balance-sheet risk flag; large 12m drawdown; high 6m volatility; risk/liquidity component below 55,,"Research-only experimental score; not a recommendation, prediction, buy/sell/hold signal or financial advice.",true,true,false,v2.38K-us-experimental-scoring
337,U00275,ATER,"Aterian, Inc. - Common Stock",NASDAQ,0001757715,CANDIDATE_MATRIX_READY,high,14.7004,INVESTIGATE_LOW,38.2616,0.0,0.0,2.1343,27.9507,limited positive signal detail,large 12m drawdown; high 6m volatility; risk/liquidity component below 55,,"Research-only experimental score; not a recommendation, prediction, buy/sell/hold signal or financial advice.",true,true,false,v2.38K-us-experimental-scoring
338,U00567,CDTG,CDT Environmental Technology Investment Holdings Limited - ordinary shares,NASDAQ,0001793895,CANDIDATE_MATRIX_READY,high,14.0883,INVESTIGATE_LOW,35.2872,0.0,5.4458,0.0,24.1294,limited positive signal detail,large 12m drawdown; high 6m volatility; risk/liquidity component below 55,,"Research-only experimental score; not a recommendation, prediction, buy/sell/hold signal or financial advice.",true,true,false,v2.38K-us-experimental-scoring
339,U00412,BLNK,Blink Charging Co. - Common Stock,NASDAQ,0001429764,CANDIDATE_MATRIX_READY,high,13.6949,INVESTIGATE_LOW,35.0575,0.0,0.0,0.5785,30.6196,limited positive signal detail,large 12m drawdown; high 6m volatility; risk/liquidity component below 55,,"Research-only experimental score; not a recommendation, prediction, buy/sell/hold signal or financial advice.",true,true,false,v2.38K-us-experimental-scoring
340,U00238,ARKO,ARKO Corp. - Common Stock,NASDAQ,0001823794,CANDIDATE_MATRIX_READY,high,12.8621,INVESTIGATE_LOW,23.3245,0.0,0.0,11.25,36.1475,limited positive signal detail,balance-sheet risk flag; large 12m drawdown; high 6m volatility; risk/liquidity component below 55,,"Research-only experimental score; not a recommendation, prediction, buy/sell/hold signal or financial advice.",true,true,false,v2.38K-us-experimental-scoring
341,U00338,BAOS,Baosheng Media Group Holdings Limited - Ordinary shares,NASDAQ,0001811216,CANDIDATE_MATRIX_READY,high,12.4732,INVESTIGATE_LOW,32.9611,1.7582,0.0,0.0,22.3323,limited positive signal detail,large 12m drawdown; high 6m volatility; risk/liquidity component below 55,,"Research-only experimental score; not a recommendation, prediction, buy/sell/hold signal or financial advice.",true,true,false,v2.38K-us-experimental-scoring
342,U00498,BZAI,"Blaize Holdings, Inc. - Common Stock",NASDAQ,0001871638,CANDIDATE_MATRIX_READY,high,12.2117,INVESTIGATE_LOW,32.3855,0.0,0.0,0.0,24.9602,limited positive signal detail,large 12m drawdown; high 6m volatility; risk/liquidity component below 55,,"Research-only experimental score; not a recommendation, prediction, buy/sell/hold signal or financial advice.",true,true,false,v2.38K-us-experimental-scoring
343,U00459,BRTX,"BioRestorative Therapies, Inc. - Common Stock",NASDAQ,0001505497,CANDIDATE_MATRIX_READY,high,11.9538,INVESTIGATE_LOW,23.8803,0.0,0.0,6.4484,35.0,limited positive signal detail,large 12m drawdown; high 6m volatility; risk/liquidity component below 55,,"Research-only experimental score; not a recommendation, prediction, buy/sell/hold signal or financial advice.",true,true,false,v2.38K-us-experimental-scoring
344,U00291,ATYR,"aTyr Pharma, Inc. - Common Stock",NASDAQ,0001339970,CANDIDATE_MATRIX_READY,high,10.1838,INVESTIGATE_LOW,20.3404,2.9086,0.0,0.0,35.0,limited positive signal detail,large 12m drawdown; high 6m volatility; risk/liquidity component below 55,,"Research-only experimental score; not a recommendation, prediction, buy/sell/hold signal or financial advice.",true,true,false,v2.38K-us-experimental-scoring
345,U00541,CCB,Coastal Financial Corporation - Common Stock,NASDAQ,0001437958,CANDIDATE_MATRIX_READY,high,9.648,INVESTIGATE_LOW,23.3135,0.0,0.0,0.0,26.5394,limited positive signal detail,balance-sheet risk flag; large 12m drawdown; high 6m volatility; risk/liquidity component below 55,,"Research-only experimental score; not a recommendation, prediction, buy/sell/hold signal or financial advice.",true,true,false,v2.38K-us-experimental-scoring
346,U00182,AMST,Amesite Inc. - Common Stock,NASDAQ,0001807166,CANDIDATE_MATRIX_READY,high,9.5,INVESTIGATE_LOW,20.0,0.0,0.0,0.0,35.0,limited positive signal detail,large 12m drawdown; high 6m volatility; risk/liquidity component below 55,,"Research-only experimental score; not a recommendation, prediction, buy/sell/hold signal or financial advice.",true,true,false,v2.38K-us-experimental-scoring
347,U00647,CLNN,Clene Inc. - Common Stock,NASDAQ,0001822791,CANDIDATE_MATRIX_READY,high,8.317,INVESTIGATE_LOW,20.0,0.0,0.0,2.0728,19.0243,limited positive signal detail,balance-sheet risk flag; large 12m drawdown; high 6m volatility; risk/liquidity component below 55,,"Research-only experimental score; not a recommendation, prediction, buy/sell/hold signal or financial advice.",true,true,false,v2.38K-us-experimental-scoring
348,U00374,BETR,Better Home & Finance Holding Company - Class A Common Stock,NASDAQ,0001835856,CANDIDATE_MATRIX_READY,high,7.8063,INVESTIGATE_LOW,20.7904,0.0,0.0,0.0,15.6916,limited positive signal detail,balance-sheet risk flag; large 12m drawdown; high 6m volatility; risk/liquidity component below 55,,"Research-only experimental score; not a recommendation, prediction, buy/sell/hold signal or financial advice.",true,true,false,v2.38K-us-experimental-scoring
349,U00108,AIIO,Robo.ai Inc. - Class B Ordinary Shares,NASDAQ,0001932737,CANDIDATE_MATRIX_READY,high,7.5,INVESTIGATE_LOW,20.0,0.0,0.0,0.0,15.0,limited positive signal detail,balance-sheet risk flag; large 12m drawdown; high 6m volatility; risk/liquidity component below 55,,"Research-only experimental score; not a recommendation, prediction, buy/sell/hold signal or financial advice.",true,true,false,v2.38K-us-experimental-scoring
350,U00470,BTAI,"BioXcel Therapeutics, Inc. - Common Stock",NASDAQ,0001720893,CANDIDATE_MATRIX_READY,high,7.5,INVESTIGATE_LOW,20.0,0.0,0.0,0.0,15.0,limited positive signal detail,balance-sheet risk flag; large 12m drawdown; high 6m volatility; risk/liquidity component below 55,,"Research-only experimental score; not a recommendation, prediction, buy/sell/hold signal or financial advice.",true,true,false,v2.38K-us-experimental-scoring
,U00006,AAL,"American Airlines Group, Inc. - Common Stock",NASDAQ,0000006201,CANDIDATE_MATRIX_PARTIAL_FUNDAMENTALS,medium,,REVIEW_REQUIRED,36.3949,39.2791,40.3454,29.7722,61.1609,positive revenue growth; positive profitability/FCF signal,large 12m drawdown,fundamental_features_missing_or_partial,"Research-only experimental score; not a recommendation, prediction, buy/sell/hold signal or financial advice.",true,true,false,v2.38K-us-experimental-scoring
,U00009,AAON,"AAON, Inc. - Common Stock",NASDAQ,0000824142,CANDIDATE_MATRIX_PARTIAL_FUNDAMENTALS,medium,,REVIEW_REQUIRED,20.0,0.0,0.0,13.2625,50.2691,limited positive signal detail,large 12m drawdown; high 6m volatility; risk/liquidity component below 55,fundamental_features_missing_or_partial,"Research-only experimental score; not a recommendation, prediction, buy/sell/hold signal or financial advice.",true,true,false,v2.38K-us-experimental-scoring
,U00012,AARD,"Aardvark Therapeutics, Inc. - Common Stock",NASDAQ,0001774857,CANDIDATE_MATRIX_PARTIAL_FUNDAMENTALS,medium,,REVIEW_REQUIRED,45.0,15.0,0.0,22.599,33.9713,limited positive signal detail,large 12m drawdown; high 6m volatility; risk/liquidity component below 55,fundamental_features_missing_or_partial,"Research-only experimental score; not a recommendation, prediction, buy/sell/hold signal or financial advice.",true,true,false,v2.38K-us-experimental-scoring
,U00013,ABAT,American Battery Technology Company - Common Stock,NASDAQ,0001576873,CANDIDATE_MATRIX_PARTIAL_FUNDAMENTALS,medium,,REVIEW_REQUIRED,69.6712,70.0,0.0,19.7263,37.0649,positive revenue growth; positive 12m momentum,large 12m drawdown; high 6m volatility; risk/liquidity component below 55,fundamental_features_missing_or_partial,"Research-only experimental score; not a recommendation, prediction, buy/sell/hold signal or financial advice.",true,true,false,v2.38K-us-experimental-scoring
,U00018,ABOS,"Acumen Pharmaceuticals, Inc. - Common Stock",NASDAQ,0001576885,CANDIDATE_MATRIX_PARTIAL_FUNDAMENTALS,medium,,REVIEW_REQUIRED,38.5455,13.4618,0.0,74.897,49.1938,positive price trend; positive 12m momentum,large 12m drawdown; high 6m volatility; risk/liquidity component below 55,fundamental_features_missing_or_partial,"Research-only experimental score; not a recommendation, prediction, buy/sell/hold signal or financial advice.",true,true,false,v2.38K-us-experimental-scoring
,U00019,ABSI,Absci Corporation - Common Stock,NASDAQ,0001672688,CANDIDATE_MATRIX_PARTIAL_FUNDAMENTALS,medium,,REVIEW_REQUIRED,45.0,15.0,0.0,87.0,39.0671,positive 12m momentum,large 12m drawdown; high 6m volatility; risk/liquidity component below 55,fundamental_features_missing_or_partial,"Research-only experimental score; not a recommendation, prediction, buy/sell/hold signal or financial advice.",true,true,false,v2.38K-us-experimental-scoring
,U00023,ABVC,"ABVC BioPharma, Inc. - Common Stock",NASDAQ,0001173313,CANDIDATE_MATRIX_PARTIAL_FUNDAMENTALS,medium,,REVIEW_REQUIRED,47.898,15.0,0.0,0.0,30.949,limited positive signal detail,large 12m drawdown; high 6m volatility; risk/liquidity component below 55,fundamental_features_missing_or_partial,"Research-only experimental score; not a recommendation, prediction, buy/sell/hold signal or financial advice.",true,true,false,v2.38K-us-experimental-scoring
,U00027,ACCL,Acco Group Holdings Limited - Class A Ordinary Shares,NASDAQ,0002038378,CANDIDATE_MATRIX_PARTIAL_PRICE,medium,,REVIEW_REQUIRED,78.3375,15.0,97.8971,49.8228,59.0976,positive profitability/FCF signal; positive price trend,high 6m volatility,price_features_missing_or_partial,"Research-only experimental score; not a recommendation, prediction, buy/sell/hold signal or financial advice.",true,true,false,v2.38K-us-experimental-scoring
,U00029,ACET,"Adicet Bio, Inc. - Common Stock",NASDAQ,0001720580,CANDIDATE_MATRIX_PARTIAL_FUNDAMENTALS,medium,,REVIEW_REQUIRED,44.4794,12.2843,0.0,52.1312,44.3834,positive price trend,large 12m drawdown; high 6m volatility; risk/liquidity component below 55,fundamental_features_missing_or_partial,"Research-only experimental score; not a recommendation, prediction, buy/sell/hold signal or financial advice.",true,true,false,v2.38K-us-experimental-scoring
,U00034,ACHV,"Achieve Life Sciences, Inc. - Common Shares",NASDAQ,0000949858,CANDIDATE_MATRIX_PARTIAL_FUNDAMENTALS,medium,,REVIEW_REQUIRED,36.8303,15.0,0.0,95.0,34.7902,positive price trend; positive 12m momentum,large 12m drawdown; high 6m volatility; risk/liquidity component below 55,fundamental_features_missing_or_partial,"Research-only experimental score; not a recommendation, prediction, buy/sell/hold signal or financial advice.",true,true,false,v2.38K-us-experimental-scoring
,U00045,ACRV,"Acrivon Therapeutics, Inc. - Common Stock",NASDAQ,0001781174,CANDIDATE_MATRIX_PARTIAL_FUNDAMENTALS,medium,,REVIEW_REQUIRED,45.0,15.0,0.0,77.6811,46.1526,positive 12m momentum,large 12m drawdown; high 6m volatility; risk/liquidity component below 55,fundamental_features_missing_or_partial,"Research-only experimental score; not a recommendation, prediction, buy/sell/hold signal or financial advice.",true,true,false,v2.38K-us-experimental-scoring
,U00048,ACTU,"Actuate Therapeutics, Inc. - Common stock",NASDAQ,0001652935,CANDIDATE_MATRIX_PARTIAL_FUNDAMENTALS,medium,,REVIEW_REQUIRED,38.3395,0.0,0.0,0.0,29.0774,limited positive signal detail,large 12m drawdown; high 6m volatility; risk/liquidity component below 55,fundamental_features_missing_or_partial,"Research-only experimental score; not a recommendation, prediction, buy/sell/hold signal or financial advice.",true,true,false,v2.38K-us-experimental-scoring
,U00049,ACXP,"Acurx Pharmaceuticals, Inc. - Common Stock",NASDAQ,0001736243,CANDIDATE_MATRIX_PARTIAL_FUNDAMENTALS,medium,,REVIEW_REQUIRED,41.1538,0.4286,0.0,6.1052,31.4019,limited positive signal detail,large 12m drawdown; high 6m volatility; risk/liquidity component below 55,fundamental_features_missing_or_partial,"Research-only experimental score; not a recommendation, prediction, buy/sell/hold signal or financial advice.",true,true,false,v2.38K-us-experimental-scoring
,U00051,ADAG,"Adagene Inc. - ADS, each representing 1.25 ordinary shares",NASDAQ,0001818838,CANDIDATE_MATRIX_PARTIAL_FUNDAMENTALS,medium,,REVIEW_REQUIRED,65.6399,78.8777,0.0,79.9033,43.5841,positive revenue growth; positive 12m momentum,large 12m drawdown; high 6m volatility; risk/liquidity component below 55,fundamental_features_missing_or_partial,"Research-only experimental score; not a recommendation, prediction, buy/sell/hold signal or financial advice.",true,true,false,v2.38K-us-experimental-scoring
,U00055,ADGM,"Adagio Medical Holdings, Inc - Common Stock",NASDAQ,0002006986,CANDIDATE_MATRIX_PARTIAL_FUNDAMENTALS,medium,,REVIEW_REQUIRED,29.2244,0.0,0.0,0.0,22.8265,limited positive signal detail,large 12m drawdown; high 6m volatility; risk/liquidity component below 55,fundamental_features_missing_or_partial,"Research-only experimental score; not a recommendation, prediction, buy/sell/hold signal or financial advice.",true,true,false,v2.38K-us-experimental-scoring
,U00057,ADIL,"Adial Pharmaceuticals, Inc - Common Stock",NASDAQ,0001513525,CANDIDATE_MATRIX_PARTIAL_FUNDAMENTALS,medium,,REVIEW_REQUIRED,43.6157,15.0,0.0,57.4474,32.6077,positive price trend,large 12m drawdown; high 6m volatility; risk/liquidity component below 55,fundamental_features_missing_or_partial,"Research-only experimental score; not a recommendation, prediction, buy/sell/hold signal or financial advice.",true,true,false,v2.38K-us-experimental-scoring
,U00067,ADVB,Advanced Biomed Inc. - Common Stock,NASDAQ,0001941029,CANDIDATE_MATRIX_PARTIAL_FUNDAMENTALS,medium,,REVIEW_REQUIRED,37.4665,15.0,0.0,70.3275,29.3211,positive price trend; positive 12m momentum,large 12m drawdown; high 6m volatility; risk/liquidity component below 55,fundamental_features_missing_or_partial,"Research-only experimental score; not a recommendation, prediction, buy/sell/hold signal or financial advice.",true,true,false,v2.38K-us-experimental-scoring
,U00075,AEMD,"Aethlon Medical, Inc. - Common Stock",NASDAQ,0000882291,CANDIDATE_MATRIX_PARTIAL_FUNDAMENTALS,medium,,REVIEW_REQUIRED,43.1694,0.5882,0.0,10.9745,32.3891,limited positive signal detail,large 12m drawdown; high 6m volatility; risk/liquidity component below 55,fundamental_features_missing_or_partial,"Research-only experimental score; not a recommendation, prediction, buy/sell/hold signal or financial advice.",true,true,false,v2.38K-us-experimental-scoring
,U00077,AEP,"American Electric Power Company, Inc. - Common Stock",NASDAQ,0000004904,CANDIDATE_MATRIX_PARTIAL_FUNDAMENTALS,medium,,REVIEW_REQUIRED,39.9519,51.0238,0.0,37.5786,76.1921,positive revenue growth; positive 12m momentum,no dominant risk flag in tracked fields,fundamental_features_missing_or_partial,"Research-only experimental score; not a recommendation, prediction, buy/sell/hold signal or financial advice.",true,true,false,v2.38K-us-experimental-scoring
,U00083,AFCG,Advanced Flower Capital Inc. - Common Stock,NASDAQ,0001822523,CANDIDATE_MATRIX_PARTIAL_FUNDAMENTALS,medium,,REVIEW_REQUIRED,40.0312,6.1667,0.0,55.153,48.3408,positive price trend,large 12m drawdown; risk/liquidity component below 55,fundamental_features_missing_or_partial,"Research-only experimental score; not a recommendation, prediction, buy/sell/hold signal or financial advice.",true,true,false,v2.38K-us-experimental-scoring
,U00084,AFJK,"Aimei Health Technology Co., Ltd - Ordinary Share",NASDAQ,0001979005,CANDIDATE_MATRIX_PARTIAL_FUNDAMENTALS,medium,,REVIEW_REQUIRED,40.6696,0.0,0.0,21.4425,31.1647,positive 12m momentum,large 12m drawdown; high 6m volatility; risk/liquidity component below 55,fundamental_features_missing_or_partial,"Research-only experimental score; not a recommendation, prediction, buy/sell/hold signal or financial advice.",true,true,false,v2.38K-us-experimental-scoring
,U00088,AGCC,Agencia Comercial Spirits Ltd - Class A Ordinary Share,NASDAQ,0002060016,CANDIDATE_MATRIX_PARTIAL_PRICE,medium,,REVIEW_REQUIRED,45.8705,3.3196,56.6923,22.6213,34.8826,positive profitability/FCF signal,high 6m volatility; risk/liquidity component below 55,price_features_missing_or_partial,"Research-only experimental score; not a recommendation, prediction, buy/sell/hold signal or financial advice.",true,true,false,v2.38K-us-experimental-scoring
,U00089,AGEN,Agenus Inc. - Common Stock,NASDAQ,0001098972,CANDIDATE_MATRIX_PARTIAL_FUNDAMENTALS,medium,,REVIEW_REQUIRED,31.4579,63.8317,0.0,95.0,43.4463,positive revenue growth; positive price trend; positive 12m momentum,large 12m drawdown; high 6m volatility; risk/liquidity component below 55,fundamental_features_missing_or_partial,"Research-only experimental score; not a recommendation, prediction, buy/sell/hold signal or financial advice.",true,true,false,v2.38K-us-experimental-scoring
,U00093,AGNC,AGNC Investment Corp. - Common Stock,NASDAQ,0001423689,CANDIDATE_MATRIX_PARTIAL_FUNDAMENTALS,medium,,REVIEW_REQUIRED,23.4462,7.5811,0.0,36.5997,66.5244,positive 12m momentum,balance-sheet risk flag,fundamental_features_missing_or_partial,"Research-only experimental score; not a recommendation, prediction, buy/sell/hold signal or financial advice.",true,true,false,v2.38K-us-experimental-scoring
,U00095,AGPU,Axe Compute Inc. - Common Stock,NASDAQ,0001446159,CANDIDATE_MATRIX_PARTIAL_FUNDAMENTALS,medium,,REVIEW_REQUIRED,45.0,13.098,0.0,54.4845,33.8825,positive price trend,large 12m drawdown; high 6m volatility; risk/liquidity component below 55,fundamental_features_missing_or_partial,"Research-only experimental score; not a recommendation, prediction, buy/sell/hold signal or financial advice.",true,true,false,v2.38K-us-experimental-scoring
,U00099,AHMA,Ambitions Enterprise Management Co. L.L.C - Class A Ordinary Shares,NASDAQ,0002010959,CANDIDATE_MATRIX_PARTIAL_PRICE,medium,,REVIEW_REQUIRED,61.652,12.2826,57.914,0.0,33.0559,positive profitability/FCF signal,high 6m volatility; risk/liquidity component below 55,price_features_missing_or_partial,"Research-only experimental score; not a recommendation, prediction, buy/sell/hold signal or financial advice.",true,true,false,v2.38K-us-experimental-scoring
,U00100,AIAI,AIAI Holdings Corporation - Class A common stock,NASDAQ,0002096362,CANDIDATE_MATRIX_PARTIAL_PRICE,medium,,REVIEW_REQUIRED,20.0,0.0,0.0,0.0,65.0,limited positive signal detail,no dominant risk flag in tracked fields,price_features_missing_or_partial,"Research-only experimental score; not a recommendation, prediction, buy/sell/hold signal or financial advice.",true,true,false,v2.38K-us-experimental-scoring
,U00102,AIDX,"20/20 Biolabs, Inc. - Common Stock",NASDAQ,0001139685,CANDIDATE_MATRIX_PARTIAL_PRICE,medium,,REVIEW_REQUIRED,20.0,0.0,0.0,0.0,15.0,limited positive signal detail,balance-sheet risk flag; high 6m volatility; risk/liquidity component below 55,price_features_missing_or_partial,"Research-only experimental score; not a recommendation, prediction, buy/sell/hold signal or financial advice.",true,true,false,v2.38K-us-experimental-scoring
,U00103,AIFA,"All In FutureTech Alliance, Inc. - Common Stock",NASDAQ,0001708341,CANDIDATE_MATRIX_PARTIAL_FUNDAMENTALS,medium,,REVIEW_REQUIRED,33.645,12.0004,0.0,48.4078,25.8104,positive price trend,large 12m drawdown; high 6m volatility; risk/liquidity component below 55,fundamental_features_missing_or_partial,"Research-only experimental score; not a recommendation, prediction, buy/sell/hold signal or financial advice.",true,true,false,v2.38K-us-experimental-scoring
,U00105,AIFF,"Firefly Neuroscience, Inc. - Common Stock",NASDAQ,0000803578,CANDIDATE_MATRIX_PARTIAL_FUNDAMENTALS,medium,,REVIEW_REQUIRED,67.175,70.0,0.0,0.5359,31.9021,positive revenue growth,large 12m drawdown; high 6m volatility; risk/liquidity component below 55,fundamental_features_missing_or_partial,"Research-only experimental score; not a recommendation, prediction, buy/sell/hold signal or financial advice.",true,true,false,v2.38K-us-experimental-scoring
,U00116,AIRJ,AirJoule Technologies Corporation - Class A Common Stock,NASDAQ,0001855474,CANDIDATE_MATRIX_PARTIAL_FUNDAMENTALS,medium,,REVIEW_REQUIRED,43.5199,0.7786,0.0,50.6721,36.3908,limited positive signal detail,large 12m drawdown; high 6m volatility; risk/liquidity component below 55,fundamental_features_missing_or_partial,"Research-only experimental score; not a recommendation, prediction, buy/sell/hold signal or financial advice.",true,true,false,v2.38K-us-experimental-scoring
,U00117,AIRO,"AIRO Group Holdings, Inc. - Common Stock",NASDAQ,0001927958,CANDIDATE_MATRIX_PARTIAL_FUNDAMENTALS,medium,,REVIEW_REQUIRED,51.1942,0.0,10.4855,1.3316,37.4211,limited positive signal detail,large 12m drawdown; high 6m volatility; risk/liquidity component below 55,fundamental_features_missing_or_partial,"Research-only experimental score; not a recommendation, prediction, buy/sell/hold signal or financial advice.",true,true,false,v2.38K-us-experimental-scoring
,U00120,AISP,"Airship AI Holdings, Inc - Class A Common Stock",NASDAQ,0001842566,CANDIDATE_MATRIX_PARTIAL_FUNDAMENTALS,medium,,REVIEW_REQUIRED,45.0,0.0,65.0,2.9331,23.742,positive profitability/FCF signal,balance-sheet risk flag; large 12m drawdown; high 6m volatility; risk/liquidity component below 55,fundamental_features_missing_or_partial,"Research-only experimental score; not a recommendation, prediction, buy/sell/hold signal or financial advice.",true,true,false,v2.38K-us-experimental-scoring
,U00121,AIXC,"AIxCrypto Holdings, Inc. - Common Stock",NASDAQ,0001460702,CANDIDATE_MATRIX_PARTIAL_FUNDAMENTALS,medium,,REVIEW_REQUIRED,20.0,0.0,0.0,0.0,35.0,limited positive signal detail,large 12m drawdown; high 6m volatility; risk/liquidity component below 55,fundamental_features_missing_or_partial,"Research-only experimental score; not a recommendation, prediction, buy/sell/hold signal or financial advice.",true,true,false,v2.38K-us-experimental-scoring
,U00125,AKTS,"Aktis Oncology, Inc. - Common stock",NASDAQ,0002035832,CANDIDATE_MATRIX_PARTIAL_FUNDAMENTALS,medium,,REVIEW_REQUIRED,20.0,15.0,0.0,92.3891,43.1237,positive price trend; positive 12m momentum,large 12m drawdown; high 6m volatility; risk/liquidity component below 55,fundamental_features_missing_or_partial,"Research-only experimental score; not a recommendation, prediction, buy/sell/hold signal or financial advice.",true,true,false,v2.38K-us-experimental-scoring
,U00129,ALDF,Aldel Financial II Inc. - Class A Ordinary Shares,NASDAQ,0002031561,CANDIDATE_MATRIX_PARTIAL_FUNDAMENTALS,medium,,REVIEW_REQUIRED,45.0,5.738,0.0,49.2658,98.9594,positive price trend; positive 12m momentum,no dominant risk flag in tracked fields,fundamental_features_missing_or_partial,"Research-only experimental score; not a recommendation, prediction, buy/sell/hold signal or financial advice.",true,true,false,v2.38K-us-experimental-scoring
,U00130,ALDX,"Aldeyra Therapeutics, Inc. - Common Stock",NASDAQ,0001341235,CANDIDATE_MATRIX_PARTIAL_FUNDAMENTALS,medium,,REVIEW_REQUIRED,39.4953,0.0269,0.0,0.0,30.1919,limited positive signal detail,large 12m drawdown; high 6m volatility; risk/liquidity component below 55,fundamental_features_missing_or_partial,"Research-only experimental score; not a recommendation, prediction, buy/sell/hold signal or financial advice.",true,true,false,v2.38K-us-experimental-scoring
,U00135,ALGS,"Aligos Therapeutics, Inc. - Common stock",NASDAQ,0001799448,CANDIDATE_MATRIX_PARTIAL_FUNDAMENTALS,medium,,REVIEW_REQUIRED,39.2787,13.1501,0.0,8.7667,30.9357,limited positive signal detail,large 12m drawdown; high 6m volatility; risk/liquidity component below 55,fundamental_features_missing_or_partial,"Research-only experimental score; not a recommendation, prediction, buy/sell/hold signal or financial advice.",true,true,false,v2.38K-us-experimental-scoring
,U00141,ALLO,"Allogene Therapeutics, Inc. - Common Stock",NASDAQ,0001737287,CANDIDATE_MATRIX_PARTIAL_FUNDAMENTALS,medium,,REVIEW_REQUIRED,41.579,4.75,0.0,54.0976,44.837,positive 12m momentum,large 12m drawdown; high 6m volatility; risk/liquidity component below 55,fundamental_features_missing_or_partial,"Research-only experimental score; not a recommendation, prediction, buy/sell/hold signal or financial advice.",true,true,false,v2.38K-us-experimental-scoring
,U00142,ALLR,"Allarity Therapeutics, Inc. - Common stock",NASDAQ,0001860657,CANDIDATE_MATRIX_PARTIAL_FUNDAMENTALS,medium,,REVIEW_REQUIRED,37.6095,2.3101,0.0,54.9915,39.6133,positive price trend,large 12m drawdown; high 6m volatility; risk/liquidity component below 55,fundamental_features_missing_or_partial,"Research-only experimental score; not a recommendation, prediction, buy/sell/hold signal or financial advice.",true,true,false,v2.38K-us-experimental-scoring
,U00145,ALMR,"Alamar Biosciences, Inc. - Class A common stock",NASDAQ,0002104204,CANDIDATE_MATRIX_PARTIAL_PRICE,medium,,REVIEW_REQUIRED,20.0,15.0,0.0,0.0,67.4882,limited positive signal detail,no dominant risk flag in tracked fields,price_features_missing_or_partial,"Research-only experimental score; not a recommendation, prediction, buy/sell/hold signal or financial advice.",true,true,false,v2.38K-us-experimental-scoring
,U00151,ALOV,"Aldabra 4 Liquidity Opportunity Vehicle, Inc. - Class A Ordinary Shares",NASDAQ,0002083989,CANDIDATE_MATRIX_PARTIAL_PRICE,medium,,REVIEW_REQUIRED,20.0,5.4116,0.0,0.0,79.2967,limited positive signal detail,balance-sheet risk flag,price_features_missing_or_partial,"Research-only experimental score; not a recommendation, prediction, buy/sell/hold signal or financial advice.",true,true,false,v2.38K-us-experimental-scoring
,U00152,ALOY,REalloys Inc. - Common Stock,NASDAQ,0001567900,CANDIDATE_MATRIX_PARTIAL_FUNDAMENTALS,medium,,REVIEW_REQUIRED,20.0,0.0,0.0,47.2431,35.0,positive 12m momentum,large 12m drawdown; high 6m volatility; risk/liquidity component below 55,fundamental_features_missing_or_partial,"Research-only experimental score; not a recommendation, prediction, buy/sell/hold signal or financial advice.",true,true,false,v2.38K-us-experimental-scoring
,U00153,ALP,Alpha Compute Corp - Common Stock,NASDAQ,0001095435,CANDIDATE_MATRIX_PARTIAL_FUNDAMENTALS,medium,,REVIEW_REQUIRED,20.0,0.0,0.0,0.0,35.0,limited positive signal detail,large 12m drawdown; high 6m volatility; risk/liquidity component below 55,fundamental_features_missing_or_partial,"Research-only experimental score; not a recommendation, prediction, buy/sell/hold signal or financial advice.",true,true,false,v2.38K-us-experimental-scoring
,U00158,ALTI,"AlTi Global, Inc. - Class A Common Stock",NASDAQ,0001838615,CANDIDATE_MATRIX_PARTIAL_FUNDAMENTALS,medium,,REVIEW_REQUIRED,58.2523,72.3285,0.0,23.44,49.184,positive revenue growth,large 12m drawdown; high 6m volatility; risk/liquidity component below 55,fundamental_features_missing_or_partial,"Research-only experimental score; not a recommendation, prediction, buy/sell/hold signal or financial advice.",true,true,false,v2.38K-us-experimental-scoring
,U00161,ALXO,ALX Oncology Holdings Inc. - Common Stock,NASDAQ,0001810182,CANDIDATE_MATRIX_PARTIAL_FUNDAMENTALS,medium,,REVIEW_REQUIRED,34.3338,13.6371,0.0,76.0773,40.3345,positive price trend; positive 12m momentum,large 12m drawdown; high 6m volatility; risk/liquidity component below 55,fundamental_features_missing_or_partial,"Research-only experimental score; not a recommendation, prediction, buy/sell/hold signal or financial advice.",true,true,false,v2.38K-us-experimental-scoring
,U00162,ALZN,"Alzamend Neuro, Inc. - Common Stock",NASDAQ,0001677077,CANDIDATE_MATRIX_PARTIAL_FUNDAMENTALS,medium,,REVIEW_REQUIRED,31.4204,15.0,0.0,23.8388,29.2722,limited positive signal detail,large 12m drawdown; high 6m volatility; risk/liquidity component below 55,fundamental_features_missing_or_partial,"Research-only experimental score; not a recommendation, prediction, buy/sell/hold signal or financial advice.",true,true,false,v2.38K-us-experimental-scoring
,U00167,AMCI,AMC Robotics Corporation - Common Stock,NASDAQ,0001937891,CANDIDATE_MATRIX_PARTIAL_FUNDAMENTALS,medium,,REVIEW_REQUIRED,45.0,0.0,0.0,15.625,34.2365,positive 12m momentum,large 12m drawdown; high 6m volatility; risk/liquidity component below 55,fundamental_features_missing_or_partial,"Research-only experimental score; not a recommendation, prediction, buy/sell/hold signal or financial advice.",true,true,false,v2.38K-us-experimental-scoring
,U00171,AMIX,"Autonomix Medical, Inc. - Common Stock",NASDAQ,0001617867,CANDIDATE_MATRIX_PARTIAL_FUNDAMENTALS,medium,,REVIEW_REQUIRED,43.2654,15.0,0.0,87.0,32.4361,positive 12m momentum,large 12m drawdown; high 6m volatility; risk/liquidity component below 55,fundamental_features_missing_or_partial,"Research-only experimental score; not a recommendation, prediction, buy/sell/hold signal or financial advice.",true,true,false,v2.38K-us-experimental-scoring
,U00173,AMLX,"Amylyx Pharmaceuticals, Inc. - Common Stock",NASDAQ,0001658551,CANDIDATE_MATRIX_PARTIAL_FUNDAMENTALS,medium,,REVIEW_REQUIRED,45.0,15.0,0.0,95.0,48.6931,positive price trend; positive 12m momentum,high 6m volatility; risk/liquidity component below 55,fundamental_features_missing_or_partial,"Research-only experimental score; not a recommendation, prediction, buy/sell/hold signal or financial advice.",true,true,false,v2.38K-us-experimental-scoring
,U00181,AMSS,AMASS Brands Inc. - Common Stock,NASDAQ,0001851491,CANDIDATE_MATRIX_PARTIAL_PRICE,medium,,REVIEW_REQUIRED,20.0,0.0,0.0,0.0,65.0,limited positive signal detail,no dominant risk flag in tracked fields,price_features_missing_or_partial,"Research-only experimental score; not a recommendation, prediction, buy/sell/hold signal or financial advice.",true,true,false,v2.38K-us-experimental-scoring
,U00183,AMTX,"Aemetis, Inc - Common Stock",NASDAQ,0000738214,CANDIDATE_MATRIX_PARTIAL_FUNDAMENTALS,medium,,REVIEW_REQUIRED,20.0,0.0,0.0,33.8552,37.9227,limited positive signal detail,large 12m drawdown; high 6m volatility; risk/liquidity component below 55,fundamental_features_missing_or_partial,"Research-only experimental score; not a recommendation, prediction, buy/sell/hold signal or financial advice.",true,true,false,v2.38K-us-experimental-scoring
,U00188,ANGI,Angi Inc. - Class A Common Stock,NASDAQ,0001705110,CANDIDATE_MATRIX_PARTIAL_FUNDAMENTALS,medium,,REVIEW_REQUIRED,22.7827,0.5639,0.0,0.0,36.2685,limited positive signal detail,large 12m drawdown; high 6m volatility; risk/liquidity component below 55,fundamental_features_missing_or_partial,"Research-only experimental score; not a recommendation, prediction, buy/sell/hold signal or financial advice.",true,true,false,v2.38K-us-experimental-scoring
,U00192,ANIX,"Anixa Biosciences, Inc. - Common Stock",NASDAQ,0000715446,CANDIDATE_MATRIX_PARTIAL_FUNDAMENTALS,medium,,REVIEW_REQUIRED,45.0,13.5921,0.0,35.7772,50.7214,positive 12m momentum,large 12m drawdown; high 6m volatility; risk/liquidity component below 55,fundamental_features_missing_or_partial,"Research-only experimental score; not a recommendation, prediction, buy/sell/hold signal or financial advice.",true,true,false,v2.38K-us-experimental-scoring
,U00193,ANNA,"AleAnna, Inc. - Class A Common Stock",NASDAQ,0001845123,CANDIDATE_MATRIX_PARTIAL_FUNDAMENTALS,medium,,REVIEW_REQUIRED,63.6835,72.9851,0.0,17.2662,29.409,positive revenue growth,large 12m drawdown; high 6m volatility; risk/liquidity component below 55,fundamental_features_missing_or_partial,"Research-only experimental score; not a recommendation, prediction, buy/sell/hold signal or financial advice.",true,true,false,v2.38K-us-experimental-scoring
,U00194,ANNX,"Annexon, Inc. - common stock",NASDAQ,0001528115,CANDIDATE_MATRIX_PARTIAL_FUNDAMENTALS,medium,,REVIEW_REQUIRED,42.9583,2.8664,0.0,54.5922,53.2959,positive 12m momentum,large 12m drawdown; high 6m volatility; risk/liquidity component below 55,fundamental_features_missing_or_partial,"Research-only experimental score; not a recommendation, prediction, buy/sell/hold signal or financial advice.",true,true,false,v2.38K-us-experimental-scoring
,U00198,ANTX,"AN2 Therapeutics, Inc. - Common Stock",NASDAQ,0001880438,CANDIDATE_MATRIX_PARTIAL_FUNDAMENTALS,medium,,REVIEW_REQUIRED,45.0,15.0,0.0,95.0,41.7242,positive price trend; positive 12m momentum,large 12m drawdown; high 6m volatility; risk/liquidity component below 55,fundamental_features_missing_or_partial,"Research-only experimental score; not a recommendation, prediction, buy/sell/hold signal or financial advice.",true,true,false,v2.38K-us-experimental-scoring
,U00202,APA,APA Corporation - Common Stock,NASDAQ,0001841666,CANDIDATE_MATRIX_PARTIAL_FUNDAMENTALS,medium,,REVIEW_REQUIRED,20.0,12.6025,0.0,98.483,67.8153,positive price trend; positive 12m momentum,no dominant risk flag in tracked fields,fundamental_features_missing_or_partial,"Research-only experimental score; not a recommendation, prediction, buy/sell/hold signal or financial advice.",true,true,false,v2.38K-us-experimental-scoring
,U00204,APC,ARKO Petroleum Corp. - Class A Common Stock,NASDAQ,0002080921,CANDIDATE_MATRIX_PARTIAL_PRICE,medium,,REVIEW_REQUIRED,20.0,3.5876,0.0,6.5689,81.2249,limited positive signal detail,no dominant risk flag in tracked fields,price_features_missing_or_partial,"Research-only experimental score; not a recommendation, prediction, buy/sell/hold signal or financial advice.",true,true,false,v2.38K-us-experimental-scoring
,U00206,APGE,"Apogee Therapeutics, Inc. - Common Stock",NASDAQ,0001974640,CANDIDATE_MATRIX_PARTIAL_FUNDAMENTALS,medium,,REVIEW_REQUIRED,45.0,15.0,0.0,95.0,58.2747,positive price trend; positive 12m momentum,high 6m volatility,fundamental_features_missing_or_partial,"Research-only experimental score; not a recommendation, prediction, buy/sell/hold signal or financial advice.",true,true,false,v2.38K-us-experimental-scoring
,U00208,APLD,Applied Digital Corporation - Common Stock,NASDAQ,0001144879,CANDIDATE_MATRIX_PARTIAL_FUNDAMENTALS,medium,,REVIEW_REQUIRED,57.2341,70.0,0.0,46.5516,30.9255,positive revenue growth; positive 12m momentum,large 12m drawdown; high 6m volatility; risk/liquidity component below 55,fundamental_features_missing_or_partial,"Research-only experimental score; not a recommendation, prediction, buy/sell/hold signal or financial advice.",true,true,false,v2.38K-us-experimental-scoring
,U00217,APRE,"Aprea Therapeutics, Inc. - Common Stock",NASDAQ,0001781983,CANDIDATE_MATRIX_PARTIAL_FUNDAMENTALS,medium,,REVIEW_REQUIRED,20.0,9.44,0.0,12.7319,39.0607,limited positive signal detail,large 12m drawdown; high 6m volatility; risk/liquidity component below 55,fundamental_features_missing_or_partial,"Research-only experimental score; not a recommendation, prediction, buy/sell/hold signal or financial advice.",true,true,false,v2.38K-us-experimental-scoring
,U00218,APUR,Aperture AC - Class A Ordinary Shares,NASDAQ,0002093524,CANDIDATE_MATRIX_PARTIAL_PRICE,medium,,REVIEW_REQUIRED,20.0,4.9751,0.0,0.0,98.626,limited positive signal detail,no dominant risk flag in tracked fields,price_features_missing_or_partial,"Research-only experimental score; not a recommendation, prediction, buy/sell/hold signal or financial advice.",true,true,false,v2.38K-us-experimental-scoring
,U00219,APVO,Aptevo Therapeutics Inc. - Common Stock,NASDAQ,0001671584,CANDIDATE_MATRIX_PARTIAL_FUNDAMENTALS,medium,,REVIEW_REQUIRED,40.0801,0.0,0.0,0.0,36.602,limited positive signal detail,large 12m drawdown; high 6m volatility; risk/liquidity component below 55,fundamental_features_missing_or_partial,"Research-only experimental score; not a recommendation, prediction, buy/sell/hold signal or financial advice.",true,true,false,v2.38K-us-experimental-scoring
,U00221,APXT,Apex Treasury Corporation - Class A Ordinary Share,NASDAQ,0002079253,CANDIDATE_MATRIX_PARTIAL_PRICE,medium,,REVIEW_REQUIRED,45.0,5.4353,0.0,9.1481,98.5312,limited positive signal detail,no dominant risk flag in tracked fields,price_features_missing_or_partial,"Research-only experimental score; not a recommendation, prediction, buy/sell/hold signal or financial advice.",true,true,false,v2.38K-us-experimental-scoring
,U00223,AQB,"AquaBounty Technologies, Inc. - Common Stock",NASDAQ,0001603978,CANDIDATE_MATRIX_PARTIAL_FUNDAMENTALS,medium,,REVIEW_REQUIRED,20.0,12.7826,0.0,67.8791,22.8281,positive price trend; positive 12m momentum,balance-sheet risk flag; large 12m drawdown; high 6m volatility; risk/liquidity component below 55,fundamental_features_missing_or_partial,"Research-only experimental score; not a recommendation, prediction, buy/sell/hold signal or financial advice.",true,true,false,v2.38K-us-experimental-scoring
,U00224,AQMS,"Aqua Metals, Inc. - Common Stock",NASDAQ,0001621832,CANDIDATE_MATRIX_PARTIAL_FUNDAMENTALS,medium,,REVIEW_REQUIRED,42.6554,0.0,0.0,7.2092,39.2098,limited positive signal detail,large 12m drawdown; high 6m volatility; risk/liquidity component below 55,fundamental_features_missing_or_partial,"Research-only experimental score; not a recommendation, prediction, buy/sell/hold signal or financial advice.",true,true,false,v2.38K-us-experimental-scoring
,U00226,ARAI,Arrive AI Inc. - Common Stock,NASDAQ,0001818274,CANDIDATE_MATRIX_PARTIAL_FUNDAMENTALS,medium,,REVIEW_REQUIRED,27.2472,0.0,0.0,0.0,21.3413,limited positive signal detail,balance-sheet risk flag; large 12m drawdown; high 6m volatility; risk/liquidity component below 55,fundamental_features_missing_or_partial,"Research-only experimental score; not a recommendation, prediction, buy/sell/hold signal or financial advice.",true,true,false,v2.38K-us-experimental-scoring
,U00232,ARCI,Archimedes Tech SPAC Partners III Co. - Ordinary Share,NASDAQ,0002083910,CANDIDATE_MATRIX_PARTIAL_PRICE,medium,,REVIEW_REQUIRED,20.0,5.7591,0.0,0.0,99.3027,limited positive signal detail,no dominant risk flag in tracked fields,price_features_missing_or_partial,"Research-only experimental score; not a recommendation, prediction, buy/sell/hold signal or financial advice.",true,true,false,v2.38K-us-experimental-scoring
,U00236,AREC,American Resources Corporation - Class A Common Stock,NASDAQ,0001590715,CANDIDATE_MATRIX_PARTIAL_FUNDAMENTALS,medium,,REVIEW_REQUIRED,38.04,4.7968,0.0,41.4514,31.9912,positive 12m momentum,large 12m drawdown; high 6m volatility; risk/liquidity component below 55,fundamental_features_missing_or_partial,"Research-only experimental score; not a recommendation, prediction, buy/sell/hold signal or financial advice.",true,true,false,v2.38K-us-experimental-scoring
,U00241,ARQ,"Arq, Inc. - Common Stock",NASDAQ,0001515156,CANDIDATE_MATRIX_PARTIAL_FUNDAMENTALS,medium,,REVIEW_REQUIRED,42.1635,1.1539,0.0,1.2312,33.3538,limited positive signal detail,large 12m drawdown; high 6m volatility; risk/liquidity component below 55,fundamental_features_missing_or_partial,"Research-only experimental score; not a recommendation, prediction, buy/sell/hold signal or financial advice.",true,true,false,v2.38K-us-experimental-scoring
,U00246,ARTL,"Artelo Biosciences, Inc. - Common Stock",NASDAQ,0001621221,CANDIDATE_MATRIX_PARTIAL_FUNDAMENTALS,medium,,REVIEW_REQUIRED,20.0,15.0,0.0,47.0,15.0,limited positive signal detail,balance-sheet risk flag; large 12m drawdown; high 6m volatility; risk/liquidity component below 55,fundamental_features_missing_or_partial,"Research-only experimental score; not a recommendation, prediction, buy/sell/hold signal or financial advice.",true,true,false,v2.38K-us-experimental-scoring
,U00248,ARTV,"Artiva Biotherapeutics, Inc. - Common Stock",NASDAQ,0001817241,CANDIDATE_MATRIX_PARTIAL_FUNDAMENTALS,medium,,REVIEW_REQUIRED,44.7632,15.0,0.0,95.0,40.2957,positive price trend; positive 12m momentum,large 12m drawdown; high 6m volatility; risk/liquidity component below 55,fundamental_features_missing_or_partial,"Research-only experimental score; not a recommendation, prediction, buy/sell/hold signal or financial advice.",true,true,false,v2.38K-us-experimental-scoring
,U00252,ARXS,"Arxis, Inc. - Class A Common Stock",NASDAQ,0002093536,CANDIDATE_MATRIX_PARTIAL_PRICE,medium,,REVIEW_REQUIRED,20.0,13.5371,0.0,0.0,75.9641,limited positive signal detail,no dominant risk flag in tracked fields,price_features_missing_or_partial,"Research-only experimental score; not a recommendation, prediction, buy/sell/hold signal or financial advice.",true,true,false,v2.38K-us-experimental-scoring
,U00253,ASBP,"Aspire Biopharma Holdings, Inc. - Common Stock",NASDAQ,0001847345,CANDIDATE_MATRIX_PARTIAL_FUNDAMENTALS,medium,,REVIEW_REQUIRED,20.0,15.0,0.0,55.0,15.0,positive price trend,balance-sheet risk flag; large 12m drawdown; high 6m volatility; risk/liquidity component below 55,fundamental_features_missing_or_partial,"Research-only experimental score; not a recommendation, prediction, buy/sell/hold signal or financial advice.",true,true,false,v2.38K-us-experimental-scoring
,U00256,ASML,ASML Holding N.V. - New York Registry Shares,NASDAQ,0000937966,CANDIDATE_MATRIX_PARTIAL_FUNDAMENTALS,medium,,REVIEW_REQUIRED,20.0,4.362,0.0,79.7627,69.0918,positive 12m momentum,no dominant risk flag in tracked fields,fundamental_features_missing_or_partial,"Research-only experimental score; not a recommendation, prediction, buy/sell/hold signal or financial advice.",true,true,false,v2.38K-us-experimental-scoring
,U00261,ASPS,Altisource Portfolio Solutions S.A. - Common Stock,NASDAQ,0001462418,CANDIDATE_MATRIX_PARTIAL_FUNDAMENTALS,medium,,REVIEW_REQUIRED,36.2057,46.9433,9.5978,6.149,48.0767,positive revenue growth,large 12m drawdown; high 6m volatility; risk/liquidity component below 55,fundamental_features_missing_or_partial,"Research-only experimental score; not a recommendation, prediction, buy/sell/hold signal or financial advice.",true,true,false,v2.38K-us-experimental-scoring
,U00269,ASTS,"AST SpaceMobile, Inc. - Class A Common Stock",NASDAQ,0001780312,CANDIDATE_MATRIX_PARTIAL_FUNDAMENTALS,medium,,REVIEW_REQUIRED,35.5697,0.0,0.0,36.0797,30.4851,positive 12m momentum,large 12m drawdown; high 6m volatility; risk/liquidity component below 55,fundamental_features_missing_or_partial,"Research-only experimental score; not a recommendation, prediction, buy/sell/hold signal or financial advice.",true,true,false,v2.38K-us-experimental-scoring
,U00270,ASUR,Asure Software Inc - Common Stock,NASDAQ,0000884144,CANDIDATE_MATRIX_PARTIAL_FUNDAMENTALS,medium,,REVIEW_REQUIRED,32.0734,5.1947,0.0,39.5546,58.4131,positive 12m momentum,no dominant risk flag in tracked fields,fundamental_features_missing_or_partial,"Research-only experimental score; not a recommendation, prediction, buy/sell/hold signal or financial advice.",true,true,false,v2.38K-us-experimental-scoring
,U00272,ATAI,AtaiBeckley Inc. - Common Stock,NASDAQ,0002081043,CANDIDATE_MATRIX_PARTIAL_FUNDAMENTALS,medium,,REVIEW_REQUIRED,42.8627,15.0,0.0,91.3874,44.7743,positive price trend; positive 12m momentum,large 12m drawdown; high 6m volatility; risk/liquidity component below 55,fundamental_features_missing_or_partial,"Research-only experimental score; not a recommendation, prediction, buy/sell/hold signal or financial advice.",true,true,false,v2.38K-us-experimental-scoring
,U00273,ATCX,Atlas Critical Minerals Corporation - Common Stock,NASDAQ,0001684688,CANDIDATE_MATRIX_PARTIAL_PRICE,medium,,REVIEW_REQUIRED,29.7825,0.0,0.0,0.0,28.9859,limited positive signal detail,high 6m volatility; risk/liquidity component below 55,price_features_missing_or_partial,"Research-only experimental score; not a recommendation, prediction, buy/sell/hold signal or financial advice.",true,true,false,v2.38K-us-experimental-scoring
,U00274,ATEC,"Alphatec Holdings, Inc. - Common Stock",NASDAQ,0001350653,CANDIDATE_MATRIX_PARTIAL_FUNDAMENTALS,medium,,REVIEW_REQUIRED,20.0,12.9993,0.0,0.0,42.7273,limited positive signal detail,large 12m drawdown; high 6m volatility; risk/liquidity component below 55,fundamental_features_missing_or_partial,"Research-only experimental score; not a recommendation, prediction, buy/sell/hold signal or financial advice.",true,true,false,v2.38K-us-experimental-scoring
,U00278,ATHR,"Aether Holdings, Inc. - Common Stock",NASDAQ,0002026353,CANDIDATE_MATRIX_PARTIAL_FUNDAMENTALS,medium,,REVIEW_REQUIRED,45.0,2.2633,0.0,3.4964,33.8374,limited positive signal detail,large 12m drawdown; high 6m volatility; risk/liquidity component below 55,fundamental_features_missing_or_partial,"Research-only experimental score; not a recommendation, prediction, buy/sell/hold signal or financial advice.",true,true,false,v2.38K-us-experimental-scoring
,U00279,ATII,Archimedes Tech SPAC Partners II Co. - Ordinary Shares,NASDAQ,0002028516,CANDIDATE_MATRIX_PARTIAL_FUNDAMENTALS,medium,,REVIEW_REQUIRED,45.0,3.605,0.0,35.9593,94.3705,positive 12m momentum,no dominant risk flag in tracked fields,fundamental_features_missing_or_partial,"Research-only experimental score; not a recommendation, prediction, buy/sell/hold signal or financial advice.",true,true,false,v2.38K-us-experimental-scoring
,U00285,ATOS,"Atossa Therapeutics, Inc. - Common Stock",NASDAQ,0001488039,CANDIDATE_MATRIX_PARTIAL_FUNDAMENTALS,medium,,REVIEW_REQUIRED,44.4541,0.0,0.0,0.0,35.3512,limited positive signal detail,large 12m drawdown; high 6m volatility; risk/liquidity component below 55,fundamental_features_missing_or_partial,"Research-only experimental score; not a recommendation, prediction, buy/sell/hold signal or financial advice.",true,true,false,v2.38K-us-experimental-scoring
,U00286,ATPC,Agape ATP Corporation - Common Stock,NASDAQ,0001713210,CANDIDATE_MATRIX_PARTIAL_FUNDAMENTALS,medium,,REVIEW_REQUIRED,58.0782,55.1005,0.0,16.6111,33.9937,positive revenue growth,large 12m drawdown; high 6m volatility; risk/liquidity component below 55,fundamental_features_missing_or_partial,"Research-only experimental score; not a recommendation, prediction, buy/sell/hold signal or financial advice.",true,true,false,v2.38K-us-experimental-scoring
,U00292,AUBN,"Auburn National Bancorporation, Inc. - Common Stock",NASDAQ,0000750574,CANDIDATE_MATRIX_PARTIAL_FUNDAMENTALS,medium,,REVIEW_REQUIRED,22.8914,6.2134,0.0,39.9358,55.5562,positive 12m momentum,balance-sheet risk flag,fundamental_features_missing_or_partial,"Research-only experimental score; not a recommendation, prediction, buy/sell/hold signal or financial advice.",true,true,false,v2.38K-us-experimental-scoring
,U00296,AUID,authID Inc. - Common Stock,NASDAQ,0001534154,CANDIDATE_MATRIX_PARTIAL_FUNDAMENTALS,medium,,REVIEW_REQUIRED,70.0,70.0,0.0,0.0,33.445,positive revenue growth,large 12m drawdown; high 6m volatility; risk/liquidity component below 55,fundamental_features_missing_or_partial,"Research-only experimental score; not a recommendation, prediction, buy/sell/hold signal or financial advice.",true,true,false,v2.38K-us-experimental-scoring
,U00299,AURA,"Aura Biosciences, Inc. - Common Stock",NASDAQ,0001501796,CANDIDATE_MATRIX_PARTIAL_FUNDAMENTALS,medium,,REVIEW_REQUIRED,44.0219,10.2568,0.0,72.9941,58.4035,positive price trend; positive 12m momentum,high 6m volatility,fundamental_features_missing_or_partial,"Research-only experimental score; not a recommendation, prediction, buy/sell/hold signal or financial advice.",true,true,false,v2.38K-us-experimental-scoring
,U00300,AURE,Aurelion Inc. - Class A Ordinary Shares,NASDAQ,0001765850,CANDIDATE_MATRIX_PARTIAL_FUNDAMENTALS,medium,,REVIEW_REQUIRED,60.6852,70.0,0.0,0.0,33.2268,positive revenue growth,large 12m drawdown; high 6m volatility; risk/liquidity component below 55,fundamental_features_missing_or_partial,"Research-only experimental score; not a recommendation, prediction, buy/sell/hold signal or financial advice.",true,true,false,v2.38K-us-experimental-scoring
,U00301,AUUD,Auddia Inc. - Common Stock,NASDAQ,0001554818,CANDIDATE_MATRIX_PARTIAL_FUNDAMENTALS,medium,,REVIEW_REQUIRED,44.1631,0.0,0.0,0.0,32.8758,limited positive signal detail,large 12m drawdown; high 6m volatility; risk/liquidity component below 55,fundamental_features_missing_or_partial,"Research-only experimental score; not a recommendation, prediction, buy/sell/hold signal or financial advice.",true,true,false,v2.38K-us-experimental-scoring
,U00302,AVAH,Aveanna Healthcare Holdings Inc. - Common Stock,NASDAQ,0001832332,CANDIDATE_MATRIX_PARTIAL_FUNDAMENTALS,medium,,REVIEW_REQUIRED,37.2695,15.0,55.7224,91.3989,40.841,positive profitability/FCF signal; positive price trend; positive 12m momentum,balance-sheet risk flag; large 12m drawdown; high 6m volatility; risk/liquidity component below 55,fundamental_features_missing_or_partial,"Research-only experimental score; not a recommendation, prediction, buy/sell/hold signal or financial advice.",true,true,false,v2.38K-us-experimental-scoring
,U00303,AVAT,Avalanche Treasury Corporation - Class A Common Stock,NASDAQ,0002092446,CANDIDATE_MATRIX_PARTIAL_PRICE,medium,,REVIEW_REQUIRED,20.0,0.0,0.0,0.0,100.0,limited positive signal detail,no dominant risk flag in tracked fields,price_features_missing_or_partial,"Research-only experimental score; not a recommendation, prediction, buy/sell/hold signal or financial advice.",true,true,false,v2.38K-us-experimental-scoring
,U00304,AVAV,"AeroVironment, Inc. - Common Stock",NASDAQ,0001368622,CANDIDATE_MATRIX_PARTIAL_FUNDAMENTALS,medium,,REVIEW_REQUIRED,24.5045,0.0,6.2961,0.2153,42.9746,limited positive signal detail,large 12m drawdown; high 6m volatility; risk/liquidity component below 55,fundamental_features_missing_or_partial,"Research-only experimental score; not a recommendation, prediction, buy/sell/hold signal or financial advice.",true,true,false,v2.38K-us-experimental-scoring
,U00305,AVBH,"Avidbank Holdings, Inc. - Common Stock",NASDAQ,0001443575,CANDIDATE_MATRIX_PARTIAL_FUNDAMENTALS,medium,,REVIEW_REQUIRED,23.4991,7.0082,0.0,60.0958,72.4293,positive 12m momentum,balance-sheet risk flag,fundamental_features_missing_or_partial,"Research-only experimental score; not a recommendation, prediction, buy/sell/hold signal or financial advice.",true,true,false,v2.38K-us-experimental-scoring
,U00306,AVBP,"ArriVent BioPharma, Inc. - Common Stock",NASDAQ,0001868279,CANDIDATE_MATRIX_PARTIAL_FUNDAMENTALS,medium,,REVIEW_REQUIRED,45.0,6.4299,0.0,73.28,64.4799,positive 12m momentum,high 6m volatility,fundamental_features_missing_or_partial,"Research-only experimental score; not a recommendation, prediction, buy/sell/hold signal or financial advice.",true,true,false,v2.38K-us-experimental-scoring
,U00308,AVIR,"Atea Pharmaceuticals, Inc. - common stock",NASDAQ,0001593899,CANDIDATE_MATRIX_PARTIAL_FUNDAMENTALS,medium,,REVIEW_REQUIRED,45.0,15.0,0.0,89.9162,61.1544,positive price trend; positive 12m momentum,no dominant risk flag in tracked fields,fundamental_features_missing_or_partial,"Research-only experimental score; not a recommendation, prediction, buy/sell/hold signal or financial advice.",true,true,false,v2.38K-us-experimental-scoring
,U00309,AVLN,Avalyn Pharma Inc. - common stock,NASDAQ,0001540171,CANDIDATE_MATRIX_PARTIAL_PRICE,medium,,REVIEW_REQUIRED,20.0,14.9704,0.0,0.0,75.6957,limited positive signal detail,no dominant risk flag in tracked fields,price_features_missing_or_partial,"Research-only experimental score; not a recommendation, prediction, buy/sell/hold signal or financial advice.",true,true,false,v2.38K-us-experimental-scoring
,U00313,AVR,Anteris Technologies Global Corp. - Common Stock,NASDAQ,0002011514,CANDIDATE_MATRIX_PARTIAL_FUNDAMENTALS,medium,,REVIEW_REQUIRED,20.0,3.9944,0.0,83.4398,34.9706,positive 12m momentum,balance-sheet risk flag; large 12m drawdown; high 6m volatility; risk/liquidity component below 55,fundamental_features_missing_or_partial,"Research-only experimental score; not a recommendation, prediction, buy/sell/hold signal or financial advice.",true,true,false,v2.38K-us-experimental-scoring
,U00315,AVTX,"Avalo Therapeutics, Inc. - Common Stock",NASDAQ,0001534120,CANDIDATE_MATRIX_PARTIAL_FUNDAMENTALS,medium,,REVIEW_REQUIRED,41.8062,15.0,0.0,80.6807,43.8,positive price trend; positive 12m momentum,large 12m drawdown; high 6m volatility; risk/liquidity component below 55,fundamental_features_missing_or_partial,"Research-only experimental score; not a recommendation, prediction, buy/sell/hold signal or financial advice.",true,true,false,v2.38K-us-experimental-scoring
,U00316,AVX,Avax One Technology Ltd. - Common Shares,NASDAQ,0001826397,CANDIDATE_MATRIX_PARTIAL_FUNDAMENTALS,medium,,REVIEW_REQUIRED,70.0,85.0,0.0,80.3189,34.5317,positive revenue growth; positive 12m momentum,large 12m drawdown; high 6m volatility; risk/liquidity component below 55,fundamental_features_missing_or_partial,"Research-only experimental score; not a recommendation, prediction, buy/sell/hold signal or financial advice.",true,true,false,v2.38K-us-experimental-scoring
,U00317,AVXL,Anavex Life Sciences Corp. - Common Stock,NASDAQ,0001314052,CANDIDATE_MATRIX_PARTIAL_FUNDAMENTALS,medium,,REVIEW_REQUIRED,45.0,10.4033,0.0,2.4418,38.8006,limited positive signal detail,large 12m drawdown; high 6m volatility; risk/liquidity component below 55,fundamental_features_missing_or_partial,"Research-only experimental score; not a recommendation, prediction, buy/sell/hold signal or financial advice.",true,true,false,v2.38K-us-experimental-scoring
,U00318,AWRE,"Aware, Inc. - Common Stock",NASDAQ,0001015739,CANDIDATE_MATRIX_PARTIAL_FUNDAMENTALS,medium,,REVIEW_REQUIRED,20.0,2.5926,0.0,1.4316,43.2825,limited positive signal detail,large 12m drawdown; high 6m volatility; risk/liquidity component below 55,fundamental_features_missing_or_partial,"Research-only experimental score; not a recommendation, prediction, buy/sell/hold signal or financial advice.",true,true,false,v2.38K-us-experimental-scoring
,U00328,AZI,Autozi Internet Technology (Global) Ltd. - Class A Ordinary Shares,NASDAQ,0001959726,CANDIDATE_MATRIX_PARTIAL_FUNDAMENTALS,medium,,REVIEW_REQUIRED,33.029,25.4204,8.9153,0.0,15.0,limited positive signal detail,balance-sheet risk flag; large 12m drawdown; high 6m volatility; risk/liquidity component below 55,fundamental_features_missing_or_partial,"Research-only experimental score; not a recommendation, prediction, buy/sell/hold signal or financial advice.",true,true,false,v2.38K-us-experimental-scoring
,U00332,BAFN,BayFirst Financial Corp. - Common Stock,NASDAQ,0001649739,CANDIDATE_MATRIX_PARTIAL_FUNDAMENTALS,medium,,REVIEW_REQUIRED,22.017,14.1083,0.0,36.352,29.85,limited positive signal detail,balance-sheet risk flag; large 12m drawdown; high 6m volatility; risk/liquidity component below 55,fundamental_features_missing_or_partial,"Research-only experimental score; not a recommendation, prediction, buy/sell/hold signal or financial advice.",true,true,false,v2.38K-us-experimental-scoring
,U00345,BBIO,"BridgeBio Pharma, Inc. - Common Stock",NASDAQ,0001743881,CANDIDATE_MATRIX_PARTIAL_FUNDAMENTALS,medium,,REVIEW_REQUIRED,45.0,82.6299,0.0,66.6383,53.4883,positive revenue growth; positive 12m momentum,balance-sheet risk flag; risk/liquidity component below 55,fundamental_features_missing_or_partial,"Research-only experimental score; not a recommendation, prediction, buy/sell/hold signal or financial advice.",true,true,false,v2.38K-us-experimental-scoring
,U00346,BBLG,Bone Biologics Corp - Common Stock,NASDAQ,0001419554,CANDIDATE_MATRIX_PARTIAL_FUNDAMENTALS,medium,,REVIEW_REQUIRED,45.0,0.0,0.0,0.0,44.0331,limited positive signal detail,large 12m drawdown; high 6m volatility; risk/liquidity component below 55,fundamental_features_missing_or_partial,"Research-only experimental score; not a recommendation, prediction, buy/sell/hold signal or financial advice.",true,true,false,v2.38K-us-experimental-scoring
,U00348,BBOT,"BridgeBio Oncology Therapeutics, Inc. - Common Stock",NASDAQ,0001869105,CANDIDATE_MATRIX_PARTIAL_FUNDAMENTALS,medium,,REVIEW_REQUIRED,45.0,11.2474,0.0,21.2324,54.5179,limited positive signal detail,large 12m drawdown; high 6m volatility; risk/liquidity component below 55,fundamental_features_missing_or_partial,"Research-only experimental score; not a recommendation, prediction, buy/sell/hold signal or financial advice.",true,true,false,v2.38K-us-experimental-scoring
,U00349,BBSI,"Barrett Business Services, Inc. - Common Stock",NASDAQ,0000902791,CANDIDATE_MATRIX_PARTIAL_FUNDAMENTALS,medium,,REVIEW_REQUIRED,29.9781,7.49,0.0,28.2073,51.949,limited positive signal detail,large 12m drawdown; risk/liquidity component below 55,fundamental_features_missing_or_partial,"Research-only experimental score; not a recommendation, prediction, buy/sell/hold signal or financial advice.",true,true,false,v2.38K-us-experimental-scoring
,U00350,BCAB,"BioAtla, Inc. - Common Stock",NASDAQ,0001826892,CANDIDATE_MATRIX_PARTIAL_FUNDAMENTALS,medium,,REVIEW_REQUIRED,20.0,0.0,0.0,0.0,15.0,limited positive signal detail,balance-sheet risk flag; large 12m drawdown; high 6m volatility; risk/liquidity component below 55,fundamental_features_missing_or_partial,"Research-only experimental score; not a recommendation, prediction, buy/sell/hold signal or financial advice.",true,true,false,v2.38K-us-experimental-scoring
,U00353,BCAX,Bicara Therapeutics Inc. - Common Stock,NASDAQ,0002023658,CANDIDATE_MATRIX_PARTIAL_FUNDAMENTALS,medium,,REVIEW_REQUIRED,45.0,12.7565,0.0,79.682,66.178,positive 12m momentum,no dominant risk flag in tracked fields,fundamental_features_missing_or_partial,"Research-only experimental score; not a recommendation, prediction, buy/sell/hold signal or financial advice.",true,true,false,v2.38K-us-experimental-scoring
,U00354,BCBP,"BCB Bancorp, Inc. (NJ) - Common Stock",NASDAQ,0001228454,CANDIDATE_MATRIX_PARTIAL_FUNDAMENTALS,medium,,REVIEW_REQUIRED,22.9691,0.0,0.0,30.2165,57.7495,limited positive signal detail,balance-sheet risk flag,fundamental_features_missing_or_partial,"Research-only experimental score; not a recommendation, prediction, buy/sell/hold signal or financial advice.",true,true,false,v2.38K-us-experimental-scoring
,U00355,BCDA,"BioCardia, Inc. - Common Stock",NASDAQ,0000925741,CANDIDATE_MATRIX_PARTIAL_FUNDAMENTALS,medium,,REVIEW_REQUIRED,28.4078,14.033,0.0,13.0299,31.8906,limited positive signal detail,large 12m drawdown; high 6m volatility; risk/liquidity component below 55,fundamental_features_missing_or_partial,"Research-only experimental score; not a recommendation, prediction, buy/sell/hold signal or financial advice.",true,true,false,v2.38K-us-experimental-scoring
,U00360,BCRX,"BioCryst Pharmaceuticals, Inc. - Common Stock",NASDAQ,0000882796,CANDIDATE_MATRIX_PARTIAL_FUNDAMENTALS,medium,,REVIEW_REQUIRED,20.0,13.4704,0.0,76.7125,48.4132,positive price trend; positive 12m momentum,balance-sheet risk flag; risk/liquidity component below 55,fundamental_features_missing_or_partial,"Research-only experimental score; not a recommendation, prediction, buy/sell/hold signal or financial advice.",true,true,false,v2.38K-us-experimental-scoring
,U00361,BCTX,BriaCell Therapeutics Corp. - Common Shares,NASDAQ,0001610820,CANDIDATE_MATRIX_PARTIAL_FUNDAMENTALS,medium,,REVIEW_REQUIRED,20.0,9.5821,0.0,4.0688,40.3238,limited positive signal detail,large 12m drawdown; high 6m volatility; risk/liquidity component below 55,fundamental_features_missing_or_partial,"Research-only experimental score; not a recommendation, prediction, buy/sell/hold signal or financial advice.",true,true,false,v2.38K-us-experimental-scoring
,U00362,BDCI,BTC Development Corp. - Class A Ordinary Shares,NASDAQ,0002042292,CANDIDATE_MATRIX_PARTIAL_PRICE,medium,,REVIEW_REQUIRED,45.0,5.5218,0.0,30.4868,99.0027,positive price trend,no dominant risk flag in tracked fields,price_features_missing_or_partial,"Research-only experimental score; not a recommendation, prediction, buy/sell/hold signal or financial advice.",true,true,false,v2.38K-us-experimental-scoring
,U00365,BDTX,"Black Diamond Therapeutics, Inc. - Common Stock",NASDAQ,0001701541,CANDIDATE_MATRIX_PARTIAL_FUNDAMENTALS,medium,,REVIEW_REQUIRED,43.4749,6.1111,0.0,14.3431,35.9173,limited positive signal detail,large 12m drawdown; high 6m volatility; risk/liquidity component below 55,fundamental_features_missing_or_partial,"Research-only experimental score; not a recommendation, prediction, buy/sell/hold signal or financial advice.",true,true,false,v2.38K-us-experimental-scoring
,U00368,BEAT,"Heartbeam, Inc. - Common Stock",NASDAQ,0001779372,CANDIDATE_MATRIX_PARTIAL_FUNDAMENTALS,medium,,REVIEW_REQUIRED,34.5163,0.0,0.0,0.0,30.3209,limited positive signal detail,large 12m drawdown; high 6m volatility; risk/liquidity component below 55,fundamental_features_missing_or_partial,"Research-only experimental score; not a recommendation, prediction, buy/sell/hold signal or financial advice.",true,true,false,v2.38K-us-experimental-scoring
,U00370,BEEP,Mobile Infrastructure Corporation - Common Stock,NASDAQ,0001847874,CANDIDATE_MATRIX_PARTIAL_FUNDAMENTALS,medium,,REVIEW_REQUIRED,39.4388,21.1362,0.0,27.7915,30.1373,limited positive signal detail,large 12m drawdown; high 6m volatility; risk/liquidity component below 55,fundamental_features_missing_or_partial,"Research-only experimental score; not a recommendation, prediction, buy/sell/hold signal or financial advice.",true,true,false,v2.38K-us-experimental-scoring
,U00373,BENF,Beneficient - Class A Common Stock,NASDAQ,0001775734,CANDIDATE_MATRIX_PARTIAL_FUNDAMENTALS,medium,,REVIEW_REQUIRED,20.0,0.0,0.0,2.5411,22.4676,limited positive signal detail,balance-sheet risk flag; large 12m drawdown; high 6m volatility; risk/liquidity component below 55,fundamental_features_missing_or_partial,"Research-only experimental score; not a recommendation, prediction, buy/sell/hold signal or financial advice.",true,true,false,v2.38K-us-experimental-scoring
,U00376,BFRG,"Bullfrog AI Holdings, Inc. - Common Stock",NASDAQ,0001829247,CANDIDATE_MATRIX_PARTIAL_FUNDAMENTALS,medium,,REVIEW_REQUIRED,67.8454,70.0,0.0,1.7574,32.2652,positive revenue growth,large 12m drawdown; high 6m volatility; risk/liquidity component below 55,fundamental_features_missing_or_partial,"Research-only experimental score; not a recommendation, prediction, buy/sell/hold signal or financial advice.",true,true,false,v2.38K-us-experimental-scoring
,U00380,BGDE,"Big Digital Energy, Inc. - Common Stock",NASDAQ,0001218683,CANDIDATE_MATRIX_PARTIAL_FUNDAMENTALS,medium,,REVIEW_REQUIRED,20.0,0.0,0.0,46.0124,15.0,limited positive signal detail,balance-sheet risk flag; large 12m drawdown; high 6m volatility; risk/liquidity component below 55,fundamental_features_missing_or_partial,"Research-only experimental score; not a recommendation, prediction, buy/sell/hold signal or financial advice.",true,true,false,v2.38K-us-experimental-scoring
,U00381,BGIN,Bgin Blockchain Limited - Class A Ordinary Shares,NASDAQ,0001945565,CANDIDATE_MATRIX_PARTIAL_PRICE,medium,,REVIEW_REQUIRED,38.9274,0.0,0.0,0.0,34.5436,limited positive signal detail,high 6m volatility; risk/liquidity component below 55,price_features_missing_or_partial,"Research-only experimental score; not a recommendation, prediction, buy/sell/hold signal or financial advice.",true,true,false,v2.38K-us-experimental-scoring
,U00382,BGL,Blue Gold Limited - Class A ordinary shares,NASDAQ,0002019435,CANDIDATE_MATRIX_PARTIAL_FUNDAMENTALS,medium,,REVIEW_REQUIRED,20.0,0.0,0.0,0.0,15.0,limited positive signal detail,balance-sheet risk flag; large 12m drawdown; high 6m volatility; risk/liquidity component below 55,fundamental_features_missing_or_partial,"Research-only experimental score; not a recommendation, prediction, buy/sell/hold signal or financial advice.",true,true,false,v2.38K-us-experimental-scoring
,U00385,BGMS,"Bio Green Med Solution, Inc. - Common Stock",NASDAQ,0001130166,CANDIDATE_MATRIX_PARTIAL_FUNDAMENTALS,medium,,REVIEW_REQUIRED,44.6714,0.0,0.0,4.3759,33.1248,limited positive signal detail,large 12m drawdown; high 6m volatility; risk/liquidity component below 55,fundamental_features_missing_or_partial,"Research-only experimental score; not a recommendation, prediction, buy/sell/hold signal or financial advice.",true,true,false,v2.38K-us-experimental-scoring
,U00388,BHST,BioHarvest Sciences Inc. - Common Stock,NASDAQ,0001723464,CANDIDATE_MATRIX_PARTIAL_FUNDAMENTALS,medium,,REVIEW_REQUIRED,38.9802,64.4293,0.0,0.0,46.8282,positive revenue growth,large 12m drawdown; high 6m volatility; risk/liquidity component below 55,fundamental_features_missing_or_partial,"Research-only experimental score; not a recommendation, prediction, buy/sell/hold signal or financial advice.",true,true,false,v2.38K-us-experimental-scoring
,U00393,BIRD,"Smartbird, Inc. - Class A Common Stock",NASDAQ,0001653909,CANDIDATE_MATRIX_PARTIAL_FUNDAMENTALS,medium,,REVIEW_REQUIRED,30.6075,0.0,0.0,3.9283,23.7601,limited positive signal detail,large 12m drawdown; high 6m volatility; risk/liquidity component below 55,fundamental_features_missing_or_partial,"Research-only experimental score; not a recommendation, prediction, buy/sell/hold signal or financial advice.",true,true,false,v2.38K-us-experimental-scoring
,U00394,BIVI,BioVie Inc. - Common stock,NASDAQ,0001580149,CANDIDATE_MATRIX_PARTIAL_FUNDAMENTALS,medium,,REVIEW_REQUIRED,41.9829,13.4387,0.0,83.9543,36.0824,positive price trend; positive 12m momentum,large 12m drawdown; high 6m volatility; risk/liquidity component below 55,fundamental_features_missing_or_partial,"Research-only experimental score; not a recommendation, prediction, buy/sell/hold signal or financial advice.",true,true,false,v2.38K-us-experimental-scoring
,U00397,BJDX,"Bluejay Diagnostics, Inc. - Common Stock",NASDAQ,0001704287,CANDIDATE_MATRIX_PARTIAL_FUNDAMENTALS,medium,,REVIEW_REQUIRED,44.7507,0.0,0.0,0.0,33.1636,limited positive signal detail,large 12m drawdown; high 6m volatility; risk/liquidity component below 55,fundamental_features_missing_or_partial,"Research-only experimental score; not a recommendation, prediction, buy/sell/hold signal or financial advice.",true,true,false,v2.38K-us-experimental-scoring
,U00400,BKNG,Booking Holdings Inc. - Common Stock,NASDAQ,0001075531,CANDIDATE_MATRIX_PARTIAL_FUNDAMENTALS,medium,,REVIEW_REQUIRED,52.4624,66.0408,60.0,49.54,49.4701,positive revenue growth; positive profitability/FCF signal; positive price trend,balance-sheet risk flag; risk/liquidity component below 55,fundamental_features_missing_or_partial,"Research-only experimental score; not a recommendation, prediction, buy/sell/hold signal or financial advice.",true,true,false,v2.38K-us-experimental-scoring
,U00405,BLFS,"BioLife Solutions, Inc. - Common Stock",NASDAQ,0000834365,CANDIDATE_MATRIX_PARTIAL_FUNDAMENTALS,medium,,REVIEW_REQUIRED,45.0,14.5848,0.0,88.0459,63.2376,positive price trend; positive 12m momentum,large 12m drawdown,fundamental_features_missing_or_partial,"Research-only experimental score; not a recommendation, prediction, buy/sell/hold signal or financial advice.",true,true,false,v2.38K-us-experimental-scoring
,U00409,BLLN,"BillionToOne, Inc. - Class A common stock",NASDAQ,0002070849,CANDIDATE_MATRIX_PARTIAL_PRICE,medium,,REVIEW_REQUIRED,63.3651,4.4881,64.3934,21.1897,43.9621,positive profitability/FCF signal,high 6m volatility; risk/liquidity component below 55,price_features_missing_or_partial,"Research-only experimental score; not a recommendation, prediction, buy/sell/hold signal or financial advice.",true,true,false,v2.38K-us-experimental-scoring
,U00418,BMEA,"Biomea Fusion, Inc. - Common Stock",NASDAQ,0001840439,CANDIDATE_MATRIX_PARTIAL_FUNDAMENTALS,medium,,REVIEW_REQUIRED,36.4847,15.0,0.0,66.8962,34.0893,positive price trend,large 12m drawdown; high 6m volatility; risk/liquidity component below 55,fundamental_features_missing_or_partial,"Research-only experimental score; not a recommendation, prediction, buy/sell/hold signal or financial advice.",true,true,false,v2.38K-us-experimental-scoring
,U00423,BMRA,"Biomerica, Inc. - Common Stock",NASDAQ,0000073290,CANDIDATE_MATRIX_PARTIAL_FUNDAMENTALS,medium,,REVIEW_REQUIRED,34.175,7.4882,0.0,32.7423,42.1239,limited positive signal detail,large 12m drawdown; high 6m volatility; risk/liquidity component below 55,fundamental_features_missing_or_partial,"Research-only experimental score; not a recommendation, prediction, buy/sell/hold signal or financial advice.",true,true,false,v2.38K-us-experimental-scoring
,U00424,BMRC,Bank of Marin Bancorp - Common Stock,NASDAQ,0001403475,CANDIDATE_MATRIX_PARTIAL_FUNDAMENTALS,medium,,REVIEW_REQUIRED,23.2342,9.5337,0.0,45.1805,68.9807,positive 12m momentum,balance-sheet risk flag,fundamental_features_missing_or_partial,"Research-only experimental score; not a recommendation, prediction, buy/sell/hold signal or financial advice.",true,true,false,v2.38K-us-experimental-scoring
,U00427,BNBX,BNB Plus Corp. - Common Stock,NASDAQ,0000744452,CANDIDATE_MATRIX_PARTIAL_FUNDAMENTALS,medium,,REVIEW_REQUIRED,34.2523,0.0,0.0,0.0,26.2203,limited positive signal detail,large 12m drawdown; high 6m volatility; risk/liquidity component below 55,fundamental_features_missing_or_partial,"Research-only experimental score; not a recommendation, prediction, buy/sell/hold signal or financial advice.",true,true,false,v2.38K-us-experimental-scoring
,U00429,BNGO,"Bionano Genomics, Inc. - Common Stock",NASDAQ,0001411690,CANDIDATE_MATRIX_PARTIAL_FUNDAMENTALS,medium,,REVIEW_REQUIRED,44.3057,8.369,0.0,21.4741,41.217,limited positive signal detail,large 12m drawdown; high 6m volatility; risk/liquidity component below 55,fundamental_features_missing_or_partial,"Research-only experimental score; not a recommendation, prediction, buy/sell/hold signal or financial advice.",true,true,false,v2.38K-us-experimental-scoring
,U00430,BNKK,"Bonk, Inc. - Common Stock",NASDAQ,0001760903,CANDIDATE_MATRIX_PARTIAL_FUNDAMENTALS,medium,,REVIEW_REQUIRED,70.0,70.0,0.0,0.0,36.5804,positive revenue growth,large 12m drawdown; high 6m volatility; risk/liquidity component below 55,fundamental_features_missing_or_partial,"Research-only experimental score; not a recommendation, prediction, buy/sell/hold signal or financial advice.",true,true,false,v2.38K-us-experimental-scoring
,U00432,BNTC,Benitec Biopharma Inc. - Common Stock,NASDAQ,0001808898,CANDIDATE_MATRIX_PARTIAL_FUNDAMENTALS,medium,,REVIEW_REQUIRED,45.0,13.5452,0.0,50.3887,59.0097,positive price trend,large 12m drawdown,fundamental_features_missing_or_partial,"Research-only experimental score; not a recommendation, prediction, buy/sell/hold signal or financial advice.",true,true,false,v2.38K-us-experimental-scoring
,U00436,BOKF,BOK Financial Corporation - Common Stock,NASDAQ,0000875357,CANDIDATE_MATRIX_PARTIAL_FUNDAMENTALS,medium,,REVIEW_REQUIRED,23.6269,9.9918,0.0,54.2856,72.8839,positive 12m momentum,balance-sheet risk flag,fundamental_features_missing_or_partial,"Research-only experimental score; not a recommendation, prediction, buy/sell/hold signal or financial advice.",true,true,false,v2.38K-us-experimental-scoring
,U00437,BOLD,"Boundless Bio, Inc. - Common Stock",NASDAQ,0001782303,CANDIDATE_MATRIX_PARTIAL_FUNDAMENTALS,medium,,REVIEW_REQUIRED,39.8231,15.0,0.0,95.0,45.2298,positive price trend; positive 12m momentum,high 6m volatility; risk/liquidity component below 55,fundamental_features_missing_or_partial,"Research-only experimental score; not a recommendation, prediction, buy/sell/hold signal or financial advice.",true,true,false,v2.38K-us-experimental-scoring
,U00451,BRCB,"Black Rock Coffee Bar, Inc. - Class A Common Stock",NASDAQ,0002068577,CANDIDATE_MATRIX_PARTIAL_PRICE,medium,,REVIEW_REQUIRED,39.3161,15.0,14.97,0.0,29.3429,limited positive signal detail,high 6m volatility; risk/liquidity component below 55,price_features_missing_or_partial,"Research-only experimental score; not a recommendation, prediction, buy/sell/hold signal or financial advice.",true,true,false,v2.38K-us-experimental-scoring
,U00456,BRLS,Borealis Foods Inc. - Class A Common Shares,NASDAQ,0001852973,CANDIDATE_MATRIX_PARTIAL_FUNDAMENTALS,medium,,REVIEW_REQUIRED,30.7207,45.8829,0.0,2.5895,15.0,positive revenue growth,balance-sheet risk flag; large 12m drawdown; high 6m volatility; risk/liquidity component below 55,fundamental_features_missing_or_partial,"Research-only experimental score; not a recommendation, prediction, buy/sell/hold signal or financial advice.",true,true,false,v2.38K-us-experimental-scoring
,U00458,BRR,"ProCap Financial, Inc. - Common Stock",NASDAQ,0002076163,CANDIDATE_MATRIX_PARTIAL_FUNDAMENTALS,medium,,REVIEW_REQUIRED,40.5123,13.0029,0.0,9.954,31.0877,limited positive signal detail,large 12m drawdown; high 6m volatility; risk/liquidity component below 55,fundamental_features_missing_or_partial,"Research-only experimental score; not a recommendation, prediction, buy/sell/hold signal or financial advice.",true,true,false,v2.38K-us-experimental-scoring
,U00460,BRUN,Boost Run Inc. - Class A Common Stock,NASDAQ,0002090646,CANDIDATE_MATRIX_PARTIAL_FUNDAMENTALS,medium,,REVIEW_REQUIRED,20.0,0.0,0.0,69.4067,38.3936,positive 12m momentum,large 12m drawdown; high 6m volatility; risk/liquidity component below 55,fundamental_features_missing_or_partial,"Research-only experimental score; not a recommendation, prediction, buy/sell/hold signal or financial advice.",true,true,false,v2.38K-us-experimental-scoring
,U00463,BSBK,Bogota Financial Corp. - Common Stock,NASDAQ,0001787414,CANDIDATE_MATRIX_PARTIAL_FUNDAMENTALS,medium,,REVIEW_REQUIRED,24.9827,5.3893,0.0,37.6993,72.8648,limited positive signal detail,balance-sheet risk flag,fundamental_features_missing_or_partial,"Research-only experimental score; not a recommendation, prediction, buy/sell/hold signal or financial advice.",true,true,false,v2.38K-us-experimental-scoring
,U00478,BTOG,Bit Origin Limited - Class A Ordinary Shares,NASDAQ,0001735556,CANDIDATE_MATRIX_PARTIAL_FUNDAMENTALS,medium,,REVIEW_REQUIRED,45.0,0.0,0.0,0.0,33.7976,limited positive signal detail,large 12m drawdown; high 6m volatility; risk/liquidity component below 55,fundamental_features_missing_or_partial,"Research-only experimental score; not a recommendation, prediction, buy/sell/hold signal or financial advice.",true,true,false,v2.38K-us-experimental-scoring
,U00480,BTTC,Black Titan Corp - Ordinary Shares,NASDAQ,0002034400,CANDIDATE_MATRIX_PARTIAL_FUNDAMENTALS,medium,,REVIEW_REQUIRED,20.0,0.0,0.0,0.0,37.3301,limited positive signal detail,large 12m drawdown; high 6m volatility; risk/liquidity component below 55,fundamental_features_missing_or_partial,"Research-only experimental score; not a recommendation, prediction, buy/sell/hold signal or financial advice.",true,true,false,v2.38K-us-experimental-scoring
,U00481,BULL,Webull Corporation - Class A Ordinary Shares,NASDAQ,0001866364,CANDIDATE_MATRIX_PARTIAL_FUNDAMENTALS,medium,,REVIEW_REQUIRED,28.3974,15.0,0.0,50.6668,33.67,positive price trend,large 12m drawdown; high 6m volatility; risk/liquidity component below 55,fundamental_features_missing_or_partial,"Research-only experimental score; not a recommendation, prediction, buy/sell/hold signal or financial advice.",true,true,false,v2.38K-us-experimental-scoring
,U00484,BVC,BitVentures Limited - Ordinary Share,NASDAQ,0001785680,CANDIDATE_MATRIX_PARTIAL_FUNDAMENTALS,medium,,REVIEW_REQUIRED,45.0,15.0,0.0,95.0,34.8174,positive price trend; positive 12m momentum,large 12m drawdown; high 6m volatility; risk/liquidity component below 55,fundamental_features_missing_or_partial,"Research-only experimental score; not a recommendation, prediction, buy/sell/hold signal or financial advice.",true,true,false,v2.38K-us-experimental-scoring
,U00488,BWEN,"Broadwind, Inc. - Common Stock",NASDAQ,0001120370,CANDIDATE_MATRIX_PARTIAL_FUNDAMENTALS,medium,,REVIEW_REQUIRED,20.0,5.7184,0.0,84.8298,41.6,positive 12m momentum,large 12m drawdown; high 6m volatility; risk/liquidity component below 55,fundamental_features_missing_or_partial,"Research-only experimental score; not a recommendation, prediction, buy/sell/hold signal or financial advice.",true,true,false,v2.38K-us-experimental-scoring
,U00496,BYSI,"BeyondSpring, Inc. - Ordinary Shares",NASDAQ,0001677940,CANDIDATE_MATRIX_PARTIAL_FUNDAMENTALS,medium,,REVIEW_REQUIRED,20.0,0.0,0.0,0.0,17.2462,limited positive signal detail,balance-sheet risk flag; large 12m drawdown; high 6m volatility; risk/liquidity component below 55,fundamental_features_missing_or_partial,"Research-only experimental score; not a recommendation, prediction, buy/sell/hold signal or financial advice.",true,true,false,v2.38K-us-experimental-scoring
,U00501,CABA,"Cabaletta Bio, Inc. - Common Stock",NASDAQ,0001759138,CANDIDATE_MATRIX_PARTIAL_FUNDAMENTALS,medium,,REVIEW_REQUIRED,41.0043,4.9302,0.0,81.2522,47.2151,positive price trend; positive 12m momentum,large 12m drawdown; high 6m volatility; risk/liquidity component below 55,fundamental_features_missing_or_partial,"Research-only experimental score; not a recommendation, prediction, buy/sell/hold signal or financial advice.",true,true,false,v2.38K-us-experimental-scoring
,U00502,CABR,"Caring Brands, Inc. - Common Stock",NASDAQ,0002020737,CANDIDATE_MATRIX_PARTIAL_FUNDAMENTALS,medium,,REVIEW_REQUIRED,45.0,13.5298,0.0,48.2872,33.8433,positive price trend,large 12m drawdown; high 6m volatility; risk/liquidity component below 55,fundamental_features_missing_or_partial,"Research-only experimental score; not a recommendation, prediction, buy/sell/hold signal or financial advice.",true,true,false,v2.38K-us-experimental-scoring
,U00505,CADL,"Candel Therapeutics, Inc. - Common Stock",NASDAQ,0001841387,CANDIDATE_MATRIX_PARTIAL_FUNDAMENTALS,medium,,REVIEW_REQUIRED,33.491,15.0,0.0,95.0,46.4571,positive price trend; positive 12m momentum,high 6m volatility; risk/liquidity component below 55,fundamental_features_missing_or_partial,"Research-only experimental score; not a recommendation, prediction, buy/sell/hold signal or financial advice.",true,true,false,v2.38K-us-experimental-scoring
,U00506,CAES,"Cantor Equity Partners VII, Inc. - Class A Ordinary Shares",NASDAQ,0002087965,CANDIDATE_MATRIX_PARTIAL_PRICE,medium,,REVIEW_REQUIRED,20.0,0.0,0.0,0.0,100.0,limited positive signal detail,no dominant risk flag in tracked fields,price_features_missing_or_partial,"Research-only experimental score; not a recommendation, prediction, buy/sell/hold signal or financial advice.",true,true,false,v2.38K-us-experimental-scoring
,U00507,CAI,"Caris Life Sciences, Inc. - Common Stock",NASDAQ,0002019410,CANDIDATE_MATRIX_PARTIAL_FUNDAMENTALS,medium,,REVIEW_REQUIRED,54.5865,15.0,56.7959,39.2134,38.4169,positive profitability/FCF signal,large 12m drawdown; high 6m volatility; risk/liquidity component below 55,fundamental_features_missing_or_partial,"Research-only experimental score; not a recommendation, prediction, buy/sell/hold signal or financial advice.",true,true,false,v2.38K-us-experimental-scoring
,U00510,CALC,"CalciMedica, Inc. - Common Stock",NASDAQ,0001534133,CANDIDATE_MATRIX_PARTIAL_FUNDAMENTALS,medium,,REVIEW_REQUIRED,20.0,15.0,0.0,50.615,15.0,limited positive signal detail,balance-sheet risk flag; large 12m drawdown; high 6m volatility; risk/liquidity component below 55,fundamental_features_missing_or_partial,"Research-only experimental score; not a recommendation, prediction, buy/sell/hold signal or financial advice.",true,true,false,v2.38K-us-experimental-scoring
,U00515,CAPR,"Capricor Therapeutics, Inc. - Common Stock",NASDAQ,0001133869,CANDIDATE_MATRIX_PARTIAL_FUNDAMENTALS,medium,,REVIEW_REQUIRED,45.0,0.0,0.0,40.68,33.3896,positive 12m momentum,large 12m drawdown; high 6m volatility; risk/liquidity component below 55,fundamental_features_missing_or_partial,"Research-only experimental score; not a recommendation, prediction, buy/sell/hold signal or financial advice.",true,true,false,v2.38K-us-experimental-scoring
,U00516,CAPS,Capstone Holding Corp. - Common Stock,NASDAQ,0000887151,CANDIDATE_MATRIX_PARTIAL_FUNDAMENTALS,medium,,REVIEW_REQUIRED,27.7562,0.0,0.0,0.0,21.7866,limited positive signal detail,balance-sheet risk flag; large 12m drawdown; high 6m volatility; risk/liquidity component below 55,fundamental_features_missing_or_partial,"Research-only experimental score; not a recommendation, prediction, buy/sell/hold signal or financial advice.",true,true,false,v2.38K-us-experimental-scoring
,U00518,CAR,"Avis Budget Group, Inc. - Common Stock",NASDAQ,0000723612,CANDIDATE_MATRIX_PARTIAL_FUNDAMENTALS,medium,,REVIEW_REQUIRED,32.4833,13.2569,7.3704,34.784,35.0,limited positive signal detail,large 12m drawdown; high 6m volatility; risk/liquidity component below 55,fundamental_features_missing_or_partial,"Research-only experimental score; not a recommendation, prediction, buy/sell/hold signal or financial advice.",true,true,false,v2.38K-us-experimental-scoring
,U00521,CARL,"Carlsmed, Inc. - Common Stock",NASDAQ,0001794546,CANDIDATE_MATRIX_PARTIAL_FUNDAMENTALS,medium,,REVIEW_REQUIRED,42.896,15.0,0.0,77.9783,49.56,positive price trend; positive 12m momentum,large 12m drawdown; high 6m volatility; risk/liquidity component below 55,fundamental_features_missing_or_partial,"Research-only experimental score; not a recommendation, prediction, buy/sell/hold signal or financial advice.",true,true,false,v2.38K-us-experimental-scoring
,U00525,CAST,"FreeCast, Inc. - Class A common stock",NASDAQ,0001633369,CANDIDATE_MATRIX_PARTIAL_PRICE,medium,,REVIEW_REQUIRED,20.0,15.0,0.0,0.0,65.0,limited positive signal detail,no dominant risk flag in tracked fields,price_features_missing_or_partial,"Research-only experimental score; not a recommendation, prediction, buy/sell/hold signal or financial advice.",true,true,false,v2.38K-us-experimental-scoring
,U00529,CBC,"Central Bancompany, Inc. - Class A Common Stock",NASDAQ,0002065601,CANDIDATE_MATRIX_PARTIAL_PRICE,medium,,REVIEW_REQUIRED,25.835,12.9491,0.0,19.6626,75.2997,limited positive signal detail,balance-sheet risk flag,price_features_missing_or_partial,"Research-only experimental score; not a recommendation, prediction, buy/sell/hold signal or financial advice.",true,true,false,v2.38K-us-experimental-scoring
,U00532,CBK,"Commercial Bancgroup, Inc. - Common Stock",NASDAQ,0001981546,CANDIDATE_MATRIX_PARTIAL_PRICE,medium,,REVIEW_REQUIRED,23.9848,13.018,0.0,45.4118,73.9784,positive price trend,balance-sheet risk flag,price_features_missing_or_partial,"Research-only experimental score; not a recommendation, prediction, buy/sell/hold signal or financial advice.",true,true,false,v2.38K-us-experimental-scoring
,U00534,CBNK,"Capital Bancorp, Inc. - Common Stock",NASDAQ,0001419536,CANDIDATE_MATRIX_PARTIAL_FUNDAMENTALS,medium,,REVIEW_REQUIRED,23.565,12.4858,0.0,63.98,64.8526,positive price trend; positive 12m momentum,balance-sheet risk flag,fundamental_features_missing_or_partial,"Research-only experimental score; not a recommendation, prediction, buy/sell/hold signal or financial advice.",true,true,false,v2.38K-us-experimental-scoring
,U00536,CBRS,Cerebras Systems Inc. - Class A Common Stock,NASDAQ,0002021728,CANDIDATE_MATRIX_PARTIAL_PRICE,medium,,REVIEW_REQUIRED,20.0,1.4618,0.0,0.0,65.0,limited positive signal detail,no dominant risk flag in tracked fields,price_features_missing_or_partial,"Research-only experimental score; not a recommendation, prediction, buy/sell/hold signal or financial advice.",true,true,false,v2.38K-us-experimental-scoring
,U00539,CCAP,"Crescent Capital BDC, Inc. - Common Stock",NASDAQ,0001633336,CANDIDATE_MATRIX_PARTIAL_FUNDAMENTALS,medium,,REVIEW_REQUIRED,34.1751,3.1729,0.0,5.0651,63.4641,limited positive signal detail,no dominant risk flag in tracked fields,fundamental_features_missing_or_partial,"Research-only experimental score; not a recommendation, prediction, buy/sell/hold signal or financial advice.",true,true,false,v2.38K-us-experimental-scoring
,U00543,CCC,CCC Intelligent Solutions Holdings Inc. - Common Stock,NASDAQ,0001818201,CANDIDATE_MATRIX_PARTIAL_PRICE,medium,,REVIEW_REQUIRED,75.0851,65.8341,74.8414,43.3812,53.7908,positive revenue growth; positive profitability/FCF signal; positive price trend,high 6m volatility; risk/liquidity component below 55,price_features_missing_or_partial,"Research-only experimental score; not a recommendation, prediction, buy/sell/hold signal or financial advice.",true,true,false,v2.38K-us-experimental-scoring
,U00546,CCEC,Capital Clean Energy Carriers Corp. - Common Share,NASDAQ,0001392326,CANDIDATE_MATRIX_PARTIAL_FUNDAMENTALS,medium,,REVIEW_REQUIRED,31.8712,7.1358,0.0,47.4559,62.4382,positive price trend; positive 12m momentum,no dominant risk flag in tracked fields,fundamental_features_missing_or_partial,"Research-only experimental score; not a recommendation, prediction, buy/sell/hold signal or financial advice.",true,true,false,v2.38K-us-experimental-scoring
,U00548,CCG,Cheche Group Inc. - Class A Ordinary Shares,NASDAQ,0001965473,CANDIDATE_MATRIX_PARTIAL_FUNDAMENTALS,medium,,REVIEW_REQUIRED,20.0,15.0,0.0,95.0,35.0,positive price trend; positive 12m momentum,large 12m drawdown; high 6m volatility; risk/liquidity component below 55,fundamental_features_missing_or_partial,"Research-only experimental score; not a recommendation, prediction, buy/sell/hold signal or financial advice.",true,true,false,v2.38K-us-experimental-scoring
,U00549,CCHH,CCH Holdings Ltd - Class A Ordinary Shares,NASDAQ,0002074123,CANDIDATE_MATRIX_PARTIAL_PRICE,medium,,REVIEW_REQUIRED,42.1051,15.0,5.699,13.7653,28.6567,limited positive signal detail,high 6m volatility; risk/liquidity component below 55,price_features_missing_or_partial,"Research-only experimental score; not a recommendation, prediction, buy/sell/hold signal or financial advice.",true,true,false,v2.38K-us-experimental-scoring
,U00554,CCOI,"Cogent Communications Holdings, Inc. - Common Stock",NASDAQ,0001158324,CANDIDATE_MATRIX_PARTIAL_FUNDAMENTALS,medium,,REVIEW_REQUIRED,20.0,0.0,0.0,0.0,18.1301,limited positive signal detail,balance-sheet risk flag; large 12m drawdown; high 6m volatility; risk/liquidity component below 55,fundamental_features_missing_or_partial,"Research-only experimental score; not a recommendation, prediction, buy/sell/hold signal or financial advice.",true,true,false,v2.38K-us-experimental-scoring
,U00558,CCXI,Churchill Capital Corp XI - Class A Ordinary Shares,NASDAQ,0002074973,CANDIDATE_MATRIX_PARTIAL_PRICE,medium,,REVIEW_REQUIRED,45.0,14.3146,0.0,19.6447,59.4502,limited positive signal detail,high 6m volatility,price_features_missing_or_partial,"Research-only experimental score; not a recommendation, prediction, buy/sell/hold signal or financial advice.",true,true,false,v2.38K-us-experimental-scoring
,U00563,CDNL,Cardinal Infrastructure Group Inc. - Class A Common Stock,NASDAQ,0002079999,CANDIDATE_MATRIX_PARTIAL_PRICE,medium,,REVIEW_REQUIRED,31.4543,0.0,0.0,14.929,26.6463,limited positive signal detail,high 6m volatility; risk/liquidity component below 55,price_features_missing_or_partial,"Research-only experimental score; not a recommendation, prediction, buy/sell/hold signal or financial advice.",true,true,false,v2.38K-us-experimental-scoring
,U00566,CDT,CDT Equity Inc. - Common Stock,NASDAQ,0001896212,CANDIDATE_MATRIX_PARTIAL_FUNDAMENTALS,medium,,REVIEW_REQUIRED,20.0,12.1361,0.0,0.0,15.0,limited positive signal detail,balance-sheet risk flag; large 12m drawdown; high 6m volatility; risk/liquidity component below 55,fundamental_features_missing_or_partial,"Research-only experimental score; not a recommendation, prediction, buy/sell/hold signal or financial advice.",true,true,false,v2.38K-us-experimental-scoring
,U00573,CELC,Celcuity Inc. - Common Stock,NASDAQ,0001603454,CANDIDATE_MATRIX_PARTIAL_FUNDAMENTALS,medium,,REVIEW_REQUIRED,26.8968,9.7545,0.0,53.3664,37.3607,positive 12m momentum,balance-sheet risk flag; large 12m drawdown; high 6m volatility; risk/liquidity component below 55,fundamental_features_missing_or_partial,"Research-only experimental score; not a recommendation, prediction, buy/sell/hold signal or financial advice.",true,true,false,v2.38K-us-experimental-scoring
,U00576,CELZ,"Creative Medical Technology Holdings, Inc. - Common Stock",NASDAQ,0001187953,CANDIDATE_MATRIX_PARTIAL_FUNDAMENTALS,medium,,REVIEW_REQUIRED,45.0,0.0,0.0,0.0,34.5831,limited positive signal detail,large 12m drawdown; high 6m volatility; risk/liquidity component below 55,fundamental_features_missing_or_partial,"Research-only experimental score; not a recommendation, prediction, buy/sell/hold signal or financial advice.",true,true,false,v2.38K-us-experimental-scoring
,U00577,CENN,Cenntro Inc. - Common Stock,NASDAQ,0001707919,CANDIDATE_MATRIX_PARTIAL_FUNDAMENTALS,medium,,REVIEW_REQUIRED,37.7512,2.3684,0.0,0.0,33.3127,limited positive signal detail,large 12m drawdown; high 6m volatility; risk/liquidity component below 55,fundamental_features_missing_or_partial,"Research-only experimental score; not a recommendation, prediction, buy/sell/hold signal or financial advice.",true,true,false,v2.38K-us-experimental-scoring
,U00581,CEPF,"Cantor Equity Partners IV, Inc. - Class A Ordinary Shares",NASDAQ,0002034267,CANDIDATE_MATRIX_PARTIAL_FUNDAMENTALS,medium,,REVIEW_REQUIRED,45.0,5.3616,0.0,33.5837,97.0069,positive 12m momentum,no dominant risk flag in tracked fields,fundamental_features_missing_or_partial,"Research-only experimental score; not a recommendation, prediction, buy/sell/hold signal or financial advice.",true,true,false,v2.38K-us-experimental-scoring
,U00582,CEPO,"Cantor Equity Partners I, Inc. - Class A Ordinary Shares",NASDAQ,0002027708,CANDIDATE_MATRIX_PARTIAL_FUNDAMENTALS,medium,,REVIEW_REQUIRED,45.0,5.8526,0.0,44.4784,78.7295,positive price trend; positive 12m momentum,no dominant risk flag in tracked fields,fundamental_features_missing_or_partial,"Research-only experimental score; not a recommendation, prediction, buy/sell/hold signal or financial advice.",true,true,false,v2.38K-us-experimental-scoring
,U00583,CEPS,"Cantor Equity Partners VI, Inc. - Class A Ordinary Shares",NASDAQ,0002089536,CANDIDATE_MATRIX_PARTIAL_PRICE,medium,,REVIEW_REQUIRED,20.0,5.3398,0.0,9.2053,77.0498,limited positive signal detail,balance-sheet risk flag,price_features_missing_or_partial,"Research-only experimental score; not a recommendation, prediction, buy/sell/hold signal or financial advice.",true,true,false,v2.38K-us-experimental-scoring
,U00584,CEPV,"Cantor Equity Partners V, Inc. - Class A Ordinary Shares",NASDAQ,0002034266,CANDIDATE_MATRIX_PARTIAL_PRICE,medium,,REVIEW_REQUIRED,45.0,5.4531,0.0,17.9774,98.7378,limited positive signal detail,no dominant risk flag in tracked fields,price_features_missing_or_partial,"Research-only experimental score; not a recommendation, prediction, buy/sell/hold signal or financial advice.",true,true,false,v2.38K-us-experimental-scoring
,U00589,CEVA,"CEVA, Inc. - Common Stock",NASDAQ,0001173489,CANDIDATE_MATRIX_PARTIAL_FUNDAMENTALS,medium,,REVIEW_REQUIRED,20.0,0.0,0.0,55.739,46.1084,positive 12m momentum,large 12m drawdown; high 6m volatility; risk/liquidity component below 55,fundamental_features_missing_or_partial,"Research-only experimental score; not a recommendation, prediction, buy/sell/hold signal or financial advice.",true,true,false,v2.38K-us-experimental-scoring
,U00595,CGC,Canopy Growth Corporation - Common Shares,NASDAQ,0001737927,CANDIDATE_MATRIX_PARTIAL_FUNDAMENTALS,medium,,REVIEW_REQUIRED,20.0,3.2692,0.0,11.098,52.2659,limited positive signal detail,large 12m drawdown; high 6m volatility; risk/liquidity component below 55,fundamental_features_missing_or_partial,"Research-only experimental score; not a recommendation, prediction, buy/sell/hold signal or financial advice.",true,true,false,v2.38K-us-experimental-scoring
,U00596,CGEM,"Cullinan Therapeutics, Inc. - Common Stock",NASDAQ,0001789972,CANDIDATE_MATRIX_PARTIAL_FUNDAMENTALS,medium,,REVIEW_REQUIRED,45.0,15.0,0.0,93.3742,61.0715,positive price trend; positive 12m momentum,high 6m volatility,fundamental_features_missing_or_partial,"Research-only experimental score; not a recommendation, prediction, buy/sell/hold signal or financial advice.",true,true,false,v2.38K-us-experimental-scoring
,U00598,CGNT,Cognyte Software Ltd. - Ordinary Shares,NASDAQ,0001824814,CANDIDATE_MATRIX_PARTIAL_FUNDAMENTALS,medium,,REVIEW_REQUIRED,54.8558,2.8061,63.8133,29.1899,50.5096,positive profitability/FCF signal,large 12m drawdown; high 6m volatility; risk/liquidity component below 55,fundamental_features_missing_or_partial,"Research-only experimental score; not a recommendation, prediction, buy/sell/hold signal or financial advice.",true,true,false,v2.38K-us-experimental-scoring
,U00601,CGON,"CG Oncology, Inc. - Common stock",NASDAQ,0001991792,CANDIDATE_MATRIX_PARTIAL_FUNDAMENTALS,medium,,REVIEW_REQUIRED,45.0,15.0,0.0,89.3233,66.8495,positive price trend; positive 12m momentum,no dominant risk flag in tracked fields,fundamental_features_missing_or_partial,"Research-only experimental score; not a recommendation, prediction, buy/sell/hold signal or financial advice.",true,true,false,v2.38K-us-experimental-scoring
,U00603,CGTX,"Cognition Therapeutics, Inc. - Common Stock",NASDAQ,0001455365,CANDIDATE_MATRIX_PARTIAL_FUNDAMENTALS,medium,,REVIEW_REQUIRED,41.6919,0.0,0.0,11.7588,31.6654,limited positive signal detail,large 12m drawdown; high 6m volatility; risk/liquidity component below 55,fundamental_features_missing_or_partial,"Research-only experimental score; not a recommendation, prediction, buy/sell/hold signal or financial advice.",true,true,false,v2.38K-us-experimental-scoring
,U00604,CHAI,"Core AI Holdings, Inc. - Common Shares",NASDAQ,0001649009,CANDIDATE_MATRIX_PARTIAL_FUNDAMENTALS,medium,,REVIEW_REQUIRED,27.404,0.0,0.0,0.0,21.4785,limited positive signal detail,balance-sheet risk flag; large 12m drawdown; high 6m volatility; risk/liquidity component below 55,fundamental_features_missing_or_partial,"Research-only experimental score; not a recommendation, prediction, buy/sell/hold signal or financial advice.",true,true,false,v2.38K-us-experimental-scoring
,U00608,CHDN,"Churchill Downs, Incorporated - Common Stock",NASDAQ,0000020212,CANDIDATE_MATRIX_PARTIAL_FUNDAMENTALS,medium,,REVIEW_REQUIRED,51.5765,51.5001,58.648,24.0033,54.5286,positive revenue growth; positive profitability/FCF signal,balance-sheet risk flag; risk/liquidity component below 55,fundamental_features_missing_or_partial,"Research-only experimental score; not a recommendation, prediction, buy/sell/hold signal or financial advice.",true,true,false,v2.38K-us-experimental-scoring
,U00618,CHRN,ChronoScale Holdings Corporation - Common Stock,NASDAQ,0001549084,CANDIDATE_MATRIX_PARTIAL_FUNDAMENTALS,medium,,REVIEW_REQUIRED,38.2009,4.9606,0.0,87.0,39.093,positive 12m momentum,large 12m drawdown; high 6m volatility; risk/liquidity component below 55,fundamental_features_missing_or_partial,"Research-only experimental score; not a recommendation, prediction, buy/sell/hold signal or financial advice.",true,true,false,v2.38K-us-experimental-scoring
,U00619,CHRS,"Coherus Oncology, Inc. - Common Stock",NASDAQ,0001512762,CANDIDATE_MATRIX_PARTIAL_FUNDAMENTALS,medium,,REVIEW_REQUIRED,27.5576,4.1497,0.0,37.2299,36.1561,positive 12m momentum,balance-sheet risk flag; large 12m drawdown; high 6m volatility; risk/liquidity component below 55,fundamental_features_missing_or_partial,"Research-only experimental score; not a recommendation, prediction, buy/sell/hold signal or financial advice.",true,true,false,v2.38K-us-experimental-scoring
,U00625,CHYM,"Chime Financial, Inc. - Class A Common Stock",NASDAQ,0001795586,CANDIDATE_MATRIX_PARTIAL_FUNDAMENTALS,medium,,REVIEW_REQUIRED,41.8145,15.0,0.0,91.6408,52.048,positive price trend; positive 12m momentum,large 12m drawdown; high 6m volatility; risk/liquidity component below 55,fundamental_features_missing_or_partial,"Research-only experimental score; not a recommendation, prediction, buy/sell/hold signal or financial advice.",true,true,false,v2.38K-us-experimental-scoring
,U00627,CIGI,Colliers International Group Inc. - Subordinate Voting Shares,NASDAQ,0000913353,CANDIDATE_MATRIX_PARTIAL_FUNDAMENTALS,medium,,REVIEW_REQUIRED,43.4834,61.3163,44.2376,5.9183,64.3365,positive revenue growth; positive profitability/FCF signal,large 12m drawdown,fundamental_features_missing_or_partial,"Research-only experimental score; not a recommendation, prediction, buy/sell/hold signal or financial advice.",true,true,false,v2.38K-us-experimental-scoring
,U00630,CING,Cingulate Inc. - Common Stock,NASDAQ,0001862150,CANDIDATE_MATRIX_PARTIAL_FUNDAMENTALS,medium,,REVIEW_REQUIRED,25.3263,8.2275,0.0,45.213,19.9605,positive 12m momentum,balance-sheet risk flag; large 12m drawdown; high 6m volatility; risk/liquidity component below 55,fundamental_features_missing_or_partial,"Research-only experimental score; not a recommendation, prediction, buy/sell/hold signal or financial advice.",true,true,false,v2.38K-us-experimental-scoring
,U00631,CIRC,"Circle8 Group, Inc. - Common Stock",NASDAQ,0001605888,CANDIDATE_MATRIX_PARTIAL_PRICE,medium,,REVIEW_REQUIRED,36.5794,12.7188,12.5461,0.0,80.0,limited positive signal detail,balance-sheet risk flag,price_features_missing_or_partial,"Research-only experimental score; not a recommendation, prediction, buy/sell/hold signal or financial advice.",true,true,false,v2.38K-us-experimental-scoring
,U00637,CLBK,"Columbia Financial, Inc. - Common Stock",NASDAQ,0002115119,CANDIDATE_MATRIX_PARTIAL_FUNDAMENTALS,medium,,REVIEW_REQUIRED,20.0,14.2498,0.0,91.5783,87.2318,positive price trend; positive 12m momentum,no dominant risk flag in tracked fields,fundamental_features_missing_or_partial,"Research-only experimental score; not a recommendation, prediction, buy/sell/hold signal or financial advice.",true,true,false,v2.38K-us-experimental-scoring
,U00640,CLFD,"Clearfield, Inc. - Common Stock",NASDAQ,0000796505,CANDIDATE_MATRIX_PARTIAL_FUNDAMENTALS,medium,,REVIEW_REQUIRED,54.5679,0.0896,9.6381,20.4124,47.7147,limited positive signal detail,large 12m drawdown; high 6m volatility; risk/liquidity component below 55,fundamental_features_missing_or_partial,"Research-only experimental score; not a recommendation, prediction, buy/sell/hold signal or financial advice.",true,true,false,v2.38K-us-experimental-scoring
,U00642,CLIK,Click Holdings Limited - Ordinary Share,NASDAQ,0002020027,CANDIDATE_MATRIX_PARTIAL_FUNDAMENTALS,medium,,REVIEW_REQUIRED,53.435,0.0,11.1803,0.0,33.3806,limited positive signal detail,large 12m drawdown; high 6m volatility; risk/liquidity component below 55,fundamental_features_missing_or_partial,"Research-only experimental score; not a recommendation, prediction, buy/sell/hold signal or financial advice.",true,true,false,v2.38K-us-experimental-scoring
,U00643,CLIR,ClearSign Technologies Corporation - Common Stock,NASDAQ,0001434524,CANDIDATE_MATRIX_PARTIAL_FUNDAMENTALS,medium,,REVIEW_REQUIRED,43.4219,4.258,0.0,7.2172,32.7392,limited positive signal detail,large 12m drawdown; high 6m volatility; risk/liquidity component below 55,fundamental_features_missing_or_partial,"Research-only experimental score; not a recommendation, prediction, buy/sell/hold signal or financial advice.",true,true,false,v2.38K-us-experimental-scoring
,U00651,CLRB,"Cellectar Biosciences, Inc. - Common Stock",NASDAQ,0001279704,CANDIDATE_MATRIX_PARTIAL_FUNDAMENTALS,medium,,REVIEW_REQUIRED,40.6188,3.3654,0.0,5.2475,44.2529,limited positive signal detail,large 12m drawdown; high 6m volatility; risk/liquidity component below 55,fundamental_features_missing_or_partial,"Research-only experimental score; not a recommendation, prediction, buy/sell/hold signal or financial advice.",true,true,false,v2.38K-us-experimental-scoring
,U00652,CLRO,"ClearOne, Inc. - Common Stock",NASDAQ,0000840715,CANDIDATE_MATRIX_PARTIAL_FUNDAMENTALS,medium,,REVIEW_REQUIRED,20.0,15.0,0.0,60.1089,15.0,positive 12m momentum,balance-sheet risk flag; large 12m drawdown; high 6m volatility; risk/liquidity component below 55,fundamental_features_missing_or_partial,"Research-only experimental score; not a recommendation, prediction, buy/sell/hold signal or financial advice.",true,true,false,v2.38K-us-experimental-scoring
,U00654,CLST,"Catalyst Bancorp, Inc. - common stock",NASDAQ,0001849867,CANDIDATE_MATRIX_PARTIAL_FUNDAMENTALS,medium,,REVIEW_REQUIRED,29.2952,10.4653,0.0,69.281,79.1435,positive price trend; positive 12m momentum,no dominant risk flag in tracked fields,fundamental_features_missing_or_partial,"Research-only experimental score; not a recommendation, prediction, buy/sell/hold signal or financial advice.",true,true,false,v2.38K-us-experimental-scoring
,U00656,CLYM,"Climb Bio, Inc. - Common Stock",NASDAQ,0001768446,CANDIDATE_MATRIX_PARTIAL_FUNDAMENTALS,medium,,REVIEW_REQUIRED,45.0,15.0,0.0,95.0,54.508,positive price trend; positive 12m momentum,high 6m volatility; risk/liquidity component below 55,fundamental_features_missing_or_partial,"Research-only experimental score; not a recommendation, prediction, buy/sell/hold signal or financial advice.",true,true,false,v2.38K-us-experimental-scoring
