asset_id,ticker,company_name,exchange,priority_bucket,fundamental_feature_status,provider_symbol,acquisition_status,reason,local_price_path,expected_min_rows,adjusted_prices_required
U00007,AAME,Atlantic American Corporation - Common Stock,NASDAQ,FEATURES_READY,FEATURES_READY,AAME,LOCAL_PRICE_READY,local_price_history_exists,outputs\full_universe_source_acquisition\v2_38i_us_price_history_acquisition\us_price_history_raw_v2_38i\U00007.csv,252,true
U00008,AAOI,"Applied Optoelectronics, Inc. - Common Stock",NASDAQ,FEATURES_READY,FEATURES_READY,AAOI,LOCAL_PRICE_READY,local_price_history_exists,outputs\full_universe_source_acquisition\v2_38i_us_price_history_acquisition\us_price_history_raw_v2_38i\U00008.csv,252,true
U00011,AAPL,Apple Inc. - Common Stock,NASDAQ,FEATURES_READY,FEATURES_READY,AAPL,LOCAL_PRICE_READY,local_price_history_exists,outputs\full_universe_source_acquisition\v2_38i_us_price_history_acquisition\us_price_history_raw_v2_38i\U00011.csv,252,true
U00014,ABCL,AbCellera Biologics Inc. - Common Shares,NASDAQ,FEATURES_READY,FEATURES_READY,ABCL,LOCAL_PRICE_READY,local_price_history_exists,outputs\full_universe_source_acquisition\v2_38i_us_price_history_acquisition\us_price_history_raw_v2_38i\U00014.csv,252,true
U00015,ABEO,Abeona Therapeutics Inc. - Common Stock,NASDAQ,FEATURES_READY,FEATURES_READY,ABEO,LOCAL_PRICE_READY,local_price_history_exists,outputs\full_universe_source_acquisition\v2_38i_us_price_history_acquisition\us_price_history_raw_v2_38i\U00015.csv,252,true
U00016,ABLV,Able View Global Inc. - Class B Ordinary Shares,NASDAQ,FEATURES_READY,FEATURES_READY,ABLV,LOCAL_PRICE_READY,local_price_history_exists,outputs\full_universe_source_acquisition\v2_38i_us_price_history_acquisition\us_price_history_raw_v2_38i\U00016.csv,252,true
U00017,ABNB,"Airbnb, Inc. - Class A Common Stock",NASDAQ,FEATURES_READY,FEATURES_READY,ABNB,LOCAL_PRICE_READY,local_price_history_exists,outputs\full_universe_source_acquisition\v2_38i_us_price_history_acquisition\us_price_history_raw_v2_38i\U00017.csv,252,true
U00020,ABTC,American Bitcoin Corp. - Class A Common Stock,NASDAQ,FEATURES_READY,FEATURES_READY,ABTC,LOCAL_PRICE_READY,local_price_history_exists,outputs\full_universe_source_acquisition\v2_38i_us_price_history_acquisition\us_price_history_raw_v2_38i\U00020.csv,252,true
U00021,ABTS,Abits Group Inc - Ordinary Shares,NASDAQ,FEATURES_READY,FEATURES_READY,ABTS,LOCAL_PRICE_READY,local_price_history_exists,outputs\full_universe_source_acquisition\v2_38i_us_price_history_acquisition\us_price_history_raw_v2_38i\U00021.csv,252,true
U00022,ABUS,Arbutus Biopharma Corporation - Common Stock,NASDAQ,FEATURES_READY,FEATURES_READY,ABUS,LOCAL_PRICE_READY,local_price_history_exists,outputs\full_universe_source_acquisition\v2_38i_us_price_history_acquisition\us_price_history_raw_v2_38i\U00022.csv,252,true
U00025,ACAD,ACADIA Pharmaceuticals Inc. - Common Stock,NASDAQ,FEATURES_READY,FEATURES_READY,ACAD,LOCAL_PRICE_READY,local_price_history_exists,outputs\full_universe_source_acquisition\v2_38i_us_price_history_acquisition\us_price_history_raw_v2_38i\U00025.csv,252,true
U00027,ACCL,Acco Group Holdings Limited - Class A Ordinary Shares,NASDAQ,FEATURES_READY,FEATURES_READY,ACCL,LOCAL_PRICE_READY,local_price_history_exists,outputs\full_universe_source_acquisition\v2_38i_us_price_history_acquisition\us_price_history_raw_v2_38i\U00027.csv,252,true
U00028,ACDC,ProFrac Holding Corp. - Class A Common Stock,NASDAQ,FEATURES_READY,FEATURES_READY,ACDC,LOCAL_PRICE_READY,local_price_history_exists,outputs\full_universe_source_acquisition\v2_38i_us_price_history_acquisition\us_price_history_raw_v2_38i\U00028.csv,252,true
U00030,ACFN,"Acorn Energy, Inc. - Common Stock",NASDAQ,FEATURES_READY,FEATURES_READY,ACFN,LOCAL_PRICE_READY,local_price_history_exists,outputs\full_universe_source_acquisition\v2_38i_us_price_history_acquisition\us_price_history_raw_v2_38i\U00030.csv,252,true
U00032,ACGL,Arch Capital Group Ltd. - Common Stock,NASDAQ,FEATURES_READY,FEATURES_READY,ACGL,LOCAL_PRICE_READY,local_price_history_exists,outputs\full_universe_source_acquisition\v2_38i_us_price_history_acquisition\us_price_history_raw_v2_38i\U00032.csv,252,true
U00033,ACHC,"Acadia Healthcare Company, Inc. - Common Stock",NASDAQ,FEATURES_READY,FEATURES_READY,ACHC,LOCAL_PRICE_READY,local_price_history_exists,outputs\full_universe_source_acquisition\v2_38i_us_price_history_acquisition\us_price_history_raw_v2_38i\U00033.csv,252,true
U00035,ACIC,American Coastal Insurance Corporation - Common Stock,NASDAQ,FEATURES_READY,FEATURES_READY,ACIC,LOCAL_PRICE_READY,local_price_history_exists,outputs\full_universe_source_acquisition\v2_38i_us_price_history_acquisition\us_price_history_raw_v2_38i\U00035.csv,252,true
U00037,ACIW,"ACI Worldwide, Inc. - Common Stock",NASDAQ,FEATURES_READY,FEATURES_READY,ACIW,LOCAL_PRICE_READY,local_price_history_exists,outputs\full_universe_source_acquisition\v2_38i_us_price_history_acquisition\us_price_history_raw_v2_38i\U00037.csv,252,true
U00038,ACLS,"Axcelis Technologies, Inc. - Common Stock",NASDAQ,FEATURES_READY,FEATURES_READY,ACLS,LOCAL_PRICE_READY,local_price_history_exists,outputs\full_universe_source_acquisition\v2_38i_us_price_history_acquisition\us_price_history_raw_v2_38i\U00038.csv,252,true
U00039,ACMR,"ACM Research, Inc. - Class A Common Stock",NASDAQ,FEATURES_READY,FEATURES_READY,ACMR,LOCAL_PRICE_READY,local_price_history_exists,outputs\full_universe_source_acquisition\v2_38i_us_price_history_acquisition\us_price_history_raw_v2_38i\U00039.csv,252,true
U00040,ACNB,ACNB Corporation - Common Stock,NASDAQ,FEATURES_READY,FEATURES_READY,ACNB,LOCAL_PRICE_READY,local_price_history_exists,outputs\full_universe_source_acquisition\v2_38i_us_price_history_acquisition\us_price_history_raw_v2_38i\U00040.csv,252,true
U00041,ACNT,Ascent Industries Co. - Common Stock,NASDAQ,FEATURES_READY,FEATURES_READY,ACNT,LOCAL_PRICE_READY,local_price_history_exists,outputs\full_universe_source_acquisition\v2_38i_us_price_history_acquisition\us_price_history_raw_v2_38i\U00041.csv,252,true
U00042,ACOG,Alpha Cognition Inc. - Common Stock,NASDAQ,FEATURES_READY,FEATURES_READY,ACOG,LOCAL_PRICE_READY,local_price_history_exists,outputs\full_universe_source_acquisition\v2_38i_us_price_history_acquisition\us_price_history_raw_v2_38i\U00042.csv,252,true
U00043,ACON,"Aclarion, Inc. - Common Stock",NASDAQ,FEATURES_READY,FEATURES_READY,ACON,LOCAL_PRICE_READY,local_price_history_exists,outputs\full_universe_source_acquisition\v2_38i_us_price_history_acquisition\us_price_history_raw_v2_38i\U00043.csv,252,true
U00044,ACRS,"Aclaris Therapeutics, Inc. - Common Stock",NASDAQ,FEATURES_READY,FEATURES_READY,ACRS,LOCAL_PRICE_READY,local_price_history_exists,outputs\full_universe_source_acquisition\v2_38i_us_price_history_acquisition\us_price_history_raw_v2_38i\U00044.csv,252,true
U00046,ACT,"Enact Holdings, Inc. - Common Stock",NASDAQ,FEATURES_READY,FEATURES_READY,ACT,LOCAL_PRICE_READY,local_price_history_exists,outputs\full_universe_source_acquisition\v2_38i_us_price_history_acquisition\us_price_history_raw_v2_38i\U00046.csv,252,true
U00047,ACTG,Acacia Research Corporation - Common Stock,NASDAQ,FEATURES_READY,FEATURES_READY,ACTG,LOCAL_PRICE_READY,local_price_history_exists,outputs\full_universe_source_acquisition\v2_38i_us_price_history_acquisition\us_price_history_raw_v2_38i\U00047.csv,252,true
U00053,ADBE,Adobe Inc. - Common Stock,NASDAQ,FEATURES_READY,FEATURES_READY,ADBE,LOCAL_PRICE_READY,local_price_history_exists,outputs\full_universe_source_acquisition\v2_38i_us_price_history_acquisition\us_price_history_raw_v2_38i\U00053.csv,252,true
U00054,ADEA,Adeia Inc. - Common Stock,NASDAQ,FEATURES_READY,FEATURES_READY,ADEA,LOCAL_PRICE_READY,local_price_history_exists,outputs\full_universe_source_acquisition\v2_38i_us_price_history_acquisition\us_price_history_raw_v2_38i\U00054.csv,252,true
U00056,ADI,"Analog Devices, Inc. - Common Stock",NASDAQ,FEATURES_READY,FEATURES_READY,ADI,LOCAL_PRICE_READY,local_price_history_exists,outputs\full_universe_source_acquisition\v2_38i_us_price_history_acquisition\us_price_history_raw_v2_38i\U00056.csv,252,true
U00058,ADMA,ADMA Biologics Inc - Common Stock,NASDAQ,FEATURES_READY,FEATURES_READY,ADMA,LOCAL_PRICE_READY,local_price_history_exists,outputs\full_universe_source_acquisition\v2_38i_us_price_history_acquisition\us_price_history_raw_v2_38i\U00058.csv,252,true
U00059,ADP,"Automatic Data Processing, Inc. - Common Stock",NASDAQ,FEATURES_READY,FEATURES_READY,ADP,LOCAL_PRICE_READY,local_price_history_exists,outputs\full_universe_source_acquisition\v2_38i_us_price_history_acquisition\us_price_history_raw_v2_38i\U00059.csv,252,true
U00060,ADPT,Adaptive Biotechnologies Corporation - Common Stock,NASDAQ,FEATURES_READY,FEATURES_READY,ADPT,LOCAL_PRICE_READY,local_price_history_exists,outputs\full_universe_source_acquisition\v2_38i_us_price_history_acquisition\us_price_history_raw_v2_38i\U00060.csv,252,true
U00062,ADSK,"Autodesk, Inc. - Common Stock",NASDAQ,FEATURES_READY,FEATURES_READY,ADSK,LOCAL_PRICE_READY,local_price_history_exists,outputs\full_universe_source_acquisition\v2_38i_us_price_history_acquisition\us_price_history_raw_v2_38i\U00062.csv,252,true
U00063,ADTN,"ADTRAN Holdings, Inc. - Common Stock",NASDAQ,FEATURES_READY,FEATURES_READY,ADTN,LOCAL_PRICE_READY,local_price_history_exists,outputs\full_universe_source_acquisition\v2_38i_us_price_history_acquisition\us_price_history_raw_v2_38i\U00063.csv,252,true
U00065,ADUS,Addus HomeCare Corporation - Common Stock,NASDAQ,FEATURES_READY,FEATURES_READY,ADUS,LOCAL_PRICE_READY,local_price_history_exists,outputs\full_universe_source_acquisition\v2_38i_us_price_history_acquisition\us_price_history_raw_v2_38i\U00065.csv,252,true
U00066,ADV,Advantage Solutions Inc. - Class A Common Stock,NASDAQ,FEATURES_READY,FEATURES_READY,ADV,LOCAL_PRICE_READY,local_price_history_exists,outputs\full_universe_source_acquisition\v2_38i_us_price_history_acquisition\us_price_history_raw_v2_38i\U00066.csv,252,true
U00069,AEBI,Aebi Schmidt Holding AG - Common Stock,NASDAQ,FEATURES_READY,FEATURES_READY,AEBI,LOCAL_PRICE_READY,local_price_history_exists,outputs\full_universe_source_acquisition\v2_38i_us_price_history_acquisition\us_price_history_raw_v2_38i\U00069.csv,252,true
U00072,AEHR,Aehr Test Systems - Common Stock,NASDAQ,FEATURES_READY,FEATURES_READY,AEHR,LOCAL_PRICE_READY,local_price_history_exists,outputs\full_universe_source_acquisition\v2_38i_us_price_history_acquisition\us_price_history_raw_v2_38i\U00072.csv,252,true
U00073,AEI,Alset Inc. - Common Stock,NASDAQ,FEATURES_READY,FEATURES_READY,AEI,LOCAL_PRICE_READY,local_price_history_exists,outputs\full_universe_source_acquisition\v2_38i_us_price_history_acquisition\us_price_history_raw_v2_38i\U00073.csv,252,true
U00074,AEIS,"Advanced Energy Industries, Inc. - Common Stock",NASDAQ,FEATURES_READY,FEATURES_READY,AEIS,LOCAL_PRICE_READY,local_price_history_exists,outputs\full_universe_source_acquisition\v2_38i_us_price_history_acquisition\us_price_history_raw_v2_38i\U00074.csv,252,true
U00076,AENT,Alliance Entertainment Holding Corporation - common stock,NASDAQ,FEATURES_READY,FEATURES_READY,AENT,LOCAL_PRICE_READY,local_price_history_exists,outputs\full_universe_source_acquisition\v2_38i_us_price_history_acquisition\us_price_history_raw_v2_38i\U00076.csv,252,true
U00078,AERT,"Aeries Technology, Inc. - Class A Ordinary Share",NASDAQ,FEATURES_READY,FEATURES_READY,AERT,LOCAL_PRICE_READY,local_price_history_exists,outputs\full_universe_source_acquisition\v2_38i_us_price_history_acquisition\us_price_history_raw_v2_38i\U00078.csv,252,true
U00080,AEVA,"Aeva Technologies, Inc. - Common Stock",NASDAQ,FEATURES_READY,FEATURES_READY,AEVA,LOCAL_PRICE_READY,local_price_history_exists,outputs\full_universe_source_acquisition\v2_38i_us_price_history_acquisition\us_price_history_raw_v2_38i\U00080.csv,252,true
U00081,AEYE,"AudioEye, Inc. - Common Stock",NASDAQ,FEATURES_READY,FEATURES_READY,AEYE,LOCAL_PRICE_READY,local_price_history_exists,outputs\full_universe_source_acquisition\v2_38i_us_price_history_acquisition\us_price_history_raw_v2_38i\U00081.csv,252,true
U00085,AFRI,Forafric Global PLC - Ordinary Shares,NASDAQ,FEATURES_READY,FEATURES_READY,AFRI,LOCAL_PRICE_READY,local_price_history_exists,outputs\full_universe_source_acquisition\v2_38i_us_price_history_acquisition\us_price_history_raw_v2_38i\U00085.csv,252,true
U00086,AFRM,"Affirm Holdings, Inc. - Class A Common Stock",NASDAQ,FEATURES_READY,FEATURES_READY,AFRM,LOCAL_PRICE_READY,local_price_history_exists,outputs\full_universe_source_acquisition\v2_38i_us_price_history_acquisition\us_price_history_raw_v2_38i\U00086.csv,252,true
U00090,AGIO,"Agios Pharmaceuticals, Inc. - Common Stock",NASDAQ,FEATURES_READY,FEATURES_READY,AGIO,LOCAL_PRICE_READY,local_price_history_exists,outputs\full_universe_source_acquisition\v2_38i_us_price_history_acquisition\us_price_history_raw_v2_38i\U00090.csv,252,true
U00092,AGMH,AGM Group Holdings Inc. - Class A Ordinary Shares,NASDAQ,FEATURES_READY,FEATURES_READY,AGMH,LOCAL_PRICE_READY,local_price_history_exists,outputs\full_universe_source_acquisition\v2_38i_us_price_history_acquisition\us_price_history_raw_v2_38i\U00092.csv,252,true
U00094,AGNT,"AGNT, Inc. - Common Stock",NASDAQ,FEATURES_READY,FEATURES_READY,AGNT,LOCAL_PRICE_READY,local_price_history_exists,outputs\full_universe_source_acquisition\v2_38i_us_price_history_acquisition\us_price_history_raw_v2_38i\U00094.csv,252,true
U00097,AGYS,"Agilysys, Inc. - Common Stock",NASDAQ,FEATURES_READY,FEATURES_READY,AGYS,LOCAL_PRICE_READY,local_price_history_exists,outputs\full_universe_source_acquisition\v2_38i_us_price_history_acquisition\us_price_history_raw_v2_38i\U00097.csv,252,true
U00098,AHCO,AdaptHealth Corp. - Common Stock,NASDAQ,FEATURES_READY,FEATURES_READY,AHCO,LOCAL_PRICE_READY,local_price_history_exists,outputs\full_universe_source_acquisition\v2_38i_us_price_history_acquisition\us_price_history_raw_v2_38i\U00098.csv,252,true
U00099,AHMA,Ambitions Enterprise Management Co. L.L.C - Class A Ordinary Shares,NASDAQ,FEATURES_READY,FEATURES_READY,AHMA,LOCAL_PRICE_READY,local_price_history_exists,outputs\full_universe_source_acquisition\v2_38i_us_price_history_acquisition\us_price_history_raw_v2_38i\U00099.csv,252,true
U00104,AIFC,AI Financial Corporation - Common Stock,NASDAQ,FEATURES_READY,FEATURES_READY,AIFC,LOCAL_PRICE_READY,local_price_history_exists,outputs\full_universe_source_acquisition\v2_38i_us_price_history_acquisition\us_price_history_raw_v2_38i\U00104.csv,252,true
U00106,AIFU,AIFU Inc. - Class A Ordinary Share,NASDAQ,FEATURES_READY,FEATURES_READY,AIFU,LOCAL_PRICE_READY,local_price_history_exists,outputs\full_universe_source_acquisition\v2_38i_us_price_history_acquisition\us_price_history_raw_v2_38i\U00106.csv,252,true
U00107,AIHS,Senmiao Technology Limited - Common Stock,NASDAQ,FEATURES_READY,FEATURES_READY,AIHS,LOCAL_PRICE_READY,local_price_history_exists,outputs\full_universe_source_acquisition\v2_38i_us_price_history_acquisition\us_price_history_raw_v2_38i\U00107.csv,252,true
U00108,AIIO,Robo.ai Inc. - Class B Ordinary Shares,NASDAQ,FEATURES_READY,FEATURES_READY,AIIO,LOCAL_PRICE_READY,local_price_history_exists,outputs\full_universe_source_acquisition\v2_38i_us_price_history_acquisition\us_price_history_raw_v2_38i\U00108.csv,252,true
U00110,AIMD,"Ainos, Inc. - Common Stock",NASDAQ,FEATURES_READY,FEATURES_READY,AIMD,LOCAL_PRICE_READY,local_price_history_exists,outputs\full_universe_source_acquisition\v2_38i_us_price_history_acquisition\us_price_history_raw_v2_38i\U00110.csv,252,true
U00111,AIOS,AIOS Tech Inc. - Class A Common Shares,NASDAQ,FEATURES_READY,FEATURES_READY,AIOS,LOCAL_PRICE_READY,local_price_history_exists,outputs\full_universe_source_acquisition\v2_38i_us_price_history_acquisition\us_price_history_raw_v2_38i\U00111.csv,252,true
U00112,AIOT,"PowerFleet, Inc. - Common Stock",NASDAQ,FEATURES_READY,FEATURES_READY,AIOT,LOCAL_PRICE_READY,local_price_history_exists,outputs\full_universe_source_acquisition\v2_38i_us_price_history_acquisition\us_price_history_raw_v2_38i\U00112.csv,252,true
U00113,AIP,"Arteris, Inc. - Common Stock",NASDAQ,FEATURES_READY,FEATURES_READY,AIP,LOCAL_PRICE_READY,local_price_history_exists,outputs\full_universe_source_acquisition\v2_38i_us_price_history_acquisition\us_price_history_raw_v2_38i\U00113.csv,252,true
U00114,AIRE,reAlpha Tech Corp. - Common Stock,NASDAQ,FEATURES_READY,FEATURES_READY,AIRE,LOCAL_PRICE_READY,local_price_history_exists,outputs\full_universe_source_acquisition\v2_38i_us_price_history_acquisition\us_price_history_raw_v2_38i\U00114.csv,252,true
U00115,AIRG,"Airgain, Inc. - Common Stock",NASDAQ,FEATURES_READY,FEATURES_READY,AIRG,LOCAL_PRICE_READY,local_price_history_exists,outputs\full_universe_source_acquisition\v2_38i_us_price_history_acquisition\us_price_history_raw_v2_38i\U00115.csv,252,true
U00118,AIRS,"AirSculpt Technologies, Inc. - Common Stock",NASDAQ,FEATURES_READY,FEATURES_READY,AIRS,LOCAL_PRICE_READY,local_price_history_exists,outputs\full_universe_source_acquisition\v2_38i_us_price_history_acquisition\us_price_history_raw_v2_38i\U00118.csv,252,true
U00119,AIRT,"Air T, Inc. - Common Stock",NASDAQ,FEATURES_READY,FEATURES_READY,AIRT,LOCAL_PRICE_READY,local_price_history_exists,outputs\full_universe_source_acquisition\v2_38i_us_price_history_acquisition\us_price_history_raw_v2_38i\U00119.csv,252,true
U00122,AKAM,"Akamai Technologies, Inc. - Common Stock",NASDAQ,FEATURES_READY,FEATURES_READY,AKAM,LOCAL_PRICE_READY,local_price_history_exists,outputs\full_universe_source_acquisition\v2_38i_us_price_history_acquisition\us_price_history_raw_v2_38i\U00122.csv,252,true
U00124,AKBA,"Akebia Therapeutics, Inc. - Common Stock",NASDAQ,FEATURES_READY,FEATURES_READY,AKBA,LOCAL_PRICE_READY,local_price_history_exists,outputs\full_universe_source_acquisition\v2_38i_us_price_history_acquisition\us_price_history_raw_v2_38i\U00124.csv,252,true
U00126,ALAB,"Astera Labs, Inc. - Common Stock",NASDAQ,FEATURES_READY,FEATURES_READY,ALAB,LOCAL_PRICE_READY,local_price_history_exists,outputs\full_universe_source_acquisition\v2_38i_us_price_history_acquisition\us_price_history_raw_v2_38i\U00126.csv,252,true
U00128,ALCO,"Alico, Inc. - Common Stock",NASDAQ,FEATURES_READY,FEATURES_READY,ALCO,LOCAL_PRICE_READY,local_price_history_exists,outputs\full_universe_source_acquisition\v2_38i_us_price_history_acquisition\us_price_history_raw_v2_38i\U00128.csv,252,true
U00131,ALEC,"Alector, Inc. - Common Stock",NASDAQ,FEATURES_READY,FEATURES_READY,ALEC,LOCAL_PRICE_READY,local_price_history_exists,outputs\full_universe_source_acquisition\v2_38i_us_price_history_acquisition\us_price_history_raw_v2_38i\U00131.csv,252,true
U00133,ALGM,"Allegro MicroSystems, Inc. - Common Stock",NASDAQ,FEATURES_READY,FEATURES_READY,ALGM,LOCAL_PRICE_READY,local_price_history_exists,outputs\full_universe_source_acquisition\v2_38i_us_price_history_acquisition\us_price_history_raw_v2_38i\U00133.csv,252,true
U00134,ALGN,"Align Technology, Inc. - Common Stock",NASDAQ,FEATURES_READY,FEATURES_READY,ALGN,LOCAL_PRICE_READY,local_price_history_exists,outputs\full_universe_source_acquisition\v2_38i_us_price_history_acquisition\us_price_history_raw_v2_38i\U00134.csv,252,true
U00136,ALGT,Allegiant Travel Company - Common Stock,NASDAQ,FEATURES_READY,FEATURES_READY,ALGT,LOCAL_PRICE_READY,local_price_history_exists,outputs\full_universe_source_acquisition\v2_38i_us_price_history_acquisition\us_price_history_raw_v2_38i\U00136.csv,252,true
U00137,ALHC,"Alignment Healthcare, Inc. - Common Stock",NASDAQ,FEATURES_READY,FEATURES_READY,ALHC,LOCAL_PRICE_READY,local_price_history_exists,outputs\full_universe_source_acquisition\v2_38i_us_price_history_acquisition\us_price_history_raw_v2_38i\U00137.csv,252,true
U00139,ALKS,Alkermes plc - Ordinary Shares,NASDAQ,FEATURES_READY,FEATURES_READY,ALKS,LOCAL_PRICE_READY,local_price_history_exists,outputs\full_universe_source_acquisition\v2_38i_us_price_history_acquisition\us_price_history_raw_v2_38i\U00139.csv,252,true
U00140,ALKT,"Alkami Technology, Inc. - Common Stock",NASDAQ,FEATURES_READY,FEATURES_READY,ALKT,LOCAL_PRICE_READY,local_price_history_exists,outputs\full_universe_source_acquisition\v2_38i_us_price_history_acquisition\us_price_history_raw_v2_38i\U00140.csv,252,true
U00143,ALLT,Allot Ltd. - Ordinary Shares,NASDAQ,FEATURES_READY,FEATURES_READY,ALLT,LOCAL_PRICE_READY,local_price_history_exists,outputs\full_universe_source_acquisition\v2_38i_us_price_history_acquisition\us_price_history_raw_v2_38i\U00143.csv,252,true
U00146,ALMS,Alumis Inc. - Common Stock,NASDAQ,FEATURES_READY,FEATURES_READY,ALMS,LOCAL_PRICE_READY,local_price_history_exists,outputs\full_universe_source_acquisition\v2_38i_us_price_history_acquisition\us_price_history_raw_v2_38i\U00146.csv,252,true
U00147,ALMU,"Aeluma, Inc. - Common Stock",NASDAQ,FEATURES_READY,FEATURES_READY,ALMU,LOCAL_PRICE_READY,local_price_history_exists,outputs\full_universe_source_acquisition\v2_38i_us_price_history_acquisition\us_price_history_raw_v2_38i\U00147.csv,252,true
U00148,ALNT,Allient Inc. - Common Stock,NASDAQ,FEATURES_READY,FEATURES_READY,ALNT,LOCAL_PRICE_READY,local_price_history_exists,outputs\full_universe_source_acquisition\v2_38i_us_price_history_acquisition\us_price_history_raw_v2_38i\U00148.csv,252,true
U00149,ALNY,"Alnylam Pharmaceuticals, Inc. - Common Stock",NASDAQ,FEATURES_READY,FEATURES_READY,ALNY,LOCAL_PRICE_READY,local_price_history_exists,outputs\full_universe_source_acquisition\v2_38i_us_price_history_acquisition\us_price_history_raw_v2_38i\U00149.csv,252,true
U00150,ALOT,"AstroNova, Inc. - Common Stock",NASDAQ,FEATURES_READY,FEATURES_READY,ALOT,LOCAL_PRICE_READY,local_price_history_exists,outputs\full_universe_source_acquisition\v2_38i_us_price_history_acquisition\us_price_history_raw_v2_38i\U00150.csv,252,true
U00155,ALRM,"Alarm.com Holdings, Inc. - Common Stock",NASDAQ,FEATURES_READY,FEATURES_READY,ALRM,LOCAL_PRICE_READY,local_price_history_exists,outputs\full_universe_source_acquisition\v2_38i_us_price_history_acquisition\us_price_history_raw_v2_38i\U00155.csv,252,true
U00156,ALRS,Alerus Financial Corporation - Common Stock,NASDAQ,FEATURES_READY,FEATURES_READY,ALRS,LOCAL_PRICE_READY,local_price_history_exists,outputs\full_universe_source_acquisition\v2_38i_us_price_history_acquisition\us_price_history_raw_v2_38i\U00156.csv,252,true
U00157,ALT,"Altimmune, Inc. - Common Stock",NASDAQ,FEATURES_READY,FEATURES_READY,ALT,LOCAL_PRICE_READY,local_price_history_exists,outputs\full_universe_source_acquisition\v2_38i_us_price_history_acquisition\us_price_history_raw_v2_38i\U00157.csv,252,true
U00159,ALTO,"Alto Ingredients, Inc. - Common Stock",NASDAQ,FEATURES_READY,FEATURES_READY,ALTO,LOCAL_PRICE_READY,local_price_history_exists,outputs\full_universe_source_acquisition\v2_38i_us_price_history_acquisition\us_price_history_raw_v2_38i\U00159.csv,252,true
U00163,AMAL,Amalgamated Financial Corp. - Common Stock,NASDAQ,FEATURES_READY,FEATURES_READY,AMAL,LOCAL_PRICE_READY,local_price_history_exists,outputs\full_universe_source_acquisition\v2_38i_us_price_history_acquisition\us_price_history_raw_v2_38i\U00163.csv,252,true
U00165,AMAT,"Applied Materials, Inc. - Common Stock",NASDAQ,FEATURES_READY,FEATURES_READY,AMAT,LOCAL_PRICE_READY,local_price_history_exists,outputs\full_universe_source_acquisition\v2_38i_us_price_history_acquisition\us_price_history_raw_v2_38i\U00165.csv,252,true
U00166,AMBA,"Ambarella, Inc. - Ordinary Shares",NASDAQ,FEATURES_READY,FEATURES_READY,AMBA,LOCAL_PRICE_READY,local_price_history_exists,outputs\full_universe_source_acquisition\v2_38i_us_price_history_acquisition\us_price_history_raw_v2_38i\U00166.csv,252,true
U00168,AMCX,AMC Global Media Inc. - Class A Common Stock,NASDAQ,FEATURES_READY,FEATURES_READY,AMCX,LOCAL_PRICE_READY,local_price_history_exists,outputs\full_universe_source_acquisition\v2_38i_us_price_history_acquisition\us_price_history_raw_v2_38i\U00168.csv,252,true
U00169,AMD,"Advanced Micro Devices, Inc. - Common Stock",NASDAQ,FEATURES_READY,FEATURES_READY,AMD,LOCAL_PRICE_READY,local_price_history_exists,outputs\full_universe_source_acquisition\v2_38i_us_price_history_acquisition\us_price_history_raw_v2_38i\U00169.csv,252,true
U00170,AMGN,Amgen Inc. - Common Stock,NASDAQ,FEATURES_READY,FEATURES_READY,AMGN,LOCAL_PRICE_READY,local_price_history_exists,outputs\full_universe_source_acquisition\v2_38i_us_price_history_acquisition\us_price_history_raw_v2_38i\U00170.csv,252,true
U00172,AMKR,"Amkor Technology, Inc. - Common Stock",NASDAQ,FEATURES_READY,FEATURES_READY,AMKR,LOCAL_PRICE_READY,local_price_history_exists,outputs\full_universe_source_acquisition\v2_38i_us_price_history_acquisition\us_price_history_raw_v2_38i\U00172.csv,252,true
U00174,AMOD,"Alpha Modus Holdings, Inc. - Class A Common Stock",NASDAQ,FEATURES_READY,FEATURES_READY,AMOD,LOCAL_PRICE_READY,local_price_history_exists,outputs\full_universe_source_acquisition\v2_38i_us_price_history_acquisition\us_price_history_raw_v2_38i\U00174.csv,252,true
U00175,AMPG,"Amplitech Group, Inc. - Common Stock",NASDAQ,FEATURES_READY,FEATURES_READY,AMPG,LOCAL_PRICE_READY,local_price_history_exists,outputs\full_universe_source_acquisition\v2_38i_us_price_history_acquisition\us_price_history_raw_v2_38i\U00175.csv,252,true
U00176,AMPH,"Amphastar Pharmaceuticals, Inc. - Common Stock",NASDAQ,FEATURES_READY,FEATURES_READY,AMPH,LOCAL_PRICE_READY,local_price_history_exists,outputs\full_universe_source_acquisition\v2_38i_us_price_history_acquisition\us_price_history_raw_v2_38i\U00176.csv,252,true
U00177,AMPL,"Amplitude, Inc. - Class A Common Stock",NASDAQ,FEATURES_READY,FEATURES_READY,AMPL,LOCAL_PRICE_READY,local_price_history_exists,outputs\full_universe_source_acquisition\v2_38i_us_price_history_acquisition\us_price_history_raw_v2_38i\U00177.csv,252,true
U00178,AMRX,"Amneal Pharmaceuticals, Inc. - Class A Common Stock",NASDAQ,FEATURES_READY,FEATURES_READY,AMRX,LOCAL_PRICE_READY,local_price_history_exists,outputs\full_universe_source_acquisition\v2_38i_us_price_history_acquisition\us_price_history_raw_v2_38i\U00178.csv,252,true
U00179,AMSC,American Superconductor Corporation - Common Stock,NASDAQ,FEATURES_READY,FEATURES_READY,AMSC,LOCAL_PRICE_READY,local_price_history_exists,outputs\full_universe_source_acquisition\v2_38i_us_price_history_acquisition\us_price_history_raw_v2_38i\U00179.csv,252,true
U00180,AMSF,"AMERISAFE, Inc. - Common Stock",NASDAQ,FEATURES_READY,FEATURES_READY,AMSF,LOCAL_PRICE_READY,local_price_history_exists,outputs\full_universe_source_acquisition\v2_38i_us_price_history_acquisition\us_price_history_raw_v2_38i\U00180.csv,252,true
U00182,AMST,Amesite Inc. - Common Stock,NASDAQ,FEATURES_READY,FEATURES_READY,AMST,LOCAL_PRICE_READY,local_price_history_exists,outputs\full_universe_source_acquisition\v2_38i_us_price_history_acquisition\us_price_history_raw_v2_38i\U00182.csv,252,true
U00184,AMZN,"Amazon.com, Inc. - Common Stock",NASDAQ,FEATURES_READY,FEATURES_READY,AMZN,LOCAL_PRICE_READY,local_price_history_exists,outputs\full_universe_source_acquisition\v2_38i_us_price_history_acquisition\us_price_history_raw_v2_38i\U00184.csv,252,true
U00185,ANAB,"AnaptysBio, Inc. - Common Stock",NASDAQ,FEATURES_READY,FEATURES_READY,ANAB,LOCAL_PRICE_READY,local_price_history_exists,outputs\full_universe_source_acquisition\v2_38i_us_price_history_acquisition\us_price_history_raw_v2_38i\U00185.csv,252,true
U00186,ANDE,"The Andersons, Inc. - Common Stock",NASDAQ,FEATURES_READY,FEATURES_READY,ANDE,LOCAL_PRICE_READY,local_price_history_exists,outputs\full_universe_source_acquisition\v2_38i_us_price_history_acquisition\us_price_history_raw_v2_38i\U00186.csv,252,true
U00189,ANGO,"AngioDynamics, Inc. - Common Stock",NASDAQ,FEATURES_READY,FEATURES_READY,ANGO,LOCAL_PRICE_READY,local_price_history_exists,outputs\full_universe_source_acquisition\v2_38i_us_price_history_acquisition\us_price_history_raw_v2_38i\U00189.csv,252,true
U00190,ANIK,Anika Therapeutics Inc. - Common Stock,NASDAQ,FEATURES_READY,FEATURES_READY,ANIK,LOCAL_PRICE_READY,local_price_history_exists,outputs\full_universe_source_acquisition\v2_38i_us_price_history_acquisition\us_price_history_raw_v2_38i\U00190.csv,252,true
U00191,ANIP,"ANI Pharmaceuticals, Inc. - Common Stock",NASDAQ,FEATURES_READY,FEATURES_READY,ANIP,LOCAL_PRICE_READY,local_price_history_exists,outputs\full_universe_source_acquisition\v2_38i_us_price_history_acquisition\us_price_history_raw_v2_38i\U00191.csv,252,true
U00195,ANPA,Rich Sparkle Holdings Limited - Ordinary Shares,NASDAQ,FEATURES_READY,FEATURES_READY,ANPA,LOCAL_PRICE_READY,local_price_history_exists,outputs\full_universe_source_acquisition\v2_38i_us_price_history_acquisition\us_price_history_raw_v2_38i\U00195.csv,252,true
U00197,ANTA,Antalpha Platform Holding Company - Class A Ordinary Shares,NASDAQ,FEATURES_READY,FEATURES_READY,ANTA,LOCAL_PRICE_READY,local_price_history_exists,outputs\full_universe_source_acquisition\v2_38i_us_price_history_acquisition\us_price_history_raw_v2_38i\U00197.csv,252,true
U00199,ANY,Sphere 3D Corp. - Common Shares,NASDAQ,FEATURES_READY,FEATURES_READY,ANY,LOCAL_PRICE_READY,local_price_history_exists,outputs\full_universe_source_acquisition\v2_38i_us_price_history_acquisition\us_price_history_raw_v2_38i\U00199.csv,252,true
U00200,AOSL,Alpha and Omega Semiconductor Limited - Common Shares,NASDAQ,FEATURES_READY,FEATURES_READY,AOSL,LOCAL_PRICE_READY,local_price_history_exists,outputs\full_universe_source_acquisition\v2_38i_us_price_history_acquisition\us_price_history_raw_v2_38i\U00200.csv,252,true
U00201,AOUT,"American Outdoor Brands, Inc. - Common Stock",NASDAQ,FEATURES_READY,FEATURES_READY,AOUT,LOCAL_PRICE_READY,local_price_history_exists,outputs\full_universe_source_acquisition\v2_38i_us_price_history_acquisition\us_price_history_raw_v2_38i\U00201.csv,252,true
U00205,APEI,"American Public Education, Inc. - Common Stock",NASDAQ,FEATURES_READY,FEATURES_READY,APEI,LOCAL_PRICE_READY,local_price_history_exists,outputs\full_universe_source_acquisition\v2_38i_us_price_history_acquisition\us_price_history_raw_v2_38i\U00205.csv,252,true
U00207,API,"Agora, Inc. - ADS",NASDAQ,FEATURES_READY,FEATURES_READY,API,LOCAL_PRICE_READY,local_price_history_exists,outputs\full_universe_source_acquisition\v2_38i_us_price_history_acquisition\us_price_history_raw_v2_38i\U00207.csv,252,true
U00212,APOG,"Apogee Enterprises, Inc. - Common Stock",NASDAQ,FEATURES_READY,FEATURES_READY,APOG,LOCAL_PRICE_READY,local_price_history_exists,outputs\full_universe_source_acquisition\v2_38i_us_price_history_acquisition\us_price_history_raw_v2_38i\U00212.csv,252,true
U00213,APP,Applovin Corporation - Class A Common Stock,NASDAQ,FEATURES_READY,FEATURES_READY,APP,LOCAL_PRICE_READY,local_price_history_exists,outputs\full_universe_source_acquisition\v2_38i_us_price_history_acquisition\us_price_history_raw_v2_38i\U00213.csv,252,true
U00214,APPF,"AppFolio, Inc. - Class A Common Stock",NASDAQ,FEATURES_READY,FEATURES_READY,APPF,LOCAL_PRICE_READY,local_price_history_exists,outputs\full_universe_source_acquisition\v2_38i_us_price_history_acquisition\us_price_history_raw_v2_38i\U00214.csv,252,true
U00215,APPN,Appian Corporation - Class A Common Stock,NASDAQ,FEATURES_READY,FEATURES_READY,APPN,LOCAL_PRICE_READY,local_price_history_exists,outputs\full_universe_source_acquisition\v2_38i_us_price_history_acquisition\us_price_history_raw_v2_38i\U00215.csv,252,true
U00216,APPS,"Digital Turbine, Inc. - Common Stock",NASDAQ,FEATURES_READY,FEATURES_READY,APPS,LOCAL_PRICE_READY,local_price_history_exists,outputs\full_universe_source_acquisition\v2_38i_us_price_history_acquisition\us_price_history_raw_v2_38i\U00216.csv,252,true
U00220,APWC,"Asia Pacific Wire & Cable Corporation Limited - Common shares, Par value .01 per share",NASDAQ,FEATURES_READY,FEATURES_READY,APWC,LOCAL_PRICE_READY,local_price_history_exists,outputs\full_universe_source_acquisition\v2_38i_us_price_history_acquisition\us_price_history_raw_v2_38i\U00220.csv,252,true
U00222,APYX,Apyx Medical Corporation - Common Stock,NASDAQ,FEATURES_READY,FEATURES_READY,APYX,LOCAL_PRICE_READY,local_price_history_exists,outputs\full_universe_source_acquisition\v2_38i_us_price_history_acquisition\us_price_history_raw_v2_38i\U00222.csv,252,true
U00225,AQST,"Aquestive Therapeutics, Inc. - Common Stock",NASDAQ,FEATURES_READY,FEATURES_READY,AQST,LOCAL_PRICE_READY,local_price_history_exists,outputs\full_universe_source_acquisition\v2_38i_us_price_history_acquisition\us_price_history_raw_v2_38i\U00225.csv,252,true
U00227,ARAY,Accuray Incorporated - Common Stock,NASDAQ,FEATURES_READY,FEATURES_READY,ARAY,LOCAL_PRICE_READY,local_price_history_exists,outputs\full_universe_source_acquisition\v2_38i_us_price_history_acquisition\us_price_history_raw_v2_38i\U00227.csv,252,true
U00229,ARBE,Arbe Robotics Ltd. - Ordinary Shares,NASDAQ,FEATURES_READY,FEATURES_READY,ARBE,LOCAL_PRICE_READY,local_price_history_exists,outputs\full_universe_source_acquisition\v2_38i_us_price_history_acquisition\us_price_history_raw_v2_38i\U00229.csv,252,true
U00230,ARCB,ArcBest Corporation - Common Stock,NASDAQ,FEATURES_READY,FEATURES_READY,ARCB,LOCAL_PRICE_READY,local_price_history_exists,outputs\full_universe_source_acquisition\v2_38i_us_price_history_acquisition\us_price_history_raw_v2_38i\U00230.csv,252,true
U00234,ARCT,Arcturus Therapeutics Holdings Inc. - Common Stock,NASDAQ,FEATURES_READY,FEATURES_READY,ARCT,LOCAL_PRICE_READY,local_price_history_exists,outputs\full_universe_source_acquisition\v2_38i_us_price_history_acquisition\us_price_history_raw_v2_38i\U00234.csv,252,true
U00235,ARDX,"Ardelyx, Inc. - Common Stock",NASDAQ,FEATURES_READY,FEATURES_READY,ARDX,LOCAL_PRICE_READY,local_price_history_exists,outputs\full_universe_source_acquisition\v2_38i_us_price_history_acquisition\us_price_history_raw_v2_38i\U00235.csv,252,true
U00237,ARHS,"Arhaus, Inc. - Class A Common Stock",NASDAQ,FEATURES_READY,FEATURES_READY,ARHS,LOCAL_PRICE_READY,local_price_history_exists,outputs\full_universe_source_acquisition\v2_38i_us_price_history_acquisition\us_price_history_raw_v2_38i\U00237.csv,252,true
U00238,ARKO,ARKO Corp. - Common Stock,NASDAQ,FEATURES_READY,FEATURES_READY,ARKO,LOCAL_PRICE_READY,local_price_history_exists,outputs\full_universe_source_acquisition\v2_38i_us_price_history_acquisition\us_price_history_raw_v2_38i\U00238.csv,252,true
U00239,ARKR,Ark Restaurants Corp. - Common Stock,NASDAQ,FEATURES_READY,FEATURES_READY,ARKR,LOCAL_PRICE_READY,local_price_history_exists,outputs\full_universe_source_acquisition\v2_38i_us_price_history_acquisition\us_price_history_raw_v2_38i\U00239.csv,252,true
U00240,AROW,Arrow Financial Corporation - Common Stock,NASDAQ,FEATURES_READY,FEATURES_READY,AROW,LOCAL_PRICE_READY,local_price_history_exists,outputs\full_universe_source_acquisition\v2_38i_us_price_history_acquisition\us_price_history_raw_v2_38i\U00240.csv,252,true
U00243,ARQT,"Arcutis Biotherapeutics, Inc. - Common stock",NASDAQ,FEATURES_READY,FEATURES_READY,ARQT,LOCAL_PRICE_READY,local_price_history_exists,outputs\full_universe_source_acquisition\v2_38i_us_price_history_acquisition\us_price_history_raw_v2_38i\U00243.csv,252,true
U00244,ARRY,"Array Technologies, Inc. - Common Stock",NASDAQ,FEATURES_READY,FEATURES_READY,ARRY,LOCAL_PRICE_READY,local_price_history_exists,outputs\full_universe_source_acquisition\v2_38i_us_price_history_acquisition\us_price_history_raw_v2_38i\U00244.csv,252,true
U00247,ARTNA,Artesian Resources Corporation - Class A Non-Voting Common Stock,NASDAQ,FEATURES_READY,FEATURES_READY,ARTNA,LOCAL_PRICE_READY,local_price_history_exists,outputs\full_universe_source_acquisition\v2_38i_us_price_history_acquisition\us_price_history_raw_v2_38i\U00247.csv,252,true
U00249,ARTW,"Art's-Way Manufacturing Co., Inc. - Common Stock",NASDAQ,FEATURES_READY,FEATURES_READY,ARTW,LOCAL_PRICE_READY,local_price_history_exists,outputs\full_universe_source_acquisition\v2_38i_us_price_history_acquisition\us_price_history_raw_v2_38i\U00249.csv,252,true
U00250,ARVN,"Arvinas, Inc. - Common Stock",NASDAQ,FEATURES_READY,FEATURES_READY,ARVN,LOCAL_PRICE_READY,local_price_history_exists,outputs\full_universe_source_acquisition\v2_38i_us_price_history_acquisition\us_price_history_raw_v2_38i\U00250.csv,252,true
U00251,ARWR,"Arrowhead Pharmaceuticals, Inc. - Common Stock",NASDAQ,FEATURES_READY,FEATURES_READY,ARWR,LOCAL_PRICE_READY,local_price_history_exists,outputs\full_universe_source_acquisition\v2_38i_us_price_history_acquisition\us_price_history_raw_v2_38i\U00251.csv,252,true
U00254,ASLE,AerSale Corporation - Common Stock,NASDAQ,FEATURES_READY,FEATURES_READY,ASLE,LOCAL_PRICE_READY,local_price_history_exists,outputs\full_universe_source_acquisition\v2_38i_us_price_history_acquisition\us_price_history_raw_v2_38i\U00254.csv,252,true
U00255,ASMB,"Assembly Biosciences, Inc. - Common Stock",NASDAQ,FEATURES_READY,FEATURES_READY,ASMB,LOCAL_PRICE_READY,local_price_history_exists,outputs\full_universe_source_acquisition\v2_38i_us_price_history_acquisition\us_price_history_raw_v2_38i\U00255.csv,252,true
U00258,ASO,"Academy Sports and Outdoors, Inc. - Common Stock",NASDAQ,FEATURES_READY,FEATURES_READY,ASO,LOCAL_PRICE_READY,local_price_history_exists,outputs\full_universe_source_acquisition\v2_38i_us_price_history_acquisition\us_price_history_raw_v2_38i\U00258.csv,252,true
U00260,ASPI,ASP Isotopes Inc. - Common Stock,NASDAQ,FEATURES_READY,FEATURES_READY,ASPI,LOCAL_PRICE_READY,local_price_history_exists,outputs\full_universe_source_acquisition\v2_38i_us_price_history_acquisition\us_price_history_raw_v2_38i\U00260.csv,252,true
U00262,ASRV,AmeriServ Financial Inc. - Common Stock,NASDAQ,FEATURES_READY,FEATURES_READY,ASRV,LOCAL_PRICE_READY,local_price_history_exists,outputs\full_universe_source_acquisition\v2_38i_us_price_history_acquisition\us_price_history_raw_v2_38i\U00262.csv,252,true
U00263,ASST,"Strive, Inc. - Class A Common Stock",NASDAQ,FEATURES_READY,FEATURES_READY,ASST,LOCAL_PRICE_READY,local_price_history_exists,outputs\full_universe_source_acquisition\v2_38i_us_price_history_acquisition\us_price_history_raw_v2_38i\U00263.csv,252,true
U00264,ASTC,Astrotech Corporation - Common Stock,NASDAQ,FEATURES_READY,FEATURES_READY,ASTC,LOCAL_PRICE_READY,local_price_history_exists,outputs\full_universe_source_acquisition\v2_38i_us_price_history_acquisition\us_price_history_raw_v2_38i\U00264.csv,252,true
U00265,ASTE,"Astec Industries, Inc. - Common Stock",NASDAQ,FEATURES_READY,FEATURES_READY,ASTE,LOCAL_PRICE_READY,local_price_history_exists,outputs\full_universe_source_acquisition\v2_38i_us_price_history_acquisition\us_price_history_raw_v2_38i\U00265.csv,252,true
U00266,ASTH,Astrana Health Inc. - Common Stock,NASDAQ,FEATURES_READY,FEATURES_READY,ASTH,LOCAL_PRICE_READY,local_price_history_exists,outputs\full_universe_source_acquisition\v2_38i_us_price_history_acquisition\us_price_history_raw_v2_38i\U00266.csv,252,true
U00267,ASTI,"Ascent Solar Technologies, Inc - Common Stock",NASDAQ,FEATURES_READY,FEATURES_READY,ASTI,LOCAL_PRICE_READY,local_price_history_exists,outputs\full_universe_source_acquisition\v2_38i_us_price_history_acquisition\us_price_history_raw_v2_38i\U00267.csv,252,true
U00271,ASYS,"Amtech Systems, Inc. - Common Stock",NASDAQ,FEATURES_READY,FEATURES_READY,ASYS,LOCAL_PRICE_READY,local_price_history_exists,outputs\full_universe_source_acquisition\v2_38i_us_price_history_acquisition\us_price_history_raw_v2_38i\U00271.csv,252,true
U00273,ATCX,Atlas Critical Minerals Corporation - Common Stock,NASDAQ,FEATURES_READY,FEATURES_READY,ATCX,LOCAL_PRICE_READY,local_price_history_exists,outputs\full_universe_source_acquisition\v2_38i_us_price_history_acquisition\us_price_history_raw_v2_38i\U00273.csv,252,true
U00275,ATER,"Aterian, Inc. - Common Stock",NASDAQ,FEATURES_READY,FEATURES_READY,ATER,LOCAL_PRICE_READY,local_price_history_exists,outputs\full_universe_source_acquisition\v2_38i_us_price_history_acquisition\us_price_history_raw_v2_38i\U00275.csv,252,true
U00276,ATEX,Anterix Inc. - Common Stock,NASDAQ,FEATURES_READY,FEATURES_READY,ATEX,LOCAL_PRICE_READY,local_price_history_exists,outputs\full_universe_source_acquisition\v2_38i_us_price_history_acquisition\us_price_history_raw_v2_38i\U00276.csv,252,true
U00277,ATGL,Alpha Technology Group Limited - Class A Ordinary Shares,NASDAQ,FEATURES_READY,FEATURES_READY,ATGL,LOCAL_PRICE_READY,local_price_history_exists,outputs\full_universe_source_acquisition\v2_38i_us_price_history_acquisition\us_price_history_raw_v2_38i\U00277.csv,252,true
U00280,ATLC,Atlanticus Holdings Corporation - Common Stock,NASDAQ,FEATURES_READY,FEATURES_READY,ATLC,LOCAL_PRICE_READY,local_price_history_exists,outputs\full_universe_source_acquisition\v2_38i_us_price_history_acquisition\us_price_history_raw_v2_38i\U00280.csv,252,true
U00281,ATLO,Ames National Corporation - Common Stock,NASDAQ,FEATURES_READY,FEATURES_READY,ATLO,LOCAL_PRICE_READY,local_price_history_exists,outputs\full_universe_source_acquisition\v2_38i_us_price_history_acquisition\us_price_history_raw_v2_38i\U00281.csv,252,true
U00282,ATLX,Atlas Lithium Corporation - Common Stock,NASDAQ,FEATURES_READY,FEATURES_READY,ATLX,LOCAL_PRICE_READY,local_price_history_exists,outputs\full_universe_source_acquisition\v2_38i_us_price_history_acquisition\us_price_history_raw_v2_38i\U00282.csv,252,true
U00283,ATNI,"ATN International, Inc. - Common Stock",NASDAQ,FEATURES_READY,FEATURES_READY,ATNI,LOCAL_PRICE_READY,local_price_history_exists,outputs\full_universe_source_acquisition\v2_38i_us_price_history_acquisition\us_price_history_raw_v2_38i\U00283.csv,252,true
U00284,ATOM,Atomera Incorporated - Common Stock,NASDAQ,FEATURES_READY,FEATURES_READY,ATOM,LOCAL_PRICE_READY,local_price_history_exists,outputs\full_universe_source_acquisition\v2_38i_us_price_history_acquisition\us_price_history_raw_v2_38i\U00284.csv,252,true
U00287,ATRA,"Atara Biotherapeutics, Inc. - Common Stock",NASDAQ,FEATURES_READY,FEATURES_READY,ATRA,LOCAL_PRICE_READY,local_price_history_exists,outputs\full_universe_source_acquisition\v2_38i_us_price_history_acquisition\us_price_history_raw_v2_38i\U00287.csv,252,true
U00288,ATRC,"AtriCure, Inc. - Common Stock",NASDAQ,FEATURES_READY,FEATURES_READY,ATRC,LOCAL_PRICE_READY,local_price_history_exists,outputs\full_universe_source_acquisition\v2_38i_us_price_history_acquisition\us_price_history_raw_v2_38i\U00288.csv,252,true
U00289,ATRO,Astronics Corporation - Common Stock,NASDAQ,FEATURES_READY,FEATURES_READY,ATRO,LOCAL_PRICE_READY,local_price_history_exists,outputs\full_universe_source_acquisition\v2_38i_us_price_history_acquisition\us_price_history_raw_v2_38i\U00289.csv,252,true
U00290,ATXG,Addentax Group Corp. - Common Stock,NASDAQ,FEATURES_READY,FEATURES_READY,ATXG,LOCAL_PRICE_READY,local_price_history_exists,outputs\full_universe_source_acquisition\v2_38i_us_price_history_acquisition\us_price_history_raw_v2_38i\U00290.csv,252,true
U00291,ATYR,"aTyr Pharma, Inc. - Common Stock",NASDAQ,FEATURES_READY,FEATURES_READY,ATYR,LOCAL_PRICE_READY,local_price_history_exists,outputs\full_universe_source_acquisition\v2_38i_us_price_history_acquisition\us_price_history_raw_v2_38i\U00291.csv,252,true
U00293,AUC,ATIF Holdings Limited - Ordinary Shares,NASDAQ,FEATURES_READY,FEATURES_READY,AUC,LOCAL_PRICE_READY,local_price_history_exists,outputs\full_universe_source_acquisition\v2_38i_us_price_history_acquisition\us_price_history_raw_v2_38i\U00293.csv,252,true
U00294,AUDC,AudioCodes Ltd. - Ordinary Shares,NASDAQ,FEATURES_READY,FEATURES_READY,AUDC,LOCAL_PRICE_READY,local_price_history_exists,outputs\full_universe_source_acquisition\v2_38i_us_price_history_acquisition\us_price_history_raw_v2_38i\U00294.csv,252,true
U00297,AUPH,Aurinia Pharmaceuticals Inc - Common Shares,NASDAQ,FEATURES_READY,FEATURES_READY,AUPH,LOCAL_PRICE_READY,local_price_history_exists,outputs\full_universe_source_acquisition\v2_38i_us_price_history_acquisition\us_price_history_raw_v2_38i\U00297.csv,252,true
U00298,AUR,"Aurora Innovation, Inc. - Class A Common Stock",NASDAQ,FEATURES_READY,FEATURES_READY,AUR,LOCAL_PRICE_READY,local_price_history_exists,outputs\full_universe_source_acquisition\v2_38i_us_price_history_acquisition\us_price_history_raw_v2_38i\U00298.csv,252,true
U00307,AVGO,Broadcom Inc. - Common Stock,NASDAQ,FEATURES_READY,FEATURES_READY,AVGO,LOCAL_PRICE_READY,local_price_history_exists,outputs\full_universe_source_acquisition\v2_38i_us_price_history_acquisition\us_price_history_raw_v2_38i\U00307.csv,252,true
U00310,AVNW,"Aviat Networks, Inc. - Common Stock",NASDAQ,FEATURES_READY,FEATURES_READY,AVNW,LOCAL_PRICE_READY,local_price_history_exists,outputs\full_universe_source_acquisition\v2_38i_us_price_history_acquisition\us_price_history_raw_v2_38i\U00310.csv,252,true
U00311,AVO,"Mission Produce, Inc. - Common Stock",NASDAQ,FEATURES_READY,FEATURES_READY,AVO,LOCAL_PRICE_READY,local_price_history_exists,outputs\full_universe_source_acquisition\v2_38i_us_price_history_acquisition\us_price_history_raw_v2_38i\U00311.csv,252,true
U00312,AVPT,"AvePoint, Inc. - Class A Common Stock",NASDAQ,FEATURES_READY,FEATURES_READY,AVPT,LOCAL_PRICE_READY,local_price_history_exists,outputs\full_universe_source_acquisition\v2_38i_us_price_history_acquisition\us_price_history_raw_v2_38i\U00312.csv,252,true
U00314,AVT,"Avnet, Inc. - Common Stock",NASDAQ,FEATURES_READY,FEATURES_READY,AVT,LOCAL_PRICE_READY,local_price_history_exists,outputs\full_universe_source_acquisition\v2_38i_us_price_history_acquisition\us_price_history_raw_v2_38i\U00314.csv,252,true
U00319,AXG,Solowin Holdings - Class A Ordinary Share,NASDAQ,FEATURES_READY,FEATURES_READY,AXG,LOCAL_PRICE_READY,local_price_history_exists,outputs\full_universe_source_acquisition\v2_38i_us_price_history_acquisition\us_price_history_raw_v2_38i\U00319.csv,252,true
U00320,AXGN,"Axogen, Inc. - Common Stock",NASDAQ,FEATURES_READY,FEATURES_READY,AXGN,LOCAL_PRICE_READY,local_price_history_exists,outputs\full_universe_source_acquisition\v2_38i_us_price_history_acquisition\us_price_history_raw_v2_38i\U00320.csv,252,true
U00322,AXON,"Axon Enterprise, Inc. - Common Stock",NASDAQ,FEATURES_READY,FEATURES_READY,AXON,LOCAL_PRICE_READY,local_price_history_exists,outputs\full_universe_source_acquisition\v2_38i_us_price_history_acquisition\us_price_history_raw_v2_38i\U00322.csv,252,true
U00323,AXSM,"Axsome Therapeutics, Inc. - Common Stock",NASDAQ,FEATURES_READY,FEATURES_READY,AXSM,LOCAL_PRICE_READY,local_price_history_exists,outputs\full_universe_source_acquisition\v2_38i_us_price_history_acquisition\us_price_history_raw_v2_38i\U00323.csv,252,true
U00324,AXTI,AXT Inc - Common Stock,NASDAQ,FEATURES_READY,FEATURES_READY,AXTI,LOCAL_PRICE_READY,local_price_history_exists,outputs\full_universe_source_acquisition\v2_38i_us_price_history_acquisition\us_price_history_raw_v2_38i\U00324.csv,252,true
U00326,AYTU,"Aytu BioPharma, Inc. - Common Stock",NASDAQ,FEATURES_READY,FEATURES_READY,AYTU,LOCAL_PRICE_READY,local_price_history_exists,outputs\full_universe_source_acquisition\v2_38i_us_price_history_acquisition\us_price_history_raw_v2_38i\U00326.csv,252,true
U00329,AZTA,"Azenta, Inc. - Common Stock",NASDAQ,FEATURES_READY,FEATURES_READY,AZTA,LOCAL_PRICE_READY,local_price_history_exists,outputs\full_universe_source_acquisition\v2_38i_us_price_history_acquisition\us_price_history_raw_v2_38i\U00329.csv,252,true
U00331,BAER,"Bridger Aerospace Group Holdings, Inc. - Common Stock",NASDAQ,FEATURES_READY,FEATURES_READY,BAER,LOCAL_PRICE_READY,local_price_history_exists,outputs\full_universe_source_acquisition\v2_38i_us_price_history_acquisition\us_price_history_raw_v2_38i\U00331.csv,252,true
U00333,BAND,Bandwidth Inc. - Class A Common Stock,NASDAQ,FEATURES_READY,FEATURES_READY,BAND,LOCAL_PRICE_READY,local_price_history_exists,outputs\full_universe_source_acquisition\v2_38i_us_price_history_acquisition\us_price_history_raw_v2_38i\U00333.csv,252,true
U00334,BANF,BancFirst Corporation - Common Stock,NASDAQ,FEATURES_READY,FEATURES_READY,BANF,LOCAL_PRICE_READY,local_price_history_exists,outputs\full_universe_source_acquisition\v2_38i_us_price_history_acquisition\us_price_history_raw_v2_38i\U00334.csv,252,true
U00335,BANL,CBL International Limited - Class B Ordinary Shares,NASDAQ,FEATURES_READY,FEATURES_READY,BANL,LOCAL_PRICE_READY,local_price_history_exists,outputs\full_universe_source_acquisition\v2_38i_us_price_history_acquisition\us_price_history_raw_v2_38i\U00335.csv,252,true
U00336,BANR,Banner Corporation - Common Stock,NASDAQ,FEATURES_READY,FEATURES_READY,BANR,LOCAL_PRICE_READY,local_price_history_exists,outputs\full_universe_source_acquisition\v2_38i_us_price_history_acquisition\us_price_history_raw_v2_38i\U00336.csv,252,true
U00338,BAOS,Baosheng Media Group Holdings Limited - Ordinary shares,NASDAQ,FEATURES_READY,FEATURES_READY,BAOS,LOCAL_PRICE_READY,local_price_history_exists,outputs\full_universe_source_acquisition\v2_38i_us_price_history_acquisition\us_price_history_raw_v2_38i\U00338.csv,252,true
U00339,BATRA,"Atlanta Braves Holdings, Inc. - Series A Common Stock",NASDAQ,FEATURES_READY,FEATURES_READY,BATRA,LOCAL_PRICE_READY,local_price_history_exists,outputs\full_universe_source_acquisition\v2_38i_us_price_history_acquisition\us_price_history_raw_v2_38i\U00339.csv,252,true
U00340,BATRK,"Atlanta Braves Holdings, Inc. - Series C Common Stock",NASDAQ,FEATURES_READY,FEATURES_READY,BATRK,LOCAL_PRICE_READY,local_price_history_exists,outputs\full_universe_source_acquisition\v2_38i_us_price_history_acquisition\us_price_history_raw_v2_38i\U00340.csv,252,true
U00342,BBCP,"Concrete Pumping Holdings, Inc. - Common Stock",NASDAQ,FEATURES_READY,FEATURES_READY,BBCP,LOCAL_PRICE_READY,local_price_history_exists,outputs\full_universe_source_acquisition\v2_38i_us_price_history_acquisition\us_price_history_raw_v2_38i\U00342.csv,252,true
U00344,BBGI,"Beasley Broadcast Group, Inc. - Class A Common Stock",NASDAQ,FEATURES_READY,FEATURES_READY,BBGI,LOCAL_PRICE_READY,local_price_history_exists,outputs\full_universe_source_acquisition\v2_38i_us_price_history_acquisition\us_price_history_raw_v2_38i\U00344.csv,252,true
U00347,BBNX,"Beta Bionics, Inc. - Common Stock",NASDAQ,FEATURES_READY,FEATURES_READY,BBNX,LOCAL_PRICE_READY,local_price_history_exists,outputs\full_universe_source_acquisition\v2_38i_us_price_history_acquisition\us_price_history_raw_v2_38i\U00347.csv,252,true
U00351,BCAL,California BanCorp - Common Stock,NASDAQ,FEATURES_READY,FEATURES_READY,BCAL,LOCAL_PRICE_READY,local_price_history_exists,outputs\full_universe_source_acquisition\v2_38i_us_price_history_acquisition\us_price_history_raw_v2_38i\U00351.csv,252,true
U00356,BCG,"Binah Capital Group, Inc. - Common Stock",NASDAQ,FEATURES_READY,FEATURES_READY,BCG,LOCAL_PRICE_READY,local_price_history_exists,outputs\full_universe_source_acquisition\v2_38i_us_price_history_acquisition\us_price_history_raw_v2_38i\U00356.csv,252,true
U00358,BCML,BayCom Corp - Common Stock,NASDAQ,FEATURES_READY,FEATURES_READY,BCML,LOCAL_PRICE_READY,local_price_history_exists,outputs\full_universe_source_acquisition\v2_38i_us_price_history_acquisition\us_price_history_raw_v2_38i\U00358.csv,252,true
U00359,BCPC,Balchem Corporation - Common Stock,NASDAQ,FEATURES_READY,FEATURES_READY,BCPC,LOCAL_PRICE_READY,local_price_history_exists,outputs\full_universe_source_acquisition\v2_38i_us_price_history_acquisition\us_price_history_raw_v2_38i\U00359.csv,252,true
U00363,BDMD,Baird Medical Investment Holdings Ltd - Ordinary Share,NASDAQ,FEATURES_READY,FEATURES_READY,BDMD,LOCAL_PRICE_READY,local_price_history_exists,outputs\full_universe_source_acquisition\v2_38i_us_price_history_acquisition\us_price_history_raw_v2_38i\U00363.csv,252,true
U00364,BDSX,"Biodesix, Inc. - Common Stock",NASDAQ,FEATURES_READY,FEATURES_READY,BDSX,LOCAL_PRICE_READY,local_price_history_exists,outputs\full_universe_source_acquisition\v2_38i_us_price_history_acquisition\us_price_history_raw_v2_38i\U00364.csv,252,true
U00367,BEAM,Beam Therapeutics Inc. - Common Stock,NASDAQ,FEATURES_READY,FEATURES_READY,BEAM,LOCAL_PRICE_READY,local_price_history_exists,outputs\full_universe_source_acquisition\v2_38i_us_price_history_acquisition\us_price_history_raw_v2_38i\U00367.csv,252,true
U00369,BEEM,Beam Global - Common Stock,NASDAQ,FEATURES_READY,FEATURES_READY,BEEM,LOCAL_PRICE_READY,local_price_history_exists,outputs\full_universe_source_acquisition\v2_38i_us_price_history_acquisition\us_price_history_raw_v2_38i\U00369.csv,252,true
U00371,BELFA,Bel Fuse Inc. - Class A Common Stock,NASDAQ,FEATURES_READY,FEATURES_READY,BELFA,LOCAL_PRICE_READY,local_price_history_exists,outputs\full_universe_source_acquisition\v2_38i_us_price_history_acquisition\us_price_history_raw_v2_38i\U00371.csv,252,true
U00372,BELFB,Bel Fuse Inc. - Class B Common Stock,NASDAQ,FEATURES_READY,FEATURES_READY,BELFB,LOCAL_PRICE_READY,local_price_history_exists,outputs\full_universe_source_acquisition\v2_38i_us_price_history_acquisition\us_price_history_raw_v2_38i\U00372.csv,252,true
U00374,BETR,Better Home & Finance Holding Company - Class A Common Stock,NASDAQ,FEATURES_READY,FEATURES_READY,BETR,LOCAL_PRICE_READY,local_price_history_exists,outputs\full_universe_source_acquisition\v2_38i_us_price_history_acquisition\us_price_history_raw_v2_38i\U00374.csv,252,true
U00375,BFC,Bank First Corporation - Common Stock,NASDAQ,FEATURES_READY,FEATURES_READY,BFC,LOCAL_PRICE_READY,local_price_history_exists,outputs\full_universe_source_acquisition\v2_38i_us_price_history_acquisition\us_price_history_raw_v2_38i\U00375.csv,252,true
U00377,BFRI,Biofrontera Inc. - Common Stock,NASDAQ,FEATURES_READY,FEATURES_READY,BFRI,LOCAL_PRICE_READY,local_price_history_exists,outputs\full_universe_source_acquisition\v2_38i_us_price_history_acquisition\us_price_history_raw_v2_38i\U00377.csv,252,true
U00378,BFST,"Business First Bancshares, Inc. - Common Stock",NASDAQ,FEATURES_READY,FEATURES_READY,BFST,LOCAL_PRICE_READY,local_price_history_exists,outputs\full_universe_source_acquisition\v2_38i_us_price_history_acquisition\us_price_history_raw_v2_38i\U00378.csv,252,true
U00379,BGC,"BGC Group, Inc. - Class A Common Stock",NASDAQ,FEATURES_READY,FEATURES_READY,BGC,LOCAL_PRICE_READY,local_price_history_exists,outputs\full_universe_source_acquisition\v2_38i_us_price_history_acquisition\us_price_history_raw_v2_38i\U00379.csv,252,true
U00383,BGLC,BioNexus Gene Lab Corp - Common stock,NASDAQ,FEATURES_READY,FEATURES_READY,BGLC,LOCAL_PRICE_READY,local_price_history_exists,outputs\full_universe_source_acquisition\v2_38i_us_price_history_acquisition\us_price_history_raw_v2_38i\U00383.csv,252,true
U00384,BGM,BGM Group Ltd. - Class A Ordinary Shares,NASDAQ,FEATURES_READY,FEATURES_READY,BGM,LOCAL_PRICE_READY,local_price_history_exists,outputs\full_universe_source_acquisition\v2_38i_us_price_history_acquisition\us_price_history_raw_v2_38i\U00384.csv,252,true
U00387,BHRB,Burke & Herbert Financial Services Corp. - Common Stock,NASDAQ,FEATURES_READY,FEATURES_READY,BHRB,LOCAL_PRICE_READY,local_price_history_exists,outputs\full_universe_source_acquisition\v2_38i_us_price_history_acquisition\us_price_history_raw_v2_38i\U00387.csv,252,true
U00389,BIAF,"bioAffinity Technologies, Inc. - Common Stock",NASDAQ,FEATURES_READY,FEATURES_READY,BIAF,LOCAL_PRICE_READY,local_price_history_exists,outputs\full_universe_source_acquisition\v2_38i_us_price_history_acquisition\us_price_history_raw_v2_38i\U00389.csv,252,true
U00390,BIIB,Biogen Inc. - Common Stock,NASDAQ,FEATURES_READY,FEATURES_READY,BIIB,LOCAL_PRICE_READY,local_price_history_exists,outputs\full_universe_source_acquisition\v2_38i_us_price_history_acquisition\us_price_history_raw_v2_38i\U00390.csv,252,true
U00391,BIOA,"BioAge Labs, Inc. - Common Stock",NASDAQ,FEATURES_READY,FEATURES_READY,BIOA,LOCAL_PRICE_READY,local_price_history_exists,outputs\full_universe_source_acquisition\v2_38i_us_price_history_acquisition\us_price_history_raw_v2_38i\U00391.csv,252,true
U00396,BIYA,Baiya International Group Inc. - Ordinary Shares,NASDAQ,FEATURES_READY,FEATURES_READY,BIYA,LOCAL_PRICE_READY,local_price_history_exists,outputs\full_universe_source_acquisition\v2_38i_us_price_history_acquisition\us_price_history_raw_v2_38i\U00396.csv,252,true
U00398,BJRI,"BJ's Restaurants, Inc. - Common Stock",NASDAQ,FEATURES_READY,FEATURES_READY,BJRI,LOCAL_PRICE_READY,local_price_history_exists,outputs\full_universe_source_acquisition\v2_38i_us_price_history_acquisition\us_price_history_raw_v2_38i\U00398.csv,252,true
U00401,BKR,Baker Hughes Company - Common Stock,NASDAQ,FEATURES_READY,FEATURES_READY,BKR,LOCAL_PRICE_READY,local_price_history_exists,outputs\full_universe_source_acquisition\v2_38i_us_price_history_acquisition\us_price_history_raw_v2_38i\U00401.csv,252,true
U00402,BL,"BlackLine, Inc. - Common Stock",NASDAQ,FEATURES_READY,FEATURES_READY,BL,LOCAL_PRICE_READY,local_price_history_exists,outputs\full_universe_source_acquisition\v2_38i_us_price_history_acquisition\us_price_history_raw_v2_38i\U00402.csv,252,true
U00403,BLBD,Blue Bird Corporation - Common Stock,NASDAQ,FEATURES_READY,FEATURES_READY,BLBD,LOCAL_PRICE_READY,local_price_history_exists,outputs\full_universe_source_acquisition\v2_38i_us_price_history_acquisition\us_price_history_raw_v2_38i\U00403.csv,252,true
U00406,BLIN,"Bridgeline Digital, Inc. - Common Stock",NASDAQ,FEATURES_READY,FEATURES_READY,BLIN,LOCAL_PRICE_READY,local_price_history_exists,outputs\full_universe_source_acquisition\v2_38i_us_price_history_acquisition\us_price_history_raw_v2_38i\U00406.csv,252,true
U00408,BLKB,"Blackbaud, Inc. - Common Stock",NASDAQ,FEATURES_READY,FEATURES_READY,BLKB,LOCAL_PRICE_READY,local_price_history_exists,outputs\full_universe_source_acquisition\v2_38i_us_price_history_acquisition\us_price_history_raw_v2_38i\U00408.csv,252,true
U00409,BLLN,"BillionToOne, Inc. - Class A common stock",NASDAQ,FEATURES_READY,FEATURES_READY,BLLN,LOCAL_PRICE_READY,local_price_history_exists,outputs\full_universe_source_acquisition\v2_38i_us_price_history_acquisition\us_price_history_raw_v2_38i\U00409.csv,252,true
U00410,BLMN,"Bloomin' Brands, Inc. - Common Stock",NASDAQ,FEATURES_READY,FEATURES_READY,BLMN,LOCAL_PRICE_READY,local_price_history_exists,outputs\full_universe_source_acquisition\v2_38i_us_price_history_acquisition\us_price_history_raw_v2_38i\U00410.csv,252,true
U00411,BLNE,"Beeline Holdings, Inc. - Common Stock",NASDAQ,FEATURES_READY,FEATURES_READY,BLNE,LOCAL_PRICE_READY,local_price_history_exists,outputs\full_universe_source_acquisition\v2_38i_us_price_history_acquisition\us_price_history_raw_v2_38i\U00411.csv,252,true
U00412,BLNK,Blink Charging Co. - Common Stock,NASDAQ,FEATURES_READY,FEATURES_READY,BLNK,LOCAL_PRICE_READY,local_price_history_exists,outputs\full_universe_source_acquisition\v2_38i_us_price_history_acquisition\us_price_history_raw_v2_38i\U00412.csv,252,true
U00415,BLZE,"Backblaze, Inc. - Common Stock",NASDAQ,FEATURES_READY,FEATURES_READY,BLZE,LOCAL_PRICE_READY,local_price_history_exists,outputs\full_universe_source_acquisition\v2_38i_us_price_history_acquisition\us_price_history_raw_v2_38i\U00415.csv,252,true
U00417,BMBL,Bumble Inc. - common stock,NASDAQ,FEATURES_READY,FEATURES_READY,BMBL,LOCAL_PRICE_READY,local_price_history_exists,outputs\full_universe_source_acquisition\v2_38i_us_price_history_acquisition\us_price_history_raw_v2_38i\U00417.csv,252,true
U00422,BMR,Beamr Imaging Ltd. - Ordinary Share,NASDAQ,FEATURES_READY,FEATURES_READY,BMR,LOCAL_PRICE_READY,local_price_history_exists,outputs\full_universe_source_acquisition\v2_38i_us_price_history_acquisition\us_price_history_raw_v2_38i\U00422.csv,252,true
U00425,BMRN,BioMarin Pharmaceutical Inc. - Common Stock,NASDAQ,FEATURES_READY,FEATURES_READY,BMRN,LOCAL_PRICE_READY,local_price_history_exists,outputs\full_universe_source_acquisition\v2_38i_us_price_history_acquisition\us_price_history_raw_v2_38i\U00425.csv,252,true
U00426,BNAI,Brand Engagement Network Inc. - Common Stock,NASDAQ,FEATURES_READY,FEATURES_READY,BNAI,LOCAL_PRICE_READY,local_price_history_exists,outputs\full_universe_source_acquisition\v2_38i_us_price_history_acquisition\us_price_history_raw_v2_38i\U00426.csv,252,true
U00428,BNC,CEA Industries Inc. - Common Stock,NASDAQ,FEATURES_READY,FEATURES_READY,BNC,LOCAL_PRICE_READY,local_price_history_exists,outputs\full_universe_source_acquisition\v2_38i_us_price_history_acquisition\us_price_history_raw_v2_38i\U00428.csv,252,true
U00434,BODI,"The Beachbody Company, Inc. - Class A Common Stock",NASDAQ,FEATURES_READY,FEATURES_READY,BODI,LOCAL_PRICE_READY,local_price_history_exists,outputs\full_universe_source_acquisition\v2_38i_us_price_history_acquisition\us_price_history_raw_v2_38i\U00434.csv,252,true
U00435,BOF,BranchOut Food Inc. - Common Stock,NASDAQ,FEATURES_READY,FEATURES_READY,BOF,LOCAL_PRICE_READY,local_price_history_exists,outputs\full_universe_source_acquisition\v2_38i_us_price_history_acquisition\us_price_history_raw_v2_38i\U00435.csv,252,true
U00438,BOLT,"Bolt Biotherapeutics, Inc. - Common Stock",NASDAQ,FEATURES_READY,FEATURES_READY,BOLT,LOCAL_PRICE_READY,local_price_history_exists,outputs\full_universe_source_acquisition\v2_38i_us_price_history_acquisition\us_price_history_raw_v2_38i\U00438.csv,252,true
U00439,BON,Bon Natural Life Limited - Class A Ordinary Shares,NASDAQ,FEATURES_READY,FEATURES_READY,BON,LOCAL_PRICE_READY,local_price_history_exists,outputs\full_universe_source_acquisition\v2_38i_us_price_history_acquisition\us_price_history_raw_v2_38i\U00439.csv,252,true
U00440,BOOM,DMC Global Inc. - Common Stock,NASDAQ,FEATURES_READY,FEATURES_READY,BOOM,LOCAL_PRICE_READY,local_price_history_exists,outputs\full_universe_source_acquisition\v2_38i_us_price_history_acquisition\us_price_history_raw_v2_38i\U00440.csv,252,true
U00441,BOSC,B.O.S. Better Online Solutions - Ordinary Shares,NASDAQ,FEATURES_READY,FEATURES_READY,BOSC,LOCAL_PRICE_READY,local_price_history_exists,outputs\full_universe_source_acquisition\v2_38i_us_price_history_acquisition\us_price_history_raw_v2_38i\U00441.csv,252,true
U00443,BOTJ,"Bank of the James Financial Group, Inc. - Common Stock",NASDAQ,FEATURES_READY,FEATURES_READY,BOTJ,LOCAL_PRICE_READY,local_price_history_exists,outputs\full_universe_source_acquisition\v2_38i_us_price_history_acquisition\us_price_history_raw_v2_38i\U00443.csv,252,true
U00444,BOXL,Boxlight Corporation - Class A Common Stock,NASDAQ,FEATURES_READY,FEATURES_READY,BOXL,LOCAL_PRICE_READY,local_price_history_exists,outputs\full_universe_source_acquisition\v2_38i_us_price_history_acquisition\us_price_history_raw_v2_38i\U00444.csv,252,true
U00446,BPOP,"Popular, Inc. - Common Stock",NASDAQ,FEATURES_READY,FEATURES_READY,BPOP,LOCAL_PRICE_READY,local_price_history_exists,outputs\full_universe_source_acquisition\v2_38i_us_price_history_acquisition\us_price_history_raw_v2_38i\U00446.csv,252,true
U00447,BPRN,"Princeton Bancorp, Inc. - Common Stock",NASDAQ,FEATURES_READY,FEATURES_READY,BPRN,LOCAL_PRICE_READY,local_price_history_exists,outputs\full_universe_source_acquisition\v2_38i_us_price_history_acquisition\us_price_history_raw_v2_38i\U00447.csv,252,true
U00453,BRFH,Barfresh Food Group Inc. - Common Stock,NASDAQ,FEATURES_READY,FEATURES_READY,BRFH,LOCAL_PRICE_READY,local_price_history_exists,outputs\full_universe_source_acquisition\v2_38i_us_price_history_acquisition\us_price_history_raw_v2_38i\U00453.csv,252,true
U00454,BRID,Bridgford Foods Corporation - Common Stock,NASDAQ,FEATURES_READY,FEATURES_READY,BRID,LOCAL_PRICE_READY,local_price_history_exists,outputs\full_universe_source_acquisition\v2_38i_us_price_history_acquisition\us_price_history_raw_v2_38i\U00454.csv,252,true
U00455,BRKR,Bruker Corporation - Common Stock,NASDAQ,FEATURES_READY,FEATURES_READY,BRKR,LOCAL_PRICE_READY,local_price_history_exists,outputs\full_universe_source_acquisition\v2_38i_us_price_history_acquisition\us_price_history_raw_v2_38i\U00455.csv,252,true
U00457,BRLT,"Brilliant Earth Group, Inc. - Class A Common Stock",NASDAQ,FEATURES_READY,FEATURES_READY,BRLT,LOCAL_PRICE_READY,local_price_history_exists,outputs\full_universe_source_acquisition\v2_38i_us_price_history_acquisition\us_price_history_raw_v2_38i\U00457.csv,252,true
U00459,BRTX,"BioRestorative Therapies, Inc. - Common Stock",NASDAQ,FEATURES_READY,FEATURES_READY,BRTX,LOCAL_PRICE_READY,local_price_history_exists,outputs\full_universe_source_acquisition\v2_38i_us_price_history_acquisition\us_price_history_raw_v2_38i\U00459.csv,252,true
U00461,BRZE,"Braze, Inc. - Class A Common Stock",NASDAQ,FEATURES_READY,FEATURES_READY,BRZE,LOCAL_PRICE_READY,local_price_history_exists,outputs\full_universe_source_acquisition\v2_38i_us_price_history_acquisition\us_price_history_raw_v2_38i\U00461.csv,252,true
U00464,BSET,"Bassett Furniture Industries, Incorporated - Common Stock",NASDAQ,FEATURES_READY,FEATURES_READY,BSET,LOCAL_PRICE_READY,local_price_history_exists,outputs\full_universe_source_acquisition\v2_38i_us_price_history_acquisition\us_price_history_raw_v2_38i\U00464.csv,252,true
U00465,BSIN,Big Sky Industrial Inc. - Common Stock,NASDAQ,FEATURES_READY,FEATURES_READY,BSIN,LOCAL_PRICE_READY,local_price_history_exists,outputs\full_universe_source_acquisition\v2_38i_us_price_history_acquisition\us_price_history_raw_v2_38i\U00465.csv,252,true
U00467,BSRR,Sierra Bancorp - Common Stock,NASDAQ,FEATURES_READY,FEATURES_READY,BSRR,LOCAL_PRICE_READY,local_price_history_exists,outputs\full_universe_source_acquisition\v2_38i_us_price_history_acquisition\us_price_history_raw_v2_38i\U00467.csv,252,true
U00468,BSVN,Bank7 Corp. - Common stock,NASDAQ,FEATURES_READY,FEATURES_READY,BSVN,LOCAL_PRICE_READY,local_price_history_exists,outputs\full_universe_source_acquisition\v2_38i_us_price_history_acquisition\us_price_history_raw_v2_38i\U00468.csv,252,true
U00469,BSY,"Bentley Systems, Incorporated - Class B Common Stock",NASDAQ,FEATURES_READY,FEATURES_READY,BSY,LOCAL_PRICE_READY,local_price_history_exists,outputs\full_universe_source_acquisition\v2_38i_us_price_history_acquisition\us_price_history_raw_v2_38i\U00469.csv,252,true
U00470,BTAI,"BioXcel Therapeutics, Inc. - Common Stock",NASDAQ,FEATURES_READY,FEATURES_READY,BTAI,LOCAL_PRICE_READY,local_price_history_exists,outputs\full_universe_source_acquisition\v2_38i_us_price_history_acquisition\us_price_history_raw_v2_38i\U00470.csv,252,true
U00471,BTBD,"BT Brands, Inc. - Common Stock",NASDAQ,FEATURES_READY,FEATURES_READY,BTBD,LOCAL_PRICE_READY,local_price_history_exists,outputs\full_universe_source_acquisition\v2_38i_us_price_history_acquisition\us_price_history_raw_v2_38i\U00471.csv,252,true
U00472,BTBT,"Bit Digital, Inc. - Ordinary Share",NASDAQ,FEATURES_READY,FEATURES_READY,BTBT,LOCAL_PRICE_READY,local_price_history_exists,outputs\full_universe_source_acquisition\v2_38i_us_price_history_acquisition\us_price_history_raw_v2_38i\U00472.csv,252,true
U00473,BTCS,BTCS Inc. - Common Stock,NASDAQ,FEATURES_READY,FEATURES_READY,BTCS,LOCAL_PRICE_READY,local_price_history_exists,outputs\full_universe_source_acquisition\v2_38i_us_price_history_acquisition\us_price_history_raw_v2_38i\U00473.csv,252,true
U00474,BTCT,BTC Digital Ltd. - Ordinary Shares,NASDAQ,FEATURES_READY,FEATURES_READY,BTCT,LOCAL_PRICE_READY,local_price_history_exists,outputs\full_universe_source_acquisition\v2_38i_us_price_history_acquisition\us_price_history_raw_v2_38i\U00474.csv,252,true
U00476,BTMD,Biote Corp. - Class A common stock,NASDAQ,FEATURES_READY,FEATURES_READY,BTMD,LOCAL_PRICE_READY,local_price_history_exists,outputs\full_universe_source_acquisition\v2_38i_us_price_history_acquisition\us_price_history_raw_v2_38i\U00476.csv,252,true
U00477,BTOC,Armlogi Holding Corp. - common stock,NASDAQ,FEATURES_READY,FEATURES_READY,BTOC,LOCAL_PRICE_READY,local_price_history_exists,outputs\full_universe_source_acquisition\v2_38i_us_price_history_acquisition\us_price_history_raw_v2_38i\U00477.csv,252,true
U00482,BUSE,First Busey Corporation - Common Stock,NASDAQ,FEATURES_READY,FEATURES_READY,BUSE,LOCAL_PRICE_READY,local_price_history_exists,outputs\full_universe_source_acquisition\v2_38i_us_price_history_acquisition\us_price_history_raw_v2_38i\U00482.csv,252,true
U00483,BUUU,BUUU Group Limited - Class A Ordinary Share,NASDAQ,FEATURES_READY,FEATURES_READY,BUUU,LOCAL_PRICE_READY,local_price_history_exists,outputs\full_universe_source_acquisition\v2_38i_us_price_history_acquisition\us_price_history_raw_v2_38i\U00483.csv,252,true
U00485,BVFL,"BV Financial, Inc. - Common Stock",NASDAQ,FEATURES_READY,FEATURES_READY,BVFL,LOCAL_PRICE_READY,local_price_history_exists,outputs\full_universe_source_acquisition\v2_38i_us_price_history_acquisition\us_price_history_raw_v2_38i\U00485.csv,252,true
U00486,BVS,Bioventus Inc. - Class A Common Stock,NASDAQ,FEATURES_READY,FEATURES_READY,BVS,LOCAL_PRICE_READY,local_price_history_exists,outputs\full_universe_source_acquisition\v2_38i_us_price_history_acquisition\us_price_history_raw_v2_38i\U00486.csv,252,true
U00487,BWB,"Bridgewater Bancshares, Inc. - Common Stock",NASDAQ,FEATURES_READY,FEATURES_READY,BWB,LOCAL_PRICE_READY,local_price_history_exists,outputs\full_universe_source_acquisition\v2_38i_us_price_history_acquisition\us_price_history_raw_v2_38i\U00487.csv,252,true
U00489,BWFG,"Bankwell Financial Group, Inc. - Common Stock",NASDAQ,FEATURES_READY,FEATURES_READY,BWFG,LOCAL_PRICE_READY,local_price_history_exists,outputs\full_universe_source_acquisition\v2_38i_us_price_history_acquisition\us_price_history_raw_v2_38i\U00489.csv,252,true
U00490,BWIN,"The Baldwin Insurance Group, Inc. - Class A Common Stock",NASDAQ,FEATURES_READY,FEATURES_READY,BWIN,LOCAL_PRICE_READY,local_price_history_exists,outputs\full_universe_source_acquisition\v2_38i_us_price_history_acquisition\us_price_history_raw_v2_38i\U00490.csv,252,true
U00491,BWMN,Bowman Consulting Group Ltd. - Common Stock,NASDAQ,FEATURES_READY,FEATURES_READY,BWMN,LOCAL_PRICE_READY,local_price_history_exists,outputs\full_universe_source_acquisition\v2_38i_us_price_history_acquisition\us_price_history_raw_v2_38i\U00491.csv,252,true
U00492,BYAH,"Park Ha Biological Technology Co., Ltd. - Class A Ordinary Shares",NASDAQ,FEATURES_READY,FEATURES_READY,BYAH,LOCAL_PRICE_READY,local_price_history_exists,outputs\full_universe_source_acquisition\v2_38i_us_price_history_acquisition\us_price_history_raw_v2_38i\U00492.csv,252,true
U00493,BYFC,Broadway Financial Corporation - Class A Common Stock,NASDAQ,FEATURES_READY,FEATURES_READY,BYFC,LOCAL_PRICE_READY,local_price_history_exists,outputs\full_universe_source_acquisition\v2_38i_us_price_history_acquisition\us_price_history_raw_v2_38i\U00493.csv,252,true
U00494,BYND,"Beyond Meat, Inc. - Common stock",NASDAQ,FEATURES_READY,FEATURES_READY,BYND,LOCAL_PRICE_READY,local_price_history_exists,outputs\full_universe_source_acquisition\v2_38i_us_price_history_acquisition\us_price_history_raw_v2_38i\U00494.csv,252,true
U00495,BYRN,"Byrna Technologies, Inc. - Common Stock",NASDAQ,FEATURES_READY,FEATURES_READY,BYRN,LOCAL_PRICE_READY,local_price_history_exists,outputs\full_universe_source_acquisition\v2_38i_us_price_history_acquisition\us_price_history_raw_v2_38i\U00495.csv,252,true
U00497,BZ,KANZHUN LIMITED - American Depository Shares,NASDAQ,FEATURES_READY,FEATURES_READY,BZ,LOCAL_PRICE_READY,local_price_history_exists,outputs\full_universe_source_acquisition\v2_38i_us_price_history_acquisition\us_price_history_raw_v2_38i\U00497.csv,252,true
U00498,BZAI,"Blaize Holdings, Inc. - Common Stock",NASDAQ,FEATURES_READY,FEATURES_READY,BZAI,LOCAL_PRICE_READY,local_price_history_exists,outputs\full_universe_source_acquisition\v2_38i_us_price_history_acquisition\us_price_history_raw_v2_38i\U00498.csv,252,true
U00499,BZFD,"BuzzFeed, Inc. - Class A Common Stock",NASDAQ,FEATURES_READY,FEATURES_READY,BZFD,LOCAL_PRICE_READY,local_price_history_exists,outputs\full_universe_source_acquisition\v2_38i_us_price_history_acquisition\us_price_history_raw_v2_38i\U00499.csv,252,true
U00500,CAAS,"China Automotive Systems, Inc. - Ordinary Share",NASDAQ,FEATURES_READY,FEATURES_READY,CAAS,LOCAL_PRICE_READY,local_price_history_exists,outputs\full_universe_source_acquisition\v2_38i_us_price_history_acquisition\us_price_history_raw_v2_38i\U00500.csv,252,true
U00503,CAC,Camden National Corporation - Common Stock,NASDAQ,FEATURES_READY,FEATURES_READY,CAC,LOCAL_PRICE_READY,local_price_history_exists,outputs\full_universe_source_acquisition\v2_38i_us_price_history_acquisition\us_price_history_raw_v2_38i\U00503.csv,252,true
U00504,CACC,Credit Acceptance Corporation - Common Stock,NASDAQ,FEATURES_READY,FEATURES_READY,CACC,LOCAL_PRICE_READY,local_price_history_exists,outputs\full_universe_source_acquisition\v2_38i_us_price_history_acquisition\us_price_history_raw_v2_38i\U00504.csv,252,true
U00509,CAKE,The Cheesecake Factory Incorporated - Common Stock,NASDAQ,FEATURES_READY,FEATURES_READY,CAKE,LOCAL_PRICE_READY,local_price_history_exists,outputs\full_universe_source_acquisition\v2_38i_us_price_history_acquisition\us_price_history_raw_v2_38i\U00509.csv,252,true
U00511,CALM,"Cal-Maine Foods, Inc. - Common Stock",NASDAQ,FEATURES_READY,FEATURES_READY,CALM,LOCAL_PRICE_READY,local_price_history_exists,outputs\full_universe_source_acquisition\v2_38i_us_price_history_acquisition\us_price_history_raw_v2_38i\U00511.csv,252,true
U00512,CAMP,CAMP4 Therapeutics Corporation - Common Stock,NASDAQ,FEATURES_READY,FEATURES_READY,CAMP,LOCAL_PRICE_READY,local_price_history_exists,outputs\full_universe_source_acquisition\v2_38i_us_price_history_acquisition\us_price_history_raw_v2_38i\U00512.csv,252,true
U00513,CAMT,Camtek Ltd. - Ordinary Shares,NASDAQ,FEATURES_READY,FEATURES_READY,CAMT,LOCAL_PRICE_READY,local_price_history_exists,outputs\full_universe_source_acquisition\v2_38i_us_price_history_acquisition\us_price_history_raw_v2_38i\U00513.csv,252,true
U00519,CARE,"Carter Bankshares, Inc. - Common Stock",NASDAQ,FEATURES_READY,FEATURES_READY,CARE,LOCAL_PRICE_READY,local_price_history_exists,outputs\full_universe_source_acquisition\v2_38i_us_price_history_acquisition\us_price_history_raw_v2_38i\U00519.csv,252,true
U00520,CARG,"CarGurus, Inc. - Class A Common Stock",NASDAQ,FEATURES_READY,FEATURES_READY,CARG,LOCAL_PRICE_READY,local_price_history_exists,outputs\full_universe_source_acquisition\v2_38i_us_price_history_acquisition\us_price_history_raw_v2_38i\U00520.csv,252,true
U00522,CART,Maplebear Inc. - Common Stock,NASDAQ,FEATURES_READY,FEATURES_READY,CART,LOCAL_PRICE_READY,local_price_history_exists,outputs\full_universe_source_acquisition\v2_38i_us_price_history_acquisition\us_price_history_raw_v2_38i\U00522.csv,252,true
U00523,CASH,"Pathward Financial, Inc. - Common Stock",NASDAQ,FEATURES_READY,FEATURES_READY,CASH,LOCAL_PRICE_READY,local_price_history_exists,outputs\full_universe_source_acquisition\v2_38i_us_price_history_acquisition\us_price_history_raw_v2_38i\U00523.csv,252,true
U00524,CASS,"Cass Information Systems, Inc - Common Stock",NASDAQ,FEATURES_READY,FEATURES_READY,CASS,LOCAL_PRICE_READY,local_price_history_exists,outputs\full_universe_source_acquisition\v2_38i_us_price_history_acquisition\us_price_history_raw_v2_38i\U00524.csv,252,true
U00526,CASY,"Caseys General Stores, Inc. - Common Stock",NASDAQ,FEATURES_READY,FEATURES_READY,CASY,LOCAL_PRICE_READY,local_price_history_exists,outputs\full_universe_source_acquisition\v2_38i_us_price_history_acquisition\us_price_history_raw_v2_38i\U00526.csv,252,true
U00527,CATY,Cathay General Bancorp - Common Stock,NASDAQ,FEATURES_READY,FEATURES_READY,CATY,LOCAL_PRICE_READY,local_price_history_exists,outputs\full_universe_source_acquisition\v2_38i_us_price_history_acquisition\us_price_history_raw_v2_38i\U00527.csv,252,true
U00530,CBFV,"CB Financial Services, Inc. - Common Stock",NASDAQ,FEATURES_READY,FEATURES_READY,CBFV,LOCAL_PRICE_READY,local_price_history_exists,outputs\full_universe_source_acquisition\v2_38i_us_price_history_acquisition\us_price_history_raw_v2_38i\U00530.csv,252,true
U00531,CBIO,"Crescent Biopharma, Inc. - Common Stock",NASDAQ,FEATURES_READY,FEATURES_READY,CBIO,LOCAL_PRICE_READY,local_price_history_exists,outputs\full_universe_source_acquisition\v2_38i_us_price_history_acquisition\us_price_history_raw_v2_38i\U00531.csv,252,true
U00533,CBLL,"CeriBell, Inc. - Common Stock",NASDAQ,FEATURES_READY,FEATURES_READY,CBLL,LOCAL_PRICE_READY,local_price_history_exists,outputs\full_universe_source_acquisition\v2_38i_us_price_history_acquisition\us_price_history_raw_v2_38i\U00533.csv,252,true
U00535,CBRL,"Cracker Barrel Old Country Store, Inc. - Common Stock",NASDAQ,FEATURES_READY,FEATURES_READY,CBRL,LOCAL_PRICE_READY,local_price_history_exists,outputs\full_universe_source_acquisition\v2_38i_us_price_history_acquisition\us_price_history_raw_v2_38i\U00535.csv,252,true
U00537,CBSH,"Commerce Bancshares, Inc. - Common Stock",NASDAQ,FEATURES_READY,FEATURES_READY,CBSH,LOCAL_PRICE_READY,local_price_history_exists,outputs\full_universe_source_acquisition\v2_38i_us_price_history_acquisition\us_price_history_raw_v2_38i\U00537.csv,252,true
U00538,CBUS,"Cibus, Inc. - Class A Common Stock",NASDAQ,FEATURES_READY,FEATURES_READY,CBUS,LOCAL_PRICE_READY,local_price_history_exists,outputs\full_universe_source_acquisition\v2_38i_us_price_history_acquisition\us_price_history_raw_v2_38i\U00538.csv,252,true
U00541,CCB,Coastal Financial Corporation - Common Stock,NASDAQ,FEATURES_READY,FEATURES_READY,CCB,LOCAL_PRICE_READY,local_price_history_exists,outputs\full_universe_source_acquisition\v2_38i_us_price_history_acquisition\us_price_history_raw_v2_38i\U00541.csv,252,true
U00542,CCBG,Capital City Bank Group - Common Stock,NASDAQ,FEATURES_READY,FEATURES_READY,CCBG,LOCAL_PRICE_READY,local_price_history_exists,outputs\full_universe_source_acquisition\v2_38i_us_price_history_acquisition\us_price_history_raw_v2_38i\U00542.csv,252,true
U00543,CCC,CCC Intelligent Solutions Holdings Inc. - Common Stock,NASDAQ,FEATURES_READY,FEATURES_READY,CCC,LOCAL_PRICE_READY,local_price_history_exists,outputs\full_universe_source_acquisition\v2_38i_us_price_history_acquisition\us_price_history_raw_v2_38i\U00543.csv,252,true
U00544,CCCC,"C4 Therapeutics, Inc. - Common Stock",NASDAQ,FEATURES_READY,FEATURES_READY,CCCC,LOCAL_PRICE_READY,local_price_history_exists,outputs\full_universe_source_acquisition\v2_38i_us_price_history_acquisition\us_price_history_raw_v2_38i\U00544.csv,252,true
U00552,CCLD,"CareCloud, Inc. - Common Stock",NASDAQ,FEATURES_READY,FEATURES_READY,CCLD,LOCAL_PRICE_READY,local_price_history_exists,outputs\full_universe_source_acquisition\v2_38i_us_price_history_acquisition\us_price_history_raw_v2_38i\U00552.csv,252,true
U00553,CCNE,CNB Financial Corporation - Common Stock,NASDAQ,FEATURES_READY,FEATURES_READY,CCNE,LOCAL_PRICE_READY,local_price_history_exists,outputs\full_universe_source_acquisition\v2_38i_us_price_history_acquisition\us_price_history_raw_v2_38i\U00553.csv,252,true
U00556,CCSI,"Consensus Cloud Solutions, Inc. - Common Stock",NASDAQ,FEATURES_READY,FEATURES_READY,CCSI,LOCAL_PRICE_READY,local_price_history_exists,outputs\full_universe_source_acquisition\v2_38i_us_price_history_acquisition\us_price_history_raw_v2_38i\U00556.csv,252,true
U00557,CCTG,CCSC Technology International Holdings Limited - Class A Ordinary Shares,NASDAQ,FEATURES_READY,FEATURES_READY,CCTG,LOCAL_PRICE_READY,local_price_history_exists,outputs\full_universe_source_acquisition\v2_38i_us_price_history_acquisition\us_price_history_raw_v2_38i\U00557.csv,252,true
U00559,CD,Chaince Digital Holdings Inc. - American Ordinary Shares,NASDAQ,FEATURES_READY,FEATURES_READY,CD,LOCAL_PRICE_READY,local_price_history_exists,outputs\full_universe_source_acquisition\v2_38i_us_price_history_acquisition\us_price_history_raw_v2_38i\U00559.csv,252,true
U00560,CDIO,Cardio Diagnostics Holdings Inc. - Common stock,NASDAQ,FEATURES_READY,FEATURES_READY,CDIO,LOCAL_PRICE_READY,local_price_history_exists,outputs\full_universe_source_acquisition\v2_38i_us_price_history_acquisition\us_price_history_raw_v2_38i\U00560.csv,252,true
U00561,CDLX,"Cardlytics, Inc. - Common Stock",NASDAQ,FEATURES_READY,FEATURES_READY,CDLX,LOCAL_PRICE_READY,local_price_history_exists,outputs\full_universe_source_acquisition\v2_38i_us_price_history_acquisition\us_price_history_raw_v2_38i\U00561.csv,252,true
U00562,CDNA,"CareDx, Inc. - Common Stock",NASDAQ,FEATURES_READY,FEATURES_READY,CDNA,LOCAL_PRICE_READY,local_price_history_exists,outputs\full_universe_source_acquisition\v2_38i_us_price_history_acquisition\us_price_history_raw_v2_38i\U00562.csv,252,true
U00564,CDNS,"Cadence Design Systems, Inc. - Common Stock",NASDAQ,FEATURES_READY,FEATURES_READY,CDNS,LOCAL_PRICE_READY,local_price_history_exists,outputs\full_universe_source_acquisition\v2_38i_us_price_history_acquisition\us_price_history_raw_v2_38i\U00564.csv,252,true
U00567,CDTG,CDT Environmental Technology Investment Holdings Limited - ordinary shares,NASDAQ,FEATURES_READY,FEATURES_READY,CDTG,LOCAL_PRICE_READY,local_price_history_exists,outputs\full_universe_source_acquisition\v2_38i_us_price_history_acquisition\us_price_history_raw_v2_38i\U00567.csv,252,true
U00568,CDW,CDW Corporation - Common Stock,NASDAQ,FEATURES_READY,FEATURES_READY,CDW,LOCAL_PRICE_READY,local_price_history_exists,outputs\full_universe_source_acquisition\v2_38i_us_price_history_acquisition\us_price_history_raw_v2_38i\U00568.csv,252,true
U00569,CDXS,"Codexis, Inc. - Common Stock",NASDAQ,FEATURES_READY,FEATURES_READY,CDXS,LOCAL_PRICE_READY,local_price_history_exists,outputs\full_universe_source_acquisition\v2_38i_us_price_history_acquisition\us_price_history_raw_v2_38i\U00569.csv,252,true
U00570,CDZI,"Cadiz, Inc. - Common Stock",NASDAQ,FEATURES_READY,FEATURES_READY,CDZI,LOCAL_PRICE_READY,local_price_history_exists,outputs\full_universe_source_acquisition\v2_38i_us_price_history_acquisition\us_price_history_raw_v2_38i\U00570.csv,252,true
U00571,CECO,CECO Environmental Corp. - Common Stock,NASDAQ,FEATURES_READY,FEATURES_READY,CECO,LOCAL_PRICE_READY,local_price_history_exists,outputs\full_universe_source_acquisition\v2_38i_us_price_history_acquisition\us_price_history_raw_v2_38i\U00571.csv,252,true
U00572,CEG,Constellation Energy Corporation - Common Stock When-Issued,NASDAQ,FEATURES_READY,FEATURES_READY,CEG,LOCAL_PRICE_READY,local_price_history_exists,outputs\full_universe_source_acquisition\v2_38i_us_price_history_acquisition\us_price_history_raw_v2_38i\U00572.csv,252,true
U00574,CELH,"Celsius Holdings, Inc. - Common Stock",NASDAQ,FEATURES_READY,FEATURES_READY,CELH,LOCAL_PRICE_READY,local_price_history_exists,outputs\full_universe_source_acquisition\v2_38i_us_price_history_acquisition\us_price_history_raw_v2_38i\U00574.csv,252,true
U00575,CELU,Celularity Inc. - Class A Common Stock,NASDAQ,FEATURES_READY,FEATURES_READY,CELU,LOCAL_PRICE_READY,local_price_history_exists,outputs\full_universe_source_acquisition\v2_38i_us_price_history_acquisition\us_price_history_raw_v2_38i\U00575.csv,252,true
U00578,CENT,Central Garden & Pet Company - Common Stock,NASDAQ,FEATURES_READY,FEATURES_READY,CENT,LOCAL_PRICE_READY,local_price_history_exists,outputs\full_universe_source_acquisition\v2_38i_us_price_history_acquisition\us_price_history_raw_v2_38i\U00578.csv,252,true
U00579,CENTA,Central Garden & Pet Company - Class A Common Stock Nonvoting,NASDAQ,FEATURES_READY,FEATURES_READY,CENTA,LOCAL_PRICE_READY,local_price_history_exists,outputs\full_universe_source_acquisition\v2_38i_us_price_history_acquisition\us_price_history_raw_v2_38i\U00579.csv,252,true
U00580,CENX,Century Aluminum Company - Common Stock,NASDAQ,FEATURES_READY,FEATURES_READY,CENX,LOCAL_PRICE_READY,local_price_history_exists,outputs\full_universe_source_acquisition\v2_38i_us_price_history_acquisition\us_price_history_raw_v2_38i\U00580.csv,252,true
U00585,CERS,Cerus Corporation - Common Stock,NASDAQ,FEATURES_READY,FEATURES_READY,CERS,LOCAL_PRICE_READY,local_price_history_exists,outputs\full_universe_source_acquisition\v2_38i_us_price_history_acquisition\us_price_history_raw_v2_38i\U00585.csv,252,true
U00586,CERT,"Certara, Inc. - Common Stock",NASDAQ,FEATURES_READY,FEATURES_READY,CERT,LOCAL_PRICE_READY,local_price_history_exists,outputs\full_universe_source_acquisition\v2_38i_us_price_history_acquisition\us_price_history_raw_v2_38i\U00586.csv,252,true
U00587,CETX,Cemtrex Inc. - Common Stock,NASDAQ,FEATURES_READY,FEATURES_READY,CETX,LOCAL_PRICE_READY,local_price_history_exists,outputs\full_universe_source_acquisition\v2_38i_us_price_history_acquisition\us_price_history_raw_v2_38i\U00587.csv,252,true
U00588,CETY,"Clean Energy Technologies, Inc. - Common Stock",NASDAQ,FEATURES_READY,FEATURES_READY,CETY,LOCAL_PRICE_READY,local_price_history_exists,outputs\full_universe_source_acquisition\v2_38i_us_price_history_acquisition\us_price_history_raw_v2_38i\U00588.csv,252,true
U00590,CFBK,CF Bankshares Inc. - Common Stock,NASDAQ,FEATURES_READY,FEATURES_READY,CFBK,LOCAL_PRICE_READY,local_price_history_exists,outputs\full_universe_source_acquisition\v2_38i_us_price_history_acquisition\us_price_history_raw_v2_38i\U00590.csv,252,true
U00591,CFFI,C&F Financial Corporation - Common Stock,NASDAQ,FEATURES_READY,FEATURES_READY,CFFI,LOCAL_PRICE_READY,local_price_history_exists,outputs\full_universe_source_acquisition\v2_38i_us_price_history_acquisition\us_price_history_raw_v2_38i\U00591.csv,252,true
U00592,CFFN,"Capitol Federal Financial, Inc. - Common Stock",NASDAQ,FEATURES_READY,FEATURES_READY,CFFN,LOCAL_PRICE_READY,local_price_history_exists,outputs\full_universe_source_acquisition\v2_38i_us_price_history_acquisition\us_price_history_raw_v2_38i\U00592.csv,252,true
U00593,CG,The Carlyle Group Inc. - Common Stock,NASDAQ,FEATURES_READY,FEATURES_READY,CG,LOCAL_PRICE_READY,local_price_history_exists,outputs\full_universe_source_acquisition\v2_38i_us_price_history_acquisition\us_price_history_raw_v2_38i\U00593.csv,252,true
U00597,CGEN,Compugen Ltd. - Ordinary Shares,NASDAQ,FEATURES_READY,FEATURES_READY,CGEN,LOCAL_PRICE_READY,local_price_history_exists,outputs\full_universe_source_acquisition\v2_38i_us_price_history_acquisition\us_price_history_raw_v2_38i\U00597.csv,252,true
U00599,CGNX,Cognex Corporation - Common Stock,NASDAQ,FEATURES_READY,FEATURES_READY,CGNX,LOCAL_PRICE_READY,local_price_history_exists,outputs\full_universe_source_acquisition\v2_38i_us_price_history_acquisition\us_price_history_raw_v2_38i\U00599.csv,252,true
U00602,CGTL,Creative Global Technology Holdings Limited - Class A Ordinary Shares,NASDAQ,FEATURES_READY,FEATURES_READY,CGTL,LOCAL_PRICE_READY,local_price_history_exists,outputs\full_universe_source_acquisition\v2_38i_us_price_history_acquisition\us_price_history_raw_v2_38i\U00602.csv,252,true
U00606,CHCI,"Comstock Holding Companies, Inc. - Class A Common Stock",NASDAQ,FEATURES_READY,FEATURES_READY,CHCI,LOCAL_PRICE_READY,local_price_history_exists,outputs\full_universe_source_acquisition\v2_38i_us_price_history_acquisition\us_price_history_raw_v2_38i\U00606.csv,252,true
U00607,CHCO,City Holding Company - Common Stock,NASDAQ,FEATURES_READY,FEATURES_READY,CHCO,LOCAL_PRICE_READY,local_price_history_exists,outputs\full_universe_source_acquisition\v2_38i_us_price_history_acquisition\us_price_history_raw_v2_38i\U00607.csv,252,true
U00610,CHEF,"The Chefs' Warehouse, Inc. - Common Stock",NASDAQ,FEATURES_READY,FEATURES_READY,CHEF,LOCAL_PRICE_READY,local_price_history_exists,outputs\full_universe_source_acquisition\v2_38i_us_price_history_acquisition\us_price_history_raw_v2_38i\U00610.csv,252,true
U00612,CHKP,Check Point Software Technologies Ltd. - Ordinary Shares,NASDAQ,FEATURES_READY,FEATURES_READY,CHKP,LOCAL_PRICE_READY,local_price_history_exists,outputs\full_universe_source_acquisition\v2_38i_us_price_history_acquisition\us_price_history_raw_v2_38i\U00612.csv,252,true
U00613,CHMG,Chemung Financial Corp - Common Stock,NASDAQ,FEATURES_READY,FEATURES_READY,CHMG,LOCAL_PRICE_READY,local_price_history_exists,outputs\full_universe_source_acquisition\v2_38i_us_price_history_acquisition\us_price_history_raw_v2_38i\U00613.csv,252,true
U00616,CHR,"Cheer Holding, Inc. - Class A Ordinary Share",NASDAQ,FEATURES_READY,FEATURES_READY,CHR,LOCAL_PRICE_READY,local_price_history_exists,outputs\full_universe_source_acquisition\v2_38i_us_price_history_acquisition\us_price_history_raw_v2_38i\U00616.csv,252,true
U00617,CHRD,Chord Energy Corporation - Common Stock,NASDAQ,FEATURES_READY,FEATURES_READY,CHRD,LOCAL_PRICE_READY,local_price_history_exists,outputs\full_universe_source_acquisition\v2_38i_us_price_history_acquisition\us_price_history_raw_v2_38i\U00617.csv,252,true
U00620,CHRW,"C.H. Robinson Worldwide, Inc. - Common Stock",NASDAQ,FEATURES_READY,FEATURES_READY,CHRW,LOCAL_PRICE_READY,local_price_history_exists,outputs\full_universe_source_acquisition\v2_38i_us_price_history_acquisition\us_price_history_raw_v2_38i\U00620.csv,252,true
U00621,CHSN,Chanson International Holding - Class A Ordinary Shares,NASDAQ,FEATURES_READY,FEATURES_READY,CHSN,LOCAL_PRICE_READY,local_price_history_exists,outputs\full_universe_source_acquisition\v2_38i_us_price_history_acquisition\us_price_history_raw_v2_38i\U00621.csv,252,true
U00622,CHTR,"Charter Communications, Inc. - Class A Common Stock",NASDAQ,FEATURES_READY,FEATURES_READY,CHTR,LOCAL_PRICE_READY,local_price_history_exists,outputs\full_universe_source_acquisition\v2_38i_us_price_history_acquisition\us_price_history_raw_v2_38i\U00622.csv,252,true
U00626,CIFR,Cipher Digital Inc. - Common Stock,NASDAQ,FEATURES_READY,FEATURES_READY,CIFR,LOCAL_PRICE_READY,local_price_history_exists,outputs\full_universe_source_acquisition\v2_38i_us_price_history_acquisition\us_price_history_raw_v2_38i\U00626.csv,252,true
U00628,CIIT,"Tianci International, Inc. - Common Stock",NASDAQ,FEATURES_READY,FEATURES_READY,CIIT,LOCAL_PRICE_READY,local_price_history_exists,outputs\full_universe_source_acquisition\v2_38i_us_price_history_acquisition\us_price_history_raw_v2_38i\U00628.csv,252,true
U00629,CINF,Cincinnati Financial Corporation - Common Stock,NASDAQ,FEATURES_READY,FEATURES_READY,CINF,LOCAL_PRICE_READY,local_price_history_exists,outputs\full_universe_source_acquisition\v2_38i_us_price_history_acquisition\us_price_history_raw_v2_38i\U00629.csv,252,true
U00631,CIRC,"Circle8 Group, Inc. - Common Stock",NASDAQ,FEATURES_READY,FEATURES_READY,CIRC,PENDING_COLLECTION,awaiting_local_price_history,outputs\full_universe_source_acquisition\v2_38i_us_price_history_acquisition\us_price_history_raw_v2_38i\U00631.csv,252,true
U00632,CISO,"CISO Global, Inc. - Common Stock",NASDAQ,FEATURES_READY,FEATURES_READY,CISO,LOCAL_PRICE_READY,local_price_history_exists,outputs\full_universe_source_acquisition\v2_38i_us_price_history_acquisition\us_price_history_raw_v2_38i\U00632.csv,252,true
U00633,CISS,C3is Inc. - Common Stock,NASDAQ,FEATURES_READY,FEATURES_READY,CISS,LOCAL_PRICE_READY,local_price_history_exists,outputs\full_universe_source_acquisition\v2_38i_us_price_history_acquisition\us_price_history_raw_v2_38i\U00633.csv,252,true
U00634,CIVB,"Civista Bancshares, Inc. - Common Stock",NASDAQ,FEATURES_READY,FEATURES_READY,CIVB,LOCAL_PRICE_READY,local_price_history_exists,outputs\full_universe_source_acquisition\v2_38i_us_price_history_acquisition\us_price_history_raw_v2_38i\U00634.csv,252,true
U00635,CJMB,Callan JMB Inc. - Common Stock,NASDAQ,FEATURES_READY,FEATURES_READY,CJMB,LOCAL_PRICE_READY,local_price_history_exists,outputs\full_universe_source_acquisition\v2_38i_us_price_history_acquisition\us_price_history_raw_v2_38i\U00635.csv,252,true
U00636,CLAR,Clarus Corporation - Common Stock,NASDAQ,FEATURES_READY,FEATURES_READY,CLAR,LOCAL_PRICE_READY,local_price_history_exists,outputs\full_universe_source_acquisition\v2_38i_us_price_history_acquisition\us_price_history_raw_v2_38i\U00636.csv,252,true
U00638,CLBT,Cellebrite DI Ltd. - Ordinary Shares,NASDAQ,FEATURES_READY,FEATURES_READY,CLBT,LOCAL_PRICE_READY,local_price_history_exists,outputs\full_universe_source_acquisition\v2_38i_us_price_history_acquisition\us_price_history_raw_v2_38i\U00638.csv,252,true
U00639,CLDX,"Celldex Therapeutics, Inc. - Common Stock",NASDAQ,FEATURES_READY,FEATURES_READY,CLDX,LOCAL_PRICE_READY,local_price_history_exists,outputs\full_universe_source_acquisition\v2_38i_us_price_history_acquisition\us_price_history_raw_v2_38i\U00639.csv,252,true
U00641,CLGN,CollPlant Biotechnologies Ltd. - Ordinary Shares,NASDAQ,FEATURES_READY,FEATURES_READY,CLGN,LOCAL_PRICE_READY,local_price_history_exists,outputs\full_universe_source_acquisition\v2_38i_us_price_history_acquisition\us_price_history_raw_v2_38i\U00641.csv,252,true
U00644,CLMB,"Climb Global Solutions, Inc. - Common Stock",NASDAQ,FEATURES_READY,FEATURES_READY,CLMB,LOCAL_PRICE_READY,local_price_history_exists,outputs\full_universe_source_acquisition\v2_38i_us_price_history_acquisition\us_price_history_raw_v2_38i\U00644.csv,252,true
U00645,CLMT,"Calumet, Inc - Common Stock",NASDAQ,FEATURES_READY,FEATURES_READY,CLMT,LOCAL_PRICE_READY,local_price_history_exists,outputs\full_universe_source_acquisition\v2_38i_us_price_history_acquisition\us_price_history_raw_v2_38i\U00645.csv,252,true
U00646,CLNE,Clean Energy Fuels Corp. - Common Stock,NASDAQ,FEATURES_READY,FEATURES_READY,CLNE,LOCAL_PRICE_READY,local_price_history_exists,outputs\full_universe_source_acquisition\v2_38i_us_price_history_acquisition\us_price_history_raw_v2_38i\U00646.csv,252,true
U00647,CLNN,Clene Inc. - Common Stock,NASDAQ,FEATURES_READY,FEATURES_READY,CLNN,LOCAL_PRICE_READY,local_price_history_exists,outputs\full_universe_source_acquisition\v2_38i_us_price_history_acquisition\us_price_history_raw_v2_38i\U00647.csv,252,true
U00648,CLOV,"Clover Health Investments, Corp. - Class A Common stock",NASDAQ,FEATURES_READY,FEATURES_READY,CLOV,LOCAL_PRICE_READY,local_price_history_exists,outputs\full_universe_source_acquisition\v2_38i_us_price_history_acquisition\us_price_history_raw_v2_38i\U00648.csv,252,true
U00649,CLPS,CLPS Incorporation - Common Stock,NASDAQ,FEATURES_READY,FEATURES_READY,CLPS,LOCAL_PRICE_READY,local_price_history_exists,outputs\full_universe_source_acquisition\v2_38i_us_price_history_acquisition\us_price_history_raw_v2_38i\U00649.csv,252,true
U00650,CLPT,ClearPoint Neuro Inc. - Common Stock,NASDAQ,FEATURES_READY,FEATURES_READY,CLPT,LOCAL_PRICE_READY,local_price_history_exists,outputs\full_universe_source_acquisition\v2_38i_us_price_history_acquisition\us_price_history_raw_v2_38i\U00650.csv,252,true
U00653,CLSK,"CleanSpark, Inc. - Common Stock",NASDAQ,FEATURES_READY,FEATURES_READY,CLSK,LOCAL_PRICE_READY,local_price_history_exists,outputs\full_universe_source_acquisition\v2_38i_us_price_history_acquisition\us_price_history_raw_v2_38i\U00653.csv,252,true
U00655,CLWT,Euro Tech Holdings Company Limited - Ordinary Shares,NASDAQ,FEATURES_READY,FEATURES_READY,CLWT,LOCAL_PRICE_READY,local_price_history_exists,outputs\full_universe_source_acquisition\v2_38i_us_price_history_acquisition\us_price_history_raw_v2_38i\U00655.csv,252,true
U00006,AAL,"American Airlines Group, Inc. - Common Stock",NASDAQ,FEATURES_PARTIAL,FEATURES_PARTIAL,AAL,LOCAL_PRICE_READY,local_price_history_exists,outputs\full_universe_source_acquisition\v2_38i_us_price_history_acquisition\us_price_history_raw_v2_38i\U00006.csv,252,true
U00009,AAON,"AAON, Inc. - Common Stock",NASDAQ,FEATURES_PARTIAL,FEATURES_PARTIAL,AAON,LOCAL_PRICE_READY,local_price_history_exists,outputs\full_universe_source_acquisition\v2_38i_us_price_history_acquisition\us_price_history_raw_v2_38i\U00009.csv,252,true
U00012,AARD,"Aardvark Therapeutics, Inc. - Common Stock",NASDAQ,FEATURES_PARTIAL,FEATURES_PARTIAL,AARD,LOCAL_PRICE_READY,local_price_history_exists,outputs\full_universe_source_acquisition\v2_38i_us_price_history_acquisition\us_price_history_raw_v2_38i\U00012.csv,252,true
U00013,ABAT,American Battery Technology Company - Common Stock,NASDAQ,FEATURES_PARTIAL,FEATURES_PARTIAL,ABAT,LOCAL_PRICE_READY,local_price_history_exists,outputs\full_universe_source_acquisition\v2_38i_us_price_history_acquisition\us_price_history_raw_v2_38i\U00013.csv,252,true
U00018,ABOS,"Acumen Pharmaceuticals, Inc. - Common Stock",NASDAQ,FEATURES_PARTIAL,FEATURES_PARTIAL,ABOS,LOCAL_PRICE_READY,local_price_history_exists,outputs\full_universe_source_acquisition\v2_38i_us_price_history_acquisition\us_price_history_raw_v2_38i\U00018.csv,252,true
U00019,ABSI,Absci Corporation - Common Stock,NASDAQ,FEATURES_PARTIAL,FEATURES_PARTIAL,ABSI,LOCAL_PRICE_READY,local_price_history_exists,outputs\full_universe_source_acquisition\v2_38i_us_price_history_acquisition\us_price_history_raw_v2_38i\U00019.csv,252,true
U00023,ABVC,"ABVC BioPharma, Inc. - Common Stock",NASDAQ,FEATURES_PARTIAL,FEATURES_PARTIAL,ABVC,LOCAL_PRICE_READY,local_price_history_exists,outputs\full_universe_source_acquisition\v2_38i_us_price_history_acquisition\us_price_history_raw_v2_38i\U00023.csv,252,true
U00029,ACET,"Adicet Bio, Inc. - Common Stock",NASDAQ,FEATURES_PARTIAL,FEATURES_PARTIAL,ACET,LOCAL_PRICE_READY,local_price_history_exists,outputs\full_universe_source_acquisition\v2_38i_us_price_history_acquisition\us_price_history_raw_v2_38i\U00029.csv,252,true
U00034,ACHV,"Achieve Life Sciences, Inc. - Common Shares",NASDAQ,FEATURES_PARTIAL,FEATURES_PARTIAL,ACHV,LOCAL_PRICE_READY,local_price_history_exists,outputs\full_universe_source_acquisition\v2_38i_us_price_history_acquisition\us_price_history_raw_v2_38i\U00034.csv,252,true
U00045,ACRV,"Acrivon Therapeutics, Inc. - Common Stock",NASDAQ,FEATURES_PARTIAL,FEATURES_PARTIAL,ACRV,LOCAL_PRICE_READY,local_price_history_exists,outputs\full_universe_source_acquisition\v2_38i_us_price_history_acquisition\us_price_history_raw_v2_38i\U00045.csv,252,true
U00048,ACTU,"Actuate Therapeutics, Inc. - Common stock",NASDAQ,FEATURES_PARTIAL,FEATURES_PARTIAL,ACTU,LOCAL_PRICE_READY,local_price_history_exists,outputs\full_universe_source_acquisition\v2_38i_us_price_history_acquisition\us_price_history_raw_v2_38i\U00048.csv,252,true
U00049,ACXP,"Acurx Pharmaceuticals, Inc. - Common Stock",NASDAQ,FEATURES_PARTIAL,FEATURES_PARTIAL,ACXP,LOCAL_PRICE_READY,local_price_history_exists,outputs\full_universe_source_acquisition\v2_38i_us_price_history_acquisition\us_price_history_raw_v2_38i\U00049.csv,252,true
U00051,ADAG,"Adagene Inc. - ADS, each representing 1.25 ordinary shares",NASDAQ,FEATURES_PARTIAL,FEATURES_PARTIAL,ADAG,LOCAL_PRICE_READY,local_price_history_exists,outputs\full_universe_source_acquisition\v2_38i_us_price_history_acquisition\us_price_history_raw_v2_38i\U00051.csv,252,true
U00055,ADGM,"Adagio Medical Holdings, Inc - Common Stock",NASDAQ,FEATURES_PARTIAL,FEATURES_PARTIAL,ADGM,LOCAL_PRICE_READY,local_price_history_exists,outputs\full_universe_source_acquisition\v2_38i_us_price_history_acquisition\us_price_history_raw_v2_38i\U00055.csv,252,true
U00057,ADIL,"Adial Pharmaceuticals, Inc - Common Stock",NASDAQ,FEATURES_PARTIAL,FEATURES_PARTIAL,ADIL,LOCAL_PRICE_READY,local_price_history_exists,outputs\full_universe_source_acquisition\v2_38i_us_price_history_acquisition\us_price_history_raw_v2_38i\U00057.csv,252,true
U00067,ADVB,Advanced Biomed Inc. - Common Stock,NASDAQ,FEATURES_PARTIAL,FEATURES_PARTIAL,ADVB,LOCAL_PRICE_READY,local_price_history_exists,outputs\full_universe_source_acquisition\v2_38i_us_price_history_acquisition\us_price_history_raw_v2_38i\U00067.csv,252,true
U00075,AEMD,"Aethlon Medical, Inc. - Common Stock",NASDAQ,FEATURES_PARTIAL,FEATURES_PARTIAL,AEMD,LOCAL_PRICE_READY,local_price_history_exists,outputs\full_universe_source_acquisition\v2_38i_us_price_history_acquisition\us_price_history_raw_v2_38i\U00075.csv,252,true
U00077,AEP,"American Electric Power Company, Inc. - Common Stock",NASDAQ,FEATURES_PARTIAL,FEATURES_PARTIAL,AEP,LOCAL_PRICE_READY,local_price_history_exists,outputs\full_universe_source_acquisition\v2_38i_us_price_history_acquisition\us_price_history_raw_v2_38i\U00077.csv,252,true
U00083,AFCG,Advanced Flower Capital Inc. - Common Stock,NASDAQ,FEATURES_PARTIAL,FEATURES_PARTIAL,AFCG,LOCAL_PRICE_READY,local_price_history_exists,outputs\full_universe_source_acquisition\v2_38i_us_price_history_acquisition\us_price_history_raw_v2_38i\U00083.csv,252,true
U00084,AFJK,"Aimei Health Technology Co., Ltd - Ordinary Share",NASDAQ,FEATURES_PARTIAL,FEATURES_PARTIAL,AFJK,LOCAL_PRICE_READY,local_price_history_exists,outputs\full_universe_source_acquisition\v2_38i_us_price_history_acquisition\us_price_history_raw_v2_38i\U00084.csv,252,true
U00088,AGCC,Agencia Comercial Spirits Ltd - Class A Ordinary Share,NASDAQ,FEATURES_PARTIAL,FEATURES_PARTIAL,AGCC,LOCAL_PRICE_READY,local_price_history_exists,outputs\full_universe_source_acquisition\v2_38i_us_price_history_acquisition\us_price_history_raw_v2_38i\U00088.csv,252,true
U00089,AGEN,Agenus Inc. - Common Stock,NASDAQ,FEATURES_PARTIAL,FEATURES_PARTIAL,AGEN,LOCAL_PRICE_READY,local_price_history_exists,outputs\full_universe_source_acquisition\v2_38i_us_price_history_acquisition\us_price_history_raw_v2_38i\U00089.csv,252,true
U00093,AGNC,AGNC Investment Corp. - Common Stock,NASDAQ,FEATURES_PARTIAL,FEATURES_PARTIAL,AGNC,LOCAL_PRICE_READY,local_price_history_exists,outputs\full_universe_source_acquisition\v2_38i_us_price_history_acquisition\us_price_history_raw_v2_38i\U00093.csv,252,true
U00095,AGPU,Axe Compute Inc. - Common Stock,NASDAQ,FEATURES_PARTIAL,FEATURES_PARTIAL,AGPU,LOCAL_PRICE_READY,local_price_history_exists,outputs\full_universe_source_acquisition\v2_38i_us_price_history_acquisition\us_price_history_raw_v2_38i\U00095.csv,252,true
U00102,AIDX,"20/20 Biolabs, Inc. - Common Stock",NASDAQ,FEATURES_PARTIAL,FEATURES_PARTIAL,AIDX,LOCAL_PRICE_READY,local_price_history_exists,outputs\full_universe_source_acquisition\v2_38i_us_price_history_acquisition\us_price_history_raw_v2_38i\U00102.csv,252,true
U00103,AIFA,"All In FutureTech Alliance, Inc. - Common Stock",NASDAQ,FEATURES_PARTIAL,FEATURES_PARTIAL,AIFA,LOCAL_PRICE_READY,local_price_history_exists,outputs\full_universe_source_acquisition\v2_38i_us_price_history_acquisition\us_price_history_raw_v2_38i\U00103.csv,252,true
U00105,AIFF,"Firefly Neuroscience, Inc. - Common Stock",NASDAQ,FEATURES_PARTIAL,FEATURES_PARTIAL,AIFF,LOCAL_PRICE_READY,local_price_history_exists,outputs\full_universe_source_acquisition\v2_38i_us_price_history_acquisition\us_price_history_raw_v2_38i\U00105.csv,252,true
U00116,AIRJ,AirJoule Technologies Corporation - Class A Common Stock,NASDAQ,FEATURES_PARTIAL,FEATURES_PARTIAL,AIRJ,LOCAL_PRICE_READY,local_price_history_exists,outputs\full_universe_source_acquisition\v2_38i_us_price_history_acquisition\us_price_history_raw_v2_38i\U00116.csv,252,true
U00117,AIRO,"AIRO Group Holdings, Inc. - Common Stock",NASDAQ,FEATURES_PARTIAL,FEATURES_PARTIAL,AIRO,LOCAL_PRICE_READY,local_price_history_exists,outputs\full_universe_source_acquisition\v2_38i_us_price_history_acquisition\us_price_history_raw_v2_38i\U00117.csv,252,true
U00120,AISP,"Airship AI Holdings, Inc - Class A Common Stock",NASDAQ,FEATURES_PARTIAL,FEATURES_PARTIAL,AISP,LOCAL_PRICE_READY,local_price_history_exists,outputs\full_universe_source_acquisition\v2_38i_us_price_history_acquisition\us_price_history_raw_v2_38i\U00120.csv,252,true
U00121,AIXC,"AIxCrypto Holdings, Inc. - Common Stock",NASDAQ,FEATURES_PARTIAL,FEATURES_PARTIAL,AIXC,LOCAL_PRICE_READY,local_price_history_exists,outputs\full_universe_source_acquisition\v2_38i_us_price_history_acquisition\us_price_history_raw_v2_38i\U00121.csv,252,true
U00129,ALDF,Aldel Financial II Inc. - Class A Ordinary Shares,NASDAQ,FEATURES_PARTIAL,FEATURES_PARTIAL,ALDF,LOCAL_PRICE_READY,local_price_history_exists,outputs\full_universe_source_acquisition\v2_38i_us_price_history_acquisition\us_price_history_raw_v2_38i\U00129.csv,252,true
U00130,ALDX,"Aldeyra Therapeutics, Inc. - Common Stock",NASDAQ,FEATURES_PARTIAL,FEATURES_PARTIAL,ALDX,LOCAL_PRICE_READY,local_price_history_exists,outputs\full_universe_source_acquisition\v2_38i_us_price_history_acquisition\us_price_history_raw_v2_38i\U00130.csv,252,true
U00135,ALGS,"Aligos Therapeutics, Inc. - Common stock",NASDAQ,FEATURES_PARTIAL,FEATURES_PARTIAL,ALGS,LOCAL_PRICE_READY,local_price_history_exists,outputs\full_universe_source_acquisition\v2_38i_us_price_history_acquisition\us_price_history_raw_v2_38i\U00135.csv,252,true
U00141,ALLO,"Allogene Therapeutics, Inc. - Common Stock",NASDAQ,FEATURES_PARTIAL,FEATURES_PARTIAL,ALLO,LOCAL_PRICE_READY,local_price_history_exists,outputs\full_universe_source_acquisition\v2_38i_us_price_history_acquisition\us_price_history_raw_v2_38i\U00141.csv,252,true
U00142,ALLR,"Allarity Therapeutics, Inc. - Common stock",NASDAQ,FEATURES_PARTIAL,FEATURES_PARTIAL,ALLR,LOCAL_PRICE_READY,local_price_history_exists,outputs\full_universe_source_acquisition\v2_38i_us_price_history_acquisition\us_price_history_raw_v2_38i\U00142.csv,252,true
U00151,ALOV,"Aldabra 4 Liquidity Opportunity Vehicle, Inc. - Class A Ordinary Shares",NASDAQ,FEATURES_PARTIAL,FEATURES_PARTIAL,ALOV,LOCAL_PRICE_READY,local_price_history_exists,outputs\full_universe_source_acquisition\v2_38i_us_price_history_acquisition\us_price_history_raw_v2_38i\U00151.csv,252,true
U00152,ALOY,REalloys Inc. - Common Stock,NASDAQ,FEATURES_PARTIAL,FEATURES_PARTIAL,ALOY,LOCAL_PRICE_READY,local_price_history_exists,outputs\full_universe_source_acquisition\v2_38i_us_price_history_acquisition\us_price_history_raw_v2_38i\U00152.csv,252,true
U00153,ALP,Alpha Compute Corp - Common Stock,NASDAQ,FEATURES_PARTIAL,FEATURES_PARTIAL,ALP,LOCAL_PRICE_READY,local_price_history_exists,outputs\full_universe_source_acquisition\v2_38i_us_price_history_acquisition\us_price_history_raw_v2_38i\U00153.csv,252,true
U00158,ALTI,"AlTi Global, Inc. - Class A Common Stock",NASDAQ,FEATURES_PARTIAL,FEATURES_PARTIAL,ALTI,LOCAL_PRICE_READY,local_price_history_exists,outputs\full_universe_source_acquisition\v2_38i_us_price_history_acquisition\us_price_history_raw_v2_38i\U00158.csv,252,true
U00161,ALXO,ALX Oncology Holdings Inc. - Common Stock,NASDAQ,FEATURES_PARTIAL,FEATURES_PARTIAL,ALXO,LOCAL_PRICE_READY,local_price_history_exists,outputs\full_universe_source_acquisition\v2_38i_us_price_history_acquisition\us_price_history_raw_v2_38i\U00161.csv,252,true
U00162,ALZN,"Alzamend Neuro, Inc. - Common Stock",NASDAQ,FEATURES_PARTIAL,FEATURES_PARTIAL,ALZN,LOCAL_PRICE_READY,local_price_history_exists,outputs\full_universe_source_acquisition\v2_38i_us_price_history_acquisition\us_price_history_raw_v2_38i\U00162.csv,252,true
U00167,AMCI,AMC Robotics Corporation - Common Stock,NASDAQ,FEATURES_PARTIAL,FEATURES_PARTIAL,AMCI,LOCAL_PRICE_READY,local_price_history_exists,outputs\full_universe_source_acquisition\v2_38i_us_price_history_acquisition\us_price_history_raw_v2_38i\U00167.csv,252,true
U00171,AMIX,"Autonomix Medical, Inc. - Common Stock",NASDAQ,FEATURES_PARTIAL,FEATURES_PARTIAL,AMIX,LOCAL_PRICE_READY,local_price_history_exists,outputs\full_universe_source_acquisition\v2_38i_us_price_history_acquisition\us_price_history_raw_v2_38i\U00171.csv,252,true
U00173,AMLX,"Amylyx Pharmaceuticals, Inc. - Common Stock",NASDAQ,FEATURES_PARTIAL,FEATURES_PARTIAL,AMLX,LOCAL_PRICE_READY,local_price_history_exists,outputs\full_universe_source_acquisition\v2_38i_us_price_history_acquisition\us_price_history_raw_v2_38i\U00173.csv,252,true
U00183,AMTX,"Aemetis, Inc - Common Stock",NASDAQ,FEATURES_PARTIAL,FEATURES_PARTIAL,AMTX,LOCAL_PRICE_READY,local_price_history_exists,outputs\full_universe_source_acquisition\v2_38i_us_price_history_acquisition\us_price_history_raw_v2_38i\U00183.csv,252,true
U00188,ANGI,Angi Inc. - Class A Common Stock,NASDAQ,FEATURES_PARTIAL,FEATURES_PARTIAL,ANGI,LOCAL_PRICE_READY,local_price_history_exists,outputs\full_universe_source_acquisition\v2_38i_us_price_history_acquisition\us_price_history_raw_v2_38i\U00188.csv,252,true
U00192,ANIX,"Anixa Biosciences, Inc. - Common Stock",NASDAQ,FEATURES_PARTIAL,FEATURES_PARTIAL,ANIX,LOCAL_PRICE_READY,local_price_history_exists,outputs\full_universe_source_acquisition\v2_38i_us_price_history_acquisition\us_price_history_raw_v2_38i\U00192.csv,252,true
U00193,ANNA,"AleAnna, Inc. - Class A Common Stock",NASDAQ,FEATURES_PARTIAL,FEATURES_PARTIAL,ANNA,LOCAL_PRICE_READY,local_price_history_exists,outputs\full_universe_source_acquisition\v2_38i_us_price_history_acquisition\us_price_history_raw_v2_38i\U00193.csv,252,true
U00194,ANNX,"Annexon, Inc. - common stock",NASDAQ,FEATURES_PARTIAL,FEATURES_PARTIAL,ANNX,LOCAL_PRICE_READY,local_price_history_exists,outputs\full_universe_source_acquisition\v2_38i_us_price_history_acquisition\us_price_history_raw_v2_38i\U00194.csv,252,true
U00198,ANTX,"AN2 Therapeutics, Inc. - Common Stock",NASDAQ,FEATURES_PARTIAL,FEATURES_PARTIAL,ANTX,LOCAL_PRICE_READY,local_price_history_exists,outputs\full_universe_source_acquisition\v2_38i_us_price_history_acquisition\us_price_history_raw_v2_38i\U00198.csv,252,true
U00202,APA,APA Corporation - Common Stock,NASDAQ,FEATURES_PARTIAL,FEATURES_PARTIAL,APA,LOCAL_PRICE_READY,local_price_history_exists,outputs\full_universe_source_acquisition\v2_38i_us_price_history_acquisition\us_price_history_raw_v2_38i\U00202.csv,252,true
U00206,APGE,"Apogee Therapeutics, Inc. - Common Stock",NASDAQ,FEATURES_PARTIAL,FEATURES_PARTIAL,APGE,LOCAL_PRICE_READY,local_price_history_exists,outputs\full_universe_source_acquisition\v2_38i_us_price_history_acquisition\us_price_history_raw_v2_38i\U00206.csv,252,true
U00208,APLD,Applied Digital Corporation - Common Stock,NASDAQ,FEATURES_PARTIAL,FEATURES_PARTIAL,APLD,LOCAL_PRICE_READY,local_price_history_exists,outputs\full_universe_source_acquisition\v2_38i_us_price_history_acquisition\us_price_history_raw_v2_38i\U00208.csv,252,true
U00217,APRE,"Aprea Therapeutics, Inc. - Common Stock",NASDAQ,FEATURES_PARTIAL,FEATURES_PARTIAL,APRE,LOCAL_PRICE_READY,local_price_history_exists,outputs\full_universe_source_acquisition\v2_38i_us_price_history_acquisition\us_price_history_raw_v2_38i\U00217.csv,252,true
U00219,APVO,Aptevo Therapeutics Inc. - Common Stock,NASDAQ,FEATURES_PARTIAL,FEATURES_PARTIAL,APVO,LOCAL_PRICE_READY,local_price_history_exists,outputs\full_universe_source_acquisition\v2_38i_us_price_history_acquisition\us_price_history_raw_v2_38i\U00219.csv,252,true
U00221,APXT,Apex Treasury Corporation - Class A Ordinary Share,NASDAQ,FEATURES_PARTIAL,FEATURES_PARTIAL,APXT,LOCAL_PRICE_READY,local_price_history_exists,outputs\full_universe_source_acquisition\v2_38i_us_price_history_acquisition\us_price_history_raw_v2_38i\U00221.csv,252,true
U00223,AQB,"AquaBounty Technologies, Inc. - Common Stock",NASDAQ,FEATURES_PARTIAL,FEATURES_PARTIAL,AQB,LOCAL_PRICE_READY,local_price_history_exists,outputs\full_universe_source_acquisition\v2_38i_us_price_history_acquisition\us_price_history_raw_v2_38i\U00223.csv,252,true
U00224,AQMS,"Aqua Metals, Inc. - Common Stock",NASDAQ,FEATURES_PARTIAL,FEATURES_PARTIAL,AQMS,LOCAL_PRICE_READY,local_price_history_exists,outputs\full_universe_source_acquisition\v2_38i_us_price_history_acquisition\us_price_history_raw_v2_38i\U00224.csv,252,true
U00226,ARAI,Arrive AI Inc. - Common Stock,NASDAQ,FEATURES_PARTIAL,FEATURES_PARTIAL,ARAI,LOCAL_PRICE_READY,local_price_history_exists,outputs\full_universe_source_acquisition\v2_38i_us_price_history_acquisition\us_price_history_raw_v2_38i\U00226.csv,252,true
U00236,AREC,American Resources Corporation - Class A Common Stock,NASDAQ,FEATURES_PARTIAL,FEATURES_PARTIAL,AREC,LOCAL_PRICE_READY,local_price_history_exists,outputs\full_universe_source_acquisition\v2_38i_us_price_history_acquisition\us_price_history_raw_v2_38i\U00236.csv,252,true
U00241,ARQ,"Arq, Inc. - Common Stock",NASDAQ,FEATURES_PARTIAL,FEATURES_PARTIAL,ARQ,LOCAL_PRICE_READY,local_price_history_exists,outputs\full_universe_source_acquisition\v2_38i_us_price_history_acquisition\us_price_history_raw_v2_38i\U00241.csv,252,true
U00246,ARTL,"Artelo Biosciences, Inc. - Common Stock",NASDAQ,FEATURES_PARTIAL,FEATURES_PARTIAL,ARTL,LOCAL_PRICE_READY,local_price_history_exists,outputs\full_universe_source_acquisition\v2_38i_us_price_history_acquisition\us_price_history_raw_v2_38i\U00246.csv,252,true
U00248,ARTV,"Artiva Biotherapeutics, Inc. - Common Stock",NASDAQ,FEATURES_PARTIAL,FEATURES_PARTIAL,ARTV,LOCAL_PRICE_READY,local_price_history_exists,outputs\full_universe_source_acquisition\v2_38i_us_price_history_acquisition\us_price_history_raw_v2_38i\U00248.csv,252,true
U00253,ASBP,"Aspire Biopharma Holdings, Inc. - Common Stock",NASDAQ,FEATURES_PARTIAL,FEATURES_PARTIAL,ASBP,LOCAL_PRICE_READY,local_price_history_exists,outputs\full_universe_source_acquisition\v2_38i_us_price_history_acquisition\us_price_history_raw_v2_38i\U00253.csv,252,true
U00256,ASML,ASML Holding N.V. - New York Registry Shares,NASDAQ,FEATURES_PARTIAL,FEATURES_PARTIAL,ASML,LOCAL_PRICE_READY,local_price_history_exists,outputs\full_universe_source_acquisition\v2_38i_us_price_history_acquisition\us_price_history_raw_v2_38i\U00256.csv,252,true
U00261,ASPS,Altisource Portfolio Solutions S.A. - Common Stock,NASDAQ,FEATURES_PARTIAL,FEATURES_PARTIAL,ASPS,LOCAL_PRICE_READY,local_price_history_exists,outputs\full_universe_source_acquisition\v2_38i_us_price_history_acquisition\us_price_history_raw_v2_38i\U00261.csv,252,true
U00269,ASTS,"AST SpaceMobile, Inc. - Class A Common Stock",NASDAQ,FEATURES_PARTIAL,FEATURES_PARTIAL,ASTS,LOCAL_PRICE_READY,local_price_history_exists,outputs\full_universe_source_acquisition\v2_38i_us_price_history_acquisition\us_price_history_raw_v2_38i\U00269.csv,252,true
U00270,ASUR,Asure Software Inc - Common Stock,NASDAQ,FEATURES_PARTIAL,FEATURES_PARTIAL,ASUR,LOCAL_PRICE_READY,local_price_history_exists,outputs\full_universe_source_acquisition\v2_38i_us_price_history_acquisition\us_price_history_raw_v2_38i\U00270.csv,252,true
U00272,ATAI,AtaiBeckley Inc. - Common Stock,NASDAQ,FEATURES_PARTIAL,FEATURES_PARTIAL,ATAI,LOCAL_PRICE_READY,local_price_history_exists,outputs\full_universe_source_acquisition\v2_38i_us_price_history_acquisition\us_price_history_raw_v2_38i\U00272.csv,252,true
U00274,ATEC,"Alphatec Holdings, Inc. - Common Stock",NASDAQ,FEATURES_PARTIAL,FEATURES_PARTIAL,ATEC,LOCAL_PRICE_READY,local_price_history_exists,outputs\full_universe_source_acquisition\v2_38i_us_price_history_acquisition\us_price_history_raw_v2_38i\U00274.csv,252,true
U00278,ATHR,"Aether Holdings, Inc. - Common Stock",NASDAQ,FEATURES_PARTIAL,FEATURES_PARTIAL,ATHR,LOCAL_PRICE_READY,local_price_history_exists,outputs\full_universe_source_acquisition\v2_38i_us_price_history_acquisition\us_price_history_raw_v2_38i\U00278.csv,252,true
U00279,ATII,Archimedes Tech SPAC Partners II Co. - Ordinary Shares,NASDAQ,FEATURES_PARTIAL,FEATURES_PARTIAL,ATII,LOCAL_PRICE_READY,local_price_history_exists,outputs\full_universe_source_acquisition\v2_38i_us_price_history_acquisition\us_price_history_raw_v2_38i\U00279.csv,252,true
U00285,ATOS,"Atossa Therapeutics, Inc. - Common Stock",NASDAQ,FEATURES_PARTIAL,FEATURES_PARTIAL,ATOS,LOCAL_PRICE_READY,local_price_history_exists,outputs\full_universe_source_acquisition\v2_38i_us_price_history_acquisition\us_price_history_raw_v2_38i\U00285.csv,252,true
U00286,ATPC,Agape ATP Corporation - Common Stock,NASDAQ,FEATURES_PARTIAL,FEATURES_PARTIAL,ATPC,LOCAL_PRICE_READY,local_price_history_exists,outputs\full_universe_source_acquisition\v2_38i_us_price_history_acquisition\us_price_history_raw_v2_38i\U00286.csv,252,true
U00292,AUBN,"Auburn National Bancorporation, Inc. - Common Stock",NASDAQ,FEATURES_PARTIAL,FEATURES_PARTIAL,AUBN,LOCAL_PRICE_READY,local_price_history_exists,outputs\full_universe_source_acquisition\v2_38i_us_price_history_acquisition\us_price_history_raw_v2_38i\U00292.csv,252,true
U00296,AUID,authID Inc. - Common Stock,NASDAQ,FEATURES_PARTIAL,FEATURES_PARTIAL,AUID,LOCAL_PRICE_READY,local_price_history_exists,outputs\full_universe_source_acquisition\v2_38i_us_price_history_acquisition\us_price_history_raw_v2_38i\U00296.csv,252,true
U00299,AURA,"Aura Biosciences, Inc. - Common Stock",NASDAQ,FEATURES_PARTIAL,FEATURES_PARTIAL,AURA,LOCAL_PRICE_READY,local_price_history_exists,outputs\full_universe_source_acquisition\v2_38i_us_price_history_acquisition\us_price_history_raw_v2_38i\U00299.csv,252,true
U00300,AURE,Aurelion Inc. - Class A Ordinary Shares,NASDAQ,FEATURES_PARTIAL,FEATURES_PARTIAL,AURE,LOCAL_PRICE_READY,local_price_history_exists,outputs\full_universe_source_acquisition\v2_38i_us_price_history_acquisition\us_price_history_raw_v2_38i\U00300.csv,252,true
U00301,AUUD,Auddia Inc. - Common Stock,NASDAQ,FEATURES_PARTIAL,FEATURES_PARTIAL,AUUD,LOCAL_PRICE_READY,local_price_history_exists,outputs\full_universe_source_acquisition\v2_38i_us_price_history_acquisition\us_price_history_raw_v2_38i\U00301.csv,252,true
U00302,AVAH,Aveanna Healthcare Holdings Inc. - Common Stock,NASDAQ,FEATURES_PARTIAL,FEATURES_PARTIAL,AVAH,LOCAL_PRICE_READY,local_price_history_exists,outputs\full_universe_source_acquisition\v2_38i_us_price_history_acquisition\us_price_history_raw_v2_38i\U00302.csv,252,true
U00304,AVAV,"AeroVironment, Inc. - Common Stock",NASDAQ,FEATURES_PARTIAL,FEATURES_PARTIAL,AVAV,LOCAL_PRICE_READY,local_price_history_exists,outputs\full_universe_source_acquisition\v2_38i_us_price_history_acquisition\us_price_history_raw_v2_38i\U00304.csv,252,true
U00305,AVBH,"Avidbank Holdings, Inc. - Common Stock",NASDAQ,FEATURES_PARTIAL,FEATURES_PARTIAL,AVBH,LOCAL_PRICE_READY,local_price_history_exists,outputs\full_universe_source_acquisition\v2_38i_us_price_history_acquisition\us_price_history_raw_v2_38i\U00305.csv,252,true
U00306,AVBP,"ArriVent BioPharma, Inc. - Common Stock",NASDAQ,FEATURES_PARTIAL,FEATURES_PARTIAL,AVBP,LOCAL_PRICE_READY,local_price_history_exists,outputs\full_universe_source_acquisition\v2_38i_us_price_history_acquisition\us_price_history_raw_v2_38i\U00306.csv,252,true
U00308,AVIR,"Atea Pharmaceuticals, Inc. - common stock",NASDAQ,FEATURES_PARTIAL,FEATURES_PARTIAL,AVIR,LOCAL_PRICE_READY,local_price_history_exists,outputs\full_universe_source_acquisition\v2_38i_us_price_history_acquisition\us_price_history_raw_v2_38i\U00308.csv,252,true
U00313,AVR,Anteris Technologies Global Corp. - Common Stock,NASDAQ,FEATURES_PARTIAL,FEATURES_PARTIAL,AVR,LOCAL_PRICE_READY,local_price_history_exists,outputs\full_universe_source_acquisition\v2_38i_us_price_history_acquisition\us_price_history_raw_v2_38i\U00313.csv,252,true
U00315,AVTX,"Avalo Therapeutics, Inc. - Common Stock",NASDAQ,FEATURES_PARTIAL,FEATURES_PARTIAL,AVTX,LOCAL_PRICE_READY,local_price_history_exists,outputs\full_universe_source_acquisition\v2_38i_us_price_history_acquisition\us_price_history_raw_v2_38i\U00315.csv,252,true
U00316,AVX,Avax One Technology Ltd. - Common Shares,NASDAQ,FEATURES_PARTIAL,FEATURES_PARTIAL,AVX,LOCAL_PRICE_READY,local_price_history_exists,outputs\full_universe_source_acquisition\v2_38i_us_price_history_acquisition\us_price_history_raw_v2_38i\U00316.csv,252,true
U00317,AVXL,Anavex Life Sciences Corp. - Common Stock,NASDAQ,FEATURES_PARTIAL,FEATURES_PARTIAL,AVXL,LOCAL_PRICE_READY,local_price_history_exists,outputs\full_universe_source_acquisition\v2_38i_us_price_history_acquisition\us_price_history_raw_v2_38i\U00317.csv,252,true
U00318,AWRE,"Aware, Inc. - Common Stock",NASDAQ,FEATURES_PARTIAL,FEATURES_PARTIAL,AWRE,LOCAL_PRICE_READY,local_price_history_exists,outputs\full_universe_source_acquisition\v2_38i_us_price_history_acquisition\us_price_history_raw_v2_38i\U00318.csv,252,true
U00328,AZI,Autozi Internet Technology (Global) Ltd. - Class A Ordinary Shares,NASDAQ,FEATURES_PARTIAL,FEATURES_PARTIAL,AZI,LOCAL_PRICE_READY,local_price_history_exists,outputs\full_universe_source_acquisition\v2_38i_us_price_history_acquisition\us_price_history_raw_v2_38i\U00328.csv,252,true
U00332,BAFN,BayFirst Financial Corp. - Common Stock,NASDAQ,FEATURES_PARTIAL,FEATURES_PARTIAL,BAFN,LOCAL_PRICE_READY,local_price_history_exists,outputs\full_universe_source_acquisition\v2_38i_us_price_history_acquisition\us_price_history_raw_v2_38i\U00332.csv,252,true
U00345,BBIO,"BridgeBio Pharma, Inc. - Common Stock",NASDAQ,FEATURES_PARTIAL,FEATURES_PARTIAL,BBIO,LOCAL_PRICE_READY,local_price_history_exists,outputs\full_universe_source_acquisition\v2_38i_us_price_history_acquisition\us_price_history_raw_v2_38i\U00345.csv,252,true
U00346,BBLG,Bone Biologics Corp - Common Stock,NASDAQ,FEATURES_PARTIAL,FEATURES_PARTIAL,BBLG,LOCAL_PRICE_READY,local_price_history_exists,outputs\full_universe_source_acquisition\v2_38i_us_price_history_acquisition\us_price_history_raw_v2_38i\U00346.csv,252,true
U00348,BBOT,"BridgeBio Oncology Therapeutics, Inc. - Common Stock",NASDAQ,FEATURES_PARTIAL,FEATURES_PARTIAL,BBOT,LOCAL_PRICE_READY,local_price_history_exists,outputs\full_universe_source_acquisition\v2_38i_us_price_history_acquisition\us_price_history_raw_v2_38i\U00348.csv,252,true
U00349,BBSI,"Barrett Business Services, Inc. - Common Stock",NASDAQ,FEATURES_PARTIAL,FEATURES_PARTIAL,BBSI,LOCAL_PRICE_READY,local_price_history_exists,outputs\full_universe_source_acquisition\v2_38i_us_price_history_acquisition\us_price_history_raw_v2_38i\U00349.csv,252,true
U00350,BCAB,"BioAtla, Inc. - Common Stock",NASDAQ,FEATURES_PARTIAL,FEATURES_PARTIAL,BCAB,LOCAL_PRICE_READY,local_price_history_exists,outputs\full_universe_source_acquisition\v2_38i_us_price_history_acquisition\us_price_history_raw_v2_38i\U00350.csv,252,true
U00353,BCAX,Bicara Therapeutics Inc. - Common Stock,NASDAQ,FEATURES_PARTIAL,FEATURES_PARTIAL,BCAX,LOCAL_PRICE_READY,local_price_history_exists,outputs\full_universe_source_acquisition\v2_38i_us_price_history_acquisition\us_price_history_raw_v2_38i\U00353.csv,252,true
U00354,BCBP,"BCB Bancorp, Inc. (NJ) - Common Stock",NASDAQ,FEATURES_PARTIAL,FEATURES_PARTIAL,BCBP,LOCAL_PRICE_READY,local_price_history_exists,outputs\full_universe_source_acquisition\v2_38i_us_price_history_acquisition\us_price_history_raw_v2_38i\U00354.csv,252,true
U00355,BCDA,"BioCardia, Inc. - Common Stock",NASDAQ,FEATURES_PARTIAL,FEATURES_PARTIAL,BCDA,LOCAL_PRICE_READY,local_price_history_exists,outputs\full_universe_source_acquisition\v2_38i_us_price_history_acquisition\us_price_history_raw_v2_38i\U00355.csv,252,true
U00360,BCRX,"BioCryst Pharmaceuticals, Inc. - Common Stock",NASDAQ,FEATURES_PARTIAL,FEATURES_PARTIAL,BCRX,LOCAL_PRICE_READY,local_price_history_exists,outputs\full_universe_source_acquisition\v2_38i_us_price_history_acquisition\us_price_history_raw_v2_38i\U00360.csv,252,true
U00361,BCTX,BriaCell Therapeutics Corp. - Common Shares,NASDAQ,FEATURES_PARTIAL,FEATURES_PARTIAL,BCTX,LOCAL_PRICE_READY,local_price_history_exists,outputs\full_universe_source_acquisition\v2_38i_us_price_history_acquisition\us_price_history_raw_v2_38i\U00361.csv,252,true
U00362,BDCI,BTC Development Corp. - Class A Ordinary Shares,NASDAQ,FEATURES_PARTIAL,FEATURES_PARTIAL,BDCI,LOCAL_PRICE_READY,local_price_history_exists,outputs\full_universe_source_acquisition\v2_38i_us_price_history_acquisition\us_price_history_raw_v2_38i\U00362.csv,252,true
U00365,BDTX,"Black Diamond Therapeutics, Inc. - Common Stock",NASDAQ,FEATURES_PARTIAL,FEATURES_PARTIAL,BDTX,LOCAL_PRICE_READY,local_price_history_exists,outputs\full_universe_source_acquisition\v2_38i_us_price_history_acquisition\us_price_history_raw_v2_38i\U00365.csv,252,true
U00368,BEAT,"Heartbeam, Inc. - Common Stock",NASDAQ,FEATURES_PARTIAL,FEATURES_PARTIAL,BEAT,LOCAL_PRICE_READY,local_price_history_exists,outputs\full_universe_source_acquisition\v2_38i_us_price_history_acquisition\us_price_history_raw_v2_38i\U00368.csv,252,true
U00370,BEEP,Mobile Infrastructure Corporation - Common Stock,NASDAQ,FEATURES_PARTIAL,FEATURES_PARTIAL,BEEP,LOCAL_PRICE_READY,local_price_history_exists,outputs\full_universe_source_acquisition\v2_38i_us_price_history_acquisition\us_price_history_raw_v2_38i\U00370.csv,252,true
U00373,BENF,Beneficient - Class A Common Stock,NASDAQ,FEATURES_PARTIAL,FEATURES_PARTIAL,BENF,LOCAL_PRICE_READY,local_price_history_exists,outputs\full_universe_source_acquisition\v2_38i_us_price_history_acquisition\us_price_history_raw_v2_38i\U00373.csv,252,true
U00376,BFRG,"Bullfrog AI Holdings, Inc. - Common Stock",NASDAQ,FEATURES_PARTIAL,FEATURES_PARTIAL,BFRG,LOCAL_PRICE_READY,local_price_history_exists,outputs\full_universe_source_acquisition\v2_38i_us_price_history_acquisition\us_price_history_raw_v2_38i\U00376.csv,252,true
U00380,BGDE,"Big Digital Energy, Inc. - Common Stock",NASDAQ,FEATURES_PARTIAL,FEATURES_PARTIAL,BGDE,LOCAL_PRICE_READY,local_price_history_exists,outputs\full_universe_source_acquisition\v2_38i_us_price_history_acquisition\us_price_history_raw_v2_38i\U00380.csv,252,true
U00381,BGIN,Bgin Blockchain Limited - Class A Ordinary Shares,NASDAQ,FEATURES_PARTIAL,FEATURES_PARTIAL,BGIN,LOCAL_PRICE_READY,local_price_history_exists,outputs\full_universe_source_acquisition\v2_38i_us_price_history_acquisition\us_price_history_raw_v2_38i\U00381.csv,252,true
U00382,BGL,Blue Gold Limited - Class A ordinary shares,NASDAQ,FEATURES_PARTIAL,FEATURES_PARTIAL,BGL,LOCAL_PRICE_READY,local_price_history_exists,outputs\full_universe_source_acquisition\v2_38i_us_price_history_acquisition\us_price_history_raw_v2_38i\U00382.csv,252,true
U00385,BGMS,"Bio Green Med Solution, Inc. - Common Stock",NASDAQ,FEATURES_PARTIAL,FEATURES_PARTIAL,BGMS,LOCAL_PRICE_READY,local_price_history_exists,outputs\full_universe_source_acquisition\v2_38i_us_price_history_acquisition\us_price_history_raw_v2_38i\U00385.csv,252,true
U00388,BHST,BioHarvest Sciences Inc. - Common Stock,NASDAQ,FEATURES_PARTIAL,FEATURES_PARTIAL,BHST,LOCAL_PRICE_READY,local_price_history_exists,outputs\full_universe_source_acquisition\v2_38i_us_price_history_acquisition\us_price_history_raw_v2_38i\U00388.csv,252,true
U00393,BIRD,"Smartbird, Inc. - Class A Common Stock",NASDAQ,FEATURES_PARTIAL,FEATURES_PARTIAL,BIRD,LOCAL_PRICE_READY,local_price_history_exists,outputs\full_universe_source_acquisition\v2_38i_us_price_history_acquisition\us_price_history_raw_v2_38i\U00393.csv,252,true
U00394,BIVI,BioVie Inc. - Common stock,NASDAQ,FEATURES_PARTIAL,FEATURES_PARTIAL,BIVI,LOCAL_PRICE_READY,local_price_history_exists,outputs\full_universe_source_acquisition\v2_38i_us_price_history_acquisition\us_price_history_raw_v2_38i\U00394.csv,252,true
U00397,BJDX,"Bluejay Diagnostics, Inc. - Common Stock",NASDAQ,FEATURES_PARTIAL,FEATURES_PARTIAL,BJDX,LOCAL_PRICE_READY,local_price_history_exists,outputs\full_universe_source_acquisition\v2_38i_us_price_history_acquisition\us_price_history_raw_v2_38i\U00397.csv,252,true
U00400,BKNG,Booking Holdings Inc. - Common Stock,NASDAQ,FEATURES_PARTIAL,FEATURES_PARTIAL,BKNG,LOCAL_PRICE_READY,local_price_history_exists,outputs\full_universe_source_acquisition\v2_38i_us_price_history_acquisition\us_price_history_raw_v2_38i\U00400.csv,252,true
U00405,BLFS,"BioLife Solutions, Inc. - Common Stock",NASDAQ,FEATURES_PARTIAL,FEATURES_PARTIAL,BLFS,LOCAL_PRICE_READY,local_price_history_exists,outputs\full_universe_source_acquisition\v2_38i_us_price_history_acquisition\us_price_history_raw_v2_38i\U00405.csv,252,true
U00418,BMEA,"Biomea Fusion, Inc. - Common Stock",NASDAQ,FEATURES_PARTIAL,FEATURES_PARTIAL,BMEA,LOCAL_PRICE_READY,local_price_history_exists,outputs\full_universe_source_acquisition\v2_38i_us_price_history_acquisition\us_price_history_raw_v2_38i\U00418.csv,252,true
U00423,BMRA,"Biomerica, Inc. - Common Stock",NASDAQ,FEATURES_PARTIAL,FEATURES_PARTIAL,BMRA,LOCAL_PRICE_READY,local_price_history_exists,outputs\full_universe_source_acquisition\v2_38i_us_price_history_acquisition\us_price_history_raw_v2_38i\U00423.csv,252,true
U00424,BMRC,Bank of Marin Bancorp - Common Stock,NASDAQ,FEATURES_PARTIAL,FEATURES_PARTIAL,BMRC,LOCAL_PRICE_READY,local_price_history_exists,outputs\full_universe_source_acquisition\v2_38i_us_price_history_acquisition\us_price_history_raw_v2_38i\U00424.csv,252,true
U00427,BNBX,BNB Plus Corp. - Common Stock,NASDAQ,FEATURES_PARTIAL,FEATURES_PARTIAL,BNBX,LOCAL_PRICE_READY,local_price_history_exists,outputs\full_universe_source_acquisition\v2_38i_us_price_history_acquisition\us_price_history_raw_v2_38i\U00427.csv,252,true
U00429,BNGO,"Bionano Genomics, Inc. - Common Stock",NASDAQ,FEATURES_PARTIAL,FEATURES_PARTIAL,BNGO,LOCAL_PRICE_READY,local_price_history_exists,outputs\full_universe_source_acquisition\v2_38i_us_price_history_acquisition\us_price_history_raw_v2_38i\U00429.csv,252,true
U00430,BNKK,"Bonk, Inc. - Common Stock",NASDAQ,FEATURES_PARTIAL,FEATURES_PARTIAL,BNKK,LOCAL_PRICE_READY,local_price_history_exists,outputs\full_universe_source_acquisition\v2_38i_us_price_history_acquisition\us_price_history_raw_v2_38i\U00430.csv,252,true
U00432,BNTC,Benitec Biopharma Inc. - Common Stock,NASDAQ,FEATURES_PARTIAL,FEATURES_PARTIAL,BNTC,LOCAL_PRICE_READY,local_price_history_exists,outputs\full_universe_source_acquisition\v2_38i_us_price_history_acquisition\us_price_history_raw_v2_38i\U00432.csv,252,true
U00436,BOKF,BOK Financial Corporation - Common Stock,NASDAQ,FEATURES_PARTIAL,FEATURES_PARTIAL,BOKF,LOCAL_PRICE_READY,local_price_history_exists,outputs\full_universe_source_acquisition\v2_38i_us_price_history_acquisition\us_price_history_raw_v2_38i\U00436.csv,252,true
U00437,BOLD,"Boundless Bio, Inc. - Common Stock",NASDAQ,FEATURES_PARTIAL,FEATURES_PARTIAL,BOLD,LOCAL_PRICE_READY,local_price_history_exists,outputs\full_universe_source_acquisition\v2_38i_us_price_history_acquisition\us_price_history_raw_v2_38i\U00437.csv,252,true
U00451,BRCB,"Black Rock Coffee Bar, Inc. - Class A Common Stock",NASDAQ,FEATURES_PARTIAL,FEATURES_PARTIAL,BRCB,LOCAL_PRICE_READY,local_price_history_exists,outputs\full_universe_source_acquisition\v2_38i_us_price_history_acquisition\us_price_history_raw_v2_38i\U00451.csv,252,true
U00456,BRLS,Borealis Foods Inc. - Class A Common Shares,NASDAQ,FEATURES_PARTIAL,FEATURES_PARTIAL,BRLS,LOCAL_PRICE_READY,local_price_history_exists,outputs\full_universe_source_acquisition\v2_38i_us_price_history_acquisition\us_price_history_raw_v2_38i\U00456.csv,252,true
U00458,BRR,"ProCap Financial, Inc. - Common Stock",NASDAQ,FEATURES_PARTIAL,FEATURES_PARTIAL,BRR,LOCAL_PRICE_READY,local_price_history_exists,outputs\full_universe_source_acquisition\v2_38i_us_price_history_acquisition\us_price_history_raw_v2_38i\U00458.csv,252,true
U00463,BSBK,Bogota Financial Corp. - Common Stock,NASDAQ,FEATURES_PARTIAL,FEATURES_PARTIAL,BSBK,LOCAL_PRICE_READY,local_price_history_exists,outputs\full_universe_source_acquisition\v2_38i_us_price_history_acquisition\us_price_history_raw_v2_38i\U00463.csv,252,true
U00478,BTOG,Bit Origin Limited - Class A Ordinary Shares,NASDAQ,FEATURES_PARTIAL,FEATURES_PARTIAL,BTOG,LOCAL_PRICE_READY,local_price_history_exists,outputs\full_universe_source_acquisition\v2_38i_us_price_history_acquisition\us_price_history_raw_v2_38i\U00478.csv,252,true
U00480,BTTC,Black Titan Corp - Ordinary Shares,NASDAQ,FEATURES_PARTIAL,FEATURES_PARTIAL,BTTC,LOCAL_PRICE_READY,local_price_history_exists,outputs\full_universe_source_acquisition\v2_38i_us_price_history_acquisition\us_price_history_raw_v2_38i\U00480.csv,252,true
U00481,BULL,Webull Corporation - Class A Ordinary Shares,NASDAQ,FEATURES_PARTIAL,FEATURES_PARTIAL,BULL,LOCAL_PRICE_READY,local_price_history_exists,outputs\full_universe_source_acquisition\v2_38i_us_price_history_acquisition\us_price_history_raw_v2_38i\U00481.csv,252,true
U00484,BVC,BitVentures Limited - Ordinary Share,NASDAQ,FEATURES_PARTIAL,FEATURES_PARTIAL,BVC,LOCAL_PRICE_READY,local_price_history_exists,outputs\full_universe_source_acquisition\v2_38i_us_price_history_acquisition\us_price_history_raw_v2_38i\U00484.csv,252,true
U00488,BWEN,"Broadwind, Inc. - Common Stock",NASDAQ,FEATURES_PARTIAL,FEATURES_PARTIAL,BWEN,LOCAL_PRICE_READY,local_price_history_exists,outputs\full_universe_source_acquisition\v2_38i_us_price_history_acquisition\us_price_history_raw_v2_38i\U00488.csv,252,true
U00496,BYSI,"BeyondSpring, Inc. - Ordinary Shares",NASDAQ,FEATURES_PARTIAL,FEATURES_PARTIAL,BYSI,LOCAL_PRICE_READY,local_price_history_exists,outputs\full_universe_source_acquisition\v2_38i_us_price_history_acquisition\us_price_history_raw_v2_38i\U00496.csv,252,true
U00501,CABA,"Cabaletta Bio, Inc. - Common Stock",NASDAQ,FEATURES_PARTIAL,FEATURES_PARTIAL,CABA,LOCAL_PRICE_READY,local_price_history_exists,outputs\full_universe_source_acquisition\v2_38i_us_price_history_acquisition\us_price_history_raw_v2_38i\U00501.csv,252,true
U00502,CABR,"Caring Brands, Inc. - Common Stock",NASDAQ,FEATURES_PARTIAL,FEATURES_PARTIAL,CABR,LOCAL_PRICE_READY,local_price_history_exists,outputs\full_universe_source_acquisition\v2_38i_us_price_history_acquisition\us_price_history_raw_v2_38i\U00502.csv,252,true
U00505,CADL,"Candel Therapeutics, Inc. - Common Stock",NASDAQ,FEATURES_PARTIAL,FEATURES_PARTIAL,CADL,LOCAL_PRICE_READY,local_price_history_exists,outputs\full_universe_source_acquisition\v2_38i_us_price_history_acquisition\us_price_history_raw_v2_38i\U00505.csv,252,true
U00507,CAI,"Caris Life Sciences, Inc. - Common Stock",NASDAQ,FEATURES_PARTIAL,FEATURES_PARTIAL,CAI,LOCAL_PRICE_READY,local_price_history_exists,outputs\full_universe_source_acquisition\v2_38i_us_price_history_acquisition\us_price_history_raw_v2_38i\U00507.csv,252,true
U00510,CALC,"CalciMedica, Inc. - Common Stock",NASDAQ,FEATURES_PARTIAL,FEATURES_PARTIAL,CALC,LOCAL_PRICE_READY,local_price_history_exists,outputs\full_universe_source_acquisition\v2_38i_us_price_history_acquisition\us_price_history_raw_v2_38i\U00510.csv,252,true
U00515,CAPR,"Capricor Therapeutics, Inc. - Common Stock",NASDAQ,FEATURES_PARTIAL,FEATURES_PARTIAL,CAPR,LOCAL_PRICE_READY,local_price_history_exists,outputs\full_universe_source_acquisition\v2_38i_us_price_history_acquisition\us_price_history_raw_v2_38i\U00515.csv,252,true
U00516,CAPS,Capstone Holding Corp. - Common Stock,NASDAQ,FEATURES_PARTIAL,FEATURES_PARTIAL,CAPS,LOCAL_PRICE_READY,local_price_history_exists,outputs\full_universe_source_acquisition\v2_38i_us_price_history_acquisition\us_price_history_raw_v2_38i\U00516.csv,252,true
U00518,CAR,"Avis Budget Group, Inc. - Common Stock",NASDAQ,FEATURES_PARTIAL,FEATURES_PARTIAL,CAR,LOCAL_PRICE_READY,local_price_history_exists,outputs\full_universe_source_acquisition\v2_38i_us_price_history_acquisition\us_price_history_raw_v2_38i\U00518.csv,252,true
U00521,CARL,"Carlsmed, Inc. - Common Stock",NASDAQ,FEATURES_PARTIAL,FEATURES_PARTIAL,CARL,LOCAL_PRICE_READY,local_price_history_exists,outputs\full_universe_source_acquisition\v2_38i_us_price_history_acquisition\us_price_history_raw_v2_38i\U00521.csv,252,true
U00529,CBC,"Central Bancompany, Inc. - Class A Common Stock",NASDAQ,FEATURES_PARTIAL,FEATURES_PARTIAL,CBC,LOCAL_PRICE_READY,local_price_history_exists,outputs\full_universe_source_acquisition\v2_38i_us_price_history_acquisition\us_price_history_raw_v2_38i\U00529.csv,252,true
U00532,CBK,"Commercial Bancgroup, Inc. - Common Stock",NASDAQ,FEATURES_PARTIAL,FEATURES_PARTIAL,CBK,LOCAL_PRICE_READY,local_price_history_exists,outputs\full_universe_source_acquisition\v2_38i_us_price_history_acquisition\us_price_history_raw_v2_38i\U00532.csv,252,true
U00534,CBNK,"Capital Bancorp, Inc. - Common Stock",NASDAQ,FEATURES_PARTIAL,FEATURES_PARTIAL,CBNK,LOCAL_PRICE_READY,local_price_history_exists,outputs\full_universe_source_acquisition\v2_38i_us_price_history_acquisition\us_price_history_raw_v2_38i\U00534.csv,252,true
U00539,CCAP,"Crescent Capital BDC, Inc. - Common Stock",NASDAQ,FEATURES_PARTIAL,FEATURES_PARTIAL,CCAP,LOCAL_PRICE_READY,local_price_history_exists,outputs\full_universe_source_acquisition\v2_38i_us_price_history_acquisition\us_price_history_raw_v2_38i\U00539.csv,252,true
U00546,CCEC,Capital Clean Energy Carriers Corp. - Common Share,NASDAQ,FEATURES_PARTIAL,FEATURES_PARTIAL,CCEC,LOCAL_PRICE_READY,local_price_history_exists,outputs\full_universe_source_acquisition\v2_38i_us_price_history_acquisition\us_price_history_raw_v2_38i\U00546.csv,252,true
U00548,CCG,Cheche Group Inc. - Class A Ordinary Shares,NASDAQ,FEATURES_PARTIAL,FEATURES_PARTIAL,CCG,LOCAL_PRICE_READY,local_price_history_exists,outputs\full_universe_source_acquisition\v2_38i_us_price_history_acquisition\us_price_history_raw_v2_38i\U00548.csv,252,true
U00549,CCHH,CCH Holdings Ltd - Class A Ordinary Shares,NASDAQ,FEATURES_PARTIAL,FEATURES_PARTIAL,CCHH,LOCAL_PRICE_READY,local_price_history_exists,outputs\full_universe_source_acquisition\v2_38i_us_price_history_acquisition\us_price_history_raw_v2_38i\U00549.csv,252,true
U00554,CCOI,"Cogent Communications Holdings, Inc. - Common Stock",NASDAQ,FEATURES_PARTIAL,FEATURES_PARTIAL,CCOI,PENDING_COLLECTION,awaiting_local_price_history,outputs\full_universe_source_acquisition\v2_38i_us_price_history_acquisition\us_price_history_raw_v2_38i\U00554.csv,252,true
U00558,CCXI,Churchill Capital Corp XI - Class A Ordinary Shares,NASDAQ,FEATURES_PARTIAL,FEATURES_PARTIAL,CCXI,PENDING_COLLECTION,awaiting_local_price_history,outputs\full_universe_source_acquisition\v2_38i_us_price_history_acquisition\us_price_history_raw_v2_38i\U00558.csv,252,true
U00563,CDNL,Cardinal Infrastructure Group Inc. - Class A Common Stock,NASDAQ,FEATURES_PARTIAL,FEATURES_PARTIAL,CDNL,PENDING_COLLECTION,awaiting_local_price_history,outputs\full_universe_source_acquisition\v2_38i_us_price_history_acquisition\us_price_history_raw_v2_38i\U00563.csv,252,true
U00566,CDT,CDT Equity Inc. - Common Stock,NASDAQ,FEATURES_PARTIAL,FEATURES_PARTIAL,CDT,PENDING_COLLECTION,awaiting_local_price_history,outputs\full_universe_source_acquisition\v2_38i_us_price_history_acquisition\us_price_history_raw_v2_38i\U00566.csv,252,true
U00573,CELC,Celcuity Inc. - Common Stock,NASDAQ,FEATURES_PARTIAL,FEATURES_PARTIAL,CELC,PENDING_COLLECTION,awaiting_local_price_history,outputs\full_universe_source_acquisition\v2_38i_us_price_history_acquisition\us_price_history_raw_v2_38i\U00573.csv,252,true
U00576,CELZ,"Creative Medical Technology Holdings, Inc. - Common Stock",NASDAQ,FEATURES_PARTIAL,FEATURES_PARTIAL,CELZ,PENDING_COLLECTION,awaiting_local_price_history,outputs\full_universe_source_acquisition\v2_38i_us_price_history_acquisition\us_price_history_raw_v2_38i\U00576.csv,252,true
U00577,CENN,Cenntro Inc. - Common Stock,NASDAQ,FEATURES_PARTIAL,FEATURES_PARTIAL,CENN,PENDING_COLLECTION,awaiting_local_price_history,outputs\full_universe_source_acquisition\v2_38i_us_price_history_acquisition\us_price_history_raw_v2_38i\U00577.csv,252,true
U00581,CEPF,"Cantor Equity Partners IV, Inc. - Class A Ordinary Shares",NASDAQ,FEATURES_PARTIAL,FEATURES_PARTIAL,CEPF,PENDING_COLLECTION,awaiting_local_price_history,outputs\full_universe_source_acquisition\v2_38i_us_price_history_acquisition\us_price_history_raw_v2_38i\U00581.csv,252,true
U00582,CEPO,"Cantor Equity Partners I, Inc. - Class A Ordinary Shares",NASDAQ,FEATURES_PARTIAL,FEATURES_PARTIAL,CEPO,PENDING_COLLECTION,awaiting_local_price_history,outputs\full_universe_source_acquisition\v2_38i_us_price_history_acquisition\us_price_history_raw_v2_38i\U00582.csv,252,true
U00583,CEPS,"Cantor Equity Partners VI, Inc. - Class A Ordinary Shares",NASDAQ,FEATURES_PARTIAL,FEATURES_PARTIAL,CEPS,PENDING_COLLECTION,awaiting_local_price_history,outputs\full_universe_source_acquisition\v2_38i_us_price_history_acquisition\us_price_history_raw_v2_38i\U00583.csv,252,true
U00584,CEPV,"Cantor Equity Partners V, Inc. - Class A Ordinary Shares",NASDAQ,FEATURES_PARTIAL,FEATURES_PARTIAL,CEPV,PENDING_COLLECTION,awaiting_local_price_history,outputs\full_universe_source_acquisition\v2_38i_us_price_history_acquisition\us_price_history_raw_v2_38i\U00584.csv,252,true
U00589,CEVA,"CEVA, Inc. - Common Stock",NASDAQ,FEATURES_PARTIAL,FEATURES_PARTIAL,CEVA,PENDING_COLLECTION,awaiting_local_price_history,outputs\full_universe_source_acquisition\v2_38i_us_price_history_acquisition\us_price_history_raw_v2_38i\U00589.csv,252,true
U00595,CGC,Canopy Growth Corporation - Common Shares,NASDAQ,FEATURES_PARTIAL,FEATURES_PARTIAL,CGC,PENDING_COLLECTION,awaiting_local_price_history,outputs\full_universe_source_acquisition\v2_38i_us_price_history_acquisition\us_price_history_raw_v2_38i\U00595.csv,252,true
U00596,CGEM,"Cullinan Therapeutics, Inc. - Common Stock",NASDAQ,FEATURES_PARTIAL,FEATURES_PARTIAL,CGEM,PENDING_COLLECTION,awaiting_local_price_history,outputs\full_universe_source_acquisition\v2_38i_us_price_history_acquisition\us_price_history_raw_v2_38i\U00596.csv,252,true
U00598,CGNT,Cognyte Software Ltd. - Ordinary Shares,NASDAQ,FEATURES_PARTIAL,FEATURES_PARTIAL,CGNT,PENDING_COLLECTION,awaiting_local_price_history,outputs\full_universe_source_acquisition\v2_38i_us_price_history_acquisition\us_price_history_raw_v2_38i\U00598.csv,252,true
U00601,CGON,"CG Oncology, Inc. - Common stock",NASDAQ,FEATURES_PARTIAL,FEATURES_PARTIAL,CGON,PENDING_COLLECTION,awaiting_local_price_history,outputs\full_universe_source_acquisition\v2_38i_us_price_history_acquisition\us_price_history_raw_v2_38i\U00601.csv,252,true
U00603,CGTX,"Cognition Therapeutics, Inc. - Common Stock",NASDAQ,FEATURES_PARTIAL,FEATURES_PARTIAL,CGTX,PENDING_COLLECTION,awaiting_local_price_history,outputs\full_universe_source_acquisition\v2_38i_us_price_history_acquisition\us_price_history_raw_v2_38i\U00603.csv,252,true
U00604,CHAI,"Core AI Holdings, Inc. - Common Shares",NASDAQ,FEATURES_PARTIAL,FEATURES_PARTIAL,CHAI,PENDING_COLLECTION,awaiting_local_price_history,outputs\full_universe_source_acquisition\v2_38i_us_price_history_acquisition\us_price_history_raw_v2_38i\U00604.csv,252,true
U00608,CHDN,"Churchill Downs, Incorporated - Common Stock",NASDAQ,FEATURES_PARTIAL,FEATURES_PARTIAL,CHDN,PENDING_COLLECTION,awaiting_local_price_history,outputs\full_universe_source_acquisition\v2_38i_us_price_history_acquisition\us_price_history_raw_v2_38i\U00608.csv,252,true
U00618,CHRN,ChronoScale Holdings Corporation - Common Stock,NASDAQ,FEATURES_PARTIAL,FEATURES_PARTIAL,CHRN,PENDING_COLLECTION,awaiting_local_price_history,outputs\full_universe_source_acquisition\v2_38i_us_price_history_acquisition\us_price_history_raw_v2_38i\U00618.csv,252,true
U00619,CHRS,"Coherus Oncology, Inc. - Common Stock",NASDAQ,FEATURES_PARTIAL,FEATURES_PARTIAL,CHRS,PENDING_COLLECTION,awaiting_local_price_history,outputs\full_universe_source_acquisition\v2_38i_us_price_history_acquisition\us_price_history_raw_v2_38i\U00619.csv,252,true
U00625,CHYM,"Chime Financial, Inc. - Class A Common Stock",NASDAQ,FEATURES_PARTIAL,FEATURES_PARTIAL,CHYM,PENDING_COLLECTION,awaiting_local_price_history,outputs\full_universe_source_acquisition\v2_38i_us_price_history_acquisition\us_price_history_raw_v2_38i\U00625.csv,252,true
U00627,CIGI,Colliers International Group Inc. - Subordinate Voting Shares,NASDAQ,FEATURES_PARTIAL,FEATURES_PARTIAL,CIGI,PENDING_COLLECTION,awaiting_local_price_history,outputs\full_universe_source_acquisition\v2_38i_us_price_history_acquisition\us_price_history_raw_v2_38i\U00627.csv,252,true
U00630,CING,Cingulate Inc. - Common Stock,NASDAQ,FEATURES_PARTIAL,FEATURES_PARTIAL,CING,PENDING_COLLECTION,awaiting_local_price_history,outputs\full_universe_source_acquisition\v2_38i_us_price_history_acquisition\us_price_history_raw_v2_38i\U00630.csv,252,true
U00640,CLFD,"Clearfield, Inc. - Common Stock",NASDAQ,FEATURES_PARTIAL,FEATURES_PARTIAL,CLFD,PENDING_COLLECTION,awaiting_local_price_history,outputs\full_universe_source_acquisition\v2_38i_us_price_history_acquisition\us_price_history_raw_v2_38i\U00640.csv,252,true
U00642,CLIK,Click Holdings Limited - Ordinary Share,NASDAQ,FEATURES_PARTIAL,FEATURES_PARTIAL,CLIK,PENDING_COLLECTION,awaiting_local_price_history,outputs\full_universe_source_acquisition\v2_38i_us_price_history_acquisition\us_price_history_raw_v2_38i\U00642.csv,252,true
U00643,CLIR,ClearSign Technologies Corporation - Common Stock,NASDAQ,FEATURES_PARTIAL,FEATURES_PARTIAL,CLIR,PENDING_COLLECTION,awaiting_local_price_history,outputs\full_universe_source_acquisition\v2_38i_us_price_history_acquisition\us_price_history_raw_v2_38i\U00643.csv,252,true
U00651,CLRB,"Cellectar Biosciences, Inc. - Common Stock",NASDAQ,FEATURES_PARTIAL,FEATURES_PARTIAL,CLRB,PENDING_COLLECTION,awaiting_local_price_history,outputs\full_universe_source_acquisition\v2_38i_us_price_history_acquisition\us_price_history_raw_v2_38i\U00651.csv,252,true
U00652,CLRO,"ClearOne, Inc. - Common Stock",NASDAQ,FEATURES_PARTIAL,FEATURES_PARTIAL,CLRO,PENDING_COLLECTION,awaiting_local_price_history,outputs\full_universe_source_acquisition\v2_38i_us_price_history_acquisition\us_price_history_raw_v2_38i\U00652.csv,252,true
U00654,CLST,"Catalyst Bancorp, Inc. - common stock",NASDAQ,FEATURES_PARTIAL,FEATURES_PARTIAL,CLST,PENDING_COLLECTION,awaiting_local_price_history,outputs\full_universe_source_acquisition\v2_38i_us_price_history_acquisition\us_price_history_raw_v2_38i\U00654.csv,252,true
U00656,CLYM,"Climb Bio, Inc. - Common Stock",NASDAQ,FEATURES_PARTIAL,FEATURES_PARTIAL,CLYM,PENDING_COLLECTION,awaiting_local_price_history,outputs\full_universe_source_acquisition\v2_38i_us_price_history_acquisition\us_price_history_raw_v2_38i\U00656.csv,252,true
U00100,AIAI,AIAI Holdings Corporation - Class A common stock,NASDAQ,SEC_READY_OTHER,INSUFFICIENT_FEATURE_EVIDENCE,AIAI,PENDING_COLLECTION,awaiting_local_price_history,outputs\full_universe_source_acquisition\v2_38i_us_price_history_acquisition\us_price_history_raw_v2_38i\U00100.csv,252,true
U00125,AKTS,"Aktis Oncology, Inc. - Common stock",NASDAQ,SEC_READY_OTHER,INSUFFICIENT_FEATURE_EVIDENCE,AKTS,PENDING_COLLECTION,awaiting_local_price_history,outputs\full_universe_source_acquisition\v2_38i_us_price_history_acquisition\us_price_history_raw_v2_38i\U00125.csv,252,true
U00145,ALMR,"Alamar Biosciences, Inc. - Class A common stock",NASDAQ,SEC_READY_OTHER,INSUFFICIENT_FEATURE_EVIDENCE,ALMR,PENDING_COLLECTION,awaiting_local_price_history,outputs\full_universe_source_acquisition\v2_38i_us_price_history_acquisition\us_price_history_raw_v2_38i\U00145.csv,252,true
U00181,AMSS,AMASS Brands Inc. - Common Stock,NASDAQ,SEC_READY_OTHER,INSUFFICIENT_FEATURE_EVIDENCE,AMSS,PENDING_COLLECTION,awaiting_local_price_history,outputs\full_universe_source_acquisition\v2_38i_us_price_history_acquisition\us_price_history_raw_v2_38i\U00181.csv,252,true
U00204,APC,ARKO Petroleum Corp. - Class A Common Stock,NASDAQ,SEC_READY_OTHER,INSUFFICIENT_FEATURE_EVIDENCE,APC,PENDING_COLLECTION,awaiting_local_price_history,outputs\full_universe_source_acquisition\v2_38i_us_price_history_acquisition\us_price_history_raw_v2_38i\U00204.csv,252,true
U00218,APUR,Aperture AC - Class A Ordinary Shares,NASDAQ,SEC_READY_OTHER,INSUFFICIENT_FEATURE_EVIDENCE,APUR,PENDING_COLLECTION,awaiting_local_price_history,outputs\full_universe_source_acquisition\v2_38i_us_price_history_acquisition\us_price_history_raw_v2_38i\U00218.csv,252,true
U00232,ARCI,Archimedes Tech SPAC Partners III Co. - Ordinary Share,NASDAQ,SEC_READY_OTHER,INSUFFICIENT_FEATURE_EVIDENCE,ARCI,PENDING_COLLECTION,awaiting_local_price_history,outputs\full_universe_source_acquisition\v2_38i_us_price_history_acquisition\us_price_history_raw_v2_38i\U00232.csv,252,true
U00252,ARXS,"Arxis, Inc. - Class A Common Stock",NASDAQ,SEC_READY_OTHER,INSUFFICIENT_FEATURE_EVIDENCE,ARXS,PENDING_COLLECTION,awaiting_local_price_history,outputs\full_universe_source_acquisition\v2_38i_us_price_history_acquisition\us_price_history_raw_v2_38i\U00252.csv,252,true
U00303,AVAT,Avalanche Treasury Corporation - Class A Common Stock,NASDAQ,SEC_READY_OTHER,INSUFFICIENT_FEATURE_EVIDENCE,AVAT,PENDING_COLLECTION,awaiting_local_price_history,outputs\full_universe_source_acquisition\v2_38i_us_price_history_acquisition\us_price_history_raw_v2_38i\U00303.csv,252,true
U00309,AVLN,Avalyn Pharma Inc. - common stock,NASDAQ,SEC_READY_OTHER,INSUFFICIENT_FEATURE_EVIDENCE,AVLN,PENDING_COLLECTION,awaiting_local_price_history,outputs\full_universe_source_acquisition\v2_38i_us_price_history_acquisition\us_price_history_raw_v2_38i\U00309.csv,252,true
U00460,BRUN,Boost Run Inc. - Class A Common Stock,NASDAQ,SEC_READY_OTHER,INSUFFICIENT_FEATURE_EVIDENCE,BRUN,PENDING_COLLECTION,awaiting_local_price_history,outputs\full_universe_source_acquisition\v2_38i_us_price_history_acquisition\us_price_history_raw_v2_38i\U00460.csv,252,true
U00506,CAES,"Cantor Equity Partners VII, Inc. - Class A Ordinary Shares",NASDAQ,SEC_READY_OTHER,INSUFFICIENT_FEATURE_EVIDENCE,CAES,PENDING_COLLECTION,awaiting_local_price_history,outputs\full_universe_source_acquisition\v2_38i_us_price_history_acquisition\us_price_history_raw_v2_38i\U00506.csv,252,true
U00525,CAST,"FreeCast, Inc. - Class A common stock",NASDAQ,SEC_READY_OTHER,INSUFFICIENT_FEATURE_EVIDENCE,CAST,PENDING_COLLECTION,awaiting_local_price_history,outputs\full_universe_source_acquisition\v2_38i_us_price_history_acquisition\us_price_history_raw_v2_38i\U00525.csv,252,true
U00536,CBRS,Cerebras Systems Inc. - Class A Common Stock,NASDAQ,SEC_READY_OTHER,INSUFFICIENT_FEATURE_EVIDENCE,CBRS,PENDING_COLLECTION,awaiting_local_price_history,outputs\full_universe_source_acquisition\v2_38i_us_price_history_acquisition\us_price_history_raw_v2_38i\U00536.csv,252,true
U00637,CLBK,"Columbia Financial, Inc. - Common Stock",NASDAQ,SEC_READY_OTHER,INSUFFICIENT_FEATURE_EVIDENCE,CLBK,PENDING_COLLECTION,awaiting_local_price_history,outputs\full_universe_source_acquisition\v2_38i_us_price_history_acquisition\us_price_history_raw_v2_38i\U00637.csv,252,true
