asset_id,ticker,company_name,exchange,cik,source_priority,candidate_matrix_status,fundamental_quality_status,price_quality_status,evidence_level,missing_reason,revenue_growth_yoy,revenue_growth_3y,gross_margin,operating_margin,net_margin,free_cash_flow_margin,debt_to_assets,cash_to_assets,shares_dilution_flag,profitability_positive_flag,growth_positive_flag,balance_sheet_risk_flag,return_1m,return_3m,return_6m,return_12m,volatility_3m,volatility_6m,max_drawdown_6m,max_drawdown_12m,price_vs_sma_50,price_vs_sma_200,sma_50_vs_sma_200,trend_positive_flag,recent_high_breakout_flag,near_52w_high_flag,recovery_from_drawdown_flag,avg_volume_1m,avg_volume_3m,liquidity_available_flag,fundamental_signal_summary,price_signal_summary,risk_signal_summary,evidence_notes,scoring_calculated,ranking_calculated,recommendation_generated,phase
U00006,AAL,"American Airlines Group, Inc. - Common Stock",NASDAQ,0000006201,fundamental_and_price,CANDIDATE_MATRIX_PARTIAL_FUNDAMENTALS,FEATURES_PARTIAL,PRICE_FEATURES_READY,medium,fundamental_features_missing_or_partial,0.007784,,,,0.002032,,,,,true,true,false,-0.192643,-0.070352,0.039326,-0.031414,0.510628,0.507547,-0.286501,-0.373924,-0.164462,-0.069831,0.113258,false,false,false,false,57226484.428571,106182632.904762,true,revenue growth positive; net margin positive; positive FCF flag false,3m return non-positive; 12m return non-positive; trend flag false,12m drawdown within tracked range,Prepared for future scoring; no recommendation language or ranking emitted.,False,False,False,v2.38J-us-candidate-feature-matrix
U00007,AAME,Atlantic American Corporation - Common Stock,NASDAQ,0000008177,fundamental_and_price,CANDIDATE_MATRIX_READY,FEATURES_READY,PRICE_FEATURES_READY,high,,0.007677,,,,-0.022675,0.024306,0.746808,,,true,true,false,-0.136943,-0.332512,-0.478846,-0.597923,0.672179,0.584905,-0.537634,-0.626087,-0.123715,-0.402485,-0.318127,false,false,false,false,157546.190476,63086.825397,true,revenue growth positive; net margin non-positive; positive FCF flag true,3m return non-positive; 12m return non-positive; trend flag false,balance-sheet leverage not elevated; 12m drawdown severe,Prepared for future scoring; no recommendation language or ranking emitted.,False,False,False,v2.38J-us-candidate-feature-matrix
U00008,AAOI,"Applied Optoelectronics, Inc. - Common Stock",NASDAQ,0001158114,fundamental_and_price,CANDIDATE_MATRIX_READY,FEATURES_READY,PRICE_FEATURES_READY,high,,0.827502,,,,-0.083886,-0.775871,0.371873,,,false,true,false,-0.061882,-0.489104,0.084435,3.272314,1.4143,1.470183,-0.657015,-0.657015,-0.139207,0.03096,0.197686,false,false,false,false,11932363.095238,11641311.507937,true,revenue growth positive; net margin non-positive; positive FCF flag false,3m return non-positive; 12m return positive; trend flag false,balance-sheet leverage not elevated; 12m drawdown severe,Prepared for future scoring; no recommendation language or ranking emitted.,False,False,False,v2.38J-us-candidate-feature-matrix
U00009,AAON,"AAON, Inc. - Common Stock",NASDAQ,0000824142,fundamental_and_price,CANDIDATE_MATRIX_PARTIAL_FUNDAMENTALS,FEATURES_PARTIAL,PRICE_FEATURES_READY,medium,fundamental_features_missing_or_partial,,,,,,,,,,false,false,false,-0.185933,-0.474913,-0.209588,-0.091621,0.569568,0.718622,-0.491737,-0.491737,-0.238341,-0.23734,0.001315,false,false,false,false,1204422.285714,1092405.84127,true,positive FCF flag false,3m return non-positive; 12m return non-positive; trend flag false,12m drawdown within tracked range,Prepared for future scoring; no recommendation language or ranking emitted.,False,False,False,v2.38J-us-candidate-feature-matrix
U00011,AAPL,Apple Inc. - Common Stock,NASDAQ,0000320193,fundamental_and_price,CANDIDATE_MATRIX_READY,FEATURES_READY,PRICE_FEATURES_READY,high,,0.064255,,,,0.269151,0.237329,0.794753,,,true,true,true,0.071551,0.031504,0.23272,0.400577,0.319274,0.272475,-0.127062,-0.13823,0.038956,0.148591,0.105525,true,false,true,false,41894743.380952,54944258.904762,true,revenue growth positive; net margin positive; positive FCF flag true,3m return positive; 12m return positive; trend flag true,balance-sheet leverage elevated; 12m drawdown within tracked range,Prepared for future scoring; no recommendation language or ranking emitted.,False,False,False,v2.38J-us-candidate-feature-matrix
U00012,AARD,"Aardvark Therapeutics, Inc. - Common Stock",NASDAQ,0001774857,fundamental_and_price,CANDIDATE_MATRIX_PARTIAL_FUNDAMENTALS,FEATURES_PARTIAL,PRICE_FEATURES_READY,medium,fundamental_features_missing_or_partial,,,,,,,0.090015,,,false,false,false,-0.163842,0.491184,0.208163,-0.286747,1.589952,1.368049,-0.482912,-0.800115,-0.054117,-0.263459,-0.22132,false,false,false,true,128655.142857,249183.460317,true,positive FCF flag false,3m return positive; 12m return non-positive; trend flag false,balance-sheet leverage not elevated; 12m drawdown severe,Prepared for future scoring; no recommendation language or ranking emitted.,False,False,False,v2.38J-us-candidate-feature-matrix
U00013,ABAT,American Battery Technology Company - Common Stock,NASDAQ,0001576873,fundamental_and_price,CANDIDATE_MATRIX_PARTIAL_FUNDAMENTALS,FEATURES_PARTIAL,PRICE_FEATURES_READY,medium,fundamental_features_missing_or_partial,11.489735,,,,-10.89981,,0.164091,,,false,true,false,0.21028,-0.34264,-0.26,0.048583,0.950069,0.863606,-0.482234,-0.819947,0.035876,-0.223761,-0.250644,false,false,false,false,3218338.095238,5076347.619048,true,revenue growth positive; net margin non-positive; positive FCF flag false,3m return non-positive; 12m return positive; trend flag false,balance-sheet leverage not elevated; 12m drawdown severe,Prepared for future scoring; no recommendation language or ranking emitted.,False,False,False,v2.38J-us-candidate-feature-matrix
U00014,ABCL,AbCellera Biologics Inc. - Common Shares,NASDAQ,0001703057,fundamental_and_price,CANDIDATE_MATRIX_READY,FEATURES_READY,PRICE_FEATURES_READY,high,,1.605625,,,,-1.948834,-2.316939,0.287443,,,false,true,false,0.93482,0.840131,2.040431,1.698565,1.151838,0.948684,-0.353448,-0.549433,0.393453,1.24746,0.612871,true,false,true,true,10230200.761905,7762909.777778,true,revenue growth positive; net margin non-positive; positive FCF flag false,3m return positive; 12m return positive; trend flag true,balance-sheet leverage not elevated; 12m drawdown severe,Prepared for future scoring; no recommendation language or ranking emitted.,False,False,False,v2.38J-us-candidate-feature-matrix
U00015,ABEO,Abeona Therapeutics Inc. - Common Stock,NASDAQ,0000318306,fundamental_and_price,CANDIDATE_MATRIX_READY,FEATURES_READY,PRICE_FEATURES_READY,high,,0.662857,,,,12.230756,-14.484708,0.274874,,,true,true,false,-0.064163,0.050967,0.210526,-0.124451,0.566717,0.520715,-0.215818,-0.4,-0.066267,0.092557,0.170095,false,false,false,false,1566365.714286,1383801.269841,true,revenue growth positive; net margin positive; positive FCF flag false,3m return positive; 12m return non-positive; trend flag false,balance-sheet leverage not elevated; 12m drawdown within tracked range,Prepared for future scoring; no recommendation language or ranking emitted.,False,False,False,v2.38J-us-candidate-feature-matrix
U00016,ABLV,Able View Global Inc. - Class B Ordinary Shares,NASDAQ,0001957489,fundamental_and_price,CANDIDATE_MATRIX_READY,FEATURES_READY,PRICE_FEATURES_READY,high,,-0.184044,,,,0.007795,0.011109,0.775046,,,true,false,true,0.350649,-0.079646,0.630094,0.229314,0.89064,1.066584,-0.42437,-0.528455,0.092919,0.262182,0.154872,true,false,false,false,33103.619048,63121.84127,true,revenue growth non-positive; net margin positive; positive FCF flag true,3m return non-positive; 12m return positive; trend flag true,balance-sheet leverage elevated; 12m drawdown severe,Prepared for future scoring; no recommendation language or ranking emitted.,False,False,False,v2.38J-us-candidate-feature-matrix
U00017,ABNB,"Airbnb, Inc. - Class A Common Stock",NASDAQ,0001559720,fundamental_and_price,CANDIDATE_MATRIX_READY,FEATURES_READY,PRICE_FEATURES_READY,high,,0.102594,,,,0.20513,,0.630809,,,true,true,false,0.211796,0.358727,0.372106,0.398491,0.467972,0.397719,-0.104591,-0.172128,0.137662,0.318384,0.158854,true,false,true,false,5738879.095238,4356310.492063,true,revenue growth positive; net margin positive; positive FCF flag false,3m return positive; 12m return positive; trend flag true,balance-sheet leverage not elevated; 12m drawdown within tracked range,Prepared for future scoring; no recommendation language or ranking emitted.,False,False,False,v2.38J-us-candidate-feature-matrix
U00018,ABOS,"Acumen Pharmaceuticals, Inc. - Common Stock",NASDAQ,0001576885,fundamental_and_price,CANDIDATE_MATRIX_PARTIAL_FUNDAMENTALS,FEATURES_PARTIAL,PRICE_FEATURES_READY,medium,fundamental_features_missing_or_partial,,,,,,,0.42662,,,false,false,false,0.33945,0.232068,-0.117825,1.147059,0.72509,0.697573,-0.373887,-0.373887,0.151193,0.205615,0.047275,true,false,false,true,352625.809524,467056.222222,true,positive FCF flag false,3m return positive; 12m return positive; trend flag true,balance-sheet leverage not elevated; 12m drawdown within tracked range,Prepared for future scoring; no recommendation language or ranking emitted.,False,False,False,v2.38J-us-candidate-feature-matrix
U00019,ABSI,Absci Corporation - Common Stock,NASDAQ,0001672688,fundamental_and_price,CANDIDATE_MATRIX_PARTIAL_FUNDAMENTALS,FEATURES_PARTIAL,PRICE_FEATURES_READY,medium,fundamental_features_missing_or_partial,,,,,,,0.124126,,,false,false,false,0.114754,0.392126,2.439689,2.698745,1.2423,1.141354,-0.406196,-0.54,-0.046571,0.705156,0.788447,false,false,false,true,2787547.761905,4835776.238095,true,positive FCF flag false,3m return positive; 12m return positive; trend flag false,balance-sheet leverage not elevated; 12m drawdown severe,Prepared for future scoring; no recommendation language or ranking emitted.,False,False,False,v2.38J-us-candidate-feature-matrix
U00020,ABTC,American Bitcoin Corp. - Class A Common Stock,NASDAQ,0001755953,fundamental_and_price,CANDIDATE_MATRIX_READY,FEATURES_READY,PRICE_FEATURES_READY,high,,8.015239,,,,-0.827218,-0.465603,0.465854,,,false,true,false,0.317949,6.740964,6.485437,0.001299,28.251047,19.979318,-0.580597,-0.939635,0.342294,1.97394,1.215566,true,false,false,true,1635317.952381,6829753.603175,true,revenue growth positive; net margin non-positive; positive FCF flag false,3m return positive; 12m return positive; trend flag true,balance-sheet leverage not elevated; 12m drawdown severe,Prepared for future scoring; no recommendation language or ranking emitted.,False,False,False,v2.38J-us-candidate-feature-matrix
U00021,ABTS,Abits Group Inc - Ordinary Shares,NASDAQ,0001864055,fundamental_and_price,CANDIDATE_MATRIX_READY,FEATURES_READY,PRICE_FEATURES_READY,high,,0.360209,,,,-0.314339,-0.184801,0.287106,,,false,true,false,0.445199,-0.422481,-0.404,-0.603723,1.368113,2.126554,-0.720275,-0.92074,0.202175,-0.446976,-0.53998,false,false,false,false,119763.952381,256632.428571,true,revenue growth positive; net margin non-positive; positive FCF flag false,3m return non-positive; 12m return non-positive; trend flag false,balance-sheet leverage not elevated; 12m drawdown severe,Prepared for future scoring; no recommendation language or ranking emitted.,False,False,False,v2.38J-us-candidate-feature-matrix
U00022,ABUS,Arbutus Biopharma Corporation - Common Stock,NASDAQ,0001447028,fundamental_and_price,CANDIDATE_MATRIX_READY,FEATURES_READY,PRICE_FEATURES_READY,high,,1.282126,,,,-2.378826,-2.814528,0.190683,,,false,true,false,0.167431,0.194836,0.085288,0.371968,0.415411,0.428384,-0.178161,-0.258586,0.080312,0.13578,0.051344,true,false,true,true,3939830.380952,2790864.095238,true,revenue growth positive; net margin non-positive; positive FCF flag false,3m return positive; 12m return positive; trend flag true,balance-sheet leverage not elevated; 12m drawdown within tracked range,Prepared for future scoring; no recommendation language or ranking emitted.,False,False,False,v2.38J-us-candidate-feature-matrix
U00023,ABVC,"ABVC BioPharma, Inc. - Common Stock",NASDAQ,0001173313,fundamental_and_price,CANDIDATE_MATRIX_PARTIAL_FUNDAMENTALS,FEATURES_PARTIAL,PRICE_FEATURES_READY,medium,fundamental_features_missing_or_partial,0.0,,,,-15.519475,,0.368657,,,false,false,false,-0.206731,-0.34,-0.419014,-0.708481,1.040498,0.987233,-0.64802,-0.783891,-0.29866,-0.464553,-0.236538,false,false,false,false,108504.761905,136644.444444,true,revenue growth non-positive; net margin non-positive; positive FCF flag false,3m return non-positive; 12m return non-positive; trend flag false,balance-sheet leverage not elevated; 12m drawdown severe,Prepared for future scoring; no recommendation language or ranking emitted.,False,False,False,v2.38J-us-candidate-feature-matrix
U00025,ACAD,ACADIA Pharmaceuticals Inc. - Common Stock,NASDAQ,0001070494,fundamental_and_price,CANDIDATE_MATRIX_READY,FEATURES_READY,PRICE_FEATURES_READY,high,,0.118718,,,,0.364907,0.098129,0.215322,,,true,true,false,0.128075,0.382958,0.284,0.111581,0.351771,0.366517,-0.131253,-0.275837,0.070642,0.184026,0.105903,true,false,true,true,1732176.428571,1614979.444444,true,revenue growth positive; net margin positive; positive FCF flag true,3m return positive; 12m return positive; trend flag true,balance-sheet leverage not elevated; 12m drawdown within tracked range,Prepared for future scoring; no recommendation language or ranking emitted.,False,False,False,v2.38J-us-candidate-feature-matrix
U00027,ACCL,Acco Group Holdings Limited - Class A Ordinary Shares,NASDAQ,0002038378,fundamental_and_price,CANDIDATE_MATRIX_PARTIAL_PRICE,FEATURES_READY,PRICE_FEATURES_PARTIAL,medium,price_features_missing_or_partial,,,,,0.21057,0.312219,0.440677,,,true,false,false,0.292576,1.055556,1.041379,,0.797909,0.691335,-0.196319,,0.277801,0.385233,0.084076,true,false,false,false,41486.619048,449979.666667,true,net margin positive; positive FCF flag true,3m return positive; trend flag true,balance-sheet leverage not elevated,Prepared for future scoring; no recommendation language or ranking emitted.,False,False,False,v2.38J-us-candidate-feature-matrix
U00028,ACDC,ProFrac Holding Corp. - Class A Common Stock,NASDAQ,0001881487,fundamental_and_price,CANDIDATE_MATRIX_READY,FEATURES_READY,PRICE_FEATURES_READY,high,,-0.113698,,,,-0.19003,0.010094,0.657728,,,true,false,false,0.214112,-0.316438,-0.003992,0.2475,0.960112,0.888152,-0.552109,-0.552109,0.023548,-0.076712,-0.097954,false,false,false,false,1973365.285714,1624118.587302,true,revenue growth non-positive; net margin non-positive; positive FCF flag true,3m return non-positive; 12m return positive; trend flag false,balance-sheet leverage not elevated; 12m drawdown severe,Prepared for future scoring; no recommendation language or ranking emitted.,False,False,False,v2.38J-us-candidate-feature-matrix
U00029,ACET,"Adicet Bio, Inc. - Common Stock",NASDAQ,0001720580,fundamental_and_price,CANDIDATE_MATRIX_PARTIAL_FUNDAMENTALS,FEATURES_PARTIAL,PRICE_FEATURES_READY,medium,fundamental_features_missing_or_partial,,,,,,,0.172312,,,false,false,false,0.002165,0.1418,0.319088,-0.196181,0.636831,0.686761,-0.22449,-0.632812,0.072628,0.145823,0.068238,true,false,false,false,95009.52381,90941.269841,true,positive FCF flag false,3m return positive; 12m return non-positive; trend flag true,balance-sheet leverage not elevated; 12m drawdown severe,Prepared for future scoring; no recommendation language or ranking emitted.,False,False,False,v2.38J-us-candidate-feature-matrix
U00030,ACFN,"Acorn Energy, Inc. - Common Stock",NASDAQ,0000880984,fundamental_and_price,CANDIDATE_MATRIX_READY,FEATURES_READY,PRICE_FEATURES_READY,high,,0.044784,,,,0.218679,,0.376331,,,true,true,false,0.027331,0.12434,-0.148,-0.306941,0.522621,0.624527,-0.274862,-0.581099,0.023328,0.078684,0.054095,true,false,false,false,67418.285714,29141.015873,true,revenue growth positive; net margin positive; positive FCF flag false,3m return positive; 12m return non-positive; trend flag true,balance-sheet leverage not elevated; 12m drawdown severe,Prepared for future scoring; no recommendation language or ranking emitted.,False,False,False,v2.38J-us-candidate-feature-matrix
U00032,ACGL,Arch Capital Group Ltd. - Common Stock,NASDAQ,0000947484,fundamental_and_price,CANDIDATE_MATRIX_READY,FEATURES_READY,PRICE_FEATURES_READY,high,,0.142718,,,,0.220734,,0.694527,,,true,true,false,-0.024822,0.125428,-0.018611,0.077352,0.228919,0.220961,-0.113606,-0.140812,-0.011936,0.027141,0.039549,false,false,true,false,1748943.619048,1975771.68254,true,revenue growth positive; net margin positive; positive FCF flag false,3m return positive; 12m return positive; trend flag false,balance-sheet leverage not elevated; 12m drawdown within tracked range,Prepared for future scoring; no recommendation language or ranking emitted.,False,False,False,v2.38J-us-candidate-feature-matrix
U00033,ACHC,"Acadia Healthcare Company, Inc. - Common Stock",NASDAQ,0001520697,fundamental_and_price,CANDIDATE_MATRIX_READY,FEATURES_READY,PRICE_FEATURES_READY,high,,0.050351,,,,-0.332885,-0.132792,0.612741,,,false,true,false,-0.076496,0.156839,0.228795,0.230401,0.643995,0.584484,-0.242628,-0.571061,-0.07189,0.241166,0.337305,false,false,false,true,1667023.809524,2763065.079365,true,revenue growth positive; net margin non-positive; positive FCF flag false,3m return positive; 12m return positive; trend flag false,balance-sheet leverage not elevated; 12m drawdown severe,Prepared for future scoring; no recommendation language or ranking emitted.,False,False,False,v2.38J-us-candidate-feature-matrix
U00034,ACHV,"Achieve Life Sciences, Inc. - Common Shares",NASDAQ,0000949858,fundamental_and_price,CANDIDATE_MATRIX_PARTIAL_FUNDAMENTALS,FEATURES_PARTIAL,PRICE_FEATURES_READY,medium,fundamental_features_missing_or_partial,,,,,,,0.485092,,,false,false,false,0.310665,0.723577,0.851528,1.90411,0.612915,0.947,-0.397727,-0.545455,0.24585,0.661117,0.33332,true,false,true,true,1363609.52381,1797550.793651,true,positive FCF flag false,3m return positive; 12m return positive; trend flag true,balance-sheet leverage not elevated; 12m drawdown severe,Prepared for future scoring; no recommendation language or ranking emitted.,False,False,False,v2.38J-us-candidate-feature-matrix
U00035,ACIC,American Coastal Insurance Corporation - Common Stock,NASDAQ,0001401521,fundamental_and_price,CANDIDATE_MATRIX_READY,FEATURES_READY,PRICE_FEATURES_READY,high,,0.13073,,,,0.318499,0.211275,0.703966,,,true,true,false,-0.143641,-0.102589,-0.193103,-0.152941,0.356167,0.355156,-0.250612,-0.295472,-0.097222,-0.158829,-0.068242,false,false,false,false,295922.761905,301464.730159,true,revenue growth positive; net margin positive; positive FCF flag true,3m return non-positive; 12m return non-positive; trend flag false,balance-sheet leverage not elevated; 12m drawdown within tracked range,Prepared for future scoring; no recommendation language or ranking emitted.,False,False,False,v2.38J-us-candidate-feature-matrix
U00037,ACIW,"ACI Worldwide, Inc. - Common Stock",NASDAQ,0000935036,fundamental_and_price,CANDIDATE_MATRIX_READY,FEATURES_READY,PRICE_FEATURES_READY,high,,0.103804,,,,0.128799,0.176115,0.510749,,,true,true,false,-0.107025,0.172043,0.237141,0.038095,0.36449,0.361115,-0.148721,-0.282544,-0.054354,0.109436,0.173205,false,false,false,true,1064604.666667,1049806.31746,true,revenue growth positive; net margin positive; positive FCF flag true,3m return positive; 12m return positive; trend flag false,balance-sheet leverage not elevated; 12m drawdown within tracked range,Prepared for future scoring; no recommendation language or ranking emitted.,False,False,False,v2.38J-us-candidate-feature-matrix
U00038,ACLS,"Axcelis Technologies, Inc. - Common Stock",NASDAQ,0001113232,fundamental_and_price,CANDIDATE_MATRIX_READY,FEATURES_READY,PRICE_FEATURES_READY,high,,-0.175679,,,,0.143303,0.127537,0.239963,,,true,false,false,-0.160387,-0.306651,0.281905,0.375437,0.859396,0.793103,-0.425418,-0.425418,-0.20818,-0.052662,0.196406,false,false,false,false,353847.809524,512192.126984,true,revenue growth non-positive; net margin positive; positive FCF flag true,3m return non-positive; 12m return positive; trend flag false,balance-sheet leverage not elevated; 12m drawdown within tracked range,Prepared for future scoring; no recommendation language or ranking emitted.,False,False,False,v2.38J-us-candidate-feature-matrix
U00039,ACMR,"ACM Research, Inc. - Class A Common Stock",NASDAQ,0001680062,fundamental_and_price,CANDIDATE_MATRIX_READY,FEATURES_READY,PRICE_FEATURES_READY,high,,0.152395,,,,0.104379,-0.073901,0.32786,,,true,true,false,-0.109359,-0.238033,0.358945,1.481928,1.10179,0.956719,-0.485381,-0.485381,-0.201554,0.117788,0.399954,false,false,false,false,915918.904762,1323639.634921,true,revenue growth positive; net margin positive; positive FCF flag false,3m return non-positive; 12m return positive; trend flag false,balance-sheet leverage not elevated; 12m drawdown within tracked range,Prepared for future scoring; no recommendation language or ranking emitted.,False,False,False,v2.38J-us-candidate-feature-matrix
U00040,ACNB,ACNB Corporation - Common Stock,NASDAQ,0000715579,fundamental_and_price,CANDIDATE_MATRIX_READY,FEATURES_READY,PRICE_FEATURES_READY,high,,0.451046,,,,0.193154,0.274042,0.869902,,,true,true,true,-0.008369,0.19099,0.277811,0.411739,0.230008,0.239872,-0.103168,-0.148364,0.025022,0.193649,0.164511,true,false,true,false,70531.285714,74534.238095,true,revenue growth positive; net margin positive; positive FCF flag true,3m return positive; 12m return positive; trend flag true,balance-sheet leverage elevated; 12m drawdown within tracked range,Prepared for future scoring; no recommendation language or ranking emitted.,False,False,False,v2.38J-us-candidate-feature-matrix
U00041,ACNT,Ascent Industries Co. - Common Stock,NASDAQ,0000095953,fundamental_and_price,CANDIDATE_MATRIX_READY,FEATURES_READY,PRICE_FEATURES_READY,high,,-0.578675,,,,0.011569,-0.027528,0.222849,,,true,false,false,-0.027688,0.101386,-0.131185,0.235679,0.255849,0.404205,-0.121739,-0.318335,-0.002431,0.013062,0.015531,false,false,false,false,55455.095238,68429.47619,true,revenue growth non-positive; net margin positive; positive FCF flag false,3m return positive; 12m return positive; trend flag false,balance-sheet leverage not elevated; 12m drawdown within tracked range,Prepared for future scoring; no recommendation language or ranking emitted.,False,False,False,v2.38J-us-candidate-feature-matrix
U00042,ACOG,Alpha Cognition Inc. - Common Stock,NASDAQ,0001655923,fundamental_and_price,CANDIDATE_MATRIX_READY,FEATURES_READY,PRICE_FEATURES_READY,high,,-0.897797,,,,-2.022438,-2.022828,0.215728,,,false,false,false,0.087782,0.483819,0.594783,0.104819,0.56335,0.59104,-0.214592,-0.540816,0.087472,0.398708,0.286201,true,false,true,true,163152.904762,103673.190476,true,revenue growth non-positive; net margin non-positive; positive FCF flag false,3m return positive; 12m return positive; trend flag true,balance-sheet leverage not elevated; 12m drawdown severe,Prepared for future scoring; no recommendation language or ranking emitted.,False,False,False,v2.38J-us-candidate-feature-matrix
U00043,ACON,"Aclarion, Inc. - Common Stock",NASDAQ,0001635077,fundamental_and_price,CANDIDATE_MATRIX_READY,FEATURES_READY,PRICE_FEATURES_READY,high,,0.656242,,,,-95.518672,-94.886201,0.061239,,,false,true,false,-0.012712,-0.334286,-0.130597,-0.674944,0.630955,0.655728,-0.459786,-0.792054,-0.09366,-0.354125,-0.287381,false,false,false,false,67787.285714,61797.349206,true,revenue growth positive; net margin non-positive; positive FCF flag false,3m return non-positive; 12m return non-positive; trend flag false,balance-sheet leverage not elevated; 12m drawdown severe,Prepared for future scoring; no recommendation language or ranking emitted.,False,False,False,v2.38J-us-candidate-feature-matrix
U00044,ACRS,"Aclaris Therapeutics, Inc. - Common Stock",NASDAQ,0001557746,fundamental_and_price,CANDIDATE_MATRIX_READY,FEATURES_READY,PRICE_FEATURES_READY,high,,-0.581944,,,,-8.295809,-6.034245,0.357584,,,false,false,false,0.088608,0.300216,0.980263,2.119171,0.55794,0.615676,-0.194499,-0.366446,0.059523,0.447463,0.366146,true,false,true,true,1901609.619048,1883447.650794,true,revenue growth non-positive; net margin non-positive; positive FCF flag false,3m return positive; 12m return positive; trend flag true,balance-sheet leverage not elevated; 12m drawdown within tracked range,Prepared for future scoring; no recommendation language or ranking emitted.,False,False,False,v2.38J-us-candidate-feature-matrix
U00045,ACRV,"Acrivon Therapeutics, Inc. - Common Stock",NASDAQ,0001781174,fundamental_and_price,CANDIDATE_MATRIX_PARTIAL_FUNDAMENTALS,FEATURES_PARTIAL,PRICE_FEATURES_READY,medium,fundamental_features_missing_or_partial,,,,,,,0.132604,,,false,false,false,0.378205,0.423841,0.272189,0.604478,0.725641,0.71408,-0.364055,-0.571429,0.166576,0.156971,-0.008233,false,false,false,true,367576.190476,390847.619048,true,positive FCF flag false,3m return positive; 12m return positive; trend flag false,balance-sheet leverage not elevated; 12m drawdown severe,Prepared for future scoring; no recommendation language or ranking emitted.,False,False,False,v2.38J-us-candidate-feature-matrix
U00046,ACT,"Enact Holdings, Inc. - Common Stock",NASDAQ,0001823529,fundamental_and_price,CANDIDATE_MATRIX_READY,FEATURES_READY,PRICE_FEATURES_READY,high,,0.028336,,,,0.545581,,0.223151,,,true,true,false,0.011487,0.176914,0.156123,0.286321,0.181171,0.187081,-0.081711,-0.10961,0.025243,0.136107,0.108135,true,false,true,false,323015.238095,343214.603175,true,revenue growth positive; net margin positive; positive FCF flag false,3m return positive; 12m return positive; trend flag true,balance-sheet leverage not elevated; 12m drawdown within tracked range,Prepared for future scoring; no recommendation language or ranking emitted.,False,False,False,v2.38J-us-candidate-feature-matrix
U00047,ACTG,Acacia Research Corporation - Common Stock,NASDAQ,0000934549,fundamental_and_price,CANDIDATE_MATRIX_READY,FEATURES_READY,PRICE_FEATURES_READY,high,,1.332003,,,,0.076015,,0.242457,,,true,true,false,-0.023758,-0.044397,0.094431,0.325513,0.245339,0.387813,-0.153101,-0.153101,-0.010291,0.03,0.04071,false,false,false,false,256533.714286,254201.714286,true,revenue growth positive; net margin positive; positive FCF flag false,3m return non-positive; 12m return positive; trend flag false,balance-sheet leverage not elevated; 12m drawdown within tracked range,Prepared for future scoring; no recommendation language or ranking emitted.,False,False,False,v2.38J-us-candidate-feature-matrix
U00048,ACTU,"Actuate Therapeutics, Inc. - Common stock",NASDAQ,0001652935,fundamental_and_price,CANDIDATE_MATRIX_PARTIAL_FUNDAMENTALS,FEATURES_PARTIAL,PRICE_FEATURES_READY,medium,fundamental_features_missing_or_partial,,,,,,,0.435448,,,false,false,false,0.160714,-0.285714,-0.57377,-0.850575,1.290994,1.253683,-0.709581,-0.888761,-0.029126,-0.612545,-0.600921,false,false,false,false,416552.380952,352358.730159,true,positive FCF flag false,3m return non-positive; 12m return non-positive; trend flag false,balance-sheet leverage not elevated; 12m drawdown severe,Prepared for future scoring; no recommendation language or ranking emitted.,False,False,False,v2.38J-us-candidate-feature-matrix
U00049,ACXP,"Acurx Pharmaceuticals, Inc. - Common Stock",NASDAQ,0001736243,fundamental_and_price,CANDIDATE_MATRIX_PARTIAL_FUNDAMENTALS,FEATURES_PARTIAL,PRICE_FEATURES_READY,medium,fundamental_features_missing_or_partial,,,,,,,0.314836,,,false,false,false,0.0,-0.182857,-0.059211,-0.672018,0.762197,2.104883,-0.794872,-0.833333,-0.038397,-0.412797,-0.38935,false,false,false,false,197228.571429,123323.809524,true,positive FCF flag false,3m return non-positive; 12m return non-positive; trend flag false,balance-sheet leverage not elevated; 12m drawdown severe,Prepared for future scoring; no recommendation language or ranking emitted.,False,False,False,v2.38J-us-candidate-feature-matrix
U00051,ADAG,"Adagene Inc. - ADS, each representing 1.25 ordinary shares",NASDAQ,0001818838,fundamental_and_price,CANDIDATE_MATRIX_PARTIAL_FUNDAMENTALS,FEATURES_PARTIAL,PRICE_FEATURES_READY,medium,fundamental_features_missing_or_partial,73.327565,,,,-2.295612,,0.33686,,,false,true,false,0.013736,0.066474,0.259386,0.740566,0.775333,0.880539,-0.330544,-0.438,-0.043447,0.14986,0.202087,false,false,false,false,261366.666667,268753.968254,true,revenue growth positive; net margin non-positive; positive FCF flag false,3m return positive; 12m return positive; trend flag false,balance-sheet leverage not elevated; 12m drawdown within tracked range,Prepared for future scoring; no recommendation language or ranking emitted.,False,False,False,v2.38J-us-candidate-feature-matrix
U00053,ADBE,Adobe Inc. - Common Stock,NASDAQ,0000796343,fundamental_and_price,CANDIDATE_MATRIX_READY,FEATURES_READY,PRICE_FEATURES_READY,high,,0.105278,,,,0.299971,0.414489,0.605947,,,true,true,false,0.138219,0.09145,0.055685,-0.197982,0.492107,0.465209,-0.318066,-0.473657,0.172675,0.064589,-0.092171,false,false,false,false,4296214.0,6219112.603175,true,revenue growth positive; net margin positive; positive FCF flag true,3m return positive; 12m return non-positive; trend flag false,balance-sheet leverage not elevated; 12m drawdown within tracked range,Prepared for future scoring; no recommendation language or ranking emitted.,False,False,False,v2.38J-us-candidate-feature-matrix
U00054,ADEA,Adeia Inc. - Common Stock,NASDAQ,0001803696,fundamental_and_price,CANDIDATE_MATRIX_READY,FEATURES_READY,PRICE_FEATURES_READY,high,,0.179143,,,,0.250515,0.352469,0.537631,,,true,true,false,-0.123066,-0.205153,0.225855,0.620346,0.671564,0.678504,-0.311329,-0.34814,-0.127168,0.031887,0.182228,false,false,false,false,938624.619048,1531275.746032,true,revenue growth positive; net margin positive; positive FCF flag true,3m return non-positive; 12m return positive; trend flag false,balance-sheet leverage not elevated; 12m drawdown within tracked range,Prepared for future scoring; no recommendation language or ranking emitted.,False,False,False,v2.38J-us-candidate-feature-matrix
U00055,ADGM,"Adagio Medical Holdings, Inc - Common Stock",NASDAQ,0002006986,fundamental_and_price,CANDIDATE_MATRIX_PARTIAL_FUNDAMENTALS,FEATURES_PARTIAL,PRICE_FEATURES_READY,medium,fundamental_features_missing_or_partial,-1.0,,,,,,0.713268,,,false,false,false,-0.3375,-0.293333,-0.47,-0.676829,1.700233,1.442648,-0.769939,-0.841102,-0.089535,-0.404799,-0.346267,false,false,false,false,1267752.380952,8170246.031746,true,revenue growth non-positive; positive FCF flag false,3m return non-positive; 12m return non-positive; trend flag false,balance-sheet leverage not elevated; 12m drawdown severe,Prepared for future scoring; no recommendation language or ranking emitted.,False,False,False,v2.38J-us-candidate-feature-matrix
U00056,ADI,"Analog Devices, Inc. - Common Stock",NASDAQ,0000006281,fundamental_and_price,CANDIDATE_MATRIX_READY,FEATURES_READY,PRICE_FEATURES_READY,high,,0.168932,,,,0.205753,0.388273,,,,true,true,false,-0.020338,-0.162287,0.045813,0.410688,0.426244,0.411119,-0.206766,-0.206766,-0.068629,0.02333,0.098735,false,false,false,false,3571749.952381,4434496.015873,true,revenue growth positive; net margin positive; positive FCF flag true,3m return non-positive; 12m return positive; trend flag false,12m drawdown within tracked range,Prepared for future scoring; no recommendation language or ranking emitted.,False,False,False,v2.38J-us-candidate-feature-matrix
U00057,ADIL,"Adial Pharmaceuticals, Inc - Common Stock",NASDAQ,0001513525,fundamental_and_price,CANDIDATE_MATRIX_PARTIAL_FUNDAMENTALS,FEATURES_PARTIAL,PRICE_FEATURES_READY,medium,fundamental_features_missing_or_partial,,,,,,,0.209326,,,false,false,false,0.663158,1.724138,2.175879,-0.334737,1.266976,1.146425,-0.32,-0.870476,0.646176,0.695393,0.029897,true,true,false,true,77538.095238,414287.301587,true,positive FCF flag false,3m return positive; 12m return non-positive; trend flag true,balance-sheet leverage not elevated; 12m drawdown severe,Prepared for future scoring; no recommendation language or ranking emitted.,False,False,False,v2.38J-us-candidate-feature-matrix
U00058,ADMA,ADMA Biologics Inc - Common Stock,NASDAQ,0001368514,fundamental_and_price,CANDIDATE_MATRIX_READY,FEATURES_READY,PRICE_FEATURES_READY,high,,0.196314,,,,0.288,0.054532,0.235361,,,true,true,false,0.067506,0.227632,-0.430403,-0.459444,0.380038,0.620595,-0.540508,-0.627085,0.02594,-0.267179,-0.285708,false,false,false,true,2247335.428571,2829051.492063,true,revenue growth positive; net margin positive; positive FCF flag true,3m return positive; 12m return non-positive; trend flag false,balance-sheet leverage not elevated; 12m drawdown severe,Prepared for future scoring; no recommendation language or ranking emitted.,False,False,False,v2.38J-us-candidate-feature-matrix
U00059,ADP,"Automatic Data Processing, Inc. - Common Stock",NASDAQ,0000008670,fundamental_and_price,CANDIDATE_MATRIX_READY,FEATURES_READY,PRICE_FEATURES_READY,high,,0.067434,,,,0.201094,,0.90456,,,true,true,true,0.050819,0.226274,0.310815,-0.06762,0.294003,0.307963,-0.165532,-0.373186,0.09759,0.198071,0.091547,true,false,true,true,2082552.47619,2505801.619048,true,revenue growth positive; net margin positive; positive FCF flag false,3m return positive; 12m return non-positive; trend flag true,balance-sheet leverage elevated; 12m drawdown within tracked range,Prepared for future scoring; no recommendation language or ranking emitted.,False,False,False,v2.38J-us-candidate-feature-matrix
U00060,ADPT,Adaptive Biotechnologies Corporation - Common Stock,NASDAQ,0001478320,fundamental_and_price,CANDIDATE_MATRIX_READY,FEATURES_READY,PRICE_FEATURES_READY,high,,0.547724,,,,-0.214816,-0.176712,0.561176,,,false,true,false,0.053224,0.607662,0.513682,0.846737,0.669447,0.681948,-0.245134,-0.393451,0.052386,0.388925,0.319786,true,false,true,true,2050809.428571,2952548.746032,true,revenue growth positive; net margin non-positive; positive FCF flag false,3m return positive; 12m return positive; trend flag true,balance-sheet leverage not elevated; 12m drawdown within tracked range,Prepared for future scoring; no recommendation language or ranking emitted.,False,False,False,v2.38J-us-candidate-feature-matrix
U00062,ADSK,"Autodesk, Inc. - Common Stock",NASDAQ,0000769397,fundamental_and_price,CANDIDATE_MATRIX_READY,FEATURES_READY,PRICE_FEATURES_READY,high,,0.175338,,,,0.155981,0.334305,,,,true,true,false,0.055302,0.046607,-0.022534,-0.212933,0.441358,0.415092,-0.289262,-0.425564,0.085627,-0.001087,-0.079875,false,false,false,false,1879307.238095,2505175.428571,true,revenue growth positive; net margin positive; positive FCF flag true,3m return positive; 12m return non-positive; trend flag false,12m drawdown within tracked range,Prepared for future scoring; no recommendation language or ranking emitted.,False,False,False,v2.38J-us-candidate-feature-matrix
U00063,ADTN,"ADTRAN Holdings, Inc. - Common Stock",NASDAQ,0000926282,fundamental_and_price,CANDIDATE_MATRIX_READY,FEATURES_READY,PRICE_FEATURES_READY,high,,0.174578,,,,-0.042126,0.09045,0.568982,,,true,true,false,-0.156885,-0.590909,-0.243927,-0.203625,0.667135,0.749744,-0.614948,-0.614948,-0.266035,-0.3455,-0.108268,false,false,false,false,2027185.285714,2173641.126984,true,revenue growth positive; net margin non-positive; positive FCF flag true,3m return non-positive; 12m return non-positive; trend flag false,balance-sheet leverage not elevated; 12m drawdown severe,Prepared for future scoring; no recommendation language or ranking emitted.,False,False,False,v2.38J-us-candidate-feature-matrix
U00065,ADUS,Addus HomeCare Corporation - Common Stock,NASDAQ,0001468328,fundamental_and_price,CANDIDATE_MATRIX_READY,FEATURES_READY,PRICE_FEATURES_READY,high,,0.232055,,,,0.067422,0.07296,0.244906,,,true,true,false,-0.01918,0.266446,0.108262,-0.005383,0.243785,0.25071,-0.162661,-0.279104,0.017893,0.086043,0.066953,true,false,true,true,200346.52381,232731.380952,true,revenue growth positive; net margin positive; positive FCF flag true,3m return positive; 12m return non-positive; trend flag true,balance-sheet leverage not elevated; 12m drawdown within tracked range,Prepared for future scoring; no recommendation language or ranking emitted.,False,False,False,v2.38J-us-candidate-feature-matrix
U00066,ADV,Advantage Solutions Inc. - Class A Common Stock,NASDAQ,0001776661,fundamental_and_price,CANDIDATE_MATRIX_READY,FEATURES_READY,PRICE_FEATURES_READY,high,,-0.00664,,,,-0.064284,0.015541,0.801691,,,true,false,true,-0.177049,-0.092098,1.377413,-0.282857,0.980438,1.02934,-0.458778,-0.743878,-0.117295,0.139478,0.290892,false,false,false,false,109136.809524,135951.952381,true,revenue growth non-positive; net margin non-positive; positive FCF flag true,3m return non-positive; 12m return non-positive; trend flag false,balance-sheet leverage elevated; 12m drawdown severe,Prepared for future scoring; no recommendation language or ranking emitted.,False,False,False,v2.38J-us-candidate-feature-matrix
U00067,ADVB,Advanced Biomed Inc. - Common Stock,NASDAQ,0001941029,fundamental_and_price,CANDIDATE_MATRIX_PARTIAL_FUNDAMENTALS,FEATURES_PARTIAL,PRICE_FEATURES_READY,medium,fundamental_features_missing_or_partial,,,,,,,0.466004,,,false,false,false,0.222778,1.225513,1.12854,0.066594,2.616303,2.17565,-0.664384,-0.67284,0.227048,0.564831,0.275281,true,false,false,true,271533.333333,1766792.063492,true,positive FCF flag false,3m return positive; 12m return positive; trend flag true,balance-sheet leverage not elevated; 12m drawdown severe,Prepared for future scoring; no recommendation language or ranking emitted.,False,False,False,v2.38J-us-candidate-feature-matrix
U00069,AEBI,Aebi Schmidt Holding AG - Common Stock,NASDAQ,0002048519,fundamental_and_price,CANDIDATE_MATRIX_READY,FEATURES_READY,PRICE_FEATURES_READY,high,,,,,,0.006379,-0.003428,0.594204,,,true,false,false,-0.094666,-0.020325,-0.147808,-0.019528,0.434591,0.588053,-0.370572,-0.408072,-0.045182,-0.04792,-0.002868,false,false,false,false,479442.571429,346650.698413,true,net margin positive; positive FCF flag false,3m return non-positive; 12m return non-positive; trend flag false,balance-sheet leverage not elevated; 12m drawdown within tracked range,Prepared for future scoring; no recommendation language or ranking emitted.,False,False,False,v2.38J-us-candidate-feature-matrix
U00072,AEHR,Aehr Test Systems - Common Stock,NASDAQ,0001040470,fundamental_and_price,CANDIDATE_MATRIX_READY,FEATURES_READY,PRICE_FEATURES_READY,high,,-0.152066,,,,-0.142517,-0.107518,0.110189,,,false,false,false,-0.164868,-0.322212,0.839337,2.069739,1.466389,1.423653,-0.474006,-0.474006,-0.166552,0.238752,0.486299,false,false,false,false,2370403.619048,2484569.460317,true,revenue growth non-positive; net margin non-positive; positive FCF flag false,3m return non-positive; 12m return positive; trend flag false,balance-sheet leverage not elevated; 12m drawdown within tracked range,Prepared for future scoring; no recommendation language or ranking emitted.,False,False,False,v2.38J-us-candidate-feature-matrix
U00073,AEI,Alset Inc. - Common Stock,NASDAQ,0001750106,fundamental_and_price,CANDIDATE_MATRIX_READY,FEATURES_READY,PRICE_FEATURES_READY,high,,-0.78827,,,,-10.605294,-1.365056,0.050693,,,false,false,false,0.333333,-0.072848,-0.267016,-0.007092,0.961664,0.905683,-0.479592,-0.761124,0.093835,-0.289439,-0.350395,false,false,false,false,53371.857143,30160.460317,true,revenue growth non-positive; net margin non-positive; positive FCF flag false,3m return non-positive; 12m return non-positive; trend flag false,balance-sheet leverage not elevated; 12m drawdown severe,Prepared for future scoring; no recommendation language or ranking emitted.,False,False,False,v2.38J-us-candidate-feature-matrix
U00074,AEIS,"Advanced Energy Industries, Inc. - Common Stock",NASDAQ,0000927003,fundamental_and_price,CANDIDATE_MATRIX_READY,FEATURES_READY,PRICE_FEATURES_READY,high,,0.213731,,,,,0.069991,0.461623,,,true,true,false,-0.099129,-0.144998,-0.172016,0.783806,0.817797,0.721728,-0.351009,-0.351009,-0.136027,-0.104099,0.036955,false,false,false,false,573588.666667,788240.666667,true,revenue growth positive; positive FCF flag true,3m return non-positive; 12m return positive; trend flag false,balance-sheet leverage not elevated; 12m drawdown within tracked range,Prepared for future scoring; no recommendation language or ranking emitted.,False,False,False,v2.38J-us-candidate-feature-matrix
U00075,AEMD,"Aethlon Medical, Inc. - Common Stock",NASDAQ,0000882291,fundamental_and_price,CANDIDATE_MATRIX_PARTIAL_FUNDAMENTALS,FEATURES_PARTIAL,PRICE_FEATURES_READY,medium,fundamental_features_missing_or_partial,,,,,,,0.228456,,,false,false,false,-0.482955,-0.176471,0.028249,-0.902674,8.795844,6.238978,-0.827362,-0.967683,0.136506,-0.20609,-0.301446,false,false,false,false,3042319.047619,1166082.539683,true,positive FCF flag false,3m return non-positive; 12m return non-positive; trend flag false,balance-sheet leverage not elevated; 12m drawdown severe,Prepared for future scoring; no recommendation language or ranking emitted.,False,False,False,v2.38J-us-candidate-feature-matrix
U00076,AENT,Alliance Entertainment Holding Corporation - common stock,NASDAQ,0001823584,fundamental_and_price,CANDIDATE_MATRIX_READY,FEATURES_READY,PRICE_FEATURES_READY,high,,-0.033645,,,,0.014178,0.025159,0.714247,,,true,false,false,-0.079579,-0.130536,-0.190741,-0.054468,0.46604,0.521395,-0.375,-0.451957,-0.12028,-0.230118,-0.124857,false,false,false,false,18113.666667,17902.968254,true,revenue growth non-positive; net margin positive; positive FCF flag true,3m return non-positive; 12m return non-positive; trend flag false,balance-sheet leverage not elevated; 12m drawdown within tracked range,Prepared for future scoring; no recommendation language or ranking emitted.,False,False,False,v2.38J-us-candidate-feature-matrix
U00077,AEP,"American Electric Power Company, Inc. - Common Stock",NASDAQ,0000004904,fundamental_and_price,CANDIDATE_MATRIX_PARTIAL_FUNDAMENTALS,FEATURES_PARTIAL,PRICE_FEATURES_READY,medium,fundamental_features_missing_or_partial,0.086746,,,,,,0.71819,,,false,true,false,-0.037242,-0.021693,-0.074521,0.122445,0.194832,0.200136,-0.127983,-0.127983,-0.047524,-0.026009,0.022589,false,false,false,false,3443376.190476,4541920.634921,true,revenue growth positive; positive FCF flag false,3m return non-positive; 12m return positive; trend flag false,balance-sheet leverage not elevated; 12m drawdown within tracked range,Prepared for future scoring; no recommendation language or ranking emitted.,False,False,False,v2.38J-us-candidate-feature-matrix
U00078,AERT,"Aeries Technology, Inc. - Class A Ordinary Share",NASDAQ,0001853044,fundamental_and_price,CANDIDATE_MATRIX_READY,FEATURES_READY,PRICE_FEATURES_READY,high,,-0.002621,,,,0.040435,0.080827,1.061703,,,true,false,true,0.109756,0.166667,1.20339,0.255172,1.190771,1.178315,-0.402148,-0.692473,0.06056,0.451606,0.368717,true,false,true,true,17199.190476,37848.746032,true,revenue growth non-positive; net margin positive; positive FCF flag true,3m return positive; 12m return positive; trend flag true,balance-sheet leverage elevated; 12m drawdown severe,Prepared for future scoring; no recommendation language or ranking emitted.,False,False,False,v2.38J-us-candidate-feature-matrix
U00080,AEVA,"Aeva Technologies, Inc. - Common Stock",NASDAQ,0001789029,fundamental_and_price,CANDIDATE_MATRIX_READY,FEATURES_READY,PRICE_FEATURES_READY,high,,0.994374,,,,-8.044029,-6.620167,0.926461,,,false,true,true,-0.197175,-0.467579,0.057981,-0.001689,1.322309,1.237601,-0.522363,-0.522363,-0.255723,-0.130665,0.168026,false,false,false,false,1927639.095238,1968597.15873,true,revenue growth positive; net margin non-positive; positive FCF flag false,3m return non-positive; 12m return non-positive; trend flag false,balance-sheet leverage elevated; 12m drawdown severe,Prepared for future scoring; no recommendation language or ranking emitted.,False,False,False,v2.38J-us-candidate-feature-matrix
U00081,AEYE,"AudioEye, Inc. - Common Stock",NASDAQ,0001362190,fundamental_and_price,CANDIDATE_MATRIX_READY,FEATURES_READY,PRICE_FEATURES_READY,high,,0.145166,,,,-0.076332,0.116569,0.850946,,,true,true,true,0.186125,-0.143032,-0.046259,-0.454475,0.977091,0.873138,-0.340802,-0.648666,0.07036,-0.110016,-0.168519,false,false,false,false,149180.619048,133579.253968,true,revenue growth positive; net margin non-positive; positive FCF flag true,3m return non-positive; 12m return non-positive; trend flag false,balance-sheet leverage elevated; 12m drawdown severe,Prepared for future scoring; no recommendation language or ranking emitted.,False,False,False,v2.38J-us-candidate-feature-matrix
U00083,AFCG,Advanced Flower Capital Inc. - Common Stock,NASDAQ,0001822523,fundamental_and_price,CANDIDATE_MATRIX_PARTIAL_FUNDAMENTALS,FEATURES_PARTIAL,PRICE_FEATURES_READY,medium,fundamental_features_missing_or_partial,-0.461979,,,,,,0.362949,,,false,false,false,0.235294,0.02,0.481328,-0.2049,0.476493,0.549565,-0.314667,-0.565489,0.179113,0.239175,0.050938,true,false,false,false,112352.380952,103407.936508,true,revenue growth non-positive; positive FCF flag false,3m return positive; 12m return non-positive; trend flag true,balance-sheet leverage not elevated; 12m drawdown severe,Prepared for future scoring; no recommendation language or ranking emitted.,False,False,False,v2.38J-us-candidate-feature-matrix
U00084,AFJK,"Aimei Health Technology Co., Ltd - Ordinary Share",NASDAQ,0001979005,fundamental_and_price,CANDIDATE_MATRIX_PARTIAL_FUNDAMENTALS,FEATURES_PARTIAL,PRICE_FEATURES_READY,medium,fundamental_features_missing_or_partial,,,,,,,0.33559,,,false,false,false,0.011599,-0.701248,-0.593,0.080531,1.204029,2.344438,-0.827734,-0.864038,-0.195296,-0.629728,-0.539865,false,false,false,false,17613.0,20258.301587,true,positive FCF flag false,3m return non-positive; 12m return positive; trend flag false,balance-sheet leverage not elevated; 12m drawdown severe,Prepared for future scoring; no recommendation language or ranking emitted.,False,False,False,v2.38J-us-candidate-feature-matrix
U00085,AFRI,Forafric Global PLC - Ordinary Shares,NASDAQ,0001903870,fundamental_and_price,CANDIDATE_MATRIX_READY,FEATURES_READY,PRICE_FEATURES_READY,high,,-0.356407,,,,-0.084368,-0.000912,0.973041,,,false,false,true,0.070076,0.140262,0.168563,0.300345,0.274036,0.259849,-0.060823,-0.174645,0.07041,0.112065,0.038915,true,true,true,false,18480.761905,21257.079365,true,revenue growth non-positive; net margin non-positive; positive FCF flag false,3m return positive; 12m return positive; trend flag true,balance-sheet leverage elevated; 12m drawdown within tracked range,Prepared for future scoring; no recommendation language or ranking emitted.,False,False,False,v2.38J-us-candidate-feature-matrix
U00086,AFRM,"Affirm Holdings, Inc. - Class A Common Stock",NASDAQ,0001820953,fundamental_and_price,CANDIDATE_MATRIX_READY,FEATURES_READY,PRICE_FEATURES_READY,high,,0.296199,,,,1.336494,0.687453,0.652706,,,true,true,false,-0.075235,-0.015068,0.462262,-0.20936,0.571935,0.574804,-0.189905,-0.53862,-0.094036,0.052219,0.161435,false,false,false,false,4972372.571429,4381508.31746,true,revenue growth positive; net margin positive; positive FCF flag true,3m return non-positive; 12m return non-positive; trend flag false,balance-sheet leverage not elevated; 12m drawdown severe,Prepared for future scoring; no recommendation language or ranking emitted.,False,False,False,v2.38J-us-candidate-feature-matrix
U00088,AGCC,Agencia Comercial Spirits Ltd - Class A Ordinary Share,NASDAQ,0002060016,fundamental_and_price,CANDIDATE_MATRIX_PARTIAL_PRICE,FEATURES_PARTIAL,PRICE_FEATURES_PARTIAL,medium,price_features_missing_or_partial,,,,,0.09819,,0.650266,,,true,false,false,-0.027438,-0.067216,0.049215,,0.566018,0.937955,-0.441987,,-0.016816,0.064786,0.082998,false,false,false,false,34514.285714,46439.68254,true,net margin positive; positive FCF flag false,3m return non-positive; trend flag false,balance-sheet leverage not elevated,Prepared for future scoring; no recommendation language or ranking emitted.,False,False,False,v2.38J-us-candidate-feature-matrix
U00089,AGEN,Agenus Inc. - Common Stock,NASDAQ,0001098972,fundamental_and_price,CANDIDATE_MATRIX_PARTIAL_FUNDAMENTALS,FEATURES_PARTIAL,PRICE_FEATURES_READY,medium,fundamental_features_missing_or_partial,0.103738,,,,,-0.676039,,,,false,true,false,-0.025301,1.512422,1.528125,0.944712,1.894647,1.511817,-0.403727,-0.453649,0.333707,0.931548,0.448255,true,false,true,true,1187042.857143,4198050.793651,true,revenue growth positive; positive FCF flag false,3m return positive; 12m return positive; trend flag true,12m drawdown within tracked range,Prepared for future scoring; no recommendation language or ranking emitted.,False,False,False,v2.38J-us-candidate-feature-matrix
U00090,AGIO,"Agios Pharmaceuticals, Inc. - Common Stock",NASDAQ,0001439222,fundamental_and_price,CANDIDATE_MATRIX_READY,FEATURES_READY,PRICE_FEATURES_READY,high,,0.4803,,,,-7.640131,-6.983286,0.080257,,,false,true,false,0.12017,0.290456,0.201194,-0.092814,0.581726,0.641804,-0.317882,-0.508903,-0.044397,0.115866,0.167709,false,false,false,true,977261.47619,1137817.31746,true,revenue growth positive; net margin non-positive; positive FCF flag false,3m return positive; 12m return non-positive; trend flag false,balance-sheet leverage not elevated; 12m drawdown severe,Prepared for future scoring; no recommendation language or ranking emitted.,False,False,False,v2.38J-us-candidate-feature-matrix
U00092,AGMH,AGM Group Holdings Inc. - Class A Ordinary Shares,NASDAQ,0001705402,fundamental_and_price,CANDIDATE_MATRIX_READY,FEATURES_READY,PRICE_FEATURES_READY,high,,-0.046291,,,,0.018377,-0.133415,0.114322,,,true,false,false,0.084337,-0.266504,-0.296875,-0.540816,1.013927,1.042341,-0.485816,-0.929884,-0.123098,-0.383644,-0.297121,false,false,false,false,58904.333333,151652.238095,true,revenue growth non-positive; net margin positive; positive FCF flag false,3m return non-positive; 12m return non-positive; trend flag false,balance-sheet leverage not elevated; 12m drawdown severe,Prepared for future scoring; no recommendation language or ranking emitted.,False,False,False,v2.38J-us-candidate-feature-matrix
U00093,AGNC,AGNC Investment Corp. - Common Stock,NASDAQ,0001423689,fundamental_and_price,CANDIDATE_MATRIX_PARTIAL_FUNDAMENTALS,FEATURES_PARTIAL,PRICE_FEATURES_READY,medium,fundamental_features_missing_or_partial,,,,,,,0.892307,,,false,false,true,-0.00188,0.044248,-0.031905,0.088115,0.209291,0.227007,-0.111009,-0.20378,-0.02413,-0.013392,0.011004,false,false,false,false,14853066.666667,16999431.746032,true,positive FCF flag false,3m return positive; 12m return positive; trend flag false,balance-sheet leverage elevated; 12m drawdown within tracked range,Prepared for future scoring; no recommendation language or ranking emitted.,False,False,False,v2.38J-us-candidate-feature-matrix
U00094,AGNT,"AGNT, Inc. - Common Stock",NASDAQ,0001495932,fundamental_and_price,CANDIDATE_MATRIX_READY,FEATURES_READY,PRICE_FEATURES_READY,high,,0.044802,,,,-0.00476,0.022849,0.451322,,,true,true,false,-0.043902,-0.185031,-0.441595,-0.638042,0.642324,0.583311,-0.440058,-0.675424,-0.131032,-0.420438,-0.333045,false,false,false,false,1263827.47619,1406083.761905,true,revenue growth positive; net margin non-positive; positive FCF flag true,3m return non-positive; 12m return non-positive; trend flag false,balance-sheet leverage not elevated; 12m drawdown severe,Prepared for future scoring; no recommendation language or ranking emitted.,False,False,False,v2.38J-us-candidate-feature-matrix
U00095,AGPU,Axe Compute Inc. - Common Stock,NASDAQ,0001446159,fundamental_and_price,CANDIDATE_MATRIX_PARTIAL_FUNDAMENTALS,FEATURES_PARTIAL,PRICE_FEATURES_READY,medium,fundamental_features_missing_or_partial,,,,,,,0.097779,,,false,false,false,0.08657,0.204182,4.531073,-0.280412,1.367648,2.51292,-0.465143,-0.921667,0.17434,0.708537,0.454891,true,false,false,true,386080.952381,416425.396825,true,positive FCF flag false,3m return positive; 12m return non-positive; trend flag true,balance-sheet leverage not elevated; 12m drawdown severe,Prepared for future scoring; no recommendation language or ranking emitted.,False,False,False,v2.38J-us-candidate-feature-matrix
U00097,AGYS,"Agilysys, Inc. - Common Stock",NASDAQ,0000078749,fundamental_and_price,CANDIDATE_MATRIX_READY,FEATURES_READY,PRICE_FEATURES_READY,high,,0.158506,,,,0.121483,,,,,true,true,false,0.02562,0.25351,0.433907,0.030883,0.489933,0.514091,-0.222722,-0.559311,0.040584,0.185045,0.138827,true,false,false,true,266924.190476,319709.650794,true,revenue growth positive; net margin positive; positive FCF flag false,3m return positive; 12m return positive; trend flag true,12m drawdown severe,Prepared for future scoring; no recommendation language or ranking emitted.,False,False,False,v2.38J-us-candidate-feature-matrix
U00098,AHCO,AdaptHealth Corp. - Common Stock,NASDAQ,0001725255,fundamental_and_price,CANDIDATE_MATRIX_READY,FEATURES_READY,PRICE_FEATURES_READY,high,,-0.004943,,,,-0.021817,0.067609,0.646404,,,true,false,false,-0.491228,-0.429016,-0.41383,-0.419389,0.890182,0.710009,-0.609865,-0.609865,-0.35359,-0.450388,-0.149747,false,false,false,false,4636308.238095,2430893.222222,true,revenue growth non-positive; net margin non-positive; positive FCF flag true,3m return non-positive; 12m return non-positive; trend flag false,balance-sheet leverage not elevated; 12m drawdown severe,Prepared for future scoring; no recommendation language or ranking emitted.,False,False,False,v2.38J-us-candidate-feature-matrix
U00099,AHMA,Ambitions Enterprise Management Co. L.L.C - Class A Ordinary Shares,NASDAQ,0002010959,fundamental_and_price,CANDIDATE_MATRIX_PARTIAL_PRICE,FEATURES_READY,PRICE_FEATURES_PARTIAL,medium,price_features_missing_or_partial,,,,,0.060465,-0.054563,0.170113,,,true,false,false,-0.035211,0.141667,-0.757951,,1.756097,1.997463,-0.867224,,-0.184038,-0.739642,-0.680919,false,false,false,false,37985.238095,2963480.793651,true,net margin positive; positive FCF flag false,3m return positive; trend flag false,balance-sheet leverage not elevated,Prepared for future scoring; no recommendation language or ranking emitted.,False,False,False,v2.38J-us-candidate-feature-matrix
U00100,AIAI,AIAI Holdings Corporation - Class A common stock,NASDAQ,0002096362,fundamental_and_price,CANDIDATE_MATRIX_PARTIAL_PRICE,INSUFFICIENT_FEATURE_EVIDENCE,PRICE_FEATURES_PARTIAL,medium,price_features_missing_or_partial,,,,,,,,,,false,false,false,-0.200864,-0.715166,,,1.72309,,,,-0.506601,,,false,false,false,false,976752.380952,543326.984127,true,positive FCF flag false,3m return non-positive; trend flag false,Risk evidence incomplete.,Prepared for future scoring; no recommendation language or ranking emitted.,False,False,False,v2.38J-us-candidate-feature-matrix
U00102,AIDX,"20/20 Biolabs, Inc. - Common Stock",NASDAQ,0001139685,fundamental_and_price,CANDIDATE_MATRIX_PARTIAL_PRICE,FEATURES_PARTIAL,PRICE_FEATURES_PARTIAL,medium,price_features_missing_or_partial,,,,,-1.828155,,1.004647,,,false,false,true,0.369565,-0.25,-0.811377,,1.169273,1.082409,-0.870968,,0.182432,,,false,false,false,false,95323.809524,629704.761905,true,net margin non-positive; positive FCF flag false,3m return non-positive; trend flag false,balance-sheet leverage elevated,Prepared for future scoring; no recommendation language or ranking emitted.,False,False,False,v2.38J-us-candidate-feature-matrix
U00103,AIFA,"All In FutureTech Alliance, Inc. - Common Stock",NASDAQ,0001708341,fundamental_and_price,CANDIDATE_MATRIX_PARTIAL_FUNDAMENTALS,FEATURES_PARTIAL,PRICE_FEATURES_READY,medium,fundamental_features_missing_or_partial,,,,,,,0.58065,,,false,false,false,0.786585,0.120031,0.493374,-0.556061,1.389223,1.486789,-0.630435,-0.827703,0.261191,0.274218,0.010329,true,false,false,false,520552.380952,213433.84127,true,positive FCF flag false,3m return positive; 12m return non-positive; trend flag true,balance-sheet leverage not elevated; 12m drawdown severe,Prepared for future scoring; no recommendation language or ranking emitted.,False,False,False,v2.38J-us-candidate-feature-matrix
U00104,AIFC,AI Financial Corporation - Common Stock,NASDAQ,0000862861,fundamental_and_price,CANDIDATE_MATRIX_READY,FEATURES_READY,PRICE_FEATURES_READY,high,,0.982126,,,,-13.869042,-0.288567,0.04941,,,false,true,false,0.35375,-0.314557,-0.62911,-0.931282,0.927399,0.905457,-0.75974,-0.933692,0.05385,-0.515526,-0.540282,false,false,false,false,984555.428571,1108115.301587,true,revenue growth positive; net margin non-positive; positive FCF flag false,3m return non-positive; 12m return non-positive; trend flag false,balance-sheet leverage not elevated; 12m drawdown severe,Prepared for future scoring; no recommendation language or ranking emitted.,False,False,False,v2.38J-us-candidate-feature-matrix
U00105,AIFF,"Firefly Neuroscience, Inc. - Common Stock",NASDAQ,0000803578,fundamental_and_price,CANDIDATE_MATRIX_PARTIAL_FUNDAMENTALS,FEATURES_PARTIAL,PRICE_FEATURES_READY,medium,fundamental_features_missing_or_partial,9.574074,,,,-17.409807,,0.27107,,,false,true,false,-0.092437,-0.345455,-0.303226,-0.6,0.633183,1.807987,-0.665563,-0.790164,-0.056109,-0.233254,-0.187675,false,false,false,false,121185.714286,131550.793651,true,revenue growth positive; net margin non-positive; positive FCF flag false,3m return non-positive; 12m return non-positive; trend flag false,balance-sheet leverage not elevated; 12m drawdown severe,Prepared for future scoring; no recommendation language or ranking emitted.,False,False,False,v2.38J-us-candidate-feature-matrix
U00106,AIFU,AIFU Inc. - Class A Ordinary Share,NASDAQ,0001413855,fundamental_and_price,CANDIDATE_MATRIX_READY,FEATURES_READY,PRICE_FEATURES_READY,high,,-0.678833,,,,-4.088255,-0.035231,0.691684,,,false,false,false,-0.385237,8.195833,10.615789,3.370297,42.805977,30.270037,-0.778369,-0.827273,-0.336899,0.892309,1.853725,false,false,false,true,39297.952381,29088.444444,true,revenue growth non-positive; net margin non-positive; positive FCF flag false,3m return positive; 12m return positive; trend flag false,balance-sheet leverage not elevated; 12m drawdown severe,Prepared for future scoring; no recommendation language or ranking emitted.,False,False,False,v2.38J-us-candidate-feature-matrix
U00107,AIHS,Senmiao Technology Limited - Common Stock,NASDAQ,0001711012,fundamental_and_price,CANDIDATE_MATRIX_READY,FEATURES_READY,PRICE_FEATURES_READY,high,,-0.537449,,,,-3.408646,-1.036122,1.479208,,,false,false,true,0.158621,0.354839,0.322835,-0.288136,0.979111,0.918825,-0.382857,-0.736434,0.146993,0.29194,0.126372,true,false,false,true,1839680.857143,772611.079365,true,revenue growth non-positive; net margin non-positive; positive FCF flag false,3m return positive; 12m return non-positive; trend flag true,balance-sheet leverage elevated; 12m drawdown severe,Prepared for future scoring; no recommendation language or ranking emitted.,False,False,False,v2.38J-us-candidate-feature-matrix
U00108,AIIO,Robo.ai Inc. - Class B Ordinary Shares,NASDAQ,0001932737,fundamental_and_price,CANDIDATE_MATRIX_READY,FEATURES_READY,PRICE_FEATURES_READY,high,,-0.9208,,,,-176.149474,-5.501053,14.751184,,,false,false,true,-0.309764,-0.257246,-0.38253,-0.936728,1.432001,2.885404,-0.815938,-0.98876,-0.374122,-0.513989,-0.223474,false,false,false,false,544121.428571,1660469.047619,true,revenue growth non-positive; net margin non-positive; positive FCF flag false,3m return non-positive; 12m return non-positive; trend flag false,balance-sheet leverage elevated; 12m drawdown severe,Prepared for future scoring; no recommendation language or ranking emitted.,False,False,False,v2.38J-us-candidate-feature-matrix
U00110,AIMD,"Ainos, Inc. - Common Stock",NASDAQ,0001014763,fundamental_and_price,CANDIDATE_MATRIX_READY,FEATURES_READY,PRICE_FEATURES_READY,high,,4.989532,,,,-118.970433,-37.446604,0.637653,,,false,true,false,-0.041379,-0.411017,-0.097403,-0.636126,0.73957,1.709855,-0.585443,-0.696471,-0.123581,-0.215111,-0.104435,false,false,false,false,39319.047619,99431.746032,true,revenue growth positive; net margin non-positive; positive FCF flag false,3m return non-positive; 12m return non-positive; trend flag false,balance-sheet leverage not elevated; 12m drawdown severe,Prepared for future scoring; no recommendation language or ranking emitted.,False,False,False,v2.38J-us-candidate-feature-matrix
U00111,AIOS,AIOS Tech Inc. - Class A Common Shares,NASDAQ,0001603993,fundamental_and_price,CANDIDATE_MATRIX_READY,FEATURES_READY,PRICE_FEATURES_READY,high,,-0.985104,,,,-43.591123,-5.308943,0.08069,,,false,false,false,0.049959,-0.112188,0.05082,-0.833073,1.324034,2.364488,-0.517157,-0.908159,-0.03667,-0.422325,-0.400336,false,false,false,false,68066.666667,54915.873016,true,revenue growth non-positive; net margin non-positive; positive FCF flag false,3m return non-positive; 12m return non-positive; trend flag false,balance-sheet leverage not elevated; 12m drawdown severe,Prepared for future scoring; no recommendation language or ranking emitted.,False,False,False,v2.38J-us-candidate-feature-matrix
U00112,AIOT,"PowerFleet, Inc. - Common Stock",NASDAQ,0001774170,fundamental_and_price,CANDIDATE_MATRIX_READY,FEATURES_READY,PRICE_FEATURES_READY,high,,0.224162,,,,-0.046312,0.019927,0.495989,,,true,true,false,-0.281863,-0.250639,-0.15562,-0.372591,0.891089,0.725533,-0.356009,-0.506195,-0.213254,-0.270555,-0.072833,false,false,false,false,2660883.571429,1891842.142857,true,revenue growth positive; net margin non-positive; positive FCF flag true,3m return non-positive; 12m return non-positive; trend flag false,balance-sheet leverage not elevated; 12m drawdown severe,Prepared for future scoring; no recommendation language or ranking emitted.,False,False,False,v2.38J-us-candidate-feature-matrix
U00113,AIP,"Arteris, Inc. - Common Stock",NASDAQ,0001667011,fundamental_and_price,CANDIDATE_MATRIX_READY,FEATURES_READY,PRICE_FEATURES_READY,high,,0.222698,,,,-0.492299,0.075731,1.1272,,,true,true,true,-0.311192,-0.453347,0.281829,1.201699,0.930013,0.840029,-0.573163,-0.573163,-0.335333,-0.127617,0.312512,false,false,false,false,726512.047619,846957.984127,true,revenue growth positive; net margin non-positive; positive FCF flag true,3m return non-positive; 12m return positive; trend flag false,balance-sheet leverage elevated; 12m drawdown severe,Prepared for future scoring; no recommendation language or ranking emitted.,False,False,False,v2.38J-us-candidate-feature-matrix
U00114,AIRE,reAlpha Tech Corp. - Common Stock,NASDAQ,0001859199,fundamental_and_price,CANDIDATE_MATRIX_READY,FEATURES_READY,PRICE_FEATURES_READY,high,,3.764237,,,,-3.893765,-2.502042,0.423428,,,false,true,false,0.027027,-0.40625,-0.798675,-0.843702,0.976166,1.074093,-0.850588,-0.964966,-0.059115,-0.753369,-0.737873,false,false,false,false,239792.52381,123848.301587,true,revenue growth positive; net margin non-positive; positive FCF flag false,3m return non-positive; 12m return non-positive; trend flag false,balance-sheet leverage not elevated; 12m drawdown severe,Prepared for future scoring; no recommendation language or ranking emitted.,False,False,False,v2.38J-us-candidate-feature-matrix
U00115,AIRG,"Airgain, Inc. - Common Stock",NASDAQ,0001272842,fundamental_and_price,CANDIDATE_MATRIX_READY,FEATURES_READY,PRICE_FEATURES_READY,high,,-0.145547,,,,-0.124104,-0.024701,0.376028,,,false,false,false,-0.11775,-0.320704,0.192399,0.183962,0.383917,0.525201,-0.320704,-0.320704,-0.126531,-0.062536,0.073265,false,false,false,false,69797.190476,76291.126984,true,revenue growth non-positive; net margin non-positive; positive FCF flag false,3m return non-positive; 12m return positive; trend flag false,balance-sheet leverage not elevated; 12m drawdown within tracked range,Prepared for future scoring; no recommendation language or ranking emitted.,False,False,False,v2.38J-us-candidate-feature-matrix
U00116,AIRJ,AirJoule Technologies Corporation - Class A Common Stock,NASDAQ,0001855474,fundamental_and_price,CANDIDATE_MATRIX_PARTIAL_FUNDAMENTALS,FEATURES_PARTIAL,PRICE_FEATURES_READY,medium,fundamental_features_missing_or_partial,,,,,,,0.213433,,,false,false,false,-0.241438,-0.168856,0.346505,-0.026374,1.108614,0.96341,-0.385147,-0.61912,-0.084162,0.142997,0.248034,false,false,false,false,1619685.714286,1665426.984127,true,positive FCF flag false,3m return non-positive; 12m return non-positive; trend flag false,balance-sheet leverage not elevated; 12m drawdown severe,Prepared for future scoring; no recommendation language or ranking emitted.,False,False,False,v2.38J-us-candidate-feature-matrix
U00117,AIRO,"AIRO Group Holdings, Inc. - Common Stock",NASDAQ,0001927958,fundamental_and_price,CANDIDATE_MATRIX_PARTIAL_FUNDAMENTALS,FEATURES_PARTIAL,PRICE_FEATURES_READY,medium,fundamental_features_missing_or_partial,,,,,-0.045145,-0.390575,0.045143,,,false,false,false,-0.081442,-0.263383,-0.31746,-0.665207,0.937371,0.898333,-0.4548,-0.72063,-0.082801,-0.208386,-0.136922,false,false,false,false,590242.857143,491663.492063,true,net margin non-positive; positive FCF flag false,3m return non-positive; 12m return non-positive; trend flag false,balance-sheet leverage not elevated; 12m drawdown severe,Prepared for future scoring; no recommendation language or ranking emitted.,False,False,False,v2.38J-us-candidate-feature-matrix
U00118,AIRS,"AirSculpt Technologies, Inc. - Common Stock",NASDAQ,0001870940,fundamental_and_price,CANDIDATE_MATRIX_READY,FEATURES_READY,PRICE_FEATURES_READY,high,,-0.158203,,,,-0.076849,0.004558,0.531713,,,true,false,false,-0.503074,-0.535441,0.397695,-0.624031,1.194408,1.360033,-0.575306,-0.864378,-0.389691,-0.273299,0.19071,false,false,false,false,1053995.904762,701700.222222,true,revenue growth non-positive; net margin non-positive; positive FCF flag true,3m return non-positive; 12m return non-positive; trend flag false,balance-sheet leverage not elevated; 12m drawdown severe,Prepared for future scoring; no recommendation language or ranking emitted.,False,False,False,v2.38J-us-candidate-feature-matrix
U00119,AIRT,"Air T, Inc. - Common Stock",NASDAQ,0000353184,fundamental_and_price,CANDIDATE_MATRIX_READY,FEATURES_READY,PRICE_FEATURES_READY,high,,0.120747,,,,0.238415,-0.126959,0.777033,,,true,true,true,0.031946,0.421333,0.559239,0.461609,0.859174,0.669623,-0.211909,-0.283203,0.124038,0.385426,0.232544,true,false,true,true,15655.0,9827.825397,true,revenue growth positive; net margin positive; positive FCF flag false,3m return positive; 12m return positive; trend flag true,balance-sheet leverage elevated; 12m drawdown within tracked range,Prepared for future scoring; no recommendation language or ranking emitted.,False,False,False,v2.38J-us-candidate-feature-matrix
U00120,AISP,"Airship AI Holdings, Inc - Class A Common Stock",NASDAQ,0001842566,fundamental_and_price,CANDIDATE_MATRIX_PARTIAL_FUNDAMENTALS,FEATURES_PARTIAL,PRICE_FEATURES_READY,medium,fundamental_features_missing_or_partial,-0.335306,,,,1.913759,,1.367113,,,true,false,true,0.083969,-0.292359,-0.216912,-0.498824,0.658487,0.697393,-0.458861,-0.755014,0.015785,-0.191428,-0.203994,false,false,false,false,309485.714286,485223.809524,true,revenue growth non-positive; net margin positive; positive FCF flag false,3m return non-positive; 12m return non-positive; trend flag false,balance-sheet leverage elevated; 12m drawdown severe,Prepared for future scoring; no recommendation language or ranking emitted.,False,False,False,v2.38J-us-candidate-feature-matrix
U00121,AIXC,"AIxCrypto Holdings, Inc. - Common Stock",NASDAQ,0001460702,fundamental_and_price,CANDIDATE_MATRIX_PARTIAL_FUNDAMENTALS,FEATURES_PARTIAL,PRICE_FEATURES_READY,medium,fundamental_features_missing_or_partial,,,,,,,,,,false,false,false,-0.033835,-0.388095,-0.314667,-0.569274,2.150802,1.6558,-0.585987,-0.891847,-0.152784,-0.491819,-0.400175,false,false,false,false,3635795.238095,1275790.47619,true,positive FCF flag false,3m return non-positive; 12m return non-positive; trend flag false,12m drawdown severe,Prepared for future scoring; no recommendation language or ranking emitted.,False,False,False,v2.38J-us-candidate-feature-matrix
U00122,AKAM,"Akamai Technologies, Inc. - Common Stock",NASDAQ,0001086222,fundamental_and_price,CANDIDATE_MATRIX_READY,FEATURES_READY,PRICE_FEATURES_READY,high,,,,,,,,0.566418,,,false,false,false,-0.096878,-0.335953,0.042908,0.345381,0.531639,0.691036,-0.344297,-0.344297,-0.087582,-0.026139,0.067341,false,false,false,false,3485900.142857,3673936.555556,true,positive FCF flag true,3m return non-positive; 12m return positive; trend flag false,balance-sheet leverage not elevated; 12m drawdown within tracked range,Prepared for future scoring; no recommendation language or ranking emitted.,False,False,False,v2.38J-us-candidate-feature-matrix
U00124,AKBA,"Akebia Therapeutics, Inc. - Common Stock",NASDAQ,0001517022,fundamental_and_price,CANDIDATE_MATRIX_READY,FEATURES_READY,PRICE_FEATURES_READY,high,,0.474566,,,,-0.02263,0.286631,0.913401,,,true,true,true,-0.278855,0.009295,-0.225656,-0.69914,0.779164,0.777896,-0.458974,-0.733754,-0.165647,-0.276091,-0.132371,false,false,false,false,8558542.809524,5930533.31746,true,revenue growth positive; net margin non-positive; positive FCF flag true,3m return positive; 12m return non-positive; trend flag false,balance-sheet leverage elevated; 12m drawdown severe,Prepared for future scoring; no recommendation language or ranking emitted.,False,False,False,v2.38J-us-candidate-feature-matrix
U00125,AKTS,"Aktis Oncology, Inc. - Common stock",NASDAQ,0002035832,fundamental_and_price,CANDIDATE_MATRIX_PARTIAL_FUNDAMENTALS,INSUFFICIENT_FEATURE_EVIDENCE,PRICE_FEATURES_READY,medium,fundamental_features_missing_or_partial,,,,,,,,,,false,false,false,0.178634,0.389778,0.291127,4984.185093,0.731627,0.718794,-0.315234,-0.981132,0.046933,0.540613,0.471548,true,false,false,true,267595.238095,388131.746032,true,positive FCF flag false,3m return positive; 12m return positive; trend flag true,12m drawdown severe,Prepared for future scoring; no recommendation language or ranking emitted.,False,False,False,v2.38J-us-candidate-feature-matrix
U00126,ALAB,"Astera Labs, Inc. - Common Stock",NASDAQ,0001736297,fundamental_and_price,CANDIDATE_MATRIX_READY,FEATURES_READY,PRICE_FEATURES_READY,high,,1.151265,,,,0.257041,0.330503,0.109797,,,true,true,false,-0.128142,-0.213206,1.549271,0.536279,1.070445,1.018944,-0.482961,-0.601914,-0.169405,0.255437,0.511492,false,false,false,false,3972086.285714,4985112.888889,true,revenue growth positive; net margin positive; positive FCF flag true,3m return non-positive; 12m return positive; trend flag false,balance-sheet leverage not elevated; 12m drawdown severe,Prepared for future scoring; no recommendation language or ranking emitted.,False,False,False,v2.38J-us-candidate-feature-matrix
U00128,ALCO,"Alico, Inc. - Common Stock",NASDAQ,0000003545,fundamental_and_price,CANDIDATE_MATRIX_READY,FEATURES_READY,PRICE_FEATURES_READY,high,,-0.055249,,,,-3.343485,0.33182,0.464121,,,true,false,false,0.048819,-0.014064,-0.017699,0.180851,0.231343,0.231984,-0.150697,-0.150697,-0.00364,0.008433,0.012117,false,false,false,false,19818.571429,21126.825397,true,revenue growth non-positive; net margin non-positive; positive FCF flag true,3m return non-positive; 12m return positive; trend flag false,balance-sheet leverage not elevated; 12m drawdown within tracked range,Prepared for future scoring; no recommendation language or ranking emitted.,False,False,False,v2.38J-us-candidate-feature-matrix
U00129,ALDF,Aldel Financial II Inc. - Class A Ordinary Shares,NASDAQ,0002031561,fundamental_and_price,CANDIDATE_MATRIX_PARTIAL_FUNDAMENTALS,FEATURES_PARTIAL,PRICE_FEATURES_READY,medium,fundamental_features_missing_or_partial,,,,,,,0.000115,,,false,false,false,0.00699,0.012652,0.024171,0.035061,0.023983,0.021835,-0.004176,-0.008515,0.006474,0.018634,0.012082,true,true,true,false,58793.52381,29680.571429,true,positive FCF flag false,3m return positive; 12m return positive; trend flag true,balance-sheet leverage not elevated; 12m drawdown within tracked range,Prepared for future scoring; no recommendation language or ranking emitted.,False,False,False,v2.38J-us-candidate-feature-matrix
U00130,ALDX,"Aldeyra Therapeutics, Inc. - Common Stock",NASDAQ,0001341235,fundamental_and_price,CANDIDATE_MATRIX_PARTIAL_FUNDAMENTALS,FEATURES_PARTIAL,PRICE_FEATURES_READY,medium,fundamental_features_missing_or_partial,,,,,,,0.385917,,,false,false,false,-0.03871,-0.198925,-0.713186,-0.74087,0.739534,1.385934,-0.764259,-0.787307,-0.133015,-0.511868,-0.436977,false,false,false,false,728361.904762,1276120.634921,true,positive FCF flag false,3m return non-positive; 12m return non-positive; trend flag false,balance-sheet leverage not elevated; 12m drawdown severe,Prepared for future scoring; no recommendation language or ranking emitted.,False,False,False,v2.38J-us-candidate-feature-matrix
U00131,ALEC,"Alector, Inc. - Common Stock",NASDAQ,0001653087,fundamental_and_price,CANDIDATE_MATRIX_READY,FEATURES_READY,PRICE_FEATURES_READY,high,,-0.790718,,,,-6.791589,-8.746591,0.89548,,,false,false,true,0.589404,0.230769,0.137441,0.021277,1.035665,0.914636,-0.486137,-0.656627,0.292338,0.261084,-0.024184,false,false,false,true,1537780.904762,985138.079365,true,revenue growth non-positive; net margin non-positive; positive FCF flag false,3m return positive; 12m return positive; trend flag false,balance-sheet leverage elevated; 12m drawdown severe,Prepared for future scoring; no recommendation language or ranking emitted.,False,False,False,v2.38J-us-candidate-feature-matrix
U00133,ALGM,"Allegro MicroSystems, Inc. - Common Stock",NASDAQ,0000866291,fundamental_and_price,CANDIDATE_MATRIX_READY,FEATURES_READY,PRICE_FEATURES_READY,high,,0.227708,,,,-0.016736,0.140314,0.324628,,,true,true,false,-0.145713,-0.295251,0.021601,0.149757,0.895715,0.791903,-0.49052,-0.49052,-0.242159,-0.096292,0.192476,false,false,false,false,1940366.238095,2761144.301587,true,revenue growth positive; net margin non-positive; positive FCF flag true,3m return non-positive; 12m return positive; trend flag false,balance-sheet leverage not elevated; 12m drawdown within tracked range,Prepared for future scoring; no recommendation language or ranking emitted.,False,False,False,v2.38J-us-candidate-feature-matrix
U00134,ALGN,"Align Technology, Inc. - Common Stock",NASDAQ,0001097149,fundamental_and_price,CANDIDATE_MATRIX_READY,FEATURES_READY,PRICE_FEATURES_READY,high,,0.00899,,,,0.101699,0.121631,0.350442,,,true,true,false,-0.103708,-0.07037,-0.151555,0.091575,0.431919,0.423816,-0.209589,-0.215432,-0.099803,-0.089563,0.011376,false,false,false,false,826456.52381,968075.984127,true,revenue growth positive; net margin positive; positive FCF flag true,3m return non-positive; 12m return positive; trend flag false,balance-sheet leverage not elevated; 12m drawdown within tracked range,Prepared for future scoring; no recommendation language or ranking emitted.,False,False,False,v2.38J-us-candidate-feature-matrix
U00135,ALGS,"Aligos Therapeutics, Inc. - Common stock",NASDAQ,0001799448,fundamental_and_price,CANDIDATE_MATRIX_PARTIAL_FUNDAMENTALS,FEATURES_PARTIAL,PRICE_FEATURES_READY,medium,fundamental_features_missing_or_partial,-0.394628,,,,-11.067246,,0.395197,,,false,false,false,0.307368,0.208171,-0.094752,-0.415254,1.124102,0.975193,-0.533181,-0.693118,0.053954,-0.131289,-0.17576,false,false,false,true,134771.428571,171131.746032,true,revenue growth non-positive; net margin non-positive; positive FCF flag false,3m return positive; 12m return non-positive; trend flag false,balance-sheet leverage not elevated; 12m drawdown severe,Prepared for future scoring; no recommendation language or ranking emitted.,False,False,False,v2.38J-us-candidate-feature-matrix
U00136,ALGT,Allegiant Travel Company - Common Stock,NASDAQ,0001362468,fundamental_and_price,CANDIDATE_MATRIX_READY,FEATURES_READY,PRICE_FEATURES_READY,high,,0.048392,,,,-0.01923,0.032312,0.749922,,,true,true,false,-0.300251,-0.174062,-0.245179,0.155602,0.579931,0.636964,-0.39233,-0.39233,-0.25762,-0.184632,0.098315,false,false,false,false,553192.333333,570011.730159,true,revenue growth positive; net margin non-positive; positive FCF flag true,3m return non-positive; 12m return positive; trend flag false,balance-sheet leverage not elevated; 12m drawdown within tracked range,Prepared for future scoring; no recommendation language or ranking emitted.,False,False,False,v2.38J-us-candidate-feature-matrix
U00137,ALHC,"Alignment Healthcare, Inc. - Common Stock",NASDAQ,0001832466,fundamental_and_price,CANDIDATE_MATRIX_READY,FEATURES_READY,PRICE_FEATURES_READY,high,,0.460562,,,,-0.000183,0.028654,0.831789,,,true,true,true,-0.066621,-0.003666,-0.263415,-0.169315,0.884083,0.77219,-0.479642,-0.479642,-0.233503,-0.281817,-0.063033,false,false,false,false,4825393.380952,5525172.396825,true,revenue growth positive; net margin non-positive; positive FCF flag true,3m return non-positive; 12m return non-positive; trend flag false,balance-sheet leverage elevated; 12m drawdown within tracked range,Prepared for future scoring; no recommendation language or ranking emitted.,False,False,False,v2.38J-us-candidate-feature-matrix
U00139,ALKS,Alkermes plc - Ordinary Shares,NASDAQ,0001520262,fundamental_and_price,CANDIDATE_MATRIX_READY,FEATURES_READY,PRICE_FEATURES_READY,high,,-0.052473,,,,0.16374,0.325452,0.268476,,,true,false,false,-0.047042,0.142304,0.616438,0.629272,0.362911,0.441202,-0.14904,-0.221968,-0.070533,0.260204,0.355835,false,false,false,false,1331040.904762,1945358.079365,true,revenue growth non-positive; net margin positive; positive FCF flag true,3m return positive; 12m return positive; trend flag false,balance-sheet leverage not elevated; 12m drawdown within tracked range,Prepared for future scoring; no recommendation language or ranking emitted.,False,False,False,v2.38J-us-candidate-feature-matrix
U00140,ALKT,"Alkami Technology, Inc. - Common Stock",NASDAQ,0001529274,fundamental_and_price,CANDIDATE_MATRIX_READY,FEATURES_READY,PRICE_FEATURES_READY,high,,0.328861,,,,-0.107412,0.093238,0.572666,,,true,true,false,0.034043,0.092749,0.14758,-0.240625,0.438867,0.455106,-0.230079,-0.450057,0.046354,0.051766,0.005172,true,false,false,false,1188746.190476,1625770.952381,true,revenue growth positive; net margin non-positive; positive FCF flag true,3m return positive; 12m return non-positive; trend flag true,balance-sheet leverage not elevated; 12m drawdown within tracked range,Prepared for future scoring; no recommendation language or ranking emitted.,False,False,False,v2.38J-us-candidate-feature-matrix
U00141,ALLO,"Allogene Therapeutics, Inc. - Common Stock",NASDAQ,0001737287,fundamental_and_price,CANDIDATE_MATRIX_PARTIAL_FUNDAMENTALS,FEATURES_PARTIAL,PRICE_FEATURES_READY,medium,fundamental_features_missing_or_partial,-1.0,,,,,,0.296613,,,false,false,false,0.042105,-0.01,-0.217391,0.767857,0.613061,0.82993,-0.457516,-0.457516,-0.004024,0.010642,0.014726,false,false,false,false,4810290.47619,7483053.968254,true,revenue growth non-positive; positive FCF flag false,3m return non-positive; 12m return positive; trend flag false,balance-sheet leverage not elevated; 12m drawdown within tracked range,Prepared for future scoring; no recommendation language or ranking emitted.,False,False,False,v2.38J-us-candidate-feature-matrix
U00142,ALLR,"Allarity Therapeutics, Inc. - Common stock",NASDAQ,0001860657,fundamental_and_price,CANDIDATE_MATRIX_PARTIAL_FUNDAMENTALS,FEATURES_PARTIAL,PRICE_FEATURES_READY,medium,fundamental_features_missing_or_partial,,,,,,,0.461715,,,false,false,false,0.076336,-0.107595,0.342857,-0.11875,0.587622,0.746773,-0.361582,-0.588832,0.091247,0.140149,0.044814,true,false,false,false,83061.904762,110061.904762,true,positive FCF flag false,3m return non-positive; 12m return non-positive; trend flag true,balance-sheet leverage not elevated; 12m drawdown severe,Prepared for future scoring; no recommendation language or ranking emitted.,False,False,False,v2.38J-us-candidate-feature-matrix
U00143,ALLT,Allot Ltd. - Ordinary Shares,NASDAQ,0001365767,fundamental_and_price,CANDIDATE_MATRIX_READY,FEATURES_READY,PRICE_FEATURES_READY,high,,0.106275,,,,0.036326,0.151952,,,,true,true,false,-0.041825,-0.075795,0.092486,-0.038168,0.508142,0.515369,-0.18583,-0.456522,-0.046923,-0.086874,-0.041918,false,false,false,false,269070.857143,328677.587302,true,revenue growth positive; net margin positive; positive FCF flag true,3m return non-positive; 12m return non-positive; trend flag false,12m drawdown within tracked range,Prepared for future scoring; no recommendation language or ranking emitted.,False,False,False,v2.38J-us-candidate-feature-matrix
U00145,ALMR,"Alamar Biosciences, Inc. - Class A common stock",NASDAQ,0002104204,fundamental_and_price,CANDIDATE_MATRIX_PARTIAL_PRICE,INSUFFICIENT_FEATURE_EVIDENCE,PRICE_FEATURES_PARTIAL,medium,price_features_missing_or_partial,,,,,,,,,,false,false,false,0.124677,0.456065,,,0.913869,,,,0.071328,,,false,false,false,false,360404.761905,331065.079365,true,positive FCF flag false,3m return positive; trend flag false,Risk evidence incomplete.,Prepared for future scoring; no recommendation language or ranking emitted.,False,False,False,v2.38J-us-candidate-feature-matrix
U00146,ALMS,Alumis Inc. - Common Stock,NASDAQ,0001847367,fundamental_and_price,CANDIDATE_MATRIX_READY,FEATURES_READY,PRICE_FEATURES_READY,high,,,,,,-10.117464,-15.391933,0.26859,,,false,false,false,-0.637443,-0.527445,-0.663588,1.040948,1.334136,1.067024,-0.687459,-0.687459,-0.637947,-0.571812,0.182667,false,false,false,false,2140730.666667,1714878.47619,true,net margin non-positive; positive FCF flag false,3m return non-positive; 12m return positive; trend flag false,balance-sheet leverage not elevated; 12m drawdown severe,Prepared for future scoring; no recommendation language or ranking emitted.,False,False,False,v2.38J-us-candidate-feature-matrix
U00147,ALMU,"Aeluma, Inc. - Common Stock",NASDAQ,0001828805,fundamental_and_price,CANDIDATE_MATRIX_READY,FEATURES_READY,PRICE_FEATURES_READY,high,,4.078634,,,,-0.647803,-0.2806,0.077708,,,false,true,false,-0.252549,-0.530873,-0.353734,-0.453269,0.921134,1.339722,-0.604319,-0.604319,-0.25752,-0.297524,-0.053878,false,false,false,false,473153.52381,614835.301587,true,revenue growth positive; net margin non-positive; positive FCF flag false,3m return non-positive; 12m return non-positive; trend flag false,balance-sheet leverage not elevated; 12m drawdown severe,Prepared for future scoring; no recommendation language or ranking emitted.,False,False,False,v2.38J-us-candidate-feature-matrix
U00148,ALNT,Allient Inc. - Common Stock,NASDAQ,0000046129,fundamental_and_price,CANDIDATE_MATRIX_READY,FEATURES_READY,PRICE_FEATURES_READY,high,,0.046248,,,,,0.089609,0.478086,,,true,true,false,-0.04083,0.012058,0.391885,0.905024,0.699708,0.682849,-0.243525,-0.243525,-0.090735,0.187673,0.30619,false,false,false,false,264007.571429,280204.111111,true,revenue growth positive; positive FCF flag true,3m return positive; 12m return positive; trend flag false,balance-sheet leverage not elevated; 12m drawdown within tracked range,Prepared for future scoring; no recommendation language or ranking emitted.,False,False,False,v2.38J-us-candidate-feature-matrix
U00149,ALNY,"Alnylam Pharmaceuticals, Inc. - Common Stock",NASDAQ,0001178670,fundamental_and_price,CANDIDATE_MATRIX_READY,FEATURES_READY,PRICE_FEATURES_READY,high,,0.651929,,,,0.084478,0.125307,0.841095,,,true,true,true,0.117006,-0.139836,-0.227648,-0.448814,0.703393,0.553115,-0.394597,-0.581695,-0.054781,-0.240319,-0.196291,false,false,false,false,1781768.428571,1756791.063492,true,revenue growth positive; net margin positive; positive FCF flag true,3m return non-positive; 12m return non-positive; trend flag false,balance-sheet leverage elevated; 12m drawdown severe,Prepared for future scoring; no recommendation language or ranking emitted.,False,False,False,v2.38J-us-candidate-feature-matrix
U00150,ALOT,"AstroNova, Inc. - Common Stock",NASDAQ,0000008146,fundamental_and_price,CANDIDATE_MATRIX_READY,FEATURES_READY,PRICE_FEATURES_READY,high,,-0.005077,,,,-0.015786,0.07578,0.441272,,,true,false,false,0.005201,0.855954,2.192731,1.61879,1.415982,1.057336,-0.098913,-0.408938,0.009254,0.907494,0.890005,true,true,true,true,83223.380952,157618.904762,true,revenue growth non-positive; net margin non-positive; positive FCF flag true,3m return positive; 12m return positive; trend flag true,balance-sheet leverage not elevated; 12m drawdown within tracked range,Prepared for future scoring; no recommendation language or ranking emitted.,False,False,False,v2.38J-us-candidate-feature-matrix
U00151,ALOV,"Aldabra 4 Liquidity Opportunity Vehicle, Inc. - Class A Ordinary Shares",NASDAQ,0002083989,fundamental_and_price,CANDIDATE_MATRIX_PARTIAL_PRICE,FEATURES_PARTIAL,PRICE_FEATURES_PARTIAL,medium,price_features_missing_or_partial,,,,,,,1.186211,,,false,false,true,0.003012,0.007056,,,0.021979,,,,0.002328,,,false,false,true,false,49466.47619,23068.253968,true,positive FCF flag false,3m return positive; trend flag false,balance-sheet leverage elevated,Prepared for future scoring; no recommendation language or ranking emitted.,False,False,False,v2.38J-us-candidate-feature-matrix
U00152,ALOY,REalloys Inc. - Common Stock,NASDAQ,0001567900,fundamental_and_price,CANDIDATE_MATRIX_PARTIAL_FUNDAMENTALS,FEATURES_PARTIAL,PRICE_FEATURES_READY,medium,fundamental_features_missing_or_partial,,,,,,,,,,false,false,false,-0.064161,-0.260145,-0.605487,0.6336,1.326862,1.407413,-0.676118,-0.728555,-0.100004,-0.085357,0.016275,false,false,false,false,2635147.619048,2924523.809524,true,positive FCF flag false,3m return non-positive; 12m return positive; trend flag false,12m drawdown severe,Prepared for future scoring; no recommendation language or ranking emitted.,False,False,False,v2.38J-us-candidate-feature-matrix
U00153,ALP,Alpha Compute Corp - Common Stock,NASDAQ,0001095435,fundamental_and_price,CANDIDATE_MATRIX_PARTIAL_FUNDAMENTALS,FEATURES_PARTIAL,PRICE_FEATURES_READY,medium,fundamental_features_missing_or_partial,,,,,,,,,,false,false,false,-0.07732,-0.362989,-0.573809,-0.974282,1.258198,1.29128,-0.665929,-0.986159,-0.144605,-0.681585,-0.627757,false,false,false,false,8592028.571429,5850350.793651,true,positive FCF flag false,3m return non-positive; 12m return non-positive; trend flag false,12m drawdown severe,Prepared for future scoring; no recommendation language or ranking emitted.,False,False,False,v2.38J-us-candidate-feature-matrix
U00155,ALRM,"Alarm.com Holdings, Inc. - Common Stock",NASDAQ,0001459200,fundamental_and_price,CANDIDATE_MATRIX_READY,FEATURES_READY,PRICE_FEATURES_READY,high,,0.075929,,,,,0.135533,0.582976,,,true,true,false,0.00126,0.209439,0.127534,-0.051509,0.283932,0.322342,-0.15992,-0.266411,0.044445,0.137175,0.088784,true,false,true,true,372536.428571,480708.968254,true,revenue growth positive; positive FCF flag true,3m return positive; 12m return non-positive; trend flag true,balance-sheet leverage not elevated; 12m drawdown within tracked range,Prepared for future scoring; no recommendation language or ranking emitted.,False,False,False,v2.38J-us-candidate-feature-matrix
U00156,ALRS,Alerus Financial Corporation - Common Stock,NASDAQ,0000903419,fundamental_and_price,CANDIDATE_MATRIX_READY,FEATURES_READY,PRICE_FEATURES_READY,high,,,,,,,,0.891984,,,false,false,true,-0.044256,0.127593,0.337023,0.464302,0.185027,0.200001,-0.064412,-0.111443,0.005817,0.218863,0.211813,true,false,true,false,145810.047619,221447.793651,true,positive FCF flag true,3m return positive; 12m return positive; trend flag true,balance-sheet leverage elevated; 12m drawdown within tracked range,Prepared for future scoring; no recommendation language or ranking emitted.,False,False,False,v2.38J-us-candidate-feature-matrix
U00157,ALT,"Altimmune, Inc. - Common Stock",NASDAQ,0001326190,fundamental_and_price,CANDIDATE_MATRIX_READY,FEATURES_READY,PRICE_FEATURES_READY,high,,1.05,,,,-2148.609756,-1647.463415,0.196611,,,false,true,false,0.03,0.065517,-0.257212,-0.193211,0.466217,0.620205,-0.393443,-0.580906,0.031857,-0.155432,-0.181507,false,false,false,false,4319568.142857,4376703.666667,true,revenue growth positive; net margin non-positive; positive FCF flag false,3m return positive; 12m return non-positive; trend flag false,balance-sheet leverage not elevated; 12m drawdown severe,Prepared for future scoring; no recommendation language or ranking emitted.,False,False,False,v2.38J-us-candidate-feature-matrix
U00158,ALTI,"AlTi Global, Inc. - Class A Common Stock",NASDAQ,0001838615,fundamental_and_price,CANDIDATE_MATRIX_PARTIAL_FUNDAMENTALS,FEATURES_PARTIAL,PRICE_FEATURES_READY,medium,fundamental_features_missing_or_partial,0.232058,,,,-0.469489,,0.256415,,,false,true,false,0.045699,0.2589,-0.123874,-0.086854,0.74869,0.694105,-0.349537,-0.458574,0.028937,-0.010594,-0.038419,false,false,false,true,209447.619048,199138.095238,true,revenue growth positive; net margin non-positive; positive FCF flag false,3m return positive; 12m return non-positive; trend flag false,balance-sheet leverage not elevated; 12m drawdown within tracked range,Prepared for future scoring; no recommendation language or ranking emitted.,False,False,False,v2.38J-us-candidate-feature-matrix
U00159,ALTO,"Alto Ingredients, Inc. - Common Stock",NASDAQ,0000778164,fundamental_and_price,CANDIDATE_MATRIX_READY,FEATURES_READY,PRICE_FEATURES_READY,high,,-0.049035,,,,0.014531,0.009421,0.369213,,,true,false,false,-0.17284,-0.291005,0.546154,2.557522,0.732877,1.079669,-0.338898,-0.338898,-0.167874,-0.000435,0.201218,false,false,false,false,1983311.571429,2351651.47619,true,revenue growth non-positive; net margin positive; positive FCF flag true,3m return non-positive; 12m return positive; trend flag false,balance-sheet leverage not elevated; 12m drawdown within tracked range,Prepared for future scoring; no recommendation language or ranking emitted.,False,False,False,v2.38J-us-candidate-feature-matrix
U00161,ALXO,ALX Oncology Holdings Inc. - Common Stock,NASDAQ,0001810182,fundamental_and_price,CANDIDATE_MATRIX_PARTIAL_FUNDAMENTALS,FEATURES_PARTIAL,PRICE_FEATURES_READY,medium,fundamental_features_missing_or_partial,,,,,,,0.559987,,,false,false,false,0.055838,0.245509,-0.050228,1.019417,0.769557,0.745253,-0.375566,-0.504587,0.027465,0.144744,0.114144,true,false,false,true,1118933.333333,1305790.47619,true,positive FCF flag false,3m return positive; 12m return positive; trend flag true,balance-sheet leverage not elevated; 12m drawdown severe,Prepared for future scoring; no recommendation language or ranking emitted.,False,False,False,v2.38J-us-candidate-feature-matrix
U00162,ALZN,"Alzamend Neuro, Inc. - Common Stock",NASDAQ,0001677077,fundamental_and_price,CANDIDATE_MATRIX_PARTIAL_FUNDAMENTALS,FEATURES_PARTIAL,PRICE_FEATURES_READY,medium,fundamental_features_missing_or_partial,,,,,,,0.647387,,,false,false,false,0.172414,0.478261,-0.141414,-0.297521,0.5976,0.860804,-0.606422,-0.672519,0.236687,0.058685,-0.143935,false,true,false,true,100100.0,156407.936508,true,positive FCF flag false,3m return positive; 12m return non-positive; trend flag false,balance-sheet leverage not elevated; 12m drawdown severe,Prepared for future scoring; no recommendation language or ranking emitted.,False,False,False,v2.38J-us-candidate-feature-matrix
U00163,AMAL,Amalgamated Financial Corp. - Common Stock,NASDAQ,0001823608,fundamental_and_price,CANDIDATE_MATRIX_READY,FEATURES_READY,PRICE_FEATURES_READY,high,,,,,,,,0.910431,,,false,false,true,-0.046141,0.121004,0.226743,0.638629,0.238847,0.241136,-0.089908,-0.131063,-0.017887,0.172125,0.193472,false,false,true,false,153053.714286,162041.714286,true,positive FCF flag true,3m return positive; 12m return positive; trend flag false,balance-sheet leverage elevated; 12m drawdown within tracked range,Prepared for future scoring; no recommendation language or ranking emitted.,False,False,False,v2.38J-us-candidate-feature-matrix
U00165,AMAT,"Applied Materials, Inc. - Common Stock",NASDAQ,0000006951,fundamental_and_price,CANDIDATE_MATRIX_READY,FEATURES_READY,PRICE_FEATURES_READY,high,,0.043862,,,,0.246686,0.20086,0.437588,,,true,true,false,-0.147353,-0.098357,0.257685,1.748507,0.845897,0.6992,-0.396335,-0.396335,-0.187766,0.09421,0.347162,false,false,false,false,7253005.428571,9503017.68254,true,revenue growth positive; net margin positive; positive FCF flag true,3m return non-positive; 12m return positive; trend flag false,balance-sheet leverage not elevated; 12m drawdown within tracked range,Prepared for future scoring; no recommendation language or ranking emitted.,False,False,False,v2.38J-us-candidate-feature-matrix
U00166,AMBA,"Ambarella, Inc. - Ordinary Shares",NASDAQ,0001280263,fundamental_and_price,CANDIDATE_MATRIX_READY,FEATURES_READY,PRICE_FEATURES_READY,high,,0.371534,,,,-0.194176,,0.25521,,,false,true,false,-0.179608,-0.134601,0.180679,-0.177619,0.981151,0.835275,-0.339104,-0.490629,-0.083262,-0.023648,0.065028,false,false,false,false,1008783.52381,1638648.47619,true,revenue growth positive; net margin non-positive; positive FCF flag false,3m return non-positive; 12m return non-positive; trend flag false,balance-sheet leverage not elevated; 12m drawdown within tracked range,Prepared for future scoring; no recommendation language or ranking emitted.,False,False,False,v2.38J-us-candidate-feature-matrix
U00167,AMCI,AMC Robotics Corporation - Common Stock,NASDAQ,0001937891,fundamental_and_price,CANDIDATE_MATRIX_PARTIAL_FUNDAMENTALS,FEATURES_PARTIAL,PRICE_FEATURES_READY,medium,fundamental_features_missing_or_partial,,,,,-4.149469,,0.066805,,,false,false,false,-0.188679,-0.203704,-0.423249,0.007812,1.377539,1.32658,-0.590476,-0.864474,-0.199669,-0.316572,-0.146068,false,false,false,false,155466.666667,153885.714286,true,net margin non-positive; positive FCF flag false,3m return non-positive; 12m return positive; trend flag false,balance-sheet leverage not elevated; 12m drawdown severe,Prepared for future scoring; no recommendation language or ranking emitted.,False,False,False,v2.38J-us-candidate-feature-matrix
U00168,AMCX,AMC Global Media Inc. - Class A Common Stock,NASDAQ,0001514991,fundamental_and_price,CANDIDATE_MATRIX_READY,FEATURES_READY,PRICE_FEATURES_READY,high,,-0.045229,,,,0.038671,0.117816,0.742499,,,true,false,false,0.133945,0.172676,0.582586,0.750708,0.562846,0.50143,-0.214458,-0.348651,0.122759,0.359646,0.210987,true,false,true,true,599959.285714,619499.126984,true,revenue growth non-positive; net margin positive; positive FCF flag true,3m return positive; 12m return positive; trend flag true,balance-sheet leverage not elevated; 12m drawdown within tracked range,Prepared for future scoring; no recommendation language or ranking emitted.,False,False,False,v2.38J-us-candidate-feature-matrix
U00169,AMD,"Advanced Micro Devices, Inc. - Common Stock",NASDAQ,0000002488,fundamental_and_price,CANDIDATE_MATRIX_READY,FEATURES_READY,PRICE_FEATURES_READY,high,,0.343378,,,,0.125148,0.194434,,,,true,true,false,-0.051647,-0.118744,1.406965,1.826108,0.760016,0.75058,-0.260539,-0.277608,-0.086084,0.360919,0.489108,false,false,false,false,21566654.904762,27085478.619048,true,revenue growth positive; net margin positive; positive FCF flag true,3m return non-positive; 12m return positive; trend flag false,12m drawdown within tracked range,Prepared for future scoring; no recommendation language or ranking emitted.,False,False,False,v2.38J-us-candidate-feature-matrix
U00170,AMGN,Amgen Inc. - Common Stock,NASDAQ,0000318154,fundamental_and_price,CANDIDATE_MATRIX_READY,FEATURES_READY,PRICE_FEATURES_READY,high,,0.099539,,,,0.209817,0.220402,,,,true,true,false,0.156386,0.334674,0.162122,0.522783,0.271331,0.255205,-0.146123,-0.165679,0.118787,0.227578,0.09724,true,false,true,false,2512659.047619,2703005.396825,true,revenue growth positive; net margin positive; positive FCF flag true,3m return positive; 12m return positive; trend flag true,12m drawdown within tracked range,Prepared for future scoring; no recommendation language or ranking emitted.,False,False,False,v2.38J-us-candidate-feature-matrix
U00171,AMIX,"Autonomix Medical, Inc. - Common Stock",NASDAQ,0001617867,fundamental_and_price,CANDIDATE_MATRIX_PARTIAL_FUNDAMENTALS,FEATURES_PARTIAL,PRICE_FEATURES_READY,medium,fundamental_features_missing_or_partial,,,,,,,0.224342,,,false,false,false,-0.769231,10.479592,10.029412,2.629032,38.281513,27.100047,-0.769231,-0.774603,-0.272134,1.224777,2.056576,false,false,false,true,3215723.809524,4519570.444444,true,positive FCF flag false,3m return positive; 12m return positive; trend flag false,balance-sheet leverage not elevated; 12m drawdown severe,Prepared for future scoring; no recommendation language or ranking emitted.,False,False,False,v2.38J-us-candidate-feature-matrix
U00172,AMKR,"Amkor Technology, Inc. - Common Stock",NASDAQ,0001047127,fundamental_and_price,CANDIDATE_MATRIX_READY,FEATURES_READY,PRICE_FEATURES_READY,high,,0.061777,,,,0.055739,0.028472,0.446151,,,true,true,false,-0.100511,-0.388146,0.025566,0.890451,1.001449,0.87618,-0.543239,-0.543239,-0.251739,-0.181477,0.0939,false,false,false,false,4204097.238095,5650521.301587,true,revenue growth positive; net margin positive; positive FCF flag true,3m return non-positive; 12m return positive; trend flag false,balance-sheet leverage not elevated; 12m drawdown severe,Prepared for future scoring; no recommendation language or ranking emitted.,False,False,False,v2.38J-us-candidate-feature-matrix
U00173,AMLX,"Amylyx Pharmaceuticals, Inc. - Common Stock",NASDAQ,0001658551,fundamental_and_price,CANDIDATE_MATRIX_PARTIAL_FUNDAMENTALS,FEATURES_PARTIAL,PRICE_FEATURES_READY,medium,fundamental_features_missing_or_partial,-1.0,,,,,,0.082328,,,false,false,false,0.577046,1.612879,1.291694,2.455912,1.401661,1.066623,-0.3061,-0.3061,0.464295,1.070035,0.413674,true,false,false,true,3773438.095238,2493007.936508,true,revenue growth non-positive; positive FCF flag false,3m return positive; 12m return positive; trend flag true,balance-sheet leverage not elevated; 12m drawdown within tracked range,Prepared for future scoring; no recommendation language or ranking emitted.,False,False,False,v2.38J-us-candidate-feature-matrix
U00174,AMOD,"Alpha Modus Holdings, Inc. - Class A Common Stock",NASDAQ,0001862463,fundamental_and_price,CANDIDATE_MATRIX_READY,FEATURES_READY,PRICE_FEATURES_READY,high,,,,,,-1123.737041,-450.859064,10.535911,,,false,false,true,-0.309227,11.311112,4.410156,1.613208,60.676165,42.908065,-0.65,-0.844961,-0.313949,0.679602,1.448217,false,false,false,true,240739.619048,118434.84127,true,net margin non-positive; positive FCF flag false,3m return positive; 12m return positive; trend flag false,balance-sheet leverage elevated; 12m drawdown severe,Prepared for future scoring; no recommendation language or ranking emitted.,False,False,False,v2.38J-us-candidate-feature-matrix
U00175,AMPG,"Amplitech Group, Inc. - Common Stock",NASDAQ,0001518461,fundamental_and_price,CANDIDATE_MATRIX_READY,FEATURES_READY,PRICE_FEATURES_READY,high,,1.649868,,,,-0.278107,-0.38496,0.361634,,,false,true,false,-0.322176,-0.354582,0.191176,-0.147368,1.424761,1.351294,-0.665979,-0.665979,-0.405243,-0.161339,0.41009,false,false,false,false,2554893.380952,3859286.68254,true,revenue growth positive; net margin non-positive; positive FCF flag false,3m return non-positive; 12m return non-positive; trend flag false,balance-sheet leverage not elevated; 12m drawdown severe,Prepared for future scoring; no recommendation language or ranking emitted.,False,False,False,v2.38J-us-candidate-feature-matrix
U00176,AMPH,"Amphastar Pharmaceuticals, Inc. - Common Stock",NASDAQ,0001297184,fundamental_and_price,CANDIDATE_MATRIX_READY,FEATURES_READY,PRICE_FEATURES_READY,high,,-0.016503,,,,0.136263,0.168406,0.515862,,,true,false,false,0.135509,0.244444,0.157842,-0.250163,0.426897,0.516068,-0.297961,-0.452451,0.127004,0.017852,-0.096851,false,true,false,true,434369.238095,481440.539683,true,revenue growth non-positive; net margin positive; positive FCF flag true,3m return positive; 12m return non-positive; trend flag false,balance-sheet leverage not elevated; 12m drawdown within tracked range,Prepared for future scoring; no recommendation language or ranking emitted.,False,False,False,v2.38J-us-candidate-feature-matrix
U00177,AMPL,"Amplitude, Inc. - Class A Common Stock",NASDAQ,0001866692,fundamental_and_price,CANDIDATE_MATRIX_READY,FEATURES_READY,PRICE_FEATURES_READY,high,,0.14683,,,,-0.257976,0.082173,0.416793,,,true,true,false,0.452731,0.658273,0.824538,0.209974,0.65333,0.729484,-0.287166,-0.543902,0.338171,0.566504,0.170631,true,false,true,true,2178009.238095,2272555.460317,true,revenue growth positive; net margin non-positive; positive FCF flag true,3m return positive; 12m return positive; trend flag true,balance-sheet leverage not elevated; 12m drawdown severe,Prepared for future scoring; no recommendation language or ranking emitted.,False,False,False,v2.38J-us-candidate-feature-matrix
U00178,AMRX,"Amneal Pharmaceuticals, Inc. - Class A Common Stock",NASDAQ,0001723128,fundamental_and_price,CANDIDATE_MATRIX_READY,FEATURES_READY,PRICE_FEATURES_READY,high,,0.08046,,,,0.02387,0.089417,,,,true,true,false,-0.062069,0.397628,0.328325,0.849372,0.375913,0.366746,-0.150971,-0.222515,-0.002381,0.238212,0.241168,false,false,true,false,1642391.142857,1970508.15873,true,revenue growth positive; net margin positive; positive FCF flag true,3m return positive; 12m return positive; trend flag false,12m drawdown within tracked range,Prepared for future scoring; no recommendation language or ranking emitted.,False,False,False,v2.38J-us-candidate-feature-matrix
U00179,AMSC,American Superconductor Corporation - Common Stock,NASDAQ,0000880807,fundamental_and_price,CANDIDATE_MATRIX_READY,FEATURES_READY,PRICE_FEATURES_READY,high,,,,,,,,0.248869,,,false,false,false,-0.078412,-0.44186,-0.081377,-0.427655,0.707646,0.760019,-0.546322,-0.610828,-0.141497,-0.20435,-0.073213,false,false,false,false,689962.52381,890681.15873,true,positive FCF flag true,3m return non-positive; 12m return non-positive; trend flag false,balance-sheet leverage not elevated; 12m drawdown severe,Prepared for future scoring; no recommendation language or ranking emitted.,False,False,False,v2.38J-us-candidate-feature-matrix
U00180,AMSF,"AMERISAFE, Inc. - Common Stock",NASDAQ,0001018979,fundamental_and_price,CANDIDATE_MATRIX_READY,FEATURES_READY,PRICE_FEATURES_READY,high,,0.026563,,,,0.148604,0.028123,0.777454,,,true,true,true,-0.14049,-0.158066,-0.243511,-0.438285,0.350249,0.329946,-0.279305,-0.456085,-0.14786,-0.235657,-0.103032,false,false,false,false,406925.142857,307563.936508,true,revenue growth positive; net margin positive; positive FCF flag true,3m return non-positive; 12m return non-positive; trend flag false,balance-sheet leverage elevated; 12m drawdown within tracked range,Prepared for future scoring; no recommendation language or ranking emitted.,False,False,False,v2.38J-us-candidate-feature-matrix
U00181,AMSS,AMASS Brands Inc. - Common Stock,NASDAQ,0001851491,fundamental_and_price,CANDIDATE_MATRIX_PARTIAL_PRICE,INSUFFICIENT_FEATURE_EVIDENCE,PRICE_FEATURES_PARTIAL,medium,price_features_missing_or_partial,,,,,,,,,,false,false,false,-0.353846,-0.788945,,,1.305889,,,,-0.342517,,,false,false,false,false,86342.857143,275133.333333,true,positive FCF flag false,3m return non-positive; trend flag false,Risk evidence incomplete.,Prepared for future scoring; no recommendation language or ranking emitted.,False,False,False,v2.38J-us-candidate-feature-matrix
U00182,AMST,Amesite Inc. - Common Stock,NASDAQ,0001807166,fundamental_and_price,CANDIDATE_MATRIX_READY,FEATURES_READY,PRICE_FEATURES_READY,high,,-0.338097,,,,-32.74596,-22.238242,,,,false,false,false,-0.009434,-0.244604,-0.40678,-0.619565,0.79914,2.106673,-0.613949,-0.796899,-0.008461,-0.35004,-0.344494,false,false,false,false,127023.619048,115838.031746,true,revenue growth non-positive; net margin non-positive; positive FCF flag false,3m return non-positive; 12m return non-positive; trend flag false,12m drawdown severe,Prepared for future scoring; no recommendation language or ranking emitted.,False,False,False,v2.38J-us-candidate-feature-matrix
U00183,AMTX,"Aemetis, Inc - Common Stock",NASDAQ,0000738214,fundamental_and_price,CANDIDATE_MATRIX_PARTIAL_FUNDAMENTALS,FEATURES_PARTIAL,PRICE_FEATURES_READY,medium,fundamental_features_missing_or_partial,,,,,,,,,,false,false,false,0.17284,-0.22449,0.366906,-0.233871,0.737016,1.065064,-0.614754,-0.614754,0.11745,-0.022219,-0.124989,false,false,false,false,804457.142857,1059503.174603,true,positive FCF flag false,3m return non-positive; 12m return non-positive; trend flag false,12m drawdown severe,Prepared for future scoring; no recommendation language or ranking emitted.,False,False,False,v2.38J-us-candidate-feature-matrix
U00184,AMZN,"Amazon.com, Inc. - Common Stock",NASDAQ,0001018724,fundamental_and_price,CANDIDATE_MATRIX_READY,FEATURES_READY,PRICE_FEATURES_READY,high,,0.123778,,,,0.108338,,,,,true,true,false,-0.102458,-0.006237,0.221291,0.113188,0.446376,0.378826,-0.175788,-0.217362,0.009947,0.067564,0.05705,true,false,false,false,35783310.285714,48790427.238095,true,revenue growth positive; net margin positive; positive FCF flag false,3m return non-positive; 12m return positive; trend flag true,12m drawdown within tracked range,Prepared for future scoring; no recommendation language or ranking emitted.,False,False,False,v2.38J-us-candidate-feature-matrix
U00185,ANAB,"AnaptysBio, Inc. - Common Stock",NASDAQ,0001370053,fundamental_and_price,CANDIDATE_MATRIX_READY,FEATURES_READY,PRICE_FEATURES_READY,high,,1.570147,,,,-0.056402,0.083588,,,,true,true,false,0.03019,0.078424,0.569563,3.078702,0.635922,0.714386,-0.279616,-0.279616,-0.052232,0.203551,0.26988,false,false,false,false,381159.761905,590689.761905,true,revenue growth positive; net margin non-positive; positive FCF flag true,3m return positive; 12m return positive; trend flag false,12m drawdown within tracked range,Prepared for future scoring; no recommendation language or ranking emitted.,False,False,False,v2.38J-us-candidate-feature-matrix
U00186,ANDE,"The Andersons, Inc. - Common Stock",NASDAQ,0000821026,fundamental_and_price,CANDIDATE_MATRIX_READY,FEATURES_READY,PRICE_FEATURES_READY,high,,-0.863996,,,,0.062514,-0.036657,0.652493,,,true,false,false,-0.037217,-0.075972,0.025461,0.644499,0.403364,0.400633,-0.211945,-0.211945,-0.041883,0.016961,0.061416,false,false,false,false,364487.47619,338856.142857,true,revenue growth non-positive; net margin positive; positive FCF flag false,3m return non-positive; 12m return positive; trend flag false,balance-sheet leverage not elevated; 12m drawdown within tracked range,Prepared for future scoring; no recommendation language or ranking emitted.,False,False,False,v2.38J-us-candidate-feature-matrix
U00188,ANGI,Angi Inc. - Class A Common Stock,NASDAQ,0001705110,fundamental_and_price,CANDIDATE_MATRIX_PARTIAL_FUNDAMENTALS,FEATURES_PARTIAL,PRICE_FEATURES_READY,medium,fundamental_features_missing_or_partial,-0.130432,,,,,,,,,false,false,false,-0.201288,-0.177446,-0.447046,-0.71754,0.910565,0.956092,-0.538871,-0.765439,-0.091475,-0.391605,-0.330349,false,false,false,false,893466.666667,821255.555556,true,revenue growth non-positive; positive FCF flag false,3m return non-positive; 12m return non-positive; trend flag false,12m drawdown severe,Prepared for future scoring; no recommendation language or ranking emitted.,False,False,False,v2.38J-us-candidate-feature-matrix
U00189,ANGO,"AngioDynamics, Inc. - Common Stock",NASDAQ,0001275187,fundamental_and_price,CANDIDATE_MATRIX_READY,FEATURES_READY,PRICE_FEATURES_READY,high,,0.094619,,,,-0.114756,0.001587,0.360596,,,true,true,false,0.045485,0.444444,0.436594,0.545809,0.40765,0.44067,-0.187605,-0.288856,0.096334,0.302156,0.187737,true,false,true,true,374477.904762,441368.825397,true,revenue growth positive; net margin non-positive; positive FCF flag true,3m return positive; 12m return positive; trend flag true,balance-sheet leverage not elevated; 12m drawdown within tracked range,Prepared for future scoring; no recommendation language or ranking emitted.,False,False,False,v2.38J-us-candidate-feature-matrix
U00190,ANIK,Anika Therapeutics Inc. - Common Stock,NASDAQ,0000898437,fundamental_and_price,CANDIDATE_MATRIX_READY,FEATURES_READY,PRICE_FEATURES_READY,high,,-0.059112,,,,-0.096438,0.038664,,,,true,false,false,0.01784,0.468011,0.465972,1.250533,0.489645,0.567494,-0.225625,-0.225625,0.173469,0.532381,0.305855,true,false,true,false,134777.380952,95565.47619,true,revenue growth non-positive; net margin non-positive; positive FCF flag true,3m return positive; 12m return positive; trend flag true,12m drawdown within tracked range,Prepared for future scoring; no recommendation language or ranking emitted.,False,False,False,v2.38J-us-candidate-feature-matrix
U00191,ANIP,"ANI Pharmaceuticals, Inc. - Common Stock",NASDAQ,0001023024,fundamental_and_price,CANDIDATE_MATRIX_READY,FEATURES_READY,PRICE_FEATURES_READY,high,,0.437826,,,,0.08868,0.194019,0.624596,,,true,true,false,-0.101674,-0.036571,-0.054928,-0.230802,0.301562,0.308556,-0.164013,-0.286611,-0.09246,-0.095259,-0.003084,false,false,false,false,425935.047619,346160.888889,true,revenue growth positive; net margin positive; positive FCF flag true,3m return non-positive; 12m return non-positive; trend flag false,balance-sheet leverage not elevated; 12m drawdown within tracked range,Prepared for future scoring; no recommendation language or ranking emitted.,False,False,False,v2.38J-us-candidate-feature-matrix
U00192,ANIX,"Anixa Biosciences, Inc. - Common Stock",NASDAQ,0000715446,fundamental_and_price,CANDIDATE_MATRIX_PARTIAL_FUNDAMENTALS,FEATURES_PARTIAL,PRICE_FEATURES_READY,medium,fundamental_features_missing_or_partial,,,,,,,0.132463,,,false,false,false,-0.082111,0.242063,0.075601,0.012945,0.66703,0.581645,-0.251592,-0.549808,-0.059099,-0.014328,0.047583,false,false,false,true,247057.142857,263849.206349,true,positive FCF flag false,3m return positive; 12m return positive; trend flag false,balance-sheet leverage not elevated; 12m drawdown severe,Prepared for future scoring; no recommendation language or ranking emitted.,False,False,False,v2.38J-us-candidate-feature-matrix
U00193,ANNA,"AleAnna, Inc. - Class A Common Stock",NASDAQ,0001845123,fundamental_and_price,CANDIDATE_MATRIX_PARTIAL_FUNDAMENTALS,FEATURES_PARTIAL,PRICE_FEATURES_READY,medium,fundamental_features_missing_or_partial,16.630428,,,,,,0.420709,,,false,true,false,0.246964,-0.080597,-0.043478,-0.247496,0.771794,1.86002,-0.761719,-0.761719,0.060241,-0.095668,-0.147051,false,false,false,false,176333.333333,264463.492063,true,revenue growth positive; positive FCF flag false,3m return non-positive; 12m return non-positive; trend flag false,balance-sheet leverage not elevated; 12m drawdown severe,Prepared for future scoring; no recommendation language or ranking emitted.,False,False,False,v2.38J-us-candidate-feature-matrix
U00194,ANNX,"Annexon, Inc. - common stock",NASDAQ,0001528115,fundamental_and_price,CANDIDATE_MATRIX_PARTIAL_FUNDAMENTALS,FEATURES_PARTIAL,PRICE_FEATURES_READY,medium,fundamental_features_missing_or_partial,,,,,,,0.2375,,,false,false,false,-0.075047,-0.085343,-0.118068,1.381643,0.707168,0.687427,-0.308869,-0.350575,-0.085767,-0.082176,0.003928,false,false,false,false,2441471.428571,3522992.063492,true,positive FCF flag false,3m return non-positive; 12m return positive; trend flag false,balance-sheet leverage not elevated; 12m drawdown within tracked range,Prepared for future scoring; no recommendation language or ranking emitted.,False,False,False,v2.38J-us-candidate-feature-matrix
U00195,ANPA,Rich Sparkle Holdings Limited - Ordinary Shares,NASDAQ,0002031688,fundamental_and_price,CANDIDATE_MATRIX_READY,FEATURES_READY,PRICE_FEATURES_READY,high,,,,,,0.021271,-0.028654,0.335154,,,true,false,false,-0.006087,-0.366006,-0.578006,-0.901756,0.859296,0.889522,-0.626467,-0.977833,-0.047684,-0.787387,-0.776742,false,false,false,false,10459.52381,13799.206349,true,net margin positive; positive FCF flag false,3m return non-positive; 12m return non-positive; trend flag false,balance-sheet leverage not elevated; 12m drawdown severe,Prepared for future scoring; no recommendation language or ranking emitted.,False,False,False,v2.38J-us-candidate-feature-matrix
U00197,ANTA,Antalpha Platform Holding Company - Class A Ordinary Shares,NASDAQ,0002044255,fundamental_and_price,CANDIDATE_MATRIX_READY,FEATURES_READY,PRICE_FEATURES_READY,high,,,,,,0.306661,-0.05294,0.915944,,,true,false,true,0.21875,-0.496124,-0.537915,-0.704321,0.929613,0.996289,-0.708038,-0.774834,-0.06798,-0.481573,-0.44376,false,false,false,false,7031.619048,4951.809524,true,net margin positive; positive FCF flag false,3m return non-positive; 12m return non-positive; trend flag false,balance-sheet leverage elevated; 12m drawdown severe,Prepared for future scoring; no recommendation language or ranking emitted.,False,False,False,v2.38J-us-candidate-feature-matrix
U00198,ANTX,"AN2 Therapeutics, Inc. - Common Stock",NASDAQ,0001880438,fundamental_and_price,CANDIDATE_MATRIX_PARTIAL_FUNDAMENTALS,FEATURES_PARTIAL,PRICE_FEATURES_READY,medium,fundamental_features_missing_or_partial,,,,,,,0.143503,,,false,false,false,0.001684,0.416667,3.440299,4.173913,0.623146,1.717278,-0.456044,-0.456044,0.127962,0.785259,0.582729,true,false,true,true,216714.285714,287261.904762,true,positive FCF flag false,3m return positive; 12m return positive; trend flag true,balance-sheet leverage not elevated; 12m drawdown within tracked range,Prepared for future scoring; no recommendation language or ranking emitted.,False,False,False,v2.38J-us-candidate-feature-matrix
U00199,ANY,Sphere 3D Corp. - Common Shares,NASDAQ,0001591956,fundamental_and_price,CANDIDATE_MATRIX_READY,FEATURES_READY,PRICE_FEATURES_READY,high,,-0.32677,,,,-1.921295,-2.112244,,,,false,false,false,-0.085366,-0.424552,0.666667,-0.635332,1.656389,2.116003,-0.716814,-0.89619,0.011009,-0.10347,-0.113232,false,false,false,false,421941.619048,1126428.15873,true,revenue growth non-positive; net margin non-positive; positive FCF flag false,3m return non-positive; 12m return non-positive; trend flag false,12m drawdown severe,Prepared for future scoring; no recommendation language or ranking emitted.,False,False,False,v2.38J-us-candidate-feature-matrix
U00200,AOSL,Alpha and Omega Semiconductor Limited - Common Shares,NASDAQ,0001387467,fundamental_and_price,CANDIDATE_MATRIX_READY,FEATURES_READY,PRICE_FEATURES_READY,high,,-0.024757,,,,-0.062253,-0.100264,0.17192,,,false,false,false,-0.248808,-0.556639,0.153734,-0.178311,1.035792,1.060543,-0.556639,-0.556639,-0.292228,-0.195932,0.136056,false,false,false,false,618581.285714,713212.809524,true,revenue growth non-positive; net margin non-positive; positive FCF flag false,3m return non-positive; 12m return non-positive; trend flag false,balance-sheet leverage not elevated; 12m drawdown severe,Prepared for future scoring; no recommendation language or ranking emitted.,False,False,False,v2.38J-us-candidate-feature-matrix
U00201,AOUT,"American Outdoor Brands, Inc. - Common Stock",NASDAQ,0001808997,fundamental_and_price,CANDIDATE_MATRIX_READY,FEATURES_READY,PRICE_FEATURES_READY,high,,-0.142973,,,,-0.048327,0.022405,0.267968,,,true,false,false,-0.22179,0.012146,0.132503,-0.042146,0.699235,0.584768,-0.309869,-0.388462,-0.197161,0.029405,0.282206,false,false,false,false,43308.380952,100239.301587,true,revenue growth non-positive; net margin non-positive; positive FCF flag true,3m return positive; 12m return non-positive; trend flag false,balance-sheet leverage not elevated; 12m drawdown within tracked range,Prepared for future scoring; no recommendation language or ranking emitted.,False,False,False,v2.38J-us-candidate-feature-matrix
U00202,APA,APA Corporation - Common Stock,NASDAQ,0001841666,fundamental_and_price,CANDIDATE_MATRIX_PARTIAL_FUNDAMENTALS,FEATURES_PARTIAL,PRICE_FEATURES_READY,medium,fundamental_features_missing_or_partial,,,,,,,,,,false,false,false,0.248603,0.166188,0.437299,0.875,0.440391,0.469899,-0.282046,-0.282046,0.194268,0.338899,0.121104,true,true,true,true,5528619.047619,5530920.634921,true,positive FCF flag false,3m return positive; 12m return positive; trend flag true,12m drawdown within tracked range,Prepared for future scoring; no recommendation language or ranking emitted.,False,False,False,v2.38J-us-candidate-feature-matrix
U00204,APC,ARKO Petroleum Corp. - Class A Common Stock,NASDAQ,0002080921,fundamental_and_price,CANDIDATE_MATRIX_PARTIAL_PRICE,INSUFFICIENT_FEATURE_EVIDENCE,PRICE_FEATURES_PARTIAL,medium,price_features_missing_or_partial,,,,,,,,,,false,false,false,-0.109981,-0.056497,-0.044722,,0.360887,0.332784,-0.165197,,-0.051254,,,false,false,false,false,173880.952381,165977.777778,true,positive FCF flag false,3m return non-positive; trend flag false,Risk evidence incomplete.,Prepared for future scoring; no recommendation language or ranking emitted.,False,False,False,v2.38J-us-candidate-feature-matrix
U00205,APEI,"American Public Education, Inc. - Common Stock",NASDAQ,0001201792,fundamental_and_price,CANDIDATE_MATRIX_READY,FEATURES_READY,PRICE_FEATURES_READY,high,,0.038912,,,,0.048634,0.071049,0.434653,,,true,true,false,-0.137347,-0.122992,-0.011214,0.519218,0.503071,0.526198,-0.271936,-0.271936,-0.089353,-0.043508,0.050343,false,false,false,false,309008.190476,306817.015873,true,revenue growth positive; net margin positive; positive FCF flag true,3m return non-positive; 12m return positive; trend flag false,balance-sheet leverage not elevated; 12m drawdown within tracked range,Prepared for future scoring; no recommendation language or ranking emitted.,False,False,False,v2.38J-us-candidate-feature-matrix
U00206,APGE,"Apogee Therapeutics, Inc. - Common Stock",NASDAQ,0001974640,fundamental_and_price,CANDIDATE_MATRIX_PARTIAL_FUNDAMENTALS,FEATURES_PARTIAL,PRICE_FEATURES_READY,medium,fundamental_features_missing_or_partial,,,,,,,0.035482,,,false,false,false,0.006558,0.604347,0.86793,2.567618,0.974733,0.811124,-0.156725,-0.24627,0.007011,0.468603,0.458378,true,false,true,false,1413315.666667,2790500.460317,true,positive FCF flag false,3m return positive; 12m return positive; trend flag true,balance-sheet leverage not elevated; 12m drawdown within tracked range,Prepared for future scoring; no recommendation language or ranking emitted.,False,False,False,v2.38J-us-candidate-feature-matrix
U00207,API,"Agora, Inc. - ADS",NASDAQ,0001802883,fundamental_and_price,CANDIDATE_MATRIX_READY,FEATURES_READY,PRICE_FEATURES_READY,high,,0.058541,,,,0.067547,0.181005,0.219458,,,true,true,false,-0.011057,-0.234791,-0.117325,0.166667,0.463037,0.561458,-0.268061,-0.289583,-0.032103,-0.011415,0.021374,false,false,false,false,240946.095238,321756.634921,true,revenue growth positive; net margin positive; positive FCF flag true,3m return non-positive; 12m return positive; trend flag false,balance-sheet leverage not elevated; 12m drawdown within tracked range,Prepared for future scoring; no recommendation language or ranking emitted.,False,False,False,v2.38J-us-candidate-feature-matrix
U00208,APLD,Applied Digital Corporation - Common Stock,NASDAQ,0001144879,fundamental_and_price,CANDIDATE_MATRIX_PARTIAL_FUNDAMENTALS,FEATURES_PARTIAL,PRICE_FEATURES_READY,medium,fundamental_features_missing_or_partial,3.239533,,,,,,0.622977,,,false,true,false,-0.20339,-0.442854,-0.130541,0.632372,0.890034,0.98897,-0.532326,-0.532326,-0.166469,-0.225728,-0.071095,false,false,false,false,15263828.571429,19099387.301587,true,revenue growth positive; positive FCF flag false,3m return non-positive; 12m return positive; trend flag false,balance-sheet leverage not elevated; 12m drawdown severe,Prepared for future scoring; no recommendation language or ranking emitted.,False,False,False,v2.38J-us-candidate-feature-matrix
U00212,APOG,"Apogee Enterprises, Inc. - Common Stock",NASDAQ,0000006845,fundamental_and_price,CANDIDATE_MATRIX_READY,FEATURES_READY,PRICE_FEATURES_READY,high,,0.032138,,,,0.038535,0.06774,,,,true,true,false,-0.10436,-0.025408,-0.021603,-0.145293,0.506633,0.44819,-0.231603,-0.301101,-0.088802,-0.010464,0.085973,false,false,false,false,170000.809524,247744.714286,true,revenue growth positive; net margin positive; positive FCF flag true,3m return non-positive; 12m return non-positive; trend flag false,12m drawdown within tracked range,Prepared for future scoring; no recommendation language or ranking emitted.,False,False,False,v2.38J-us-candidate-feature-matrix
U00213,APP,Applovin Corporation - Class A Common Stock,NASDAQ,0001751008,fundamental_and_price,CANDIDATE_MATRIX_READY,FEATURES_READY,PRICE_FEATURES_READY,high,,0.16382,,,,0.608269,,0.705952,,,true,true,false,-0.23247,-0.485263,-0.289708,-0.348628,0.704545,0.702833,-0.513459,-0.59298,-0.224684,-0.3632,-0.178658,false,false,false,false,6411188.619048,6011972.396825,true,revenue growth positive; net margin positive; positive FCF flag false,3m return non-positive; 12m return non-positive; trend flag false,balance-sheet leverage not elevated; 12m drawdown severe,Prepared for future scoring; no recommendation language or ranking emitted.,False,False,False,v2.38J-us-candidate-feature-matrix
U00214,APPF,"AppFolio, Inc. - Class A Common Stock",NASDAQ,0001433195,fundamental_and_price,CANDIDATE_MATRIX_READY,FEATURES_READY,PRICE_FEATURES_READY,high,,0.197204,,,,0.148212,0.251309,0.212475,,,true,true,false,0.175231,0.290042,0.195754,-0.187829,0.500163,0.477074,-0.250196,-0.499616,0.199458,0.197831,-0.001356,false,false,false,true,403530.380952,400413.301587,true,revenue growth positive; net margin positive; positive FCF flag true,3m return positive; 12m return non-positive; trend flag false,balance-sheet leverage not elevated; 12m drawdown within tracked range,Prepared for future scoring; no recommendation language or ranking emitted.,False,False,False,v2.38J-us-candidate-feature-matrix
U00215,APPN,Appian Corporation - Class A Common Stock,NASDAQ,0001441683,fundamental_and_price,CANDIDATE_MATRIX_READY,FEATURES_READY,PRICE_FEATURES_READY,high,,0.178138,,,,0.001696,0.081927,1.067968,,,true,true,true,0.457597,0.513301,0.501487,0.312216,0.684431,0.672109,-0.30641,-0.589833,0.361308,0.420581,0.043542,true,false,false,true,873654.904762,872588.142857,true,revenue growth positive; net margin positive; positive FCF flag true,3m return positive; 12m return positive; trend flag true,balance-sheet leverage elevated; 12m drawdown severe,Prepared for future scoring; no recommendation language or ranking emitted.,False,False,False,v2.38J-us-candidate-feature-matrix
U00216,APPS,"Digital Turbine, Inc. - Common Stock",NASDAQ,0000317788,fundamental_and_price,CANDIDATE_MATRIX_READY,FEATURES_READY,PRICE_FEATURES_READY,high,,0.152383,,,,-0.066753,0.019789,0.771686,,,true,true,true,0.111111,0.169591,1.386635,1.380952,1.184737,1.159119,-0.396694,-0.613169,-0.064966,0.583042,0.693032,false,false,false,true,4216619.714286,4596378.0,true,revenue growth positive; net margin non-positive; positive FCF flag true,3m return positive; 12m return positive; trend flag false,balance-sheet leverage elevated; 12m drawdown severe,Prepared for future scoring; no recommendation language or ranking emitted.,False,False,False,v2.38J-us-candidate-feature-matrix
U00217,APRE,"Aprea Therapeutics, Inc. - Common Stock",NASDAQ,0001781983,fundamental_and_price,CANDIDATE_MATRIX_PARTIAL_FUNDAMENTALS,FEATURES_PARTIAL,PRICE_FEATURES_READY,medium,fundamental_features_missing_or_partial,,,,,,,,,,false,false,false,0.368948,0.076115,-0.098901,-0.477707,0.885492,0.927768,-0.402,-0.642424,0.145924,-0.003227,-0.130158,false,false,false,false,515185.714286,227019.047619,true,positive FCF flag false,3m return positive; 12m return non-positive; trend flag false,12m drawdown severe,Prepared for future scoring; no recommendation language or ranking emitted.,False,False,False,v2.38J-us-candidate-feature-matrix
U00218,APUR,Aperture AC - Class A Ordinary Shares,NASDAQ,0002093524,fundamental_and_price,CANDIDATE_MATRIX_PARTIAL_PRICE,INSUFFICIENT_FEATURE_EVIDENCE,PRICE_FEATURES_PARTIAL,medium,price_features_missing_or_partial,,,,,,,,,,false,false,false,0.00502,-0.000998,,,0.042937,,,,0.005909,,,false,false,true,false,37328.571429,75961.396825,true,positive FCF flag false,3m return non-positive; trend flag false,Risk evidence incomplete.,Prepared for future scoring; no recommendation language or ranking emitted.,False,False,False,v2.38J-us-candidate-feature-matrix
U00219,APVO,Aptevo Therapeutics Inc. - Common Stock,NASDAQ,0001671584,fundamental_and_price,CANDIDATE_MATRIX_PARTIAL_FUNDAMENTALS,FEATURES_PARTIAL,PRICE_FEATURES_READY,medium,fundamental_features_missing_or_partial,,,,,,,0.360852,,,false,false,false,-0.364303,-0.482072,-0.61367,-0.909722,0.758295,0.797633,-0.652561,-0.934343,-0.317732,-0.659956,-0.501597,false,false,false,false,97452.380952,69342.857143,true,positive FCF flag false,3m return non-positive; 12m return non-positive; trend flag false,balance-sheet leverage not elevated; 12m drawdown severe,Prepared for future scoring; no recommendation language or ranking emitted.,False,False,False,v2.38J-us-candidate-feature-matrix
U00220,APWC,"Asia Pacific Wire & Cable Corporation Limited - Common shares, Par value .01 per share",NASDAQ,0001026980,fundamental_and_price,CANDIDATE_MATRIX_READY,FEATURES_READY,PRICE_FEATURES_READY,high,,-0.020513,,,,0.023621,0.001538,0.397482,,,true,false,false,-0.126582,-0.021277,-0.168675,-0.245902,1.023368,0.801028,-0.339713,-0.424107,-0.102381,-0.126831,-0.027239,false,false,false,false,10528.285714,801022.126984,true,revenue growth non-positive; net margin positive; positive FCF flag true,3m return non-positive; 12m return non-positive; trend flag false,balance-sheet leverage not elevated; 12m drawdown within tracked range,Prepared for future scoring; no recommendation language or ranking emitted.,False,False,False,v2.38J-us-candidate-feature-matrix
U00221,APXT,Apex Treasury Corporation - Class A Ordinary Share,NASDAQ,0002079253,fundamental_and_price,CANDIDATE_MATRIX_PARTIAL_PRICE,FEATURES_PARTIAL,PRICE_FEATURES_PARTIAL,medium,price_features_missing_or_partial,,,,,,,0.039846,,,false,false,false,0.002475,0.007463,0.020665,,0.025368,0.024168,-0.006,,0.002745,,,false,false,true,false,119638.095238,249904.761905,true,positive FCF flag false,3m return positive; trend flag false,balance-sheet leverage not elevated,Prepared for future scoring; no recommendation language or ranking emitted.,False,False,False,v2.38J-us-candidate-feature-matrix
U00222,APYX,Apyx Medical Corporation - Common Stock,NASDAQ,0000719135,fundamental_and_price,CANDIDATE_MATRIX_READY,FEATURES_READY,PRICE_FEATURES_READY,high,,0.098582,,,,-0.212153,-0.172489,0.778112,,,false,true,true,-0.270335,-0.207792,-0.037855,0.532663,0.715699,0.8139,-0.384774,-0.384774,-0.202281,-0.203276,-0.001247,false,false,false,false,157650.809524,132035.984127,true,revenue growth positive; net margin non-positive; positive FCF flag false,3m return non-positive; 12m return positive; trend flag false,balance-sheet leverage elevated; 12m drawdown within tracked range,Prepared for future scoring; no recommendation language or ranking emitted.,False,False,False,v2.38J-us-candidate-feature-matrix
U00223,AQB,"AquaBounty Technologies, Inc. - Common Stock",NASDAQ,0001603978,fundamental_and_price,CANDIDATE_MATRIX_PARTIAL_FUNDAMENTALS,FEATURES_PARTIAL,PRICE_FEATURES_READY,medium,fundamental_features_missing_or_partial,,,,,,,1.182811,,,false,false,true,0.296703,0.18,0.268817,0.102804,0.785482,0.729028,-0.237288,-0.726316,0.058581,0.195379,0.129228,true,false,false,true,1406180.952381,496180.952381,true,positive FCF flag false,3m return positive; 12m return positive; trend flag true,balance-sheet leverage elevated; 12m drawdown severe,Prepared for future scoring; no recommendation language or ranking emitted.,False,False,False,v2.38J-us-candidate-feature-matrix
U00224,AQMS,"Aqua Metals, Inc. - Common Stock",NASDAQ,0001621832,fundamental_and_price,CANDIDATE_MATRIX_PARTIAL_FUNDAMENTALS,FEATURES_PARTIAL,PRICE_FEATURES_READY,medium,fundamental_features_missing_or_partial,,,,,,,0.250482,,,false,false,false,0.144,-0.251309,-0.419878,-0.207756,0.786979,0.755183,-0.557143,-0.916273,0.035257,-0.35125,-0.373343,false,false,false,false,31604.761905,85022.222222,true,positive FCF flag false,3m return non-positive; 12m return non-positive; trend flag false,balance-sheet leverage not elevated; 12m drawdown severe,Prepared for future scoring; no recommendation language or ranking emitted.,False,False,False,v2.38J-us-candidate-feature-matrix
U00225,AQST,"Aquestive Therapeutics, Inc. - Common Stock",NASDAQ,0001398733,fundamental_and_price,CANDIDATE_MATRIX_READY,FEATURES_READY,PRICE_FEATURES_READY,high,,-0.226125,,,,-1.880884,-1.189673,1.20983,,,false,false,true,0.382586,0.333333,0.271845,0.38992,0.55022,0.536073,-0.284294,-0.606142,0.226735,0.173086,-0.043733,false,false,false,true,3827476.714286,2654198.587302,true,revenue growth non-positive; net margin non-positive; positive FCF flag false,3m return positive; 12m return positive; trend flag false,balance-sheet leverage elevated; 12m drawdown severe,Prepared for future scoring; no recommendation language or ranking emitted.,False,False,False,v2.38J-us-candidate-feature-matrix
U00226,ARAI,Arrive AI Inc. - Common Stock,NASDAQ,0001818274,fundamental_and_price,CANDIDATE_MATRIX_PARTIAL_FUNDAMENTALS,FEATURES_PARTIAL,PRICE_FEATURES_READY,medium,fundamental_features_missing_or_partial,,,,,-113.257254,-77.24974,0.773526,,,false,false,true,-0.012295,-0.56102,-0.770476,-0.945103,0.841142,1.825068,-0.863636,-0.964286,-0.210354,-0.817194,-0.768497,false,false,false,false,462428.571429,644771.428571,true,net margin non-positive; positive FCF flag false,3m return non-positive; 12m return non-positive; trend flag false,balance-sheet leverage elevated; 12m drawdown severe,Prepared for future scoring; no recommendation language or ranking emitted.,False,False,False,v2.38J-us-candidate-feature-matrix
U00227,ARAY,Accuray Incorporated - Common Stock,NASDAQ,0001138723,fundamental_and_price,CANDIDATE_MATRIX_READY,FEATURES_READY,PRICE_FEATURES_READY,high,,-0.123353,,,,-0.122389,-0.031949,0.906015,,,false,false,true,-0.057037,-0.3635,-0.519623,-0.8325,1.086413,1.333691,-0.557692,-0.875676,-0.060142,-0.513633,-0.48251,false,false,false,false,734066.52381,1440638.047619,true,revenue growth non-positive; net margin non-positive; positive FCF flag false,3m return non-positive; 12m return non-positive; trend flag false,balance-sheet leverage elevated; 12m drawdown severe,Prepared for future scoring; no recommendation language or ranking emitted.,False,False,False,v2.38J-us-candidate-feature-matrix
U00229,ARBE,Arbe Robotics Ltd. - Ordinary Shares,NASDAQ,0001861841,fundamental_and_price,CANDIDATE_MATRIX_READY,FEATURES_READY,PRICE_FEATURES_READY,high,,0.335938,,,,-45.244639,-37.453216,,,,false,true,false,-0.086667,-0.430177,-0.195125,-0.504692,1.002525,1.034246,-0.5216,-0.79368,-0.110461,-0.328879,-0.245541,false,false,false,false,853744.619048,1598994.238095,true,revenue growth positive; net margin non-positive; positive FCF flag false,3m return non-positive; 12m return non-positive; trend flag false,12m drawdown severe,Prepared for future scoring; no recommendation language or ranking emitted.,False,False,False,v2.38J-us-candidate-feature-matrix
U00230,ARCB,ArcBest Corporation - Common Stock,NASDAQ,0000894405,fundamental_and_price,CANDIDATE_MATRIX_READY,FEATURES_READY,PRICE_FEATURES_READY,high,,-0.040407,,,,0.014986,0.028472,,,,true,false,false,-0.035255,-0.064364,0.269319,0.799349,0.508687,0.489441,-0.233807,-0.248571,-0.081081,0.178381,0.282355,false,false,false,false,280239.47619,399570.301587,true,revenue growth non-positive; net margin positive; positive FCF flag true,3m return non-positive; 12m return positive; trend flag false,12m drawdown within tracked range,Prepared for future scoring; no recommendation language or ranking emitted.,False,False,False,v2.38J-us-candidate-feature-matrix
U00232,ARCI,Archimedes Tech SPAC Partners III Co. - Ordinary Share,NASDAQ,0002083910,fundamental_and_price,CANDIDATE_MATRIX_PARTIAL_PRICE,INSUFFICIENT_FEATURE_EVIDENCE,PRICE_FEATURES_PARTIAL,medium,price_features_missing_or_partial,,,,,,,,,,false,false,false,-0.002956,0.013013,,,0.02179,,,,0.002417,,,false,false,true,false,514835.142857,442584.15873,true,positive FCF flag false,3m return positive; trend flag false,Risk evidence incomplete.,Prepared for future scoring; no recommendation language or ranking emitted.,False,False,False,v2.38J-us-candidate-feature-matrix
U00234,ARCT,Arcturus Therapeutics Holdings Inc. - Common Stock,NASDAQ,0001768224,fundamental_and_price,CANDIDATE_MATRIX_READY,FEATURES_READY,PRICE_FEATURES_READY,high,,-0.461421,,,,-0.801929,-0.908205,0.210818,,,false,false,false,1.704167,1.120915,1.051201,-0.046149,0.978906,0.815373,-0.400217,-0.761226,0.973724,1.12722,0.07777,true,true,false,true,1442477.380952,797113.095238,true,revenue growth non-positive; net margin non-positive; positive FCF flag false,3m return positive; 12m return non-positive; trend flag true,balance-sheet leverage not elevated; 12m drawdown severe,Prepared for future scoring; no recommendation language or ranking emitted.,False,False,False,v2.38J-us-candidate-feature-matrix
U00235,ARDX,"Ardelyx, Inc. - Common Stock",NASDAQ,0001437402,fundamental_and_price,CANDIDATE_MATRIX_READY,FEATURES_READY,PRICE_FEATURES_READY,high,,0.220928,,,,-0.15123,-0.107962,0.66717,,,false,true,false,-0.24498,-0.318841,-0.395498,-0.408805,0.506804,0.502605,-0.487671,-0.531915,-0.210084,-0.36121,-0.191319,false,false,false,false,5260869.571429,4235305.253968,true,revenue growth positive; net margin non-positive; positive FCF flag false,3m return non-positive; 12m return non-positive; trend flag false,balance-sheet leverage not elevated; 12m drawdown severe,Prepared for future scoring; no recommendation language or ranking emitted.,False,False,False,v2.38J-us-candidate-feature-matrix
U00236,AREC,American Resources Corporation - Class A Common Stock,NASDAQ,0001590715,fundamental_and_price,CANDIDATE_MATRIX_PARTIAL_FUNDAMENTALS,FEATURES_PARTIAL,PRICE_FEATURES_READY,medium,fundamental_features_missing_or_partial,-1.0,,,,,,0.448285,,,false,false,false,0.20197,-0.00813,-0.242236,0.251282,0.900501,0.88914,-0.54755,-0.769457,0.124942,-0.056886,-0.161634,false,false,false,false,2321214.285714,2692466.666667,true,revenue growth non-positive; positive FCF flag false,3m return non-positive; 12m return positive; trend flag false,balance-sheet leverage not elevated; 12m drawdown severe,Prepared for future scoring; no recommendation language or ranking emitted.,False,False,False,v2.38J-us-candidate-feature-matrix
U00237,ARHS,"Arhaus, Inc. - Class A Common Stock",NASDAQ,0001875444,fundamental_and_price,CANDIDATE_MATRIX_READY,FEATURES_READY,PRICE_FEATURES_READY,high,,0.085056,,,,0.048764,0.042762,0.70014,,,true,true,false,0.058228,0.280245,0.045,-0.287298,0.663632,0.595514,-0.2866,-0.515586,-0.01078,-0.020558,-0.009885,false,false,false,true,1593446.238095,1335209.063492,true,revenue growth positive; net margin positive; positive FCF flag true,3m return positive; 12m return non-positive; trend flag false,balance-sheet leverage not elevated; 12m drawdown severe,Prepared for future scoring; no recommendation language or ranking emitted.,False,False,False,v2.38J-us-candidate-feature-matrix
U00238,ARKO,ARKO Corp. - Common Stock,NASDAQ,0001823794,fundamental_and_price,CANDIDATE_MATRIX_READY,FEATURES_READY,PRICE_FEATURES_READY,high,,,,,,,,0.896108,,,false,false,true,-0.407115,-0.392713,-0.290221,-0.1,0.725943,0.612898,-0.494213,-0.494213,-0.329339,-0.261438,0.101244,false,false,false,false,1277100.666667,945546.253968,true,positive FCF flag true,3m return non-positive; 12m return non-positive; trend flag false,balance-sheet leverage elevated; 12m drawdown within tracked range,Prepared for future scoring; no recommendation language or ranking emitted.,False,False,False,v2.38J-us-candidate-feature-matrix
U00239,ARKR,Ark Restaurants Corp. - Common Stock,NASDAQ,0000779544,fundamental_and_price,CANDIDATE_MATRIX_READY,FEATURES_READY,PRICE_FEATURES_READY,high,,-0.096946,,,,-0.069176,-0.00902,0.759451,,,false,false,true,-0.053982,-0.140675,-0.210487,-0.215125,0.50515,0.55012,-0.402484,-0.402484,-0.06407,-0.174775,-0.118283,false,false,false,false,6319.666667,3607.31746,true,revenue growth non-positive; net margin non-positive; positive FCF flag false,3m return non-positive; 12m return non-positive; trend flag false,balance-sheet leverage elevated; 12m drawdown within tracked range,Prepared for future scoring; no recommendation language or ranking emitted.,False,False,False,v2.38J-us-candidate-feature-matrix
U00240,AROW,Arrow Financial Corporation - Common Stock,NASDAQ,0000717538,fundamental_and_price,CANDIDATE_MATRIX_READY,FEATURES_READY,PRICE_FEATURES_READY,high,,,,,,,,0.902864,,,false,false,true,-0.072899,0.010814,0.119796,0.257652,0.239636,0.230197,-0.120235,-0.125839,-0.062701,0.050778,0.12107,false,false,false,false,93852.47619,97893.68254,true,positive FCF flag true,3m return positive; 12m return positive; trend flag false,balance-sheet leverage elevated; 12m drawdown within tracked range,Prepared for future scoring; no recommendation language or ranking emitted.,False,False,False,v2.38J-us-candidate-feature-matrix
U00241,ARQ,"Arq, Inc. - Common Stock",NASDAQ,0001515156,fundamental_and_price,CANDIDATE_MATRIX_PARTIAL_FUNDAMENTALS,FEATURES_PARTIAL,PRICE_FEATURES_READY,medium,fundamental_features_missing_or_partial,,,,,,,0.271563,,,false,false,false,0.062802,-0.153846,-0.371429,-0.69863,0.537583,0.949551,-0.517647,-0.778378,0.008712,-0.211526,-0.218336,false,false,false,false,263770.52381,326239.380952,true,positive FCF flag false,3m return non-positive; 12m return non-positive; trend flag false,balance-sheet leverage not elevated; 12m drawdown severe,Prepared for future scoring; no recommendation language or ranking emitted.,False,False,False,v2.38J-us-candidate-feature-matrix
U00243,ARQT,"Arcutis Biotherapeutics, Inc. - Common stock",NASDAQ,0001787306,fundamental_and_price,CANDIDATE_MATRIX_READY,FEATURES_READY,PRICE_FEATURES_READY,high,,0.913443,,,,-0.04292,-0.016781,0.562377,,,false,true,false,-0.084426,0.142376,0.006356,0.530284,0.418476,0.481963,-0.222798,-0.375,-0.105414,-0.072903,0.036342,false,false,false,false,1801264.333333,1656464.301587,true,revenue growth positive; net margin non-positive; positive FCF flag false,3m return positive; 12m return positive; trend flag false,balance-sheet leverage not elevated; 12m drawdown within tracked range,Prepared for future scoring; no recommendation language or ranking emitted.,False,False,False,v2.38J-us-candidate-feature-matrix
U00244,ARRY,"Array Technologies, Inc. - Common Stock",NASDAQ,0001820721,fundamental_and_price,CANDIDATE_MATRIX_READY,FEATURES_READY,PRICE_FEATURES_READY,high,,0.402196,,,,-0.040677,0.062153,0.820644,,,true,true,true,-0.231718,-0.527115,-0.418667,-0.516093,0.686062,0.663525,-0.529158,-0.635452,-0.24249,-0.446992,-0.269966,false,false,false,false,7096811.047619,6772792.571429,true,revenue growth positive; net margin non-positive; positive FCF flag true,3m return non-positive; 12m return non-positive; trend flag false,balance-sheet leverage elevated; 12m drawdown severe,Prepared for future scoring; no recommendation language or ranking emitted.,False,False,False,v2.38J-us-candidate-feature-matrix
U00246,ARTL,"Artelo Biosciences, Inc. - Common Stock",NASDAQ,0001621221,fundamental_and_price,CANDIDATE_MATRIX_PARTIAL_FUNDAMENTALS,FEATURES_PARTIAL,PRICE_FEATURES_READY,medium,fundamental_features_missing_or_partial,,,,,,,1.454124,,,false,false,true,7.467533,3.559441,0.906433,-0.759587,16.65859,12.297189,-0.937287,-0.97618,4.697209,0.887497,-0.668698,false,true,false,true,506076.190476,334585.714286,true,positive FCF flag false,3m return positive; 12m return non-positive; trend flag false,balance-sheet leverage elevated; 12m drawdown severe,Prepared for future scoring; no recommendation language or ranking emitted.,False,False,False,v2.38J-us-candidate-feature-matrix
U00247,ARTNA,Artesian Resources Corporation - Class A Non-Voting Common Stock,NASDAQ,0000863110,fundamental_and_price,CANDIDATE_MATRIX_READY,FEATURES_READY,PRICE_FEATURES_READY,high,,0.046215,,,,0.20207,-0.163793,,,,true,true,false,0.045734,0.094508,0.055013,0.076018,0.161561,0.193016,-0.110787,-0.122555,0.033536,0.084809,0.04961,true,false,true,false,29461.904762,32319.047619,true,revenue growth positive; net margin positive; positive FCF flag false,3m return positive; 12m return positive; trend flag true,12m drawdown within tracked range,Prepared for future scoring; no recommendation language or ranking emitted.,False,False,False,v2.38J-us-candidate-feature-matrix
U00248,ARTV,"Artiva Biotherapeutics, Inc. - Common Stock",NASDAQ,0001817241,fundamental_and_price,CANDIDATE_MATRIX_PARTIAL_FUNDAMENTALS,FEATURES_PARTIAL,PRICE_FEATURES_READY,medium,fundamental_features_missing_or_partial,-1.0,,,,,,0.16015,,,false,false,false,0.02168,0.622669,1.071429,2.660194,0.757449,1.105493,-0.492158,-0.492158,0.078807,0.543216,0.430484,true,false,false,true,292480.952381,472257.142857,true,revenue growth non-positive; positive FCF flag false,3m return positive; 12m return positive; trend flag true,balance-sheet leverage not elevated; 12m drawdown within tracked range,Prepared for future scoring; no recommendation language or ranking emitted.,False,False,False,v2.38J-us-candidate-feature-matrix
U00249,ARTW,"Art's-Way Manufacturing Co., Inc. - Common Stock",NASDAQ,0000007623,fundamental_and_price,CANDIDATE_MATRIX_READY,FEATURES_READY,PRICE_FEATURES_READY,high,,-0.062204,,,,0.045044,-0.066669,0.40802,,,true,false,false,0.337963,0.124514,0.278761,-0.08254,0.834098,0.70098,-0.302932,-0.416901,0.125828,0.172295,0.041274,true,false,false,false,1607445.238095,553588.095238,true,revenue growth non-positive; net margin positive; positive FCF flag false,3m return positive; 12m return non-positive; trend flag true,balance-sheet leverage not elevated; 12m drawdown within tracked range,Prepared for future scoring; no recommendation language or ranking emitted.,False,False,False,v2.38J-us-candidate-feature-matrix
U00250,ARVN,"Arvinas, Inc. - Common Stock",NASDAQ,0001655759,fundamental_and_price,CANDIDATE_MATRIX_READY,FEATURES_READY,PRICE_FEATURES_READY,high,,-0.003037,,,,-0.307692,-1.049886,0.395598,,,false,false,false,0.151365,0.16,-0.305389,0.200517,0.46629,0.504028,-0.4953,-0.4953,0.0801,-0.120958,-0.186148,false,false,false,true,885665.714286,780271.111111,true,revenue growth non-positive; net margin non-positive; positive FCF flag false,3m return positive; 12m return positive; trend flag false,balance-sheet leverage not elevated; 12m drawdown within tracked range,Prepared for future scoring; no recommendation language or ranking emitted.,False,False,False,v2.38J-us-candidate-feature-matrix
U00251,ARWR,"Arrowhead Pharmaceuticals, Inc. - Common Stock",NASDAQ,0000879407,fundamental_and_price,CANDIDATE_MATRIX_READY,FEATURES_READY,PRICE_FEATURES_READY,high,,232.581526,,,,-0.001966,0.189145,,,,true,true,false,-0.038019,0.168314,0.290796,2.755787,0.562939,0.555672,-0.179315,-0.246438,-0.010577,0.174307,0.186861,false,false,true,false,1139885.714286,2002065.079365,true,revenue growth positive; net margin non-positive; positive FCF flag true,3m return positive; 12m return positive; trend flag false,12m drawdown within tracked range,Prepared for future scoring; no recommendation language or ranking emitted.,False,False,False,v2.38J-us-candidate-feature-matrix
U00252,ARXS,"Arxis, Inc. - Class A Common Stock",NASDAQ,0002093536,fundamental_and_price,CANDIDATE_MATRIX_PARTIAL_PRICE,INSUFFICIENT_FEATURE_EVIDENCE,PRICE_FEATURES_PARTIAL,medium,price_features_missing_or_partial,,,,,,,,,,false,false,false,-0.118691,0.237842,,,0.620474,,,,0.038782,,,false,false,false,false,529738.095238,911212.698413,true,positive FCF flag false,3m return positive; trend flag false,Risk evidence incomplete.,Prepared for future scoring; no recommendation language or ranking emitted.,False,False,False,v2.38J-us-candidate-feature-matrix
U00253,ASBP,"Aspire Biopharma Holdings, Inc. - Common Stock",NASDAQ,0001847345,fundamental_and_price,CANDIDATE_MATRIX_PARTIAL_FUNDAMENTALS,FEATURES_PARTIAL,PRICE_FEATURES_READY,medium,fundamental_features_missing_or_partial,,,,,-3947.250564,,5.859392,,,false,false,true,0.307528,0.576199,5.973485,-0.599783,1.232971,56.494246,-0.975652,-0.993387,0.303732,1.329012,0.786419,true,true,false,true,29566.0,272937.873016,true,net margin non-positive; positive FCF flag false,3m return positive; 12m return non-positive; trend flag true,balance-sheet leverage elevated; 12m drawdown severe,Prepared for future scoring; no recommendation language or ranking emitted.,False,False,False,v2.38J-us-candidate-feature-matrix
U00254,ASLE,AerSale Corporation - Common Stock,NASDAQ,0001754170,fundamental_and_price,CANDIDATE_MATRIX_READY,FEATURES_READY,PRICE_FEATURES_READY,high,,-0.028342,,,,0.025575,-0.086642,0.337315,,,true,false,false,-0.160247,-0.152411,-0.28195,-0.368482,0.350687,0.400582,-0.280053,-0.382086,-0.100259,-0.176843,-0.085117,false,false,false,false,503599.714286,441474.507937,true,revenue growth non-positive; net margin positive; positive FCF flag false,3m return non-positive; 12m return non-positive; trend flag false,balance-sheet leverage not elevated; 12m drawdown within tracked range,Prepared for future scoring; no recommendation language or ranking emitted.,False,False,False,v2.38J-us-candidate-feature-matrix
U00255,ASMB,"Assembly Biosciences, Inc. - Common Stock",NASDAQ,0001426800,fundamental_and_price,CANDIDATE_MATRIX_READY,FEATURES_READY,PRICE_FEATURES_READY,high,,,,,,-0.084671,-0.569257,0.197364,,,false,false,false,0.387224,0.436505,0.221528,0.424291,0.599972,0.568891,-0.298235,-0.421818,0.233174,0.200537,-0.026466,false,false,true,true,283961.809524,237407.904762,true,net margin non-positive; positive FCF flag false,3m return positive; 12m return positive; trend flag false,balance-sheet leverage not elevated; 12m drawdown within tracked range,Prepared for future scoring; no recommendation language or ranking emitted.,False,False,False,v2.38J-us-candidate-feature-matrix
U00256,ASML,ASML Holding N.V. - New York Registry Shares,NASDAQ,0000937966,fundamental_and_price,CANDIDATE_MATRIX_PARTIAL_FUNDAMENTALS,FEATURES_PARTIAL,PRICE_FEATURES_READY,medium,fundamental_features_missing_or_partial,,,,,,,,,,false,false,false,-0.017285,-0.025522,0.202184,1.317697,0.547308,0.521625,-0.220539,-0.220539,-0.042152,0.141423,0.191654,false,false,false,false,1134090.47619,1829974.603175,true,positive FCF flag false,3m return non-positive; 12m return positive; trend flag false,12m drawdown within tracked range,Prepared for future scoring; no recommendation language or ranking emitted.,False,False,False,v2.38J-us-candidate-feature-matrix
U00258,ASO,"Academy Sports and Outdoors, Inc. - Common Stock",NASDAQ,0001817358,fundamental_and_price,CANDIDATE_MATRIX_READY,FEATURES_READY,PRICE_FEATURES_READY,high,,0.020218,,,,0.062241,0.036695,0.588523,,,true,true,false,-0.11841,-0.166796,-0.283874,-0.20056,0.388776,0.411034,-0.29931,-0.303318,-0.092939,-0.182387,-0.098613,false,false,false,false,1592120.714286,1612824.365079,true,revenue growth positive; net margin positive; positive FCF flag true,3m return non-positive; 12m return non-positive; trend flag false,balance-sheet leverage not elevated; 12m drawdown within tracked range,Prepared for future scoring; no recommendation language or ranking emitted.,False,False,False,v2.38J-us-candidate-feature-matrix
U00260,ASPI,ASP Isotopes Inc. - Common Stock,NASDAQ,0001921865,fundamental_and_price,CANDIDATE_MATRIX_READY,FEATURES_READY,PRICE_FEATURES_READY,high,,4.754754,,,,-6.702294,-1.98893,0.472114,,,false,true,false,-0.086957,-0.546218,-0.281369,-0.592672,0.866552,1.025482,-0.57503,-0.748043,-0.169979,-0.324943,-0.186699,false,false,false,false,3231730.095238,4118787.809524,true,revenue growth positive; net margin non-positive; positive FCF flag false,3m return non-positive; 12m return non-positive; trend flag false,balance-sheet leverage not elevated; 12m drawdown severe,Prepared for future scoring; no recommendation language or ranking emitted.,False,False,False,v2.38J-us-candidate-feature-matrix
U00261,ASPS,Altisource Portfolio Solutions S.A. - Common Stock,NASDAQ,0001462418,fundamental_and_price,CANDIDATE_MATRIX_PARTIAL_FUNDAMENTALS,FEATURES_PARTIAL,PRICE_FEATURES_READY,medium,fundamental_features_missing_or_partial,0.0677,,,,,-0.030028,,,,false,true,false,0.068571,-0.083333,-0.162687,-0.504854,0.494569,0.560798,-0.318667,-0.688666,-0.081683,-0.145156,-0.069119,false,false,false,false,11619.047619,18417.460317,true,revenue growth positive; positive FCF flag false,3m return non-positive; 12m return non-positive; trend flag false,12m drawdown severe,Prepared for future scoring; no recommendation language or ranking emitted.,False,False,False,v2.38J-us-candidate-feature-matrix
U00262,ASRV,AmeriServ Financial Inc. - Common Stock,NASDAQ,0000707605,fundamental_and_price,CANDIDATE_MATRIX_READY,FEATURES_READY,PRICE_FEATURES_READY,high,,-0.063184,,,,0.383491,,0.917932,,,true,false,true,0.071274,0.333333,0.305263,0.66443,0.402082,0.366146,-0.096535,-0.096535,0.128915,0.319904,0.169179,true,false,true,false,24645.571429,18280.269841,true,revenue growth non-positive; net margin positive; positive FCF flag false,3m return positive; 12m return positive; trend flag true,balance-sheet leverage elevated; 12m drawdown within tracked range,Prepared for future scoring; no recommendation language or ranking emitted.,False,False,False,v2.38J-us-candidate-feature-matrix
U00263,ASST,"Strive, Inc. - Class A Common Stock",NASDAQ,0001920406,fundamental_and_price,CANDIDATE_MATRIX_READY,FEATURES_READY,PRICE_FEATURES_READY,high,,1.386782,,,,-260.316138,-16.526455,0.019166,,,false,true,false,1.033898,0.488834,1.881152,-0.804878,0.958512,0.958448,-0.411225,-0.959792,0.726929,0.638281,-0.051333,false,false,false,true,7197228.619048,5073563.507937,true,revenue growth positive; net margin non-positive; positive FCF flag false,3m return positive; 12m return non-positive; trend flag false,balance-sheet leverage not elevated; 12m drawdown severe,Prepared for future scoring; no recommendation language or ranking emitted.,False,False,False,v2.38J-us-candidate-feature-matrix
U00264,ASTC,Astrotech Corporation - Common Stock,NASDAQ,0001001907,fundamental_and_price,CANDIDATE_MATRIX_READY,FEATURES_READY,PRICE_FEATURES_READY,high,,-0.411765,,,,-13.85,-13.785,0.181148,,,false,false,false,0.026549,-0.847033,1.656489,0.351456,1.416329,7.025868,-0.875301,-0.875301,-0.171882,0.052592,0.271065,false,false,false,false,301053.952381,427659.253968,true,revenue growth non-positive; net margin non-positive; positive FCF flag false,3m return non-positive; 12m return positive; trend flag false,balance-sheet leverage not elevated; 12m drawdown severe,Prepared for future scoring; no recommendation language or ranking emitted.,False,False,False,v2.38J-us-candidate-feature-matrix
U00265,ASTE,"Astec Industries, Inc. - Common Stock",NASDAQ,0000792987,fundamental_and_price,CANDIDATE_MATRIX_READY,FEATURES_READY,PRICE_FEATURES_READY,high,,0.080683,,,,0.02751,0.014677,0.501463,,,true,true,false,-0.216365,-0.208381,-0.334841,-0.110391,0.464972,0.495724,-0.366656,-0.366656,-0.192258,-0.204281,-0.014885,false,false,false,false,288551.428571,233412.380952,true,revenue growth positive; net margin positive; positive FCF flag true,3m return non-positive; 12m return non-positive; trend flag false,balance-sheet leverage not elevated; 12m drawdown within tracked range,Prepared for future scoring; no recommendation language or ranking emitted.,False,False,False,v2.38J-us-candidate-feature-matrix
U00266,ASTH,Astrana Health Inc. - Common Stock,NASDAQ,0001083446,fundamental_and_price,CANDIDATE_MATRIX_READY,FEATURES_READY,PRICE_FEATURES_READY,high,,0.563876,,,,0.007067,0.032841,0.748346,,,true,true,false,0.074909,0.045787,0.574867,0.20776,0.500282,0.458131,-0.314796,-0.464149,-0.060896,0.240597,0.321043,false,false,false,false,440971.571429,595392.111111,true,revenue growth positive; net margin positive; positive FCF flag true,3m return positive; 12m return positive; trend flag false,balance-sheet leverage not elevated; 12m drawdown within tracked range,Prepared for future scoring; no recommendation language or ranking emitted.,False,False,False,v2.38J-us-candidate-feature-matrix
U00267,ASTI,"Ascent Solar Technologies, Inc - Common Stock",NASDAQ,0001350102,fundamental_and_price,CANDIDATE_MATRIX_READY,FEATURES_READY,PRICE_FEATURES_READY,high,,0.832597,,,,-102.024866,-90.344014,0.472852,,,false,true,false,-0.081699,-0.682844,-0.582467,0.419192,1.206708,1.501998,-0.685102,-0.690687,-0.212665,-0.38132,-0.21421,false,false,false,false,291978.380952,809684.857143,true,revenue growth positive; net margin non-positive; positive FCF flag false,3m return non-positive; 12m return positive; trend flag false,balance-sheet leverage not elevated; 12m drawdown severe,Prepared for future scoring; no recommendation language or ranking emitted.,False,False,False,v2.38J-us-candidate-feature-matrix
U00269,ASTS,"AST SpaceMobile, Inc. - Class A Common Stock",NASDAQ,0001780312,fundamental_and_price,CANDIDATE_MATRIX_PARTIAL_FUNDAMENTALS,FEATURES_PARTIAL,PRICE_FEATURES_READY,medium,fundamental_features_missing_or_partial,,,,,,,0.522908,,,false,false,false,-0.112502,-0.420774,-0.405091,0.279737,1.07412,1.092252,-0.601548,-0.601548,-0.067524,-0.233154,-0.177624,false,false,false,false,10665476.190476,16680900.0,true,positive FCF flag false,3m return non-positive; 12m return positive; trend flag false,balance-sheet leverage not elevated; 12m drawdown severe,Prepared for future scoring; no recommendation language or ranking emitted.,False,False,False,v2.38J-us-candidate-feature-matrix
U00270,ASUR,Asure Software Inc - Common Stock,NASDAQ,0000884144,fundamental_and_price,CANDIDATE_MATRIX_PARTIAL_FUNDAMENTALS,FEATURES_PARTIAL,PRICE_FEATURES_READY,medium,fundamental_features_missing_or_partial,,,,,,,0.627797,,,false,false,false,0.023837,0.003337,-0.039404,0.089372,0.419438,0.407802,-0.219462,-0.316206,0.083536,0.044429,-0.036092,false,false,false,false,107780.952381,114861.904762,true,positive FCF flag true,3m return positive; 12m return positive; trend flag false,balance-sheet leverage not elevated; 12m drawdown within tracked range,Prepared for future scoring; no recommendation language or ranking emitted.,False,False,False,v2.38J-us-candidate-feature-matrix
U00271,ASYS,"Amtech Systems, Inc. - Common Stock",NASDAQ,0000720500,fundamental_and_price,CANDIDATE_MATRIX_READY,FEATURES_READY,PRICE_FEATURES_READY,high,,-0.215879,,,,-0.382113,0.087281,0.425183,,,true,false,false,-0.075159,-0.338497,0.082774,1.293839,0.964502,0.907971,-0.431013,-0.431013,-0.136834,-0.043705,0.107893,false,false,false,false,484609.52381,475004.761905,true,revenue growth non-positive; net margin non-positive; positive FCF flag true,3m return non-positive; 12m return positive; trend flag false,balance-sheet leverage not elevated; 12m drawdown within tracked range,Prepared for future scoring; no recommendation language or ranking emitted.,False,False,False,v2.38J-us-candidate-feature-matrix
U00272,ATAI,AtaiBeckley Inc. - Common Stock,NASDAQ,0002081043,fundamental_and_price,CANDIDATE_MATRIX_PARTIAL_FUNDAMENTALS,FEATURES_PARTIAL,PRICE_FEATURES_READY,medium,fundamental_features_missing_or_partial,,,,,-161.420152,-25.330399,0.2416,,,false,false,false,0.023677,0.622517,0.99187,0.601307,0.91699,0.826443,-0.228571,-0.48062,0.112103,0.586676,0.426735,true,false,true,true,6440590.47619,12071528.571429,true,net margin non-positive; positive FCF flag false,3m return positive; 12m return positive; trend flag true,balance-sheet leverage not elevated; 12m drawdown within tracked range,Prepared for future scoring; no recommendation language or ranking emitted.,False,False,False,v2.38J-us-candidate-feature-matrix
U00273,ATCX,Atlas Critical Minerals Corporation - Common Stock,NASDAQ,0001684688,fundamental_and_price,CANDIDATE_MATRIX_PARTIAL_PRICE,FEATURES_READY,PRICE_FEATURES_PARTIAL,medium,price_features_missing_or_partial,-0.86136,,,,-58.602405,-33.695278,0.696525,,,false,false,false,0.266917,-0.235828,-0.522663,,0.831946,0.865653,-0.644537,,0.003006,,,false,false,false,false,10819.047619,12469.84127,true,revenue growth non-positive; net margin non-positive; positive FCF flag false,3m return non-positive; trend flag false,balance-sheet leverage not elevated,Prepared for future scoring; no recommendation language or ranking emitted.,False,False,False,v2.38J-us-candidate-feature-matrix
U00274,ATEC,"Alphatec Holdings, Inc. - Common Stock",NASDAQ,0001350653,fundamental_and_price,CANDIDATE_MATRIX_PARTIAL_FUNDAMENTALS,FEATURES_PARTIAL,PRICE_FEATURES_READY,medium,fundamental_features_missing_or_partial,,,,,,,,,,false,false,false,-0.112077,0.196615,-0.293077,-0.413903,0.535841,0.74225,-0.464368,-0.691799,-0.005713,-0.273911,-0.269739,false,false,false,true,1827009.52381,2469980.952381,true,positive FCF flag true,3m return positive; 12m return non-positive; trend flag false,12m drawdown severe,Prepared for future scoring; no recommendation language or ranking emitted.,False,False,False,v2.38J-us-candidate-feature-matrix
U00275,ATER,"Aterian, Inc. - Common Stock",NASDAQ,0001757715,fundamental_and_price,CANDIDATE_MATRIX_READY,FEATURES_READY,PRICE_FEATURES_READY,high,,-0.303599,,,,-0.27523,-0.158695,0.485523,,,false,false,false,0.025057,-0.579439,-0.183303,-0.534643,1.359461,1.502777,-0.740288,-0.740288,-0.416039,-0.43632,-0.034729,false,false,false,false,227048.619048,274076.52381,true,revenue growth non-positive; net margin non-positive; positive FCF flag false,3m return non-positive; 12m return non-positive; trend flag false,balance-sheet leverage not elevated; 12m drawdown severe,Prepared for future scoring; no recommendation language or ranking emitted.,False,False,False,v2.38J-us-candidate-feature-matrix
U00276,ATEX,Anterix Inc. - Common Stock,NASDAQ,0001304492,fundamental_and_price,CANDIDATE_MATRIX_READY,FEATURES_READY,PRICE_FEATURES_READY,high,,0.077931,,,,13.941701,0.842947,0.436123,,,true,true,false,-0.063774,0.338565,1.450068,2.772115,0.853513,0.706799,-0.211589,-0.223565,-0.065481,0.700786,0.819959,false,false,false,false,343426.904762,442432.777778,true,revenue growth positive; net margin positive; positive FCF flag true,3m return positive; 12m return positive; trend flag false,balance-sheet leverage not elevated; 12m drawdown within tracked range,Prepared for future scoring; no recommendation language or ranking emitted.,False,False,False,v2.38J-us-candidate-feature-matrix
U00277,ATGL,Alpha Technology Group Limited - Class A Ordinary Shares,NASDAQ,0001967621,fundamental_and_price,CANDIDATE_MATRIX_READY,FEATURES_READY,PRICE_FEATURES_READY,high,,-0.402242,,,,-9.519888,-1.88491,0.296384,,,false,false,false,-0.1725,-0.552703,-0.615116,-0.784365,0.929339,0.903087,-0.660339,-0.804864,-0.275865,-0.58527,-0.427276,false,false,false,false,45040.952381,18075.428571,true,revenue growth non-positive; net margin non-positive; positive FCF flag false,3m return non-positive; 12m return non-positive; trend flag false,balance-sheet leverage not elevated; 12m drawdown severe,Prepared for future scoring; no recommendation language or ranking emitted.,False,False,False,v2.38J-us-candidate-feature-matrix
U00278,ATHR,"Aether Holdings, Inc. - Common Stock",NASDAQ,0002026353,fundamental_and_price,CANDIDATE_MATRIX_PARTIAL_FUNDAMENTALS,FEATURES_PARTIAL,PRICE_FEATURES_READY,medium,fundamental_features_missing_or_partial,,,,,-2.274911,-2.58691,0.10307,,,false,false,false,-0.186486,-0.109467,-0.140737,-0.571225,0.997273,1.041846,-0.433803,-0.699552,-0.228585,-0.291244,-0.081227,false,false,false,false,11347.619048,16534.920635,true,net margin non-positive; positive FCF flag false,3m return non-positive; 12m return non-positive; trend flag false,balance-sheet leverage not elevated; 12m drawdown severe,Prepared for future scoring; no recommendation language or ranking emitted.,False,False,False,v2.38J-us-candidate-feature-matrix
U00279,ATII,Archimedes Tech SPAC Partners II Co. - Ordinary Shares,NASDAQ,0002028516,fundamental_and_price,CANDIDATE_MATRIX_PARTIAL_FUNDAMENTALS,FEATURES_PARTIAL,PRICE_FEATURES_READY,medium,fundamental_features_missing_or_partial,,,,,,,0.033925,,,false,false,false,-0.003738,-0.055802,0.021073,0.045098,0.071049,0.080327,-0.066784,-0.066784,-0.005356,0.003013,0.008414,false,false,true,false,125199.238095,188904.507937,true,positive FCF flag false,3m return non-positive; 12m return positive; trend flag false,balance-sheet leverage not elevated; 12m drawdown within tracked range,Prepared for future scoring; no recommendation language or ranking emitted.,False,False,False,v2.38J-us-candidate-feature-matrix
U00280,ATLC,Atlanticus Holdings Corporation - Common Stock,NASDAQ,0001464343,fundamental_and_price,CANDIDATE_MATRIX_READY,FEATURES_READY,PRICE_FEATURES_READY,high,,0.50094,,,,0.062083,,0.915542,,,true,true,true,-0.174162,0.072854,0.653205,0.337931,0.532175,0.563851,-0.201718,-0.37019,-0.104496,0.204253,0.344777,false,false,false,false,144090.47619,167761.904762,true,revenue growth positive; net margin positive; positive FCF flag false,3m return positive; 12m return positive; trend flag false,balance-sheet leverage elevated; 12m drawdown within tracked range,Prepared for future scoring; no recommendation language or ranking emitted.,False,False,False,v2.38J-us-candidate-feature-matrix
U00281,ATLO,Ames National Corporation - Common Stock,NASDAQ,0001132651,fundamental_and_price,CANDIDATE_MATRIX_READY,FEATURES_READY,PRICE_FEATURES_READY,high,,,,,,,,0.902559,,,false,false,true,0.010026,0.074673,0.158383,0.563063,0.210719,0.197401,-0.070922,-0.070922,0.021022,0.140149,0.116675,true,false,true,false,35401.428571,60902.063492,true,positive FCF flag true,3m return positive; 12m return positive; trend flag true,balance-sheet leverage elevated; 12m drawdown within tracked range,Prepared for future scoring; no recommendation language or ranking emitted.,False,False,False,v2.38J-us-candidate-feature-matrix
U00282,ATLX,Atlas Lithium Corporation - Common Stock,NASDAQ,0001540684,fundamental_and_price,CANDIDATE_MATRIX_READY,FEATURES_READY,PRICE_FEATURES_READY,high,,-0.837858,,,,-231.576367,-232.792896,0.401017,,,false,false,false,0.125899,-0.312088,-0.386275,-0.417132,0.638945,0.719035,-0.603715,-0.656376,-0.016342,-0.282102,-0.270175,false,false,false,false,174455.190476,372431.095238,true,revenue growth non-positive; net margin non-positive; positive FCF flag false,3m return non-positive; 12m return non-positive; trend flag false,balance-sheet leverage not elevated; 12m drawdown severe,Prepared for future scoring; no recommendation language or ranking emitted.,False,False,False,v2.38J-us-candidate-feature-matrix
U00283,ATNI,"ATN International, Inc. - Common Stock",NASDAQ,0000879585,fundamental_and_price,CANDIDATE_MATRIX_READY,FEATURES_READY,PRICE_FEATURES_READY,high,,-0.010171,,,,-0.022343,0.065823,0.617034,,,true,false,false,0.222808,0.062037,0.028328,0.772353,0.681832,0.594231,-0.235628,-0.235628,0.114993,0.173629,0.052589,true,false,true,false,95766.666667,82333.333333,true,revenue growth non-positive; net margin non-positive; positive FCF flag true,3m return positive; 12m return positive; trend flag true,balance-sheet leverage not elevated; 12m drawdown within tracked range,Prepared for future scoring; no recommendation language or ranking emitted.,False,False,False,v2.38J-us-candidate-feature-matrix
U00284,ATOM,Atomera Incorporated - Common Stock,NASDAQ,0001420520,fundamental_and_price,CANDIDATE_MATRIX_READY,FEATURES_READY,PRICE_FEATURES_READY,high,,-0.518519,,,,-310.369231,-229.538462,0.128573,,,false,false,false,-0.255198,-0.6,-0.180873,0.20122,0.881997,1.335528,-0.674649,-0.674649,-0.315925,-0.238522,0.113149,false,false,false,false,522117.095238,777064.428571,true,revenue growth non-positive; net margin non-positive; positive FCF flag false,3m return non-positive; 12m return positive; trend flag false,balance-sheet leverage not elevated; 12m drawdown severe,Prepared for future scoring; no recommendation language or ranking emitted.,False,False,False,v2.38J-us-candidate-feature-matrix
U00285,ATOS,"Atossa Therapeutics, Inc. - Common Stock",NASDAQ,0001488039,fundamental_and_price,CANDIDATE_MATRIX_PARTIAL_FUNDAMENTALS,FEATURES_PARTIAL,PRICE_FEATURES_READY,medium,fundamental_features_missing_or_partial,,,,,,,0.173395,,,false,false,false,0.064935,-0.476596,-0.5,-0.787013,1.093556,0.919246,-0.71637,-0.90113,0.038939,-0.566821,-0.583057,false,false,false,false,61190.47619,155609.52381,true,positive FCF flag false,3m return non-positive; 12m return non-positive; trend flag false,balance-sheet leverage not elevated; 12m drawdown severe,Prepared for future scoring; no recommendation language or ranking emitted.,False,False,False,v2.38J-us-candidate-feature-matrix
U00286,ATPC,Agape ATP Corporation - Common Stock,NASDAQ,0001713210,fundamental_and_price,CANDIDATE_MATRIX_PARTIAL_FUNDAMENTALS,FEATURES_PARTIAL,PRICE_FEATURES_READY,medium,fundamental_features_missing_or_partial,0.152346,,,,-1.495669,,0.088047,,,false,true,false,-0.108108,-0.456471,0.155,-0.964733,1.844249,3.017116,-0.646018,-0.973478,-0.119262,-0.734067,-0.698056,false,false,false,false,52309.52381,2101866.666667,true,revenue growth positive; net margin non-positive; positive FCF flag false,3m return non-positive; 12m return non-positive; trend flag false,balance-sheet leverage not elevated; 12m drawdown severe,Prepared for future scoring; no recommendation language or ranking emitted.,False,False,False,v2.38J-us-candidate-feature-matrix
U00287,ATRA,"Atara Biotherapeutics, Inc. - Common Stock",NASDAQ,0001604464,fundamental_and_price,CANDIDATE_MATRIX_READY,FEATURES_READY,PRICE_FEATURES_READY,high,,-0.063347,,,,0.270659,-0.421787,2.902743,,,true,false,true,0.054971,-0.088889,0.664207,-0.251452,0.676901,1.583641,-0.373913,-0.768933,-0.017354,0.016284,0.034232,false,false,false,false,46109.52381,68201.587302,true,revenue growth non-positive; net margin positive; positive FCF flag false,3m return non-positive; 12m return non-positive; trend flag false,balance-sheet leverage elevated; 12m drawdown severe,Prepared for future scoring; no recommendation language or ranking emitted.,False,False,False,v2.38J-us-candidate-feature-matrix
U00288,ATRC,"AtriCure, Inc. - Common Stock",NASDAQ,0001323885,fundamental_and_price,CANDIDATE_MATRIX_READY,FEATURES_READY,PRICE_FEATURES_READY,high,,0.148764,,,,-0.021417,0.09033,0.248012,,,true,true,false,0.26343,0.891725,0.55499,0.32252,0.451997,0.42792,-0.165537,-0.390238,0.266301,0.429133,0.128588,true,false,true,true,670925.52381,882943.428571,true,revenue growth positive; net margin non-positive; positive FCF flag true,3m return positive; 12m return positive; trend flag true,balance-sheet leverage not elevated; 12m drawdown within tracked range,Prepared for future scoring; no recommendation language or ranking emitted.,False,False,False,v2.38J-us-candidate-feature-matrix
U00289,ATRO,Astronics Corporation - Common Stock,NASDAQ,0000008063,fundamental_and_price,CANDIDATE_MATRIX_READY,FEATURES_READY,PRICE_FEATURES_READY,high,,0.083857,,,,0.034054,,0.801785,,,true,true,true,0.026294,-0.147413,-0.035544,1.006874,0.808919,0.695467,-0.2612,-0.2612,-0.037873,0.024705,0.065042,false,false,false,false,687798.0,717878.825397,true,revenue growth positive; net margin positive; positive FCF flag false,3m return non-positive; 12m return positive; trend flag false,balance-sheet leverage elevated; 12m drawdown within tracked range,Prepared for future scoring; no recommendation language or ranking emitted.,False,False,False,v2.38J-us-candidate-feature-matrix
U00290,ATXG,Addentax Group Corp. - Common Stock,NASDAQ,0001650101,fundamental_and_price,CANDIDATE_MATRIX_READY,FEATURES_READY,PRICE_FEATURES_READY,high,,0.284691,,,,-0.832063,-0.146057,0.258643,,,false,true,false,0.159322,-0.326772,-0.237458,-0.592857,1.101336,1.258309,-0.601351,-0.822823,-0.095133,-0.327663,-0.256977,false,false,false,false,13449.190476,17744.968254,true,revenue growth positive; net margin non-positive; positive FCF flag false,3m return non-positive; 12m return non-positive; trend flag false,balance-sheet leverage not elevated; 12m drawdown severe,Prepared for future scoring; no recommendation language or ranking emitted.,False,False,False,v2.38J-us-candidate-feature-matrix
U00291,ATYR,"aTyr Pharma, Inc. - Common Stock",NASDAQ,0001339970,fundamental_and_price,CANDIDATE_MATRIX_READY,FEATURES_READY,PRICE_FEATURES_READY,high,,-0.191489,,,,-390.094737,-326.647368,,,,false,false,false,-0.031504,-0.083654,-0.503646,-0.911431,0.809006,1.265792,-0.619231,-0.934328,-0.103261,-0.318461,-0.23998,false,false,false,false,635941.857143,1398853.634921,true,revenue growth non-positive; net margin non-positive; positive FCF flag false,3m return non-positive; 12m return non-positive; trend flag false,12m drawdown severe,Prepared for future scoring; no recommendation language or ranking emitted.,False,False,False,v2.38J-us-candidate-feature-matrix
U00292,AUBN,"Auburn National Bancorporation, Inc. - Common Stock",NASDAQ,0000750574,fundamental_and_price,CANDIDATE_MATRIX_PARTIAL_FUNDAMENTALS,FEATURES_PARTIAL,PRICE_FEATURES_READY,medium,fundamental_features_missing_or_partial,,,,,,,0.909645,,,false,false,true,0.012223,0.020801,0.064685,0.026734,0.350205,0.384971,-0.157916,-0.261252,-8.3e-05,0.053391,0.053478,false,false,true,false,876.190476,1644.444444,true,positive FCF flag true,3m return positive; 12m return positive; trend flag false,balance-sheet leverage elevated; 12m drawdown within tracked range,Prepared for future scoring; no recommendation language or ranking emitted.,False,False,False,v2.38J-us-candidate-feature-matrix
U00293,AUC,ATIF Holdings Limited - Ordinary Shares,NASDAQ,0001755058,fundamental_and_price,CANDIDATE_MATRIX_READY,FEATURES_READY,PRICE_FEATURES_READY,high,,-0.971429,,,,-45.5932,-1.793843,0.417858,,,false,false,false,-0.054866,-0.147455,0.007669,0.155345,0.950415,0.97327,-0.375,-0.591613,-0.076188,-0.053104,0.024988,false,false,false,false,1709.571429,4824.079365,true,revenue growth non-positive; net margin non-positive; positive FCF flag false,3m return non-positive; 12m return positive; trend flag false,balance-sheet leverage not elevated; 12m drawdown severe,Prepared for future scoring; no recommendation language or ranking emitted.,False,False,False,v2.38J-us-candidate-feature-matrix
U00294,AUDC,AudioCodes Ltd. - Ordinary Shares,NASDAQ,0001086434,fundamental_and_price,CANDIDATE_MATRIX_READY,FEATURES_READY,PRICE_FEATURES_READY,high,,0.014155,,,,0.036461,0.093195,0.469695,,,true,true,false,0.019388,-0.015764,0.309305,0.036307,0.325529,0.422434,-0.205506,-0.327273,0.022623,0.11815,0.093414,true,false,true,false,127928.571429,112820.634921,true,revenue growth positive; net margin positive; positive FCF flag true,3m return non-positive; 12m return positive; trend flag true,balance-sheet leverage not elevated; 12m drawdown within tracked range,Prepared for future scoring; no recommendation language or ranking emitted.,False,False,False,v2.38J-us-candidate-feature-matrix
U00296,AUID,authID Inc. - Common Stock,NASDAQ,0001534154,fundamental_and_price,CANDIDATE_MATRIX_PARTIAL_FUNDAMENTALS,FEATURES_PARTIAL,PRICE_FEATURES_READY,medium,fundamental_features_missing_or_partial,1.301968,,,,-8.787784,,0.136062,,,false,true,false,-0.479034,-0.658333,-0.758824,-0.903981,1.158311,1.047843,-0.754601,-0.9022,-0.464808,-0.650718,-0.34737,false,false,false,false,616176.190476,509622.222222,true,revenue growth positive; net margin non-positive; positive FCF flag false,3m return non-positive; 12m return non-positive; trend flag false,balance-sheet leverage not elevated; 12m drawdown severe,Prepared for future scoring; no recommendation language or ranking emitted.,False,False,False,v2.38J-us-candidate-feature-matrix
U00297,AUPH,Aurinia Pharmaceuticals Inc - Common Shares,NASDAQ,0001600620,fundamental_and_price,CANDIDATE_MATRIX_READY,FEATURES_READY,PRICE_FEATURES_READY,high,,0.203808,,,,1.014651,,0.226529,,,true,true,false,0.101579,0.042885,0.134276,0.338615,0.433567,0.408318,-0.217508,-0.217508,0.005797,0.036899,0.030923,true,false,false,false,1115858.190476,1436324.15873,true,revenue growth positive; net margin positive; positive FCF flag false,3m return positive; 12m return positive; trend flag true,balance-sheet leverage not elevated; 12m drawdown within tracked range,Prepared for future scoring; no recommendation language or ranking emitted.,False,False,False,v2.38J-us-candidate-feature-matrix
U00298,AUR,"Aurora Innovation, Inc. - Class A Common Stock",NASDAQ,0001828108,fundamental_and_price,CANDIDATE_MATRIX_READY,FEATURES_READY,PRICE_FEATURES_READY,high,,,,,,-272.0,-204.0,0.086641,,,false,false,false,-0.195876,-0.292746,0.186957,-0.030195,0.645869,0.714257,-0.35,-0.384992,-0.139439,0.02635,0.192652,false,false,false,false,28899750.619048,28138256.555556,true,net margin non-positive; positive FCF flag false,3m return non-positive; 12m return non-positive; trend flag false,balance-sheet leverage not elevated; 12m drawdown within tracked range,Prepared for future scoring; no recommendation language or ranking emitted.,False,False,False,v2.38J-us-candidate-feature-matrix
U00299,AURA,"Aura Biosciences, Inc. - Common Stock",NASDAQ,0001501796,fundamental_and_price,CANDIDATE_MATRIX_PARTIAL_FUNDAMENTALS,FEATURES_PARTIAL,PRICE_FEATURES_READY,medium,fundamental_features_missing_or_partial,,,,,,,0.19192,,,false,false,false,0.048951,0.090116,0.219512,0.18859,0.56409,0.607513,-0.31236,-0.31236,0.025515,0.140216,0.111848,true,false,false,false,829304.761905,660450.793651,true,positive FCF flag false,3m return positive; 12m return positive; trend flag true,balance-sheet leverage not elevated; 12m drawdown within tracked range,Prepared for future scoring; no recommendation language or ranking emitted.,False,False,False,v2.38J-us-candidate-feature-matrix
U00300,AURE,Aurelion Inc. - Class A Ordinary Shares,NASDAQ,0001765850,fundamental_and_price,CANDIDATE_MATRIX_PARTIAL_FUNDAMENTALS,FEATURES_PARTIAL,PRICE_FEATURES_READY,medium,fundamental_features_missing_or_partial,0.836042,,,,-10.746525,,0.519444,,,false,true,false,-0.192737,-0.397917,-0.439922,-0.764658,0.839643,0.790949,-0.453488,-0.879487,-0.181322,-0.432489,-0.306796,false,false,false,false,15561.904762,49104.761905,true,revenue growth positive; net margin non-positive; positive FCF flag false,3m return non-positive; 12m return non-positive; trend flag false,balance-sheet leverage not elevated; 12m drawdown severe,Prepared for future scoring; no recommendation language or ranking emitted.,False,False,False,v2.38J-us-candidate-feature-matrix
U00301,AUUD,Auddia Inc. - Common Stock,NASDAQ,0001554818,fundamental_and_price,CANDIDATE_MATRIX_PARTIAL_FUNDAMENTALS,FEATURES_PARTIAL,PRICE_FEATURES_READY,medium,fundamental_features_missing_or_partial,,,,,,,0.185866,,,false,false,false,-0.019048,-0.248175,-0.820203,-0.940149,1.460452,1.987026,-0.890002,-0.956719,-0.097346,-0.76229,-0.736654,false,false,false,false,8615533.333333,3362526.984127,true,positive FCF flag false,3m return non-positive; 12m return non-positive; trend flag false,balance-sheet leverage not elevated; 12m drawdown severe,Prepared for future scoring; no recommendation language or ranking emitted.,False,False,False,v2.38J-us-candidate-feature-matrix
U00302,AVAH,Aveanna Healthcare Holdings Inc. - Common Stock,NASDAQ,0001832332,fundamental_and_price,CANDIDATE_MATRIX_PARTIAL_FUNDAMENTALS,FEATURES_PARTIAL,PRICE_FEATURES_READY,medium,fundamental_features_missing_or_partial,,,,,0.092485,,0.903005,,,true,false,true,0.410256,0.946903,0.778976,0.601942,0.623965,0.562263,-0.161917,-0.394352,0.259614,0.577527,0.252389,true,false,true,true,3704657.142857,2666296.825397,true,net margin positive; positive FCF flag false,3m return positive; 12m return positive; trend flag true,balance-sheet leverage elevated; 12m drawdown within tracked range,Prepared for future scoring; no recommendation language or ranking emitted.,False,False,False,v2.38J-us-candidate-feature-matrix
U00303,AVAT,Avalanche Treasury Corporation - Class A Common Stock,NASDAQ,0002092446,fundamental_and_price,CANDIDATE_MATRIX_PARTIAL_PRICE,INSUFFICIENT_FEATURE_EVIDENCE,PRICE_FEATURES_PARTIAL,medium,price_features_missing_or_partial,,,,,,,,,,false,false,false,1.042493,,,,,,,,0.489731,,,false,false,false,false,491695.238095,,true,positive FCF flag false,trend flag false,Risk evidence incomplete.,Prepared for future scoring; no recommendation language or ranking emitted.,False,False,False,v2.38J-us-candidate-feature-matrix
U00304,AVAV,"AeroVironment, Inc. - Common Stock",NASDAQ,0001368622,fundamental_and_price,CANDIDATE_MATRIX_PARTIAL_FUNDAMENTALS,FEATURES_PARTIAL,PRICE_FEATURES_READY,medium,fundamental_features_missing_or_partial,,,,,,-0.071299,,,,false,false,false,-0.139806,-0.240664,-0.358045,-0.394259,0.832297,0.763719,-0.405222,-0.666496,-0.083867,-0.320237,-0.258008,false,false,false,false,1187095.238095,1578468.253968,true,positive FCF flag false,3m return non-positive; 12m return non-positive; trend flag false,12m drawdown severe,Prepared for future scoring; no recommendation language or ranking emitted.,False,False,False,v2.38J-us-candidate-feature-matrix
U00305,AVBH,"Avidbank Holdings, Inc. - Common Stock",NASDAQ,0001443575,fundamental_and_price,CANDIDATE_MATRIX_PARTIAL_FUNDAMENTALS,FEATURES_PARTIAL,PRICE_FEATURES_READY,medium,fundamental_features_missing_or_partial,,,,,,,0.890654,,,false,false,true,-0.036641,0.034426,0.087931,0.256972,0.141838,0.166707,-0.068935,-0.132444,-0.025127,0.068067,0.095596,false,false,true,false,58107.52381,123910.444444,true,positive FCF flag true,3m return positive; 12m return positive; trend flag false,balance-sheet leverage elevated; 12m drawdown within tracked range,Prepared for future scoring; no recommendation language or ranking emitted.,False,False,False,v2.38J-us-candidate-feature-matrix
U00306,AVBP,"ArriVent BioPharma, Inc. - Common Stock",NASDAQ,0001868279,fundamental_and_price,CANDIDATE_MATRIX_PARTIAL_FUNDAMENTALS,FEATURES_PARTIAL,PRICE_FEATURES_READY,medium,fundamental_features_missing_or_partial,,,,,,,0.077873,,,false,false,false,-0.031121,0.024513,0.14872,0.537802,0.597529,0.588025,-0.18768,-0.242194,-0.028582,0.146417,0.180148,false,false,false,false,411669.714286,523815.301587,true,positive FCF flag false,3m return positive; 12m return positive; trend flag false,balance-sheet leverage not elevated; 12m drawdown within tracked range,Prepared for future scoring; no recommendation language or ranking emitted.,False,False,False,v2.38J-us-candidate-feature-matrix
U00307,AVGO,Broadcom Inc. - Common Stock,NASDAQ,0001730168,fundamental_and_price,CANDIDATE_MATRIX_READY,FEATURES_READY,PRICE_FEATURES_READY,high,,0.238744,,,,,0.421275,0.524864,,,true,true,false,-0.057492,-0.232344,0.177925,0.243081,0.529964,0.486348,-0.261603,-0.289513,-0.039389,0.000358,0.041377,false,false,false,false,19629095.238095,25375249.206349,true,revenue growth positive; positive FCF flag true,3m return non-positive; 12m return positive; trend flag false,balance-sheet leverage not elevated; 12m drawdown within tracked range,Prepared for future scoring; no recommendation language or ranking emitted.,False,False,False,v2.38J-us-candidate-feature-matrix
U00308,AVIR,"Atea Pharmaceuticals, Inc. - common stock",NASDAQ,0001593899,fundamental_and_price,CANDIDATE_MATRIX_PARTIAL_FUNDAMENTALS,FEATURES_PARTIAL,PRICE_FEATURES_READY,medium,fundamental_features_missing_or_partial,,,,,,,0.126211,,,false,false,false,0.212766,0.353919,0.144578,0.676471,0.414474,0.515782,-0.333333,-0.333333,0.147759,0.244175,0.084004,true,true,true,true,233995.238095,320080.952381,true,positive FCF flag false,3m return positive; 12m return positive; trend flag true,balance-sheet leverage not elevated; 12m drawdown within tracked range,Prepared for future scoring; no recommendation language or ranking emitted.,False,False,False,v2.38J-us-candidate-feature-matrix
U00309,AVLN,Avalyn Pharma Inc. - common stock,NASDAQ,0001540171,fundamental_and_price,CANDIDATE_MATRIX_PARTIAL_PRICE,INSUFFICIENT_FEATURE_EVIDENCE,PRICE_FEATURES_PARTIAL,medium,price_features_missing_or_partial,,,,,,,,,,false,false,false,0.157826,0.347727,,,0.629765,,,,0.111083,,,false,false,true,false,185685.714286,316669.84127,true,positive FCF flag false,3m return positive; trend flag false,Risk evidence incomplete.,Prepared for future scoring; no recommendation language or ranking emitted.,False,False,False,v2.38J-us-candidate-feature-matrix
U00310,AVNW,"Aviat Networks, Inc. - Common Stock",NASDAQ,0001377789,fundamental_and_price,CANDIDATE_MATRIX_READY,FEATURES_READY,PRICE_FEATURES_READY,high,,,,,,,,0.553581,,,false,false,false,-0.087531,0.029801,-0.278422,-0.187282,0.533788,0.708068,-0.435677,-0.435677,-0.106963,-0.130896,-0.0268,false,false,false,false,168333.333333,155985.714286,true,positive FCF flag true,3m return positive; 12m return non-positive; trend flag false,balance-sheet leverage not elevated; 12m drawdown within tracked range,Prepared for future scoring; no recommendation language or ranking emitted.,False,False,False,v2.38J-us-candidate-feature-matrix
U00311,AVO,"Mission Produce, Inc. - Common Stock",NASDAQ,0001802974,fundamental_and_price,CANDIDATE_MATRIX_READY,FEATURES_READY,PRICE_FEATURES_READY,high,,0.126751,,,,0.027099,0.02674,0.369379,,,true,true,false,-0.000779,0.189239,-0.095272,0.02478,0.419929,0.421356,-0.340939,-0.340939,-0.001075,-0.000148,0.000928,false,false,false,true,666113.095238,1198686.904762,true,revenue growth positive; net margin positive; positive FCF flag true,3m return positive; 12m return positive; trend flag false,balance-sheet leverage not elevated; 12m drawdown within tracked range,Prepared for future scoring; no recommendation language or ranking emitted.,False,False,False,v2.38J-us-candidate-feature-matrix
U00312,AVPT,"AvePoint, Inc. - Class A Common Stock",NASDAQ,0001777921,fundamental_and_price,CANDIDATE_MATRIX_READY,FEATURES_READY,PRICE_FEATURES_READY,high,,0.269349,,,,0.082954,0.194457,0.393423,,,true,true,false,0.010479,0.195748,0.25,-0.174817,0.420532,0.45782,-0.20372,-0.45876,0.062775,0.155953,0.087675,true,false,false,true,1826268.238095,2249519.571429,true,revenue growth positive; net margin positive; positive FCF flag true,3m return positive; 12m return non-positive; trend flag true,balance-sheet leverage not elevated; 12m drawdown within tracked range,Prepared for future scoring; no recommendation language or ranking emitted.,False,False,False,v2.38J-us-candidate-feature-matrix
U00313,AVR,Anteris Technologies Global Corp. - Common Stock,NASDAQ,0002011514,fundamental_and_price,CANDIDATE_MATRIX_PARTIAL_FUNDAMENTALS,FEATURES_PARTIAL,PRICE_FEATURES_READY,medium,fundamental_features_missing_or_partial,,,,,-49.212755,-41.692107,1.011001,,,false,false,true,0.03744,-0.040223,0.352756,1.090024,0.504649,0.584388,-0.258278,-0.467717,-0.04343,0.256693,0.313749,false,false,false,false,718761.904762,1112346.031746,true,net margin non-positive; positive FCF flag false,3m return non-positive; 12m return positive; trend flag false,balance-sheet leverage elevated; 12m drawdown within tracked range,Prepared for future scoring; no recommendation language or ranking emitted.,False,False,False,v2.38J-us-candidate-feature-matrix
U00314,AVT,"Avnet, Inc. - Common Stock",NASDAQ,0000008858,fundamental_and_price,CANDIDATE_MATRIX_READY,FEATURES_READY,PRICE_FEATURES_READY,high,,0.244673,,,,0.012101,-0.012829,0.6744,,,true,true,false,0.005738,-0.038093,0.401756,0.63808,0.40392,0.406997,-0.125418,-0.180004,0.001914,0.257542,0.255139,true,false,true,false,1317454.238095,1262405.380952,true,revenue growth positive; net margin positive; positive FCF flag false,3m return non-positive; 12m return positive; trend flag true,balance-sheet leverage not elevated; 12m drawdown within tracked range,Prepared for future scoring; no recommendation language or ranking emitted.,False,False,False,v2.38J-us-candidate-feature-matrix
U00315,AVTX,"Avalo Therapeutics, Inc. - Common Stock",NASDAQ,0001534120,fundamental_and_price,CANDIDATE_MATRIX_PARTIAL_FUNDAMENTALS,FEATURES_PARTIAL,PRICE_FEATURES_READY,medium,fundamental_features_missing_or_partial,-0.866213,,,,-1326.423729,,0.286876,,,false,false,false,0.043713,0.407569,0.053377,1.144124,0.68057,0.88698,-0.442938,-0.442938,0.014499,0.145256,0.128889,true,false,false,true,740590.47619,1260971.428571,true,revenue growth non-positive; net margin non-positive; positive FCF flag false,3m return positive; 12m return positive; trend flag true,balance-sheet leverage not elevated; 12m drawdown within tracked range,Prepared for future scoring; no recommendation language or ranking emitted.,False,False,False,v2.38J-us-candidate-feature-matrix
U00316,AVX,Avax One Technology Ltd. - Common Shares,NASDAQ,0001826397,fundamental_and_price,CANDIDATE_MATRIX_PARTIAL_FUNDAMENTALS,FEATURES_PARTIAL,PRICE_FEATURES_READY,medium,fundamental_features_missing_or_partial,33.48099,,,,-14.181071,,0.040977,,,false,true,false,0.128125,6.584033,3.762533,0.43254,22.031168,15.593986,-0.545455,-0.930017,-0.07624,0.84948,1.002121,false,false,false,true,41766.666667,47999.730159,true,revenue growth positive; net margin non-positive; positive FCF flag false,3m return positive; 12m return positive; trend flag false,balance-sheet leverage not elevated; 12m drawdown severe,Prepared for future scoring; no recommendation language or ranking emitted.,False,False,False,v2.38J-us-candidate-feature-matrix
U00317,AVXL,Anavex Life Sciences Corp. - Common Stock,NASDAQ,0001314052,fundamental_and_price,CANDIDATE_MATRIX_PARTIAL_FUNDAMENTALS,FEATURES_PARTIAL,PRICE_FEATURES_READY,medium,fundamental_features_missing_or_partial,,,,,,,0.086173,,,false,false,false,-0.08254,0.092628,-0.422,-0.695148,0.731796,0.83435,-0.511482,-0.77193,0.015104,-0.173695,-0.18599,false,false,false,false,821809.52381,1121344.444444,true,positive FCF flag false,3m return positive; 12m return non-positive; trend flag false,balance-sheet leverage not elevated; 12m drawdown severe,Prepared for future scoring; no recommendation language or ranking emitted.,False,False,False,v2.38J-us-candidate-feature-matrix
U00318,AWRE,"Aware, Inc. - Common Stock",NASDAQ,0001015739,fundamental_and_price,CANDIDATE_MATRIX_PARTIAL_FUNDAMENTALS,FEATURES_PARTIAL,PRICE_FEATURES_READY,medium,fundamental_features_missing_or_partial,,,,,,,,,,false,false,false,-0.046875,-0.096296,-0.27381,-0.435185,0.595688,0.797262,-0.322981,-0.629252,-0.016129,-0.205264,-0.192235,false,false,false,false,28838.095238,38092.063492,true,positive FCF flag false,3m return non-positive; 12m return non-positive; trend flag false,12m drawdown severe,Prepared for future scoring; no recommendation language or ranking emitted.,False,False,False,v2.38J-us-candidate-feature-matrix
U00319,AXG,Solowin Holdings - Class A Ordinary Share,NASDAQ,0001959224,fundamental_and_price,CANDIDATE_MATRIX_READY,FEATURES_READY,PRICE_FEATURES_READY,high,,8.949628,,,,-0.473759,-0.553373,0.504773,,,false,true,false,-0.264901,-0.356522,-0.39427,-0.446384,0.324482,0.390179,-0.46506,-0.526652,-0.242915,-0.366759,-0.16358,false,false,false,false,195669.428571,172180.285714,true,revenue growth positive; net margin non-positive; positive FCF flag false,3m return non-positive; 12m return non-positive; trend flag false,balance-sheet leverage not elevated; 12m drawdown severe,Prepared for future scoring; no recommendation language or ranking emitted.,False,False,False,v2.38J-us-candidate-feature-matrix
U00320,AXGN,"Axogen, Inc. - Common Stock",NASDAQ,0000805928,fundamental_and_price,CANDIDATE_MATRIX_READY,FEATURES_READY,PRICE_FEATURES_READY,high,,0.202148,,,,-0.069727,-0.013024,0.418789,,,false,true,false,0.09075,0.264065,0.672142,2.090458,0.47882,0.491756,-0.161723,-0.193047,0.109613,0.341455,0.208939,true,false,true,false,844491.904762,1234567.142857,true,revenue growth positive; net margin non-positive; positive FCF flag false,3m return positive; 12m return positive; trend flag true,balance-sheet leverage not elevated; 12m drawdown within tracked range,Prepared for future scoring; no recommendation language or ranking emitted.,False,False,False,v2.38J-us-candidate-feature-matrix
U00322,AXON,"Axon Enterprise, Inc. - Common Stock",NASDAQ,0001069183,fundamental_and_price,CANDIDATE_MATRIX_READY,FEATURES_READY,PRICE_FEATURES_READY,high,,0.334695,,,,0.044848,0.027012,0.536784,,,true,true,false,-0.099986,0.057496,-0.104975,-0.306427,0.743037,0.686013,-0.397328,-0.555107,-0.078252,0.024248,0.111202,false,false,false,false,934834.761905,987821.111111,true,revenue growth positive; net margin positive; positive FCF flag true,3m return positive; 12m return non-positive; trend flag false,balance-sheet leverage not elevated; 12m drawdown severe,Prepared for future scoring; no recommendation language or ranking emitted.,False,False,False,v2.38J-us-candidate-feature-matrix
U00323,AXSM,"Axsome Therapeutics, Inc. - Common Stock",NASDAQ,0001579428,fundamental_and_price,CANDIDATE_MATRIX_READY,FEATURES_READY,PRICE_FEATURES_READY,high,,0.655451,,,,-0.286884,-0.147041,0.872,,,false,true,true,-0.038903,-0.087009,0.236391,0.672411,0.386963,0.41363,-0.222009,-0.222009,-0.100941,0.047033,0.164588,false,false,false,false,654838.095238,856201.587302,true,revenue growth positive; net margin non-positive; positive FCF flag false,3m return non-positive; 12m return positive; trend flag false,balance-sheet leverage elevated; 12m drawdown within tracked range,Prepared for future scoring; no recommendation language or ranking emitted.,False,False,False,v2.38J-us-candidate-feature-matrix
U00324,AXTI,AXT Inc - Common Stock,NASDAQ,0001051627,fundamental_and_price,CANDIDATE_MATRIX_READY,FEATURES_READY,PRICE_FEATURES_READY,high,,-0.11106,,,,-0.240699,-0.212599,0.228518,,,false,false,false,-0.182904,-0.49382,0.34363,18.348276,1.689239,1.706132,-0.737485,-0.737485,-0.119887,0.040986,0.182788,false,false,false,false,11213433.333333,10274449.206349,true,revenue growth non-positive; net margin non-positive; positive FCF flag false,3m return non-positive; 12m return positive; trend flag false,balance-sheet leverage not elevated; 12m drawdown severe,Prepared for future scoring; no recommendation language or ranking emitted.,False,False,False,v2.38J-us-candidate-feature-matrix
U00326,AYTU,"Aytu BioPharma, Inc. - Common Stock",NASDAQ,0001385818,fundamental_and_price,CANDIDATE_MATRIX_READY,FEATURES_READY,PRICE_FEATURES_READY,high,,-0.180489,,,,-0.204302,-0.032614,,,,false,false,false,0.0,0.071429,-0.147727,-0.042553,0.410426,0.393254,-0.245421,-0.318725,0.005542,-0.054622,-0.059832,false,false,false,false,29879.714286,27028.15873,true,revenue growth non-positive; net margin non-positive; positive FCF flag false,3m return positive; 12m return non-positive; trend flag false,12m drawdown within tracked range,Prepared for future scoring; no recommendation language or ranking emitted.,False,False,False,v2.38J-us-candidate-feature-matrix
U00328,AZI,Autozi Internet Technology (Global) Ltd. - Class A Ordinary Shares,NASDAQ,0001959726,fundamental_and_price,CANDIDATE_MATRIX_PARTIAL_FUNDAMENTALS,FEATURES_PARTIAL,PRICE_FEATURES_READY,medium,fundamental_features_missing_or_partial,-0.015537,,,,,-0.038559,3.131272,,,false,false,true,0.125,0.17757,-0.538462,-0.989043,3.051538,3.10594,-0.844615,-0.991293,-0.121094,-0.869042,-0.850999,false,false,false,true,7249560.095238,8478127.968254,true,revenue growth non-positive; positive FCF flag false,3m return positive; 12m return non-positive; trend flag false,balance-sheet leverage elevated; 12m drawdown severe,Prepared for future scoring; no recommendation language or ranking emitted.,False,False,False,v2.38J-us-candidate-feature-matrix
U00329,AZTA,"Azenta, Inc. - Common Stock",NASDAQ,0000933974,fundamental_and_price,CANDIDATE_MATRIX_READY,FEATURES_READY,PRICE_FEATURES_READY,high,,-0.095231,,,,-0.093905,0.064538,0.161487,,,true,false,false,0.05656,0.347418,0.286471,0.033726,0.50944,0.652907,-0.394558,-0.609364,0.079043,0.116171,0.034408,true,false,false,true,775882.904762,740600.650794,true,revenue growth non-positive; net margin non-positive; positive FCF flag true,3m return positive; 12m return positive; trend flag true,balance-sheet leverage not elevated; 12m drawdown severe,Prepared for future scoring; no recommendation language or ranking emitted.,False,False,False,v2.38J-us-candidate-feature-matrix
U00331,BAER,"Bridger Aerospace Group Holdings, Inc. - Common Stock",NASDAQ,0001941536,fundamental_and_price,CANDIDATE_MATRIX_READY,FEATURES_READY,PRICE_FEATURES_READY,high,,0.245576,,,,0.033705,-0.522755,0.804224,,,true,true,true,-0.443878,-0.504545,-0.543933,-0.463054,0.801493,0.833544,-0.56746,-0.666667,-0.330796,-0.455891,-0.186931,false,false,false,false,1802285.714286,918853.968254,true,revenue growth positive; net margin positive; positive FCF flag false,3m return non-positive; 12m return non-positive; trend flag false,balance-sheet leverage elevated; 12m drawdown severe,Prepared for future scoring; no recommendation language or ranking emitted.,False,False,False,v2.38J-us-candidate-feature-matrix
U00332,BAFN,BayFirst Financial Corp. - Common Stock,NASDAQ,0001649739,fundamental_and_price,CANDIDATE_MATRIX_PARTIAL_FUNDAMENTALS,FEATURES_PARTIAL,PRICE_FEATURES_READY,medium,fundamental_features_missing_or_partial,,,,,,,0.936968,,,false,false,true,0.165316,0.28164,0.126959,-0.171277,0.60452,0.707262,-0.463443,-0.56501,0.180391,0.078694,-0.086155,false,false,false,true,32200.0,25085.714286,true,positive FCF flag true,3m return positive; 12m return non-positive; trend flag false,balance-sheet leverage elevated; 12m drawdown severe,Prepared for future scoring; no recommendation language or ranking emitted.,False,False,False,v2.38J-us-candidate-feature-matrix
U00333,BAND,Bandwidth Inc. - Class A Common Stock,NASDAQ,0001514416,fundamental_and_price,CANDIDATE_MATRIX_READY,FEATURES_READY,PRICE_FEATURES_READY,high,,0.007121,,,,-0.017129,,0.620024,,,false,true,false,0.168392,-0.251658,2.264139,2.386,1.106852,1.20208,-0.528939,-0.528939,-0.096937,0.531011,0.695353,false,false,false,false,811814.571429,1263127.079365,true,revenue growth positive; net margin non-positive; positive FCF flag false,3m return non-positive; 12m return positive; trend flag false,balance-sheet leverage not elevated; 12m drawdown severe,Prepared for future scoring; no recommendation language or ranking emitted.,False,False,False,v2.38J-us-candidate-feature-matrix
U00334,BANF,BancFirst Corporation - Common Stock,NASDAQ,0000760498,fundamental_and_price,CANDIDATE_MATRIX_READY,FEATURES_READY,PRICE_FEATURES_READY,high,,,,,,,,0.87505,,,false,false,true,-0.055175,-0.020551,-0.049925,-0.189968,0.211841,0.213679,-0.102716,-0.242673,-0.05355,-0.037435,0.017027,false,false,false,false,102761.904762,161877.777778,true,positive FCF flag true,3m return non-positive; 12m return non-positive; trend flag false,balance-sheet leverage elevated; 12m drawdown within tracked range,Prepared for future scoring; no recommendation language or ranking emitted.,False,False,False,v2.38J-us-candidate-feature-matrix
U00335,BANL,CBL International Limited - Class B Ordinary Shares,NASDAQ,0001914805,fundamental_and_price,CANDIDATE_MATRIX_READY,FEATURES_READY,PRICE_FEATURES_READY,high,,-0.091183,,,,-0.005552,0.007416,0.737318,,,true,false,false,2.355408,35.982967,21.060958,22.100304,21.274144,15.082556,-0.636842,-0.636842,1.826329,7.981594,2.17783,true,false,true,true,279749.714286,230257.84127,true,revenue growth non-positive; net margin non-positive; positive FCF flag true,3m return positive; 12m return positive; trend flag true,balance-sheet leverage not elevated; 12m drawdown severe,Prepared for future scoring; no recommendation language or ranking emitted.,False,False,False,v2.38J-us-candidate-feature-matrix
U00336,BANR,Banner Corporation - Common Stock,NASDAQ,0000946673,fundamental_and_price,CANDIDATE_MATRIX_READY,FEATURES_READY,PRICE_FEATURES_READY,high,,,,,,,,0.880993,,,false,false,true,-0.027923,0.065072,0.132057,0.023124,0.205429,0.219709,-0.076446,-0.143384,-0.019291,0.053609,0.074334,false,false,true,false,312490.47619,341463.492063,true,positive FCF flag true,3m return positive; 12m return positive; trend flag false,balance-sheet leverage elevated; 12m drawdown within tracked range,Prepared for future scoring; no recommendation language or ranking emitted.,False,False,False,v2.38J-us-candidate-feature-matrix
U00338,BAOS,Baosheng Media Group Holdings Limited - Ordinary shares,NASDAQ,0001811216,fundamental_and_price,CANDIDATE_MATRIX_READY,FEATURES_READY,PRICE_FEATURES_READY,high,,-0.088279,,,,-21.127938,-3.978323,0.735231,,,false,false,false,-0.463122,-0.893898,-0.879615,-0.886594,1.563797,1.216572,-0.903692,-0.935597,-0.778758,-0.872501,-0.423711,false,false,false,false,8751387.190476,3019797.31746,true,revenue growth non-positive; net margin non-positive; positive FCF flag false,3m return non-positive; 12m return non-positive; trend flag false,balance-sheet leverage not elevated; 12m drawdown severe,Prepared for future scoring; no recommendation language or ranking emitted.,False,False,False,v2.38J-us-candidate-feature-matrix
U00339,BATRA,"Atlanta Braves Holdings, Inc. - Series A Common Stock",NASDAQ,0001958140,fundamental_and_price,CANDIDATE_MATRIX_READY,FEATURES_READY,PRICE_FEATURES_READY,high,,0.105235,,,,-0.031902,,0.666751,,,false,true,false,0.018549,0.039355,0.147053,0.167456,0.217894,0.21461,-0.089177,-0.099463,-0.007378,0.113763,0.122041,false,false,true,false,81038.095238,65987.301587,true,revenue growth positive; net margin non-positive; positive FCF flag false,3m return positive; 12m return positive; trend flag false,balance-sheet leverage not elevated; 12m drawdown within tracked range,Prepared for future scoring; no recommendation language or ranking emitted.,False,False,False,v2.38J-us-candidate-feature-matrix
U00340,BATRK,"Atlanta Braves Holdings, Inc. - Series C Common Stock",NASDAQ,0001958140,fundamental_and_price,CANDIDATE_MATRIX_READY,FEATURES_READY,PRICE_FEATURES_READY,high,,0.105235,,,,-0.031902,,0.666751,,,false,true,false,-0.015297,0.017633,0.151341,0.116274,0.240699,0.230938,-0.076792,-0.128722,-0.024359,0.099601,0.127055,false,false,true,false,620271.428571,576930.15873,true,revenue growth positive; net margin non-positive; positive FCF flag false,3m return positive; 12m return positive; trend flag false,balance-sheet leverage not elevated; 12m drawdown within tracked range,Prepared for future scoring; no recommendation language or ranking emitted.,False,False,False,v2.38J-us-candidate-feature-matrix
U00342,BBCP,"Concrete Pumping Holdings, Inc. - Common Stock",NASDAQ,0001703956,fundamental_and_price,CANDIDATE_MATRIX_READY,FEATURES_READY,PRICE_FEATURES_READY,high,,-0.089688,,,,0.017889,0.049202,0.670523,,,true,false,false,-0.088979,0.150702,0.325,0.29454,0.709358,0.552965,-0.254772,-0.254772,-0.117877,0.129041,0.279914,false,false,false,true,137040.571429,319211.936508,true,revenue growth non-positive; net margin positive; positive FCF flag true,3m return positive; 12m return positive; trend flag false,balance-sheet leverage not elevated; 12m drawdown within tracked range,Prepared for future scoring; no recommendation language or ranking emitted.,False,False,False,v2.38J-us-candidate-feature-matrix
U00344,BBGI,"Beasley Broadcast Group, Inc. - Class A Common Stock",NASDAQ,0001099160,fundamental_and_price,CANDIDATE_MATRIX_READY,FEATURES_READY,PRICE_FEATURES_READY,high,,-0.14296,,,,-0.954405,-0.064604,1.164826,,,false,false,true,-0.128644,-0.038795,3.803571,3.084599,1.061503,2.260164,-0.385848,-0.811863,-0.152199,0.514098,0.785912,false,false,false,false,80672.047619,48263.698413,true,revenue growth non-positive; net margin non-positive; positive FCF flag false,3m return non-positive; 12m return positive; trend flag false,balance-sheet leverage elevated; 12m drawdown severe,Prepared for future scoring; no recommendation language or ranking emitted.,False,False,False,v2.38J-us-candidate-feature-matrix
U00345,BBIO,"BridgeBio Pharma, Inc. - Common Stock",NASDAQ,0001743881,fundamental_and_price,CANDIDATE_MATRIX_PARTIAL_FUNDAMENTALS,FEATURES_PARTIAL,PRICE_FEATURES_READY,medium,fundamental_features_missing_or_partial,1.262602,,,,,-0.890317,3.21851,,,false,true,true,-0.067869,0.168296,0.149684,0.53,0.415054,0.450637,-0.18029,-0.202478,-0.048254,0.037193,0.089779,false,false,false,false,2092180.952381,3045177.777778,true,revenue growth positive; positive FCF flag false,3m return positive; 12m return positive; trend flag false,balance-sheet leverage elevated; 12m drawdown within tracked range,Prepared for future scoring; no recommendation language or ranking emitted.,False,False,False,v2.38J-us-candidate-feature-matrix
U00346,BBLG,Bone Biologics Corp - Common Stock,NASDAQ,0001419554,fundamental_and_price,CANDIDATE_MATRIX_PARTIAL_FUNDAMENTALS,FEATURES_PARTIAL,PRICE_FEATURES_READY,medium,fundamental_features_missing_or_partial,,,,,,,0.072218,,,false,false,false,-0.417989,-0.564184,-0.56,-0.740566,0.818558,0.658747,-0.62585,-0.807018,-0.442225,-0.580455,-0.247825,false,false,false,false,825957.142857,334011.111111,true,positive FCF flag false,3m return non-positive; 12m return non-positive; trend flag false,balance-sheet leverage not elevated; 12m drawdown severe,Prepared for future scoring; no recommendation language or ranking emitted.,False,False,False,v2.38J-us-candidate-feature-matrix
U00347,BBNX,"Beta Bionics, Inc. - Common Stock",NASDAQ,0001674632,fundamental_and_price,CANDIDATE_MATRIX_READY,FEATURES_READY,PRICE_FEATURES_READY,high,,0.539386,,,,-0.730167,-0.560812,0.125122,,,false,true,false,0.428464,0.491009,0.648228,0.012208,0.733415,0.763849,-0.293395,-0.723038,0.129846,0.131769,0.001702,true,false,false,true,1111757.142857,1156444.444444,true,revenue growth positive; net margin non-positive; positive FCF flag false,3m return positive; 12m return positive; trend flag true,balance-sheet leverage not elevated; 12m drawdown severe,Prepared for future scoring; no recommendation language or ranking emitted.,False,False,False,v2.38J-us-candidate-feature-matrix
U00348,BBOT,"BridgeBio Oncology Therapeutics, Inc. - Common Stock",NASDAQ,0001869105,fundamental_and_price,CANDIDATE_MATRIX_PARTIAL_FUNDAMENTALS,FEATURES_PARTIAL,PRICE_FEATURES_READY,medium,fundamental_features_missing_or_partial,,,,,,,0.083155,,,false,false,false,0.002255,0.107098,-0.12586,-0.072025,0.551476,0.550888,-0.316699,-0.481428,0.025268,-0.094972,-0.117277,false,false,false,false,255061.904762,376133.333333,true,positive FCF flag false,3m return positive; 12m return non-positive; trend flag false,balance-sheet leverage not elevated; 12m drawdown within tracked range,Prepared for future scoring; no recommendation language or ranking emitted.,False,False,False,v2.38J-us-candidate-feature-matrix
U00349,BBSI,"Barrett Business Services, Inc. - Common Stock",NASDAQ,0000902791,fundamental_and_price,CANDIDATE_MATRIX_PARTIAL_FUNDAMENTALS,FEATURES_PARTIAL,PRICE_FEATURES_READY,medium,fundamental_features_missing_or_partial,,,,,,,0.690656,,,false,false,false,-0.158932,0.042685,0.158419,-0.308513,0.486231,0.395902,-0.240438,-0.454342,-0.073254,-0.000765,0.07822,false,false,false,false,245604.761905,245173.015873,true,positive FCF flag false,3m return positive; 12m return non-positive; trend flag false,balance-sheet leverage not elevated; 12m drawdown within tracked range,Prepared for future scoring; no recommendation language or ranking emitted.,False,False,False,v2.38J-us-candidate-feature-matrix
U00350,BCAB,"BioAtla, Inc. - Common Stock",NASDAQ,0001826892,fundamental_and_price,CANDIDATE_MATRIX_PARTIAL_FUNDAMENTALS,FEATURES_PARTIAL,PRICE_FEATURES_READY,medium,fundamental_features_missing_or_partial,,,,,,,3.617081,,,false,false,true,-0.640299,-0.645588,-0.859884,-0.946205,1.380757,1.275822,-0.885714,-0.982295,-0.644857,-0.902073,-0.72426,false,false,false,false,132900.0,82571.0,true,positive FCF flag false,3m return non-positive; 12m return non-positive; trend flag false,balance-sheet leverage elevated; 12m drawdown severe,Prepared for future scoring; no recommendation language or ranking emitted.,False,False,False,v2.38J-us-candidate-feature-matrix
U00351,BCAL,California BanCorp - Common Stock,NASDAQ,0001795815,fundamental_and_price,CANDIDATE_MATRIX_READY,FEATURES_READY,PRICE_FEATURES_READY,high,,,,,,,,0.857047,,,false,false,true,-0.016783,0.097866,0.148068,0.252375,0.199638,0.187339,-0.057671,-0.139593,-0.002809,0.090892,0.093965,false,false,true,false,144967.380952,215538.333333,true,positive FCF flag true,3m return positive; 12m return positive; trend flag false,balance-sheet leverage elevated; 12m drawdown within tracked range,Prepared for future scoring; no recommendation language or ranking emitted.,False,False,False,v2.38J-us-candidate-feature-matrix
U00353,BCAX,Bicara Therapeutics Inc. - Common Stock,NASDAQ,0002023658,fundamental_and_price,CANDIDATE_MATRIX_PARTIAL_FUNDAMENTALS,FEATURES_PARTIAL,PRICE_FEATURES_READY,medium,fundamental_features_missing_or_partial,,,,,,,0.068544,,,false,false,false,-0.097318,0.178,0.270766,0.979832,0.561233,0.511065,-0.239474,-0.26426,-0.112461,0.125791,0.268441,false,false,false,true,630038.095238,719769.84127,true,positive FCF flag false,3m return positive; 12m return positive; trend flag false,balance-sheet leverage not elevated; 12m drawdown within tracked range,Prepared for future scoring; no recommendation language or ranking emitted.,False,False,False,v2.38J-us-candidate-feature-matrix
U00354,BCBP,"BCB Bancorp, Inc. (NJ) - Common Stock",NASDAQ,0001228454,fundamental_and_price,CANDIDATE_MATRIX_PARTIAL_FUNDAMENTALS,FEATURES_PARTIAL,PRICE_FEATURES_READY,medium,fundamental_features_missing_or_partial,,,,,,,0.907215,,,false,false,true,-0.060044,-0.225023,0.027446,-0.016,0.345027,0.339044,-0.261552,-0.261552,-0.106012,-0.053383,0.058869,false,false,false,false,152890.47619,180919.047619,true,positive FCF flag true,3m return non-positive; 12m return non-positive; trend flag false,balance-sheet leverage elevated; 12m drawdown within tracked range,Prepared for future scoring; no recommendation language or ranking emitted.,False,False,False,v2.38J-us-candidate-feature-matrix
U00355,BCDA,"BioCardia, Inc. - Common Stock",NASDAQ,0000925741,fundamental_and_price,CANDIDATE_MATRIX_PARTIAL_FUNDAMENTALS,FEATURES_PARTIAL,PRICE_FEATURES_READY,medium,fundamental_features_missing_or_partial,,,,,,,0.737767,,,false,false,false,0.21978,0.275862,-0.067227,-0.439394,0.876956,0.713692,-0.403101,-0.660793,0.130116,-0.025589,-0.137778,false,false,false,true,224433.333333,3062193.650794,true,positive FCF flag false,3m return positive; 12m return non-positive; trend flag false,balance-sheet leverage not elevated; 12m drawdown severe,Prepared for future scoring; no recommendation language or ranking emitted.,False,False,False,v2.38J-us-candidate-feature-matrix
U00356,BCG,"Binah Capital Group, Inc. - Common Stock",NASDAQ,0001953984,fundamental_and_price,CANDIDATE_MATRIX_READY,FEATURES_READY,PRICE_FEATURES_READY,high,,0.107366,,,,0.012678,0.027961,0.739842,,,true,true,false,-0.042254,-0.15,-0.34236,-0.306122,0.520143,0.695813,-0.451681,-0.580386,-0.072597,-0.307086,-0.252845,false,false,false,false,63419.047619,36858.730159,true,revenue growth positive; net margin positive; positive FCF flag true,3m return non-positive; 12m return non-positive; trend flag false,balance-sheet leverage not elevated; 12m drawdown severe,Prepared for future scoring; no recommendation language or ranking emitted.,False,False,False,v2.38J-us-candidate-feature-matrix
U00358,BCML,BayCom Corp - Common Stock,NASDAQ,0001730984,fundamental_and_price,CANDIDATE_MATRIX_READY,FEATURES_READY,PRICE_FEATURES_READY,high,,,,,,,,0.869469,,,false,false,true,-0.021311,-0.043269,0.005728,-0.013549,0.232434,0.272448,-0.14257,-0.142901,-0.060233,-0.016926,0.046083,false,false,false,false,58055.142857,72589.809524,true,positive FCF flag true,3m return non-positive; 12m return non-positive; trend flag false,balance-sheet leverage elevated; 12m drawdown within tracked range,Prepared for future scoring; no recommendation language or ranking emitted.,False,False,False,v2.38J-us-candidate-feature-matrix
U00359,BCPC,Balchem Corporation - Common Stock,NASDAQ,0000009326,fundamental_and_price,CANDIDATE_MATRIX_READY,FEATURES_READY,PRICE_FEATURES_READY,high,,0.087531,,,,0.149297,,0.254315,,,true,true,false,-0.001498,0.10171,-0.044492,0.069221,0.194394,0.208736,-0.144312,-0.147113,0.014107,0.04077,0.026292,true,false,true,false,164864.333333,220435.730159,true,revenue growth positive; net margin positive; positive FCF flag false,3m return positive; 12m return positive; trend flag true,balance-sheet leverage not elevated; 12m drawdown within tracked range,Prepared for future scoring; no recommendation language or ranking emitted.,False,False,False,v2.38J-us-candidate-feature-matrix
U00360,BCRX,"BioCryst Pharmaceuticals, Inc. - Common Stock",NASDAQ,0000882796,fundamental_and_price,CANDIDATE_MATRIX_PARTIAL_FUNDAMENTALS,FEATURES_PARTIAL,PRICE_FEATURES_READY,medium,fundamental_features_missing_or_partial,,,,,,,1.231744,,,false,false,true,0.127494,0.232727,0.186698,0.226779,0.471484,0.501777,-0.207021,-0.247286,0.043612,0.190539,0.140787,true,false,true,false,3258852.380952,4284760.31746,true,positive FCF flag false,3m return positive; 12m return positive; trend flag true,balance-sheet leverage elevated; 12m drawdown within tracked range,Prepared for future scoring; no recommendation language or ranking emitted.,False,False,False,v2.38J-us-candidate-feature-matrix
U00361,BCTX,BriaCell Therapeutics Corp. - Common Shares,NASDAQ,0001610820,fundamental_and_price,CANDIDATE_MATRIX_PARTIAL_FUNDAMENTALS,FEATURES_PARTIAL,PRICE_FEATURES_READY,medium,fundamental_features_missing_or_partial,,,,,,,,,,false,false,false,0.059347,0.07855,-0.12285,-0.578512,0.742709,0.815716,-0.406926,-0.801305,0.002922,-0.26488,-0.267022,false,false,false,false,596285.714286,297560.31746,true,positive FCF flag false,3m return positive; 12m return non-positive; trend flag false,12m drawdown severe,Prepared for future scoring; no recommendation language or ranking emitted.,False,False,False,v2.38J-us-candidate-feature-matrix
U00362,BDCI,BTC Development Corp. - Class A Ordinary Shares,NASDAQ,0002042292,fundamental_and_price,CANDIDATE_MATRIX_PARTIAL_PRICE,FEATURES_PARTIAL,PRICE_FEATURES_PARTIAL,medium,price_features_missing_or_partial,,,,,,,0.042276,,,false,false,false,0.005946,0.008946,0.016016,,0.012755,0.012353,-0.00297,,0.005687,0.009951,0.00424,true,true,true,false,26566.666667,43449.206349,true,positive FCF flag false,3m return positive; trend flag true,balance-sheet leverage not elevated,Prepared for future scoring; no recommendation language or ranking emitted.,False,False,False,v2.38J-us-candidate-feature-matrix
U00363,BDMD,Baird Medical Investment Holdings Ltd - Ordinary Share,NASDAQ,0001982444,fundamental_and_price,CANDIDATE_MATRIX_READY,FEATURES_READY,PRICE_FEATURES_READY,high,,-0.391502,,,,-1.210365,-0.061514,0.552036,,,false,false,false,0.065421,-0.149254,-0.542169,-0.534694,0.59327,0.970734,-0.715116,-0.715116,0.026103,-0.225299,-0.245006,false,false,false,false,48559.714286,75624.666667,true,revenue growth non-positive; net margin non-positive; positive FCF flag false,3m return non-positive; 12m return non-positive; trend flag false,balance-sheet leverage not elevated; 12m drawdown severe,Prepared for future scoring; no recommendation language or ranking emitted.,False,False,False,v2.38J-us-candidate-feature-matrix
U00364,BDSX,"Biodesix, Inc. - Common Stock",NASDAQ,0001439725,fundamental_and_price,CANDIDATE_MATRIX_READY,FEATURES_READY,PRICE_FEATURES_READY,high,,0.24082,,,,-0.398479,-0.265879,1.028179,,,false,true,true,0.137994,0.623705,0.617419,1.935597,0.894526,0.971543,-0.492784,-0.492784,0.096273,0.706705,0.556825,true,false,false,true,133952.380952,95514.285714,true,revenue growth positive; net margin non-positive; positive FCF flag false,3m return positive; 12m return positive; trend flag true,balance-sheet leverage elevated; 12m drawdown within tracked range,Prepared for future scoring; no recommendation language or ranking emitted.,False,False,False,v2.38J-us-candidate-feature-matrix
U00365,BDTX,"Black Diamond Therapeutics, Inc. - Common Stock",NASDAQ,0001701541,fundamental_and_price,CANDIDATE_MATRIX_PARTIAL_FUNDAMENTALS,FEATURES_PARTIAL,PRICE_FEATURES_READY,medium,fundamental_features_missing_or_partial,,,,,,,0.215363,,,false,false,false,0.202247,0.019048,-0.130081,-0.235714,0.648975,0.91936,-0.552778,-0.669405,0.105543,-0.11422,-0.198783,false,false,false,false,580428.571429,1192561.904762,true,positive FCF flag false,3m return positive; 12m return non-positive; trend flag false,balance-sheet leverage not elevated; 12m drawdown severe,Prepared for future scoring; no recommendation language or ranking emitted.,False,False,False,v2.38J-us-candidate-feature-matrix
U00367,BEAM,Beam Therapeutics Inc. - Common Stock,NASDAQ,0001745999,fundamental_and_price,CANDIDATE_MATRIX_READY,FEATURES_READY,PRICE_FEATURES_READY,high,,1.200054,,,,-0.572422,-2.576501,0.163937,,,false,true,false,0.120031,0.002072,0.066128,0.773839,0.691531,0.687431,-0.338871,-0.381531,-0.019701,0.021408,0.041935,false,false,false,false,1635488.428571,2121651.698413,true,revenue growth positive; net margin non-positive; positive FCF flag false,3m return positive; 12m return positive; trend flag false,balance-sheet leverage not elevated; 12m drawdown within tracked range,Prepared for future scoring; no recommendation language or ranking emitted.,False,False,False,v2.38J-us-candidate-feature-matrix
U00368,BEAT,"Heartbeam, Inc. - Common Stock",NASDAQ,0001779372,fundamental_and_price,CANDIDATE_MATRIX_PARTIAL_FUNDAMENTALS,FEATURES_PARTIAL,PRICE_FEATURES_READY,medium,fundamental_features_missing_or_partial,,,,,,,0.55451,,,false,false,false,-0.094567,-0.494949,-0.705882,-0.697987,0.824642,0.864226,-0.695946,-0.869186,-0.193664,-0.613366,-0.520505,false,false,false,false,437242.857143,695720.634921,true,positive FCF flag false,3m return non-positive; 12m return non-positive; trend flag false,balance-sheet leverage not elevated; 12m drawdown severe,Prepared for future scoring; no recommendation language or ranking emitted.,False,False,False,v2.38J-us-candidate-feature-matrix
U00369,BEEM,Beam Global - Common Stock,NASDAQ,0001398805,fundamental_and_price,CANDIDATE_MATRIX_READY,FEATURES_READY,PRICE_FEATURES_READY,high,,-0.42768,,,,-0.956332,-0.386032,0.418586,,,false,false,false,0.275229,-0.073333,-0.091503,-0.492701,0.940514,0.914127,-0.503046,-0.74768,0.157003,-0.078628,-0.203656,false,false,false,false,2362966.380952,2096623.714286,true,revenue growth non-positive; net margin non-positive; positive FCF flag false,3m return non-positive; 12m return non-positive; trend flag false,balance-sheet leverage not elevated; 12m drawdown severe,Prepared for future scoring; no recommendation language or ranking emitted.,False,False,False,v2.38J-us-candidate-feature-matrix
U00370,BEEP,Mobile Infrastructure Corporation - Common Stock,NASDAQ,0001847874,fundamental_and_price,CANDIDATE_MATRIX_PARTIAL_FUNDAMENTALS,FEATURES_PARTIAL,PRICE_FEATURES_READY,medium,fundamental_features_missing_or_partial,-0.052232,,,,-0.611262,,0.584157,,,false,false,false,0.58011,0.271111,-0.065359,-0.279597,0.90053,0.894844,-0.510638,-0.660099,0.346326,0.180659,-0.123051,false,false,false,true,53025.190476,67560.777778,true,revenue growth non-positive; net margin non-positive; positive FCF flag false,3m return positive; 12m return non-positive; trend flag false,balance-sheet leverage not elevated; 12m drawdown severe,Prepared for future scoring; no recommendation language or ranking emitted.,False,False,False,v2.38J-us-candidate-feature-matrix
U00371,BELFA,Bel Fuse Inc. - Class A Common Stock,NASDAQ,0000729580,fundamental_and_price,CANDIDATE_MATRIX_READY,FEATURES_READY,PRICE_FEATURES_READY,high,,0.263024,,,,0.091103,0.101576,0.445387,,,true,true,false,-0.076958,-0.148215,0.040045,0.77034,0.693895,0.650845,-0.304879,-0.304879,-0.124024,-0.020079,0.118662,false,false,false,false,156575.809524,185447.492063,true,revenue growth positive; net margin positive; positive FCF flag true,3m return non-positive; 12m return positive; trend flag false,balance-sheet leverage not elevated; 12m drawdown within tracked range,Prepared for future scoring; no recommendation language or ranking emitted.,False,False,False,v2.38J-us-candidate-feature-matrix
U00372,BELFB,Bel Fuse Inc. - Class B Common Stock,NASDAQ,0000729580,fundamental_and_price,CANDIDATE_MATRIX_READY,FEATURES_READY,PRICE_FEATURES_READY,high,,0.263024,,,,0.091103,0.101576,0.445387,,,true,true,false,-0.114289,-0.095832,0.13934,0.809007,0.6877,0.623168,-0.272069,-0.272069,-0.118106,0.040571,0.179928,false,false,false,false,174992.380952,267654.603175,true,revenue growth positive; net margin positive; positive FCF flag true,3m return non-positive; 12m return positive; trend flag false,balance-sheet leverage not elevated; 12m drawdown within tracked range,Prepared for future scoring; no recommendation language or ranking emitted.,False,False,False,v2.38J-us-candidate-feature-matrix
U00373,BENF,Beneficient - Class A Common Stock,NASDAQ,0001775734,fundamental_and_price,CANDIDATE_MATRIX_PARTIAL_FUNDAMENTALS,FEATURES_PARTIAL,PRICE_FEATURES_READY,medium,fundamental_features_missing_or_partial,,,,,,,1.413616,,,false,false,true,-0.340909,-0.451351,-0.469974,-0.332237,0.71072,0.741506,-0.525547,-0.836409,-0.317918,-0.48528,-0.24537,false,false,false,false,17180.952381,15542.857143,true,positive FCF flag false,3m return non-positive; 12m return non-positive; trend flag false,balance-sheet leverage elevated; 12m drawdown severe,Prepared for future scoring; no recommendation language or ranking emitted.,False,False,False,v2.38J-us-candidate-feature-matrix
U00374,BETR,Better Home & Finance Holding Company - Class A Common Stock,NASDAQ,0001835856,fundamental_and_price,CANDIDATE_MATRIX_READY,FEATURES_READY,PRICE_FEATURES_READY,high,,,,,,-1.006065,-1.017565,0.975301,,,false,false,true,-0.552015,-0.568454,-0.62838,-0.459567,1.2644,1.260057,-0.755687,-0.865226,-0.399197,-0.608998,-0.349201,false,false,false,false,970719.047619,517760.31746,true,net margin non-positive; positive FCF flag false,3m return non-positive; 12m return non-positive; trend flag false,balance-sheet leverage elevated; 12m drawdown severe,Prepared for future scoring; no recommendation language or ranking emitted.,False,False,False,v2.38J-us-candidate-feature-matrix
U00375,BFC,Bank First Corporation - Common Stock,NASDAQ,0001746109,fundamental_and_price,CANDIDATE_MATRIX_READY,FEATURES_READY,PRICE_FEATURES_READY,high,,,,,,,,0.857119,,,false,false,true,-0.03194,0.074784,0.089427,0.157097,0.231393,0.214785,-0.082195,-0.141728,-0.004688,0.071534,0.07658,false,false,true,false,71857.0,91415.825397,true,positive FCF flag true,3m return positive; 12m return positive; trend flag false,balance-sheet leverage elevated; 12m drawdown within tracked range,Prepared for future scoring; no recommendation language or ranking emitted.,False,False,False,v2.38J-us-candidate-feature-matrix
U00376,BFRG,"Bullfrog AI Holdings, Inc. - Common Stock",NASDAQ,0001829247,fundamental_and_price,CANDIDATE_MATRIX_PARTIAL_FUNDAMENTALS,FEATURES_PARTIAL,PRICE_FEATURES_READY,medium,fundamental_features_missing_or_partial,0.794923,,,,-55.696134,,0.239294,,,false,true,false,-0.205502,-0.327397,-0.195082,-0.597541,0.706683,1.960732,-0.710714,-0.710714,-0.196426,-0.333388,-0.170441,false,false,false,false,106776.190476,160539.68254,true,revenue growth positive; net margin non-positive; positive FCF flag false,3m return non-positive; 12m return non-positive; trend flag false,balance-sheet leverage not elevated; 12m drawdown severe,Prepared for future scoring; no recommendation language or ranking emitted.,False,False,False,v2.38J-us-candidate-feature-matrix
U00377,BFRI,Biofrontera Inc. - Common Stock,NASDAQ,0001858685,fundamental_and_price,CANDIDATE_MATRIX_READY,FEATURES_READY,PRICE_FEATURES_READY,high,,0.117467,,,,-0.252632,-0.320417,0.633105,,,false,true,false,0.289916,0.490291,0.715084,0.732506,0.710453,0.712552,-0.322609,-0.508621,0.269875,0.581895,0.245709,true,false,true,true,580149.809524,417664.222222,true,revenue growth positive; net margin non-positive; positive FCF flag false,3m return positive; 12m return positive; trend flag true,balance-sheet leverage not elevated; 12m drawdown severe,Prepared for future scoring; no recommendation language or ranking emitted.,False,False,False,v2.38J-us-candidate-feature-matrix
U00378,BFST,"Business First Bancshares, Inc. - Common Stock",NASDAQ,0001624322,fundamental_and_price,CANDIDATE_MATRIX_READY,FEATURES_READY,PRICE_FEATURES_READY,high,,,,,,,,0.89082,,,false,false,true,-0.038847,0.089876,0.112804,0.226709,0.190361,0.206603,-0.074483,-0.13938,-0.014183,0.081033,0.096587,false,false,true,false,207824.333333,250692.238095,true,positive FCF flag true,3m return positive; 12m return positive; trend flag false,balance-sheet leverage elevated; 12m drawdown within tracked range,Prepared for future scoring; no recommendation language or ranking emitted.,False,False,False,v2.38J-us-candidate-feature-matrix
U00379,BGC,"BGC Group, Inc. - Class A Common Stock",NASDAQ,0001094831,fundamental_and_price,CANDIDATE_MATRIX_READY,FEATURES_READY,PRICE_FEATURES_READY,high,,0.347222,,,,0.050462,0.152689,0.740402,,,true,true,false,0.052678,0.159574,0.243776,0.222222,0.424626,0.360237,-0.196838,-0.196838,0.060086,0.172284,0.105838,true,false,true,false,2832851.714286,3121223.587302,true,revenue growth positive; net margin positive; positive FCF flag true,3m return positive; 12m return positive; trend flag true,balance-sheet leverage not elevated; 12m drawdown within tracked range,Prepared for future scoring; no recommendation language or ranking emitted.,False,False,False,v2.38J-us-candidate-feature-matrix
U00380,BGDE,"Big Digital Energy, Inc. - Common Stock",NASDAQ,0001218683,fundamental_and_price,CANDIDATE_MATRIX_PARTIAL_FUNDAMENTALS,FEATURES_PARTIAL,PRICE_FEATURES_READY,medium,fundamental_features_missing_or_partial,,,,,-0.595073,,1.054278,,,false,false,true,0.019576,-0.211854,1.155172,-0.21875,1.182592,1.701397,-0.589565,-0.949107,-0.067582,0.167962,0.252616,false,false,false,false,67971.428571,104587.301587,true,net margin non-positive; positive FCF flag false,3m return non-positive; 12m return non-positive; trend flag false,balance-sheet leverage elevated; 12m drawdown severe,Prepared for future scoring; no recommendation language or ranking emitted.,False,False,False,v2.38J-us-candidate-feature-matrix
U00381,BGIN,Bgin Blockchain Limited - Class A Ordinary Shares,NASDAQ,0001945565,fundamental_and_price,CANDIDATE_MATRIX_PARTIAL_PRICE,FEATURES_PARTIAL,PRICE_FEATURES_PARTIAL,medium,price_features_missing_or_partial,,,,,-2.625572,-2.538472,0.410253,,,false,false,false,0.105556,-0.265683,-0.331317,,0.895103,0.967662,-0.584352,,0.042059,-0.271476,-0.30088,false,false,false,false,97897.095238,37743.47619,true,net margin non-positive; positive FCF flag false,3m return non-positive; trend flag false,balance-sheet leverage not elevated,Prepared for future scoring; no recommendation language or ranking emitted.,False,False,False,v2.38J-us-candidate-feature-matrix
U00382,BGL,Blue Gold Limited - Class A ordinary shares,NASDAQ,0002019435,fundamental_and_price,CANDIDATE_MATRIX_PARTIAL_FUNDAMENTALS,FEATURES_PARTIAL,PRICE_FEATURES_READY,medium,fundamental_features_missing_or_partial,,,,,,,1.531086,,,false,false,true,-0.034654,-0.634146,-0.896825,-0.980636,1.12128,1.088003,-0.898889,-0.984256,-0.11105,-0.872343,-0.856395,false,false,false,false,368166.666667,778277.777778,true,positive FCF flag false,3m return non-positive; 12m return non-positive; trend flag false,balance-sheet leverage elevated; 12m drawdown severe,Prepared for future scoring; no recommendation language or ranking emitted.,False,False,False,v2.38J-us-candidate-feature-matrix
U00383,BGLC,BioNexus Gene Lab Corp - Common stock,NASDAQ,0001737523,fundamental_and_price,CANDIDATE_MATRIX_READY,FEATURES_READY,PRICE_FEATURES_READY,high,,-0.219305,,,,-0.401972,-0.252576,0.068937,,,false,false,false,0.027972,-0.36087,-0.418972,-0.741197,0.786089,0.696199,-0.502638,-0.78,-0.115342,-0.427928,-0.35334,false,false,false,false,9422.809524,94536.174603,true,revenue growth non-positive; net margin non-positive; positive FCF flag false,3m return non-positive; 12m return non-positive; trend flag false,balance-sheet leverage not elevated; 12m drawdown severe,Prepared for future scoring; no recommendation language or ranking emitted.,False,False,False,v2.38J-us-candidate-feature-matrix
U00384,BGM,BGM Group Ltd. - Class A Ordinary Shares,NASDAQ,0001779578,fundamental_and_price,CANDIDATE_MATRIX_READY,FEATURES_READY,PRICE_FEATURES_READY,high,,0.510857,,,,-0.525885,-0.103881,0.096624,,,false,true,false,-0.062199,-0.160308,-0.754144,-0.963662,1.337627,1.393339,-0.772727,-0.978723,-0.097069,-0.849897,-0.833761,false,false,false,false,307818.714286,424001.47619,true,revenue growth positive; net margin non-positive; positive FCF flag false,3m return non-positive; 12m return non-positive; trend flag false,balance-sheet leverage not elevated; 12m drawdown severe,Prepared for future scoring; no recommendation language or ranking emitted.,False,False,False,v2.38J-us-candidate-feature-matrix
U00385,BGMS,"Bio Green Med Solution, Inc. - Common Stock",NASDAQ,0001130166,fundamental_and_price,CANDIDATE_MATRIX_PARTIAL_FUNDAMENTALS,FEATURES_PARTIAL,PRICE_FEATURES_READY,medium,fundamental_features_missing_or_partial,,,,,,,0.164081,,,false,false,false,-0.153061,-0.216981,-0.135417,-0.892068,1.479889,1.180475,-0.6,-0.921977,-0.068671,-0.227835,-0.1709,false,false,false,false,20371.428571,2280861.904762,true,positive FCF flag false,3m return non-positive; 12m return non-positive; trend flag false,balance-sheet leverage not elevated; 12m drawdown severe,Prepared for future scoring; no recommendation language or ranking emitted.,False,False,False,v2.38J-us-candidate-feature-matrix
U00387,BHRB,Burke & Herbert Financial Services Corp. - Common Stock,NASDAQ,0001964333,fundamental_and_price,CANDIDATE_MATRIX_READY,FEATURES_READY,PRICE_FEATURES_READY,high,,,,,,,,0.892098,,,false,false,true,-0.041005,0.103077,0.073894,0.111233,0.213011,0.199459,-0.074636,-0.136689,-0.014593,0.065114,0.080888,false,false,true,false,108403.285714,162931.253968,true,positive FCF flag true,3m return positive; 12m return positive; trend flag false,balance-sheet leverage elevated; 12m drawdown within tracked range,Prepared for future scoring; no recommendation language or ranking emitted.,False,False,False,v2.38J-us-candidate-feature-matrix
U00388,BHST,BioHarvest Sciences Inc. - Common Stock,NASDAQ,0001723464,fundamental_and_price,CANDIDATE_MATRIX_PARTIAL_FUNDAMENTALS,FEATURES_PARTIAL,PRICE_FEATURES_READY,medium,fundamental_features_missing_or_partial,0.370017,,,,-0.322679,-0.277646,,,,false,true,false,-0.159292,-0.466292,-0.559165,-0.756504,0.738282,0.590562,-0.597374,-0.854545,-0.19324,-0.535603,-0.424367,false,false,false,false,59512.619048,50101.031746,true,revenue growth positive; net margin non-positive; positive FCF flag false,3m return non-positive; 12m return non-positive; trend flag false,12m drawdown severe,Prepared for future scoring; no recommendation language or ranking emitted.,False,False,False,v2.38J-us-candidate-feature-matrix
U00389,BIAF,"bioAffinity Technologies, Inc. - Common Stock",NASDAQ,0001712762,fundamental_and_price,CANDIDATE_MATRIX_READY,FEATURES_READY,PRICE_FEATURES_READY,high,,-0.341813,,,,-2.419645,-1.52377,0.336027,,,false,false,false,9.510367,2.765714,5.216981,-0.103401,24.02463,17.086709,-0.919198,-0.963524,4.494047,3.001226,-0.271716,false,true,false,true,10835824.47619,3923204.984127,true,revenue growth non-positive; net margin non-positive; positive FCF flag false,3m return positive; 12m return non-positive; trend flag false,balance-sheet leverage not elevated; 12m drawdown severe,Prepared for future scoring; no recommendation language or ranking emitted.,False,False,False,v2.38J-us-candidate-feature-matrix
U00390,BIIB,Biogen Inc. - Common Stock,NASDAQ,0000875045,fundamental_and_price,CANDIDATE_MATRIX_READY,FEATURES_READY,PRICE_FEATURES_READY,high,,0.022189,,,,0.13072,0.207348,0.379854,,,true,true,false,0.070459,0.144098,0.174003,0.633943,0.389963,0.361595,-0.113927,-0.143354,0.037947,0.135909,0.09438,true,false,true,false,750849.714286,1122216.571429,true,revenue growth positive; net margin positive; positive FCF flag true,3m return positive; 12m return positive; trend flag true,balance-sheet leverage not elevated; 12m drawdown within tracked range,Prepared for future scoring; no recommendation language or ranking emitted.,False,False,False,v2.38J-us-candidate-feature-matrix
U00391,BIOA,"BioAge Labs, Inc. - Common Stock",NASDAQ,0001709941,fundamental_and_price,CANDIDATE_MATRIX_READY,FEATURES_READY,PRICE_FEATURES_READY,high,,,,,,-8.961089,-9.154641,0.077446,,,false,false,false,-0.116883,-0.424426,-0.534702,0.931034,1.508876,1.213021,-0.639841,-0.639841,-0.44817,-0.436742,0.020709,false,false,false,false,726956.809524,857250.68254,true,net margin non-positive; positive FCF flag false,3m return non-positive; 12m return positive; trend flag false,balance-sheet leverage not elevated; 12m drawdown severe,Prepared for future scoring; no recommendation language or ranking emitted.,False,False,False,v2.38J-us-candidate-feature-matrix
U00393,BIRD,"Smartbird, Inc. - Class A Common Stock",NASDAQ,0001653909,fundamental_and_price,CANDIDATE_MATRIX_PARTIAL_FUNDAMENTALS,FEATURES_PARTIAL,PRICE_FEATURES_READY,medium,fundamental_features_missing_or_partial,,,,,,,0.671775,,,false,false,false,0.072687,-0.406098,-0.12724,-0.641384,1.109053,8.34264,-0.869923,-0.869923,-0.147409,-0.389793,-0.284291,false,false,false,false,693457.142857,1668860.31746,true,positive FCF flag false,3m return non-positive; 12m return non-positive; trend flag false,balance-sheet leverage not elevated; 12m drawdown severe,Prepared for future scoring; no recommendation language or ranking emitted.,False,False,False,v2.38J-us-candidate-feature-matrix
U00394,BIVI,BioVie Inc. - Common stock,NASDAQ,0001580149,fundamental_and_price,CANDIDATE_MATRIX_PARTIAL_FUNDAMENTALS,FEATURES_PARTIAL,PRICE_FEATURES_READY,medium,fundamental_features_missing_or_partial,,,,,,,0.279303,,,false,false,false,0.10929,0.230303,0.4,0.28481,1.967348,1.495117,-0.57533,-0.57533,0.177385,0.364279,0.158737,true,false,false,true,13447857.142857,4614548.952381,true,positive FCF flag false,3m return positive; 12m return positive; trend flag true,balance-sheet leverage not elevated; 12m drawdown severe,Prepared for future scoring; no recommendation language or ranking emitted.,False,False,False,v2.38J-us-candidate-feature-matrix
U00396,BIYA,Baiya International Group Inc. - Ordinary Shares,NASDAQ,0001944712,fundamental_and_price,CANDIDATE_MATRIX_READY,FEATURES_READY,PRICE_FEATURES_READY,high,,0.286343,,,,-0.578497,-0.451594,0.171137,,,false,true,false,-0.290323,1.441731,0.466667,-0.846957,16.511756,11.945,-0.866351,-0.983264,-0.097754,-0.203829,-0.117567,false,false,false,true,243466.666667,13656643.650794,true,revenue growth positive; net margin non-positive; positive FCF flag false,3m return positive; 12m return non-positive; trend flag false,balance-sheet leverage not elevated; 12m drawdown severe,Prepared for future scoring; no recommendation language or ranking emitted.,False,False,False,v2.38J-us-candidate-feature-matrix
U00397,BJDX,"Bluejay Diagnostics, Inc. - Common Stock",NASDAQ,0001704287,fundamental_and_price,CANDIDATE_MATRIX_PARTIAL_FUNDAMENTALS,FEATURES_PARTIAL,PRICE_FEATURES_READY,medium,fundamental_features_missing_or_partial,,,,,,,0.160684,,,false,false,false,-0.151,-0.811752,-0.564615,-0.845073,1.724276,1.934431,-0.84,-0.939429,-0.298845,-0.660061,-0.515172,false,false,false,false,5295766.666667,4894046.031746,true,positive FCF flag false,3m return non-positive; 12m return non-positive; trend flag false,balance-sheet leverage not elevated; 12m drawdown severe,Prepared for future scoring; no recommendation language or ranking emitted.,False,False,False,v2.38J-us-candidate-feature-matrix
U00398,BJRI,"BJ's Restaurants, Inc. - Common Stock",NASDAQ,0001013488,fundamental_and_price,CANDIDATE_MATRIX_READY,FEATURES_READY,PRICE_FEATURES_READY,high,,0.089725,,,,0.034885,0.029234,0.63938,,,true,true,false,-0.095768,0.392334,0.721014,0.839988,0.483624,0.432054,-0.168462,-0.265495,-0.044058,0.326957,0.388115,false,false,false,true,461732.714286,521052.174603,true,revenue growth positive; net margin positive; positive FCF flag true,3m return positive; 12m return positive; trend flag false,balance-sheet leverage not elevated; 12m drawdown within tracked range,Prepared for future scoring; no recommendation language or ranking emitted.,False,False,False,v2.38J-us-candidate-feature-matrix
U00400,BKNG,Booking Holdings Inc. - Common Stock,NASDAQ,0001075531,fundamental_and_price,CANDIDATE_MATRIX_PARTIAL_FUNDAMENTALS,FEATURES_PARTIAL,PRICE_FEATURES_READY,medium,fundamental_features_missing_or_partial,0.133873,,,,,0.337593,1.19061,,,true,true,true,0.027436,0.211312,0.17313,-0.093642,0.407273,0.39827,-0.197365,-0.310178,0.030737,0.073888,0.041864,true,false,false,true,5113004.761905,6683747.619048,true,revenue growth positive; positive FCF flag true,3m return positive; 12m return non-positive; trend flag true,balance-sheet leverage elevated; 12m drawdown within tracked range,Prepared for future scoring; no recommendation language or ranking emitted.,False,False,False,v2.38J-us-candidate-feature-matrix
U00401,BKR,Baker Hughes Company - Common Stock,NASDAQ,0001701605,fundamental_and_price,CANDIDATE_MATRIX_READY,FEATURES_READY,PRICE_FEATURES_READY,high,,-0.00345,,,,0.093318,,,,,true,false,false,0.046785,-0.013712,0.017829,0.402093,0.324691,0.345145,-0.242429,-0.242429,0.068666,0.092599,0.022395,true,false,true,false,6379762.666667,8292893.904762,true,revenue growth non-positive; net margin positive; positive FCF flag false,3m return non-positive; 12m return positive; trend flag true,12m drawdown within tracked range,Prepared for future scoring; no recommendation language or ranking emitted.,False,False,False,v2.38J-us-candidate-feature-matrix
U00402,BL,"BlackLine, Inc. - Common Stock",NASDAQ,0001666134,fundamental_and_price,CANDIDATE_MATRIX_READY,FEATURES_READY,PRICE_FEATURES_READY,high,,0.072078,,,,0.035004,0.230564,0.788893,,,true,true,true,-0.017389,0.056759,-0.119464,-0.407578,0.539158,0.600847,-0.369565,-0.571137,0.070833,-0.16301,-0.218375,false,false,false,false,1188871.428571,1122957.142857,true,revenue growth positive; net margin positive; positive FCF flag true,3m return positive; 12m return non-positive; trend flag false,balance-sheet leverage elevated; 12m drawdown severe,Prepared for future scoring; no recommendation language or ranking emitted.,False,False,False,v2.38J-us-candidate-feature-matrix
U00403,BLBD,Blue Bird Corporation - Common Stock,NASDAQ,0001589526,fundamental_and_price,CANDIDATE_MATRIX_READY,FEATURES_READY,PRICE_FEATURES_READY,high,,0.098686,,,,0.086292,,,,,true,true,false,-0.187575,-0.16298,0.052494,0.036993,0.460667,0.468635,-0.286503,-0.286503,-0.154429,-0.015612,0.164169,false,false,false,false,650238.095238,502014.285714,true,revenue growth positive; net margin positive; positive FCF flag false,3m return non-positive; 12m return positive; trend flag false,12m drawdown within tracked range,Prepared for future scoring; no recommendation language or ranking emitted.,False,False,False,v2.38J-us-candidate-feature-matrix
U00405,BLFS,"BioLife Solutions, Inc. - Common Stock",NASDAQ,0000834365,fundamental_and_price,CANDIDATE_MATRIX_PARTIAL_FUNDAMENTALS,FEATURES_PARTIAL,PRICE_FEATURES_READY,medium,fundamental_features_missing_or_partial,,,,,,,0.083758,,,false,false,false,0.104551,0.318165,0.737784,0.417522,0.412849,0.445731,-0.123246,-0.369573,0.121064,0.418034,0.2649,true,false,true,true,718657.142857,1102663.492063,true,positive FCF flag true,3m return positive; 12m return positive; trend flag true,balance-sheet leverage not elevated; 12m drawdown within tracked range,Prepared for future scoring; no recommendation language or ranking emitted.,False,False,False,v2.38J-us-candidate-feature-matrix
U00406,BLIN,"Bridgeline Digital, Inc. - Common Stock",NASDAQ,0001378590,fundamental_and_price,CANDIDATE_MATRIX_READY,FEATURES_READY,PRICE_FEATURES_READY,high,,0.001628,,,,-0.163687,-0.072938,0.375701,,,false,true,false,-0.166752,-0.22008,0.146941,-0.318252,0.627654,0.727833,-0.294118,-0.55414,-0.135802,-0.00064,0.156402,false,false,false,false,60004.047619,90377.539683,true,revenue growth positive; net margin non-positive; positive FCF flag false,3m return non-positive; 12m return non-positive; trend flag false,balance-sheet leverage not elevated; 12m drawdown severe,Prepared for future scoring; no recommendation language or ranking emitted.,False,False,False,v2.38J-us-candidate-feature-matrix
U00408,BLKB,"Blackbaud, Inc. - Common Stock",NASDAQ,0001280058,fundamental_and_price,CANDIDATE_MATRIX_READY,FEATURES_READY,PRICE_FEATURES_READY,high,,-0.023479,,,,0.101891,0.228457,0.964423,,,true,false,true,0.076854,0.571194,-0.051043,-0.283766,0.604706,0.571715,-0.466747,-0.621776,0.252096,0.081901,-0.135928,false,false,false,true,456142.857143,747353.968254,true,revenue growth non-positive; net margin positive; positive FCF flag true,3m return positive; 12m return non-positive; trend flag false,balance-sheet leverage elevated; 12m drawdown severe,Prepared for future scoring; no recommendation language or ranking emitted.,False,False,False,v2.38J-us-candidate-feature-matrix
U00409,BLLN,"BillionToOne, Inc. - Class A common stock",NASDAQ,0002070849,fundamental_and_price,CANDIDATE_MATRIX_PARTIAL_PRICE,FEATURES_READY,PRICE_FEATURES_PARTIAL,medium,price_features_missing_or_partial,,,,,0.02443,0.051502,0.241125,,,true,false,false,-0.327702,-0.020477,0.110416,,0.963192,0.934664,-0.413283,,-0.192625,-0.029516,0.202024,false,false,false,false,805289.619048,749985.428571,true,net margin positive; positive FCF flag true,3m return non-positive; trend flag false,balance-sheet leverage not elevated,Prepared for future scoring; no recommendation language or ranking emitted.,False,False,False,v2.38J-us-candidate-feature-matrix
U00410,BLMN,"Bloomin' Brands, Inc. - Common Stock",NASDAQ,0001546417,fundamental_and_price,CANDIDATE_MATRIX_READY,FEATURES_READY,PRICE_FEATURES_READY,high,,0.001398,,,,0.002082,0.024462,0.893703,,,true,true,true,0.077434,0.247119,0.533858,0.32517,0.880088,0.917902,-0.199391,-0.348203,0.029881,0.313075,0.274977,true,false,false,true,2298932.380952,2114047.301587,true,revenue growth positive; net margin positive; positive FCF flag true,3m return positive; 12m return positive; trend flag true,balance-sheet leverage elevated; 12m drawdown within tracked range,Prepared for future scoring; no recommendation language or ranking emitted.,False,False,False,v2.38J-us-candidate-feature-matrix
U00411,BLNE,"Beeline Holdings, Inc. - Common Stock",NASDAQ,0001534708,fundamental_and_price,CANDIDATE_MATRIX_READY,FEATURES_READY,PRICE_FEATURES_READY,high,,1.059915,,,,-2.981596,-2.761776,0.236538,,,false,true,false,0.05,-0.166667,-0.62766,-0.335443,0.803402,0.968419,-0.709934,-0.798621,0.007484,-0.443628,-0.447761,false,false,false,false,415008.857143,425618.825397,true,revenue growth positive; net margin non-positive; positive FCF flag false,3m return non-positive; 12m return non-positive; trend flag false,balance-sheet leverage not elevated; 12m drawdown severe,Prepared for future scoring; no recommendation language or ranking emitted.,False,False,False,v2.38J-us-candidate-feature-matrix
U00412,BLNK,Blink Charging Co. - Common Stock,NASDAQ,0001429764,fundamental_and_price,CANDIDATE_MATRIX_READY,FEATURES_READY,PRICE_FEATURES_READY,high,,-0.179695,,,,-0.805497,-0.391857,0.56264,,,false,false,false,-0.065009,-0.360579,-0.231921,-0.569746,0.611513,0.847553,-0.508368,-0.812,-0.112124,-0.312347,-0.225508,false,false,false,false,1197780.285714,1594945.809524,true,revenue growth non-positive; net margin non-positive; positive FCF flag false,3m return non-positive; 12m return non-positive; trend flag false,balance-sheet leverage not elevated; 12m drawdown severe,Prepared for future scoring; no recommendation language or ranking emitted.,False,False,False,v2.38J-us-candidate-feature-matrix
U00415,BLZE,"Backblaze, Inc. - Common Stock",NASDAQ,0001462056,fundamental_and_price,CANDIDATE_MATRIX_READY,FEATURES_READY,PRICE_FEATURES_READY,high,,0.142657,,,,-0.175623,0.129256,0.566164,,,true,true,false,-0.132136,0.520225,2.478149,0.620359,1.341737,1.340112,-0.36175,-0.692093,-0.129198,0.76212,1.02356,false,false,false,true,3588604.761905,3546271.428571,true,revenue growth positive; net margin non-positive; positive FCF flag true,3m return positive; 12m return positive; trend flag false,balance-sheet leverage not elevated; 12m drawdown severe,Prepared for future scoring; no recommendation language or ranking emitted.,False,False,False,v2.38J-us-candidate-feature-matrix
U00417,BMBL,Bumble Inc. - common stock,NASDAQ,0001830043,fundamental_and_price,CANDIDATE_MATRIX_READY,FEATURES_READY,PRICE_FEATURES_READY,high,,-0.0989,,,,-0.717788,,0.522055,,,false,false,false,-0.132686,-0.118421,-0.094595,-0.56564,0.573249,0.786991,-0.418345,-0.637378,-0.078183,-0.18775,-0.11886,false,false,false,false,2898012.571429,3178350.222222,true,revenue growth non-positive; net margin non-positive; positive FCF flag false,3m return non-positive; 12m return non-positive; trend flag false,balance-sheet leverage not elevated; 12m drawdown severe,Prepared for future scoring; no recommendation language or ranking emitted.,False,False,False,v2.38J-us-candidate-feature-matrix
U00418,BMEA,"Biomea Fusion, Inc. - Common Stock",NASDAQ,0001840439,fundamental_and_price,CANDIDATE_MATRIX_PARTIAL_FUNDAMENTALS,FEATURES_PARTIAL,PRICE_FEATURES_READY,medium,fundamental_features_missing_or_partial,,,,,,,0.495459,,,false,false,false,0.573171,0.488462,0.392086,-0.046798,0.649431,0.849115,-0.486425,-0.641573,0.413131,0.414195,0.000753,true,true,false,true,1634795.238095,1117319.047619,true,positive FCF flag false,3m return positive; 12m return non-positive; trend flag true,balance-sheet leverage not elevated; 12m drawdown severe,Prepared for future scoring; no recommendation language or ranking emitted.,False,False,False,v2.38J-us-candidate-feature-matrix
U00422,BMR,Beamr Imaging Ltd. - Ordinary Share,NASDAQ,0001899005,fundamental_and_price,CANDIDATE_MATRIX_READY,FEATURES_READY,PRICE_FEATURES_READY,high,,0.009791,,,,-1.945701,-1.528119,,,,false,true,false,-0.081004,-0.386546,-0.278727,-0.576477,0.699996,0.713461,-0.451163,-0.626582,-0.09882,-0.304662,-0.228413,false,false,false,false,50357.952381,64285.984127,true,revenue growth positive; net margin non-positive; positive FCF flag false,3m return non-positive; 12m return non-positive; trend flag false,12m drawdown severe,Prepared for future scoring; no recommendation language or ranking emitted.,False,False,False,v2.38J-us-candidate-feature-matrix
U00423,BMRA,"Biomerica, Inc. - Common Stock",NASDAQ,0000073290,fundamental_and_price,CANDIDATE_MATRIX_PARTIAL_FUNDAMENTALS,FEATURES_PARTIAL,PRICE_FEATURES_READY,medium,fundamental_features_missing_or_partial,-0.161551,,,,-0.847743,,0.610889,,,false,false,false,0.437908,0.042654,0.083744,-0.266667,0.677228,0.608316,-0.401606,-0.534375,0.303318,0.034831,-0.206002,false,true,false,false,174242.857143,66076.190476,true,revenue growth non-positive; net margin non-positive; positive FCF flag false,3m return positive; 12m return non-positive; trend flag false,balance-sheet leverage not elevated; 12m drawdown severe,Prepared for future scoring; no recommendation language or ranking emitted.,False,False,False,v2.38J-us-candidate-feature-matrix
U00424,BMRC,Bank of Marin Bancorp - Common Stock,NASDAQ,0001403475,fundamental_and_price,CANDIDATE_MATRIX_PARTIAL_FUNDAMENTALS,FEATURES_PARTIAL,PRICE_FEATURES_READY,medium,fundamental_features_missing_or_partial,,,,,,,0.89893,,,false,false,true,-0.08339,0.07772,0.073442,0.114592,0.271285,0.233381,-0.126403,-0.156351,-0.038017,0.015551,0.055684,false,false,false,false,145852.380952,160053.968254,true,positive FCF flag true,3m return positive; 12m return positive; trend flag false,balance-sheet leverage elevated; 12m drawdown within tracked range,Prepared for future scoring; no recommendation language or ranking emitted.,False,False,False,v2.38J-us-candidate-feature-matrix
U00425,BMRN,BioMarin Pharmaceutical Inc. - Common Stock,NASDAQ,0001048477,fundamental_and_price,CANDIDATE_MATRIX_READY,FEATURES_READY,PRICE_FEATURES_READY,high,,0.128714,,,,0.108312,0.225054,0.198449,,,true,true,false,0.080667,0.216054,0.107808,0.112751,0.300299,0.33666,-0.187336,-0.224875,0.045773,0.124358,0.075146,true,false,true,false,2251246.0,1981651.84127,true,revenue growth positive; net margin positive; positive FCF flag true,3m return positive; 12m return positive; trend flag true,balance-sheet leverage not elevated; 12m drawdown within tracked range,Prepared for future scoring; no recommendation language or ranking emitted.,False,False,False,v2.38J-us-candidate-feature-matrix
U00426,BNAI,Brand Engagement Network Inc. - Common Stock,NASDAQ,0001838163,fundamental_and_price,CANDIDATE_MATRIX_READY,FEATURES_READY,PRICE_FEATURES_READY,high,,1.75699,,,,-31.351538,-18.573233,0.773853,,,false,true,true,-0.083951,-0.248481,-0.739161,2.613636,1.284635,1.325659,-0.812467,-0.830476,-0.209287,-0.439618,-0.291295,false,false,false,false,109243.571429,411182.777778,true,revenue growth positive; net margin non-positive; positive FCF flag false,3m return non-positive; 12m return positive; trend flag false,balance-sheet leverage elevated; 12m drawdown severe,Prepared for future scoring; no recommendation language or ranking emitted.,False,False,False,v2.38J-us-candidate-feature-matrix
U00427,BNBX,BNB Plus Corp. - Common Stock,NASDAQ,0000744452,fundamental_and_price,CANDIDATE_MATRIX_PARTIAL_FUNDAMENTALS,FEATURES_PARTIAL,PRICE_FEATURES_READY,medium,fundamental_features_missing_or_partial,,,,,,,0.56243,,,false,false,false,0.363636,-0.7,-0.754098,-0.950495,2.120123,1.644033,-0.901235,-0.985765,-0.197002,-0.836271,-0.796103,false,false,false,false,39276.190476,189863.492063,true,positive FCF flag false,3m return non-positive; 12m return non-positive; trend flag false,balance-sheet leverage not elevated; 12m drawdown severe,Prepared for future scoring; no recommendation language or ranking emitted.,False,False,False,v2.38J-us-candidate-feature-matrix
U00428,BNC,CEA Industries Inc. - Common Stock,NASDAQ,0001482541,fundamental_and_price,CANDIDATE_MATRIX_READY,FEATURES_READY,PRICE_FEATURES_READY,high,,21.776082,,,,4.364184,-1.008483,0.097885,,,true,true,false,0.115079,0.021818,-0.210674,-0.866318,0.97211,0.940844,-0.5,-0.902927,0.01915,-0.268215,-0.281965,false,false,false,false,210238.095238,356601.587302,true,revenue growth positive; net margin positive; positive FCF flag false,3m return positive; 12m return non-positive; trend flag false,balance-sheet leverage not elevated; 12m drawdown severe,Prepared for future scoring; no recommendation language or ranking emitted.,False,False,False,v2.38J-us-candidate-feature-matrix
U00429,BNGO,"Bionano Genomics, Inc. - Common Stock",NASDAQ,0001411690,fundamental_and_price,CANDIDATE_MATRIX_PARTIAL_FUNDAMENTALS,FEATURES_PARTIAL,PRICE_FEATURES_READY,medium,fundamental_features_missing_or_partial,-0.073694,,,,-0.92588,,0.396282,,,false,false,false,0.133929,-0.023077,0.104348,-0.689487,0.392539,0.610288,-0.273973,-0.784553,0.097666,-0.010094,-0.098172,false,false,false,false,152847.619048,137446.031746,true,revenue growth non-positive; net margin non-positive; positive FCF flag false,3m return non-positive; 12m return non-positive; trend flag false,balance-sheet leverage not elevated; 12m drawdown severe,Prepared for future scoring; no recommendation language or ranking emitted.,False,False,False,v2.38J-us-candidate-feature-matrix
U00430,BNKK,"Bonk, Inc. - Common Stock",NASDAQ,0001760903,fundamental_and_price,CANDIDATE_MATRIX_PARTIAL_FUNDAMENTALS,FEATURES_PARTIAL,PRICE_FEATURES_READY,medium,fundamental_features_missing_or_partial,2.016251,,,,-32.203973,,0.145877,,,false,true,false,0.174757,-0.300578,-0.645681,-0.922832,0.880048,0.887583,-0.716562,-0.938881,0.011131,-0.55925,-0.564102,false,false,false,false,127109.52381,181417.460317,true,revenue growth positive; net margin non-positive; positive FCF flag false,3m return non-positive; 12m return non-positive; trend flag false,balance-sheet leverage not elevated; 12m drawdown severe,Prepared for future scoring; no recommendation language or ranking emitted.,False,False,False,v2.38J-us-candidate-feature-matrix
U00432,BNTC,Benitec Biopharma Inc. - Common Stock,NASDAQ,0001808898,fundamental_and_price,CANDIDATE_MATRIX_PARTIAL_FUNDAMENTALS,FEATURES_PARTIAL,PRICE_FEATURES_READY,medium,fundamental_features_missing_or_partial,,,,,,,0.023064,,,false,false,false,0.028754,0.238462,0.180568,-0.064973,0.534916,0.535419,-0.262074,-0.391041,0.013359,0.063634,0.049612,true,false,false,true,188590.47619,141539.68254,true,positive FCF flag false,3m return positive; 12m return non-positive; trend flag true,balance-sheet leverage not elevated; 12m drawdown within tracked range,Prepared for future scoring; no recommendation language or ranking emitted.,False,False,False,v2.38J-us-candidate-feature-matrix
U00434,BODI,"The Beachbody Company, Inc. - Class A Common Stock",NASDAQ,0001826889,fundamental_and_price,CANDIDATE_MATRIX_READY,FEATURES_READY,PRICE_FEATURES_READY,high,,-0.398927,,,,-0.011362,0.068928,0.786989,,,true,false,true,-0.432136,-0.477502,-0.34447,0.032668,0.990479,1.039399,-0.645483,-0.645483,-0.375617,-0.442568,-0.107227,false,false,false,false,74347.619048,42701.587302,true,revenue growth non-positive; net margin non-positive; positive FCF flag true,3m return non-positive; 12m return positive; trend flag false,balance-sheet leverage elevated; 12m drawdown severe,Prepared for future scoring; no recommendation language or ranking emitted.,False,False,False,v2.38J-us-candidate-feature-matrix
U00435,BOF,BranchOut Food Inc. - Common Stock,NASDAQ,0001962481,fundamental_and_price,CANDIDATE_MATRIX_READY,FEATURES_READY,PRICE_FEATURES_READY,high,,1.106178,,,,-0.446256,-0.564445,0.614673,,,false,true,false,-0.048662,0.045455,0.026247,0.801843,0.688919,0.776952,-0.351178,-0.363445,-0.063765,0.068191,0.140942,false,false,false,false,29563.809524,48291.111111,true,revenue growth positive; net margin non-positive; positive FCF flag false,3m return positive; 12m return positive; trend flag false,balance-sheet leverage not elevated; 12m drawdown within tracked range,Prepared for future scoring; no recommendation language or ranking emitted.,False,False,False,v2.38J-us-candidate-feature-matrix
U00436,BOKF,BOK Financial Corporation - Common Stock,NASDAQ,0000875357,fundamental_and_price,CANDIDATE_MATRIX_PARTIAL_FUNDAMENTALS,FEATURES_PARTIAL,PRICE_FEATURES_READY,medium,fundamental_features_missing_or_partial,,,,,,,0.886658,,,false,false,true,-0.05923,0.085573,0.052095,0.221684,0.193191,0.187711,-0.096293,-0.107072,-0.032296,0.044279,0.07913,false,false,true,false,203695.238095,249930.15873,true,positive FCF flag false,3m return positive; 12m return positive; trend flag false,balance-sheet leverage elevated; 12m drawdown within tracked range,Prepared for future scoring; no recommendation language or ranking emitted.,False,False,False,v2.38J-us-candidate-feature-matrix
U00437,BOLD,"Boundless Bio, Inc. - Common Stock",NASDAQ,0001782303,fundamental_and_price,CANDIDATE_MATRIX_PARTIAL_FUNDAMENTALS,FEATURES_PARTIAL,PRICE_FEATURES_READY,medium,fundamental_features_missing_or_partial,,,,,,,0.371867,,,false,false,false,0.068392,1.006944,1.535088,1.513043,1.738503,1.337351,-0.153374,-0.304636,0.089949,0.783758,0.636552,true,false,true,true,216442.857143,1277612.698413,true,positive FCF flag false,3m return positive; 12m return positive; trend flag true,balance-sheet leverage not elevated; 12m drawdown within tracked range,Prepared for future scoring; no recommendation language or ranking emitted.,False,False,False,v2.38J-us-candidate-feature-matrix
U00438,BOLT,"Bolt Biotherapeutics, Inc. - Common Stock",NASDAQ,0001641281,fundamental_and_price,CANDIDATE_MATRIX_READY,FEATURES_READY,PRICE_FEATURES_READY,high,,0.00065,,,,-4.337362,-5.188044,0.532935,,,false,true,false,0.022613,-0.203523,-0.05787,-0.206628,0.736097,0.787506,-0.410575,-0.551904,0.044281,-0.143156,-0.179489,false,false,false,false,25216.571429,24116.634921,true,revenue growth positive; net margin non-positive; positive FCF flag false,3m return non-positive; 12m return non-positive; trend flag false,balance-sheet leverage not elevated; 12m drawdown severe,Prepared for future scoring; no recommendation language or ranking emitted.,False,False,False,v2.38J-us-candidate-feature-matrix
U00439,BON,Bon Natural Life Limited - Class A Ordinary Shares,NASDAQ,0001816815,fundamental_and_price,CANDIDATE_MATRIX_READY,FEATURES_READY,PRICE_FEATURES_READY,high,,-0.216983,,,,-0.10684,0.007192,0.31916,,,true,false,false,0.063063,-0.062748,-0.271605,-0.163121,0.554048,0.474258,-0.347826,-0.539474,0.024377,-0.169166,-0.188937,false,false,false,false,7333.761905,13635.063492,true,revenue growth non-positive; net margin non-positive; positive FCF flag true,3m return non-positive; 12m return non-positive; trend flag false,balance-sheet leverage not elevated; 12m drawdown severe,Prepared for future scoring; no recommendation language or ranking emitted.,False,False,False,v2.38J-us-candidate-feature-matrix
U00440,BOOM,DMC Global Inc. - Common Stock,NASDAQ,0000034067,fundamental_and_price,CANDIDATE_MATRIX_READY,FEATURES_READY,PRICE_FEATURES_READY,high,,-0.051351,,,,-0.022058,0.060722,0.325088,,,true,false,false,-0.078838,-0.020588,0.191413,-0.00597,0.593221,0.75382,-0.355529,-0.472687,0.003949,0.001142,-0.002796,false,false,false,false,122033.333333,275520.301587,true,revenue growth non-positive; net margin non-positive; positive FCF flag true,3m return non-positive; 12m return non-positive; trend flag false,balance-sheet leverage not elevated; 12m drawdown within tracked range,Prepared for future scoring; no recommendation language or ranking emitted.,False,False,False,v2.38J-us-candidate-feature-matrix
U00441,BOSC,B.O.S. Better Online Solutions - Ordinary Shares,NASDAQ,0001005516,fundamental_and_price,CANDIDATE_MATRIX_READY,FEATURES_READY,PRICE_FEATURES_READY,high,,0.265839,,,,0.071407,0.090846,,,,true,true,false,0.033259,0.093897,-0.075397,-0.029167,0.254236,0.358701,-0.200389,-0.377273,0.046392,0.011109,-0.033718,false,false,false,false,48271.095238,35337.984127,true,revenue growth positive; net margin positive; positive FCF flag true,3m return positive; 12m return non-positive; trend flag false,12m drawdown within tracked range,Prepared for future scoring; no recommendation language or ranking emitted.,False,False,False,v2.38J-us-candidate-feature-matrix
U00443,BOTJ,"Bank of the James Financial Group, Inc. - Common Stock",NASDAQ,0001275101,fundamental_and_price,CANDIDATE_MATRIX_READY,FEATURES_READY,PRICE_FEATURES_READY,high,,,,,,,,0.922958,,,false,false,true,-0.018778,0.175562,0.3931,0.714929,0.204446,0.227991,-0.048931,-0.088614,0.004251,0.207352,0.202242,true,false,true,false,41648.333333,31360.555556,true,positive FCF flag true,3m return positive; 12m return positive; trend flag true,balance-sheet leverage elevated; 12m drawdown within tracked range,Prepared for future scoring; no recommendation language or ranking emitted.,False,False,False,v2.38J-us-candidate-feature-matrix
U00444,BOXL,Boxlight Corporation - Class A Common Stock,NASDAQ,0001624512,fundamental_and_price,CANDIDATE_MATRIX_READY,FEATURES_READY,PRICE_FEATURES_READY,high,,-0.196088,,,,-0.217948,-0.031461,0.987134,,,false,false,true,0.926752,5.670342,3.448529,-0.436685,9.297615,6.627278,-0.490977,-0.976345,0.312649,1.313288,0.762305,true,false,false,true,3781905.142857,1750827.904762,true,revenue growth non-positive; net margin non-positive; positive FCF flag false,3m return positive; 12m return non-positive; trend flag true,balance-sheet leverage elevated; 12m drawdown severe,Prepared for future scoring; no recommendation language or ranking emitted.,False,False,False,v2.38J-us-candidate-feature-matrix
U00446,BPOP,"Popular, Inc. - Common Stock",NASDAQ,0000763901,fundamental_and_price,CANDIDATE_MATRIX_READY,FEATURES_READY,PRICE_FEATURES_READY,high,,,,,,,,0.917064,,,false,false,true,-0.036971,0.10675,0.227827,0.331025,0.181973,0.19214,-0.059819,-0.146829,-0.022589,0.15262,0.179257,false,false,true,false,394080.952381,504695.238095,true,positive FCF flag true,3m return positive; 12m return positive; trend flag false,balance-sheet leverage elevated; 12m drawdown within tracked range,Prepared for future scoring; no recommendation language or ranking emitted.,False,False,False,v2.38J-us-candidate-feature-matrix
U00447,BPRN,"Princeton Bancorp, Inc. - Common Stock",NASDAQ,0001913971,fundamental_and_price,CANDIDATE_MATRIX_READY,FEATURES_READY,PRICE_FEATURES_READY,high,,,,,,,,0.881534,,,false,false,true,-0.003302,0.195136,0.242941,0.237119,0.274057,0.245208,-0.063291,-0.129228,0.045563,0.160255,0.109694,true,false,true,false,25133.333333,21115.873016,true,positive FCF flag true,3m return positive; 12m return positive; trend flag true,balance-sheet leverage elevated; 12m drawdown within tracked range,Prepared for future scoring; no recommendation language or ranking emitted.,False,False,False,v2.38J-us-candidate-feature-matrix
U00451,BRCB,"Black Rock Coffee Bar, Inc. - Class A Common Stock",NASDAQ,0002068577,fundamental_and_price,CANDIDATE_MATRIX_PARTIAL_PRICE,FEATURES_PARTIAL,PRICE_FEATURES_PARTIAL,medium,price_features_missing_or_partial,,,,,-0.0003,-0.163218,0.688779,,,false,false,false,0.185093,0.360913,-0.411837,,0.793722,0.86557,-0.639277,,0.160132,-0.292521,-0.390174,false,false,false,false,389423.809524,412077.777778,true,net margin non-positive; positive FCF flag false,3m return positive; trend flag false,balance-sheet leverage not elevated,Prepared for future scoring; no recommendation language or ranking emitted.,False,False,False,v2.38J-us-candidate-feature-matrix
U00453,BRFH,Barfresh Food Group Inc. - Common Stock,NASDAQ,0001487197,fundamental_and_price,CANDIDATE_MATRIX_READY,FEATURES_READY,PRICE_FEATURES_READY,high,,0.325744,,,,-0.189611,-0.125915,0.896337,,,false,true,true,-0.262857,-0.431718,-0.509506,-0.571429,0.774398,0.652332,-0.587248,-0.695545,-0.249302,-0.487516,-0.317323,false,false,false,false,33867.380952,16574.84127,true,revenue growth positive; net margin non-positive; positive FCF flag false,3m return non-positive; 12m return non-positive; trend flag false,balance-sheet leverage elevated; 12m drawdown severe,Prepared for future scoring; no recommendation language or ranking emitted.,False,False,False,v2.38J-us-candidate-feature-matrix
U00454,BRID,Bridgford Foods Corporation - Common Stock,NASDAQ,0000014177,fundamental_and_price,CANDIDATE_MATRIX_READY,FEATURES_READY,PRICE_FEATURES_READY,high,,0.032824,,,,-0.057835,-0.040215,0.215115,,,false,true,false,-0.023697,-0.153425,-0.144044,-0.1749,0.278687,0.348172,-0.25459,-0.283529,-0.032258,-0.155039,-0.126874,false,false,false,false,3352.380952,5006.349206,true,revenue growth positive; net margin non-positive; positive FCF flag false,3m return non-positive; 12m return non-positive; trend flag false,balance-sheet leverage not elevated; 12m drawdown within tracked range,Prepared for future scoring; no recommendation language or ranking emitted.,False,False,False,v2.38J-us-candidate-feature-matrix
U00455,BRKR,Bruker Corporation - Common Stock,NASDAQ,0001109354,fundamental_and_price,CANDIDATE_MATRIX_READY,FEATURES_READY,PRICE_FEATURES_READY,high,,0.020823,,,,-0.002503,0.0126,0.597799,,,true,true,false,-0.128751,-0.022335,0.426789,0.648911,0.685321,0.632418,-0.218216,-0.398458,-0.045368,0.17301,0.228757,false,false,false,false,2415300.0,2331955.555556,true,revenue growth positive; net margin non-positive; positive FCF flag true,3m return non-positive; 12m return positive; trend flag false,balance-sheet leverage not elevated; 12m drawdown within tracked range,Prepared for future scoring; no recommendation language or ranking emitted.,False,False,False,v2.38J-us-candidate-feature-matrix
U00456,BRLS,Borealis Foods Inc. - Class A Common Shares,NASDAQ,0001852973,fundamental_and_price,CANDIDATE_MATRIX_PARTIAL_FUNDAMENTALS,FEATURES_PARTIAL,PRICE_FEATURES_READY,medium,fundamental_features_missing_or_partial,0.081622,,,,-0.602962,,1.365786,,,false,true,true,0.27451,-0.24026,-0.286585,-0.58363,2.251536,1.961514,-0.592593,-0.837157,0.094071,-0.169078,-0.240523,false,false,false,false,2420447.619048,826987.301587,true,revenue growth positive; net margin non-positive; positive FCF flag false,3m return non-positive; 12m return non-positive; trend flag false,balance-sheet leverage elevated; 12m drawdown severe,Prepared for future scoring; no recommendation language or ranking emitted.,False,False,False,v2.38J-us-candidate-feature-matrix
U00457,BRLT,"Brilliant Earth Group, Inc. - Class A Common Stock",NASDAQ,0001866757,fundamental_and_price,CANDIDATE_MATRIX_READY,FEATURES_READY,PRICE_FEATURES_READY,high,,0.036294,,,,-0.008309,0.013148,0.603605,,,true,true,false,0.264151,0.080645,-0.118421,-0.541096,0.638483,0.618139,-0.375758,-0.646655,0.121902,-0.058741,-0.161015,false,false,false,false,177538.095238,100930.15873,true,revenue growth positive; net margin non-positive; positive FCF flag true,3m return positive; 12m return non-positive; trend flag false,balance-sheet leverage not elevated; 12m drawdown severe,Prepared for future scoring; no recommendation language or ranking emitted.,False,False,False,v2.38J-us-candidate-feature-matrix
U00458,BRR,"ProCap Financial, Inc. - Common Stock",NASDAQ,0002076163,fundamental_and_price,CANDIDATE_MATRIX_PARTIAL_FUNDAMENTALS,FEATURES_PARTIAL,PRICE_FEATURES_READY,medium,fundamental_features_missing_or_partial,,,,,-340.888282,-89.134071,0.34233,,,false,false,false,0.297753,0.196891,-0.183746,-0.772638,0.884096,1.026722,-0.506944,-0.862136,0.262916,-0.161441,-0.336014,false,true,false,true,781161.761905,853538.047619,true,net margin non-positive; positive FCF flag false,3m return positive; 12m return non-positive; trend flag false,balance-sheet leverage not elevated; 12m drawdown severe,Prepared for future scoring; no recommendation language or ranking emitted.,False,False,False,v2.38J-us-candidate-feature-matrix
U00459,BRTX,"BioRestorative Therapies, Inc. - Common Stock",NASDAQ,0001505497,fundamental_and_price,CANDIDATE_MATRIX_READY,FEATURES_READY,PRICE_FEATURES_READY,high,,-0.102993,,,,-39.594037,-30.31702,,,,false,false,false,0.001516,-0.440745,-0.048488,-0.892283,0.875523,1.501671,-0.586848,-0.90185,-0.291981,-0.627969,-0.474547,false,false,false,false,212231.095238,480880.206349,true,revenue growth non-positive; net margin non-positive; positive FCF flag false,3m return non-positive; 12m return non-positive; trend flag false,12m drawdown severe,Prepared for future scoring; no recommendation language or ranking emitted.,False,False,False,v2.38J-us-candidate-feature-matrix
U00460,BRUN,Boost Run Inc. - Class A Common Stock,NASDAQ,0002090646,fundamental_and_price,CANDIDATE_MATRIX_PARTIAL_FUNDAMENTALS,INSUFFICIENT_FEATURE_EVIDENCE,PRICE_FEATURES_READY,medium,fundamental_features_missing_or_partial,,,,,,,,,,false,false,false,-0.261655,-0.565617,0.549625,0.61306,1.34304,1.23059,-0.60102,-0.60102,-0.29479,-0.068576,0.320776,false,false,false,false,2407766.666667,1963477.777778,true,positive FCF flag false,3m return non-positive; 12m return positive; trend flag false,12m drawdown severe,Prepared for future scoring; no recommendation language or ranking emitted.,False,False,False,v2.38J-us-candidate-feature-matrix
U00461,BRZE,"Braze, Inc. - Class A Common Stock",NASDAQ,0001676238,fundamental_and_price,CANDIDATE_MATRIX_READY,FEATURES_READY,PRICE_FEATURES_READY,high,,0.243966,,,,-0.177852,0.083787,0.439594,,,true,true,false,0.275983,0.275983,0.673303,0.183394,0.6485,0.745658,-0.320481,-0.563692,0.245308,0.32927,0.067423,true,false,true,true,2474518.428571,2438061.698413,true,revenue growth positive; net margin non-positive; positive FCF flag true,3m return positive; 12m return positive; trend flag true,balance-sheet leverage not elevated; 12m drawdown severe,Prepared for future scoring; no recommendation language or ranking emitted.,False,False,False,v2.38J-us-candidate-feature-matrix
U00463,BSBK,Bogota Financial Corp. - Common Stock,NASDAQ,0001787414,fundamental_and_price,CANDIDATE_MATRIX_PARTIAL_FUNDAMENTALS,FEATURES_PARTIAL,PRICE_FEATURES_READY,medium,fundamental_features_missing_or_partial,,,,,,,0.844291,,,false,false,true,0.005556,0.006674,0.090361,-0.032086,0.145494,0.18272,-0.061714,-0.141201,-0.002616,0.048041,0.050791,false,false,true,false,12009.52381,10277.777778,true,positive FCF flag true,3m return positive; 12m return non-positive; trend flag false,balance-sheet leverage elevated; 12m drawdown within tracked range,Prepared for future scoring; no recommendation language or ranking emitted.,False,False,False,v2.38J-us-candidate-feature-matrix
U00464,BSET,"Bassett Furniture Industries, Incorporated - Common Stock",NASDAQ,0000010329,fundamental_and_price,CANDIDATE_MATRIX_READY,FEATURES_READY,PRICE_FEATURES_READY,high,,0.016237,,,,0.018194,0.026727,,,,true,true,false,-0.048544,0.271858,0.253028,0.107015,0.395998,0.32593,-0.145087,-0.210884,-0.042664,0.144019,0.195002,false,false,false,false,23161.904762,62065.079365,true,revenue growth positive; net margin positive; positive FCF flag true,3m return positive; 12m return positive; trend flag false,12m drawdown within tracked range,Prepared for future scoring; no recommendation language or ranking emitted.,False,False,False,v2.38J-us-candidate-feature-matrix
U00465,BSIN,Big Sky Industrial Inc. - Common Stock,NASDAQ,0000101594,fundamental_and_price,CANDIDATE_MATRIX_READY,FEATURES_READY,PRICE_FEATURES_READY,high,,-0.643387,,,,-1.954848,,0.404504,,,false,false,false,0.336283,0.398148,0.055944,0.268908,0.692815,0.808765,-0.4,-0.517483,0.194242,0.42379,0.192212,true,false,true,true,1195168.0,1754973.460317,true,revenue growth non-positive; net margin non-positive; positive FCF flag false,3m return positive; 12m return positive; trend flag true,balance-sheet leverage not elevated; 12m drawdown severe,Prepared for future scoring; no recommendation language or ranking emitted.,False,False,False,v2.38J-us-candidate-feature-matrix
U00467,BSRR,Sierra Bancorp - Common Stock,NASDAQ,0001130144,fundamental_and_price,CANDIDATE_MATRIX_READY,FEATURES_READY,PRICE_FEATURES_READY,high,,,,,,,,0.904718,,,false,false,true,-0.024016,0.028706,0.107926,0.285714,0.192652,0.216574,-0.092702,-0.152854,-0.032263,0.077279,0.113194,false,false,true,false,54066.666667,64776.190476,true,positive FCF flag true,3m return positive; 12m return positive; trend flag false,balance-sheet leverage elevated; 12m drawdown within tracked range,Prepared for future scoring; no recommendation language or ranking emitted.,False,False,False,v2.38J-us-candidate-feature-matrix
U00468,BSVN,Bank7 Corp. - Common stock,NASDAQ,0001746129,fundamental_and_price,CANDIDATE_MATRIX_READY,FEATURES_READY,PRICE_FEATURES_READY,high,,,,,,,,0.872179,,,false,false,true,0.022063,0.162822,0.259985,0.036485,0.256399,0.24801,-0.084409,-0.228957,0.017364,0.149739,0.130116,true,false,true,false,39738.714286,32157.349206,true,positive FCF flag true,3m return positive; 12m return positive; trend flag true,balance-sheet leverage elevated; 12m drawdown within tracked range,Prepared for future scoring; no recommendation language or ranking emitted.,False,False,False,v2.38J-us-candidate-feature-matrix
U00469,BSY,"Bentley Systems, Incorporated - Class B Common Stock",NASDAQ,0001031308,fundamental_and_price,CANDIDATE_MATRIX_READY,FEATURES_READY,PRICE_FEATURES_READY,high,,0.109884,,,,0.185021,0.346395,0.665419,,,true,true,false,-0.007523,0.047647,-0.081011,-0.359928,0.41683,0.421045,-0.293386,-0.49956,0.05567,0.000884,-0.051897,false,false,false,false,2422671.0,2964631.603175,true,revenue growth positive; net margin positive; positive FCF flag true,3m return positive; 12m return non-positive; trend flag false,balance-sheet leverage not elevated; 12m drawdown within tracked range,Prepared for future scoring; no recommendation language or ranking emitted.,False,False,False,v2.38J-us-candidate-feature-matrix
U00470,BTAI,"BioXcel Therapeutics, Inc. - Common Stock",NASDAQ,0001720893,fundamental_and_price,CANDIDATE_MATRIX_READY,FEATURES_READY,PRICE_FEATURES_READY,high,,-0.716681,,,,-108.873832,-89.742991,3.125367,,,false,false,true,-0.838443,-0.884874,-0.914375,-0.966173,1.899254,1.482215,-0.920809,-0.967612,-0.849417,-0.899416,-0.332036,false,false,false,false,4929508.142857,2322467.793651,true,revenue growth non-positive; net margin non-positive; positive FCF flag false,3m return non-positive; 12m return non-positive; trend flag false,balance-sheet leverage elevated; 12m drawdown severe,Prepared for future scoring; no recommendation language or ranking emitted.,False,False,False,v2.38J-us-candidate-feature-matrix
U00471,BTBD,"BT Brands, Inc. - Common Stock",NASDAQ,0001718224,fundamental_and_price,CANDIDATE_MATRIX_READY,FEATURES_READY,PRICE_FEATURES_READY,high,,0.053054,,,,-0.155915,-0.082138,0.419409,,,false,true,false,0.276596,0.282051,0.181102,-0.184783,0.517664,1.057098,-0.537778,-0.656766,0.25565,0.07802,-0.141465,false,false,false,true,50114.190476,38716.222222,true,revenue growth positive; net margin non-positive; positive FCF flag false,3m return positive; 12m return non-positive; trend flag false,balance-sheet leverage not elevated; 12m drawdown severe,Prepared for future scoring; no recommendation language or ranking emitted.,False,False,False,v2.38J-us-candidate-feature-matrix
U00472,BTBT,"Bit Digital, Inc. - Ordinary Share",NASDAQ,0001710350,fundamental_and_price,CANDIDATE_MATRIX_READY,FEATURES_READY,PRICE_FEATURES_READY,high,,0.050991,,,,-0.707259,-5.062092,0.263243,,,false,true,false,-0.028986,-0.323232,-0.197605,-0.478599,0.933847,0.906484,-0.457399,-0.71327,-0.134926,-0.255349,-0.139205,false,false,false,false,29505663.809524,27695938.730159,true,revenue growth positive; net margin non-positive; positive FCF flag false,3m return non-positive; 12m return non-positive; trend flag false,balance-sheet leverage not elevated; 12m drawdown severe,Prepared for future scoring; no recommendation language or ranking emitted.,False,False,False,v2.38J-us-candidate-feature-matrix
U00473,BTCS,BTCS Inc. - Common Stock,NASDAQ,0001436229,fundamental_and_price,CANDIDATE_MATRIX_READY,FEATURES_READY,PRICE_FEATURES_READY,high,,3.048487,,,,-2.022452,-0.594043,0.350438,,,false,true,false,0.2,-0.131034,-0.236364,-0.698565,0.805257,0.821403,-0.57897,-0.835403,0.118707,-0.327453,-0.398818,false,false,false,false,2342075.714286,1362690.31746,true,revenue growth positive; net margin non-positive; positive FCF flag false,3m return non-positive; 12m return non-positive; trend flag false,balance-sheet leverage not elevated; 12m drawdown severe,Prepared for future scoring; no recommendation language or ranking emitted.,False,False,False,v2.38J-us-candidate-feature-matrix
U00474,BTCT,BTC Digital Ltd. - Ordinary Shares,NASDAQ,0001796514,fundamental_and_price,CANDIDATE_MATRIX_READY,FEATURES_READY,PRICE_FEATURES_READY,high,,0.202655,,,,-0.645324,-0.981198,0.06918,,,false,true,false,2.365385,0.521739,0.356589,-0.316406,2.85889,2.056625,-0.681159,-0.857143,0.874063,0.373896,-0.266889,false,false,false,true,27191576.238095,10621846.047619,true,revenue growth positive; net margin non-positive; positive FCF flag false,3m return positive; 12m return non-positive; trend flag false,balance-sheet leverage not elevated; 12m drawdown severe,Prepared for future scoring; no recommendation language or ranking emitted.,False,False,False,v2.38J-us-candidate-feature-matrix
U00476,BTMD,Biote Corp. - Class A common stock,NASDAQ,0001819253,fundamental_and_price,CANDIDATE_MATRIX_READY,FEATURES_READY,PRICE_FEATURES_READY,high,,-0.025214,,,,0.140699,0.157003,1.468317,,,true,false,true,-0.270742,-0.223256,-0.208531,-0.514535,1.009203,0.894416,-0.484127,-0.627507,-0.141829,-0.209767,-0.079165,false,false,false,false,350090.47619,320480.952381,true,revenue growth non-positive; net margin positive; positive FCF flag true,3m return non-positive; 12m return non-positive; trend flag false,balance-sheet leverage elevated; 12m drawdown severe,Prepared for future scoring; no recommendation language or ranking emitted.,False,False,False,v2.38J-us-candidate-feature-matrix
U00477,BTOC,Armlogi Holding Corp. - common stock,NASDAQ,0001972529,fundamental_and_price,CANDIDATE_MATRIX_READY,FEATURES_READY,PRICE_FEATURES_READY,high,,0.140326,,,,-0.08061,-0.007505,0.852598,,,false,true,true,0.218624,-0.166205,0.04878,-0.777037,0.759428,0.774924,-0.373961,-0.826154,0.074156,-0.186135,-0.242321,false,false,false,false,165700.0,129441.269841,true,revenue growth positive; net margin non-positive; positive FCF flag false,3m return non-positive; 12m return non-positive; trend flag false,balance-sheet leverage elevated; 12m drawdown severe,Prepared for future scoring; no recommendation language or ranking emitted.,False,False,False,v2.38J-us-candidate-feature-matrix
U00478,BTOG,Bit Origin Limited - Class A Ordinary Shares,NASDAQ,0001735556,fundamental_and_price,CANDIDATE_MATRIX_PARTIAL_FUNDAMENTALS,FEATURES_PARTIAL,PRICE_FEATURES_READY,medium,fundamental_features_missing_or_partial,,,,,,-60.909989,0.105214,,,false,false,false,-0.411168,-0.733333,-0.851282,-0.978338,1.045179,1.00103,-0.848366,-0.985013,-0.49484,-0.894128,-0.79042,false,false,false,false,378914.285714,323357.460317,true,positive FCF flag false,3m return non-positive; 12m return non-positive; trend flag false,balance-sheet leverage not elevated; 12m drawdown severe,Prepared for future scoring; no recommendation language or ranking emitted.,False,False,False,v2.38J-us-candidate-feature-matrix
U00480,BTTC,Black Titan Corp - Ordinary Shares,NASDAQ,0002034400,fundamental_and_price,CANDIDATE_MATRIX_PARTIAL_FUNDAMENTALS,FEATURES_PARTIAL,PRICE_FEATURES_READY,medium,fundamental_features_missing_or_partial,,,,,,,,,,false,false,false,-0.431452,-0.554737,-0.714189,-0.9154,1.040629,0.919341,-0.740645,-0.983357,-0.409828,-0.709665,-0.508051,false,false,false,false,3374109.52381,1305787.301587,true,positive FCF flag false,3m return non-positive; 12m return non-positive; trend flag false,12m drawdown severe,Prepared for future scoring; no recommendation language or ranking emitted.,False,False,False,v2.38J-us-candidate-feature-matrix
U00481,BULL,Webull Corporation - Class A Ordinary Shares,NASDAQ,0001866364,fundamental_and_price,CANDIDATE_MATRIX_PARTIAL_FUNDAMENTALS,FEATURES_PARTIAL,PRICE_FEATURES_READY,medium,fundamental_features_missing_or_partial,,,,,,,0.738079,,,false,false,false,0.187335,0.525424,0.482702,-0.330855,0.640441,0.605323,-0.249659,-0.702251,0.162731,0.25751,0.081515,true,false,false,true,16653400.0,12687501.587302,true,positive FCF flag true,3m return positive; 12m return non-positive; trend flag true,balance-sheet leverage not elevated; 12m drawdown severe,Prepared for future scoring; no recommendation language or ranking emitted.,False,False,False,v2.38J-us-candidate-feature-matrix
U00482,BUSE,First Busey Corporation - Common Stock,NASDAQ,0000314489,fundamental_and_price,CANDIDATE_MATRIX_READY,FEATURES_READY,PRICE_FEATURES_READY,high,,0.556554,,,,0.187972,0.240351,0.863628,,,true,true,true,-0.043812,0.090047,0.158915,0.210526,0.182313,0.191613,-0.058067,-0.118205,-0.007923,0.119475,0.128416,false,false,true,false,626933.333333,818704.761905,true,revenue growth positive; net margin positive; positive FCF flag true,3m return positive; 12m return positive; trend flag false,balance-sheet leverage elevated; 12m drawdown within tracked range,Prepared for future scoring; no recommendation language or ranking emitted.,False,False,False,v2.38J-us-candidate-feature-matrix
U00483,BUUU,BUUU Group Limited - Class A Ordinary Share,NASDAQ,0002047273,fundamental_and_price,CANDIDATE_MATRIX_READY,FEATURES_READY,PRICE_FEATURES_READY,high,,,,,,0.125374,0.052203,0.589032,,,true,false,false,0.328767,0.572973,1.157153,3.476923,1.032077,1.23657,-0.317982,-0.317982,0.196762,0.845503,0.542081,true,false,true,true,87276.190476,63879.365079,true,net margin positive; positive FCF flag true,3m return positive; 12m return positive; trend flag true,balance-sheet leverage not elevated; 12m drawdown within tracked range,Prepared for future scoring; no recommendation language or ranking emitted.,False,False,False,v2.38J-us-candidate-feature-matrix
U00484,BVC,BitVentures Limited - Ordinary Share,NASDAQ,0001785680,fundamental_and_price,CANDIDATE_MATRIX_PARTIAL_FUNDAMENTALS,FEATURES_PARTIAL,PRICE_FEATURES_READY,medium,fundamental_features_missing_or_partial,-1.0,,,,,,0.015977,,,false,false,false,0.282776,0.559375,1.138571,20.539569,1.417372,1.170695,-0.379738,-0.759076,0.278624,0.715109,0.341371,true,false,true,true,50676.190476,44179.365079,true,revenue growth non-positive; positive FCF flag false,3m return positive; 12m return positive; trend flag true,balance-sheet leverage not elevated; 12m drawdown severe,Prepared for future scoring; no recommendation language or ranking emitted.,False,False,False,v2.38J-us-candidate-feature-matrix
U00485,BVFL,"BV Financial, Inc. - Common Stock",NASDAQ,0001302387,fundamental_and_price,CANDIDATE_MATRIX_READY,FEATURES_READY,PRICE_FEATURES_READY,high,,,,,,,,0.798508,,,false,false,true,-0.016226,0.072801,0.121564,0.264601,0.308967,0.257576,-0.061842,-0.126567,-0.001863,0.078449,0.080462,false,false,true,false,11295.666667,20131.888889,true,positive FCF flag true,3m return positive; 12m return positive; trend flag false,balance-sheet leverage elevated; 12m drawdown within tracked range,Prepared for future scoring; no recommendation language or ranking emitted.,False,False,False,v2.38J-us-candidate-feature-matrix
U00486,BVS,Bioventus Inc. - Class A Common Stock,NASDAQ,0001665988,fundamental_and_price,CANDIDATE_MATRIX_READY,FEATURES_READY,PRICE_FEATURES_READY,high,,-0.009058,,,,0.040015,0.126937,0.665798,,,true,false,false,0.014848,0.685573,0.564073,0.847297,0.580709,0.56509,-0.275137,-0.275137,0.085541,0.423888,0.311685,true,false,false,true,761713.571429,723901.349206,true,revenue growth non-positive; net margin positive; positive FCF flag true,3m return positive; 12m return positive; trend flag true,balance-sheet leverage not elevated; 12m drawdown within tracked range,Prepared for future scoring; no recommendation language or ranking emitted.,False,False,False,v2.38J-us-candidate-feature-matrix
U00487,BWB,"Bridgewater Bancshares, Inc. - Common Stock",NASDAQ,0001341317,fundamental_and_price,CANDIDATE_MATRIX_READY,FEATURES_READY,PRICE_FEATURES_READY,high,,,,,,,,0.904366,,,false,false,true,0.007222,0.103958,0.136339,0.277167,0.253767,0.232796,-0.092041,-0.156234,-0.019065,0.095609,0.116903,false,false,true,false,166080.52381,200183.984127,true,positive FCF flag true,3m return positive; 12m return positive; trend flag false,balance-sheet leverage elevated; 12m drawdown within tracked range,Prepared for future scoring; no recommendation language or ranking emitted.,False,False,False,v2.38J-us-candidate-feature-matrix
U00488,BWEN,"Broadwind, Inc. - Common Stock",NASDAQ,0001120370,fundamental_and_price,CANDIDATE_MATRIX_PARTIAL_FUNDAMENTALS,FEATURES_PARTIAL,PRICE_FEATURES_READY,medium,fundamental_features_missing_or_partial,,,,,,,,,,false,false,false,-0.176353,0.012315,0.663968,1.004878,1.179325,1.994093,-0.326255,-0.5075,-0.106599,0.21915,0.364618,false,false,false,false,544385.714286,574912.698413,true,positive FCF flag false,3m return positive; 12m return positive; trend flag false,12m drawdown severe,Prepared for future scoring; no recommendation language or ranking emitted.,False,False,False,v2.38J-us-candidate-feature-matrix
U00489,BWFG,"Bankwell Financial Group, Inc. - Common Stock",NASDAQ,0001505732,fundamental_and_price,CANDIDATE_MATRIX_READY,FEATURES_READY,PRICE_FEATURES_READY,high,,0.439633,,,,12.45506,9.599788,0.910267,,,true,true,true,-0.030509,0.24189,0.380721,0.54825,0.248429,0.246375,-0.074518,-0.124028,0.034852,0.240006,0.198245,true,false,true,false,57014.285714,75957.142857,true,revenue growth positive; net margin positive; positive FCF flag true,3m return positive; 12m return positive; trend flag true,balance-sheet leverage elevated; 12m drawdown within tracked range,Prepared for future scoring; no recommendation language or ranking emitted.,False,False,False,v2.38J-us-candidate-feature-matrix
U00490,BWIN,"The Baldwin Insurance Group, Inc. - Class A Common Stock",NASDAQ,0001781755,fundamental_and_price,CANDIDATE_MATRIX_READY,FEATURES_READY,PRICE_FEATURES_READY,high,,0.084644,,,,-0.022637,,0.719229,,,false,true,false,0.026459,0.553388,0.357559,-0.044522,0.680231,0.580441,-0.346777,-0.490269,0.071029,0.271709,0.187371,true,false,true,true,987625.0,1460822.619048,true,revenue growth positive; net margin non-positive; positive FCF flag false,3m return positive; 12m return non-positive; trend flag true,balance-sheet leverage not elevated; 12m drawdown within tracked range,Prepared for future scoring; no recommendation language or ranking emitted.,False,False,False,v2.38J-us-candidate-feature-matrix
U00491,BWMN,Bowman Consulting Group Ltd. - Common Stock,NASDAQ,0001847590,fundamental_and_price,CANDIDATE_MATRIX_READY,FEATURES_READY,PRICE_FEATURES_READY,high,,0.148754,,,,0.026222,0.06823,0.549572,,,true,true,false,0.554177,0.309963,0.307952,-0.003042,1.153945,0.882511,-0.293017,-0.43034,0.307643,0.304226,-0.002613,false,false,true,true,538033.333333,278412.698413,true,revenue growth positive; net margin positive; positive FCF flag true,3m return positive; 12m return non-positive; trend flag false,balance-sheet leverage not elevated; 12m drawdown within tracked range,Prepared for future scoring; no recommendation language or ranking emitted.,False,False,False,v2.38J-us-candidate-feature-matrix
U00492,BYAH,"Park Ha Biological Technology Co., Ltd. - Class A Ordinary Shares",NASDAQ,0001986247,fundamental_and_price,CANDIDATE_MATRIX_READY,FEATURES_READY,PRICE_FEATURES_READY,high,,0.060034,,,,-9.650007,,0.328891,,,false,true,false,-0.021127,-0.702991,-0.793155,-0.986531,1.866636,1.434567,-0.806138,-0.988227,-0.351304,-0.902675,-0.849969,false,false,false,false,909933.619048,864492.539683,true,revenue growth positive; net margin non-positive; positive FCF flag false,3m return non-positive; 12m return non-positive; trend flag false,balance-sheet leverage not elevated; 12m drawdown severe,Prepared for future scoring; no recommendation language or ranking emitted.,False,False,False,v2.38J-us-candidate-feature-matrix
U00493,BYFC,Broadway Financial Corporation - Class A Common Stock,NASDAQ,0001001171,fundamental_and_price,CANDIDATE_MATRIX_READY,FEATURES_READY,PRICE_FEATURES_READY,high,,0.187097,,,,-134.755435,-0.070652,0.804576,,,false,true,true,0.125954,0.230448,0.503185,0.473159,0.369719,0.367239,-0.104808,-0.28839,0.115143,0.371599,0.229975,true,false,true,true,2290.52381,5574.619048,true,revenue growth positive; net margin non-positive; positive FCF flag false,3m return positive; 12m return positive; trend flag true,balance-sheet leverage elevated; 12m drawdown within tracked range,Prepared for future scoring; no recommendation language or ranking emitted.,False,False,False,v2.38J-us-candidate-feature-matrix
U00494,BYND,"Beyond Meat, Inc. - Common stock",NASDAQ,0001655210,fundamental_and_price,CANDIDATE_MATRIX_READY,FEATURES_READY,PRICE_FEATURES_READY,high,,-0.15609,,,,0.795017,-0.570749,,,,true,false,false,19.343138,15.27451,14.6801,3.98,57.462996,40.635266,-0.639655,-0.88453,1.783193,6.092906,1.548478,true,false,false,true,19051117.380952,27131464.52381,true,revenue growth non-positive; net margin positive; positive FCF flag false,3m return positive; 12m return positive; trend flag true,12m drawdown severe,Prepared for future scoring; no recommendation language or ranking emitted.,False,False,False,v2.38J-us-candidate-feature-matrix
U00495,BYRN,"Byrna Technologies, Inc. - Common Stock",NASDAQ,0001354866,fundamental_and_price,CANDIDATE_MATRIX_READY,FEATURES_READY,PRICE_FEATURES_READY,high,,0.377396,,,,0.08201,-0.077845,0.2217,,,true,true,false,-0.306122,-0.453376,-0.73582,-0.833333,1.05318,0.999359,-0.75,-0.884908,-0.234717,-0.651944,-0.545194,false,false,false,false,429147.619048,735920.634921,true,revenue growth positive; net margin positive; positive FCF flag false,3m return non-positive; 12m return non-positive; trend flag false,balance-sheet leverage not elevated; 12m drawdown severe,Prepared for future scoring; no recommendation language or ranking emitted.,False,False,False,v2.38J-us-candidate-feature-matrix
U00496,BYSI,"BeyondSpring, Inc. - Ordinary Shares",NASDAQ,0001677940,fundamental_and_price,CANDIDATE_MATRIX_PARTIAL_FUNDAMENTALS,FEATURES_PARTIAL,PRICE_FEATURES_READY,medium,fundamental_features_missing_or_partial,,,,,,,1.925076,,,false,false,true,-0.382828,-0.648851,-0.603247,-0.66612,1.068862,0.922246,-0.67754,-0.743404,-0.456696,-0.598607,-0.261201,false,false,false,false,1976890.47619,676344.444444,true,positive FCF flag false,3m return non-positive; 12m return non-positive; trend flag false,balance-sheet leverage elevated; 12m drawdown severe,Prepared for future scoring; no recommendation language or ranking emitted.,False,False,False,v2.38J-us-candidate-feature-matrix
U00497,BZ,KANZHUN LIMITED - American Depository Shares,NASDAQ,0001842827,fundamental_and_price,CANDIDATE_MATRIX_READY,FEATURES_READY,PRICE_FEATURES_READY,high,,0.17318,,,,0.330853,0.536224,0.182635,,,true,true,false,0.066221,0.197135,0.10308,-0.256986,0.552747,0.455769,-0.202899,-0.492172,0.140929,0.074436,-0.05828,false,false,false,true,6652236.571429,4530561.396825,true,revenue growth positive; net margin positive; positive FCF flag true,3m return positive; 12m return non-positive; trend flag false,balance-sheet leverage not elevated; 12m drawdown within tracked range,Prepared for future scoring; no recommendation language or ranking emitted.,False,False,False,v2.38J-us-candidate-feature-matrix
U00498,BZAI,"Blaize Holdings, Inc. - Common Stock",NASDAQ,0001871638,fundamental_and_price,CANDIDATE_MATRIX_READY,FEATURES_READY,PRICE_FEATURES_READY,high,,,,,,-5.355767,-1.929463,0.618436,,,false,false,false,-0.452695,-0.763212,-0.568868,-0.871989,1.385876,1.574725,-0.821429,-0.928458,-0.523034,-0.708008,-0.387813,false,false,false,false,7706309.52381,5015107.936508,true,net margin non-positive; positive FCF flag false,3m return non-positive; 12m return non-positive; trend flag false,balance-sheet leverage not elevated; 12m drawdown severe,Prepared for future scoring; no recommendation language or ranking emitted.,False,False,False,v2.38J-us-candidate-feature-matrix
U00499,BZFD,"BuzzFeed, Inc. - Class A Common Stock",NASDAQ,0001828972,fundamental_and_price,CANDIDATE_MATRIX_READY,FEATURES_READY,PRICE_FEATURES_READY,high,,-0.024336,,,,-0.311574,-0.111764,0.733787,,,false,false,false,-0.067797,-0.308176,0.408451,-0.438776,0.754983,1.547375,-0.480861,-0.726087,-0.128713,0.062161,0.219071,false,false,false,false,499809.52381,744023.809524,true,revenue growth non-positive; net margin non-positive; positive FCF flag false,3m return non-positive; 12m return non-positive; trend flag false,balance-sheet leverage not elevated; 12m drawdown severe,Prepared for future scoring; no recommendation language or ranking emitted.,False,False,False,v2.38J-us-candidate-feature-matrix
U00500,CAAS,"China Automotive Systems, Inc. - Ordinary Share",NASDAQ,0002037400,fundamental_and_price,CANDIDATE_MATRIX_READY,FEATURES_READY,PRICE_FEATURES_READY,high,,,,,,0.055944,0.097218,0.550062,,,true,false,false,0.22049,0.22049,0.307876,0.330097,0.440045,0.363478,-0.108333,-0.203187,0.19986,0.236044,0.030157,true,false,true,false,51742.857143,29673.015873,true,net margin positive; positive FCF flag true,3m return positive; 12m return positive; trend flag true,balance-sheet leverage not elevated; 12m drawdown within tracked range,Prepared for future scoring; no recommendation language or ranking emitted.,False,False,False,v2.38J-us-candidate-feature-matrix
U00501,CABA,"Cabaletta Bio, Inc. - Common Stock",NASDAQ,0001759138,fundamental_and_price,CANDIDATE_MATRIX_PARTIAL_FUNDAMENTALS,FEATURES_PARTIAL,PRICE_FEATURES_READY,medium,fundamental_features_missing_or_partial,,,,,,,0.321244,,,false,false,false,0.288809,-0.002793,0.040816,1.462069,0.586421,0.764703,-0.368675,-0.434903,0.218305,0.232054,0.011285,true,false,false,false,4762742.857143,4759195.238095,true,positive FCF flag false,3m return non-positive; 12m return positive; trend flag true,balance-sheet leverage not elevated; 12m drawdown within tracked range,Prepared for future scoring; no recommendation language or ranking emitted.,False,False,False,v2.38J-us-candidate-feature-matrix
U00502,CABR,"Caring Brands, Inc. - Common Stock",NASDAQ,0002020737,fundamental_and_price,CANDIDATE_MATRIX_PARTIAL_FUNDAMENTALS,FEATURES_PARTIAL,PRICE_FEATURES_READY,medium,fundamental_features_missing_or_partial,,,,,-1489.487782,,0.101209,,,false,false,false,-0.064103,0.237288,0.445545,-0.582857,0.859758,1.017433,-0.3152,-0.868142,0.056593,0.313989,0.24361,true,false,false,true,94019.047619,76898.412698,true,net margin non-positive; positive FCF flag false,3m return positive; 12m return non-positive; trend flag true,balance-sheet leverage not elevated; 12m drawdown severe,Prepared for future scoring; no recommendation language or ranking emitted.,False,False,False,v2.38J-us-candidate-feature-matrix
U00503,CAC,Camden National Corporation - Common Stock,NASDAQ,0000750686,fundamental_and_price,CANDIDATE_MATRIX_READY,FEATURES_READY,PRICE_FEATURES_READY,high,,0.169553,,,,1.56113,1.394475,0.900129,,,true,true,true,-0.052463,0.115369,0.20124,0.373685,0.242754,0.241637,-0.076653,-0.146195,0.003355,0.140445,0.136632,true,false,true,false,83985.714286,100673.015873,true,revenue growth positive; net margin positive; positive FCF flag true,3m return positive; 12m return positive; trend flag true,balance-sheet leverage elevated; 12m drawdown within tracked range,Prepared for future scoring; no recommendation language or ranking emitted.,False,False,False,v2.38J-us-candidate-feature-matrix
U00504,CACC,Credit Acceptance Corporation - Common Stock,NASDAQ,0000885550,fundamental_and_price,CANDIDATE_MATRIX_READY,FEATURES_READY,PRICE_FEATURES_READY,high,,0.071587,,,,0.182936,0.454428,0.823488,,,true,true,true,0.037018,0.096394,0.234711,0.154353,0.289053,0.360987,-0.185358,-0.217067,-0.012356,0.150765,0.165161,false,false,true,false,115804.761905,153187.301587,true,revenue growth positive; net margin positive; positive FCF flag true,3m return positive; 12m return positive; trend flag false,balance-sheet leverage elevated; 12m drawdown within tracked range,Prepared for future scoring; no recommendation language or ranking emitted.,False,False,False,v2.38J-us-candidate-feature-matrix
U00505,CADL,"Candel Therapeutics, Inc. - Common Stock",NASDAQ,0001841387,fundamental_and_price,CANDIDATE_MATRIX_PARTIAL_FUNDAMENTALS,FEATURES_PARTIAL,PRICE_FEATURES_READY,medium,fundamental_features_missing_or_partial,,,,,,,0.585271,,,false,false,false,0.255947,0.5,1.666667,1.25256,0.667737,0.748618,-0.158038,-0.325191,0.218837,0.805999,0.48174,true,false,true,true,1261485.714286,1575847.619048,true,positive FCF flag false,3m return positive; 12m return positive; trend flag true,balance-sheet leverage not elevated; 12m drawdown within tracked range,Prepared for future scoring; no recommendation language or ranking emitted.,False,False,False,v2.38J-us-candidate-feature-matrix
U00506,CAES,"Cantor Equity Partners VII, Inc. - Class A Ordinary Shares",NASDAQ,0002087965,fundamental_and_price,CANDIDATE_MATRIX_PARTIAL_PRICE,INSUFFICIENT_FEATURE_EVIDENCE,PRICE_FEATURES_PARTIAL,medium,price_features_missing_or_partial,,,,,,,,,,false,false,false,0.0,,,,,,,,0.000813,,,false,false,true,false,16053.333333,,true,positive FCF flag false,trend flag false,Risk evidence incomplete.,Prepared for future scoring; no recommendation language or ranking emitted.,False,False,False,v2.38J-us-candidate-feature-matrix
U00507,CAI,"Caris Life Sciences, Inc. - Common Stock",NASDAQ,0002019410,fundamental_and_price,CANDIDATE_MATRIX_PARTIAL_FUNDAMENTALS,FEATURES_PARTIAL,PRICE_FEATURES_READY,medium,fundamental_features_missing_or_partial,,,,,-0.083849,0.08238,0.48714,,,true,false,false,0.540373,0.602067,0.248741,-0.321663,0.759084,0.749649,-0.314972,-0.60462,0.258257,0.184708,-0.058453,false,false,false,true,5827919.047619,4206434.920635,true,net margin non-positive; positive FCF flag true,3m return positive; 12m return non-positive; trend flag false,balance-sheet leverage not elevated; 12m drawdown severe,Prepared for future scoring; no recommendation language or ranking emitted.,False,False,False,v2.38J-us-candidate-feature-matrix
U00509,CAKE,The Cheesecake Factory Incorporated - Common Stock,NASDAQ,0000887596,fundamental_and_price,CANDIDATE_MATRIX_READY,FEATURES_READY,PRICE_FEATURES_READY,high,,0.047493,,,,0.039561,0.041334,0.866195,,,true,true,true,0.033082,0.680261,0.705382,0.763098,0.451623,0.418096,-0.155684,-0.30081,0.13674,0.600857,0.408287,true,false,true,true,1815051.380952,1658204.428571,true,revenue growth positive; net margin positive; positive FCF flag true,3m return positive; 12m return positive; trend flag true,balance-sheet leverage elevated; 12m drawdown within tracked range,Prepared for future scoring; no recommendation language or ranking emitted.,False,False,False,v2.38J-us-candidate-feature-matrix
U00510,CALC,"CalciMedica, Inc. - Common Stock",NASDAQ,0001534133,fundamental_and_price,CANDIDATE_MATRIX_PARTIAL_FUNDAMENTALS,FEATURES_PARTIAL,PRICE_FEATURES_READY,medium,fundamental_features_missing_or_partial,,,,,,,1.488632,,,false,false,true,1.1,1.494062,3.142012,-0.230769,6.690656,4.787196,-0.556604,-0.930267,1.617671,0.172405,-0.552119,false,true,false,true,362290.47619,1350407.936508,true,positive FCF flag false,3m return positive; 12m return non-positive; trend flag false,balance-sheet leverage elevated; 12m drawdown severe,Prepared for future scoring; no recommendation language or ranking emitted.,False,False,False,v2.38J-us-candidate-feature-matrix
U00511,CALM,"Cal-Maine Foods, Inc. - Common Stock",NASDAQ,0000016160,fundamental_and_price,CANDIDATE_MATRIX_READY,FEATURES_READY,PRICE_FEATURES_READY,high,,-0.316821,,,,0.108764,0.112835,0.15029,,,true,false,false,-0.09235,0.060244,-0.101943,-0.316672,0.343687,0.326031,-0.171193,-0.375571,-0.060768,-0.032576,0.030016,false,false,false,false,838790.47619,896541.269841,true,revenue growth non-positive; net margin positive; positive FCF flag true,3m return positive; 12m return non-positive; trend flag false,balance-sheet leverage not elevated; 12m drawdown within tracked range,Prepared for future scoring; no recommendation language or ranking emitted.,False,False,False,v2.38J-us-candidate-feature-matrix
U00512,CAMP,CAMP4 Therapeutics Corporation - Common Stock,NASDAQ,0001736730,fundamental_and_price,CANDIDATE_MATRIX_READY,FEATURES_READY,PRICE_FEATURES_READY,high,,4.365031,,,,-22.98542,-8.528302,0.59507,,,false,true,false,-0.099762,-0.047739,-0.036849,1.493421,0.951267,1.095164,-0.520319,-0.57784,-0.078755,-0.154032,-0.081712,false,false,false,false,265890.47619,255547.619048,true,revenue growth positive; net margin non-positive; positive FCF flag false,3m return non-positive; 12m return positive; trend flag false,balance-sheet leverage not elevated; 12m drawdown severe,Prepared for future scoring; no recommendation language or ranking emitted.,False,False,False,v2.38J-us-candidate-feature-matrix
U00513,CAMT,Camtek Ltd. - Ordinary Shares,NASDAQ,0001109138,fundamental_and_price,CANDIDATE_MATRIX_READY,FEATURES_READY,PRICE_FEATURES_READY,high,,0.155715,,,,0.102247,0.256969,0.51025,,,true,true,false,-0.083339,-0.31666,-0.21198,0.549269,0.817108,0.798391,-0.387978,-0.387978,-0.14429,-0.153673,-0.010965,false,false,false,false,443357.142857,482852.380952,true,revenue growth positive; net margin positive; positive FCF flag true,3m return non-positive; 12m return positive; trend flag false,balance-sheet leverage not elevated; 12m drawdown within tracked range,Prepared for future scoring; no recommendation language or ranking emitted.,False,False,False,v2.38J-us-candidate-feature-matrix
U00515,CAPR,"Capricor Therapeutics, Inc. - Common Stock",NASDAQ,0001133869,fundamental_and_price,CANDIDATE_MATRIX_PARTIAL_FUNDAMENTALS,FEATURES_PARTIAL,PRICE_FEATURES_READY,medium,fundamental_features_missing_or_partial,-1.0,,,,,,0.140911,,,false,false,false,1.371703,-0.642185,-0.612157,0.562401,2.126821,1.5805,-0.891058,-0.891058,-0.262469,-0.57615,-0.425312,false,false,false,false,11360547.619048,6120579.365079,true,revenue growth non-positive; positive FCF flag false,3m return non-positive; 12m return positive; trend flag false,balance-sheet leverage not elevated; 12m drawdown severe,Prepared for future scoring; no recommendation language or ranking emitted.,False,False,False,v2.38J-us-candidate-feature-matrix
U00516,CAPS,Capstone Holding Corp. - Common Stock,NASDAQ,0000887151,fundamental_and_price,CANDIDATE_MATRIX_PARTIAL_FUNDAMENTALS,FEATURES_PARTIAL,PRICE_FEATURES_READY,medium,fundamental_features_missing_or_partial,,,,,,,0.75762,,,false,false,true,-0.24,-0.40625,-0.677966,-0.838983,0.816401,1.042901,-0.772152,-0.881579,-0.199663,-0.619315,-0.524344,false,false,false,false,877247.619048,466130.15873,true,positive FCF flag false,3m return non-positive; 12m return non-positive; trend flag false,balance-sheet leverage elevated; 12m drawdown severe,Prepared for future scoring; no recommendation language or ranking emitted.,False,False,False,v2.38J-us-candidate-feature-matrix
U00518,CAR,"Avis Budget Group, Inc. - Common Stock",NASDAQ,0000723612,fundamental_and_price,CANDIDATE_MATRIX_PARTIAL_FUNDAMENTALS,FEATURES_PARTIAL,PRICE_FEATURES_READY,medium,fundamental_features_missing_or_partial,-0.011621,,,,-0.076296,,,,,false,false,false,-0.023312,-0.207178,0.439582,-0.144913,0.537362,1.308687,-0.808129,-0.808129,-0.083416,-0.125829,-0.046273,false,false,false,false,308009.52381,554038.095238,true,revenue growth non-positive; net margin non-positive; positive FCF flag false,3m return non-positive; 12m return non-positive; trend flag false,12m drawdown severe,Prepared for future scoring; no recommendation language or ranking emitted.,False,False,False,v2.38J-us-candidate-feature-matrix
U00519,CARE,"Carter Bankshares, Inc. - Common Stock",NASDAQ,0001829576,fundamental_and_price,CANDIDATE_MATRIX_READY,FEATURES_READY,PRICE_FEATURES_READY,high,,0.046464,,,,1.543785,1.56569,0.913499,,,true,true,true,-0.131527,0.086128,0.475779,0.581192,0.293055,0.278467,-0.138578,-0.158313,-0.062045,0.226559,0.307694,false,false,false,false,354614.142857,398577.730159,true,revenue growth positive; net margin positive; positive FCF flag true,3m return positive; 12m return positive; trend flag false,balance-sheet leverage elevated; 12m drawdown within tracked range,Prepared for future scoring; no recommendation language or ranking emitted.,False,False,False,v2.38J-us-candidate-feature-matrix
U00520,CARG,"CarGurus, Inc. - Class A Common Stock",NASDAQ,0001494259,fundamental_and_price,CANDIDATE_MATRIX_READY,FEATURES_READY,PRICE_FEATURES_READY,high,,0.014083,,,,0.171892,0.318526,0.434658,,,true,true,false,-0.058489,0.214036,0.071495,0.004913,0.418118,0.421072,-0.287998,-0.309249,-0.018764,0.022996,0.042559,false,false,false,true,874980.952381,1146936.507937,true,revenue growth positive; net margin positive; positive FCF flag true,3m return positive; 12m return positive; trend flag false,balance-sheet leverage not elevated; 12m drawdown within tracked range,Prepared for future scoring; no recommendation language or ranking emitted.,False,False,False,v2.38J-us-candidate-feature-matrix
U00521,CARL,"Carlsmed, Inc. - Common Stock",NASDAQ,0001794546,fundamental_and_price,CANDIDATE_MATRIX_PARTIAL_FUNDAMENTALS,FEATURES_PARTIAL,PRICE_FEATURES_READY,medium,fundamental_features_missing_or_partial,,,,,,,0.240171,,,false,false,false,0.216679,0.601961,0.257891,0.207687,0.668019,0.66175,-0.283279,-0.480283,0.239814,0.349145,0.088184,true,false,true,true,166261.904762,146336.507937,true,positive FCF flag false,3m return positive; 12m return positive; trend flag true,balance-sheet leverage not elevated; 12m drawdown within tracked range,Prepared for future scoring; no recommendation language or ranking emitted.,False,False,False,v2.38J-us-candidate-feature-matrix
U00522,CART,Maplebear Inc. - Common Stock,NASDAQ,0001579091,fundamental_and_price,CANDIDATE_MATRIX_READY,FEATURES_READY,PRICE_FEATURES_READY,high,,0.107756,,,,0.119455,0.243185,0.264171,,,true,true,false,0.102666,0.228522,0.340745,0.154023,0.42205,0.442693,-0.136787,-0.299213,0.05239,0.186397,0.127336,true,false,true,true,4402380.952381,4175698.412698,true,revenue growth positive; net margin positive; positive FCF flag true,3m return positive; 12m return positive; trend flag true,balance-sheet leverage not elevated; 12m drawdown within tracked range,Prepared for future scoring; no recommendation language or ranking emitted.,False,False,False,v2.38J-us-candidate-feature-matrix
U00523,CASH,"Pathward Financial, Inc. - Common Stock",NASDAQ,0000907471,fundamental_and_price,CANDIDATE_MATRIX_READY,FEATURES_READY,PRICE_FEATURES_READY,high,,0.053275,,,,0.221304,0.522615,0.88045,,,true,true,true,-0.085587,0.05274,-0.105085,0.036474,0.267386,0.294579,-0.222055,-0.222055,-0.058559,-0.03149,0.028753,false,false,false,false,186938.095238,219423.809524,true,revenue growth positive; net margin positive; positive FCF flag true,3m return positive; 12m return positive; trend flag false,balance-sheet leverage elevated; 12m drawdown within tracked range,Prepared for future scoring; no recommendation language or ranking emitted.,False,False,False,v2.38J-us-candidate-feature-matrix
U00524,CASS,"Cass Information Systems, Inc - Common Stock",NASDAQ,0000708781,fundamental_and_price,CANDIDATE_MATRIX_READY,FEATURES_READY,PRICE_FEATURES_READY,high,,-0.151307,,,,0.325157,0.294212,0.906755,,,true,false,true,-0.013847,0.230803,0.231881,0.301712,0.208114,0.220067,-0.074457,-0.159122,0.024593,0.188084,0.159567,true,false,true,false,80266.666667,85409.52381,true,revenue growth non-positive; net margin positive; positive FCF flag true,3m return positive; 12m return positive; trend flag true,balance-sheet leverage elevated; 12m drawdown within tracked range,Prepared for future scoring; no recommendation language or ranking emitted.,False,False,False,v2.38J-us-candidate-feature-matrix
U00525,CAST,"FreeCast, Inc. - Class A common stock",NASDAQ,0001633369,fundamental_and_price,CANDIDATE_MATRIX_PARTIAL_PRICE,INSUFFICIENT_FEATURE_EVIDENCE,PRICE_FEATURES_PARTIAL,medium,price_features_missing_or_partial,,,,,,,,,,false,false,false,0.113821,0.851351,,,5.403112,,,,-0.462534,,,false,false,false,false,11562471.428571,12826693.650794,true,positive FCF flag false,3m return positive; trend flag false,Risk evidence incomplete.,Prepared for future scoring; no recommendation language or ranking emitted.,False,False,False,v2.38J-us-candidate-feature-matrix
U00526,CASY,"Caseys General Stores, Inc. - Common Stock",NASDAQ,0000726958,fundamental_and_price,CANDIDATE_MATRIX_READY,FEATURES_READY,PRICE_FEATURES_READY,high,,0.101638,,,,0.040684,0.041092,0.557778,,,true,true,false,-0.114111,-0.026608,0.101917,0.513294,0.524912,0.426185,-0.179061,-0.179061,-0.090036,0.039561,0.14242,false,false,false,false,313490.47619,454860.31746,true,revenue growth positive; net margin positive; positive FCF flag true,3m return non-positive; 12m return positive; trend flag false,balance-sheet leverage not elevated; 12m drawdown within tracked range,Prepared for future scoring; no recommendation language or ranking emitted.,False,False,False,v2.38J-us-candidate-feature-matrix
U00527,CATY,Cathay General Bancorp - Common Stock,NASDAQ,0000861842,fundamental_and_price,CANDIDATE_MATRIX_READY,FEATURES_READY,PRICE_FEATURES_READY,high,,,,,,,,0.879264,,,false,false,true,-0.036519,0.097151,0.237031,0.247736,0.183133,0.193245,-0.064685,-0.129657,-0.009907,0.128241,0.139531,false,false,true,false,367290.47619,488346.031746,true,positive FCF flag true,3m return positive; 12m return positive; trend flag false,balance-sheet leverage elevated; 12m drawdown within tracked range,Prepared for future scoring; no recommendation language or ranking emitted.,False,False,False,v2.38J-us-candidate-feature-matrix
U00529,CBC,"Central Bancompany, Inc. - Class A Common Stock",NASDAQ,0002065601,fundamental_and_price,CANDIDATE_MATRIX_PARTIAL_PRICE,FEATURES_PARTIAL,PRICE_FEATURES_PARTIAL,medium,price_features_missing_or_partial,,,,,,,0.817657,,,false,false,true,-0.031775,0.192762,0.313008,,0.229795,0.223996,-0.06595,,0.011027,,,false,false,true,false,771961.904762,755128.571429,true,positive FCF flag true,3m return positive; trend flag false,balance-sheet leverage elevated,Prepared for future scoring; no recommendation language or ranking emitted.,False,False,False,v2.38J-us-candidate-feature-matrix
U00530,CBFV,"CB Financial Services, Inc. - Common Stock",NASDAQ,0001605301,fundamental_and_price,CANDIDATE_MATRIX_READY,FEATURES_READY,PRICE_FEATURES_READY,high,,,,,,,,0.898212,,,false,false,true,0.008387,0.098762,0.052825,0.139059,0.271505,0.260438,-0.077258,-0.106065,0.002151,0.044092,0.041851,true,false,true,false,4877.47619,6543.285714,true,positive FCF flag true,3m return positive; 12m return positive; trend flag true,balance-sheet leverage elevated; 12m drawdown within tracked range,Prepared for future scoring; no recommendation language or ranking emitted.,False,False,False,v2.38J-us-candidate-feature-matrix
U00531,CBIO,"Crescent Biopharma, Inc. - Common Stock",NASDAQ,0001253689,fundamental_and_price,CANDIDATE_MATRIX_READY,FEATURES_READY,PRICE_FEATURES_READY,high,,,,,,-14.196053,-6.681206,0.155148,,,false,false,false,0.131868,0.031146,0.613577,0.355263,0.686581,0.876822,-0.463677,-0.463677,0.112925,0.205297,0.082999,true,false,false,false,199233.333333,317979.365079,true,net margin non-positive; positive FCF flag false,3m return positive; 12m return positive; trend flag true,balance-sheet leverage not elevated; 12m drawdown within tracked range,Prepared for future scoring; no recommendation language or ranking emitted.,False,False,False,v2.38J-us-candidate-feature-matrix
U00532,CBK,"Commercial Bancgroup, Inc. - Common Stock",NASDAQ,0001981546,fundamental_and_price,CANDIDATE_MATRIX_PARTIAL_PRICE,FEATURES_PARTIAL,PRICE_FEATURES_PARTIAL,medium,price_features_missing_or_partial,,,,,,,0.875475,,,false,false,true,-0.01911,0.198049,0.317625,,0.205179,0.211553,-0.068465,,0.016487,0.207625,0.188038,true,false,true,false,42419.904762,73874.888889,true,positive FCF flag true,3m return positive; trend flag true,balance-sheet leverage elevated,Prepared for future scoring; no recommendation language or ranking emitted.,False,False,False,v2.38J-us-candidate-feature-matrix
U00533,CBLL,"CeriBell, Inc. - Common Stock",NASDAQ,0001861107,fundamental_and_price,CANDIDATE_MATRIX_READY,FEATURES_READY,PRICE_FEATURES_READY,high,,0.360904,,,,-0.59971,-0.466804,0.206672,,,false,true,false,0.339633,0.444121,0.396173,1.172504,0.485291,0.520208,-0.236756,-0.305164,0.212752,0.263216,0.041611,true,false,true,true,423100.0,387682.539683,true,revenue growth positive; net margin non-positive; positive FCF flag false,3m return positive; 12m return positive; trend flag true,balance-sheet leverage not elevated; 12m drawdown within tracked range,Prepared for future scoring; no recommendation language or ranking emitted.,False,False,False,v2.38J-us-candidate-feature-matrix
U00534,CBNK,"Capital Bancorp, Inc. - Common Stock",NASDAQ,0001419536,fundamental_and_price,CANDIDATE_MATRIX_PARTIAL_FUNDAMENTALS,FEATURES_PARTIAL,PRICE_FEATURES_READY,medium,fundamental_features_missing_or_partial,,,,,,,0.888593,,,false,false,true,-0.0398,0.157243,0.200725,0.075266,0.20731,0.222492,-0.080882,-0.235784,0.002708,0.144994,0.141902,true,false,true,false,51371.428571,64820.634921,true,positive FCF flag false,3m return positive; 12m return positive; trend flag true,balance-sheet leverage elevated; 12m drawdown within tracked range,Prepared for future scoring; no recommendation language or ranking emitted.,False,False,False,v2.38J-us-candidate-feature-matrix
U00535,CBRL,"Cracker Barrel Old Country Store, Inc. - Common Stock",NASDAQ,0001067294,fundamental_and_price,CANDIDATE_MATRIX_READY,FEATURES_READY,PRICE_FEATURES_READY,high,,0.003723,,,,0.013313,0.017153,,,,true,true,false,-0.040616,0.654589,0.78968,0.001462,0.657227,0.576921,-0.139363,-0.537438,0.00331,0.491847,0.486925,true,false,true,true,727828.571429,1166622.222222,true,revenue growth positive; net margin positive; positive FCF flag true,3m return positive; 12m return positive; trend flag true,12m drawdown severe,Prepared for future scoring; no recommendation language or ranking emitted.,False,False,False,v2.38J-us-candidate-feature-matrix
U00536,CBRS,Cerebras Systems Inc. - Class A Common Stock,NASDAQ,0002021728,fundamental_and_price,CANDIDATE_MATRIX_PARTIAL_PRICE,INSUFFICIENT_FEATURE_EVIDENCE,PRICE_FEATURES_PARTIAL,medium,price_features_missing_or_partial,,,,,,,,,,false,false,false,-0.187673,-0.141528,,,1.285508,,,,-0.086607,,,false,false,false,false,7760619.047619,6986619.047619,true,positive FCF flag false,3m return non-positive; trend flag false,Risk evidence incomplete.,Prepared for future scoring; no recommendation language or ranking emitted.,False,False,False,v2.38J-us-candidate-feature-matrix
U00537,CBSH,"Commerce Bancshares, Inc. - Common Stock",NASDAQ,0000022356,fundamental_and_price,CANDIDATE_MATRIX_READY,FEATURES_READY,PRICE_FEATURES_READY,high,,,,,,,,0.884103,,,false,false,true,-0.032872,0.128505,0.109282,-0.022204,0.155026,0.166321,-0.078043,-0.191168,-0.012845,0.079807,0.093858,false,false,true,false,836509.52381,1161376.190476,true,positive FCF flag true,3m return positive; 12m return non-positive; trend flag false,balance-sheet leverage elevated; 12m drawdown within tracked range,Prepared for future scoring; no recommendation language or ranking emitted.,False,False,False,v2.38J-us-candidate-feature-matrix
U00538,CBUS,"Cibus, Inc. - Class A Common Stock",NASDAQ,0001705843,fundamental_and_price,CANDIDATE_MATRIX_READY,FEATURES_READY,PRICE_FEATURES_READY,high,,-0.146176,,,,-34.923056,-14.061281,0.928441,,,false,false,true,-0.1875,0.122302,-0.531532,0.172932,0.83172,1.060043,-0.703704,-0.703704,-0.106632,-0.166856,-0.067413,false,false,false,false,137566.666667,284923.809524,true,revenue growth non-positive; net margin non-positive; positive FCF flag false,3m return positive; 12m return positive; trend flag false,balance-sheet leverage elevated; 12m drawdown severe,Prepared for future scoring; no recommendation language or ranking emitted.,False,False,False,v2.38J-us-candidate-feature-matrix
U00539,CCAP,"Crescent Capital BDC, Inc. - Common Stock",NASDAQ,0001633336,fundamental_and_price,CANDIDATE_MATRIX_PARTIAL_FUNDAMENTALS,FEATURES_PARTIAL,PRICE_FEATURES_READY,medium,fundamental_features_missing_or_partial,,,,,,,0.564748,,,false,false,false,-0.102675,-0.073084,-0.223881,-0.344262,0.255318,0.289662,-0.25341,-0.347553,-0.055327,-0.183154,-0.135314,false,false,false,false,232809.52381,241653.968254,true,positive FCF flag false,3m return non-positive; 12m return non-positive; trend flag false,balance-sheet leverage not elevated; 12m drawdown within tracked range,Prepared for future scoring; no recommendation language or ranking emitted.,False,False,False,v2.38J-us-candidate-feature-matrix
U00541,CCB,Coastal Financial Corporation - Common Stock,NASDAQ,0001437958,fundamental_and_price,CANDIDATE_MATRIX_READY,FEATURES_READY,PRICE_FEATURES_READY,high,,,,,,,,0.896454,,,false,false,true,0.101476,-0.284577,-0.366414,-0.57528,0.981277,0.743008,-0.539571,-0.664537,-0.21553,-0.410275,-0.24825,false,false,false,false,240138.095238,224976.190476,true,positive FCF flag true,3m return non-positive; 12m return non-positive; trend flag false,balance-sheet leverage elevated; 12m drawdown severe,Prepared for future scoring; no recommendation language or ranking emitted.,False,False,False,v2.38J-us-candidate-feature-matrix
U00542,CCBG,Capital City Bank Group - Common Stock,NASDAQ,0000726601,fundamental_and_price,CANDIDATE_MATRIX_READY,FEATURES_READY,PRICE_FEATURES_READY,high,,,,,,,,0.873944,,,false,false,true,-0.032454,0.168462,0.176552,0.176824,0.209854,0.197929,-0.078369,-0.129389,0.001119,0.114006,0.112761,true,false,true,false,65900.0,91557.142857,true,positive FCF flag true,3m return positive; 12m return positive; trend flag true,balance-sheet leverage elevated; 12m drawdown within tracked range,Prepared for future scoring; no recommendation language or ranking emitted.,False,False,False,v2.38J-us-candidate-feature-matrix
U00543,CCC,CCC Intelligent Solutions Holdings Inc. - Common Stock,NASDAQ,0001818201,fundamental_and_price,CANDIDATE_MATRIX_PARTIAL_PRICE,FEATURES_READY,PRICE_FEATURES_PARTIAL,medium,price_features_missing_or_partial,0.118756,,,,0.001597,0.240783,0.499918,,,true,true,false,0.134281,0.438878,0.20268,,0.540636,0.559805,-0.325879,,0.134747,0.158139,0.020614,true,false,false,false,8848233.333333,9927817.460317,true,revenue growth positive; net margin positive; positive FCF flag true,3m return positive; trend flag true,balance-sheet leverage not elevated,Prepared for future scoring; no recommendation language or ranking emitted.,False,False,False,v2.38J-us-candidate-feature-matrix
U00544,CCCC,"C4 Therapeutics, Inc. - Common Stock",NASDAQ,0001662579,fundamental_and_price,CANDIDATE_MATRIX_READY,FEATURES_READY,PRICE_FEATURES_READY,high,,0.010201,,,,-2.9208,-2.762428,0.285422,,,false,true,false,0.049861,-0.042929,0.226537,0.50996,0.621966,0.831346,-0.345404,-0.521008,-0.036873,0.250093,0.297953,false,false,false,false,2334909.52381,2975447.619048,true,revenue growth positive; net margin non-positive; positive FCF flag false,3m return non-positive; 12m return positive; trend flag false,balance-sheet leverage not elevated; 12m drawdown severe,Prepared for future scoring; no recommendation language or ranking emitted.,False,False,False,v2.38J-us-candidate-feature-matrix
U00546,CCEC,Capital Clean Energy Carriers Corp. - Common Share,NASDAQ,0001392326,fundamental_and_price,CANDIDATE_MATRIX_PARTIAL_FUNDAMENTALS,FEATURES_PARTIAL,PRICE_FEATURES_READY,medium,fundamental_features_missing_or_partial,,,,,,,0.633864,,,false,false,false,0.008011,0.036613,-0.025806,0.0689,0.259439,0.388675,-0.21558,-0.261722,0.01154,0.062829,0.050704,true,false,true,false,7052.380952,11498.412698,true,positive FCF flag false,3m return positive; 12m return positive; trend flag true,balance-sheet leverage not elevated; 12m drawdown within tracked range,Prepared for future scoring; no recommendation language or ranking emitted.,False,False,False,v2.38J-us-candidate-feature-matrix
U00548,CCG,Cheche Group Inc. - Class A Ordinary Shares,NASDAQ,0001965473,fundamental_and_price,CANDIDATE_MATRIX_PARTIAL_FUNDAMENTALS,FEATURES_PARTIAL,PRICE_FEATURES_READY,medium,fundamental_features_missing_or_partial,,,,,,,,,,false,false,false,0.12591,29.694444,18.833334,12.936937,95.383529,67.715924,-0.973191,-0.973191,0.482518,3.861818,2.279433,true,false,false,true,27390.47619,94747.761905,true,positive FCF flag false,3m return positive; 12m return positive; trend flag true,12m drawdown severe,Prepared for future scoring; no recommendation language or ranking emitted.,False,False,False,v2.38J-us-candidate-feature-matrix
U00549,CCHH,CCH Holdings Ltd - Class A Ordinary Shares,NASDAQ,0002074123,fundamental_and_price,CANDIDATE_MATRIX_PARTIAL_PRICE,FEATURES_PARTIAL,PRICE_FEATURES_PARTIAL,medium,price_features_missing_or_partial,,,,,-0.279966,-0.078762,0.454147,,,false,false,false,-0.06015,2.101737,0.096491,,16.45689,11.666017,-0.799029,,0.064536,-0.237354,-0.283588,false,false,false,false,252090.47619,6203387.301587,true,net margin non-positive; positive FCF flag false,3m return positive; trend flag false,balance-sheet leverage not elevated,Prepared for future scoring; no recommendation language or ranking emitted.,False,False,False,v2.38J-us-candidate-feature-matrix
U00552,CCLD,"CareCloud, Inc. - Common Stock",NASDAQ,0001582982,fundamental_and_price,CANDIDATE_MATRIX_READY,FEATURES_READY,PRICE_FEATURES_READY,high,,0.087173,,,,0.089611,0.197371,0.320692,,,true,true,false,-0.138462,-0.046809,-0.145038,-0.391304,0.639381,0.699459,-0.454068,-0.454068,-0.054094,-0.172256,-0.124919,false,false,false,false,463861.904762,308038.095238,true,revenue growth positive; net margin positive; positive FCF flag true,3m return non-positive; 12m return non-positive; trend flag false,balance-sheet leverage not elevated; 12m drawdown within tracked range,Prepared for future scoring; no recommendation language or ranking emitted.,False,False,False,v2.38J-us-candidate-feature-matrix
U00553,CCNE,CNB Financial Corporation - Common Stock,NASDAQ,0000736772,fundamental_and_price,CANDIDATE_MATRIX_READY,FEATURES_READY,PRICE_FEATURES_READY,high,,,,,,,,0.896131,,,false,false,true,-0.045073,0.14694,0.196422,0.307899,0.21196,0.223802,-0.06439,-0.13546,-0.004413,0.132974,0.137996,false,false,true,false,159242.857143,169436.507937,true,positive FCF flag true,3m return positive; 12m return positive; trend flag false,balance-sheet leverage elevated; 12m drawdown within tracked range,Prepared for future scoring; no recommendation language or ranking emitted.,False,False,False,v2.38J-us-candidate-feature-matrix
U00554,CCOI,"Cogent Communications Holdings, Inc. - Common Stock",NASDAQ,0001158324,fundamental_and_price,CANDIDATE_MATRIX_PARTIAL_FUNDAMENTALS,FEATURES_PARTIAL,PRICE_FEATURES_READY,medium,fundamental_features_missing_or_partial,,,,,,,1.020598,,,false,false,true,-0.231579,-0.376449,-0.557384,-0.723185,0.8747,0.891649,-0.634927,-0.800222,-0.125973,-0.442085,-0.361673,false,false,false,false,1959657.142857,1489355.555556,true,positive FCF flag false,3m return non-positive; 12m return non-positive; trend flag false,balance-sheet leverage elevated; 12m drawdown severe,Prepared for future scoring; no recommendation language or ranking emitted.,False,False,False,v2.38J-us-candidate-feature-matrix
U00556,CCSI,"Consensus Cloud Solutions, Inc. - Common Stock",NASDAQ,0001866633,fundamental_and_price,CANDIDATE_MATRIX_READY,FEATURES_READY,PRICE_FEATURES_READY,high,,-0.001958,,,,0.241716,0.3027,0.979252,,,true,false,true,-0.127532,-0.002968,0.067027,0.268026,0.445271,0.571345,-0.249841,-0.318977,-0.097906,0.153881,0.279115,false,false,false,false,193933.333333,160668.253968,true,revenue growth non-positive; net margin positive; positive FCF flag true,3m return non-positive; 12m return positive; trend flag false,balance-sheet leverage elevated; 12m drawdown within tracked range,Prepared for future scoring; no recommendation language or ranking emitted.,False,False,False,v2.38J-us-candidate-feature-matrix
U00557,CCTG,CCSC Technology International Holdings Limited - Class A Ordinary Shares,NASDAQ,0001931717,fundamental_and_price,CANDIDATE_MATRIX_READY,FEATURES_READY,PRICE_FEATURES_READY,high,,-0.018645,,,,-0.277734,-0.310187,0.306122,,,false,false,false,-0.02765,0.343949,0.233918,-0.941873,5.973845,4.287946,-0.644382,-0.982778,-0.167105,-0.303243,-0.163452,false,false,false,true,386266.666667,5542390.47619,true,revenue growth non-positive; net margin non-positive; positive FCF flag false,3m return positive; 12m return non-positive; trend flag false,balance-sheet leverage not elevated; 12m drawdown severe,Prepared for future scoring; no recommendation language or ranking emitted.,False,False,False,v2.38J-us-candidate-feature-matrix
U00558,CCXI,Churchill Capital Corp XI - Class A Ordinary Shares,NASDAQ,0002074973,fundamental_and_price,CANDIDATE_MATRIX_PARTIAL_PRICE,FEATURES_PARTIAL,PRICE_FEATURES_PARTIAL,medium,price_features_missing_or_partial,,,,,,,0.03876,,,false,false,false,-0.138961,0.297456,0.311573,,0.88097,0.622747,-0.316754,,-0.121133,,,false,false,false,false,2522671.428571,2982258.730159,true,positive FCF flag false,3m return positive; trend flag false,balance-sheet leverage not elevated,Prepared for future scoring; no recommendation language or ranking emitted.,False,False,False,v2.38J-us-candidate-feature-matrix
U00559,CD,Chaince Digital Holdings Inc. - American Ordinary Shares,NASDAQ,0001527762,fundamental_and_price,CANDIDATE_MATRIX_READY,FEATURES_READY,PRICE_FEATURES_READY,high,,0.853298,,,,-2.730394,-1.29199,0.055003,,,false,true,false,0.032258,-0.6,-0.598494,-0.528719,1.263156,1.323082,-0.747378,-0.925957,-0.069308,-0.39681,-0.351891,false,false,false,false,260314.285714,292730.15873,true,revenue growth positive; net margin non-positive; positive FCF flag false,3m return non-positive; 12m return non-positive; trend flag false,balance-sheet leverage not elevated; 12m drawdown severe,Prepared for future scoring; no recommendation language or ranking emitted.,False,False,False,v2.38J-us-candidate-feature-matrix
U00560,CDIO,Cardio Diagnostics Holdings Inc. - Common stock,NASDAQ,0001870144,fundamental_and_price,CANDIDATE_MATRIX_READY,FEATURES_READY,PRICE_FEATURES_READY,high,,-0.575093,,,,-438.324924,-398.93086,0.102114,,,false,false,false,0.057471,-0.144186,-0.65019,-0.526992,0.755277,0.995227,-0.744879,-0.79084,-0.00298,-0.198089,-0.195692,false,false,false,false,49361.904762,58793.650794,true,revenue growth non-positive; net margin non-positive; positive FCF flag false,3m return non-positive; 12m return non-positive; trend flag false,balance-sheet leverage not elevated; 12m drawdown severe,Prepared for future scoring; no recommendation language or ranking emitted.,False,False,False,v2.38J-us-candidate-feature-matrix
U00561,CDLX,"Cardlytics, Inc. - Common Stock",NASDAQ,0001666071,fundamental_and_price,CANDIDATE_MATRIX_READY,FEATURES_READY,PRICE_FEATURES_READY,high,,-0.169341,,,,-0.487397,0.041492,1.022784,,,true,false,true,-0.074627,-0.427692,-0.586667,-0.631683,0.729465,0.890883,-0.701695,-0.875177,-0.100058,-0.537693,-0.486292,false,false,false,false,44295.238095,63261.587302,true,revenue growth non-positive; net margin non-positive; positive FCF flag true,3m return non-positive; 12m return non-positive; trend flag false,balance-sheet leverage elevated; 12m drawdown severe,Prepared for future scoring; no recommendation language or ranking emitted.,False,False,False,v2.38J-us-candidate-feature-matrix
U00562,CDNA,"CareDx, Inc. - Common Stock",NASDAQ,0001217234,fundamental_and_price,CANDIDATE_MATRIX_READY,FEATURES_READY,PRICE_FEATURES_READY,high,,0.137873,,,,-0.056224,,0.266504,,,false,true,false,0.053302,1.223218,1.602309,2.581227,0.924929,0.827104,-0.144,-0.236442,0.246325,1.006704,0.610097,true,false,true,false,1081590.47619,1129311.111111,true,revenue growth positive; net margin non-positive; positive FCF flag false,3m return positive; 12m return positive; trend flag true,balance-sheet leverage not elevated; 12m drawdown within tracked range,Prepared for future scoring; no recommendation language or ranking emitted.,False,False,False,v2.38J-us-candidate-feature-matrix
U00563,CDNL,Cardinal Infrastructure Group Inc. - Class A Common Stock,NASDAQ,0002079999,fundamental_and_price,CANDIDATE_MATRIX_PARTIAL_PRICE,FEATURES_PARTIAL,PRICE_FEATURES_PARTIAL,medium,price_features_missing_or_partial,,,,,,,0.64637,,,false,false,false,-0.445644,-0.427556,0.124722,,1.186051,1.0266,-0.632489,,-0.415762,,,false,false,false,false,831500.0,779211.111111,true,positive FCF flag false,3m return non-positive; trend flag false,balance-sheet leverage not elevated,Prepared for future scoring; no recommendation language or ranking emitted.,False,False,False,v2.38J-us-candidate-feature-matrix
U00564,CDNS,"Cadence Design Systems, Inc. - Common Stock",NASDAQ,0000813672,fundamental_and_price,CANDIDATE_MATRIX_READY,FEATURES_READY,PRICE_FEATURES_READY,high,,0.141232,,,,0.209352,0.2996,,,,true,true,false,-0.099671,-0.248358,0.00406,-0.105423,0.415855,0.430495,-0.263503,-0.288481,-0.109821,-0.062954,0.052649,false,false,false,false,2085276.190476,2337815.873016,true,revenue growth positive; net margin positive; positive FCF flag true,3m return non-positive; 12m return non-positive; trend flag false,12m drawdown within tracked range,Prepared for future scoring; no recommendation language or ranking emitted.,False,False,False,v2.38J-us-candidate-feature-matrix
U00566,CDT,CDT Equity Inc. - Common Stock,NASDAQ,0001896212,fundamental_and_price,CANDIDATE_MATRIX_PARTIAL_FUNDAMENTALS,FEATURES_PARTIAL,PRICE_FEATURES_READY,medium,fundamental_features_missing_or_partial,,,,,,,2.269027,,,false,false,true,-0.710191,0.130435,-0.948588,-0.996579,20.935827,14.873347,-0.981723,-0.998696,-0.542042,-0.940131,-0.869269,false,false,false,false,299285.714286,6204195.238095,true,positive FCF flag false,3m return positive; 12m return non-positive; trend flag false,balance-sheet leverage elevated; 12m drawdown severe,Prepared for future scoring; no recommendation language or ranking emitted.,False,False,False,v2.38J-us-candidate-feature-matrix
U00567,CDTG,CDT Environmental Technology Investment Holdings Limited - ordinary shares,NASDAQ,0001793895,fundamental_and_price,CANDIDATE_MATRIX_READY,FEATURES_READY,PRICE_FEATURES_READY,high,,-0.38768,,,,-0.559494,-0.081927,0.65536,,,false,false,false,-0.176923,-0.861039,-0.878486,-0.933701,2.552714,2.1123,-0.923685,-0.969127,-0.379894,-0.853401,-0.76359,false,false,false,false,7302561.904762,2750049.206349,true,revenue growth non-positive; net margin non-positive; positive FCF flag false,3m return non-positive; 12m return non-positive; trend flag false,balance-sheet leverage not elevated; 12m drawdown severe,Prepared for future scoring; no recommendation language or ranking emitted.,False,False,False,v2.38J-us-candidate-feature-matrix
U00568,CDW,CDW Corporation - Common Stock,NASDAQ,0001402057,fundamental_and_price,CANDIDATE_MATRIX_READY,FEATURES_READY,PRICE_FEATURES_READY,high,,0.06788,,,,0.047565,0.048524,,,,true,true,false,-0.03461,0.082811,0.190598,-0.083811,0.47704,0.537626,-0.302864,-0.418516,0.069619,0.129179,0.055683,true,false,false,false,1928852.380952,1934058.730159,true,revenue growth positive; net margin positive; positive FCF flag true,3m return positive; 12m return non-positive; trend flag true,12m drawdown within tracked range,Prepared for future scoring; no recommendation language or ranking emitted.,False,False,False,v2.38J-us-candidate-feature-matrix
U00569,CDXS,"Codexis, Inc. - Common Stock",NASDAQ,0001200375,fundamental_and_price,CANDIDATE_MATRIX_READY,FEATURES_READY,PRICE_FEATURES_READY,high,,0.186065,,,,-0.624746,-0.338798,0.658119,,,false,true,false,0.034965,-0.455882,0.37037,-0.410359,0.835033,0.972945,-0.508772,-0.644928,-0.207963,-0.214646,-0.008437,false,false,false,false,1135642.857143,1158412.698413,true,revenue growth positive; net margin non-positive; positive FCF flag false,3m return non-positive; 12m return non-positive; trend flag false,balance-sheet leverage not elevated; 12m drawdown severe,Prepared for future scoring; no recommendation language or ranking emitted.,False,False,False,v2.38J-us-candidate-feature-matrix
U00570,CDZI,"Cadiz, Inc. - Common Stock",NASDAQ,0000727273,fundamental_and_price,CANDIDATE_MATRIX_READY,FEATURES_READY,PRICE_FEATURES_READY,high,,0.697856,,,,-2.093484,-1.624839,0.834963,,,false,true,true,0.279874,-0.103524,-0.273214,0.136872,0.703687,0.636452,-0.448148,-0.569364,0.124496,-0.143645,-0.238454,false,false,false,false,813752.380952,986831.746032,true,revenue growth positive; net margin non-positive; positive FCF flag false,3m return non-positive; 12m return positive; trend flag false,balance-sheet leverage elevated; 12m drawdown severe,Prepared for future scoring; no recommendation language or ranking emitted.,False,False,False,v2.38J-us-candidate-feature-matrix
U00571,CECO,CECO Environmental Corp. - Common Stock,NASDAQ,0000003197,fundamental_and_price,CANDIDATE_MATRIX_READY,FEATURES_READY,PRICE_FEATURES_READY,high,,0.387946,,,,0.064634,-0.007079,0.638405,,,true,true,false,0.011954,-0.105197,0.28103,0.56217,0.687291,0.689941,-0.399819,-0.399819,-0.075225,0.016065,0.098717,false,false,false,false,825380.952381,887347.619048,true,revenue growth positive; net margin positive; positive FCF flag false,3m return non-positive; 12m return positive; trend flag false,balance-sheet leverage not elevated; 12m drawdown within tracked range,Prepared for future scoring; no recommendation language or ranking emitted.,False,False,False,v2.38J-us-candidate-feature-matrix
U00572,CEG,Constellation Energy Corporation - Common Stock When-Issued,NASDAQ,0001868275,fundamental_and_price,CANDIDATE_MATRIX_READY,FEATURES_READY,PRICE_FEATURES_READY,high,,0.195054,,,,0.102325,0.056833,0.740554,,,true,true,false,0.085276,0.085317,-0.101626,-0.055829,0.356027,0.45242,-0.287801,-0.414532,0.092545,-0.022866,-0.105635,false,true,false,false,2553190.47619,3136133.333333,true,revenue growth positive; net margin positive; positive FCF flag true,3m return positive; 12m return non-positive; trend flag false,balance-sheet leverage not elevated; 12m drawdown within tracked range,Prepared for future scoring; no recommendation language or ranking emitted.,False,False,False,v2.38J-us-candidate-feature-matrix
U00573,CELC,Celcuity Inc. - Common Stock,NASDAQ,0001603454,fundamental_and_price,CANDIDATE_MATRIX_PARTIAL_FUNDAMENTALS,FEATURES_PARTIAL,PRICE_FEATURES_READY,medium,fundamental_features_missing_or_partial,,,,,,,0.784475,,,false,false,true,0.040112,0.081506,-0.14245,0.795446,0.650027,0.752292,-0.432542,-0.432542,0.018815,-0.093513,-0.110254,false,false,false,false,781366.666667,1330804.761905,true,positive FCF flag false,3m return positive; 12m return positive; trend flag false,balance-sheet leverage elevated; 12m drawdown within tracked range,Prepared for future scoring; no recommendation language or ranking emitted.,False,False,False,v2.38J-us-candidate-feature-matrix
U00574,CELH,"Celsius Holdings, Inc. - Common Stock",NASDAQ,0001341766,fundamental_and_price,CANDIDATE_MATRIX_READY,FEATURES_READY,PRICE_FEATURES_READY,high,,0.855424,,,,0.042937,0.128565,0.425457,,,true,true,false,0.059242,0.042652,-0.313364,-0.490474,0.721331,0.6405,-0.480096,-0.633518,0.039901,-0.17309,-0.204818,false,false,false,false,12807538.095238,10035885.714286,true,revenue growth positive; net margin positive; positive FCF flag true,3m return positive; 12m return non-positive; trend flag false,balance-sheet leverage not elevated; 12m drawdown severe,Prepared for future scoring; no recommendation language or ranking emitted.,False,False,False,v2.38J-us-candidate-feature-matrix
U00575,CELU,Celularity Inc. - Class A Common Stock,NASDAQ,0001752828,fundamental_and_price,CANDIDATE_MATRIX_READY,FEATURES_READY,PRICE_FEATURES_READY,high,,-0.510328,,,,-3.454463,-0.505273,1.354629,,,false,false,true,1.645804,0.823529,0.488,-0.270588,3.012956,2.182957,-0.572857,-0.76549,1.224827,0.635905,-0.264704,false,false,false,true,11599147.619048,3944896.825397,true,revenue growth non-positive; net margin non-positive; positive FCF flag false,3m return positive; 12m return non-positive; trend flag false,balance-sheet leverage elevated; 12m drawdown severe,Prepared for future scoring; no recommendation language or ranking emitted.,False,False,False,v2.38J-us-candidate-feature-matrix
U00576,CELZ,"Creative Medical Technology Holdings, Inc. - Common Stock",NASDAQ,0001187953,fundamental_and_price,CANDIDATE_MATRIX_PARTIAL_FUNDAMENTALS,FEATURES_PARTIAL,PRICE_FEATURES_READY,medium,fundamental_features_missing_or_partial,-0.454545,,,,-999.168,,0.036479,,,false,false,false,0.721511,-0.486364,-0.392473,-0.647975,2.593734,1.859182,-0.735142,-0.88297,0.067724,-0.396368,-0.434655,false,false,false,false,19227252.380952,9667320.634921,true,revenue growth non-positive; net margin non-positive; positive FCF flag false,3m return non-positive; 12m return non-positive; trend flag false,balance-sheet leverage not elevated; 12m drawdown severe,Prepared for future scoring; no recommendation language or ranking emitted.,False,False,False,v2.38J-us-candidate-feature-matrix
U00577,CENN,Cenntro Inc. - Common Stock,NASDAQ,0001707919,fundamental_and_price,CANDIDATE_MATRIX_PARTIAL_FUNDAMENTALS,FEATURES_PARTIAL,PRICE_FEATURES_READY,medium,fundamental_features_missing_or_partial,-0.422311,,,,-4.036567,,0.457465,,,false,false,false,0.143275,-0.105263,-0.452381,-0.874848,0.677611,0.836245,-0.578042,-0.917482,0.095469,-0.353051,-0.409432,false,false,false,false,14957.142857,11809.52381,true,revenue growth non-positive; net margin non-positive; positive FCF flag false,3m return non-positive; 12m return non-positive; trend flag false,balance-sheet leverage not elevated; 12m drawdown severe,Prepared for future scoring; no recommendation language or ranking emitted.,False,False,False,v2.38J-us-candidate-feature-matrix
U00578,CENT,Central Garden & Pet Company - Common Stock,NASDAQ,0000887733,fundamental_and_price,CANDIDATE_MATRIX_READY,FEATURES_READY,PRICE_FEATURES_READY,high,,-0.022308,,,,0.052042,0.093027,,,,true,false,false,-0.039483,0.120434,0.101483,0.147465,0.284761,0.268639,-0.094972,-0.22987,-0.033429,0.109629,0.148006,false,false,true,false,133457.142857,101426.984127,true,revenue growth non-positive; net margin positive; positive FCF flag true,3m return positive; 12m return positive; trend flag false,12m drawdown within tracked range,Prepared for future scoring; no recommendation language or ranking emitted.,False,False,False,v2.38J-us-candidate-feature-matrix
U00579,CENTA,Central Garden & Pet Company - Class A Common Stock Nonvoting,NASDAQ,0000887733,fundamental_and_price,CANDIDATE_MATRIX_READY,FEATURES_READY,PRICE_FEATURES_READY,high,,-0.022308,,,,0.052042,0.093027,,,,true,false,false,-0.052005,0.096678,0.088856,0.093079,0.273928,0.251288,-0.102956,-0.230747,-0.04133,0.081648,0.128279,false,false,true,false,332176.190476,346700.0,true,revenue growth non-positive; net margin positive; positive FCF flag true,3m return positive; 12m return positive; trend flag false,12m drawdown within tracked range,Prepared for future scoring; no recommendation language or ranking emitted.,False,False,False,v2.38J-us-candidate-feature-matrix
U00580,CENX,Century Aluminum Company - Common Stock,NASDAQ,0000949157,fundamental_and_price,CANDIDATE_MATRIX_READY,FEATURES_READY,PRICE_FEATURES_READY,high,,0.13854,,,,0.016535,0.033546,,,,true,true,false,0.003396,-0.294749,-0.115104,1.179806,0.605144,0.632305,-0.396539,-0.396539,0.037538,-0.041358,-0.076042,false,false,false,false,2244138.095238,2179271.428571,true,revenue growth positive; net margin positive; positive FCF flag true,3m return non-positive; 12m return positive; trend flag false,12m drawdown within tracked range,Prepared for future scoring; no recommendation language or ranking emitted.,False,False,False,v2.38J-us-candidate-feature-matrix
U00581,CEPF,"Cantor Equity Partners IV, Inc. - Class A Ordinary Shares",NASDAQ,0002034267,fundamental_and_price,CANDIDATE_MATRIX_PARTIAL_FUNDAMENTALS,FEATURES_PARTIAL,PRICE_FEATURES_READY,medium,fundamental_features_missing_or_partial,,,,,,,0.000209,,,false,false,false,-0.001921,0.006198,0.000481,0.028713,0.03628,0.036962,-0.025,-0.045198,-0.00166,0.004332,0.006003,false,false,true,false,37572.0,34766.857143,true,positive FCF flag false,3m return positive; 12m return positive; trend flag false,balance-sheet leverage not elevated; 12m drawdown within tracked range,Prepared for future scoring; no recommendation language or ranking emitted.,False,False,False,v2.38J-us-candidate-feature-matrix
U00582,CEPO,"Cantor Equity Partners I, Inc. - Class A Ordinary Shares",NASDAQ,0002027708,fundamental_and_price,CANDIDATE_MATRIX_PARTIAL_FUNDAMENTALS,FEATURES_PARTIAL,PRICE_FEATURES_READY,medium,fundamental_features_missing_or_partial,,,,,,,0.067382,,,false,false,false,0.010329,0.014616,0.026718,0.033622,0.515588,0.363435,-0.170113,-0.170113,0.014203,0.021738,0.00743,true,false,true,false,325533.333333,192307.936508,true,positive FCF flag false,3m return positive; 12m return positive; trend flag true,balance-sheet leverage not elevated; 12m drawdown within tracked range,Prepared for future scoring; no recommendation language or ranking emitted.,False,False,False,v2.38J-us-candidate-feature-matrix
U00583,CEPS,"Cantor Equity Partners VI, Inc. - Class A Ordinary Shares",NASDAQ,0002089536,fundamental_and_price,CANDIDATE_MATRIX_PARTIAL_PRICE,FEATURES_PARTIAL,PRICE_FEATURES_PARTIAL,medium,price_features_missing_or_partial,,,,,,,1.45055,,,false,false,true,-0.003846,0.005825,0.021696,,0.078681,0.061853,-0.024272,,-0.002772,,,false,false,true,false,20909.52381,11447.619048,true,positive FCF flag false,3m return positive; trend flag false,balance-sheet leverage elevated,Prepared for future scoring; no recommendation language or ranking emitted.,False,False,False,v2.38J-us-candidate-feature-matrix
U00584,CEPV,"Cantor Equity Partners V, Inc. - Class A Ordinary Shares",NASDAQ,0002034266,fundamental_and_price,CANDIDATE_MATRIX_PARTIAL_PRICE,FEATURES_PARTIAL,PRICE_FEATURES_PARTIAL,medium,price_features_missing_or_partial,,,,,,,0.000362,,,false,false,false,0.000964,0.007767,0.02266,,0.032322,0.029744,-0.007656,,-0.001545,0.011975,0.013541,false,false,true,false,3100.0,41247.619048,true,positive FCF flag false,3m return positive; trend flag false,balance-sheet leverage not elevated,Prepared for future scoring; no recommendation language or ranking emitted.,False,False,False,v2.38J-us-candidate-feature-matrix
U00585,CERS,Cerus Corporation - Common Stock,NASDAQ,0001020214,fundamental_and_price,CANDIDATE_MATRIX_READY,FEATURES_READY,PRICE_FEATURES_READY,high,,0.161319,,,,-0.06684,0.004739,0.707179,,,true,true,false,0.187215,-0.022556,0.160714,1.047244,0.722064,0.816638,-0.344512,-0.383212,-0.081402,0.102676,0.20039,false,false,false,false,2183471.428571,2601601.587302,true,revenue growth positive; net margin non-positive; positive FCF flag true,3m return non-positive; 12m return positive; trend flag false,balance-sheet leverage not elevated; 12m drawdown within tracked range,Prepared for future scoring; no recommendation language or ranking emitted.,False,False,False,v2.38J-us-candidate-feature-matrix
U00586,CERT,"Certara, Inc. - Common Stock",NASDAQ,0001827090,fundamental_and_price,CANDIDATE_MATRIX_READY,FEATURES_READY,PRICE_FEATURES_READY,high,,0.087473,,,,-0.003808,0.225779,0.317225,,,true,true,false,0.061538,0.478571,0.126531,-0.223265,0.606123,0.624125,-0.373427,-0.670588,0.102853,0.146298,0.039394,true,false,false,true,2647095.238095,3940149.206349,true,revenue growth positive; net margin non-positive; positive FCF flag true,3m return positive; 12m return non-positive; trend flag true,balance-sheet leverage not elevated; 12m drawdown severe,Prepared for future scoring; no recommendation language or ranking emitted.,False,False,False,v2.38J-us-candidate-feature-matrix
U00587,CETX,Cemtrex Inc. - Common Stock,NASDAQ,0001435064,fundamental_and_price,CANDIDATE_MATRIX_READY,FEATURES_READY,PRICE_FEATURES_READY,high,,0.143937,,,,-0.367539,-0.02317,0.817582,,,false,true,true,-0.109541,-0.575042,-0.757692,-0.983846,0.819579,1.436579,-0.808527,-0.983696,-0.101924,-0.797404,-0.774411,false,false,false,false,32685.714286,513351.587302,true,revenue growth positive; net margin non-positive; positive FCF flag false,3m return non-positive; 12m return non-positive; trend flag false,balance-sheet leverage elevated; 12m drawdown severe,Prepared for future scoring; no recommendation language or ranking emitted.,False,False,False,v2.38J-us-candidate-feature-matrix
U00588,CETY,"Clean Energy Technologies, Inc. - Common Stock",NASDAQ,0001329606,fundamental_and_price,CANDIDATE_MATRIX_READY,FEATURES_READY,PRICE_FEATURES_READY,high,,-0.108482,,,,-3.149895,-3.67086,0.496741,,,false,false,false,0.21978,0.447197,0.121212,-0.695473,0.754552,0.953238,-0.387963,-0.900215,0.200156,0.263072,0.052423,true,true,false,true,25638.095238,46198.412698,true,revenue growth non-positive; net margin non-positive; positive FCF flag false,3m return positive; 12m return non-positive; trend flag true,balance-sheet leverage not elevated; 12m drawdown severe,Prepared for future scoring; no recommendation language or ranking emitted.,False,False,False,v2.38J-us-candidate-feature-matrix
U00589,CEVA,"CEVA, Inc. - Common Stock",NASDAQ,0001173489,fundamental_and_price,CANDIDATE_MATRIX_PARTIAL_FUNDAMENTALS,FEATURES_PARTIAL,PRICE_FEATURES_READY,medium,fundamental_features_missing_or_partial,,,,,,,,,,false,false,false,-0.275262,-0.475629,0.277994,0.202474,0.958743,0.881289,-0.476029,-0.476029,-0.267394,-0.08387,0.250508,false,false,false,false,950214.285714,848353.968254,true,positive FCF flag false,3m return non-positive; 12m return positive; trend flag false,12m drawdown within tracked range,Prepared for future scoring; no recommendation language or ranking emitted.,False,False,False,v2.38J-us-candidate-feature-matrix
U00590,CFBK,CF Bankshares Inc. - Common Stock,NASDAQ,0001070680,fundamental_and_price,CANDIDATE_MATRIX_READY,FEATURES_READY,PRICE_FEATURES_READY,high,,,,,,,,0.912897,,,false,false,true,-0.015169,0.235813,0.157478,0.43102,0.242023,0.242495,-0.104153,-0.196938,0.032847,0.188777,0.150971,true,false,true,false,46033.333333,74347.619048,true,positive FCF flag true,3m return positive; 12m return positive; trend flag true,balance-sheet leverage elevated; 12m drawdown within tracked range,Prepared for future scoring; no recommendation language or ranking emitted.,False,False,False,v2.38J-us-candidate-feature-matrix
U00591,CFFI,C&F Financial Corporation - Common Stock,NASDAQ,0000913341,fundamental_and_price,CANDIDATE_MATRIX_READY,FEATURES_READY,PRICE_FEATURES_READY,high,,0.106258,,,,0.190534,0.157348,0.905238,,,true,true,true,0.089298,0.301648,0.226044,0.292831,0.396494,0.368237,-0.106853,-0.135572,0.091094,0.202326,0.101945,true,false,true,false,64100.0,26100.0,true,revenue growth positive; net margin positive; positive FCF flag true,3m return positive; 12m return positive; trend flag true,balance-sheet leverage elevated; 12m drawdown within tracked range,Prepared for future scoring; no recommendation language or ranking emitted.,False,False,False,v2.38J-us-candidate-feature-matrix
U00592,CFFN,"Capitol Federal Financial, Inc. - Common Stock",NASDAQ,0001490906,fundamental_and_price,CANDIDATE_MATRIX_READY,FEATURES_READY,PRICE_FEATURES_READY,high,,0.065359,,,,4.173313,3.057607,0.892861,,,true,true,true,-0.054407,0.14042,0.201936,0.353583,0.189207,0.20226,-0.07617,-0.105943,0.005136,0.139478,0.133656,true,false,true,false,758842.857143,818750.793651,true,revenue growth positive; net margin positive; positive FCF flag true,3m return positive; 12m return positive; trend flag true,balance-sheet leverage elevated; 12m drawdown within tracked range,Prepared for future scoring; no recommendation language or ranking emitted.,False,False,False,v2.38J-us-candidate-feature-matrix
U00593,CG,The Carlyle Group Inc. - Common Stock,NASDAQ,0001527166,fundamental_and_price,CANDIDATE_MATRIX_READY,FEATURES_READY,PRICE_FEATURES_READY,high,,-0.119061,,,,0.169191,-0.706076,0.757621,,,true,false,true,-0.069115,0.116004,-0.102095,-0.268353,0.37518,0.366504,-0.230828,-0.415717,0.01816,-0.075062,-0.09156,false,false,false,false,4009738.095238,3675073.015873,true,revenue growth non-positive; net margin positive; positive FCF flag false,3m return positive; 12m return non-positive; trend flag false,balance-sheet leverage elevated; 12m drawdown within tracked range,Prepared for future scoring; no recommendation language or ranking emitted.,False,False,False,v2.38J-us-candidate-feature-matrix
U00595,CGC,Canopy Growth Corporation - Common Shares,NASDAQ,0001737927,fundamental_and_price,CANDIDATE_MATRIX_PARTIAL_FUNDAMENTALS,FEATURES_PARTIAL,PRICE_FEATURES_READY,medium,fundamental_features_missing_or_partial,,,,,,,,,,false,false,false,0.039742,-0.069231,-0.103704,-0.350336,0.369908,0.576029,-0.355797,-0.553646,0.001821,-0.107682,-0.109304,false,false,false,false,4014271.428571,4275801.587302,true,positive FCF flag false,3m return non-positive; 12m return non-positive; trend flag false,12m drawdown severe,Prepared for future scoring; no recommendation language or ranking emitted.,False,False,False,v2.38J-us-candidate-feature-matrix
U00596,CGEM,"Cullinan Therapeutics, Inc. - Common Stock",NASDAQ,0001789972,fundamental_and_price,CANDIDATE_MATRIX_PARTIAL_FUNDAMENTALS,FEATURES_PARTIAL,PRICE_FEATURES_READY,medium,fundamental_features_missing_or_partial,,,,,,,0.088417,,,false,false,false,0.272365,0.468113,0.369939,1.981308,0.654411,0.650251,-0.267032,-0.267032,0.17778,0.541268,0.308621,true,false,true,true,700766.666667,899484.126984,true,positive FCF flag false,3m return positive; 12m return positive; trend flag true,balance-sheet leverage not elevated; 12m drawdown within tracked range,Prepared for future scoring; no recommendation language or ranking emitted.,False,False,False,v2.38J-us-candidate-feature-matrix
U00597,CGEN,Compugen Ltd. - Ordinary Shares,NASDAQ,0001119774,fundamental_and_price,CANDIDATE_MATRIX_READY,FEATURES_READY,PRICE_FEATURES_READY,high,,1.611398,,,,0.485721,0.430543,,,,true,true,false,0.105042,0.200913,0.228972,0.839161,0.529079,0.584275,-0.367742,-0.367742,0.099131,0.215735,0.106088,true,false,false,true,324176.190476,300676.190476,true,revenue growth positive; net margin positive; positive FCF flag true,3m return positive; 12m return positive; trend flag true,12m drawdown within tracked range,Prepared for future scoring; no recommendation language or ranking emitted.,False,False,False,v2.38J-us-candidate-feature-matrix
U00598,CGNT,Cognyte Software Ltd. - Ordinary Shares,NASDAQ,0001824814,fundamental_and_price,CANDIDATE_MATRIX_PARTIAL_FUNDAMENTALS,FEATURES_PARTIAL,PRICE_FEATURES_READY,medium,fundamental_features_missing_or_partial,,,,,-0.001595,0.07483,0.560779,,,true,false,false,-0.094624,-0.087757,0.028083,-0.045351,0.355187,0.566811,-0.349673,-0.357649,-0.044875,-0.052175,-0.007643,false,false,false,false,569166.666667,628406.349206,true,net margin non-positive; positive FCF flag true,3m return non-positive; 12m return non-positive; trend flag false,balance-sheet leverage not elevated; 12m drawdown within tracked range,Prepared for future scoring; no recommendation language or ranking emitted.,False,False,False,v2.38J-us-candidate-feature-matrix
U00599,CGNX,Cognex Corporation - Common Stock,NASDAQ,0000851205,fundamental_and_price,CANDIDATE_MATRIX_READY,FEATURES_READY,PRICE_FEATURES_READY,high,,0.087307,,,,0.115091,0.238114,0.260173,,,true,true,false,-0.161913,-0.092643,0.127327,0.353964,0.540034,0.487387,-0.201602,-0.280248,-0.064321,0.124916,0.202245,false,false,false,false,2249571.428571,2192788.888889,true,revenue growth positive; net margin positive; positive FCF flag true,3m return non-positive; 12m return positive; trend flag false,balance-sheet leverage not elevated; 12m drawdown within tracked range,Prepared for future scoring; no recommendation language or ranking emitted.,False,False,False,v2.38J-us-candidate-feature-matrix
U00601,CGON,"CG Oncology, Inc. - Common stock",NASDAQ,0001991792,fundamental_and_price,CANDIDATE_MATRIX_PARTIAL_FUNDAMENTALS,FEATURES_PARTIAL,PRICE_FEATURES_READY,medium,fundamental_features_missing_or_partial,,,,,,,0.049255,,,false,false,false,0.044678,0.370636,0.211467,1.716315,0.494774,0.488807,-0.274054,-0.274054,0.014711,0.227493,0.209697,true,false,true,true,746071.428571,970598.412698,true,positive FCF flag false,3m return positive; 12m return positive; trend flag true,balance-sheet leverage not elevated; 12m drawdown within tracked range,Prepared for future scoring; no recommendation language or ranking emitted.,False,False,False,v2.38J-us-candidate-feature-matrix
U00602,CGTL,Creative Global Technology Holdings Limited - Class A Ordinary Shares,NASDAQ,0001967822,fundamental_and_price,CANDIDATE_MATRIX_READY,FEATURES_READY,PRICE_FEATURES_READY,high,,-0.406094,,,,-0.632138,-0.228351,0.013749,,,false,false,false,0.08802,11.059621,1.458564,7.032491,24.344768,17.419672,-0.831515,-0.946538,0.161552,1.148388,0.849584,true,false,false,true,949052.380952,4672760.428571,true,revenue growth non-positive; net margin non-positive; positive FCF flag false,3m return positive; 12m return positive; trend flag true,balance-sheet leverage not elevated; 12m drawdown severe,Prepared for future scoring; no recommendation language or ranking emitted.,False,False,False,v2.38J-us-candidate-feature-matrix
U00603,CGTX,"Cognition Therapeutics, Inc. - Common Stock",NASDAQ,0001455365,fundamental_and_price,CANDIDATE_MATRIX_PARTIAL_FUNDAMENTALS,FEATURES_PARTIAL,PRICE_FEATURES_READY,medium,fundamental_features_missing_or_partial,,,,,,,0.291775,,,false,false,false,0.064909,-0.260563,-0.009434,-0.567901,1.069625,1.157846,-0.482609,-0.772031,0.030665,-0.123104,-0.149193,false,false,false,false,527461.904762,1215446.031746,true,positive FCF flag false,3m return non-positive; 12m return non-positive; trend flag false,balance-sheet leverage not elevated; 12m drawdown severe,Prepared for future scoring; no recommendation language or ranking emitted.,False,False,False,v2.38J-us-candidate-feature-matrix
U00604,CHAI,"Core AI Holdings, Inc. - Common Shares",NASDAQ,0001649009,fundamental_and_price,CANDIDATE_MATRIX_PARTIAL_FUNDAMENTALS,FEATURES_PARTIAL,PRICE_FEATURES_READY,medium,fundamental_features_missing_or_partial,,,,,-0.571894,,0.768625,,,false,false,true,-0.149733,-0.66242,-0.829947,-0.973411,3.101546,2.299831,-0.867188,-0.980202,-0.254466,-0.760616,-0.678909,false,false,false,false,15560290.47619,14055365.079365,true,net margin non-positive; positive FCF flag false,3m return non-positive; 12m return non-positive; trend flag false,balance-sheet leverage elevated; 12m drawdown severe,Prepared for future scoring; no recommendation language or ranking emitted.,False,False,False,v2.38J-us-candidate-feature-matrix
U00606,CHCI,"Comstock Holding Companies, Inc. - Class A Common Stock",NASDAQ,0001299969,fundamental_and_price,CANDIDATE_MATRIX_READY,FEATURES_READY,PRICE_FEATURES_READY,high,,0.225504,,,,0.271249,,0.176502,,,true,true,false,0.306789,0.28087,0.73634,0.300845,0.581338,0.673413,-0.289892,-0.442349,0.220479,0.361326,0.115403,true,false,true,true,35557.142857,35636.507937,true,revenue growth positive; net margin positive; positive FCF flag false,3m return positive; 12m return positive; trend flag true,balance-sheet leverage not elevated; 12m drawdown within tracked range,Prepared for future scoring; no recommendation language or ranking emitted.,False,False,False,v2.38J-us-candidate-feature-matrix
U00607,CHCO,City Holding Company - Common Stock,NASDAQ,0000726854,fundamental_and_price,CANDIDATE_MATRIX_READY,FEATURES_READY,PRICE_FEATURES_READY,high,,,,,,,,0.879548,,,false,false,true,-0.011871,0.165426,0.186161,0.125616,0.176784,0.171968,-0.052693,-0.103957,0.02593,0.129219,0.100678,true,false,true,false,93871.428571,131401.587302,true,positive FCF flag true,3m return positive; 12m return positive; trend flag true,balance-sheet leverage elevated; 12m drawdown within tracked range,Prepared for future scoring; no recommendation language or ranking emitted.,False,False,False,v2.38J-us-candidate-feature-matrix
U00608,CHDN,"Churchill Downs, Incorporated - Common Stock",NASDAQ,0000020212,fundamental_and_price,CANDIDATE_MATRIX_PARTIAL_FUNDAMENTALS,FEATURES_PARTIAL,PRICE_FEATURES_READY,medium,fundamental_features_missing_or_partial,0.070073,,,,0.1309,,0.858935,,,true,true,true,0.044874,0.036977,-0.0173,-0.126286,0.355373,0.385707,-0.191137,-0.301471,0.022261,-0.053356,-0.07397,false,false,false,false,915128.571429,1013566.666667,true,revenue growth positive; net margin positive; positive FCF flag false,3m return positive; 12m return non-positive; trend flag false,balance-sheet leverage elevated; 12m drawdown within tracked range,Prepared for future scoring; no recommendation language or ranking emitted.,False,False,False,v2.38J-us-candidate-feature-matrix
U00610,CHEF,"The Chefs' Warehouse, Inc. - Common Stock",NASDAQ,0001517175,fundamental_and_price,CANDIDATE_MATRIX_READY,FEATURES_READY,PRICE_FEATURES_READY,high,,0.093649,,,,0.017438,,0.702018,,,true,true,false,0.030994,0.460033,0.814299,0.756698,0.364457,0.415026,-0.108514,-0.204887,0.091259,0.474602,0.351286,true,false,true,false,681561.904762,641398.412698,true,revenue growth positive; net margin positive; positive FCF flag false,3m return positive; 12m return positive; trend flag true,balance-sheet leverage not elevated; 12m drawdown within tracked range,Prepared for future scoring; no recommendation language or ranking emitted.,False,False,False,v2.38J-us-candidate-feature-matrix
U00612,CHKP,Check Point Software Technologies Ltd. - Ordinary Shares,NASDAQ,0001015922,fundamental_and_price,CANDIDATE_MATRIX_READY,FEATURES_READY,PRICE_FEATURES_READY,high,,0.062534,,,,0.387796,0.430322,0.630803,,,true,true,false,0.080455,-0.013193,-0.152809,-0.295909,0.392463,0.468027,-0.319271,-0.45643,0.016527,-0.115942,-0.130315,false,false,false,false,877947.619048,1188615.873016,true,revenue growth positive; net margin positive; positive FCF flag true,3m return non-positive; 12m return non-positive; trend flag false,balance-sheet leverage not elevated; 12m drawdown within tracked range,Prepared for future scoring; no recommendation language or ranking emitted.,False,False,False,v2.38J-us-candidate-feature-matrix
U00613,CHMG,Chemung Financial Corp - Common Stock,NASDAQ,0000763563,fundamental_and_price,CANDIDATE_MATRIX_READY,FEATURES_READY,PRICE_FEATURES_READY,high,,,,,,,,0.90602,,,false,false,true,0.018575,0.242595,0.475295,0.567345,0.29033,0.313162,-0.073237,-0.211538,0.059493,0.296619,0.22381,true,false,true,false,53223.809524,57852.380952,true,positive FCF flag true,3m return positive; 12m return positive; trend flag true,balance-sheet leverage elevated; 12m drawdown within tracked range,Prepared for future scoring; no recommendation language or ranking emitted.,False,False,False,v2.38J-us-candidate-feature-matrix
U00616,CHR,"Cheer Holding, Inc. - Class A Ordinary Share",NASDAQ,0001738758,fundamental_and_price,CANDIDATE_MATRIX_READY,FEATURES_READY,PRICE_FEATURES_READY,high,,0.011135,,,,0.172117,0.120523,0.079472,,,true,true,false,-0.101523,-0.374558,-0.495726,-0.989828,0.835198,1.065977,-0.556522,-0.9915,-0.057307,-0.43781,-0.403634,false,false,false,false,36876.190476,148504.761905,true,revenue growth positive; net margin positive; positive FCF flag true,3m return non-positive; 12m return non-positive; trend flag false,balance-sheet leverage not elevated; 12m drawdown severe,Prepared for future scoring; no recommendation language or ranking emitted.,False,False,False,v2.38J-us-candidate-feature-matrix
U00617,CHRD,Chord Energy Corporation - Common Stock,NASDAQ,0001486159,fundamental_and_price,CANDIDATE_MATRIX_READY,FEATURES_READY,PRICE_FEATURES_READY,high,,-0.071215,,,,0.009116,,0.381996,,,true,false,false,0.092702,0.063718,0.312105,0.339722,0.421154,0.43246,-0.254327,-0.254327,0.129066,0.241931,0.099964,true,false,true,false,738671.428571,796071.428571,true,revenue growth non-positive; net margin positive; positive FCF flag false,3m return positive; 12m return positive; trend flag true,balance-sheet leverage not elevated; 12m drawdown within tracked range,Prepared for future scoring; no recommendation language or ranking emitted.,False,False,False,v2.38J-us-candidate-feature-matrix
U00618,CHRN,ChronoScale Holdings Corporation - Common Stock,NASDAQ,0001549084,fundamental_and_price,CANDIDATE_MATRIX_PARTIAL_FUNDAMENTALS,FEATURES_PARTIAL,PRICE_FEATURES_READY,medium,fundamental_features_missing_or_partial,,,,,-0.702754,,0.441388,,,false,false,false,-0.222495,-0.001576,0.783302,3.812658,1.431945,1.222388,-0.403982,-0.403982,-0.121834,0.41333,0.609412,false,false,false,false,167152.380952,300769.84127,true,net margin non-positive; positive FCF flag false,3m return non-positive; 12m return positive; trend flag false,balance-sheet leverage not elevated; 12m drawdown within tracked range,Prepared for future scoring; no recommendation language or ranking emitted.,False,False,False,v2.38J-us-candidate-feature-matrix
U00619,CHRS,"Coherus Oncology, Inc. - Common Stock",NASDAQ,0001512762,fundamental_and_price,CANDIDATE_MATRIX_PARTIAL_FUNDAMENTALS,FEATURES_PARTIAL,PRICE_FEATURES_READY,medium,fundamental_features_missing_or_partial,,,,,,,0.763826,,,false,false,true,-0.040541,-0.034014,-0.193182,0.193277,0.700144,0.679568,-0.427136,-0.545817,0.008451,-0.095325,-0.102907,false,false,false,false,1347338.095238,992152.380952,true,positive FCF flag false,3m return non-positive; 12m return positive; trend flag false,balance-sheet leverage elevated; 12m drawdown severe,Prepared for future scoring; no recommendation language or ranking emitted.,False,False,False,v2.38J-us-candidate-feature-matrix
U00620,CHRW,"C.H. Robinson Worldwide, Inc. - Common Stock",NASDAQ,0001043277,fundamental_and_price,CANDIDATE_MATRIX_READY,FEATURES_READY,PRICE_FEATURES_READY,high,,-0.084186,,,,0.036166,0.055129,0.635131,,,true,false,false,-0.061712,-0.196636,-0.235266,0.126542,0.497208,0.447579,-0.323704,-0.323704,-0.143146,-0.159625,-0.019232,false,false,false,false,1346709.52381,1735269.84127,true,revenue growth non-positive; net margin positive; positive FCF flag true,3m return non-positive; 12m return positive; trend flag false,balance-sheet leverage not elevated; 12m drawdown within tracked range,Prepared for future scoring; no recommendation language or ranking emitted.,False,False,False,v2.38J-us-candidate-feature-matrix
U00621,CHSN,Chanson International Holding - Class A Ordinary Shares,NASDAQ,0001825349,fundamental_and_price,CANDIDATE_MATRIX_READY,FEATURES_READY,PRICE_FEATURES_READY,high,,0.002269,,,,0.010266,0.02565,0.314382,,,true,true,false,0.0,-0.16,-0.994643,-0.99386,0.896632,1.85709,-0.99669,-0.997037,-0.02516,-0.991614,-0.991398,false,false,false,false,165114.285714,1078377.777778,true,revenue growth positive; net margin positive; positive FCF flag true,3m return non-positive; 12m return non-positive; trend flag false,balance-sheet leverage not elevated; 12m drawdown severe,Prepared for future scoring; no recommendation language or ranking emitted.,False,False,False,v2.38J-us-candidate-feature-matrix
U00622,CHTR,"Charter Communications, Inc. - Class A Common Stock",NASDAQ,0001091667,fundamental_and_price,CANDIDATE_MATRIX_READY,FEATURES_READY,PRICE_FEATURES_READY,high,,-0.005646,,,,0.091047,0.080659,,,,true,false,false,0.038544,0.23223,-0.314784,-0.398797,0.538811,0.620657,-0.496056,-0.563875,0.116168,-0.129762,-0.220334,false,true,false,true,2551980.952381,3243984.126984,true,revenue growth non-positive; net margin positive; positive FCF flag true,3m return positive; 12m return non-positive; trend flag false,12m drawdown severe,Prepared for future scoring; no recommendation language or ranking emitted.,False,False,False,v2.38J-us-candidate-feature-matrix
U00625,CHYM,"Chime Financial, Inc. - Class A Common Stock",NASDAQ,0001795586,fundamental_and_price,CANDIDATE_MATRIX_PARTIAL_FUNDAMENTALS,FEATURES_PARTIAL,PRICE_FEATURES_READY,medium,fundamental_features_missing_or_partial,,,,,-0.461839,,0.28652,,,false,false,false,0.339078,0.892918,0.48357,0.351537,0.660322,0.639059,-0.3254,-0.411386,0.292606,0.476396,0.142185,true,true,true,true,9776504.761905,6974444.444444,true,net margin non-positive; positive FCF flag false,3m return positive; 12m return positive; trend flag true,balance-sheet leverage not elevated; 12m drawdown within tracked range,Prepared for future scoring; no recommendation language or ranking emitted.,False,False,False,v2.38J-us-candidate-feature-matrix
U00626,CIFR,Cipher Digital Inc. - Common Stock,NASDAQ,0001819989,fundamental_and_price,CANDIDATE_MATRIX_READY,FEATURES_READY,PRICE_FEATURES_READY,high,,0.480413,,,,-3.671683,-3.107318,0.805249,,,false,true,true,-0.255152,-0.421494,-0.053616,0.824519,1.282325,1.142057,-0.499315,-0.51376,-0.232616,-0.172559,0.078262,false,false,false,false,34125061.904762,29277317.460317,true,revenue growth positive; net margin non-positive; positive FCF flag false,3m return non-positive; 12m return positive; trend flag false,balance-sheet leverage elevated; 12m drawdown severe,Prepared for future scoring; no recommendation language or ranking emitted.,False,False,False,v2.38J-us-candidate-feature-matrix
U00627,CIGI,Colliers International Group Inc. - Subordinate Voting Shares,NASDAQ,0000913353,fundamental_and_price,CANDIDATE_MATRIX_PARTIAL_FUNDAMENTALS,FEATURES_PARTIAL,PRICE_FEATURES_READY,medium,fundamental_features_missing_or_partial,0.152724,,,,,0.045235,,,,true,true,false,-0.012923,0.020564,-0.171651,-0.393712,0.356749,0.364947,-0.254261,-0.475397,-0.023185,-0.15077,-0.130613,false,false,false,false,207128.571429,217041.269841,true,revenue growth positive; positive FCF flag true,3m return positive; 12m return non-positive; trend flag false,12m drawdown within tracked range,Prepared for future scoring; no recommendation language or ranking emitted.,False,False,False,v2.38J-us-candidate-feature-matrix
U00628,CIIT,"Tianci International, Inc. - Common Stock",NASDAQ,0001557798,fundamental_and_price,CANDIDATE_MATRIX_READY,FEATURES_READY,PRICE_FEATURES_READY,high,,0.077256,,,,-0.284476,,0.050558,,,false,true,false,-0.238727,1.609091,0.025,-0.327869,21.770911,15.414344,-0.896455,-0.958683,0.158538,0.193849,0.030478,true,false,false,true,222014.285714,7432812.698413,true,revenue growth positive; net margin non-positive; positive FCF flag false,3m return positive; 12m return non-positive; trend flag true,balance-sheet leverage not elevated; 12m drawdown severe,Prepared for future scoring; no recommendation language or ranking emitted.,False,False,False,v2.38J-us-candidate-feature-matrix
U00629,CINF,Cincinnati Financial Corporation - Common Stock,NASDAQ,0000020286,fundamental_and_price,CANDIDATE_MATRIX_READY,FEATURES_READY,PRICE_FEATURES_READY,high,,0.11414,,,,0.189455,0.244795,0.611946,,,true,true,false,-0.043083,0.086508,0.022147,0.122524,0.253776,0.220041,-0.124147,-0.124147,-0.032864,0.026853,0.061746,false,false,false,false,461319.047619,770346.031746,true,revenue growth positive; net margin positive; positive FCF flag true,3m return positive; 12m return positive; trend flag false,balance-sheet leverage not elevated; 12m drawdown within tracked range,Prepared for future scoring; no recommendation language or ranking emitted.,False,False,False,v2.38J-us-candidate-feature-matrix
U00630,CING,Cingulate Inc. - Common Stock,NASDAQ,0001862150,fundamental_and_price,CANDIDATE_MATRIX_PARTIAL_FUNDAMENTALS,FEATURES_PARTIAL,PRICE_FEATURES_READY,medium,fundamental_features_missing_or_partial,,,,,,,0.833552,,,false,false,true,0.05102,0.055328,-0.233631,0.380697,0.561339,1.011391,-0.691252,-0.691252,0.02217,-0.021471,-0.042694,false,false,false,false,149519.047619,244679.698413,true,positive FCF flag false,3m return positive; 12m return positive; trend flag false,balance-sheet leverage elevated; 12m drawdown severe,Prepared for future scoring; no recommendation language or ranking emitted.,False,False,False,v2.38J-us-candidate-feature-matrix
U00631,CIRC,"Circle8 Group, Inc. - Common Stock",NASDAQ,0001605888,fundamental_only,CANDIDATE_MATRIX_PARTIAL_PRICE,FEATURES_READY,MISSING,medium,price_features_missing_or_partial,-0.015208,,,,-0.136347,-0.01024,1.283408,,,false,false,true,,,,,,,,,,,,,,,,,,,revenue growth non-positive; net margin non-positive; positive FCF flag false,No local price feature row available.,balance-sheet leverage elevated,Prepared for future scoring; no recommendation language or ranking emitted.,False,False,False,v2.38J-us-candidate-feature-matrix
U00632,CISO,"CISO Global, Inc. - Common Stock",NASDAQ,0001777319,fundamental_and_price,CANDIDATE_MATRIX_READY,FEATURES_READY,PRICE_FEATURES_READY,high,,-0.134784,,,,-0.303463,-0.29991,0.321091,,,false,false,false,-0.127907,-0.33432,-0.440299,-0.752475,0.714611,0.899009,-0.521348,-0.847857,-0.126621,-0.372849,-0.281925,false,false,false,false,188209.52381,601082.539683,true,revenue growth non-positive; net margin non-positive; positive FCF flag false,3m return non-positive; 12m return non-positive; trend flag false,balance-sheet leverage not elevated; 12m drawdown severe,Prepared for future scoring; no recommendation language or ranking emitted.,False,False,False,v2.38J-us-candidate-feature-matrix
U00633,CISS,C3is Inc. - Common Stock,NASDAQ,0001951067,fundamental_and_price,CANDIDATE_MATRIX_READY,FEATURES_READY,PRICE_FEATURES_READY,high,,-0.178279,,,,0.301339,0.110484,0.034391,,,true,false,false,14.909091,-0.366516,-0.862069,-0.996569,140.401067,100.457189,-0.998698,-0.999847,-0.750822,-0.9536,-0.813789,false,false,false,false,30987887.142857,21370955.142857,true,revenue growth non-positive; net margin positive; positive FCF flag true,3m return non-positive; 12m return non-positive; trend flag false,balance-sheet leverage not elevated; 12m drawdown severe,Prepared for future scoring; no recommendation language or ranking emitted.,False,False,False,v2.38J-us-candidate-feature-matrix
U00634,CIVB,"Civista Bancshares, Inc. - Common Stock",NASDAQ,0000944745,fundamental_and_price,CANDIDATE_MATRIX_READY,FEATURES_READY,PRICE_FEATURES_READY,high,,-0.005229,,,,2.42927,2.213899,0.874673,,,true,false,true,-0.057752,0.087267,0.169868,0.307105,0.214236,0.216924,-0.079522,-0.121431,-0.028373,0.09837,0.130444,false,false,true,false,162995.238095,149479.365079,true,revenue growth non-positive; net margin positive; positive FCF flag true,3m return positive; 12m return positive; trend flag false,balance-sheet leverage elevated; 12m drawdown within tracked range,Prepared for future scoring; no recommendation language or ranking emitted.,False,False,False,v2.38J-us-candidate-feature-matrix
U00635,CJMB,Callan JMB Inc. - Common Stock,NASDAQ,0002032545,fundamental_and_price,CANDIDATE_MATRIX_READY,FEATURES_READY,PRICE_FEATURES_READY,high,,-0.128018,,,,-1.391948,-0.902229,0.596925,,,false,false,false,0.528169,1.746835,0.347826,-0.533333,1.869318,1.525289,-0.645455,-0.865,0.354303,0.396131,0.030885,true,false,false,true,523414.285714,2259431.746032,true,revenue growth non-positive; net margin non-positive; positive FCF flag false,3m return positive; 12m return non-positive; trend flag true,balance-sheet leverage not elevated; 12m drawdown severe,Prepared for future scoring; no recommendation language or ranking emitted.,False,False,False,v2.38J-us-candidate-feature-matrix
U00636,CLAR,Clarus Corporation - Common Stock,NASDAQ,0000913277,fundamental_and_price,CANDIDATE_MATRIX_READY,FEATURES_READY,PRICE_FEATURES_READY,high,,-0.052494,,,,-0.185897,-0.039562,0.211362,,,false,false,false,0.128358,0.321678,0.192429,0.08,0.370184,0.456647,-0.183871,-0.3675,0.097434,0.172475,0.068379,true,false,true,true,149285.714286,224477.777778,true,revenue growth non-positive; net margin non-positive; positive FCF flag false,3m return positive; 12m return positive; trend flag true,balance-sheet leverage not elevated; 12m drawdown within tracked range,Prepared for future scoring; no recommendation language or ranking emitted.,False,False,False,v2.38J-us-candidate-feature-matrix
U00637,CLBK,"Columbia Financial, Inc. - Common Stock",NASDAQ,0002115119,fundamental_and_price,CANDIDATE_MATRIX_PARTIAL_FUNDAMENTALS,INSUFFICIENT_FEATURE_EVIDENCE,PRICE_FEATURES_READY,medium,fundamental_features_missing_or_partial,,,,,,,,,,false,false,false,0.08473,0.292486,0.395969,0.728253,0.253344,0.231815,-0.055396,-0.133754,0.084473,0.331928,0.22818,true,false,true,false,4385038.095238,4846300.0,true,positive FCF flag false,3m return positive; 12m return positive; trend flag true,12m drawdown within tracked range,Prepared for future scoring; no recommendation language or ranking emitted.,False,False,False,v2.38J-us-candidate-feature-matrix
U00638,CLBT,Cellebrite DI Ltd. - Ordinary Shares,NASDAQ,0001854587,fundamental_and_price,CANDIDATE_MATRIX_READY,FEATURES_READY,PRICE_FEATURES_READY,high,,0.185622,,,,0.164663,0.337035,0.484138,,,true,true,false,-0.263625,-0.180536,-0.179379,-0.289731,0.753409,0.694204,-0.371463,-0.466258,-0.173371,-0.212789,-0.047685,false,false,false,false,4793290.47619,2745215.873016,true,revenue growth positive; net margin positive; positive FCF flag true,3m return non-positive; 12m return non-positive; trend flag false,balance-sheet leverage not elevated; 12m drawdown within tracked range,Prepared for future scoring; no recommendation language or ranking emitted.,False,False,False,v2.38J-us-candidate-feature-matrix
U00639,CLDX,"Celldex Therapeutics, Inc. - Common Stock",NASDAQ,0000744218,fundamental_and_price,CANDIDATE_MATRIX_READY,FEATURES_READY,PRICE_FEATURES_READY,high,,-0.779915,,,,-167.480259,-138.290615,0.095746,,,false,false,false,0.011012,0.326167,0.336493,0.789665,0.411787,0.413685,-0.173372,-0.242282,0.017904,0.256395,0.234296,true,false,false,false,760347.619048,1013074.603175,true,revenue growth non-positive; net margin non-positive; positive FCF flag false,3m return positive; 12m return positive; trend flag true,balance-sheet leverage not elevated; 12m drawdown within tracked range,Prepared for future scoring; no recommendation language or ranking emitted.,False,False,False,v2.38J-us-candidate-feature-matrix
U00640,CLFD,"Clearfield, Inc. - Common Stock",NASDAQ,0000796505,fundamental_and_price,CANDIDATE_MATRIX_PARTIAL_FUNDAMENTALS,FEATURES_PARTIAL,PRICE_FEATURES_READY,medium,fundamental_features_missing_or_partial,-0.099403,,,,-0.053619,,0.163339,,,false,false,false,-0.148785,-0.363616,-0.096571,-0.106409,0.725902,0.756469,-0.479906,-0.479906,-0.086026,-0.109594,-0.025787,false,false,false,false,213919.047619,214576.190476,true,revenue growth non-positive; net margin non-positive; positive FCF flag false,3m return non-positive; 12m return non-positive; trend flag false,balance-sheet leverage not elevated; 12m drawdown within tracked range,Prepared for future scoring; no recommendation language or ranking emitted.,False,False,False,v2.38J-us-candidate-feature-matrix
U00641,CLGN,CollPlant Biotechnologies Ltd. - Ordinary Shares,NASDAQ,0001631487,fundamental_and_price,CANDIDATE_MATRIX_READY,FEATURES_READY,PRICE_FEATURES_READY,high,,3.603883,,,,-4.845635,-3.984395,0.436161,,,false,true,false,0.196167,-0.14175,-0.455079,-0.869962,1.095659,1.072133,-0.636,-0.913057,0.037079,-0.569242,-0.584643,false,false,false,false,9677424.47619,3260470.063492,true,revenue growth positive; net margin non-positive; positive FCF flag false,3m return non-positive; 12m return non-positive; trend flag false,balance-sheet leverage not elevated; 12m drawdown severe,Prepared for future scoring; no recommendation language or ranking emitted.,False,False,False,v2.38J-us-candidate-feature-matrix
U00642,CLIK,Click Holdings Limited - Ordinary Share,NASDAQ,0002020027,fundamental_and_price,CANDIDATE_MATRIX_PARTIAL_FUNDAMENTALS,FEATURES_PARTIAL,PRICE_FEATURES_READY,medium,fundamental_features_missing_or_partial,,,,,-0.094958,-0.079049,0.141701,,,false,false,false,0.0,-0.30102,-0.626703,-0.852688,0.774262,1.663775,-0.65625,-0.877437,-0.057448,-0.554002,-0.526819,false,false,false,false,30214.285714,881263.492063,true,net margin non-positive; positive FCF flag false,3m return non-positive; 12m return non-positive; trend flag false,balance-sheet leverage not elevated; 12m drawdown severe,Prepared for future scoring; no recommendation language or ranking emitted.,False,False,False,v2.38J-us-candidate-feature-matrix
U00643,CLIR,ClearSign Technologies Corporation - Common Stock,NASDAQ,0001434524,fundamental_and_price,CANDIDATE_MATRIX_PARTIAL_FUNDAMENTALS,FEATURES_PARTIAL,PRICE_FEATURES_READY,medium,fundamental_features_missing_or_partial,,,,,,,0.217634,,,false,false,false,0.0625,-0.02968,-0.212963,-0.291667,0.688799,1.04108,-0.5317,-0.693396,0.066446,-0.188451,-0.239015,false,false,false,false,14395.238095,13984.126984,true,positive FCF flag false,3m return non-positive; 12m return non-positive; trend flag false,balance-sheet leverage not elevated; 12m drawdown severe,Prepared for future scoring; no recommendation language or ranking emitted.,False,False,False,v2.38J-us-candidate-feature-matrix
U00644,CLMB,"Climb Global Solutions, Inc. - Common Stock",NASDAQ,0000945983,fundamental_and_price,CANDIDATE_MATRIX_READY,FEATURES_READY,PRICE_FEATURES_READY,high,,0.401433,,,,0.032689,,0.746696,,,true,true,false,0.023525,0.25217,0.210422,-0.120135,0.413488,0.528002,-0.272886,-0.534728,0.038195,0.104335,0.063707,true,false,false,true,138876.190476,162965.079365,true,revenue growth positive; net margin positive; positive FCF flag false,3m return positive; 12m return non-positive; trend flag true,balance-sheet leverage not elevated; 12m drawdown severe,Prepared for future scoring; no recommendation language or ranking emitted.,False,False,False,v2.38J-us-candidate-feature-matrix
U00645,CLMT,"Calumet, Inc - Common Stock",NASDAQ,0002013745,fundamental_and_price,CANDIDATE_MATRIX_READY,FEATURES_READY,PRICE_FEATURES_READY,high,,-0.012484,,,,-0.00817,0.013681,1.181152,,,true,false,true,0.276949,0.420123,0.810027,2.208585,0.513034,0.481036,-0.150139,-0.150139,0.235962,0.695733,0.371994,true,true,true,false,1291323.809524,1107888.888889,true,revenue growth non-positive; net margin non-positive; positive FCF flag true,3m return positive; 12m return positive; trend flag true,balance-sheet leverage elevated; 12m drawdown within tracked range,Prepared for future scoring; no recommendation language or ranking emitted.,False,False,False,v2.38J-us-candidate-feature-matrix
U00646,CLNE,Clean Energy Fuels Corp. - Common Stock,NASDAQ,0001368265,fundamental_and_price,CANDIDATE_MATRIX_READY,FEATURES_READY,PRICE_FEATURES_READY,high,,0.021565,,,,-0.522615,0.140879,0.465261,,,true,true,false,-0.080214,-0.144279,-0.258621,-0.338462,0.596851,0.533704,-0.393822,-0.486928,-0.094069,-0.200558,-0.117546,false,false,false,false,2104561.904762,1797447.619048,true,revenue growth positive; net margin non-positive; positive FCF flag true,3m return non-positive; 12m return non-positive; trend flag false,balance-sheet leverage not elevated; 12m drawdown within tracked range,Prepared for future scoring; no recommendation language or ranking emitted.,False,False,False,v2.38J-us-candidate-feature-matrix
U00647,CLNN,Clene Inc. - Common Stock,NASDAQ,0001822791,fundamental_and_price,CANDIDATE_MATRIX_READY,FEATURES_READY,PRICE_FEATURES_READY,high,,-0.415205,,,,-130.865,-92.925,1.970272,,,false,false,true,-0.212121,-0.277778,-0.245009,-0.348983,0.59928,0.876839,-0.49691,-0.6864,-0.203401,-0.286908,-0.10483,false,false,false,false,88400.0,78869.84127,true,revenue growth non-positive; net margin non-positive; positive FCF flag false,3m return non-positive; 12m return non-positive; trend flag false,balance-sheet leverage elevated; 12m drawdown severe,Prepared for future scoring; no recommendation language or ranking emitted.,False,False,False,v2.38J-us-candidate-feature-matrix
U00648,CLOV,"Clover Health Investments, Corp. - Class A Common stock",NASDAQ,0001801170,fundamental_and_price,CANDIDATE_MATRIX_READY,FEATURES_READY,PRICE_FEATURES_READY,high,,0.403446,,,,-0.044457,-0.035845,0.429394,,,false,true,false,0.007026,0.178082,0.990741,0.598513,0.677038,0.647839,-0.242144,-0.554974,-0.055173,0.377775,0.45823,false,false,false,true,4306552.380952,5987034.920635,true,revenue growth positive; net margin non-positive; positive FCF flag false,3m return positive; 12m return positive; trend flag false,balance-sheet leverage not elevated; 12m drawdown severe,Prepared for future scoring; no recommendation language or ranking emitted.,False,False,False,v2.38J-us-candidate-feature-matrix
U00649,CLPS,CLPS Incorporation - Common Stock,NASDAQ,0001724542,fundamental_and_price,CANDIDATE_MATRIX_READY,FEATURES_READY,PRICE_FEATURES_READY,high,,0.151728,,,,-0.04286,-0.023116,0.512444,,,false,true,false,0.270588,0.136842,0.028571,0.017908,0.777679,0.687751,-0.242991,-0.504321,0.199467,0.146868,-0.043852,false,false,false,false,21638.095238,39492.063492,true,revenue growth positive; net margin non-positive; positive FCF flag false,3m return positive; 12m return positive; trend flag false,balance-sheet leverage not elevated; 12m drawdown severe,Prepared for future scoring; no recommendation language or ranking emitted.,False,False,False,v2.38J-us-candidate-feature-matrix
U00650,CLPT,ClearPoint Neuro Inc. - Common Stock,NASDAQ,0001285550,fundamental_and_price,CANDIDATE_MATRIX_READY,FEATURES_READY,PRICE_FEATURES_READY,high,,0.177795,,,,-0.690812,-0.661248,0.713342,,,false,true,false,0.111025,0.07594,0.600671,0.372004,0.87203,0.859678,-0.337108,-0.707432,-0.092592,0.065819,0.174575,false,false,false,false,533009.52381,729028.571429,true,revenue growth positive; net margin non-positive; positive FCF flag false,3m return positive; 12m return positive; trend flag false,balance-sheet leverage not elevated; 12m drawdown severe,Prepared for future scoring; no recommendation language or ranking emitted.,False,False,False,v2.38J-us-candidate-feature-matrix
U00651,CLRB,"Cellectar Biosciences, Inc. - Common Stock",NASDAQ,0001279704,fundamental_and_price,CANDIDATE_MATRIX_PARTIAL_FUNDAMENTALS,FEATURES_PARTIAL,PRICE_FEATURES_READY,medium,fundamental_features_missing_or_partial,,,,,,,0.337764,,,false,false,false,-0.050781,-0.065385,-0.162069,-0.495851,0.533086,0.618986,-0.368272,-0.638574,-0.057628,-0.173947,-0.123432,false,false,false,false,29247.619048,82049.206349,true,positive FCF flag false,3m return non-positive; 12m return non-positive; trend flag false,balance-sheet leverage not elevated; 12m drawdown severe,Prepared for future scoring; no recommendation language or ranking emitted.,False,False,False,v2.38J-us-candidate-feature-matrix
U00652,CLRO,"ClearOne, Inc. - Common Stock",NASDAQ,0000840715,fundamental_and_price,CANDIDATE_MATRIX_PARTIAL_FUNDAMENTALS,FEATURES_PARTIAL,PRICE_FEATURES_READY,medium,fundamental_features_missing_or_partial,,,,,,,1.31057,,,false,false,true,0.265509,0.578947,0.115974,0.27182,4.580505,3.278904,-0.734104,-0.734104,-0.146843,0.037819,0.216446,false,false,false,true,4215614.285714,4479541.079365,true,positive FCF flag false,3m return positive; 12m return positive; trend flag false,balance-sheet leverage elevated; 12m drawdown severe,Prepared for future scoring; no recommendation language or ranking emitted.,False,False,False,v2.38J-us-candidate-feature-matrix
U00653,CLSK,"CleanSpark, Inc. - Common Stock",NASDAQ,0000827876,fundamental_and_price,CANDIDATE_MATRIX_READY,FEATURES_READY,PRICE_FEATURES_READY,high,,1.022107,,,,0.475607,,0.316778,,,true,true,false,-0.200423,-0.356616,0.062852,0.175311,0.946963,0.843507,-0.412015,-0.647414,-0.141393,-0.094174,0.054995,false,false,false,false,19185652.380952,21484993.650794,true,revenue growth positive; net margin positive; positive FCF flag false,3m return non-positive; 12m return positive; trend flag false,balance-sheet leverage not elevated; 12m drawdown severe,Prepared for future scoring; no recommendation language or ranking emitted.,False,False,False,v2.38J-us-candidate-feature-matrix
U00654,CLST,"Catalyst Bancorp, Inc. - common stock",NASDAQ,0001849867,fundamental_and_price,CANDIDATE_MATRIX_PARTIAL_FUNDAMENTALS,FEATURES_PARTIAL,PRICE_FEATURES_READY,medium,fundamental_features_missing_or_partial,,,,,,,0.711145,,,false,false,false,0.044749,0.093691,0.061212,0.353168,0.205385,0.181461,-0.073099,-0.073099,0.029221,0.08341,0.05265,true,false,true,false,2890.761905,2657.238095,true,positive FCF flag true,3m return positive; 12m return positive; trend flag true,balance-sheet leverage not elevated; 12m drawdown within tracked range,Prepared for future scoring; no recommendation language or ranking emitted.,False,False,False,v2.38J-us-candidate-feature-matrix
U00655,CLWT,Euro Tech Holdings Company Limited - Ordinary Shares,NASDAQ,0001026662,fundamental_and_price,CANDIDATE_MATRIX_READY,FEATURES_READY,PRICE_FEATURES_READY,high,,-0.137684,,,,0.01259,-0.107199,0.22266,,,true,false,false,0.108108,0.344262,0.171429,0.188406,1.148418,0.895968,-0.240838,-0.348101,0.024104,0.240263,0.211072,true,false,false,true,20323.809524,1724822.222222,true,revenue growth non-positive; net margin positive; positive FCF flag false,3m return positive; 12m return positive; trend flag true,balance-sheet leverage not elevated; 12m drawdown within tracked range,Prepared for future scoring; no recommendation language or ranking emitted.,False,False,False,v2.38J-us-candidate-feature-matrix
U00656,CLYM,"Climb Bio, Inc. - Common Stock",NASDAQ,0001768446,fundamental_and_price,CANDIDATE_MATRIX_PARTIAL_FUNDAMENTALS,FEATURES_PARTIAL,PRICE_FEATURES_READY,medium,fundamental_features_missing_or_partial,,,,,,,0.043334,,,false,false,false,0.198248,0.441571,1.067308,5.748879,0.707994,0.751976,-0.230381,-0.336032,0.079426,0.754585,0.625481,true,false,false,true,1346957.142857,1363712.698413,true,positive FCF flag false,3m return positive; 12m return positive; trend flag true,balance-sheet leverage not elevated; 12m drawdown within tracked range,Prepared for future scoring; no recommendation language or ranking emitted.,False,False,False,v2.38J-us-candidate-feature-matrix
