asset_id,ticker,company_name,exchange,cik,feature_asof_fy,latest_filed,latest_period_end,evidence_years,evidence_quarters,feature_quality_status,features_calculated,features_missing,quality_flags,revenue_yoy_growth,net_income_yoy_growth,operating_cash_flow_yoy_growth,assets_yoy_growth,equity_yoy_growth,net_margin,return_on_assets,return_on_equity,operating_cash_flow_margin,liabilities_to_assets,equity_to_assets,free_cash_flow,free_cash_flow_margin,capex_to_revenue,cash_conversion_ratio,growth_acceleration_flag,margin_expansion_flag,positive_fcf_flag,balance_strength_flag,fundamental_momentum_flag,phase,company_name,sec_name
U09211,0QFd,Moderna Inc,CBOE_EUROPE,0001682852,2025,2026-07-31,2026-06-30,8,195,FEATURES_READY,17,cash_conversion_ratio|net_income_yoy_growth|operating_cash_flow_yoy_growth,capex_positive_treated_as_outflow,-0.399258,,,-0.127563,-0.206495,-1.451646,-0.228724,-0.326243,-0.963477,0.298914,0.701086,-2065000000.0,-1.062243,0.098765,,true,false,false,true,false,v2.38G,Moderna Inc,"Moderna, Inc."
U09222,12DAd,Dell Technologies Inc,CBOE_EUROPE,0001571996,2026,2026-06-09,2026-05-01,10,241,FEATURES_READY,18,equity_yoy_growth|return_on_equity,capex_positive_treated_as_outflow,0.188046,0.292683,1.47401,0.270108,,0.052282,0.058606,,0.098513,1.024386,-0.024386,8552000000.0,0.075323,0.02319,1.884265,true,true,true,false,true,v2.38G,Dell Technologies Inc,Dell Technologies Inc.
U09229,1AALm,American Airlines Group Inc,CBOE_EUROPE,0000006201,2025,2026-07-23,2026-06-30,16,326,FEATURES_PARTIAL,14,capex_to_revenue|equity_yoy_growth|free_cash_flow|free_cash_flow_margin|liabilities_to_assets|return_on_equity,,0.007784,-0.868794,-0.221943,-0.000146,,0.002032,0.001797,,0.056724,,-0.060333,,,,27.918919,false,false,false,false,false,v2.38G,American Airlines Group Inc,American Airlines Group Inc.
U09231,1ADMm,Archer-Daniels-Midland Co,CBOE_EUROPE,0000007084,2025,2026-08-04,2026-06-30,16,390,FEATURES_READY,19,liabilities_to_assets,capex_positive_treated_as_outflow,0.02392,-0.401111,0.954122,-0.016557,0.02534,0.043196,0.020577,0.047405,0.218464,,0.434061,4204000000.0,0.168456,0.050008,5.057514,true,false,true,false,false,v2.38G,Archer-Daniels-Midland Co,Archer-Daniels-Midland Co
U09233,1ANFm,Abercrombie & Fitch Co,CBOE_EUROPE,0001018840,2025,2026-09-04,2026-08-01,16,377,FEATURES_READY,19,liabilities_to_assets,capex_positive_treated_as_outflow,0.064201,-0.104733,-0.128431,0.073332,0.051112,0.096258,0.143122,0.361082,0.117567,,0.396371,378368000.0,0.071847,0.04572,1.221378,false,false,true,false,false,v2.38G,Abercrombie & Fitch Co,ABERCROMBIE & FITCH CO /DE/
U09234,1APPm,AppLovin Corp,CBOE_EUROPE,0001751008,2025,2026-08-05,2026-06-30,5,145,FEATURES_READY,17,capex_to_revenue|free_cash_flow|free_cash_flow_margin,,0.16382,1.110268,0.891888,0.236887,0.958741,0.608269,0.459219,1.561717,0.724557,0.705952,0.294048,,,,1.191179,false,true,false,false,false,v2.38G,AppLovin Corp,AppLovin Corp
U09237,1BLEm,Bloom Energy Corp,CBOE_EUROPE,0001664703,2025,2026-04-29,2026-03-31,8,188,FEATURES_READY,15,cash_conversion_ratio|net_income_yoy_growth|net_margin|return_on_assets|return_on_equity,capex_positive_treated_as_outflow,0.388665,,0.238603,0.654545,0.366543,,,,0.056929,0.819646,0.174822,57190000.0,0.028572,0.028357,,true,false,true,false,false,v2.38G,Bloom Energy Corp,Bloom Energy Corp
U09240,1CNCm,Centene Corp,CBOE_EUROPE,0001071739,2025,2026-07-28,2026-06-30,16,441,FEATURES_READY,19,cash_conversion_ratio,capex_positive_treated_as_outflow,0.199828,-3.019365,32.038961,-0.069113,-0.244491,-0.038229,-0.086961,-0.334486,0.029144,0.738674,0.259984,4321000000.0,0.024751,0.004393,,true,false,true,false,false,v2.38G,Centene Corp,CENTENE CORP
U09244,1HOODm,Robinhood Markets Inc,CBOE_EUROPE,0001783879,2025,2026-07-30,2026-06-30,5,128,FEATURES_READY,16,capex_to_revenue|free_cash_flow|free_cash_flow_margin|operating_cash_flow_yoy_growth,,0.515757,0.334515,,0.456333,0.147893,0.42097,0.049375,0.20577,0.366197,0.760049,0.239951,,,,0.869888,false,false,false,false,false,v2.38G,Robinhood Markets Inc,"Robinhood Markets, Inc."
U09246,1KTOSm,Kratos Defense & Security Solutions Inc,CBOE_EUROPE,0001069258,2025,2026-08-04,2026-06-28,15,302,FEATURES_READY,17,capex_to_revenue|free_cash_flow|free_cash_flow_margin,,0.18525,0.349693,-1.847082,0.264647,0.475244,0.016335,0.008917,0.01102,-0.031259,0.190864,0.809136,,,,-1.913636,true,true,false,true,false,v2.38G,Kratos Defense & Security Solutions Inc,"KRATOS DEFENSE & SECURITY SOLUTIONS, INC."
U09249,1MNSTm,Monster Beverage Corp,CBOE_EUROPE,0000865752,2025,2026-08-07,2026-06-30,16,213,FEATURES_PARTIAL,14,cash_conversion_ratio|liabilities_to_assets|net_income_yoy_growth|net_margin|return_on_assets|return_on_equity,capex_positive_treated_as_outflow,0.106989,,0.087965,0.294057,0.385448,,,,0.252965,,0.826324,1965902000.0,0.237017,0.015948,,true,false,true,false,false,v2.38G,Monster Beverage Corp,Monster Beverage Corp
U09252,1PANWm,Palo Alto Networks Inc,CBOE_EUROPE,0001327567,2025,2026-06-03,2026-04-30,13,251,FEATURES_READY,17,capex_to_revenue|free_cash_flow|free_cash_flow_margin,,0.148739,-0.560095,0.140717,0.179347,0.513511,0.122963,0.048095,0.144918,0.402971,0.668123,0.331877,,,,3.277185,false,false,false,false,false,v2.38G,Palo Alto Networks Inc,Palo Alto Networks Inc
U09255,1PATHm,UiPath Inc,CBOE_EUROPE,0001734722,2026,2026-06-04,2026-04-30,5,142,FEATURES_READY,19,net_income_yoy_growth,capex_positive_treated_as_outflow,0.126539,,0.15798,0.109564,0.128307,0.175298,0.088805,0.135567,0.230482,0.344934,0.655066,352160000.0,0.218655,0.011827,1.314802,true,true,true,true,true,v2.38G,UiPath Inc,"UiPath, Inc."
U09256,1PLTRm,Palantir Technologies Inc,CBOE_EUROPE,0001321655,2025,2026-08-04,2026-06-30,6,161,FEATURES_READY,20,,capex_positive_treated_as_outflow,0.561834,2.515941,0.849846,0.403652,0.476487,0.3631,0.18258,0.219978,0.47693,0.158688,0.829994,2100591000.0,0.469359,0.007571,1.313495,true,true,true,true,true,v2.38G,Palantir Technologies Inc,Palantir Technologies Inc.
U09257,1QZd,Coinbase Global Inc,CBOE_EUROPE,0001679788,2025,2026-07-30,2026-06-30,5,145,FEATURES_READY,17,capex_to_revenue|free_cash_flow|free_cash_flow_margin,,0.094042,-0.511324,-0.051024,0.316294,0.439456,0.175501,0.042476,0.085197,0.337874,0.501444,0.498556,,,,1.925201,false,false,false,true,false,v2.38G,Coinbase Global Inc,"Coinbase Global, Inc."
U09260,1RIVNm,Rivian Automotive Inc,CBOE_EUROPE,0001874178,2025,2026-07-30,2026-06-30,5,135,FEATURES_READY,17,cash_conversion_ratio|net_income_yoy_growth|operating_cash_flow_yoy_growth,capex_positive_treated_as_outflow,0.083903,,,-0.035432,-0.299909,-0.676815,-0.245291,-0.793644,-0.144607,0.690931,0.309069,-2489000000.0,-0.462038,0.317431,,false,true,false,false,false,v2.38G,Rivian Automotive Inc,"Rivian Automotive, Inc. / DE"
U09261,1SId,Snap Inc,CBOE_EUROPE,0001564408,2025,2026-08-04,2026-06-30,9,257,FEATURES_READY,18,cash_conversion_ratio|net_income_yoy_growth,capex_positive_treated_as_outflow,0.106325,,0.586945,-0.032577,-0.069067,-0.077635,-0.059977,-0.201837,0.110626,0.702845,0.297155,437189000.0,0.073707,0.036919,,false,true,true,false,true,v2.38G,Snap Inc,Snap Inc
U09262,1SPCXm,Space Exploration Technologies Corp,CBOE_EUROPE,0001181412,0,2026-08-04,2026-06-30,0,9,INSUFFICIENT_FEATURE_EVIDENCE,0,revenue_yoy_growth|net_income_yoy_growth|operating_cash_flow_yoy_growth|assets_yoy_growth|equity_yoy_growth|net_margin|return_on_assets|return_on_equity|operating_cash_flow_margin|liabilities_to_assets|equity_to_assets|free_cash_flow|free_cash_flow_margin|capex_to_revenue|cash_conversion_ratio|growth_acceleration_flag|margin_expansion_flag|positive_fcf_flag|balance_strength_flag|fundamental_momentum_flag,no_annual_evidence,,,,,,,,,,,,,,,,false,false,false,false,false,v2.38G,Space Exploration Technologies Corp,SPACE EXPLORATION TECHNOLOGIES CORP
U09264,1TTEKm,Tetra Tech Inc,CBOE_EUROPE,0000831641,2025,2026-07-31,2026-06-28,16,307,FEATURES_PARTIAL,14,cash_conversion_ratio|liabilities_to_assets|net_income_yoy_growth|net_margin|return_on_assets|return_on_equity,capex_positive_treated_as_outflow,0.046918,,0.275926,0.021346,-0.027611,,,,0.084093,,0.415627,439052000.0,0.08067,0.003424,,false,false,true,false,false,v2.38G,Tetra Tech Inc,TETRA TECH INC
U09268,1WULFm,Terawulf Inc,CBOE_EUROPE,0001083301,2025,2026-08-05,2026-06-30,15,367,FEATURES_READY,16,cash_conversion_ratio|net_income_yoy_growth|operating_cash_flow_yoy_growth|revenue_yoy_growth,capex_positive_treated_as_outflow,,,,7.327734,-0.425454,-3.926366,-0.100854,-4.709431,-0.731234,0.978585,0.021415,-1183369000.0,-7.024837,6.293604,,false,false,false,false,false,v2.38G,Terawulf Inc,TERAWULF INC.
U09303,2OYd,Dow Inc,CBOE_EUROPE,0001751788,2025,2026-04-24,2026-03-31,8,152,FEATURES_PARTIAL,11,capex_to_revenue|cash_conversion_ratio|free_cash_flow|free_cash_flow_margin|liabilities_to_assets|net_income_yoy_growth|net_margin|return_on_assets|return_on_equity,,-0.069733,,-0.645848,0.021392,-0.077615,,,,0.025821,,0.273463,,,,,false,false,false,false,false,v2.38G,Dow Inc,DOW INC.
U09306,2PPd,PayPal Holdings Inc,CBOE_EUROPE,0001633917,2025,2026-05-05,2026-03-31,11,297,FEATURES_READY,20,,capex_positive_treated_as_outflow,0.043243,0.261876,-0.138792,-0.01762,-0.007886,0.157754,0.065271,0.258343,0.193416,0.747346,0.252654,5564000000.0,0.167732,0.025684,1.226065,false,true,true,false,true,v2.38G,PayPal Holdings Inc,"PayPal Holdings, Inc."
U09316,33Ld,Lululemon Athletica Inc,CBOE_EUROPE,0001397187,2025,2026-09-03,2026-08-02,16,437,FEATURES_READY,20,,capex_positive_treated_as_outflow,0.04859,-0.129743,-0.294906,0.112248,0.147499,0.142235,0.186737,0.318266,0.144333,0.413268,0.586732,921675000.0,0.083014,0.061319,1.014751,false,false,true,true,false,v2.38G,Lululemon Athletica Inc,lululemon athletica inc.
U09452,3QDd,Datadog Inc,CBOE_EUROPE,0001561550,2025,2026-08-06,2026-06-30,7,187,FEATURES_READY,20,,capex_positive_treated_as_outflow,0.276754,-0.413642,0.206216,0.148393,0.374984,0.031437,0.016217,0.028868,0.306416,0.438246,0.561754,1000557000.0,0.291949,0.014466,9.746847,true,false,true,true,false,v2.38G,Datadog Inc,"Datadog, Inc."
U09518,4I1d,Philip Morris International Inc,CBOE_EUROPE,0001413329,2025,2026-07-24,2026-06-30,17,468,FEATURES_READY,18,equity_yoy_growth|return_on_equity,capex_positive_treated_as_outflow,0.07313,0.608049,0.00131,0.119788,,0.279177,0.164024,,0.30095,1.116037,-0.144453,10664000000.0,0.26235,0.0386,1.077987,false,true,true,false,true,v2.38G,Philip Morris International Inc,Philip Morris International Inc.
U09523,4S0d,ServiceNow Inc,CBOE_EUROPE,0001373715,2025,2026-07-23,2026-06-30,14,359,FEATURES_READY,20,,capex_positive_treated_as_outflow,0.208849,0.226667,0.275838,0.277437,0.349152,0.131646,0.067133,0.134835,0.410002,0.502112,0.497888,4576000000.0,0.34463,0.065371,3.114416,false,true,true,true,true,v2.38G,ServiceNow Inc,"ServiceNow, Inc."
U09555,6MKd,Merck & Co Inc,CBOE_EUROPE,0000310158,2025,2026-08-07,2026-06-30,17,347,FEATURES_READY,19,liabilities_to_assets,capex_positive_treated_as_outflow,0.013137,0.066425,-0.232718,0.168736,0.13588,0.280783,0.133371,0.346995,0.253373,,0.384361,12360000000.0,0.190122,0.063251,0.902378,false,true,true,false,true,v2.38G,Merck & Co Inc,"Merck & Co., Inc."
U09560,6Z1d,Airbnb Inc,CBOE_EUROPE,0001559720,2025,2026-08-06,2026-06-30,5,111,FEATURES_READY,17,capex_to_revenue|free_cash_flow|free_cash_flow_margin,,0.102594,-0.051737,0.028331,0.059593,-0.025321,0.20513,0.113067,0.306257,0.379544,0.630809,0.369191,,,,1.850259,false,false,false,false,false,v2.38G,Airbnb Inc,"Airbnb, Inc."
U09562,7DBd,Diamondback Energy Inc,CBOE_EUROPE,0001539838,2025,2026-08-05,2026-06-30,14,291,FEATURES_READY,17,capex_to_revenue|free_cash_flow|free_cash_flow_margin,,0.357853,-0.501498,0.365663,0.05598,-0.020246,0.110741,0.023417,0.045007,0.582856,0.395333,0.5203,,,,5.263221,true,false,false,true,false,v2.38G,Diamondback Energy Inc,"Diamondback Energy, Inc."
U09668,ADBd,Adobe Inc,CBOE_EUROPE,0000796343,2025,2026-06-15,2026-05-29,17,468,FEATURES_READY,20,,capex_positive_treated_as_outflow,0.105278,0.282374,0.245159,-0.024281,-0.175966,0.299971,0.241728,0.613439,0.42202,0.605947,0.394053,9852000000.0,0.414489,0.007531,1.406872,false,true,true,false,true,v2.38G,Adobe Inc,ADOBE INC.
U09882,AMDd,Advanced Micro Devices Inc,CBOE_EUROPE,0000002488,2025,2026-08-05,2026-06-27,16,376,FEATURES_READY,19,liabilities_to_assets,capex_positive_treated_as_outflow,0.343378,1.641682,1.535021,0.11123,0.094341,0.125148,0.056353,0.068811,0.222553,,0.818956,6735000000.0,0.194434,0.028119,1.778316,true,true,true,false,true,v2.38G,Advanced Micro Devices Inc,ADVANCED MICRO DEVICES INC
U09908,AMZd,Amazon.com Inc,CBOE_EUROPE,0001018724,2025,2026-07-31,2026-06-30,17,388,FEATURES_READY,16,capex_to_revenue|free_cash_flow|free_cash_flow_margin|liabilities_to_assets,,0.123778,0.31093,0.203984,0.309089,0.437441,0.108338,0.094946,0.188948,0.194601,,0.502499,,,,1.796241,true,true,false,false,false,v2.38G,Amazon.com Inc,AMAZON COM INC
U09936,AP2d,Applied Materials Inc,CBOE_EUROPE,0000006951,2025,2026-08-20,2026-07-26,17,435,FEATURES_READY,20,,capex_positive_treated_as_outflow,0.043862,-0.024941,-0.082863,0.054927,0.074417,0.246686,0.192788,0.342787,0.280527,0.437588,0.562412,5698000000.0,0.20086,0.079667,1.137182,true,false,true,true,false,v2.38G,Applied Materials Inc,APPLIED MATERIALS INC /DE
U10056,AUDd,Autodesk Inc,CBOE_EUROPE,0000769397,2026,2026-08-28,2026-07-31,17,424,FEATURES_READY,19,liabilities_to_assets,capex_positive_treated_as_outflow,0.175338,0.010791,0.525825,0.150835,0.16177,0.155981,0.090158,0.36913,0.340272,,0.244245,2409000000.0,0.334305,0.005967,2.181495,true,false,true,false,false,v2.38G,Autodesk Inc,"Autodesk, Inc."
U10153,BACd,Verizon Communications Inc,CBOE_EUROPE,0000732712,2025,2026-07-31,2026-06-30,17,364,FEATURES_READY,16,capex_to_revenue|free_cash_flow|free_cash_flow_margin|liabilities_to_assets,,0.025247,-0.018965,0.006096,0.05081,0.051365,0.124277,0.042483,0.162416,0.268737,,0.261568,,,,2.162397,true,false,false,false,false,v2.38G,Verizon Communications Inc,VERIZON COMMUNICATIONS INC
U10436,BSXd,Boston Scientific Corp,CBOE_EUROPE,0000885725,2025,2026-08-03,2026-06-30,17,366,FEATURES_PARTIAL,14,cash_conversion_ratio|liabilities_to_assets|net_income_yoy_growth|net_margin|return_on_assets|return_on_equity,capex_positive_treated_as_outflow,0.198662,,0.319942,0.108592,0.113137,,,,0.225864,,0.554874,3658000000.0,0.182226,0.043639,,true,false,true,false,false,v2.38G,Boston Scientific Corp,BOSTON SCIENTIFIC CORP
U10542,C9Fd,Chipotle Mexican Grill Inc,CBOE_EUROPE,0001058090,2025,2026-07-31,2026-06-30,16,405,FEATURES_READY,20,,capex_positive_treated_as_outflow,0.054071,0.001076,0.004204,-0.022798,-0.225668,0.128778,0.170744,0.542555,0.177259,0.685297,0.314703,1447590000.0,0.121385,0.055874,1.376468,false,false,true,false,false,v2.38G,Chipotle Mexican Grill Inc,CHIPOTLE MEXICAN GRILL INC
U10584,CAT1d,Caterpillar Inc,CBOE_EUROPE,0000018230,2025,2026-08-05,2026-06-30,17,368,FEATURES_READY,15,cash_conversion_ratio|net_income_yoy_growth|net_margin|return_on_assets|return_on_equity,capex_positive_treated_as_outflow,0.042895,,-0.024595,0.123297,0.093567,,,,0.173682,0.78376,0.21624,8918000000.0,0.131945,0.041738,,true,false,true,false,false,v2.38G,Caterpillar Inc,CATERPILLAR INC
U10596,CB1Ad,Constellation Brands Inc,CBOE_EUROPE,0000016918,2026,2026-07-01,2026-05-31,15,272,FEATURES_READY,19,net_income_yoy_growth,capex_positive_treated_as_outflow,-0.104783,,-0.15329,0.011463,0.174426,0.184561,0.077017,0.208688,0.292045,0.617045,0.369051,1794000000.0,0.196302,0.095744,1.58238,false,true,true,false,false,v2.38G,Constellation Brands Inc,"CONSTELLATION BRANDS, INC."
U10702,CDSd,Cadence Design Systems Inc,CBOE_EUROPE,0000813672,2025,2026-05-01,2026-03-31,16,384,FEATURES_READY,19,liabilities_to_assets,capex_positive_treated_as_outflow,0.141232,0.050597,0.371449,0.131335,0.171304,0.209352,0.109216,0.202567,0.326385,,0.539161,1586910000.0,0.2996,0.026784,1.559022,true,false,true,false,false,v2.38G,Cadence Design Systems Inc,CADENCE DESIGN SYSTEMS INC
U11129,CTOd,Costco Wholesale Corp,CBOE_EUROPE,0000909832,2025,2026-06-03,2026-05-10,16,447,FEATURES_READY,20,,capex_positive_treated_as_outflow,0.081673,0.099362,0.17603,0.10408,0.234612,0.029426,0.105047,0.277705,0.04845,0.621733,0.378267,7837000000.0,0.028474,0.019976,1.6465,true,true,true,false,true,v2.38G,Costco Wholesale Corp,COSTCO WHOLESALE CORP /NEW
U11130,CTP2d,Comcast Corp,CBOE_EUROPE,0001166691,2025,2026-07-23,2026-06-30,17,416,FEATURES_READY,19,liabilities_to_assets,capex_positive_treated_as_outflow,-0.000194,0.235054,0.215734,0.024116,0.132574,0.161656,0.073352,0.206371,0.271957,,0.355436,21893000000.0,0.176975,0.094982,1.682318,false,true,true,false,false,v2.38G,Comcast Corp,COMCAST CORP
U11156,CVSd,CVS Health Corp,CBOE_EUROPE,0000064803,2025,2026-08-05,2026-06-30,17,426,FEATURES_READY,20,,capex_positive_treated_as_outflow,0.07848,-0.616818,0.168222,0.001276,-0.004579,0.004397,0.006973,0.023506,0.026461,0.70268,0.296658,7807000000.0,0.019417,0.007044,6.017534,true,false,true,false,false,v2.38G,CVS Health Corp,CVS HEALTH Corp
U11249,DCHl,Dauch Corp,CBOE_EUROPE,0001062231,2025,2026-08-07,2026-06-30,15,393,FEATURES_READY,19,cash_conversion_ratio,capex_positive_treated_as_outflow,-0.047054,-1.562857,-0.096179,0.318247,0.137171,-0.003375,-0.002953,-0.030781,0.070519,0.904051,0.095949,155100000.0,0.026573,0.043946,,false,false,true,false,false,v2.38G,Dauch Corp,Dauch Corp
U11250,DCOd,Deere & Co,CBOE_EUROPE,0000315189,2025,2026-08-27,2026-08-02,17,452,FEATURES_READY,20,,capex_positive_treated_as_outflow,-0.116637,-0.291972,-0.191962,-0.012337,0.136364,0.110039,0.047426,0.193719,0.163274,0.754642,0.244821,6099000000.0,0.133504,0.02977,1.483788,true,false,true,false,false,v2.38G,Deere & Co,DEERE & CO
U11459,DY6d,Devon Energy Corp,CBOE_EUROPE,0001090012,2025,2026-08-05,2026-06-30,17,368,FEATURES_READY,16,capex_to_revenue|free_cash_flow|free_cash_flow_margin|liabilities_to_assets,,0.054463,0.000692,0.016818,0.036407,0.071192,0.172346,0.091554,0.186309,0.399797,,0.491408,,,,2.319737,true,false,false,false,false,v2.38G,Devon Energy Corp,DEVON ENERGY CORP/DE
U12192,EWLd,Edwards Lifesciences Corp,CBOE_EUROPE,0001099800,2025,2026-08-04,2026-06-30,16,349,FEATURES_READY,20,,capex_positive_treated_as_outflow,0.11547,-0.74285,1.941545,0.049168,0.033925,0.176923,0.078374,0.103844,0.262905,0.245276,0.754724,1335000000.0,0.220021,0.042884,1.48598,true,false,true,true,false,v2.38G,Edwards Lifesciences Corp,Edwards Lifesciences Corp
U12314,FB2Ad,Meta Platforms Inc,CBOE_EUROPE,0001326801,2025,2026-07-30,2026-06-30,14,387,FEATURES_READY,20,,capex_positive_treated_as_outflow,0.22167,-0.0305,0.267957,0.325904,0.18948,0.300837,0.165176,0.278297,0.576217,0.406474,0.593526,46109000000.0,0.229437,0.34678,1.915379,true,false,true,true,false,v2.38G,Meta Platforms Inc,"Meta Platforms, Inc."
U12362,FERGl,Ferguson Enterprises Inc,CBOE_EUROPE,0002011641,2025,2026-08-10,2026-06-30,2,43,FEATURES_READY,17,capex_to_revenue|free_cash_flow|free_cash_flow_margin,,-0.566965,-0.546974,-0.541377,0.034999,0.042913,0.061248,0.045826,0.134198,0.066937,0.658524,0.341476,,,,1.092875,false,true,false,false,false,v2.38G,Ferguson Enterprises Inc,Ferguson Enterprises Inc. /DE/
U12489,FOOd,Salesforce Inc,CBOE_EUROPE,0001108524,2025,2026-08-27,2026-07-31,16,459,FEATURES_READY,20,,capex_positive_treated_as_outflow,0.191296,0.80295,0.465312,0.125041,-0.00845,0.179579,0.0664,0.126086,0.361132,0.473381,0.526619,14402000000.0,0.346827,0.014305,2.010996,true,true,true,true,true,v2.38G,Salesforce Inc,"Salesforce, Inc."
U12507,FPMBd,Freeport-McMoRan Inc,CBOE_EUROPE,0000831259,2025,2026-08-06,2026-06-30,16,343,FEATURES_PARTIAL,8,assets_yoy_growth|capex_to_revenue|cash_conversion_ratio|equity_yoy_growth|free_cash_flow|free_cash_flow_margin|net_income_yoy_growth|net_margin|operating_cash_flow_yoy_growth|return_on_assets|return_on_equity|revenue_yoy_growth,,,,,,,,,,0.222743,0.471075,0.324909,,,,,false,false,false,true,false,v2.38G,Freeport-McMoRan Inc,FREEPORT-MCMORAN INC
U12650,GCPd,General Electric Co,CBOE_EUROPE,0000040545,2025,2026-07-16,2026-06-30,17,449,FEATURES_READY,17,capex_to_revenue|free_cash_flow|free_cash_flow_margin,,3.641664,0.327639,0.812527,0.057081,-0.034381,0.189816,0.066867,0.466028,0.186174,0.85482,0.143483,,,,0.980813,true,false,false,false,false,v2.38G,General Electric Co,GENERAL ELECTRIC CO
U12733,GISd,Gilead Sciences Inc,CBOE_EUROPE,0000882095,2025,2026-08-06,2026-06-30,17,394,FEATURES_READY,19,liabilities_to_assets,capex_positive_treated_as_outflow,0.023962,16.729167,-0.074714,0.000475,0.174496,0.289033,0.144181,0.37484,0.340285,,0.384647,9456000000.0,0.321163,0.019122,1.177321,false,true,true,false,true,v2.38G,Gilead Sciences Inc,"GILEAD SCIENCES, INC."
U12837,GRMd,General Mills Inc,CBOE_EUROPE,0000040704,2026,2026-07-01,2026-05-31,17,426,FEATURES_READY,19,cash_conversion_ratio,capex_positive_treated_as_outflow,-0.054499,-1.038167,-0.257693,-0.092359,-0.199017,-0.004755,-0.002918,-0.011889,0.117571,0.754117,0.245477,1626300000.0,0.088268,0.029303,,false,false,true,false,false,v2.38G,General Mills Inc,GENERAL MILLS INC
U12903,HALd,Halliburton Co,CBOE_EUROPE,0000045012,2025,2026-07-24,2026-06-30,17,366,FEATURES_PARTIAL,14,capex_to_revenue|free_cash_flow|free_cash_flow_margin|net_margin|operating_cash_flow_margin|revenue_yoy_growth,,,-0.487005,-0.24295,-0.022551,-0.004283,,0.051299,0.122646,,0.579968,0.418273,,,,2.280592,false,false,false,true,false,v2.38G,Halliburton Co,HALLIBURTON CO
U13091,HRSd,L3Harris Technologies Inc,CBOE_EUROPE,0000202058,2025,2026-07-30,2026-07-03,16,410,FEATURES_READY,20,,capex_positive_treated_as_outflow,0.025322,0.069241,0.213755,-0.01919,0.006201,0.073451,0.038985,0.081793,0.142054,0.523364,0.476636,2682000000.0,0.122662,0.019392,1.933998,false,true,true,true,true,v2.38G,L3Harris Technologies Inc,"L3HARRIS TECHNOLOGIES, INC. /DE/"
U13510,ILTd,Illinois Tool Works Inc,CBOE_EUROPE,0000049826,2025,2026-08-06,2026-06-30,17,343,FEATURES_PARTIAL,14,cash_conversion_ratio|liabilities_to_assets|net_income_yoy_growth|net_margin|return_on_assets|return_on_equity,capex_positive_treated_as_outflow,0.009184,,-0.047242,0.071746,-0.027434,,,,0.194839,,0.199777,2707000000.0,0.168724,0.026116,,true,false,true,false,false,v2.38G,Illinois Tool Works Inc,ILLINOIS TOOL WORKS INC
U13589,INLd,Intel Corp,CBOE_EUROPE,0000050863,2025,2026-07-24,2026-06-27,17,397,FEATURES_READY,17,cash_conversion_ratio|liabilities_to_assets|net_income_yoy_growth,capex_positive_treated_as_outflow,-0.00467,,0.170005,0.076057,0.151214,-0.005052,-0.001263,-0.002336,0.183471,,0.540517,-4949000000.0,-0.093637,0.277108,,true,true,false,false,false,v2.38G,Intel Corp,INTEL CORP
U13771,ITUd,Intuit Inc,CBOE_EUROPE,0000896878,2025,2026-05-20,2026-04-30,16,457,FEATURES_READY,20,,capex_positive_treated_as_outflow,0.15634,0.305771,0.270885,0.150193,0.069104,0.205459,0.104686,0.196296,0.329616,0.466692,0.533308,6123000000.0,0.325155,0.004461,1.604291,true,true,true,true,true,v2.38G,Intuit Inc,INTUIT INC.
U13894,J5Ad,Warner Bros Discovery Inc,CBOE_EUROPE,0001437107,2025,2026-08-06,2026-06-30,17,403,FEATURES_READY,19,net_income_yoy_growth,capex_positive_treated_as_outflow,-0.051499,,-0.196465,-0.042798,0.055293,0.019493,0.007264,0.02024,0.115803,0.628656,0.358885,3088000000.0,0.082797,0.033006,5.940853,false,true,true,false,false,v2.38G,Warner Bros Discovery Inc,"Warner Bros. Discovery, Inc."
U14175,KOSl,Kosmos Energy Ltd,CBOE_EUROPE,0001509991,2025,2026-08-03,2026-06-30,15,302,FEATURES_READY,15,capex_to_revenue|cash_conversion_ratio|free_cash_flow|free_cash_flow_margin|liabilities_to_assets,,-0.230999,-4.685975,-0.802415,-0.115344,-0.559664,-0.543164,-0.148998,-1.323873,0.104018,,0.112547,,,,,false,false,false,false,false,v2.38G,Kosmos Energy Ltd,Kosmos Energy Ltd.
U14192,KTFd,Mondelez International Inc,CBOE_EUROPE,0001103982,2025,2026-04-28,2026-03-31,18,459,FEATURES_READY,20,,capex_positive_treated_as_outflow,0.057518,-0.468445,-0.080652,0.043652,-0.040621,0.063601,0.034286,0.09486,0.117134,0.637822,0.361436,3235000000.0,0.083945,0.033189,1.841697,true,false,true,false,false,v2.38G,Mondelez International Inc,"Mondelez International, Inc."
U14386,LOMd,Lockheed Martin Corp,CBOE_EUROPE,0000936468,2025,2026-07-23,2026-06-28,17,430,FEATURES_READY,17,capex_to_revenue|free_cash_flow|free_cash_flow_margin,,0.056374,-0.059783,0.227338,0.07593,0.061266,0.066851,0.08384,0.746466,0.11402,0.887684,0.112316,,,,1.705601,true,false,false,false,false,v2.38G,Lockheed Martin Corp,LOCKHEED MARTIN CORP
U14536,M44d,MARA Holdings Inc,CBOE_EUROPE,0001507605,2025,2026-08-06,2026-06-30,15,318,FEATURES_READY,17,cash_conversion_ratio|liabilities_to_assets|operating_cash_flow_yoy_growth,capex_positive_treated_as_outflow,-0.39182,-3.423044,,0.071395,-0.159193,-22.340556,-0.179978,-0.377761,-13.674111,,0.476433,-1209796000.0,-20.608408,6.934297,,false,false,false,false,false,v2.38G,MARA Holdings Inc,"MARA Holdings, Inc."
U14600,MDOd,McDonald's Corp,CBOE_EUROPE,0000063908,2025,2026-08-07,2026-06-30,17,416,FEATURES_READY,17,equity_yoy_growth|liabilities_to_assets|return_on_equity,capex_positive_treated_as_outflow,0.03723,0.041347,0.116862,0.078522,,0.318505,0.14388,,0.392449,,-0.030093,7186000000.0,0.267287,0.125163,1.232162,true,true,true,false,true,v2.38G,McDonald's Corp,MCDONALDS CORP
U14683,MLB1d,MercadoLibre Inc,CBOE_EUROPE,0001099590,2025,2026-08-06,2026-06-30,16,394,FEATURES_READY,17,capex_to_revenue|free_cash_flow|free_cash_flow_margin,,0.343397,0.045003,0.530184,0.693404,0.550908,0.098205,0.046804,0.29594,0.59582,0.841845,0.158155,,,,6.067101,false,false,false,false,false,v2.38G,MercadoLibre Inc,MERCADOLIBRE INC
U14783,MTEd,Micron Technology Inc,CBOE_EUROPE,0000723125,2025,2026-06-25,2026-05-28,15,429,FEATURES_READY,20,,capex_positive_treated_as_outflow,0.488511,9.975578,1.060068,0.19278,0.200173,0.22845,0.103131,0.157648,0.468859,0.345818,0.654182,1668000000.0,0.044625,0.424234,2.052348,false,true,true,true,true,v2.38G,Micron Technology Inc,MICRON TECHNOLOGY INC
U15035,NTHd,Northrop Grumman Corp,CBOE_EUROPE,0001133421,2025,2026-07-21,2026-06-30,17,464,FEATURES_READY,20,,capex_positive_treated_as_outflow,0.022445,0.001917,0.084093,0.040884,0.090517,0.099681,0.081398,0.25081,0.113386,0.675458,0.324542,3307000000.0,0.078824,0.034562,1.137494,false,false,true,false,false,v2.38G,Northrop Grumman Corp,NORTHROP GRUMMAN CORP /DE/
U15048,NVDd,NVIDIA Corp,CBOE_EUROPE,0001045810,2026,2026-08-26,2026-07-26,16,397,FEATURES_READY,17,capex_to_revenue|free_cash_flow|free_cash_flow_margin,,0.654735,0.647462,0.60274,0.853057,0.982843,0.556025,0.580586,0.763333,0.475683,0.239407,0.760593,,,,0.855506,false,false,false,true,false,v2.38G,NVIDIA Corp,NVIDIA CORP
U15116,ONKd,ONEOK Inc,CBOE_EUROPE,0001039684,2025,2026-08-04,2026-06-30,17,401,FEATURES_READY,19,liabilities_to_assets,capex_positive_treated_as_outflow,0.549866,0.117957,0.145458,0.040144,0.319852,0.100895,0.050915,0.150901,0.166493,,0.337405,2447000000.0,0.072765,0.093729,1.650162,true,false,true,false,false,v2.38G,ONEOK Inc,ONEOK INC /NEW/
U15121,OPCd,Occidental Petroleum Corp,CBOE_EUROPE,0000797468,2025,2026-08-05,2026-06-30,17,404,FEATURES_PARTIAL,14,cash_conversion_ratio|liabilities_to_assets|net_income_yoy_growth|net_margin|return_on_assets|return_on_equity,capex_positive_treated_as_outflow,-0.213184,,-0.07929,-0.014735,0.05489,,,,0.488293,,0.428028,4105000000.0,0.190319,0.297974,,false,false,true,false,false,v2.38G,Occidental Petroleum Corp,OCCIDENTAL PETROLEUM CORP /DE/
U15165,OYCd,Delta Air Lines Inc,CBOE_EUROPE,0000027904,2025,2026-07-10,2026-06-30,16,337,FEATURES_READY,16,capex_to_revenue|free_cash_flow|free_cash_flow_margin|liabilities_to_assets,,0.027919,0.447787,0.039502,0.078875,0.363565,0.078988,0.061549,0.240013,0.131652,,0.256441,,,,1.666733,false,true,false,false,false,v2.38G,Delta Air Lines Inc,"DELTA AIR LINES, INC."
U15213,PARd,Parker-Hannifin Corp,CBOE_EUROPE,0000076334,2026,2026-08-21,2026-06-30,17,433,FEATURES_READY,15,cash_conversion_ratio|net_income_yoy_growth|net_margin|return_on_assets|return_on_equity,capex_positive_treated_as_outflow,0.083073,,0.15572,0.046891,0.125859,,,,0.202986,0.500826,0.498883,3905000000.0,0.181636,0.02135,,true,false,true,true,false,v2.38G,Parker-Hannifin Corp,Parker-Hannifin Corp
U15236,PCE1d,Booking Holdings Inc,CBOE_EUROPE,0001075531,2025,2026-08-04,2026-06-30,16,375,FEATURES_PARTIAL,14,cash_conversion_ratio|equity_yoy_growth|net_income_yoy_growth|net_margin|return_on_assets|return_on_equity,capex_positive_treated_as_outflow,0.133873,,0.130482,0.056157,,,,,0.349556,1.19061,-0.19061,9087000000.0,0.337593,0.011963,,true,false,true,false,false,v2.38G,Booking Holdings Inc,Booking Holdings Inc.
U15263,PEPd,PepsiCo Inc,CBOE_EUROPE,0000077476,2025,2026-07-09,2026-06-13,17,408,FEATURES_READY,17,capex_to_revenue|free_cash_flow|free_cash_flow_margin,,0.022547,-0.139695,-0.033581,0.079745,0.13109,0.08773,0.076723,0.403803,0.128688,0.808685,0.190002,,,,1.466869,true,false,false,false,false,v2.38G,PepsiCo Inc,PEPSICO INC
U15336,PLUNd,Plug Power Inc,CBOE_EUROPE,0001093691,2025,2026-08-10,2026-06-30,15,344,FEATURES_READY,17,cash_conversion_ratio|net_income_yoy_growth|operating_cash_flow_yoy_growth,capex_positive_treated_as_outflow,0.128981,,,-0.279856,-0.435991,-2.298282,-0.62885,-1.668179,-0.754783,0.613302,0.376968,-646999000.0,-0.91137,0.156587,,true,true,false,false,false,v2.38G,Plug Power Inc,PLUG POWER INC
U16427,SUNBl,Sunbelt Rentals Holdings Inc,CBOE_EUROPE,0002083785,2026,2026-06-23,2026-04-30,1,8,FEATURES_PARTIAL,12,assets_yoy_growth|capex_to_revenue|equity_yoy_growth|free_cash_flow|free_cash_flow_margin|net_income_yoy_growth|operating_cash_flow_yoy_growth|revenue_yoy_growth,,,,,,,0.528099,0.059502,0.178837,1.508171,0.66728,0.33272,,,,2.855849,false,false,false,false,false,v2.38G,Sunbelt Rentals Holdings Inc,"Sunbelt Rentals Holdings, Inc."
U16474,SWNd,Southwest Airlines Co,CBOE_EUROPE,0000092380,2025,2026-07-23,2026-06-30,17,384,FEATURES_READY,16,capex_to_revenue|free_cash_flow|free_cash_flow_margin|liabilities_to_assets,,0.021104,-0.051613,2.987013,-0.138933,-0.228889,0.015715,0.015175,0.055256,0.065638,,0.274629,,,,4.176871,false,false,false,false,false,v2.38G,Southwest Airlines Co,SOUTHWEST AIRLINES CO
U16555,SYPd,Synopsys Inc,CBOE_EUROPE,0000883241,2025,2026-08-26,2026-07-31,16,418,FEATURES_READY,20,,capex_positive_treated_as_outflow,0.151245,-0.411402,0.079301,2.688701,2.150766,0.188855,0.027625,0.047029,0.215278,0.412601,0.587411,1349154000.0,0.191256,0.024022,1.139908,true,false,true,true,false,v2.38G,Synopsys Inc,SYNOPSYS INC
U16707,TKEd,Take-Two Interactive Software Inc,CBOE_EUROPE,0000946581,2026,2026-08-07,2026-06-30,16,391,FEATURES_READY,17,cash_conversion_ratio|net_income_yoy_growth|operating_cash_flow_yoy_growth,capex_positive_treated_as_outflow,0.181554,,,0.022057,0.642373,-0.044799,-0.03178,-0.084935,0.093789,0.625831,0.374169,461500000.0,0.069332,0.024458,,true,true,true,false,true,v2.38G,Take-Two Interactive Software Inc,TAKE TWO INTERACTIVE SOFTWARE INC
U16875,UAL1d,United Airlines Holdings Inc,CBOE_EUROPE,0000100517,2025,2026-07-16,2026-06-30,16,318,FEATURES_READY,16,capex_to_revenue|free_cash_flow|free_cash_flow_margin|liabilities_to_assets,,0.035172,0.064782,-0.107358,0.031924,0.20568,0.056763,0.04386,0.219408,0.142729,,0.199901,,,,2.514465,false,true,false,false,false,v2.38G,United Airlines Holdings Inc,"United Airlines Holdings, Inc."
U17156,UT8d,Uber Technologies Inc,CBOE_EUROPE,0001543151,2025,2026-08-05,2026-06-30,7,207,FEATURES_READY,20,,capex_positive_treated_as_outflow,0.182796,0.019988,0.41502,0.206034,0.254337,0.193264,0.162665,0.371769,0.194148,0.545597,0.437542,9763000000.0,0.187689,0.006459,1.004576,true,false,true,true,false,v2.38G,Uber Technologies Inc,"Uber Technologies, Inc"
U17166,UWSd,Waste Management Inc,CBOE_EUROPE,0000823768,2025,2026-07-29,2026-06-30,17,400,FEATURES_READY,17,capex_to_revenue|free_cash_flow|free_cash_flow_margin,,0.142365,-0.013838,0.12115,0.028452,0.210616,0.107443,0.059081,0.271071,0.239764,0.782022,0.217956,,,,2.231536,true,false,false,false,false,v2.38G,Waste Management Inc,WASTE MANAGEMENT INC
U17336,VIAd,Viatris Inc,CBOE_EUROPE,0001792044,2025,2026-08-06,2026-06-30,7,155,FEATURES_READY,15,cash_conversion_ratio|net_income_yoy_growth|net_margin|return_on_assets|return_on_equity,capex_positive_treated_as_outflow,-0.03011,,0.005645,-0.1038,-0.210577,,,,0.162515,0.604462,0.395538,1937100000.0,0.135933,0.026582,,true,false,true,false,false,v2.38G,Viatris Inc,Viatris Inc
U17531,WDCd,Western Digital Corp,CBOE_EUROPE,0000106040,2026,2026-08-14,2026-07-03,17,427,FEATURES_READY,20,,capex_positive_treated_as_outflow,0.357038,3.988883,1.323477,-0.01007,0.668989,0.729468,0.679893,1.063177,0.304126,0.360508,0.639492,3511000000.0,0.27177,0.032355,0.416914,true,true,true,true,true,v2.38G,Western Digital Corp,WESTERN DIGITAL CORP
U17664,WMTd,Walmart Inc,CBOE_EUROPE,0000104169,2026,2026-08-28,2026-07-31,17,416,FEATURES_READY,19,liabilities_to_assets,capex_positive_treated_as_outflow,0.047255,0.126415,0.140548,0.091422,0.094536,0.030992,0.076907,0.219772,0.05884,,0.349941,14923000000.0,0.021125,0.037714,1.898552,false,true,true,false,true,v2.38G,Walmart Inc,Walmart Inc.
U18173,XONAd,Exxon Mobil Corp,CBOE_EUROPE,0002115436,0,2026-08-03,2026-06-30,0,9,INSUFFICIENT_FEATURE_EVIDENCE,0,revenue_yoy_growth|net_income_yoy_growth|operating_cash_flow_yoy_growth|assets_yoy_growth|equity_yoy_growth|net_margin|return_on_assets|return_on_equity|operating_cash_flow_margin|liabilities_to_assets|equity_to_assets|free_cash_flow|free_cash_flow_margin|capex_to_revenue|cash_conversion_ratio|growth_acceleration_flag|margin_expansion_flag|positive_fcf_flag|balance_strength_flag|fundamental_momentum_flag,no_annual_evidence,,,,,,,,,,,,,,,,false,false,false,false,false,v2.38G,Exxon Mobil Corp,ExxonMobil Holdings Corp
U18208,XS4d,ON Semiconductor Corp,CBOE_EUROPE,0001097864,2025,2026-08-03,2026-07-03,16,441,FEATURES_READY,20,,capex_positive_treated_as_outflow,-0.153467,-0.923067,-0.076899,-0.111123,-0.127677,0.020182,0.009661,0.015769,0.293525,0.385832,0.612683,1418600000.0,0.236615,0.05691,14.543802,false,false,true,true,false,v2.38G,ON Semiconductor Corp,ON SEMICONDUCTOR CORP
U18414,ZOEd,Zoetis Inc,CBOE_EUROPE,0001555280,2025,2026-08-06,2026-06-30,13,369,FEATURES_READY,20,,capex_positive_treated_as_outflow,0.022796,0.075221,-0.016593,0.086395,-0.301677,0.282349,0.17282,0.802462,0.30675,0.784638,0.215362,2283000000.0,0.241153,0.065596,1.08642,false,true,true,false,true,v2.38G,Zoetis Inc,Zoetis Inc.
U18538,07G0d,Corpay Inc,CBOE_EUROPE,0001175454,2025,2026-08-10,2026-06-30,15,357,FEATURES_READY,19,liabilities_to_assets,capex_positive_treated_as_outflow,0.139339,0.065833,-0.22708,0.470629,0.243894,0.236248,0.040511,0.275454,0.331221,,0.147071,1299145000.0,0.286888,0.044333,1.402005,true,false,true,false,false,v2.38G,Corpay Inc,"CORPAY, INC."
U18540,096d,HubSpot Inc,CBOE_EUROPE,0001404655,2025,2026-08-05,2026-06-30,12,267,FEATURES_READY,20,,capex_positive_treated_as_outflow,0.191709,8.920268,0.270829,0.015364,0.082775,0.014662,0.011912,0.02222,0.242942,0.463891,0.536109,707552000.0,0.225964,0.016979,16.569384,false,true,true,true,true,v2.38G,HubSpot Inc,HUBSPOT INC
U18541,0A1Ol,Zoom Communications Inc,CBOE_EUROPE,0001585521,2026,2026-08-26,2026-07-31,7,207,FEATURES_READY,20,,capex_positive_treated_as_outflow,0.043584,0.880891,0.022485,0.088456,0.097724,0.390273,0.15887,0.193729,0.408532,0.17994,0.82006,1924087000.0,0.39519,0.013342,1.046786,true,true,true,true,true,v2.38G,Zoom Communications Inc,"Zoom Communications, Inc."
U18547,0A3Zl,Cloudflare Inc,CBOE_EUROPE,0001477333,2025,2026-08-06,2026-06-30,7,179,FEATURES_READY,18,cash_conversion_ratio|net_income_yoy_growth,capex_positive_treated_as_outflow,0.298457,,0.585352,0.828525,0.394687,-0.047172,-0.016942,-0.070088,0.278197,0.758274,0.241726,287497000.0,0.132613,0.145584,,true,true,true,false,true,v2.38G,Cloudflare Inc,"Cloudflare, Inc."
U18549,0A60l,FuelCell Energy Inc,CBOE_EUROPE,0000886128,2025,2026-09-02,2026-07-31,15,359,FEATURES_PARTIAL,14,capex_to_revenue|cash_conversion_ratio|free_cash_flow|free_cash_flow_margin|net_income_yoy_growth|operating_cash_flow_yoy_growth,,0.410498,,,-0.012687,0.008002,-1.188016,-0.201577,-0.283759,-0.792169,0.215637,0.710381,,,,,true,false,false,true,false,v2.38G,FuelCell Energy Inc,FUELCELL ENERGY INC
U18559,0C6d,Cargurus Inc,CBOE_EUROPE,0001494259,2025,2026-08-06,2026-06-30,9,241,FEATURES_READY,20,,capex_positive_treated_as_outflow,0.014083,6.433864,0.155722,-0.197249,-0.309201,0.171892,0.23554,0.416632,0.325564,0.434658,0.565342,288897000.0,0.318526,0.007038,1.893998,true,true,true,true,true,v2.38G,Cargurus Inc,"CarGurus, Inc."
U18577,0HAVl,Agilent Technologies Inc,CBOE_EUROPE,0001090872,2025,2026-09-01,2026-07-31,17,437,FEATURES_READY,20,,capex_positive_treated_as_outflow,0.067281,0.010861,-0.109652,0.074371,0.14293,0.187536,0.102381,0.193295,0.224381,0.470339,0.529661,1152000000.0,0.165803,0.058578,1.19647,true,false,true,true,false,v2.38G,Agilent Technologies Inc,"AGILENT TECHNOLOGIES, INC."
U18579,0HC3l,Alaska Air Group Inc,CBOE_EUROPE,0000766421,2025,2026-08-04,2026-06-30,16,385,FEATURES_READY,16,capex_to_revenue|free_cash_flow|free_cash_flow_margin|liabilities_to_assets,,0.213379,-0.746835,-0.146858,0.029998,-0.058097,0.007023,0.004911,0.024284,0.087717,,0.202249,,,,12.49,true,false,false,false,false,v2.38G,Alaska Air Group Inc,"ALASKA AIR GROUP, INC."
U18580,0HCHl,Alexandria Real Estate Equities Inc,CBOE_EUROPE,0001035443,2025,2026-08-03,2026-06-30,16,307,FEATURES_PARTIAL,13,capex_to_revenue|cash_conversion_ratio|free_cash_flow|free_cash_flow_margin|net_margin|operating_cash_flow_margin|revenue_yoy_growth,,,-5.426612,-0.060137,-0.091816,-0.135221,,-0.041945,-0.092409,,0.437928,0.45391,,,,,false,false,false,true,false,v2.38G,Alexandria Real Estate Equities Inc,"ALEXANDRIA REAL ESTATE EQUITIES, INC."
U18582,0HCKl,Align Technology Inc,CBOE_EUROPE,0001097149,2025,2026-08-05,2026-06-30,16,441,FEATURES_READY,20,,capex_positive_treated_as_outflow,0.00899,-0.026132,-0.196426,0.003072,0.051185,0.101699,0.065828,0.101343,0.147021,0.350442,0.649558,490778000.0,0.121631,0.025389,1.445648,false,false,true,true,false,v2.38G,Align Technology Inc,ALIGN TECHNOLOGY INC
U18584,0HCTl,Alliant Energy Corp,CBOE_EUROPE,0000352541,2025,2026-05-01,2026-03-31,16,305,FEATURES_READY,16,capex_to_revenue|free_cash_flow|free_cash_flow_margin|liabilities_to_assets,,0.095705,0.173913,0.001714,0.100247,0.047116,0.185695,0.032412,0.110445,0.267996,,0.293466,,,,1.44321,true,true,false,false,false,v2.38G,Alliant Energy Corp,ALLIANT ENERGY CORP
U18588,0HE2l,Ameren Corp,CBOE_EUROPE,0001002910,2025,2026-08-03,2026-06-30,17,345,FEATURES_PARTIAL,14,cash_conversion_ratio|liabilities_to_assets|net_income_yoy_growth|net_margin|return_on_assets|return_on_equity,capex_positive_treated_as_outflow,0.15427,,0.213536,0.086955,0.106241,,,,0.381066,,0.276446,-775000000.0,-0.088078,0.469144,,true,false,false,false,false,v2.38G,Ameren Corp,AMEREN CORP
U18590,0HECl,American Electric Power Co Inc,CBOE_EUROPE,0000004904,2025,2026-05-05,2026-03-31,17,379,FEATURES_PARTIAL,12,capex_to_revenue|cash_conversion_ratio|free_cash_flow|free_cash_flow_margin|net_income_yoy_growth|net_margin|return_on_assets|return_on_equity,,0.086746,,0.020531,0.110421,0.155665,,,,0.319971,0.71819,0.272043,,,,,true,false,false,false,false,v2.38G,American Electric Power Co Inc,AMERICAN ELECTRIC POWER CO INC
U18591,0HEWl,American Water Works Co Inc,CBOE_EUROPE,0001410636,2025,2026-07-29,2026-06-30,16,350,FEATURES_READY,19,liabilities_to_assets,capex_positive_treated_as_outflow,0.10058,0.057088,0.006846,0.079561,0.048877,0.21695,0.031347,0.102519,0.40207,,0.305767,-1067000000.0,-0.208358,0.610428,1.853285,false,false,false,false,false,v2.38G,American Water Works Co Inc,"American Water Works Company, Inc."
U18592,0HF3l,Cencora Inc,CBOE_EUROPE,0001140859,2025,2026-08-05,2026-06-30,17,412,FEATURES_READY,19,liabilities_to_assets,capex_positive_treated_as_outflow,0.093123,0.029851,0.112043,0.141404,1.334619,0.004837,0.020292,1.030603,0.01206,,0.019689,3207139000.0,0.009981,0.002079,2.493371,false,false,true,false,false,v2.38G,Cencora Inc,"Cencora, Inc."
U18593,0HF6l,Ameriprise Financial Inc,CBOE_EUROPE,0000820027,2025,2026-08-04,2026-06-30,17,409,FEATURES_READY,17,capex_to_revenue|free_cash_flow|free_cash_flow_margin,,0.054948,0.047633,0.262017,0.052375,0.252678,0.188409,0.018664,0.544053,0.440114,0.965695,0.034305,,,,2.335953,false,false,false,false,false,v2.38G,Ameriprise Financial Inc,AMERIPRISE FINANCIAL INC
U18598,0HG8l,Elevance Health Inc,CBOE_EUROPE,0001156039,2025,2026-07-15,2026-06-30,16,468,FEATURES_READY,20,,capex_positive_treated_as_outflow,0.12493,-0.053177,-0.261364,0.039396,0.062132,0.028434,0.046603,0.129028,0.021544,0.637628,0.361187,3174000000.0,0.01594,0.005605,0.757683,true,false,true,false,false,v2.38G,Elevance Health Inc,"Elevance Health, Inc."
U18600,0HI1l,Arrow Electronics Inc,CBOE_EUROPE,0000007536,2025,2026-08-06,2026-07-04,16,392,FEATURES_READY,19,liabilities_to_assets,capex_positive_treated_as_outflow,0.104916,0.457036,-0.94334,0.336452,0.142951,0.018516,0.019646,0.086756,0.002076,,0.226449,-37205000.0,-0.001206,0.003282,0.112118,true,true,false,false,false,v2.38G,Arrow Electronics Inc,"ARROW ELECTRONICS, INC."
U18602,0HIYl,Atara Biotherapeutics Inc,CBOE_EUROPE,0001604464,2025,2026-08-12,2026-06-30,12,234,FEATURES_READY,16,equity_yoy_growth|net_income_yoy_growth|operating_cash_flow_yoy_growth|return_on_equity,,-0.063347,,,-0.814525,,0.270659,1.615419,,-0.421787,2.902743,-1.902743,-50940000.0,-0.421787,0.0,-1.55837,false,true,false,false,false,v2.38G,Atara Biotherapeutics Inc,"Atara Biotherapeutics, Inc."
U18603,0HJLl,AutoZone Inc,CBOE_EUROPE,0000866787,2025,2026-06-12,2026-05-09,16,396,FEATURES_READY,17,equity_yoy_growth|liabilities_to_assets|return_on_equity,capex_positive_treated_as_outflow,0.024253,-0.061666,0.037689,0.126847,,0.131912,0.129073,,0.164601,,-0.176402,1790080000.0,0.09452,0.070082,1.24781,false,false,true,false,false,v2.38G,AutoZone Inc,AUTOZONE INC
U18605,0HJRl,Avery Dennison Corp,CBOE_EUROPE,0000008818,2025,2026-08-04,2026-06-30,16,376,FEATURES_READY,19,liabilities_to_assets,capex_positive_treated_as_outflow,0.011398,-0.023975,-0.061142,0.047298,-0.030359,0.077692,0.078167,0.306855,0.099531,,0.254735,712400000.0,0.080447,0.019084,1.281105,false,false,true,false,false,v2.38G,Avery Dennison Corp,Avery Dennison Corp
U18608,0HL5l,Ball Corp,CBOE_EUROPE,0000009389,2025,2026-08-04,2026-06-30,16,371,FEATURES_PARTIAL,11,capex_to_revenue|cash_conversion_ratio|free_cash_flow_margin|net_income_yoy_growth|net_margin|operating_cash_flow_margin|return_on_assets|return_on_equity|revenue_yoy_growth,capex_positive_treated_as_outflow,,,9.973913,0.107556,-0.07523,,,,,0.722342,0.277658,788000000.0,,,,false,false,true,false,false,v2.38G,Ball Corp,BALL Corp
U18614,0HOXl,BXP Inc,CBOE_EUROPE,0001037540,2026,2026-08-06,2026-06-30,18,398,FEATURES_READY,17,capex_to_revenue|free_cash_flow|free_cash_flow_margin,,-0.49233,-0.385166,-0.516106,-0.037923,0.001546,0.096267,0.00676,0.033013,0.340824,0.692632,0.204782,,,,3.540385,false,true,false,false,false,v2.38G,BXP Inc,"BXP, Inc."
U18617,0HQ3l,Brown-Forman Corp,CBOE_EUROPE,0000014693,2026,2026-09-02,2026-07-31,16,399,FEATURES_READY,20,,capex_positive_treated_as_outflow,-0.011824,-0.177215,0.672241,-0.023745,0.006762,0.182026,0.090575,0.177861,0.254582,0.490752,0.509248,893000000.0,0.227342,0.02724,1.398601,true,false,true,true,false,v2.38G,Brown-Forman Corp,BROWN FORMAN CORP
U18618,0HQPl,CBRE Group Inc,CBOE_EUROPE,0001138118,2025,2026-07-29,2026-06-30,16,419,FEATURES_READY,17,capex_to_revenue|free_cash_flow|free_cash_flow_margin,,0.136655,0.195248,-0.087237,0.266333,0.055523,0.028997,0.037471,0.130322,0.039073,0.688247,0.287528,,,,1.34745,true,true,false,false,false,v2.38G,CBRE Group Inc,"CBRE GROUP, INC."
U18619,0HQUl,CF Industries Holdings Inc,CBOE_EUROPE,0001324404,2025,2026-08-06,2026-06-30,17,358,FEATURES_PARTIAL,14,cash_conversion_ratio|liabilities_to_assets|net_income_yoy_growth|net_margin|return_on_assets|return_on_equity,capex_positive_treated_as_outflow,0.193396,,0.211801,0.04619,-0.029488,,,,0.388481,,0.343413,1802000000.0,0.254376,0.134105,,true,false,true,false,false,v2.38G,CF Industries Holdings Inc,"CF Industries Holdings, Inc."
U18622,0HRJl,CSX Corp,CBOE_EUROPE,0000277948,2025,2026-07-22,2026-06-30,17,477,FEATURES_READY,20,,capex_positive_treated_as_outflow,-0.030812,-0.167435,-0.120831,0.021467,0.052211,0.20501,0.066137,0.219529,0.327349,0.698732,0.301268,1711000000.0,0.121416,0.205932,1.596746,false,false,true,false,false,v2.38G,CSX Corp,CSX CORP
U18628,0HTGl,Cardinal Health Inc,CBOE_EUROPE,0000721371,2026,2026-08-11,2026-06-30,17,356,FEATURES_READY,17,equity_yoy_growth|liabilities_to_assets|return_on_equity,capex_positive_treated_as_outflow,0.142287,0.098014,1.158531,0.07863,,0.006741,0.029913,,0.02035,,-0.050315,4525000000.0,0.017798,0.002553,3.01867,true,false,true,false,false,v2.38G,Cardinal Health Inc,CARDINAL HEALTH INC
U18632,0HVDl,Permian Resources Corp,CBOE_EUROPE,0001658566,2025,2026-08-06,2026-06-30,9,223,FEATURES_READY,17,capex_to_revenue|free_cash_flow|free_cash_flow_margin,,0.012894,-0.050296,0.05732,0.060024,0.12472,0.184627,0.052209,0.090985,0.712219,0.356087,0.573815,,,,3.857615,false,false,false,true,false,v2.38G,Permian Resources Corp,Permian Resources Corp
U18633,0HVFl,CenterPoint Energy Inc,CBOE_EUROPE,0001130310,2025,2026-04-23,2026-03-31,17,346,FEATURES_READY,19,liabilities_to_assets,capex_positive_treated_as_outflow,0.091791,0.032385,0.162225,0.063197,0.045659,0.11267,0.022607,0.094324,0.266253,,0.239674,-2384000000.0,-0.255328,0.521581,2.363118,true,false,false,false,false,v2.38G,CenterPoint Energy Inc,CENTERPOINT ENERGY INC
U18634,0HW4l,Charter Communications Inc,CBOE_EUROPE,0001091667,2025,2026-07-24,2026-06-30,14,347,FEATURES_READY,19,liabilities_to_assets,capex_positive_treated_as_outflow,-0.005646,-0.018886,0.114137,0.02795,0.029961,0.091047,0.032338,0.310639,0.293515,,0.104103,4418000000.0,0.080659,0.212856,3.223782,false,false,true,false,false,v2.38G,Charter Communications Inc,"CHARTER COMMUNICATIONS, INC. /MO/"
U18637,0HYEl,Cincinnati Financial Corp,CBOE_EUROPE,0000020286,2025,2026-07-27,2026-06-30,16,441,FEATURES_READY,20,,capex_positive_treated_as_outflow,0.11414,0.044066,0.174783,0.123312,0.141801,0.189455,0.058363,0.150399,0.246378,0.611946,0.388054,3092000000.0,0.244795,0.001583,1.30046,false,false,true,false,false,v2.38G,Cincinnati Financial Corp,CINCINNATI FINANCIAL CORP
U18639,0HYPl,Citizens Financial Group Inc,CBOE_EUROPE,0000759944,2025,2026-08-03,2026-06-30,12,288,FEATURES_READY,17,capex_to_revenue|free_cash_flow|free_cash_flow_margin,,0.066536,0.213386,0.104948,0.040594,0.085058,1.119878,0.008089,0.069575,1.352294,0.883734,0.116266,,,,1.207537,false,true,false,false,false,v2.38G,Citizens Financial Group Inc,CITIZENS FINANCIAL GROUP INC/RI
U18642,0I2Pl,Conagra Brands Inc,CBOE_EUROPE,0000023217,2026,2026-07-15,2026-05-31,17,432,FEATURES_READY,19,cash_conversion_ratio,capex_positive_treated_as_outflow,-0.02852,-2.662791,-0.171287,-0.174812,-0.288278,-0.169852,-0.110927,-0.301403,0.124282,0.631964,0.368036,978700000.0,0.086752,0.03753,,true,false,true,false,false,v2.38G,Conagra Brands Inc,CONAGRA BRANDS INC.
U18643,0I35l,Consolidated Edison Inc,CBOE_EUROPE,0001047862,2025,2026-05-07,2026-03-31,15,346,FEATURES_READY,16,capex_to_revenue|free_cash_flow|free_cash_flow_margin|liabilities_to_assets,,0.10214,0.111538,0.328168,0.057269,0.101448,0.118658,0.027117,0.08363,0.281541,,0.32425,,,,2.372714,true,true,false,false,false,v2.38G,Consolidated Edison Inc,CONSOLIDATED EDISON INC
U18646,0I4Al,Coty Inc,CBOE_EUROPE,0001024305,2026,2026-08-20,2026-06-30,13,297,FEATURES_READY,15,capex_to_revenue|cash_conversion_ratio|free_cash_flow|free_cash_flow_margin|net_income_yoy_growth,,-0.014645,,0.091758,-0.143378,-0.156096,-0.104157,-0.059292,-0.202295,0.092619,0.668729,0.293096,,,,,true,false,false,false,false,v2.38G,Coty Inc,COTY INC.
U18651,0I6Ql,DTE Energy Co,CBOE_EUROPE,0000936340,2025,2026-04-30,2026-03-31,17,320,FEATURES_PARTIAL,13,capex_to_revenue|free_cash_flow|free_cash_flow_margin|liabilities_to_assets|net_margin|operating_cash_flow_margin|revenue_yoy_growth,,,0.041311,-0.064233,0.106866,0.051628,,0.027041,0.118833,,,0.227555,,,,2.331737,false,false,false,false,false,v2.38G,DTE Energy Co,DTE ENERGY CO
U18652,0I7El,DaVita Inc,CBOE_EUROPE,0000927066,2025,2026-08-04,2026-06-30,17,433,FEATURES_READY,19,return_on_equity,capex_positive_treated_as_outflow,0.064571,-0.202425,-0.06703,0.011272,-6.375423,0.054739,0.042723,,0.138275,0.933728,-0.037247,1310636000.0,0.096066,0.042209,2.526101,true,false,true,false,false,v2.38G,DaVita Inc,DAVITA INC.
U18653,0I8Fl,DENTSPLY SIRONA Inc,CBOE_EUROPE,0000818479,2025,2026-08-06,2026-06-30,17,410,FEATURES_READY,15,capex_to_revenue|cash_conversion_ratio|free_cash_flow|free_cash_flow_margin|net_income_yoy_growth,,-0.029792,,-0.490239,-0.056318,-0.310505,-0.1625,-0.110149,-0.446602,0.063859,0.753177,0.246638,,,,,true,true,false,false,false,v2.38G,DENTSPLY SIRONA Inc,DENTSPLY SIRONA Inc.
U18656,0IC7l,Dollar General Corp,CBOE_EUROPE,0000029534,2025,2026-08-27,2026-07-31,15,276,FEATURES_READY,17,capex_to_revenue|free_cash_flow|free_cash_flow_margin,,0.052005,0.343974,0.213092,-0.005428,0.148138,0.035397,0.048841,0.177669,0.085069,0.725099,0.274901,,,,2.403276,true,true,false,false,false,v2.38G,Dollar General Corp,DOLLAR GENERAL CORP
U18657,0IC8l,Dollar Tree Inc,CBOE_EUROPE,0000935703,2025,2026-08-27,2026-08-01,16,382,FEATURES_PARTIAL,13,capex_to_revenue|cash_conversion_ratio|free_cash_flow|free_cash_flow_margin|net_income_yoy_growth|operating_cash_flow_margin|operating_cash_flow_yoy_growth,,0.104174,,,-0.277719,-0.055941,0.066123,0.095238,0.341554,,0.721161,0.278839,,,,,true,true,false,false,false,v2.38G,Dollar Tree Inc,"DOLLAR TREE, INC."
U18661,0IDRl,EOG Resources Inc,CBOE_EUROPE,0000821189,2025,2026-08-04,2026-06-30,17,363,FEATURES_READY,16,capex_to_revenue|free_cash_flow|free_cash_flow_margin|liabilities_to_assets,,-0.044983,-0.22224,-0.172857,0.097762,0.016422,0.220042,0.096141,0.166929,0.443796,,0.575938,,,,2.016867,false,false,false,false,false,v2.38G,EOG Resources Inc,EOG RESOURCES INC
U18663,0IF3l,Eastman Chemical Co,CBOE_EUROPE,0000915389,2025,2026-07-31,2026-06-30,17,460,FEATURES_READY,20,,capex_positive_treated_as_outflow,-0.06715,-0.476243,-0.246309,-0.02327,0.031493,0.054159,0.0319,0.079517,0.110832,0.593714,0.401171,424000000.0,0.048446,0.062386,2.046414,false,false,true,true,false,v2.38G,Eastman Chemical Co,EASTMAN CHEMICAL CO
U18664,0IF4l,Eastman Kodak Co,CBOE_EUROPE,0000031235,2025,2026-08-04,2026-06-30,15,384,FEATURES_READY,18,cash_conversion_ratio|operating_cash_flow_yoy_growth,capex_positive_treated_as_outflow,0.024928,-2.254902,,-0.191904,-0.042122,-0.119738,-0.079159,-0.208469,0.449018,0.55906,0.379716,446000000.0,0.417212,0.031805,,true,false,true,true,false,v2.38G,Eastman Kodak Co,EASTMAN KODAK CO
U18666,0IFJl,Edison International,CBOE_EUROPE,0000827052,2025,2026-04-28,2026-03-31,17,454,FEATURES_READY,19,net_income_yoy_growth,capex_positive_treated_as_outflow,0.097619,,0.156761,0.098704,0.129393,0.230833,0.047423,0.253655,0.300254,0.795174,0.186959,-715000000.0,-0.037014,0.337268,1.30074,true,false,false,false,false,v2.38G,Edison International,EDISON INTERNATIONAL
U18667,0IHPl,Entergy Corp,CBOE_EUROPE,0000065984,2025,2026-05-01,2026-03-31,17,339,FEATURES_PARTIAL,14,cash_conversion_ratio|liabilities_to_assets|net_income_yoy_growth|net_margin|return_on_assets|return_on_equity,capex_positive_treated_as_outflow,0.08982,,0.147519,0.109596,0.121929,,,,0.397835,,0.2354,-2534271000.0,-0.195747,0.593582,,true,false,false,false,false,v2.38G,Entergy Corp,ENTERGY CORP /DE/
U18668,0II3l,Equifax Inc,CBOE_EUROPE,0000033185,2025,2026-07-21,2026-06-30,16,375,FEATURES_READY,17,capex_to_revenue|free_cash_flow|free_cash_flow_margin,,0.069247,0.093031,0.219857,0.008912,-0.040151,0.1087,0.055655,0.143409,0.265981,0.60063,0.388083,,,,2.446918,false,true,false,false,false,v2.38G,Equifax Inc,EQUIFAX INC
U18671,0IIRl,Essex Property Trust Inc,CBOE_EUROPE,0000920522,2025,2026-07-30,2026-06-30,16,355,FEATURES_PARTIAL,12,capex_to_revenue|cash_conversion_ratio|free_cash_flow|free_cash_flow_margin|net_income_yoy_growth|net_margin|return_on_assets|return_on_equity,,-0.086118,,0.005727,0.017919,0.000781,,,,114.53182,0.564033,0.421109,,,,,false,false,false,true,false,v2.38G,Essex Property Trust Inc,"ESSEX PROPERTY TRUST, INC."
U18672,0IJ2l,Eversource Energy,CBOE_EUROPE,0000072741,2025,2026-08-03,2026-06-30,15,303,FEATURES_PARTIAL,14,cash_conversion_ratio|liabilities_to_assets|net_income_yoy_growth|net_margin|return_on_assets|return_on_equity,capex_positive_treated_as_outflow,0.138346,,0.904663,0.070345,0.07699,,,,0.303646,,0.253929,-45097000.0,-0.003329,0.306975,,true,false,false,false,false,v2.38G,Eversource Energy,EVERSOURCE ENERGY
U18674,0IJNl,Exelon Corp,CBOE_EUROPE,0001109357,2025,2026-05-06,2026-03-31,16,396,FEATURES_READY,15,cash_conversion_ratio|net_income_yoy_growth|net_margin|return_on_assets|return_on_equity,capex_positive_treated_as_outflow,0.053413,,0.123002,0.081515,0.069723,,,,0.257812,0.752955,0.247045,-2275000000.0,-0.093783,0.351595,,false,false,false,false,false,v2.38G,Exelon Corp,EXELON CORP
U18675,0IJRl,Expeditors International of Washington Inc,CBOE_EUROPE,0000746515,2025,2026-08-05,2026-06-30,17,364,FEATURES_READY,16,capex_to_revenue|free_cash_flow|free_cash_flow_margin|liabilities_to_assets,,0.044195,0.00032,0.391423,0.029274,0.059658,0.073207,0.165589,0.343998,0.09093,,0.481366,,,,1.242085,false,false,false,false,false,v2.38G,Expeditors International of Washington Inc,EXPEDITORS INTERNATIONAL OF WASHINGTON INC
U18676,0IJVl,Extra Space Storage Inc,CBOE_EUROPE,0001289490,2025,2026-07-31,2026-06-30,16,344,FEATURES_READY,17,capex_to_revenue|free_cash_flow|free_cash_flow_margin,,0.071333,0.139605,-0.019729,0.014425,-0.036879,7.522622,0.033283,0.072507,14.289853,0.510524,0.459033,,,,1.899584,false,true,false,true,false,v2.38G,Extra Space Storage Inc,Extra Space Storage Inc.
U18678,0IKWl,Fastenal Co,CBOE_EUROPE,0000815556,2025,2026-07-16,2026-06-30,17,410,FEATURES_READY,19,liabilities_to_assets,capex_positive_treated_as_outflow,0.086735,0.09369,0.104492,0.075543,0.090507,0.153454,0.249045,0.319099,0.158027,,0.780463,1050600000.0,0.128114,0.029913,1.0298,true,true,true,false,true,v2.38G,Fastenal Co,FASTENAL CO
U18681,0ILWl,Fidelity National Information Services Inc,CBOE_EUROPE,0001136893,2025,2026-08-04,2026-06-30,17,434,FEATURES_READY,15,cash_conversion_ratio|free_cash_flow|free_cash_flow_margin|operating_cash_flow_margin|operating_cash_flow_yoy_growth,capex_positive_treated_as_outflow,0.05431,-0.736552,,-0.008762,-0.114601,0.035778,0.011407,0.027484,,0.584866,0.415044,,,0.014424,,true,false,false,true,false,v2.38G,Fidelity National Information Services Inc,"Fidelity National Information Services, Inc."
U18683,0IP9l,Fiserv Inc,CBOE_EUROPE,0000798354,2025,2026-08-07,2026-06-30,17,436,FEATURES_READY,20,,capex_positive_treated_as_outflow,0.036029,0.111466,-0.085809,0.038315,-0.047141,0.164205,0.043428,0.134926,0.286038,0.677923,0.321865,4299000000.0,0.20285,0.083188,1.741954,false,true,true,false,true,v2.38G,Fiserv Inc,FISERV INC
U18684,0IPBl,FirstEnergy Corp,CBOE_EUROPE,0001031296,2025,2026-04-28,2026-03-31,17,354,FEATURES_READY,17,capex_to_revenue|free_cash_flow|free_cash_flow_margin,,0.120101,0.042945,0.279834,0.074168,0.004416,0.067594,0.018246,0.081535,0.245195,0.750894,0.223776,,,,3.627451,true,false,false,false,false,v2.38G,FirstEnergy Corp,FIRSTENERGY CORP
U18686,0IQEl,Flowserve Corp,CBOE_EUROPE,0000030625,2025,2026-07-29,2026-06-30,16,365,FEATURES_READY,16,capex_to_revenue|free_cash_flow|free_cash_flow_margin|liabilities_to_assets,,0.037618,0.22453,0.189453,0.0377,0.091515,0.073214,0.060658,0.158003,0.106969,,0.383903,,,,1.461049,false,true,false,false,false,v2.38G,Flowserve Corp,FLOWSERVE CORP
U18687,0IREl,Fortive Corp,CBOE_EUROPE,0001659166,2025,2026-04-30,2026-04-03,10,215,FEATURES_READY,19,liabilities_to_assets,capex_positive_treated_as_outflow,-0.332601,-0.304598,-0.290542,-0.3102,-0.366606,0.139261,0.049345,0.089751,0.260441,,0.549801,978100000.0,0.235171,0.02527,1.870166,false,true,true,false,false,v2.38G,Fortive Corp,Fortive Corp
U18688,0IRNl,Fortune Brands Innovations Inc,CBOE_EUROPE,0001519751,2025,2026-08-05,2026-06-27,15,387,FEATURES_READY,15,cash_conversion_ratio|net_income_yoy_growth|net_margin|return_on_assets|return_on_equity,capex_positive_treated_as_outflow,-0.031634,,-0.283318,-0.006279,-0.01379,,,,0.107232,0.633684,0.366316,366800000.0,0.082183,0.025049,,false,false,true,false,false,v2.38G,Fortune Brands Innovations Inc,"Fortune Brands Innovations, Inc."
U18689,0ITLl,Arthur J Gallagher & Co,CBOE_EUROPE,0000354190,2025,2026-08-05,2026-06-30,16,404,FEATURES_READY,17,capex_to_revenue|free_cash_flow|free_cash_flow_margin,,0.206588,0.021399,-0.252778,0.099755,0.157169,0.107158,0.021142,0.064062,0.138431,0.66961,0.330022,,,,1.291834,true,false,false,false,false,v2.38G,Arthur J Gallagher & Co,Arthur J. Gallagher & Co.
U18692,0IUCl,General Dynamics Corp,CBOE_EUROPE,0000040533,2025,2026-04-29,2026-04-05,17,353,FEATURES_READY,19,liabilities_to_assets,capex_positive_treated_as_outflow,0.101308,0.113168,0.245136,0.024499,0.161311,0.080114,0.073538,0.164312,0.097431,,0.447554,3959000000.0,0.075338,0.022093,1.216152,false,true,true,false,true,v2.38G,General Dynamics Corp,GENERAL DYNAMICS CORP
U18693,0IUXl,Genuine Parts Co,CBOE_EUROPE,0000040987,2025,2026-07-21,2026-06-30,17,351,FEATURES_READY,19,liabilities_to_assets,capex_positive_treated_as_outflow,0.03464,-0.927058,-0.288103,0.078456,0.019732,0.002714,0.003171,0.01491,0.036657,,0.212689,420924000.0,0.017322,0.019335,13.50765,true,false,true,false,false,v2.38G,Genuine Parts Co,GENUINE PARTS CO
U18699,0J1Rl,HCA Healthcare Inc,CBOE_EUROPE,0000860730,2025,2026-04-29,2026-03-31,15,347,FEATURES_READY,17,equity_yoy_growth|liabilities_to_assets|return_on_equity,capex_positive_treated_as_outflow,0.070776,0.177778,0.201826,0.020281,,0.089735,0.111726,,0.167143,,-0.099259,7692000000.0,0.101746,0.065397,1.862618,false,true,true,false,true,v2.38G,HCA Healthcare Inc,"HCA Healthcare, Inc."
U18700,0J1Ul,Healthpeak Properties Inc,CBOE_EUROPE,0000765880,2025,2026-08-05,2026-06-30,17,408,FEATURES_READY,17,capex_to_revenue|free_cash_flow|free_cash_flow_margin,,0.062472,-0.706562,0.169512,0.01995,-0.107267,0.118126,0.003508,0.009513,2.072818,0.591737,0.368808,,,,17.547465,false,false,false,true,false,v2.38G,Healthpeak Properties Inc,"HEALTHPEAK PROPERTIES, INC."
U18705,0J4Gl,Helmerich & Payne Inc,CBOE_EUROPE,0000046765,2025,2026-08-06,2026-06-30,17,412,FEATURES_READY,18,cash_conversion_ratio|liabilities_to_assets,capex_positive_treated_as_outflow,0.339581,-1.475629,-0.206982,0.159781,-0.030103,-0.044499,-0.024411,-0.057856,0.147595,,0.421928,116577000.0,0.03169,0.115904,,true,false,true,false,false,v2.38G,Helmerich & Payne Inc,"Helmerich & Payne, Inc."
U18709,0J5Il,Hilton Worldwide Holdings Inc,CBOE_EUROPE,0001585689,2025,2026-07-28,2026-06-30,12,342,FEATURES_READY,18,equity_yoy_growth|return_on_equity,capex_positive_treated_as_outflow,0.077412,-0.050814,0.057625,0.015252,,0.121023,0.086861,,0.176842,1.318708,-0.321211,2028000000.0,0.168453,0.008389,1.461222,false,false,true,false,false,v2.38G,Hilton Worldwide Holdings Inc,Hilton Worldwide Holdings Inc.
U18711,0J5Zl,Hormel Foods Corp,CBOE_EUROPE,0000048465,2025,2026-08-27,2026-07-26,16,349,FEATURES_PARTIAL,14,capex_to_revenue|free_cash_flow_margin|liabilities_to_assets|net_margin|operating_cash_flow_margin|revenue_yoy_growth,capex_positive_treated_as_outflow,,-0.405994,-0.332734,-0.003097,-0.011541,,0.035705,0.060522,,,0.589943,534349000.0,,,1.767579,false,false,true,false,false,v2.38G,Hormel Foods Corp,HORMEL FOODS CORP /DE/
U18712,0J66l,Host Hotels & Resorts Inc,CBOE_EUROPE,0001070750,2025,2026-08-07,2026-06-30,17,347,FEATURES_READY,17,capex_to_revenue|free_cash_flow|free_cash_flow_margin,,0.075651,0.097561,0.008011,7.7e-05,-0.007717,0.125123,0.058625,0.116651,0.246974,0.484098,0.502567,,,,1.973856,true,true,false,true,false,v2.38G,Host Hotels & Resorts Inc,"HOST HOTELS & RESORTS, INC."
U18716,0J76l,Huntington Ingalls Industries Inc,CBOE_EUROPE,0001501585,2025,2026-07-30,2026-06-30,15,414,FEATURES_READY,20,,capex_positive_treated_as_outflow,0.082271,0.1,2.043257,0.050078,0.087227,0.048462,0.047455,0.119259,0.095803,0.602086,0.397914,794000000.0,0.063601,0.032201,1.97686,true,true,true,false,true,v2.38G,Huntington Ingalls Industries Inc,"HUNTINGTON INGALLS INDUSTRIES, INC."
U18717,0J86l,IPG Photonics Corp,CBOE_EUROPE,0001111928,2025,2026-08-04,2026-06-30,15,410,FEATURES_READY,19,net_income_yoy_growth,capex_positive_treated_as_outflow,0.027266,,-0.696066,0.058978,0.051203,0.030979,0.012827,0.014612,0.07506,0.12216,0.87784,-3454000.0,-0.003441,0.078501,2.422948,true,true,false,true,false,v2.38G,IPG Photonics Corp,IPG PHOTONICS CORP
U18718,0J8Pl,IDEXX Laboratories Inc,CBOE_EUROPE,0000874716,2025,2026-08-04,2026-06-30,16,434,FEATURES_READY,20,,capex_positive_treated_as_outflow,0.10422,0.193269,0.272125,0.017403,0.006312,0.246175,0.316186,0.659945,0.274602,0.52089,0.47911,1057129000.0,0.245632,0.028969,1.115474,true,true,true,true,true,v2.38G,IDEXX Laboratories Inc,IDEXX LABORATORIES INC /DE
U18720,0J9Pl,Incyte Corp,CBOE_EUROPE,0000879169,2025,2026-04-28,2026-03-31,15,302,FEATURES_READY,20,,capex_positive_treated_as_outflow,0.212209,38.44964,3.215157,0.278024,0.49885,0.250261,0.184917,0.24899,0.274933,0.25733,0.74267,1364798000.0,0.265461,0.009472,1.098588,true,true,true,true,true,v2.38G,Incyte Corp,INCYTE CORP
U18721,0JC3l,Intercontinental Exchange Inc,CBOE_EUROPE,0001571949,2025,2026-07-30,2026-06-30,13,348,FEATURES_READY,20,,capex_positive_treated_as_outflow,0.074739,0.203704,0.011499,-0.018224,0.045864,0.262263,0.024217,0.114646,0.368829,0.788212,0.211233,4289000000.0,0.33932,0.029509,1.406335,false,true,true,false,true,v2.38G,Intercontinental Exchange Inc,"Intercontinental Exchange, Inc."
U18723,0JDMl,IQVIA Holdings Inc,CBOE_EUROPE,0001478242,2025,2026-05-05,2026-03-31,13,304,FEATURES_READY,17,capex_to_revenue|free_cash_flow|free_cash_flow_margin,,0.058747,-0.009468,-0.022828,0.113201,0.071864,0.083384,0.045418,0.209134,0.162722,0.778587,0.217172,,,,1.951471,true,false,false,false,false,v2.38G,IQVIA Holdings Inc,IQVIA HOLDINGS INC.
U18736,0JQRl,KeyCorp,CBOE_EUROPE,0000091576,2025,2026-08-04,2026-06-30,17,406,FEATURES_READY,16,capex_to_revenue|free_cash_flow|free_cash_flow_margin|net_income_yoy_growth,,0.064516,,2.325301,-0.01489,0.121314,1.04574,0.00992,0.08974,1.262436,0.889463,0.110537,,,,1.207217,false,true,false,false,false,v2.38G,KeyCorp,KEYCORP /NEW/
U18739,0JRLl,Kohl's Corp,CBOE_EUROPE,0000885639,2025,2026-09-03,2026-08-01,17,364,FEATURES_READY,16,capex_to_revenue|free_cash_flow|free_cash_flow_margin|liabilities_to_assets,,-0.042784,1.495413,1.12963,-0.014529,0.064703,0.017518,0.020356,0.067194,0.088877,,0.302949,,,,5.073529,true,true,false,false,false,v2.38G,Kohl's Corp,KOHLS Corp
U18742,0JSJl,LKQ Corp,CBOE_EUROPE,0001065696,2025,2026-07-30,2026-06-30,16,325,FEATURES_READY,16,capex_to_revenue|free_cash_flow|free_cash_flow_margin|liabilities_to_assets,,-0.049042,-0.122655,-0.05174,0.01217,0.086422,0.044539,0.040166,0.093009,0.07787,,0.431856,,,,1.748355,false,false,false,false,false,v2.38G,LKQ Corp,LKQ CORP
U18743,0JT5l,Lam Research Corp,CBOE_EUROPE,0000707549,2026,2026-08-07,2026-06-28,16,372,FEATURES_READY,17,capex_to_revenue|free_cash_flow|free_cash_flow_margin,,0.260209,0.355935,-0.051125,0.10234,0.264592,0.312723,0.308775,0.582587,0.25213,0.469993,0.530007,,,,0.806241,true,true,false,true,false,v2.38G,Lam Research Corp,LAM RESEARCH CORP
U18745,0JU0l,Lennar Corp,CBOE_EUROPE,0000920760,2025,2026-06-29,2026-05-31,16,411,FEATURES_READY,20,,capex_positive_treated_as_outflow,-0.035397,-0.471542,-0.909789,-0.166591,-0.212081,0.060789,0.060359,0.094637,0.006342,0.356947,0.637791,28183000.0,0.000824,0.005518,0.104328,false,false,true,true,false,v2.38G,Lennar Corp,LENNAR CORP /NEW/
U18750,0JWCl,MGM Resorts International,CBOE_EUROPE,0000789570,2025,2026-07-29,2026-06-30,16,403,FEATURES_READY,20,,capex_positive_treated_as_outflow,0.017235,-0.724252,0.070638,-0.020313,-0.196318,0.011738,0.004976,0.08472,0.144225,0.920812,0.058731,1460451000.0,0.083275,0.06095,12.286765,false,false,true,false,false,v2.38G,MGM Resorts International,MGM Resorts International
U18752,0JXDl,Macy's Inc,CBOE_EUROPE,0000794367,2025,2026-06-04,2026-05-02,17,408,FEATURES_READY,19,liabilities_to_assets,capex_positive_treated_as_outflow,-0.023729,0.103093,0.118936,-0.009999,0.067663,0.029498,0.039537,0.132099,0.065705,,0.299298,1057000000.0,0.048566,0.017138,2.227414,true,true,true,false,false,v2.38G,Macy's Inc,"Macy's, Inc."
U18754,0JYAl,Marathon Petroleum Corp,CBOE_EUROPE,0001510295,2025,2026-08-04,2026-06-30,15,398,FEATURES_READY,20,,capex_positive_treated_as_outflow,-0.044396,0.174746,-0.047548,0.064635,-0.024289,0.030498,0.048204,0.233741,0.062193,0.713108,0.20623,4767000000.0,0.035923,0.02627,2.039288,true,true,true,false,false,v2.38G,Marathon Petroleum Corp,Marathon Petroleum Corp
U18756,0JZ0l,Martin Marietta Materials Inc,CBOE_EUROPE,0000916076,2025,2026-07-30,2026-06-30,16,438,FEATURES_READY,20,,capex_positive_treated_as_outflow,-0.059058,-0.430075,0.223441,0.029774,0.06125,0.184878,0.060766,0.113337,0.290244,0.463738,0.536155,978000000.0,0.159024,0.13122,1.569921,false,false,true,true,false,v2.38G,Martin Marietta Materials Inc,MARTIN MARIETTA MATERIALS INC
U18757,0JZ1l,Masco Corp,CBOE_EUROPE,0000062996,2025,2026-04-22,2026-03-31,17,408,FEATURES_READY,15,capex_to_revenue|equity_yoy_growth|free_cash_flow|free_cash_flow_margin|return_on_equity,,-0.033981,-0.014599,-0.049302,0.036882,,0.107115,0.155739,,0.135149,0.985387,-0.03557,,,,1.261728,false,true,false,false,false,v2.38G,Masco Corp,MASCO CORP /DE/
U18758,0JZHl,Mattel Inc,CBOE_EUROPE,0000063276,2025,2026-08-06,2026-06-30,17,388,FEATURES_READY,16,capex_to_revenue|free_cash_flow|free_cash_flow_margin|liabilities_to_assets,,-0.005934,-0.266202,-0.258956,0.014715,-0.013726,0.074348,0.059874,0.178045,0.110938,,0.336283,,,,1.49215,true,false,false,false,false,v2.38G,Mattel Inc,MATTEL INC /DE/
U18760,0JZUl,McKesson Corp,CBOE_EUROPE,0000927653,2026,2026-08-05,2026-06-30,17,410,FEATURES_READY,17,equity_yoy_growth|liabilities_to_assets|return_on_equity,capex_positive_treated_as_outflow,0.123601,0.44522,0.011504,0.095595,,0.011804,0.057845,,0.015257,,-0.026384,5719000000.0,0.014176,0.001081,1.292524,false,true,true,false,true,v2.38G,McKesson Corp,MCKESSON CORP
U18762,0K10l,Mettler-Toledo International Inc,CBOE_EUROPE,0001037646,2025,2026-07-31,2026-06-30,16,369,FEATURES_READY,18,equity_yoy_growth|return_on_equity,capex_positive_treated_as_outflow,0.039779,0.007013,-0.012985,0.145879,,0.215874,0.234117,,0.237376,1.006366,-0.006366,848648000.0,0.210771,0.026605,1.099608,true,false,true,false,false,v2.38G,Mettler-Toledo International Inc,METTLER TOLEDO INTERNATIONAL INC/
U18764,0K1El,Mid-America Apartment Communities Inc,CBOE_EUROPE,0000912595,2025,2026-04-30,2026-03-31,11,259,FEATURES_READY,17,capex_to_revenue|free_cash_flow|free_cash_flow_margin,,0.008266,-0.152848,-0.018317,0.0138,-0.047,0.202301,0.037319,0.078919,0.488055,0.512363,0.472874,,,,2.412516,false,false,false,true,false,v2.38G,Mid-America Apartment Communities Inc,MID AMERICA APARTMENT COMMUNITIES INC.
U18765,0K2Fl,Mohawk Industries Inc,CBOE_EUROPE,0000851968,2025,2026-07-31,2026-07-04,16,421,FEATURES_READY,20,,capex_positive_treated_as_outflow,-0.004752,-0.285494,-0.068525,0.071111,0.108841,0.034296,0.027025,0.044176,0.097929,0.387849,0.611757,616200000.0,0.057133,0.040796,2.855366,true,false,true,true,false,v2.38G,Mohawk Industries Inc,MOHAWK INDUSTRIES INC
U18769,0K36l,Moody's Corp,CBOE_EUROPE,0001059556,2025,2026-07-23,2026-06-30,17,468,FEATURES_READY,20,,capex_positive_treated_as_outflow,0.088883,0.194849,0.022199,0.020961,0.137167,0.318606,0.155338,0.606561,0.375875,0.734365,0.256096,2575000000.0,0.333636,0.042239,1.179748,false,true,true,false,true,v2.38G,Moody's Corp,MOODYS CORP /DE/
U18771,0K3Hl,Motorola Solutions Inc,CBOE_EUROPE,0000068505,2025,2026-08-05,2026-07-04,17,371,FEATURES_READY,16,capex_to_revenue|free_cash_flow|free_cash_flow_margin|liabilities_to_assets,,0.079967,0.365885,0.186533,0.328469,0.41515,0.184386,0.111094,0.893776,0.242852,,0.124297,,,,1.317084,false,true,false,false,false,v2.38G,Motorola Solutions Inc,"Motorola Solutions, Inc."
U18772,0K4Cl,NRG Energy Inc,CBOE_EUROPE,0001013871,2025,2026-08-04,2026-06-30,17,460,FEATURES_READY,20,,capex_positive_treated_as_outflow,0.093664,-0.232,-0.170425,0.213055,-0.32163,0.028471,0.02965,0.51398,0.063038,0.942313,0.057687,766000000.0,0.025241,0.037796,2.21412,true,false,true,false,false,v2.38G,NRG Energy Inc,"NRG ENERGY, INC."
U18775,0K6Fl,NetApp Inc,CBOE_EUROPE,0001002047,2026,2026-09-02,2026-07-31,16,405,FEATURES_READY,20,,capex_positive_treated_as_outflow,0.053713,0.075885,0.37251,-0.007299,0.299038,0.18426,0.118764,0.944486,0.298484,0.874255,0.125745,1869000000.0,0.269892,0.028592,1.619906,true,true,true,false,true,v2.38G,NetApp Inc,"NetApp, Inc."
U18778,0K7Jl,Newell Brands Inc,CBOE_EUROPE,0000814453,2025,2026-07-31,2026-06-30,16,372,FEATURES_READY,15,capex_to_revenue|cash_conversion_ratio|free_cash_flow|free_cash_flow_margin|net_income_yoy_growth,,-0.049855,,-0.467742,-0.026263,-0.130862,-0.039561,-0.026598,-0.119197,0.036646,0.776855,0.223145,,,,,true,false,false,false,false,v2.38G,Newell Brands Inc,NEWELL BRANDS INC.
U18783,0K87l,NiSource Inc,CBOE_EUROPE,0001111711,2025,2026-08-05,2026-06-30,16,387,FEATURES_READY,19,liabilities_to_assets,capex_positive_treated_as_outflow,0.234701,0.222383,0.326017,0.128054,0.088195,0.1425,0.025921,0.098359,0.36216,,0.263537,-420000000.0,-0.06439,0.42655,2.541474,true,false,false,false,false,v2.38G,NiSource Inc,NISOURCE INC.
U18784,0K8Ml,Norfolk Southern Corp,CBOE_EUROPE,0000702165,2025,2026-07-23,2026-06-30,17,421,FEATURES_READY,20,,capex_positive_treated_as_outflow,0.004702,0.095728,0.076259,0.035575,0.086747,0.235878,0.063511,0.184794,0.358046,0.656314,0.343686,2157000000.0,0.177094,0.180952,1.517926,true,true,true,false,true,v2.38G,Norfolk Southern Corp,NORFOLK SOUTHERN CORP
U18786,0K9Ll,Nucor Corp,CBOE_EUROPE,0000073309,2025,2026-08-12,2026-07-04,17,446,FEATURES_READY,20,,capex_positive_treated_as_outflow,0.057266,-0.139615,-0.187233,0.034296,0.031635,0.053671,0.049681,0.083301,0.099526,0.369758,0.596399,-188000000.0,-0.005786,0.105312,1.854358,true,false,false,true,false,v2.38G,Nucor Corp,NUCOR CORP
U18787,0KABl,O'Reilly Automotive Inc,CBOE_EUROPE,0000898173,2025,2026-08-07,2026-06-30,16,392,FEATURES_READY,17,equity_yoy_growth|liabilities_to_assets|return_on_equity,capex_positive_treated_as_outflow,0.06425,0.063489,-0.094303,0.110416,,0.14274,0.153475,,0.155325,,-0.046157,1593178000.0,0.089595,0.06573,1.088166,true,false,true,false,false,v2.38G,O'Reilly Automotive Inc,O REILLY AUTOMOTIVE INC
U18789,0KBKl,Omnicom Group Inc,CBOE_EUROPE,0000029989,2025,2026-04-29,2026-03-31,17,406,FEATURES_READY,18,cash_conversion_ratio|liabilities_to_assets,capex_positive_treated_as_outflow,0.100885,-1.036809,0.694952,0.83707,1.872493,-0.003155,-0.001002,-0.004524,0.170114,,0.221368,2788400000.0,0.161441,0.008673,,true,false,true,false,false,v2.38G,Omnicom Group Inc,OMNICOM GROUP INC.
U18792,0KEIl,PPG Industries Inc,CBOE_EUROPE,0000079879,2025,2026-04-29,2026-03-31,17,450,FEATURES_READY,20,,capex_positive_treated_as_outflow,0.001893,0.412186,0.366901,0.137138,0.170376,0.099276,0.071319,0.198464,0.122268,0.633587,0.359354,1163000000.0,0.07326,0.049008,1.231599,true,true,true,false,true,v2.38G,PPG Industries Inc,PPG INDUSTRIES INC
U18794,0KEQl,PVH Corp,CBOE_EUROPE,0000078239,2025,2026-09-02,2026-08-02,16,392,FEATURES_READY,19,liabilities_to_assets,capex_positive_treated_as_outflow,0.034358,-0.957728,-0.081657,0.058714,-0.067737,0.002827,0.002166,0.005279,0.076021,,0.410265,538400000.0,0.060155,0.015866,26.893281,true,false,true,false,false,v2.38G,PVH Corp,PVH CORP. /DE/
U18795,0KETl,PACCAR Inc,CBOE_EUROPE,0000075362,2025,2026-07-29,2026-06-30,17,400,FEATURES_READY,19,liabilities_to_assets,capex_positive_treated_as_outflow,-0.155033,-0.429169,-0.048504,0.021127,0.100366,0.083523,0.053586,0.123328,0.155241,,0.434498,3672800000.0,0.12912,0.026121,1.858658,false,false,true,false,false,v2.38G,PACCAR Inc,PACCAR INC
U18797,0KGEl,Paychex Inc,CBOE_EUROPE,0000723531,2026,2026-07-17,2026-05-31,17,424,FEATURES_READY,19,net_income_yoy_growth,capex_positive_treated_as_outflow,0.164713,,0.344994,-0.023521,-0.095179,0.279332,0.108819,0.471232,0.405755,0.769075,0.230925,2321800000.0,0.368475,0.037279,1.452588,true,false,true,false,false,v2.38G,Paychex Inc,PAYCHEX INC
U18798,0KHEl,Revvity Inc,CBOE_EUROPE,0000031791,2025,2026-08-11,2026-07-05,16,441,FEATURES_READY,20,,capex_positive_treated_as_outflow,0.036669,-0.107935,-0.072204,-0.018081,-0.054326,0.084453,0.019822,0.033267,0.204105,0.404165,0.595835,509411000.0,0.178362,0.025743,2.416793,true,false,true,true,false,v2.38G,Revvity Inc,"REVVITY, INC."
U18801,0KITl,Pinnacle West Capital Corp,CBOE_EUROPE,0000764622,2025,2026-08-04,2026-06-30,16,298,FEATURES_PARTIAL,11,capex_to_revenue|cash_conversion_ratio|free_cash_flow|free_cash_flow_margin|liabilities_to_assets|net_income_yoy_growth|net_margin|return_on_assets|return_on_equity,,0.041957,,0.1213,0.150514,0.043253,,,,0.338037,,0.234635,,,,,false,false,false,false,false,v2.38G,Pinnacle West Capital Corp,PINNACLE WEST CAPITAL CORP
U18802,0KNYl,T Rowe Price Group Inc,CBOE_EUROPE,0001113169,2025,2026-07-31,2026-06-30,17,435,FEATURES_READY,20,,capex_positive_treated_as_outflow,0.031183,-0.00619,0.040223,0.064564,0.049752,0.285326,0.145526,0.192181,0.239706,0.159576,0.757234,1479200000.0,0.20222,0.037486,0.840113,false,false,true,true,false,v2.38G,T Rowe Price Group Inc,PRICE T ROWE GROUP INC
U18803,0KO5l,Principal Financial Group Inc,CBOE_EUROPE,0001126328,2025,2026-04-29,2026-03-31,17,382,FEATURES_READY,17,capex_to_revenue|free_cash_flow|free_cash_flow_margin,,-0.031139,-0.24564,-0.014382,0.088352,0.071935,0.075844,0.003472,0.099723,0.29034,0.963702,0.034812,,,,3.828116,false,false,false,false,false,v2.38G,Principal Financial Group Inc,PRINCIPAL FINANCIAL GROUP INC
U18805,0KODl,Prologis Inc,CBOE_EUROPE,0001045609,2025,2026-04-30,2026-03-31,15,330,FEATURES_READY,17,capex_to_revenue|free_cash_flow|free_cash_flow_margin,,0.071756,-0.108104,0.019589,0.035617,-0.014049,0.378633,0.033712,0.062569,0.569779,0.414997,0.538806,,,,1.504834,true,false,false,true,false,v2.38G,Prologis Inc,"Prologis, Inc."
U18811,0KSJl,Qorvo Inc,CBOE_EUROPE,0001604778,2026,2026-05-08,2026-03-28,12,310,FEATURES_READY,20,,capex_positive_treated_as_outflow,-0.010878,5.09528,0.299628,-0.018126,-0.014153,0.092154,0.05819,0.101363,0.219825,0.42593,0.57407,679561000.0,0.184738,0.035088,2.38542,true,true,true,true,false,v2.38G,Qorvo Inc,"Qorvo, Inc."
U18816,0KU1l,Raymond James Financial Inc,CBOE_EUROPE,0000720005,2025,2026-08-05,2026-06-30,16,425,FEATURES_READY,20,,capex_positive_treated_as_outflow,0.066274,0.032398,0.129466,0.063115,0.071104,0.134175,0.024198,0.170759,0.152966,0.858279,0.141709,2246000000.0,0.141151,0.011815,1.140047,false,false,true,false,false,v2.38G,Raymond James Financial Inc,RAYMOND JAMES FINANCIAL INC
U18817,0KUEl,Realty Income Corp,CBOE_EUROPE,0000726728,2025,2026-08-06,2026-06-30,16,329,FEATURES_READY,17,capex_to_revenue|free_cash_flow|free_cash_flow_margin,,0.090727,0.229815,0.117953,0.057537,0.015395,0.184123,0.014542,0.026841,0.694815,0.448813,0.541773,,,,3.773656,false,true,false,true,false,v2.38G,Realty Income Corp,REALTY INCOME CORP
U18820,0KW1l,Republic Services Inc,CBOE_EUROPE,0001060391,2025,2026-08-07,2026-06-30,16,416,FEATURES_READY,19,liabilities_to_assets,capex_positive_treated_as_outflow,0.034868,0.047023,0.091463,0.060614,0.049364,0.12894,0.062249,0.178747,0.258936,,0.348251,2409000000.0,0.145199,0.113736,2.008181,false,true,true,false,true,v2.38G,Republic Services Inc,"REPUBLIC SERVICES, INC."
U18822,0KX0l,Riot Platforms Inc,CBOE_EUROPE,0001167419,2025,2026-08-10,2026-06-30,15,321,FEATURES_READY,18,cash_conversion_ratio|operating_cash_flow_yoy_growth,capex_positive_treated_as_outflow,0.718894,-7.061928,,0.000371,-0.090747,-1.024321,-0.168458,-0.232011,-0.88492,0.27392,0.72608,-774310000.0,-1.195966,0.311046,,true,false,false,true,false,v2.38G,Riot Platforms Inc,"Riot Platforms, Inc."
U18825,0KXMl,Roper Technologies Inc,CBOE_EUROPE,0000882835,2025,2026-07-31,2026-06-30,17,411,FEATURES_READY,17,capex_to_revenue|free_cash_flow|free_cash_flow_margin,,0.122642,-0.008391,0.061466,0.103473,0.053738,0.194407,0.044431,0.077273,0.321455,0.425008,0.574992,,,,1.653518,false,false,false,true,false,v2.38G,Roper Technologies Inc,ROPER TECHNOLOGIES INC
U18826,0KXOl,Ross Stores Inc,CBOE_EUROPE,0000745732,2025,2026-09-01,2026-08-01,16,400,FEATURES_READY,19,liabilities_to_assets,capex_positive_treated_as_outflow,0.076734,0.025978,0.284217,0.043166,0.123112,0.094285,0.137956,0.346677,0.133047,,0.397939,2207608000.0,0.097035,0.036011,1.411105,true,false,true,false,false,v2.38G,Ross Stores Inc,"ROSS STORES, INC."
U18828,0KYZl,SBA Communications Corp,CBOE_EUROPE,0001034054,2025,2026-08-06,2026-06-30,16,354,FEATURES_READY,17,equity_yoy_growth|liabilities_to_assets|return_on_equity,capex_positive_treated_as_outflow,0.599396,0.405712,-0.032616,0.01381,,4.309369,0.091026,,5.281548,,-0.41931,1066509000.0,4.362036,0.919513,1.225597,true,false,true,false,false,v2.38G,SBA Communications Corp,SBA COMMUNICATIONS CORP
U18830,0KZAd,Amerant Bancorp Inc,CBOE_EUROPE,0001734342,2025,2026-07-31,2026-06-30,8,196,FEATURES_PARTIAL,14,capex_to_revenue|free_cash_flow_margin|net_income_yoy_growth|net_margin|operating_cash_flow_margin|revenue_yoy_growth,capex_positive_treated_as_outflow,,,0.666545,-0.012595,0.054281,,0.005361,0.055834,,0.903979,0.096021,129235000.0,,,2.613274,false,false,true,false,false,v2.38G,Amerant Bancorp Inc,Amerant Bancorp Inc.
U18841,0L5d,Lamb Weston Holdings Inc,CBOE_EUROPE,0001679273,2026,2026-07-24,2026-05-31,10,204,FEATURES_READY,19,liabilities_to_assets,capex_positive_treated_as_outflow,0.024956,-0.18813,0.085915,-0.001691,0.050181,0.043858,0.039295,0.158913,0.142598,,0.247273,540200000.0,0.081696,0.060902,3.251379,false,false,true,false,false,v2.38G,Lamb Weston Holdings Inc,"Lamb Weston Holdings, Inc."
U18843,0L7Al,A O Smith Corp,CBOE_EUROPE,0000091142,2025,2026-07-30,2026-06-30,15,355,FEATURES_PARTIAL,12,assets_yoy_growth|capex_to_revenue|equity_yoy_growth|free_cash_flow|free_cash_flow_margin|net_income_yoy_growth|operating_cash_flow_yoy_growth|revenue_yoy_growth,,,,,,,0.142604,0.173794,0.293972,0.161036,0.408807,0.591193,,,,1.129257,false,false,false,true,false,v2.38G,A O Smith Corp,SMITH A O CORP
U18848,0L9El,Stanley Black & Decker Inc,CBOE_EUROPE,0000093556,2025,2026-07-29,2026-07-04,15,347,FEATURES_READY,19,liabilities_to_assets,capex_positive_treated_as_outflow,-0.015313,0.365613,-0.122595,-0.027699,0.038383,0.026562,0.018919,0.044386,0.064189,,0.426225,687900000.0,0.045465,0.018724,2.416522,true,true,true,false,false,v2.38G,Stanley Black & Decker Inc,"STANLEY BLACK & DECKER, INC."
U18853,0LC6l,Sysco Corp,CBOE_EUROPE,0000096021,2026,2026-08-21,2026-06-27,17,298,FEATURES_READY,16,capex_to_revenue|free_cash_flow|free_cash_flow_margin|liabilities_to_assets,,0.039118,-0.03884,0.050996,0.060619,0.456831,0.02078,0.061873,0.65904,0.031199,,0.093883,,,,1.501423,true,false,false,false,false,v2.38G,Sysco Corp,SYSCO CORP
U18855,0LD5l,Tapestry Inc,CBOE_EUROPE,0001116132,2026,2026-08-13,2026-06-27,17,456,FEATURES_READY,20,,capex_positive_treated_as_outflow,0.141712,7.338974,0.626253,0.016898,-0.193169,0.190862,0.228298,2.20734,0.247183,0.896573,0.103427,1812500000.0,0.226444,0.020739,1.295084,true,true,true,false,true,v2.38G,Tapestry Inc,"TAPESTRY, INC."
U18858,0LF0l,Textron Inc,CBOE_EUROPE,0000217346,2025,2026-07-28,2026-07-04,16,366,FEATURES_READY,17,capex_to_revenue|free_cash_flow|free_cash_flow_margin,,0.080061,0.117718,0.293886,0.076672,0.093143,0.062234,0.050803,0.116952,0.088655,0.565613,0.434387,,,,1.424539,true,true,false,true,false,v2.38G,Textron Inc,TEXTRON INC
U18859,0LHRl,Tyson Foods Inc,CBOE_EUROPE,0000100493,2025,2026-08-03,2026-06-27,16,343,FEATURES_READY,19,liabilities_to_assets,capex_positive_treated_as_outflow,0.021235,-0.4075,-0.167954,-0.011914,-0.016585,0.008707,0.01293,0.02621,0.039584,,0.493344,1177000000.0,0.02162,0.017964,4.546414,true,false,true,false,false,v2.38G,Tyson Foods Inc,"TYSON FOODS, INC."
U18862,0LIBl,Ulta Beauty Inc,CBOE_EUROPE,0001403568,2025,2026-08-27,2026-08-01,14,412,FEATURES_READY,20,,capex_positive_treated_as_outflow,0.097132,-0.039662,0.122646,0.16622,0.126629,0.093076,0.164799,0.41145,0.121262,0.599467,0.400533,1067951000.0,0.086175,0.035087,1.302824,true,false,true,true,false,v2.38G,Ulta Beauty Inc,"Ulta Beauty, Inc."
U18863,0LIKl,Under Armour Inc,CBOE_EUROPE,0001336917,2026,2026-08-07,2026-06-30,16,421,FEATURES_READY,17,cash_conversion_ratio|net_income_yoy_growth|operating_cash_flow_yoy_growth,capex_positive_treated_as_outflow,-0.038328,,,0.026698,-0.251771,-0.0998,-0.112246,-0.350436,-0.015119,0.679697,0.320303,-162163000.0,-0.032652,0.017533,,true,false,false,false,false,v2.38G,Under Armour Inc,"Under Armour, Inc."
U18865,0LIYl,United Rentals Inc,CBOE_EUROPE,0001067701,2025,2026-04-22,2026-03-31,15,387,FEATURES_READY,17,capex_to_revenue|free_cash_flow|free_cash_flow_margin,,0.029822,-0.031456,0.141663,0.060469,0.04013,0.674966,0.083506,0.2781,1.404601,0.699725,0.300275,,,,2.080994,false,false,false,false,false,v2.38G,United Rentals Inc,"UNITED RENTALS, INC."
U18869,0LJLl,Universal Health Services Inc,CBOE_EUROPE,0000352915,2025,2026-08-07,2026-06-30,16,387,FEATURES_READY,19,liabilities_to_assets,capex_positive_treated_as_outflow,0.0971,0.303564,-0.098062,0.073107,0.091444,0.085736,0.095881,0.204623,0.107366,,0.468572,849245000.0,0.048906,0.05846,1.252285,false,true,true,false,true,v2.38G,Universal Health Services Inc,UNIVERSAL HEALTH SERVICES INC
U18874,0LOZl,VeriSign Inc,CBOE_EUROPE,0001014473,2025,2026-07-23,2026-06-30,17,379,FEATURES_PARTIAL,14,cash_conversion_ratio|equity_yoy_growth|net_income_yoy_growth|net_margin|return_on_assets|return_on_equity,capex_positive_treated_as_outflow,0.063696,,0.208841,-0.057305,,,,,0.658638,2.624708,-1.624708,1068300000.0,0.644875,0.013763,,true,false,true,false,false,v2.38G,VeriSign Inc,VERISIGN INC/CA
U18879,0LRKl,Vulcan Materials Co,CBOE_EUROPE,0001396009,2025,2026-04-29,2026-03-31,17,457,FEATURES_READY,20,,capex_positive_treated_as_outflow,0.070561,0.180722,0.28618,-0.023642,0.05007,0.135586,0.064472,0.126298,0.228306,0.488102,0.510473,1135300000.0,0.142965,0.085341,1.683849,true,true,true,true,true,v2.38G,Vulcan Materials Co,Vulcan Materials CO
U18882,0LTIl,Waters Corp,CBOE_EUROPE,0001000697,2025,2026-08-11,2026-07-04,17,329,FEATURES_READY,17,capex_to_revenue|free_cash_flow|free_cash_flow_margin,,0.069936,0.007518,-0.143767,0.114795,0.400729,0.203024,0.126588,0.250905,0.20616,0.495476,0.504524,,,,1.015446,true,false,false,true,false,v2.38G,Waters Corp,WATERS CORP /DE/
U18883,0LUSl,Welltower Inc,CBOE_EUROPE,0000766704,2025,2026-04-29,2026-03-31,16,357,FEATURES_PARTIAL,12,capex_to_revenue|cash_conversion_ratio|free_cash_flow|free_cash_flow_margin|net_income_yoy_growth|net_margin|return_on_assets|return_on_equity,,0.402487,,0.277101,0.318522,0.318351,,,,0.340906,0.358083,0.625967,,,,,true,false,false,true,false,v2.38G,Welltower Inc,WELLTOWER INC.
U18885,0LWGl,Weyerhaeuser Co,CBOE_EUROPE,0000106535,2025,2026-07-31,2026-06-30,17,395,FEATURES_READY,17,capex_to_revenue|free_cash_flow|free_cash_flow_margin,,-0.030741,-0.181818,-0.44246,0.004657,-0.030347,0.046923,0.019503,0.034373,0.08139,0.432613,0.567387,,,,1.734568,true,false,false,true,false,v2.38G,Weyerhaeuser Co,WEYERHAEUSER CO
U18886,0LWHl,Whirlpool Corp,CBOE_EUROPE,0000106640,2025,2026-08-04,2026-06-30,16,387,FEATURES_READY,18,liabilities_to_assets|net_income_yoy_growth,capex_positive_treated_as_outflow,-0.065213,,-0.437126,-0.018404,0.016027,0.020484,0.019874,0.116654,0.030276,,0.170364,81000000.0,0.005218,0.025058,1.477987,true,true,true,false,false,v2.38G,Whirlpool Corp,WHIRLPOOL CORP /DE/
U18890,0M1Rl,Xcel Energy Inc,CBOE_EUROPE,0000072903,2025,2026-07-30,2026-06-30,17,333,FEATURES_PARTIAL,13,capex_to_revenue|free_cash_flow|free_cash_flow_margin|liabilities_to_assets|net_margin|operating_cash_flow_margin|revenue_yoy_growth,,,0.042355,-0.120233,0.161862,0.209354,,0.0248,0.085476,,,0.29014,,,,2.02329,false,false,false,false,false,v2.38G,Xcel Energy Inc,XCEL ENERGY INC
U18895,0M5d,BILL Holdings Inc,CBOE_EUROPE,0001786352,2026,2026-08-20,2026-06-30,7,154,FEATURES_READY,19,cash_conversion_ratio,capex_positive_treated_as_outflow,0.130312,-1.472331,0.185909,0.015318,-0.097965,-0.0068,-0.0011,-0.003184,0.251538,0.654477,0.345523,412498000.0,0.249521,0.002017,,false,false,true,false,false,v2.38G,BILL Holdings Inc,"BILL Holdings, Inc."
U18899,0NUd,Nutanix Inc,CBOE_EUROPE,0001618732,2025,2026-05-29,2026-04-30,9,218,FEATURES_READY,17,equity_yoy_growth|net_income_yoy_growth|return_on_equity,capex_positive_treated_as_outflow,0.181082,,0.220714,0.531399,,0.07422,0.057373,,0.323672,1.211538,-0.211538,750173000.0,0.295585,0.028087,4.360957,true,true,true,false,true,v2.38G,Nutanix Inc,"Nutanix, Inc."
U18900,0OALl,American International Group Inc,CBOE_EUROPE,0000005272,2025,2026-08-07,2026-06-30,17,396,FEATURES_READY,16,capex_to_revenue|free_cash_flow|free_cash_flow_margin|net_income_yoy_growth,,-0.017467,,0.012527,-0.000422,-0.032502,0.11563,0.0192,0.075257,0.123772,0.744738,0.255119,,,,1.070413,true,true,false,false,false,v2.38G,American International Group Inc,"AMERICAN INTERNATIONAL GROUP, INC."
U18906,0PYd,Paycom Software Inc,CBOE_EUROPE,0001590955,2025,2026-08-06,2026-06-30,12,313,FEATURES_READY,20,,capex_positive_treated_as_outflow,0.089475,-0.096813,0.271586,0.296729,0.098737,0.220987,0.059668,0.261854,0.330896,0.772132,0.227868,408000000.0,0.198859,0.132037,1.497353,false,false,true,false,false,v2.38G,Paycom Software Inc,"Paycom Software, Inc."
U18912,0Q3d,Beyond Meat Inc,CBOE_EUROPE,0001655210,2025,2026-08-06,2026-06-27,7,178,FEATURES_READY,15,equity_yoy_growth|liabilities_to_assets|net_income_yoy_growth|operating_cash_flow_yoy_growth|return_on_equity,capex_positive_treated_as_outflow,-0.15609,,,-0.093489,,0.795017,0.356283,,-0.526073,,-0.001622,-157239000.0,-0.570749,0.044676,-0.661713,false,true,false,false,false,v2.38G,Beyond Meat Inc,"BEYOND MEAT, INC."
U18925,0QYYl,Harley-Davidson Inc,CBOE_EUROPE,0000793952,2025,2026-08-05,2026-06-30,17,398,FEATURES_READY,19,liabilities_to_assets,capex_positive_treated_as_outflow,-0.131208,-0.256105,-0.465215,-0.322917,-0.008016,0.09399,0.042106,0.107855,0.157859,,0.390397,415243000.0,0.115218,0.042641,1.679534,true,false,true,false,false,v2.38G,Harley-Davidson Inc,"HARLEY-DAVIDSON, INC."
U18952,0R18l,Best Buy Co Inc,CBOE_EUROPE,0000764478,2026,2026-09-04,2026-08-01,16,388,FEATURES_READY,19,liabilities_to_assets,capex_positive_treated_as_outflow,0.003925,0.153182,-0.064824,-0.007577,0.055556,0.025641,0.07287,0.360661,0.047061,,0.202045,1258000000.0,0.030174,0.016886,1.83536,true,true,true,false,true,v2.38G,Best Buy Co Inc,BEST BUY CO INC
U18954,0R1Dl,Sangamo Therapeutics Inc,CBOE_EUROPE,0001001233,2025,2026-05-14,2026-03-31,15,328,FEATURES_READY,16,cash_conversion_ratio|net_income_yoy_growth|operating_cash_flow_yoy_growth|return_on_equity,capex_positive_treated_as_outflow,-0.315709,,,-0.412161,-1.626614,-3.108111,-2.057612,,-2.457727,1.238815,-0.238815,-97310000.0,-2.460305,0.002579,,true,false,false,false,false,v2.38G,Sangamo Therapeutics Inc,"SANGAMO THERAPEUTICS, INC"
U18959,0R1Tl,Expedia Group Inc,CBOE_EUROPE,0001324424,2025,2026-08-06,2026-06-30,16,368,FEATURES_READY,19,liabilities_to_assets,capex_positive_treated_as_outflow,0.076108,0.048622,0.257699,0.092192,-0.175337,0.08783,0.05292,1.007788,0.263354,,0.052511,3110000000.0,0.211091,0.052264,2.998454,true,false,true,false,false,v2.38G,Expedia Group Inc,"Expedia Group, Inc."
U18970,0R2Ml,Regeneron Pharmaceuticals Inc,CBOE_EUROPE,0000872589,2025,2026-07-30,2026-06-30,16,382,FEATURES_READY,17,capex_to_revenue|free_cash_flow|free_cash_flow_margin,,0.009921,0.020917,0.126321,0.074135,0.06484,0.314086,0.111071,0.144125,0.347133,0.229342,0.770658,,,,1.105219,false,true,false,true,false,v2.38G,Regeneron Pharmaceuticals Inc,"REGENERON PHARMACEUTICALS, INC."
U18976,0R33l,Emerson Electric Co,CBOE_EUROPE,0000032604,2025,2026-08-04,2026-06-30,17,411,FEATURES_READY,19,liabilities_to_assets,capex_positive_treated_as_outflow,0.029957,0.165142,-0.070228,-0.051575,-0.062581,0.127276,0.054642,0.113056,0.171958,,0.483319,2667000000.0,0.148035,0.023923,1.351068,false,true,true,false,true,v2.38G,Emerson Electric Co,EMERSON ELECTRIC CO
U18990,0SE0d,Sezzle Inc,CBOE_EUROPE,0001662991,2025,2026-08-07,2026-06-30,5,144,FEATURES_READY,20,,capex_positive_treated_as_outflow,0.692148,0.695442,4.132196,0.341376,0.933286,0.564402,0.332635,0.783989,0.889896,0.575715,0.424285,209252000.0,0.88712,0.002777,1.576707,false,true,true,true,true,v2.38G,Sezzle Inc,Sezzle Inc.
U18993,0SGOl,Dropbox Inc,CBOE_EUROPE,0001467623,2025,2026-08-07,2026-06-30,8,222,FEATURES_READY,18,equity_yoy_growth|return_on_equity,capex_positive_treated_as_outflow,-0.010674,0.124033,0.064534,-0.144442,,0.201666,0.178706,,0.377549,1.631727,-0.631727,930800000.0,0.369219,0.00833,1.872148,false,true,true,false,false,v2.38G,Dropbox Inc,"DROPBOX, INC."
U19007,0V6d,Vistra Corp,CBOE_EUROPE,0001692819,2025,2026-08-10,2026-06-30,9,245,FEATURES_READY,20,,capex_positive_treated_as_outflow,0.191383,-0.644979,-0.108043,0.100079,-0.084919,0.053679,0.02272,0.185207,0.231434,0.877016,0.122671,1318000000.0,0.074946,0.156488,4.311441,true,false,true,false,false,v2.38G,Vistra Corp,Vistra Corp.
U19023,0Y9Sl,Check Point Software Technologies Ltd,CBOE_EUROPE,0001015922,2025,2026-03-31,2025-12-31,16,9,FEATURES_READY,20,,capex_positive_treated_as_outflow,0.062534,0.249734,0.139681,0.356573,0.033233,0.387796,0.135389,0.366712,0.440082,0.630803,0.369197,1172800000.0,0.430322,0.00976,1.134828,true,true,true,false,true,v2.38G,Check Point Software Technologies Ltd,CHECK POINT SOFTWARE TECHNOLOGIES LTD
U19026,0YUd,Yum China Holdings Inc,CBOE_EUROPE,0001673358,2025,2026-08-10,2026-06-30,10,268,FEATURES_READY,20,,capex_positive_treated_as_outflow,0.043705,0.019759,0.033122,-0.030393,-0.060929,0.078749,0.086154,0.172709,0.124269,0.434387,0.498841,840000000.0,0.071205,0.053064,1.578041,true,false,true,true,false,v2.38G,Yum China Holdings Inc,"Yum China Holdings, Inc."
U19027,0ZCd,Zscaler Inc,CBOE_EUROPE,0001713683,2026,2026-09-03,2026-07-31,9,189,FEATURES_READY,18,cash_conversion_ratio|net_income_yoy_growth,capex_positive_treated_as_outflow,0.254163,,0.161654,0.225366,0.444062,-0.018845,-0.008031,-0.024316,0.336956,0.669715,0.330285,852350000.0,0.254241,0.082715,,true,false,true,false,false,v2.38G,Zscaler Inc,"Zscaler, Inc."
U19028,0ZG2d,Zillow Group Inc,CBOE_EUROPE,0001617640,2025,2026-08-05,2026-06-30,11,264,FEATURES_READY,19,net_income_yoy_growth,capex_positive_treated_as_outflow,0.155188,,-0.140187,-0.024704,0.007426,0.008904,0.004046,0.004709,0.14247,0.140897,0.859103,235000000.0,0.090979,0.051491,16.0,true,true,true,true,true,v2.38G,Zillow Group Inc,"ZILLOW GROUP, INC."
U19063,1170d,Arista Networks Inc,CBOE_EUROPE,0001596532,2025,2026-08-05,2026-06-30,12,332,FEATURES_READY,17,capex_to_revenue|free_cash_flow|free_cash_flow_margin,,0.285951,0.231183,0.178971,0.384841,0.237693,0.389909,0.180548,0.283853,0.485459,0.363939,0.636061,,,,1.245059,true,false,false,true,false,v2.38G,Arista Networks Inc,"Arista Networks, Inc."
U19162,185d,Alcoa Corp,CBOE_EUROPE,0001675149,2025,2026-07-30,2026-06-30,10,264,FEATURES_READY,20,,capex_positive_treated_as_outflow,0.078689,18.283333,0.905145,0.146829,0.186349,0.090172,0.071734,0.189114,0.092354,0.615971,0.379317,567000000.0,0.04419,0.048165,1.024201,false,true,true,false,true,v2.38G,Alcoa Corp,Alcoa Corp
U19189,19MWm,Marvell Technology Inc,CBOE_EUROPE,0001835632,2026,2026-08-28,2026-08-01,5,153,FEATURES_READY,19,net_income_yoy_growth,capex_positive_treated_as_outflow,0.420873,,0.041221,0.102987,0.065644,0.325837,0.119814,0.186611,0.213616,0.357944,0.642056,1396400000.0,0.170405,0.043211,0.655593,true,true,true,true,true,v2.38G,Marvell Technology Inc,"Marvell Technology, Inc."
U19190,19Xd,Axsome Therapeutics Inc,CBOE_EUROPE,0001579428,2025,2026-08-10,2026-06-30,10,228,FEATURES_READY,17,cash_conversion_ratio|net_income_yoy_growth|operating_cash_flow_yoy_growth,capex_positive_treated_as_outflow,0.655451,,,0.213382,0.548628,-0.286884,-0.265545,-2.074568,-0.146289,0.872,0.128,-93885000.0,-0.147041,0.000752,,true,true,false,false,false,v2.38G,Axsome Therapeutics Inc,"Axsome Therapeutics, Inc."
U19232,1AMTm,American Tower Corp,CBOE_EUROPE,0001053507,2025,2026-04-28,2026-03-31,17,400,FEATURES_READY,15,cash_conversion_ratio|net_income_yoy_growth|net_margin|return_on_assets|return_on_equity,capex_positive_treated_as_outflow,0.208237,,0.032795,0.034595,0.079918,,,,5.838231,0.836125,0.057802,3783600000.0,4.04274,1.795491,,true,false,true,false,false,v2.38G,American Tower Corp,AMERICAN TOWER CORP /MA/
U19246,1ASTSm,AST SpaceMobile Inc,CBOE_EUROPE,0001780312,2025,2026-08-10,2026-06-30,7,139,FEATURES_PARTIAL,12,capex_to_revenue|cash_conversion_ratio|free_cash_flow_margin|net_income_yoy_growth|net_margin|operating_cash_flow_margin|operating_cash_flow_yoy_growth|revenue_yoy_growth,capex_positive_treated_as_outflow,,,,4.253082,2.575191,,-0.068192,-0.142932,,0.522908,0.477092,-1136258000.0,,,,false,false,false,true,false,v2.38G,AST SpaceMobile Inc,"AST SpaceMobile, Inc."
U19254,1AVAVm,AeroVironment Inc,CBOE_EUROPE,0001368622,2026,2026-06-29,2026-04-30,14,262,FEATURES_PARTIAL,12,cash_conversion_ratio|liabilities_to_assets|net_income_yoy_growth|net_margin|operating_cash_flow_yoy_growth|return_on_assets|return_on_equity|revenue_yoy_growth,capex_positive_treated_as_outflow,,,,4.101651,3.963751,,,,-0.039661,,0.769739,-140948000.0,-0.071299,0.031638,,false,false,false,false,false,v2.38G,AeroVironment Inc,AeroVironment Inc
U19259,1AXONm,Axon Enterprise Inc,CBOE_EUROPE,0001069183,2025,2026-08-06,2026-06-30,15,408,FEATURES_READY,20,,capex_positive_treated_as_outflow,0.334695,-0.669377,-0.482408,0.56446,0.393095,0.044848,0.017807,0.038443,0.076034,0.536784,0.463216,75081000.0,0.027012,0.049022,1.695378,true,false,true,true,false,v2.38G,Axon Enterprise Inc,"AXON ENTERPRISE, INC."
U19264,1B8d,Ondas Inc,CBOE_EUROPE,0001646188,2025,2026-08-13,2026-06-30,10,221,FEATURES_READY,17,cash_conversion_ratio|net_income_yoy_growth|operating_cash_flow_yoy_growth,capex_positive_treated_as_outflow,6.053129,,,9.334039,25.400524,-2.606592,-0.116729,-0.302039,-0.763754,0.583688,0.386469,-40780000.0,-0.803848,0.040094,,true,true,false,true,false,v2.38G,Ondas Inc,Ondas Inc.
U19267,1BAHm,Booz Allen Hamilton Holding Corp,CBOE_EUROPE,0001443646,2026,2026-07-24,2026-06-30,15,371,FEATURES_READY,17,capex_to_revenue|free_cash_flow|free_cash_flow_margin,,-0.063689,-0.08984,0.031715,-0.026532,0.101695,0.075867,0.119556,0.770136,0.092806,0.84476,0.15524,,,,1.223267,false,false,false,false,false,v2.38G,Booz Allen Hamilton Holding Corp,Booz Allen Hamilton Holding Corp
U19279,1BIIBm,Biogen Inc,CBOE_EUROPE,0000875045,2025,2026-04-29,2026-03-31,17,450,FEATURES_READY,20,,capex_positive_treated_as_outflow,0.022189,-0.207879,-0.233316,0.049563,0.092175,0.13072,0.043917,0.070817,0.222899,0.379854,0.620146,2050800000.0,0.207348,0.01555,1.705159,true,false,true,true,false,v2.38G,Biogen Inc,BIOGEN INC.
U19284,1BLDRm,Builders FirstSource Inc,CBOE_EUROPE,0001316835,2025,2026-07-30,2026-06-30,15,390,FEATURES_READY,20,,capex_positive_treated_as_outflow,-0.073769,-0.596252,-0.350728,0.061839,0.012983,0.028649,0.038727,0.099994,0.080042,0.612704,0.387296,853284000.0,0.056172,0.02387,2.793862,false,false,true,false,false,v2.38G,Builders FirstSource Inc,"Builders FirstSource, Inc."
U19286,1BMRNm,BioMarin Pharmaceutical Inc,CBOE_EUROPE,0001048477,2025,2026-08-06,2026-06-30,16,405,FEATURES_READY,20,,capex_positive_treated_as_outflow,0.128714,-0.182632,0.445417,0.086577,0.075824,0.108312,0.045944,0.057319,0.257041,0.198449,0.801551,724956000.0,0.225054,0.031987,2.373149,false,false,true,true,false,v2.38G,BioMarin Pharmaceutical Inc,BIOMARIN PHARMACEUTICAL INC
U19296,1BROm,Brown & Brown Inc,CBOE_EUROPE,0000079282,2025,2026-07-27,2026-06-30,16,376,FEATURES_READY,19,liabilities_to_assets,capex_positive_treated_as_outflow,0.228304,0.06143,0.235094,0.702873,0.953239,0.178584,0.035144,0.08383,0.245679,,0.419226,1382000000.0,0.234158,0.011522,1.375712,true,false,true,false,false,v2.38G,Brown & Brown Inc,"BROWN & BROWN, INC."
U19303,1C3m,C3.ai Inc,CBOE_EUROPE,0001577526,2026,2026-06-24,2026-04-30,6,136,FEATURES_READY,17,cash_conversion_ratio|net_income_yoy_growth|operating_cash_flow_yoy_growth,capex_positive_treated_as_outflow,-0.35673,,,-0.204321,-0.22015,-1.879461,-0.57624,-0.719493,-0.760097,0.199103,0.800897,-192136000.0,-0.767721,0.007624,,false,false,false,true,false,v2.38G,C3.ai Inc,"C3.ai, Inc."
U19308,1CARRm,Carrier Global Corp,CBOE_EUROPE,0001783180,2025,2026-04-30,2026-03-31,6,141,FEATURES_READY,17,capex_to_revenue|free_cash_flow|free_cash_flow_margin,,-0.032865,-0.735189,3.463588,-0.005695,-0.018548,0.068239,0.039903,0.10504,0.115556,0.620113,0.379887,,,,1.693396,false,false,false,false,false,v2.38G,Carrier Global Corp,CARRIER GLOBAL Corp
U19313,1CDEm,Coeur Mining Inc,CBOE_EUROPE,0000215466,2025,2026-08-05,2026-06-30,16,326,FEATURES_READY,16,capex_to_revenue|free_cash_flow|free_cash_flow_margin|liabilities_to_assets,,0.964055,8.946893,4.09016,1.040051,1.949517,0.283013,0.124768,0.176838,0.428418,,0.705553,,,,1.513776,true,true,false,false,false,v2.38G,Coeur Mining Inc,"Coeur Mining, Inc."
U19316,1CEGm,Constellation Energy Corp,CBOE_EUROPE,0001868275,2025,2026-08-06,2026-06-30,4,126,FEATURES_READY,19,operating_cash_flow_yoy_growth,capex_positive_treated_as_outflow,0.195054,-0.381435,,0.08168,0.102613,0.102325,0.040507,0.159744,0.186957,0.740554,0.253576,1288000000.0,0.056833,0.130124,1.827081,true,false,true,false,false,v2.38G,Constellation Energy Corp,Constellation Energy Corp
U19336,1CPRTm,Copart Inc,CBOE_EUROPE,0000900075,2025,2026-05-29,2026-04-30,15,381,FEATURES_READY,15,capex_to_revenue|free_cash_flow_margin|net_margin|operating_cash_flow_margin|revenue_yoy_growth,capex_positive_treated_as_outflow,,0.138977,0.222188,0.19734,0.221029,,0.153846,0.168983,,0.087545,0.910427,1230760000.0,,,1.159297,false,false,true,true,false,v2.38G,Copart Inc,COPART INC
U19338,1CROXm,Crocs Inc,CBOE_EUROPE,0001334036,2025,2026-07-30,2026-06-30,15,405,FEATURES_READY,19,cash_conversion_ratio,capex_positive_treated_as_outflow,-0.014983,-1.085465,-0.28419,-0.132457,-0.295495,-0.020095,-0.01945,-0.062784,0.175821,0.690213,0.309787,659200000.0,0.163142,0.012679,,false,false,true,false,false,v2.38G,Crocs Inc,"Crocs, Inc."
U19339,1CRWDm,Crowdstrike Holdings Inc,CBOE_EUROPE,0001535527,2026,2026-08-27,2026-07-31,6,146,FEATURES_PARTIAL,10,assets_yoy_growth|capex_to_revenue|cash_conversion_ratio|equity_yoy_growth|free_cash_flow_margin|net_income_yoy_growth|net_margin|operating_cash_flow_margin|operating_cash_flow_yoy_growth|revenue_yoy_growth,capex_positive_treated_as_outflow,,,,,,,-0.014657,-0.036696,,0.596579,0.399433,1310241000.0,,,,false,false,true,true,false,v2.38G,Crowdstrike Holdings Inc,"CrowdStrike Holdings, Inc."
U19342,1CSGPm,CoStar Group Inc,CBOE_EUROPE,0001057352,2025,2026-07-29,2026-06-30,15,382,FEATURES_READY,20,,capex_positive_treated_as_outflow,0.186682,-0.949531,0.095262,0.138406,0.10333,0.002156,0.000664,0.00084,0.13243,0.205637,0.790852,123000000.0,0.037881,0.094549,61.428571,true,false,true,true,false,v2.38G,CoStar Group Inc,"COSTAR GROUP, INC."
U19344,1CVNAm,Carvana Co,CBOE_EUROPE,0001690820,2025,2026-07-29,2026-06-30,9,203,FEATURES_READY,20,,capex_positive_treated_as_outflow,0.486287,5.7,0.12854,0.555988,1.730952,0.069235,0.106583,0.408893,0.050979,0.681615,0.260662,889000000.0,0.043746,0.007234,0.736318,true,true,true,false,true,v2.38G,Carvana Co,CARVANA CO.
U19347,1CYTHm,Lumen Technologies Inc,CBOE_EUROPE,0000018926,2025,2026-08-04,2026-06-30,16,334,FEATURES_PARTIAL,13,capex_to_revenue|cash_conversion_ratio|free_cash_flow|free_cash_flow_margin|liabilities_to_assets|net_income_yoy_growth|return_on_equity,,-0.065793,,0.093469,0.025257,-3.407328,-0.153473,-0.050638,,0.418145,,-0.032526,,,,,true,false,false,false,false,v2.38G,Lumen Technologies Inc,"Lumen Technologies, Inc."
U19350,1DASHm,DoorDash Inc,CBOE_EUROPE,0001792789,2025,2026-08-05,2026-06-30,6,151,FEATURES_READY,20,,capex_positive_treated_as_outflow,0.279332,6.601626,0.140244,0.530479,0.285788,0.068164,0.047561,0.093192,0.177225,0.488987,0.510351,2174000000.0,0.158489,0.018736,2.6,true,true,true,true,true,v2.38G,DoorDash Inc,"DoorDash, Inc."
U19353,1DECKm,Deckers Outdoor Corp,CBOE_EUROPE,0000910521,2026,2026-07-30,2026-06-30,16,339,FEATURES_READY,19,liabilities_to_assets,capex_positive_treated_as_outflow,0.097618,0.060015,0.131574,0.032914,-0.005322,0.187137,0.277694,0.409688,0.215989,,0.677819,1097332000.0,0.200525,0.015464,1.154173,false,false,true,false,false,v2.38G,Deckers Outdoor Corp,DECKERS OUTDOOR CORP
U19366,1DPZm,Domino's Pizza Inc,CBOE_EUROPE,0001286681,2025,2026-07-20,2026-06-14,14,362,FEATURES_READY,18,equity_yoy_growth|return_on_equity,capex_positive_treated_as_outflow,0.04963,0.030015,0.267508,-0.011833,,0.121803,0.35055,,0.160337,3.272785,-2.272785,671504000.0,0.135932,0.024404,1.316365,false,false,true,false,false,v2.38G,Domino's Pizza Inc,DOMINOS PIZZA INC
U19374,1DXCMm,Dexcom Inc,CBOE_EUROPE,0001093557,2025,2026-07-30,2026-06-30,15,369,FEATURES_READY,20,,capex_positive_treated_as_outflow,0.155963,0.451406,0.455988,-0.022299,0.306002,0.179387,0.131911,0.304552,0.30903,0.56687,0.43313,1077200000.0,0.23106,0.077971,1.722707,true,true,true,true,true,v2.38G,Dexcom Inc,DEXCOM INC
U19390,1EMEm,EMCOR Group Inc,CBOE_EUROPE,0000105634,2025,2026-07-30,2026-06-30,16,384,FEATURES_READY,17,capex_to_revenue|free_cash_flow|free_cash_flow_margin,,0.16616,0.263787,-0.07517,0.204099,0.250637,0.074931,0.136989,0.346444,0.076653,0.604475,0.395413,,,,1.022977,true,true,false,false,false,v2.38G,EMCOR Group Inc,"EMCOR Group, Inc."
U19394,1ENPHm,Enphase Energy Inc,CBOE_EUROPE,0001463101,2025,2026-04-28,2026-03-31,14,311,FEATURES_READY,20,,capex_positive_treated_as_outflow,0.107189,0.676762,-0.734199,0.080044,0.304925,0.11686,0.049044,0.158353,0.092696,0.690288,0.309712,95901000.0,0.065107,0.02759,0.793224,true,true,true,false,true,v2.38G,Enphase Energy Inc,"Enphase Energy, Inc."
U19396,1ENVXm,Enovix Corp,CBOE_EUROPE,0001828318,2025,2026-08-12,2026-07-05,5,142,FEATURES_READY,17,cash_conversion_ratio|net_income_yoy_growth|operating_cash_flow_yoy_growth,capex_positive_treated_as_outflow,0.379085,,,0.66735,0.099185,-4.925709,-0.178322,-0.577924,-2.994595,0.688261,0.308557,-113514000.0,-3.567267,0.572672,,false,true,false,false,false,v2.38G,Enovix Corp,Enovix Corp
U19398,1EPAMm,EPAM Systems Inc,CBOE_EUROPE,0001352010,2025,2026-08-06,2026-06-30,14,390,FEATURES_READY,20,,capex_positive_treated_as_outflow,0.154214,-0.169086,0.171265,0.031926,0.01323,0.069209,0.077044,0.102707,0.120016,0.249754,0.750127,612691000.0,0.112275,0.007741,1.734107,true,false,true,true,false,v2.38G,EPAM Systems Inc,"EPAM Systems, Inc."
U19406,1ETSYm,Etsy Inc,CBOE_EUROPE,0001370637,2025,2026-08-05,2026-06-30,11,305,FEATURES_READY,18,equity_yoy_growth|return_on_equity,capex_positive_treated_as_outflow,0.026766,-0.462604,-0.078482,0.169359,,0.056522,0.057647,,0.240476,1.388396,-0.388396,678028000.0,0.235141,0.005336,4.254543,true,false,true,false,false,v2.38G,Etsy Inc,ETSY INC
U19419,1FAd,Sprouts Farmers Market Inc,CBOE_EUROPE,0001575515,2025,2026-07-29,2026-06-28,13,332,FEATURES_READY,20,,capex_positive_treated_as_outflow,0.140799,0.375903,0.109706,0.142267,0.061413,0.059466,0.125923,0.37323,0.081307,0.662613,0.337387,467731000.0,0.053114,0.028192,1.367269,true,true,true,false,true,v2.38G,Sprouts Farmers Market Inc,"Sprouts Farmers Market, Inc."
U19424,1FICOm,Fair Isaac Corp,CBOE_EUROPE,0000814547,2025,2026-07-29,2026-06-30,15,416,FEATURES_READY,18,equity_yoy_growth|return_on_equity,capex_positive_treated_as_outflow,0.159149,0.271318,0.230413,0.087462,,0.327468,0.348983,,0.391189,1.934507,-0.934507,769885000.0,0.386708,0.004481,1.194588,true,true,true,false,true,v2.38G,Fair Isaac Corp,FAIR ISAAC CORP
U19426,1FIXm,Comfort Systems USA Inc,CBOE_EUROPE,0001035983,2025,2026-07-23,2026-06-30,15,394,FEATURES_READY,20,,capex_positive_treated_as_outflow,0.295151,0.9573,0.397263,0.367236,0.436504,0.112349,0.158753,0.41758,0.130345,0.619825,0.380175,1031453000.0,0.113326,0.017019,1.160185,false,true,true,false,true,v2.38G,Comfort Systems USA Inc,COMFORT SYSTEMS USA INC
U19436,1FTNTm,Fortinet Inc,CBOE_EUROPE,0001262039,2025,2026-07-30,2026-06-30,15,391,FEATURES_READY,17,capex_to_revenue|free_cash_flow|free_cash_flow_margin,,0.141677,0.061999,0.147248,0.064129,-0.171576,0.272575,0.178397,1.497697,0.380993,0.880886,0.119114,,,,1.397755,true,false,false,false,false,v2.38G,Fortinet Inc,"Fortinet, Inc."
U19444,1GEHCm,GE HealthCare Technologies Inc,CBOE_EUROPE,0001932393,2025,2026-04-29,2026-03-31,3,80,FEATURES_PARTIAL,14,capex_to_revenue|cash_conversion_ratio|free_cash_flow|free_cash_flow_margin|operating_cash_flow_margin|operating_cash_flow_yoy_growth,,0.048444,0.04566,,0.115356,0.228866,0.101042,0.056468,0.20079,,0.712811,0.281228,,,,,true,false,false,false,false,v2.38G,GE HealthCare Technologies Inc,GE HealthCare Technologies Inc.
U19446,1GEVm,GE Vernova Inc,CBOE_EUROPE,0001996810,2025,2026-07-22,2026-06-30,2,62,FEATURES_READY,17,capex_to_revenue|free_cash_flow|free_cash_flow_margin,,0.089681,2.146907,0.930701,0.223968,0.170962,0.128297,0.077504,0.43693,0.131002,0.804875,0.177384,,,,1.021089,false,true,false,false,false,v2.38G,GE Vernova Inc,GE Vernova Inc.
U19481,1HLm,Hecla Mining Co,CBOE_EUROPE,0000719413,2025,2026-08-04,2026-06-30,16,403,FEATURES_READY,15,capex_to_revenue|free_cash_flow_margin|net_margin|operating_cash_flow_margin|revenue_yoy_growth,capex_positive_treated_as_outflow,,7.985867,1.577633,0.194422,0.270717,,0.090352,0.124134,,0.272141,0.727859,310249000.0,,,1.748887,false,false,true,true,false,v2.38G,Hecla Mining Co,HECLA MINING CO/DE/
U19497,1HUTm,Hut 8 Corp,CBOE_EUROPE,0001964789,2025,2026-08-04,2026-06-30,3,64,FEATURES_READY,15,capex_to_revenue|cash_conversion_ratio|free_cash_flow|free_cash_flow_margin|operating_cash_flow_yoy_growth,,0.447905,-1.681414,,0.813018,0.455892,-0.961853,-0.082125,-0.159044,-0.592154,0.386477,0.516365,,,,,false,false,false,true,false,v2.38G,Hut 8 Corp,Hut 8 Corp.
U19498,1HWMm,Howmet Aerospace Inc,CBOE_EUROPE,0000004281,2025,2026-08-06,2026-06-30,17,424,FEATURES_READY,20,,capex_positive_treated_as_outflow,0.110633,0.305628,0.451464,0.062744,0.17545,0.182744,0.134896,0.281711,0.228308,0.521156,0.478844,1431000000.0,0.173413,0.054896,1.249337,false,true,true,true,true,v2.38G,Howmet Aerospace Inc,Howmet Aerospace Inc.
U19502,1IBKRm,Interactive Brokers Group Inc,CBOE_EUROPE,0001381197,2025,2026-08-06,2026-06-30,16,334,FEATURES_PARTIAL,12,capex_to_revenue|cash_conversion_ratio|free_cash_flow|free_cash_flow_margin|net_income_yoy_growth|net_margin|return_on_assets|return_on_equity,,0.234193,,0.812357,0.353652,0.253037,,,,6.479918,0.899272,0.026388,,,,,false,false,false,false,false,v2.38G,Interactive Brokers Group Inc,"Interactive Brokers Group, Inc."
U19508,1ILMNm,Illumina Inc,CBOE_EUROPE,0001110803,2025,2026-07-31,2026-06-28,16,391,FEATURES_READY,18,liabilities_to_assets|net_income_yoy_growth,capex_positive_treated_as_outflow,-0.006633,,0.289128,0.054101,0.147493,0.195717,0.127935,0.312156,0.248446,,0.409843,931000000.0,0.214368,0.034078,1.269412,true,true,true,false,false,v2.38G,Illumina Inc,"ILLUMINA, INC."
U19513,1INODm,Innodata Inc,CBOE_EUROPE,0000903651,2025,2026-08-06,2026-06-30,15,333,FEATURES_READY,20,,capex_positive_treated_as_outflow,0.476367,0.122854,0.335199,0.486069,0.688067,0.127873,0.19088,0.30035,0.185772,0.364968,0.635525,35648000.0,0.14165,0.044122,1.452783,false,false,true,true,false,v2.38G,Innodata Inc,INNODATA INC
U19519,1ISRGm,Intuitive Surgical Inc,CBOE_EUROPE,0001035267,2025,2026-07-21,2026-06-30,17,418,FEATURES_READY,17,capex_to_revenue|free_cash_flow|free_cash_flow_margin,,0.20505,0.229656,0.254865,0.091527,0.084601,0.283764,0.139598,0.160233,0.301102,0.123028,0.871219,,,,1.061099,true,true,false,true,false,v2.38G,Intuitive Surgical Inc,INTUITIVE SURGICAL INC
U19522,1JBLm,Jabil Inc,CBOE_EUROPE,0000898293,2025,2026-06-30,2026-05-31,15,432,FEATURES_READY,20,,capex_positive_treated_as_outflow,0.031818,-0.526657,-0.044289,0.068699,-0.128958,0.022046,0.035431,0.434237,0.05503,0.91819,0.081594,1172000000.0,0.039326,0.015704,2.496195,true,false,true,false,false,v2.38G,Jabil Inc,JABIL INC
U19531,1KDPm,Keurig Dr Pepper Inc,CBOE_EUROPE,0001418135,2025,2026-08-10,2026-06-30,16,458,FEATURES_READY,20,,capex_positive_treated_as_outflow,0.081558,0.442748,-0.102749,0.037975,0.05251,0.125218,0.037487,0.081478,0.119918,0.539912,0.460088,1505000000.0,0.090646,0.029272,0.957672,true,true,true,true,true,v2.38G,Keurig Dr Pepper Inc,Keurig Dr Pepper Inc.
U19552,1LCIDm,Lucid Group Inc,CBOE_EUROPE,0001811210,2025,2026-08-04,2026-06-30,6,152,FEATURES_READY,17,cash_conversion_ratio|net_income_yoy_growth|operating_cash_flow_yoy_growth,capex_positive_treated_as_outflow,0.675831,,,-0.130696,-0.814789,-1.992961,-0.321695,-3.761466,-2.165707,0.64221,0.085524,-3800070000.0,-2.806986,0.64128,,true,true,false,false,false,v2.38G,Lucid Group Inc,"Lucid Group, Inc."
U19553,1LDOSm,Leidos Holdings Inc,CBOE_EUROPE,0001336920,2025,2026-08-04,2026-07-03,15,349,FEATURES_READY,17,capex_to_revenue|free_cash_flow|free_cash_flow_margin,,0.032034,0.154705,0.257184,0.029686,0.114234,0.084644,0.107315,0.294548,0.102297,0.632254,0.364337,,,,1.208564,false,true,false,false,false,v2.38G,Leidos Holdings Inc,"Leidos Holdings, Inc."
U19559,1LITEm,Lumentum Holdings Inc,CBOE_EUROPE,0001633978,2026,2026-08-17,2026-06-27,12,278,FEATURES_READY,19,cash_conversion_ratio,capex_positive_treated_as_outflow,0.832219,-268.764479,4.949327,0.732169,3.092624,-2.300962,-0.949039,-1.493378,0.249303,0.364502,0.635498,300100000.0,0.099569,0.149735,,true,false,true,true,false,v2.38G,Lumentum Holdings Inc,Lumentum Holdings Inc.
U19561,1LNGm,Cheniere Energy Inc,CBOE_EUROPE,0000003570,2025,2026-08-06,2026-06-30,15,334,FEATURES_READY,20,,capex_positive_treated_as_outflow,0.262748,0.638991,0.026882,0.091751,0.38884,0.273839,0.111315,0.673405,0.284577,0.72687,0.165302,2461000000.0,0.126439,0.158138,1.039212,true,true,true,false,true,v2.38G,Cheniere Energy Inc,"Cheniere Energy, Inc."
U19581,1MDBm,MongoDB Inc,CBOE_EUROPE,0001441816,2026,2026-09-01,2026-07-31,9,205,FEATURES_READY,18,cash_conversion_ratio|net_income_yoy_growth,capex_positive_treated_as_outflow,0.227943,,2.363371,0.09578,0.06115,-0.028879,-0.018929,-0.0241,0.205028,0.214558,0.785442,500188000.0,0.203015,0.002013,,true,true,true,true,true,v2.38G,MongoDB Inc,"MongoDB, Inc."
U19591,1MPWRm,Monolithic Power Systems Inc,CBOE_EUROPE,0001280452,2025,2026-08-05,2026-06-30,15,392,FEATURES_READY,20,,capex_positive_treated_as_outflow,0.26431,-0.652162,0.063155,0.159548,0.122619,0.222717,0.148177,0.175983,0.300381,0.158004,0.841996,666189000.0,0.238738,0.061643,1.348713,true,false,true,true,false,v2.38G,Monolithic Power Systems Inc,"MONOLITHIC POWER SYSTEMS, INC."
U19592,1MPm,MP Materials Corp,CBOE_EUROPE,0001801368,2025,2026-08-07,2026-06-30,6,167,FEATURES_READY,18,cash_conversion_ratio|net_income_yoy_growth,capex_positive_treated_as_outflow,0.100984,,-12.667915,0.655909,0.875812,-0.382613,-0.022223,-0.043398,-0.693969,0.380883,0.512079,-328130000.0,-1.461988,0.768019,,true,false,false,true,false,v2.38G,MP Materials Corp,MP Materials Corp. / DE
U19608,1NBIXm,Neurocrine Biosciences Inc,CBOE_EUROPE,0000914475,2025,2026-07-31,2026-06-30,15,365,FEATURES_READY,20,,capex_positive_treated_as_outflow,0.214495,0.402285,0.314578,0.245462,0.256169,0.167313,0.103336,0.147121,0.273623,0.297614,0.702386,748700000.0,0.261737,0.011886,1.635395,false,true,true,true,true,v2.38G,Neurocrine Biosciences Inc,NEUROCRINE BIOSCIENCES INC
U19633,1OGNm,Organon & Co,CBOE_EUROPE,0001821825,2025,2026-07-31,2026-06-30,5,139,FEATURES_READY,20,,capex_positive_treated_as_outflow,-0.029205,-0.783565,-0.254526,-0.017861,0.59322,0.030084,0.014533,0.24867,0.112613,0.941556,0.058444,538000000.0,0.086551,0.026062,3.743316,false,false,true,false,false,v2.38G,Organon & Co,Organon & Co.
U19656,1PLLm,Planet Labs PBC,CBOE_EUROPE,0001836833,2026,2026-09-03,2026-07-31,5,141,FEATURES_READY,17,cash_conversion_ratio|net_income_yoy_growth|operating_cash_flow_yoy_growth,capex_positive_treated_as_outflow,0.259359,,,0.807657,-0.572996,-0.802205,-0.215469,-1.310082,0.436627,0.83553,0.16447,57648000.0,0.187335,0.249292,,true,false,true,false,false,v2.38G,Planet Labs PBC,Planet Labs PBC
U19665,1PSTGm,Everpure Inc,CBOE_EUROPE,0001474432,2026,2026-09-04,2026-08-02,10,238,FEATURES_READY,20,,capex_positive_treated_as_outflow,0.156141,0.763001,0.167844,0.179195,0.106541,0.051376,0.040259,0.130169,0.240274,0.690717,0.309283,615741000.0,0.168105,0.072169,4.676801,true,true,true,false,true,v2.38G,Everpure Inc,"Everpure, Inc."
U19672,1QBTSm,D-Wave Quantum Inc,CBOE_EUROPE,0001907982,2025,2026-08-06,2026-06-30,4,117,FEATURES_READY,17,cash_conversion_ratio|net_income_yoy_growth|operating_cash_flow_yoy_growth,capex_positive_treated_as_outflow,1.785431,,,3.582433,12.603901,-14.441046,-0.387701,-0.416627,-2.927645,0.069428,0.930572,-75844000.0,-3.08472,0.157075,,true,true,false,true,false,v2.38G,D-Wave Quantum Inc,D-Wave Quantum Inc.
U19679,1RDDTm,Reddit Inc,CBOE_EUROPE,0001713445,2025,2026-07-31,2026-06-30,2,72,FEATURES_READY,19,net_income_yoy_growth,capex_positive_treated_as_outflow,0.693968,,2.111097,0.386279,0.374652,0.240508,0.163536,0.180852,0.313677,0.095745,0.904255,684169000.0,0.310632,0.003045,1.304224,false,true,true,true,true,v2.38G,Reddit Inc,"Reddit, Inc."
U19685,1RKLBm,Rocket Lab Corp,CBOE_EUROPE,0001819994,2025,2026-08-10,2026-06-30,6,146,FEATURES_READY,17,cash_conversion_ratio|net_income_yoy_growth|operating_cash_flow_yoy_growth,capex_positive_treated_as_outflow,0.379596,,,0.962675,3.502132,-0.329361,-0.08527,-0.115114,-0.275044,0.259251,0.740749,-321806000.0,-0.53474,0.259696,,false,true,false,true,false,v2.38G,Rocket Lab Corp,Rocket Lab Corp
U19686,1RMBSm,Rambus Inc,CBOE_EUROPE,0000917273,2025,2026-04-28,2026-03-31,16,360,FEATURES_READY,15,capex_to_revenue|free_cash_flow_margin|net_margin|operating_cash_flow_margin|revenue_yoy_growth,capex_positive_treated_as_outflow,,0.28158,0.561234,0.138786,0.217484,,0.150669,0.168903,,0.107954,0.892046,333177000.0,,,1.56221,false,false,true,true,false,v2.38G,Rambus Inc,RAMBUS INC
U19688,1ROKUm,Roku Inc,CBOE_EUROPE,0001428439,2025,2026-08-06,2026-06-30,9,227,FEATURES_READY,19,net_income_yoy_growth,capex_positive_treated_as_outflow,0.151804,,1.218432,0.0301,0.066276,0.018652,0.01993,0.033244,0.102109,0.400484,0.599516,478438000.0,0.100995,0.001115,5.474338,false,true,true,true,true,v2.38G,Roku Inc,"ROKU, INC"
U19734,1SOFIm,SoFi Technologies Inc,CBOE_EUROPE,0001818874,2025,2026-08-06,2026-06-30,6,137,FEATURES_READY,16,capex_to_revenue|free_cash_flow|free_cash_flow_margin|operating_cash_flow_yoy_growth,,0.231017,-0.034783,,0.397494,0.607552,0.777134,0.009501,0.045886,-6.042528,0.792945,0.207055,,,,-7.775405,true,false,false,false,false,v2.38G,SoFi Technologies Inc,"SoFi Technologies, Inc."
U19742,1SRPTm,Sarepta Therapeutics Inc,CBOE_EUROPE,0000873303,2025,2026-08-05,2026-06-30,15,333,FEATURES_READY,18,cash_conversion_ratio|operating_cash_flow_yoy_growth,capex_positive_treated_as_outflow,0.042694,-4.032703,,-0.154793,-0.253394,-0.38267,-0.212977,-0.625457,-0.110218,0.659486,0.340514,-307451000.0,-0.164915,0.054697,,false,false,false,false,false,v2.38G,Sarepta Therapeutics Inc,"Sarepta Therapeutics, Inc."
U19752,1SWKSm,Skyworks Solutions Inc,CBOE_EUROPE,0000004127,2025,2026-07-28,2026-07-03,16,385,FEATURES_READY,20,,capex_positive_treated_as_outflow,-0.021805,-0.199497,-0.287116,-0.044222,-0.091467,0.116739,0.060263,0.082872,0.318285,0.272818,0.727182,1105800000.0,0.270572,0.047713,2.726472,true,false,true,true,false,v2.38G,Skyworks Solutions Inc,"SKYWORKS SOLUTIONS, INC."
U19770,1TEMm,Tempus AI Inc,CBOE_EUROPE,0001717115,2025,2026-07-30,2026-06-30,2,63,FEATURES_READY,17,cash_conversion_ratio|net_income_yoy_growth|operating_cash_flow_yoy_growth,capex_positive_treated_as_outflow,0.83414,,,1.456321,7.720886,-0.192664,-0.107712,-0.498708,-0.171483,0.784017,0.215983,-239139000.0,-0.188034,0.016551,,false,true,false,false,false,v2.38G,Tempus AI Inc,"Tempus AI, Inc."
U19778,1TMDXm,TransMedics Group Inc,CBOE_EUROPE,0001756262,2025,2026-08-04,2026-06-30,7,195,FEATURES_READY,20,,capex_positive_treated_as_outflow,0.371323,4.365751,2.951396,0.328697,1.069527,0.314274,0.178113,0.402222,0.318484,0.557177,0.442823,133589000.0,0.220628,0.097856,1.013395,false,true,true,true,true,v2.38G,TransMedics Group Inc,"TransMedics Group, Inc."
U19785,1TRMBm,Trimble Inc,CBOE_EUROPE,0000864749,2025,2026-08-12,2026-07-03,16,424,FEATURES_READY,20,,capex_positive_treated_as_outflow,-0.026064,-0.71816,-0.27324,-0.018581,0.015822,0.118195,0.045533,0.07265,0.107658,0.37326,0.62674,360900000.0,0.100605,0.007053,0.910849,true,false,true,true,false,v2.38G,Trimble Inc,TRIMBLE INC.
U19801,1UC0d,Cue Biopharma Inc,CBOE_EUROPE,0001645460,2025,2026-08-14,2026-06-30,8,204,FEATURES_READY,17,cash_conversion_ratio|net_income_yoy_growth|operating_cash_flow_yoy_growth,capex_positive_treated_as_outflow,1.957467,,,0.311298,0.510486,-0.968543,-0.6302,-1.006432,-0.789594,0.373827,0.626173,-21864000.0,-0.796039,0.006444,,true,true,false,true,false,v2.38G,Cue Biopharma Inc,"Cue Biopharma, Inc."
U19805,1UNPm,Union Pacific Corp,CBOE_EUROPE,0000100885,2025,2026-07-23,2026-06-30,17,451,FEATURES_READY,20,,capex_positive_treated_as_outflow,0.010722,0.057952,-0.005992,0.029285,0.093369,0.291228,0.102413,0.386527,0.379029,0.735043,0.264957,5499000000.0,0.224357,0.154672,1.301485,true,true,true,false,true,v2.38G,Union Pacific Corp,UNION PACIFIC CORP
U19807,1UPSTm,Upstart Holdings Inc,CBOE_EUROPE,0001647639,2025,2026-08-04,2026-06-30,5,153,FEATURES_READY,19,net_income_yoy_growth,capex_positive_treated_as_outflow,0.639923,,-1.79281,0.256805,0.261517,0.051349,0.018018,0.067101,-0.141518,0.731473,0.268527,-148072000.0,-0.141851,0.000332,-2.756012,true,true,false,false,false,v2.38G,Upstart Holdings Inc,"Upstart Holdings, Inc."
U19814,1VEEVm,Veeva Systems Inc,CBOE_EUROPE,0001393052,2026,2026-08-27,2026-07-31,12,296,FEATURES_READY,17,capex_to_revenue|free_cash_flow|free_cash_flow_margin,,0.163362,0.272732,0.298311,0.223384,0.237018,0.28445,0.101222,0.125979,0.442907,0.196517,0.803483,,,,1.557064,true,true,false,true,false,v2.38G,Veeva Systems Inc,VEEVA SYSTEMS INC
U19821,1VKTXm,Viking Therapeutics Inc,CBOE_EUROPE,0001607678,2025,2026-07-29,2026-06-30,11,230,FEATURES_PARTIAL,11,capex_to_revenue|cash_conversion_ratio|free_cash_flow|free_cash_flow_margin|net_income_yoy_growth|net_margin|operating_cash_flow_margin|operating_cash_flow_yoy_growth|revenue_yoy_growth,,,,,-0.212031,-0.274023,,-0.502479,-0.562761,,0.107117,0.892883,,,,,false,false,false,true,false,v2.38G,Viking Therapeutics Inc,"Viking Therapeutics, Inc."
U19831,1VRTm,Vertiv Holdings Co,CBOE_EUROPE,0001674101,2025,2026-07-29,2026-06-30,8,210,FEATURES_READY,20,,capex_positive_treated_as_outflow,0.276854,1.688181,0.602213,0.337246,0.619069,0.130285,0.109135,0.338163,0.20663,0.677271,0.322729,1893800000.0,0.185124,0.021506,1.585984,true,true,true,false,true,v2.38G,Vertiv Holdings Co,Vertiv Holdings Co
U19931,26CAd,ImmunityBio Inc,CBOE_EUROPE,0001326110,2025,2026-08-04,2026-06-30,11,259,FEATURES_READY,15,cash_conversion_ratio|equity_yoy_growth|net_income_yoy_growth|operating_cash_flow_yoy_growth|return_on_equity,capex_positive_treated_as_outflow,6.683147,,,0.310668,,-3.101811,-0.700138,,-2.691688,1.99537,-0.997153,-308782000.0,-2.725637,0.033949,,false,true,false,false,false,v2.38G,ImmunityBio Inc,"ImmunityBio, Inc."
U19979,2H51d,Ocugen Inc,CBOE_EUROPE,0001372299,2025,2026-08-06,2026-06-30,11,248,FEATURES_READY,16,cash_conversion_ratio|net_income_yoy_growth|operating_cash_flow_yoy_growth|return_on_equity,capex_positive_treated_as_outflow,0.088286,,,-0.472162,-1.41057,-15.374122,-1.559105,,-12.908226,1.279575,-0.279575,-57149000.0,-12.950147,0.041922,,true,false,false,false,false,v2.38G,Ocugen Inc,"Ocugen, Inc."
U19991,2ONd,Peloton Interactive Inc,CBOE_EUROPE,0001639825,2026,2026-08-06,2026-06-30,7,170,FEATURES_PARTIAL,14,capex_to_revenue|equity_yoy_growth|free_cash_flow|free_cash_flow_margin|net_income_yoy_growth|return_on_equity,,-0.017986,,0.163964,-0.032654,,0.025838,0.030741,,0.158463,1.067951,-0.067951,,,,6.132911,true,true,false,false,false,v2.38G,Peloton Interactive Inc,"PELOTON INTERACTIVE, INC."
U19993,2RJAd,Phunware Inc,CBOE_EUROPE,0001665300,2025,2026-08-10,2026-06-30,10,200,FEATURES_PARTIAL,14,capex_to_revenue|cash_conversion_ratio|free_cash_flow|free_cash_flow_margin|net_income_yoy_growth|operating_cash_flow_yoy_growth,,-0.199436,,,0.053031,-0.101378,-4.465727,-0.094326,-0.11837,-4.883275,0.203122,0.796878,,,,,true,false,false,true,false,v2.38G,Phunware Inc,"Phunware, Inc."
U20001,2X0d,Corteva Inc,CBOE_EUROPE,0001755672,2025,2026-07-31,2026-06-30,7,159,FEATURES_READY,16,capex_to_revenue|free_cash_flow|free_cash_flow_margin|liabilities_to_assets,,0.029158,0.206174,0.587879,0.049479,0.014923,0.06287,0.025534,0.045311,0.195736,,0.56352,,,,3.113346,true,true,false,false,false,v2.38G,Corteva Inc,"Corteva, Inc."
U20003,2XTd,DXC Technology Co,CBOE_EUROPE,0001688568,2026,2026-07-31,2026-06-30,9,257,FEATURES_READY,20,,capex_positive_treated_as_outflow,-0.017637,-0.953728,-0.107296,-0.023855,-0.089192,0.001424,0.001396,0.00612,0.098703,0.751047,0.228161,1036000000.0,0.081936,0.016767,69.333333,true,false,true,false,false,v2.38G,DXC Technology Co,DXC Technology Co
U20087,38Id,Intellia Therapeutics Inc,CBOE_EUROPE,0001652130,2025,2026-08-06,2026-06-30,10,213,FEATURES_READY,17,cash_conversion_ratio|net_income_yoy_growth|operating_cash_flow_yoy_growth,capex_positive_treated_as_outflow,0.169221,,,-0.292933,-0.230014,-6.098536,-0.490061,-0.614682,-5.833163,0.20274,0.79726,-395865000.0,-5.849847,0.016684,,false,true,false,true,false,v2.38G,Intellia Therapeutics Inc,"Intellia Therapeutics, Inc."
U20125,3E7d,Evergy Inc,CBOE_EUROPE,0001711269,2025,2026-05-07,2026-03-31,8,191,FEATURES_READY,19,liabilities_to_assets,capex_positive_treated_as_outflow,0.000123,-0.020492,0.031003,0.05162,0.02675,0.149971,0.025203,0.083708,0.358486,,0.301083,-751700000.0,-0.131759,0.490246,2.390369,false,false,false,false,false,v2.38G,Evergy Inc,"Evergy, Inc."
U20161,3LNd,Live Nation Entertainment Inc,CBOE_EUROPE,0001335258,2025,2026-07-30,2026-06-30,15,348,FEATURES_READY,19,liabilities_to_assets,capex_positive_treated_as_outflow,0.088349,-0.446637,-0.191203,0.166699,0.564137,0.01968,0.021646,1.830108,0.055367,,0.011828,333611000.0,0.013238,0.042129,2.813296,true,false,true,false,false,v2.38G,Live Nation Entertainment Inc,"Live Nation Entertainment, Inc."
U20188,3S9d,Sunrun Inc,CBOE_EUROPE,0001469367,2025,2026-08-05,2026-06-30,11,287,FEATURES_READY,15,capex_to_revenue|free_cash_flow|free_cash_flow_margin|net_income_yoy_growth|operating_cash_flow_yoy_growth,,0.451131,,,0.136332,0.226402,0.152163,0.0199,0.143639,-0.142523,0.779574,0.138541,,,,-0.936644,true,true,false,false,false,v2.38G,Sunrun Inc,Sunrun Inc.
U20217,3U6d,UGI Corp,CBOE_EUROPE,0000884614,2025,2026-08-06,2026-06-30,16,441,FEATURES_READY,20,,capex_positive_treated_as_outflow,0.014478,1.520446,0.038071,0.024109,0.099425,0.094865,0.043849,0.14193,0.17168,0.690467,0.308951,390000000.0,0.054568,0.117112,1.809735,true,true,true,false,true,v2.38G,UGI Corp,UGI CORP /PA/
U20240,45Td,IES Holdings Inc,CBOE_EUROPE,0001048268,2024,2026-07-31,2026-06-30,14,381,FEATURES_READY,17,capex_to_revenue|free_cash_flow|free_cash_flow_margin,,0.418236,1.825567,0.858949,0.625572,0.96441,0.090754,0.191754,0.346143,0.084858,0.443515,0.553974,,,,0.935031,true,true,false,true,false,v2.38G,IES Holdings Inc,"IES Holdings, Inc."
U20273,4CC0d,ClearSign Technologies Corp,CBOE_EUROPE,0001434524,2025,2026-08-14,2026-06-30,14,284,FEATURES_PARTIAL,12,capex_to_revenue|cash_conversion_ratio|free_cash_flow_margin|net_income_yoy_growth|net_margin|operating_cash_flow_margin|operating_cash_flow_yoy_growth|revenue_yoy_growth,capex_positive_treated_as_outflow,,,,-0.23467,-0.307614,,-0.451194,-0.576705,,0.217634,0.782366,-4740000.0,,,,false,false,false,true,false,v2.38G,ClearSign Technologies Corp,ClearSign Technologies Corp
U20274,4CUd,Centrus Energy Corp,CBOE_EUROPE,0001065059,2025,2026-08-06,2026-06-30,16,350,FEATURES_READY,20,,capex_positive_treated_as_outflow,0.015158,0.062842,0.378378,1.236967,3.740397,0.17339,0.031808,0.101686,0.113662,0.687191,0.312809,31300000.0,0.069757,0.043905,0.655527,false,true,true,false,true,v2.38G,Centrus Energy Corp,CENTRUS ENERGY CORP
U20277,4DNd,Denali Therapeutics Inc,CBOE_EUROPE,0001714899,2025,2026-08-06,2026-06-30,8,210,FEATURES_PARTIAL,12,capex_to_revenue|cash_conversion_ratio|free_cash_flow_margin|net_income_yoy_growth|net_margin|operating_cash_flow_margin|operating_cash_flow_yoy_growth|revenue_yoy_growth,capex_positive_treated_as_outflow,,,,-0.166882,-0.175592,,-0.44769,-0.505583,,0.114506,0.885494,-422102000.0,,,,false,false,false,true,false,v2.38G,Denali Therapeutics Inc,Denali Therapeutics Inc.
U20282,4LLd,Teladoc Health Inc,CBOE_EUROPE,0001477449,2025,2026-07-30,2026-06-30,11,223,FEATURES_READY,18,cash_conversion_ratio|net_income_yoy_growth,capex_positive_treated_as_outflow,-0.01541,,0.002305,-0.18718,-0.070669,-0.079179,-0.070084,-0.144563,0.116348,0.515199,0.484801,285464000.0,0.112833,0.003515,,false,true,true,true,false,v2.38G,Teladoc Health Inc,"Teladoc Health, Inc."
U20283,4MDd,Digital Turbine Inc,CBOE_EUROPE,0000317788,2026,2026-08-05,2026-06-30,15,311,FEATURES_READY,18,cash_conversion_ratio|net_income_yoy_growth,capex_positive_treated_as_outflow,0.152383,,2.518939,0.035431,0.248139,-0.066753,-0.044831,-0.196356,0.073958,0.771686,0.228314,11186000.0,0.019789,0.054169,,true,true,true,false,true,v2.38G,Digital Turbine Inc,"Digital Turbine, Inc."
U20285,4PGd,Otis Worldwide Corp,CBOE_EUROPE,0001781335,2025,2026-07-23,2026-06-30,6,158,FEATURES_READY,15,capex_to_revenue|equity_yoy_growth|free_cash_flow|free_cash_flow_margin|return_on_equity,,0.011921,-0.158663,0.021113,-0.05859,,0.095905,0.129916,,0.110595,1.49479,-0.506149,,,,1.153179,true,false,false,false,false,v2.38G,Otis Worldwide Corp,Otis Worldwide Corp
U20302,4VKd,Aon PLC,CBOE_EUROPE,0000315293,2025,2026-07-29,2026-06-30,17,436,FEATURES_READY,20,,capex_positive_treated_as_outflow,0.094471,0.392238,0.146952,0.037149,0.527855,0.215063,0.072759,0.395103,0.202608,0.811988,0.184152,3218000000.0,0.1873,0.015308,0.942084,false,true,true,false,true,v2.38G,Aon PLC,Aon plc
U20356,5GHd,Guardant Health Inc,CBOE_EUROPE,0001576280,2025,2026-07-30,2026-06-30,8,188,FEATURES_READY,15,cash_conversion_ratio|equity_yoy_growth|net_income_yoy_growth|operating_cash_flow_yoy_growth|return_on_equity,capex_positive_treated_as_outflow,0.328822,,,0.355443,,-0.423898,-0.206727,,-0.188143,1.049317,-0.049317,-233066000.0,-0.237333,0.04919,,true,true,false,false,false,v2.38G,Guardant Health Inc,"Guardant Health, Inc."
U20373,5QZ0d,QuantumScape Corp,CBOE_EUROPE,0001811414,2025,2026-07-24,2026-06-30,6,142,FEATURES_PARTIAL,12,capex_to_revenue|cash_conversion_ratio|free_cash_flow_margin|net_income_yoy_growth|net_margin|operating_cash_flow_margin|operating_cash_flow_yoy_growth|revenue_yoy_growth,capex_positive_treated_as_outflow,,,,-0.010768,0.009609,,-0.332567,-0.372164,,0.106396,0.893604,-278750000.0,,,,false,false,false,true,false,v2.38G,QuantumScape Corp,QuantumScape Corp
U20400,63Gd,Paramount Skydance Corp,CBOE_EUROPE,0002041610,2025,2026-08-04,2026-06-30,1,38,FEATURES_PARTIAL,13,assets_yoy_growth|cash_conversion_ratio|equity_yoy_growth|liabilities_to_assets|net_income_yoy_growth|operating_cash_flow_yoy_growth|revenue_yoy_growth,capex_positive_treated_as_outflow,,,,,,-0.047763,-0.01352,-0.050115,0.039531,,0.269785,323000000.0,0.026327,0.013204,,false,false,true,false,false,v2.38G,Paramount Skydance Corp,Paramount Skydance Corp
U20445,6D8d,DuPont de Nemours Inc,CBOE_EUROPE,0001666700,2025,2026-08-04,2026-06-30,9,194,FEATURES_PARTIAL,14,capex_to_revenue|cash_conversion_ratio|free_cash_flow|free_cash_flow_margin|operating_cash_flow_margin|operating_cash_flow_yoy_growth,,-0.447037,-2.108108,,-0.411098,-0.403897,-0.113739,-0.036107,-0.055967,,0.346327,0.645145,,,,,false,false,false,true,false,v2.38G,DuPont de Nemours Inc,"DuPont de Nemours, Inc."
U20447,6HAd,HA Sustainable Infrastructure Capital Inc,CBOE_EUROPE,0001561894,2025,2026-08-07,2026-06-30,13,306,FEATURES_READY,17,capex_to_revenue|free_cash_flow|free_cash_flow_margin,,0.044075,-0.077436,27.591422,0.156452,0.105109,0.460789,0.022539,0.069434,0.417768,0.675393,0.324607,,,,0.906636,false,false,false,false,false,v2.38G,HA Sustainable Infrastructure Capital Inc,"HA Sustainable Infrastructure Capital, Inc."
U20497,76Wd,H2O America,CBOE_EUROPE,0000766829,2025,2026-04-29,2026-03-31,15,295,FEATURES_READY,16,capex_to_revenue|free_cash_flow|free_cash_flow_margin|liabilities_to_assets,,0.094072,0.091639,0.252023,0.105458,0.12714,0.127332,0.01992,0.066576,0.303879,,0.299204,,,,2.386506,true,false,false,false,false,v2.38G,H2O America,H2O AMERICA
U20501,788d,Coupang Inc,CBOE_EUROPE,0001834584,2025,2026-08-04,2026-06-30,5,153,FEATURES_READY,20,,capex_positive_treated_as_outflow,0.140941,0.350649,-0.059915,0.159215,0.127011,0.006023,0.011694,0.044992,0.051341,0.740091,0.259909,522000000.0,0.015116,0.036225,8.524038,false,true,true,false,true,v2.38G,Coupang Inc,"Coupang, Inc."
U20509,7B0d,SentinelOne Inc,CBOE_EUROPE,0001583708,2026,2026-08-28,2026-07-31,5,144,FEATURES_READY,18,cash_conversion_ratio|net_income_yoy_growth,capex_positive_treated_as_outflow,0.218899,,1.271584,0.013079,-0.139046,-0.45016,-0.184871,-0.313632,0.076518,0.410548,0.589452,75903000.0,0.075806,0.000712,,false,false,true,true,false,v2.38G,SentinelOne Inc,"SentinelOne, Inc."
U20514,7JAd,Butterfly Network Inc,CBOE_EUROPE,0001804176,2025,2026-07-30,2026-06-30,6,159,FEATURES_READY,17,cash_conversion_ratio|net_income_yoy_growth|operating_cash_flow_yoy_growth,capex_positive_treated_as_outflow,0.189553,,,0.157961,0.160793,-0.789509,-0.259883,-0.393226,-0.13011,0.339099,0.660901,-16048000.0,-0.164409,0.0343,,false,true,false,true,false,v2.38G,Butterfly Network Inc,"Butterfly Network, Inc."
U20522,7XUd,Kyndryl Holdings Inc,CBOE_EUROPE,0001867072,2026,2026-08-05,2026-06-30,5,92,FEATURES_PARTIAL,12,capex_to_revenue|cash_conversion_ratio|free_cash_flow|free_cash_flow_margin|net_income_yoy_growth|net_margin|return_on_assets|return_on_equity,,0.002325,,0.006369,0.200823,-0.036095,,,,0.062815,0.89706,0.093618,,,,,true,false,false,false,false,v2.38G,Kyndryl Holdings Inc,"Kyndryl Holdings, Inc."
U20525,8020d,Hillman Solutions Corp,CBOE_EUROPE,0001822492,2025,2026-08-04,2026-06-27,6,135,FEATURES_READY,17,capex_to_revenue|free_cash_flow|free_cash_flow_margin,,0.054074,1.335845,-0.426272,0.011024,0.03902,0.025966,0.017106,0.032808,0.067764,0.478605,0.521395,,,,2.609726,true,true,false,true,false,v2.38G,Hillman Solutions Corp,Hillman Solutions Corp.
U20543,82Wd,Hims & Hers Health Inc,CBOE_EUROPE,0001773751,2025,2026-08-10,2026-06-30,7,160,FEATURES_READY,17,capex_to_revenue|free_cash_flow|free_cash_flow_margin,,0.589986,0.018463,0.194843,2.045352,0.134697,0.054678,0.059574,0.237305,0.127791,0.748955,0.251045,,,,2.337132,false,false,false,false,false,v2.38G,Hims & Hers Health Inc,"Hims & Hers Health, Inc."
U20570,87Pd,SharonAI Holdings Inc,CBOE_EUROPE,0002068385,2025,2026-08-11,2026-06-30,1,18,FEATURES_PARTIAL,13,assets_yoy_growth|cash_conversion_ratio|equity_yoy_growth|net_income_yoy_growth|operating_cash_flow_yoy_growth|return_on_equity|revenue_yoy_growth,capex_positive_treated_as_outflow,,,,,,-25.292433,-0.297611,,-1.684473,1.076222,-0.076222,-13589659.0,-8.674448,6.989975,,false,false,false,false,false,v2.38G,SharonAI Holdings Inc,SharonAI Holdings Inc.
U20585,8LL0d,374Water Inc,CBOE_EUROPE,0000933972,2025,2026-08-14,2026-06-30,15,297,FEATURES_READY,17,cash_conversion_ratio|net_income_yoy_growth|operating_cash_flow_yoy_growth,capex_positive_treated_as_outflow,-0.517254,,,-0.405471,-0.565428,-97.541595,-1.839054,-3.11901,-66.622046,0.410372,0.589628,-16224417.0,-75.44942,8.827374,,false,false,false,true,false,v2.38G,374Water Inc,374Water Inc.
U20587,8QJ0d,Marqeta Inc,CBOE_EUROPE,0001522540,2025,2026-08-04,2026-06-30,5,112,FEATURES_READY,19,cash_conversion_ratio,capex_positive_treated_as_outflow,0.232525,-1.510316,1.795651,0.042256,-0.297747,-0.022284,-0.009131,-0.018275,0.260245,0.500367,0.499633,160788000.0,0.257309,0.002937,,true,false,true,true,false,v2.38G,Marqeta Inc,"Marqeta, Inc."
U20649,9MKd,Keel Infrastructure Corp,CBOE_EUROPE,0001812477,2025,2026-08-10,2026-06-30,1,16,FEATURES_PARTIAL,11,assets_yoy_growth|capex_to_revenue|cash_conversion_ratio|equity_yoy_growth|free_cash_flow|free_cash_flow_margin|net_income_yoy_growth|operating_cash_flow_yoy_growth|revenue_yoy_growth,,,,,,,-1.241054,-0.219497,-0.507774,-0.988302,0.567727,0.432273,,,,,false,false,false,true,false,v2.38G,Keel Infrastructure Corp,Keel Infrastructure Corp.
U20655,9WYd,Texas Pacific Land Corp,CBOE_EUROPE,0001811074,2025,2026-08-05,2026-06-30,6,143,FEATURES_READY,17,capex_to_revenue|free_cash_flow|free_cash_flow_margin,,0.130864,0.060393,0.112576,0.300683,0.288258,0.603084,0.296546,0.329957,0.683935,0.101259,0.898741,,,,1.134062,true,false,false,true,false,v2.38G,Texas Pacific Land Corp,Texas Pacific Land Corp
U20684,AAOIn,Applied Optoelectronics Inc,CBOE_EUROPE,0001158114,2025,2026-08-06,2026-06-30,13,335,FEATURES_READY,17,cash_conversion_ratio|net_income_yoy_growth|operating_cash_flow_yoy_growth,capex_positive_treated_as_outflow,0.827502,,,1.135932,2.203315,-0.083886,-0.032718,-0.052088,-0.382757,0.371873,0.628127,-353576000.0,-0.775871,0.393114,,true,true,false,true,false,v2.38G,Applied Optoelectronics Inc,"APPLIED OPTOELECTRONICS, INC."
U20728,ACADn,ACADIA Pharmaceuticals Inc,CBOE_EUROPE,0001070494,2025,2026-08-05,2026-06-30,15,319,FEATURES_READY,20,,capex_positive_treated_as_outflow,0.118718,0.726643,-0.303597,0.316933,0.674948,0.364907,0.249969,0.318562,0.102506,0.215322,0.784678,105146000.0,0.098129,0.004377,0.28091,false,true,true,true,true,v2.38G,ACADIA Pharmaceuticals Inc,ACADIA PHARMACEUTICALS INC
U20743,ACHCn,Acadia Healthcare Co Inc,CBOE_EUROPE,0001520697,2025,2026-04-30,2026-03-31,15,376,FEATURES_READY,19,cash_conversion_ratio,capex_positive_treated_as_outflow,0.050351,-5.314242,0.017002,-0.072096,-0.365927,-0.332885,-0.199508,-0.565826,0.039815,0.612741,0.352597,-439909000.0,-0.132792,0.172607,,false,false,false,false,false,v2.38G,Acadia Healthcare Co Inc,"Acadia Healthcare Company, Inc."
U20896,AGIOn,Agios Pharmaceuticals Inc,CBOE_EUROPE,0001439222,2025,2026-07-30,2026-06-30,13,285,FEATURES_READY,18,cash_conversion_ratio|operating_cash_flow_yoy_growth,capex_positive_treated_as_outflow,0.4803,-1.612685,,-0.220042,-0.225731,-7.640131,-0.318203,-0.345969,-6.903402,0.080257,0.919743,-377293000.0,-6.983286,0.079885,,true,false,false,true,false,v2.38G,Agios Pharmaceuticals Inc,"AGIOS PHARMACEUTICALS, INC."
U20906,AGTd,AptarGroup Inc,CBOE_EUROPE,0000896622,2025,2026-07-31,2026-06-30,16,345,FEATURES_READY,19,liabilities_to_assets,capex_positive_treated_as_outflow,0.054227,0.048721,-0.114101,0.185106,0.079376,0.10399,0.074778,0.147217,0.150906,,0.507946,299580000.0,0.079313,0.071593,1.451158,true,false,true,false,false,v2.38G,AptarGroup Inc,"APTARGROUP, INC."
U20910,AH91d,AMC Entertainment Holdings Inc,CBOE_EUROPE,0001411579,2025,2026-07-23,2026-06-30,12,290,FEATURES_PARTIAL,12,capex_to_revenue|cash_conversion_ratio|equity_yoy_growth|free_cash_flow|free_cash_flow_margin|net_income_yoy_growth|operating_cash_flow_yoy_growth|return_on_equity,,0.045653,,,-0.027851,,-0.130421,-0.078875,,-0.024707,1.236324,-0.236324,,,,,true,false,false,false,false,v2.38G,AMC Entertainment Holdings Inc,"AMC ENTERTAINMENT HOLDINGS, INC."
U21131,ALLYn,Ally Financial Inc,CBOE_EUROPE,0000040729,2025,2026-07-23,2026-06-30,15,368,FEATURES_READY,17,capex_to_revenue|free_cash_flow|free_cash_flow_margin,,0.038397,0.275449,-0.176458,0.021716,0.114723,0.684887,0.004347,0.054975,2.997588,0.920929,0.079071,,,,4.376761,false,true,false,false,false,v2.38G,Ally Financial Inc,Ally Financial Inc.
U21324,AMKRn,Amkor Technology Inc,CBOE_EUROPE,0001047127,2025,2026-04-28,2026-03-31,16,432,FEATURES_READY,20,,capex_positive_treated_as_outflow,0.061777,0.056165,0.006188,0.171648,0.077493,0.055739,0.045954,0.083625,0.163329,0.446151,0.549525,190992000.0,0.028472,0.134856,2.93025,true,false,true,true,false,v2.38G,Amkor Technology Inc,"AMKOR TECHNOLOGY, INC."
U21329,AMS1d,American Superconductor Corp,CBOE_EUROPE,0000880807,2026,2026-08-05,2026-06-30,15,403,FEATURES_READY,15,capex_to_revenue|free_cash_flow_margin|net_margin|operating_cash_flow_margin|revenue_yoy_growth,capex_positive_treated_as_outflow,,21.179513,-0.181616,1.38142,1.817897,,0.18095,0.240903,,0.248869,0.751131,18260000.0,,,0.172993,false,false,true,true,false,v2.38G,American Superconductor Corp,AMERICAN SUPERCONDUCTOR CORP /DE/
U21561,AVAn,Avista Corp,CBOE_EUROPE,0000104918,2025,2026-08-03,2026-06-30,16,441,FEATURES_READY,20,,capex_positive_treated_as_outflow,0.013416,0.072222,-0.121723,0.052638,0.045542,0.098269,0.023089,0.071244,0.238798,0.675918,0.324082,-101000000.0,-0.051426,0.290224,2.430052,false,true,false,false,false,v2.38G,Avista Corp,AVISTA CORP
U21649,B72d,AtaiBeckley Inc,CBOE_EUROPE,0002081043,2025,2026-08-11,2026-06-30,1,18,FEATURES_PARTIAL,14,assets_yoy_growth|cash_conversion_ratio|equity_yoy_growth|net_income_yoy_growth|operating_cash_flow_yoy_growth|revenue_yoy_growth,capex_positive_treated_as_outflow,,,,,,-161.420152,-2.254852,-2.974873,-25.110051,0.2416,0.757966,-103576000.0,-25.330399,0.220347,,false,false,false,true,false,v2.38G,AtaiBeckley Inc,AtaiBeckley Inc.
U21697,BAXn,Baxter International Inc,CBOE_EUROPE,0000010456,2025,2026-07-30,2026-06-30,17,384,FEATURES_READY,15,capex_to_revenue|cash_conversion_ratio|free_cash_flow|free_cash_flow_margin|net_income_yoy_growth,,0.057164,,-0.170756,-0.222132,-0.119902,-0.085112,-0.047719,-0.156143,0.075151,0.695737,0.30561,,,,,true,false,false,false,false,v2.38G,Baxter International Inc,BAXTER INTERNATIONAL INC
U21751,BDCn,Belden Inc,CBOE_EUROPE,0000913142,2025,2026-07-30,2026-06-28,16,356,FEATURES_READY,19,liabilities_to_assets,capex_positive_treated_as_outflow,0.103298,0.196988,0.007919,0.06481,-0.023412,0.087479,0.067028,0.18785,0.130696,,0.356817,218692000.0,0.080544,0.050152,1.494026,true,true,true,false,true,v2.38G,Belden Inc,BELDEN INC.
U21792,BICd,BTCS Inc,CBOE_EUROPE,0001436229,2025,2026-08-19,2026-06-30,15,275,FEATURES_READY,17,cash_conversion_ratio|net_income_yoy_growth|operating_cash_flow_yoy_growth,capex_positive_treated_as_outflow,3.048487,,,4.611966,3.100499,-2.022452,-0.155398,-0.239235,-0.593269,0.350438,0.649562,-9796702.0,-0.594043,0.000774,,true,false,false,true,false,v2.38G,BTCS Inc,BTCS Inc.
U21852,BJn,BJ's Wholesale Club Holdings Inc,CBOE_EUROPE,0001531152,2025,2026-08-25,2026-08-01,8,202,FEATURES_READY,20,,capex_positive_treated_as_outflow,0.046604,0.082258,0.143399,0.063008,0.189561,0.026955,0.077009,0.263179,0.048005,0.707387,0.292613,328008000.0,0.015287,0.032718,1.780942,true,true,true,false,true,v2.38G,BJ's Wholesale Club Holdings Inc,"BJ's Wholesale Club Holdings, Inc."
U21853,BKDn,Brookdale Senior Living Inc,CBOE_EUROPE,0001332349,2025,2026-08-10,2026-06-30,16,387,FEATURES_READY,17,cash_conversion_ratio|net_income_yoy_growth|return_on_equity,capex_positive_treated_as_outflow,0.021942,,0.312035,-0.060503,-1.210627,-0.082244,-0.044133,,0.068261,1.007288,-0.007519,16505000.0,0.005167,0.063094,,false,false,true,false,false,v2.38G,Brookdale Senior Living Inc,Brookdale Senior Living Inc.
U22025,BRXn,Brixmor Property Group Inc,CBOE_EUROPE,0001581068,2025,2026-07-27,2026-06-30,13,245,FEATURES_PARTIAL,14,capex_to_revenue|free_cash_flow|free_cash_flow_margin|net_margin|operating_cash_flow_margin|revenue_yoy_growth,,,0.138396,0.043739,0.025168,0.00876,,0.042289,0.128323,,0.670425,0.329549,,,,1.688148,false,false,false,false,false,v2.38G,Brixmor Property Group Inc,Brixmor Property Group Inc.
U22058,BTJn,Atmos Energy Corp,CBOE_EUROPE,0000731802,2025,2026-08-05,2026-06-30,16,297,FEATURES_READY,16,capex_to_revenue|free_cash_flow|free_cash_flow_margin|liabilities_to_assets,,0.129062,0.149448,0.182097,0.121259,0.115254,0.254905,0.042434,0.088411,0.435799,,0.479969,,,,1.709655,true,true,false,false,false,v2.38G,Atmos Energy Corp,ATMOS ENERGY CORP
U22148,CA8Ad,CACI International Inc,CBOE_EUROPE,0000016058,2026,2026-08-06,2026-06-30,16,345,FEATURES_READY,17,capex_to_revenue|free_cash_flow|free_cash_flow_margin,,0.108945,0.07198,0.621015,0.366812,0.146061,0.056001,0.045332,0.120064,0.092677,0.622434,0.377566,,,,1.654903,false,false,false,false,false,v2.38G,CACI International Inc,CACI INTERNATIONAL INC /DE/
U22158,CALn,Caleres Inc,CBOE_EUROPE,0000014707,2025,2026-06-09,2026-05-02,15,326,FEATURES_PARTIAL,13,capex_to_revenue|cash_conversion_ratio|free_cash_flow_margin|liabilities_to_assets|net_margin|operating_cash_flow_margin|revenue_yoy_growth,capex_positive_treated_as_outflow,,-1.062393,-0.013246,0.037491,0.004719,,-0.003404,-0.011119,,,0.306162,39433000.0,,,,false,false,true,false,false,v2.38G,Caleres Inc,CALERES INC
U22283,CDLXn,Cardlytics Inc,CBOE_EUROPE,0001666071,2025,2026-08-05,2026-06-30,8,195,FEATURES_READY,16,cash_conversion_ratio|net_income_yoy_growth|operating_cash_flow_yoy_growth|return_on_equity,capex_positive_treated_as_outflow,-0.169341,,,-0.272643,-1.092981,-0.487397,-0.362301,,0.043753,1.022784,-0.022784,8810000.0,0.041492,0.002261,,false,true,true,false,false,v2.38G,Cardlytics Inc,"Cardlytics, Inc."
U22325,CENXn,Century Aluminum Co,CBOE_EUROPE,0000949157,2025,2026-08-06,2026-06-30,15,346,FEATURES_READY,18,liabilities_to_assets|operating_cash_flow_yoy_growth,capex_positive_treated_as_outflow,0.13854,-0.875891,,0.170104,0.160138,0.016535,0.01842,0.051887,0.073183,,0.354999,84800000.0,0.033546,0.039638,4.425837,true,false,true,false,false,v2.38G,Century Aluminum Co,CENTURY ALUMINUM CO
U22364,CGNXn,Cognex Corp,CBOE_EUROPE,0000851205,2025,2026-08-06,2026-07-05,16,412,FEATURES_READY,20,,capex_positive_treated_as_outflow,0.087307,0.077903,0.64685,0.011895,-0.016872,0.115091,0.056751,0.076709,0.246907,0.260173,0.739827,236771000.0,0.238114,0.008793,2.145314,false,false,true,true,false,v2.38G,Cognex Corp,COGNEX CORP
U22373,CHGGn,Chegg Inc,CBOE_EUROPE,0001364954,2025,2026-08-06,2026-06-30,12,288,FEATURES_READY,18,cash_conversion_ratio|net_income_yoy_growth,capex_positive_treated_as_outflow,-0.389696,,-0.876283,-0.680058,-0.380131,-0.274393,-0.371999,-0.864558,0.041098,0.569723,0.430277,-12633000.0,-0.033517,0.074615,,false,true,false,true,false,v2.38G,Chegg Inc,"CHEGG, INC"
U22432,CLBn,Core Laboratories NV,CBOE_EUROPE,0001958086,2025,2026-07-30,2026-06-30,3,80,FEATURES_READY,19,liabilities_to_assets,capex_positive_treated_as_outflow,0.005101,-0.055127,-0.343282,-0.010833,0.055538,0.056349,0.050802,0.111543,0.070332,,0.455448,25822000.0,0.049043,0.021289,1.248138,false,false,true,false,false,v2.38G,Core Laboratories NV,Core Laboratories Inc. /DE/
U22435,CLDXn,Celldex Therapeutics Inc,CBOE_EUROPE,0000744218,2025,2026-08-06,2026-06-30,15,290,FEATURES_READY,17,cash_conversion_ratio|net_income_yoy_growth|operating_cash_flow_yoy_growth,capex_positive_treated_as_outflow,-0.779915,,,-0.264226,-0.294295,-167.480259,-0.44385,-0.490846,-136.533981,0.095746,0.904254,-213659000.0,-138.290615,1.756634,,false,false,false,true,false,v2.38G,Celldex Therapeutics Inc,"Celldex Therapeutics, Inc."
U22464,CLOVRn,Clover Health Investments Corp,CBOE_EUROPE,0001801170,2025,2026-08-07,2026-06-30,6,152,FEATURES_READY,18,cash_conversion_ratio|net_income_yoy_growth,capex_positive_treated_as_outflow,0.403446,,-2.920907,-0.068414,-0.095089,-0.044457,-0.158128,-0.277123,-0.034783,0.429394,0.570606,-68977000.0,-0.035845,0.001062,,true,false,false,true,false,v2.38G,Clover Health Investments Corp,"CLOVER HEALTH INVESTMENTS, CORP. /DE"
U22515,CNKn,Cinemark Holdings Inc,CBOE_EUROPE,0001385280,2025,2026-05-01,2026-03-31,15,322,FEATURES_PARTIAL,8,assets_yoy_growth|capex_to_revenue|cash_conversion_ratio|equity_to_assets|equity_yoy_growth|free_cash_flow|free_cash_flow_margin|liabilities_to_assets|operating_cash_flow_margin|operating_cash_flow_yoy_growth|return_on_assets|return_on_equity,,0.021479,-0.553762,,,,0.044366,,,,,,,,,,true,false,false,false,false,v2.38G,Cinemark Holdings Inc,"Cinemark Holdings, Inc."
U22517,CNMDn,CONMED Corp,CBOE_EUROPE,0000816956,2025,2026-07-29,2026-06-30,15,400,FEATURES_READY,20,,capex_positive_treated_as_outflow,0.051804,-0.644661,0.022286,0.008456,0.073146,0.034229,0.020232,0.045548,0.124162,0.5558,0.4442,150883000.0,0.109755,0.014407,3.627436,true,false,true,true,false,v2.38G,CONMED Corp,CONMED Corp
U22597,COZd,Cognizant Technology Solutions Corp,CBOE_EUROPE,0001058290,2025,2026-04-29,2026-03-31,17,459,FEATURES_READY,20,,capex_positive_treated_as_outflow,0.069518,-0.004464,0.357345,0.036362,0.042129,0.105647,0.107771,0.148518,0.136583,0.274357,0.725643,2595000000.0,0.122939,0.013644,1.292825,true,false,true,true,false,v2.38G,Cognizant Technology Solutions Corp,COGNIZANT TECHNOLOGY SOLUTIONS CORP
U22612,CPTn,Camden Property Trust,CBOE_EUROPE,0000906345,2025,2026-07-31,2026-06-30,16,362,FEATURES_READY,17,capex_to_revenue|free_cash_flow|free_cash_flow_margin,,0.81687,1.35443,0.066777,0.021559,-0.06688,29.649264,0.042515,0.088128,63.748053,0.509205,0.48242,,,,2.150072,false,true,false,true,false,v2.38G,Camden Property Trust,CAMDEN PROPERTY TRUST
U22655,CS1d,Expand Energy Corp,CBOE_EUROPE,0000895126,2025,2026-04-28,2026-03-31,17,388,FEATURES_READY,19,net_income_yoy_growth,capex_positive_treated_as_outflow,1.86281,,1.923323,0.014089,0.057672,0.150033,0.064305,0.097912,0.377351,0.343232,0.656768,1839000000.0,0.151683,0.225668,2.515118,true,true,true,true,true,v2.38G,Expand Energy Corp,EXPAND ENERGY Corp
U22732,CWHn,Camping World Holdings Inc,CBOE_EUROPE,0001669779,2025,2026-07-31,2026-06-30,10,196,FEATURES_READY,15,capex_to_revenue|cash_conversion_ratio|free_cash_flow|free_cash_flow_margin|net_income_yoy_growth,,0.044127,,-1.538365,0.037229,-0.30001,-0.014099,-0.017802,-0.392839,-0.020723,0.926294,0.045316,,,,,true,false,false,false,false,v2.38G,Camping World Holdings Inc,"Camping World Holdings, Inc."
U22836,DDNd,Darden Restaurants Inc,CBOE_EUROPE,0000940944,2026,2026-07-24,2026-05-31,17,392,FEATURES_READY,15,cash_conversion_ratio|free_cash_flow|free_cash_flow_margin|operating_cash_flow_margin|operating_cash_flow_yoy_growth,capex_positive_treated_as_outflow,0.093916,0.149676,,0.02188,-0.04491,0.091341,0.093816,0.546636,,0.828376,0.171624,,,0.05556,,true,true,false,false,false,v2.38G,Darden Restaurants Inc,DARDEN RESTAURANTS INC
U23030,DOCUn,DocuSign Inc,CBOE_EUROPE,0001261333,2026,2026-09-04,2026-07-31,8,216,FEATURES_READY,20,,capex_positive_treated_as_outflow,0.081553,-0.710563,0.145227,0.05404,-0.042379,0.096004,0.073078,0.161165,0.36186,0.546566,0.453434,1058562000.0,0.328797,0.033063,3.769212,true,false,true,true,false,v2.38G,DocuSign Inc,"DOCUSIGN, INC."
U23061,DRHn,DiamondRock Hospitality Co,CBOE_EUROPE,0001298946,2025,2026-07-30,2026-06-30,16,350,FEATURES_READY,17,capex_to_revenue|free_cash_flow|free_cash_flow_margin,,-0.008312,1.11112,0.085741,-0.053133,-0.089515,0.090525,0.033769,0.070056,0.217449,0.514903,0.482034,,,,2.402078,false,true,false,true,false,v2.38G,DiamondRock Hospitality Co,DiamondRock Hospitality Co
U23156,E050d,Easterly Government Properties Inc,CBOE_EUROPE,0001622194,2025,2026-08-03,2026-06-30,11,261,FEATURES_READY,17,capex_to_revenue|free_cash_flow|free_cash_flow_margin,,0.112719,-0.334987,0.593716,0.048618,0.001524,0.038688,0.003847,0.009827,0.771183,0.594776,0.391486,,,,19.9334,true,false,false,true,false,v2.38G,Easterly Government Properties Inc,"Easterly Government Properties, Inc."
U23170,E7Pd,Indivior Pharmaceuticals Inc,CBOE_EUROPE,0001625297,2025,2026-08-03,2026-06-30,2,45,FEATURES_READY,18,equity_yoy_growth|return_on_equity,capex_positive_treated_as_outflow,0.042929,104.0,-1.75,-0.089462,,0.169492,0.174854,,-0.021792,1.082431,-0.081599,-93000000.0,-0.075061,0.053269,-0.128571,false,true,false,false,false,v2.38G,Indivior Pharmaceuticals Inc,"Indivior Pharmaceuticals, Inc."
U23180,EAFn,GrafTech International Ltd,CBOE_EUROPE,0000931148,2025,2026-07-24,2026-06-30,16,384,FEATURES_PARTIAL,14,cash_conversion_ratio|equity_yoy_growth|liabilities_to_assets|net_income_yoy_growth|operating_cash_flow_yoy_growth|return_on_equity,capex_positive_treated_as_outflow,-0.064308,,,-0.159674,,-0.436065,-0.213683,,-0.161893,,-0.252363,-120501000.0,-0.239026,0.077132,,true,false,false,false,false,v2.38G,GrafTech International Ltd,GRAFTECH INTERNATIONAL LTD
U23314,EI2d,Erie Indemnity Co,CBOE_EUROPE,0000922621,2025,2026-07-30,2026-06-30,16,277,FEATURES_READY,17,capex_to_revenue|free_cash_flow|free_cash_flow_margin,,0.071709,-0.068263,0.123367,0.161623,0.149007,0.137521,0.166693,0.24496,0.168826,0.319509,0.680491,,,,1.227631,false,false,false,true,false,v2.38G,Erie Indemnity Co,ERIE INDEMNITY CO
U23379,ELSn,Equity LifeStyle Properties Inc,CBOE_EUROPE,0000895417,2025,2026-04-28,2026-03-31,16,376,FEATURES_READY,17,capex_to_revenue|free_cash_flow|free_cash_flow_margin,,0.003418,0.044808,-0.042856,0.017667,0.008938,0.262548,0.06998,0.228928,0.372962,0.684125,0.305684,,,,1.420551,false,true,false,false,false,v2.38G,Equity LifeStyle Properties Inc,EQUITY LIFESTYLE PROPERTIES INC
U23504,ENRn,Energizer Holdings Inc,CBOE_EUROPE,0001632790,2025,2026-08-04,2026-06-30,11,241,FEATURES_READY,20,,capex_positive_treated_as_outflow,0.022757,5.272966,-0.657588,0.049351,0.251105,0.080943,0.05245,1.40671,0.049819,0.962714,0.037286,63200000.0,0.021404,0.028415,0.615481,true,true,true,false,true,v2.38G,Energizer Holdings Inc,"ENERGIZER HOLDINGS, INC."
U23526,EOLSn,Evolus Inc,CBOE_EUROPE,0001570562,2025,2026-08-05,2026-06-30,8,210,FEATURES_READY,16,cash_conversion_ratio|net_income_yoy_growth|operating_cash_flow_yoy_growth|return_on_equity,capex_positive_treated_as_outflow,0.116053,,,-0.028813,-5.184353,-0.173772,-0.228634,,-0.142222,1.102299,-0.102299,-45706000.0,-0.153801,0.011579,,false,true,false,false,false,v2.38G,Evolus Inc,"Evolus, Inc."
U23552,ER4d,Emergent BioSolutions Inc,CBOE_EUROPE,0001367644,2025,2026-08-06,2026-06-30,15,410,FEATURES_READY,19,net_income_yoy_growth,capex_positive_treated_as_outflow,-0.288137,,1.906303,-0.051162,0.082436,0.070804,0.039891,0.100651,0.229641,0.603671,0.396329,156800000.0,0.211065,0.018576,3.243346,false,true,true,false,false,v2.38G,Emergent BioSolutions Inc,Emergent BioSolutions Inc.
U23642,ESRTn,Empire State Realty Trust Inc,CBOE_EUROPE,0001541401,2025,2026-08-06,2026-06-30,13,269,FEATURES_PARTIAL,12,capex_to_revenue|cash_conversion_ratio|free_cash_flow|free_cash_flow_margin|net_income_yoy_growth|net_margin|return_on_assets|return_on_equity,,4.4e-05,,-0.045383,-0.009163,0.028433,,,,0.324799,0.592256,0.237192,,,,,false,false,false,false,false,v2.38G,Empire State Realty Trust Inc,"Empire State Realty Trust, Inc."
U23649,ET9d,Circle Internet Group Inc,CBOE_EUROPE,0001876042,2025,2026-08-05,2026-06-30,1,36,FEATURES_PARTIAL,14,assets_yoy_growth|cash_conversion_ratio|equity_yoy_growth|net_income_yoy_growth|operating_cash_flow_yoy_growth|revenue_yoy_growth,capex_positive_treated_as_outflow,,,,,,-0.632927,-0.000883,-0.020877,4.936523,0.957685,0.042297,529697000.0,4.82332,0.113203,,false,false,true,false,false,v2.38G,Circle Internet Group Inc,"Circle Internet Group, Inc."
U23825,EXELn,Exelixis Inc,CBOE_EUROPE,0000939767,2025,2026-08-05,2026-07-03,15,382,FEATURES_READY,20,,capex_positive_treated_as_outflow,0.069823,0.501284,0.263291,-0.035033,-0.036932,0.337296,0.275124,0.36208,0.381129,0.240156,0.759844,875838000.0,0.377496,0.003633,1.129953,false,true,true,true,true,v2.38G,Exelixis Inc,"EXELIXIS, INC."
U23845,EYEn,National Vision Holdings Inc,CBOE_EUROPE,0001710155,2025,2026-08-13,2026-07-04,9,216,FEATURES_READY,18,liabilities_to_assets|net_income_yoy_growth,capex_positive_treated_as_outflow,0.090038,,0.094606,-0.012,0.065169,0.014893,0.014922,0.034041,0.073607,,0.438344,73453000.0,0.036958,0.036649,4.942331,true,true,true,false,true,v2.38G,National Vision Holdings Inc,"National Vision Holdings, Inc."
U23854,F9Qd,Eos Energy Enterprises Inc,CBOE_EUROPE,0001805077,2025,2026-08-05,2026-06-30,6,170,FEATURES_READY,15,cash_conversion_ratio|equity_yoy_growth|net_income_yoy_growth|operating_cash_flow_yoy_growth|return_on_equity,capex_positive_treated_as_outflow,6.317891,,,2.400445,,-8.490556,-1.095402,,-1.849251,1.991101,-2.529225,-264968000.0,-2.320149,0.470898,,true,true,false,false,false,v2.38G,Eos Energy Enterprises Inc,"Eos Energy Enterprises, Inc."
U23856,FA1d,FactSet Research Systems Inc,CBOE_EUROPE,0001013237,2025,2026-07-01,2026-05-31,15,417,FEATURES_READY,17,capex_to_revenue|free_cash_flow|free_cash_flow_margin,,0.053876,0.111546,0.037014,0.061462,0.143246,0.257151,0.138709,0.273068,0.312807,0.492037,0.507963,,,,1.216434,false,true,false,true,false,v2.38G,FactSet Research Systems Inc,FACTSET RESEARCH SYSTEMS INC
U23910,FDXHv,Fedex Freight Holding Co Inc,CBOE_EUROPE,0002082247,2026,2026-08-05,2026-05-31,1,0,FEATURES_PARTIAL,10,assets_yoy_growth|capex_to_revenue|equity_yoy_growth|free_cash_flow|free_cash_flow_margin|liabilities_to_assets|net_income_yoy_growth|operating_cash_flow_yoy_growth|return_on_equity|revenue_yoy_growth,,,,,,,0.074474,0.095148,,0.018988,,-0.072196,,,,0.254962,false,false,false,false,false,v2.38G,Fedex Freight Holding Co Inc,"FedEx Freight Holding Company, Inc."
U23988,FIVEBn,Five Below Inc,CBOE_EUROPE,0001177609,2025,2026-09-03,2026-08-01,13,366,FEATURES_READY,20,,capex_positive_treated_as_outflow,0.228973,0.414138,0.361734,0.137674,0.212884,0.075279,0.072643,0.163517,0.123092,0.555746,0.444254,411687000.0,0.086414,0.036678,1.635139,true,true,true,true,true,v2.38G,Five Below Inc,"FIVE BELOW, INC"
U24124,FRMIl,Fermi Inc,CBOE_EUROPE,0002071778,2025,2026-08-14,2026-06-30,1,24,FEATURES_PARTIAL,10,assets_yoy_growth|capex_to_revenue|cash_conversion_ratio|equity_yoy_growth|free_cash_flow_margin|net_income_yoy_growth|net_margin|operating_cash_flow_margin|operating_cash_flow_yoy_growth|revenue_yoy_growth,capex_positive_treated_as_outflow,,,,,,,-0.344141,-0.443828,,0.224608,0.775392,-603455000.0,,,,false,false,false,true,false,v2.38G,Fermi Inc,Fermi Inc.
U24141,FS5Ad,FS KKR Capital Corp,CBOE_EUROPE,0001422183,2025,2026-08-06,2026-06-30,4,84,FEATURES_PARTIAL,14,capex_to_revenue|free_cash_flow|free_cash_flow_margin|net_margin|operating_cash_flow_margin|revenue_yoy_growth,,,-0.981197,-0.688585,-0.034461,-0.116732,,0.000801,0.001881,,0.573968,0.426032,,,,53.818182,false,false,false,true,false,v2.38G,FS KKR Capital Corp,FS KKR Capital Corp
U24155,FSLYRn,Fastly Inc,CBOE_EUROPE,0001517413,2025,2026-08-05,2026-06-30,7,164,FEATURES_PARTIAL,13,capex_to_revenue|cash_conversion_ratio|free_cash_flow_margin|net_income_yoy_growth|net_margin|operating_cash_flow_margin|revenue_yoy_growth,capex_positive_treated_as_outflow,,,4.756674,0.033154,-0.036956,,-0.081146,-0.130895,,0.380065,0.619935,65750000.0,,,,false,false,true,true,false,v2.38G,Fastly Inc,"Fastly, Inc."
U24233,G84d,Generac Holdings Inc,CBOE_EUROPE,0001474735,2025,2026-08-04,2026-06-30,15,402,FEATURES_READY,20,,capex_positive_treated_as_outflow,-0.020179,-0.495585,-0.409177,0.090882,0.055384,0.037906,0.028626,0.060611,0.104054,0.526516,0.472295,268128000.0,0.063701,0.040353,2.745014,false,false,true,true,false,v2.38G,Generac Holdings Inc,GENERAC HOLDINGS INC.
U24288,GDDYn,GoDaddy Inc,CBOE_EUROPE,0001609711,2025,2026-07-31,2026-06-30,11,197,FEATURES_READY,19,liabilities_to_assets,capex_positive_treated_as_outflow,0.082634,-0.066069,0.242059,-0.024346,-0.689207,0.176728,0.1089,4.067875,0.323039,,0.026771,1575500000.0,0.318212,0.004827,1.827886,true,false,true,false,false,v2.38G,GoDaddy Inc,GoDaddy Inc.
U24444,GNWn,Genworth Financial Inc,CBOE_EUROPE,0001276520,2025,2026-08-06,2026-06-30,17,407,FEATURES_READY,16,capex_to_revenue|free_cash_flow|free_cash_flow_margin|operating_cash_flow_yoy_growth,,0.000822,-0.254181,,0.013952,0.030139,0.030544,0.002532,0.025486,0.044788,0.889116,0.099338,,,,1.466368,true,false,false,false,false,v2.38G,Genworth Financial Inc,GENWORTH FINANCIAL INC
U24457,GOGOn,Gogo Inc,CBOE_EUROPE,0001537054,2025,2026-08-06,2026-06-30,13,290,FEATURES_READY,20,,capex_positive_treated_as_outflow,1.047386,-0.059872,2.00548,0.06064,0.458788,0.014193,0.009912,0.127787,0.136728,0.922434,0.077566,65113000.0,0.071514,0.065214,9.633212,true,false,true,false,false,v2.38G,Gogo Inc,Gogo Inc.
U24487,GOVd,Insulet Corp,CBOE_EUROPE,0001145197,2025,2026-08-05,2026-06-30,15,370,FEATURES_READY,20,,capex_positive_treated_as_outflow,0.30725,-0.409276,0.32303,0.033261,0.250578,0.091245,0.077451,0.163081,0.210221,0.525075,0.474925,377700000.0,0.13947,0.070751,2.303926,true,false,true,true,false,v2.38G,Insulet Corp,INSULET CORP
U24496,GPROn,GoPro Inc,CBOE_EUROPE,0001500435,2025,2026-08-10,2026-06-30,12,318,FEATURES_READY,17,cash_conversion_ratio|net_income_yoy_growth|operating_cash_flow_yoy_growth,capex_positive_treated_as_outflow,-0.187069,,,-0.212801,-0.495349,-0.143486,-0.218436,-1.221254,-0.031723,0.821138,0.178862,-24031000.0,-0.036883,0.00516,,true,true,false,false,false,v2.38G,GoPro Inc,"GoPro, Inc."
U24527,GRPNn,Groupon Inc,CBOE_EUROPE,0001490281,2025,2026-08-06,2026-06-30,15,373,FEATURES_READY,17,cash_conversion_ratio|net_income_yoy_growth|return_on_equity,capex_positive_treated_as_outflow,0.011907,,0.153934,0.094201,-2.042803,-0.167569,-0.124581,,0.129404,1.06323,-0.063487,49874000.0,0.100064,0.029341,,true,false,true,false,false,v2.38G,Groupon Inc,"Groupon, Inc."
U24652,HALOn,Halozyme Therapeutics Inc,CBOE_EUROPE,0001159036,2025,2026-08-06,2026-06-30,15,336,FEATURES_READY,20,,capex_positive_treated_as_outflow,0.375532,-0.286432,0.360065,0.223819,-0.86583,0.226899,0.125485,6.491765,0.466528,0.98067,0.01933,644588000.0,0.461537,0.004991,2.056108,true,false,true,false,false,v2.38G,Halozyme Therapeutics Inc,"HALOZYME THERAPEUTICS, INC."
U24678,HCCn,Warrior Met Coal Inc,CBOE_EUROPE,0001691303,2025,2026-08-05,2026-06-30,9,195,FEATURES_PARTIAL,14,capex_to_revenue|free_cash_flow|free_cash_flow_margin|net_margin|operating_cash_flow_margin|revenue_yoy_growth,,,-0.772557,-0.376113,0.074197,0.024186,,0.020475,0.026617,,0.230769,0.769231,,,,4.022001,false,false,false,true,false,v2.38G,Warrior Met Coal Inc,"WARRIOR MET COAL, INC."
U24685,HCSGn,Healthcare Services Group Inc,CBOE_EUROPE,0000731012,2025,2026-07-24,2026-06-30,15,354,FEATURES_READY,19,liabilities_to_assets,capex_positive_treated_as_outflow,0.070812,0.496263,3.706448,-0.010612,0.020569,0.032147,0.074358,0.115754,0.078908,,0.642377,139150000.0,0.075741,0.003167,2.45463,true,true,true,false,true,v2.38G,Healthcare Services Group Inc,HEALTHCARE SERVICES GROUP INC
U24762,HGVn,Hilton Grand Vacations Inc,CBOE_EUROPE,0001674168,2025,2026-07-30,2026-06-30,8,259,FEATURES_READY,20,,capex_positive_treated_as_outflow,0.01075,0.723404,-0.029126,0.008303,-0.264269,0.017948,0.007021,0.062839,0.066475,0.875184,0.111727,230000000.0,0.050964,0.015511,3.703704,false,true,true,false,true,v2.38G,Hilton Grand Vacations Inc,Hilton Grand Vacations Inc.
U24870,HQYn,HealthEquity Inc,CBOE_EUROPE,0001428336,2026,2026-08-27,2026-07-31,12,333,FEATURES_READY,20,,capex_positive_treated_as_outflow,0.09473,1.225381,0.344964,-0.019782,-0.003648,0.163847,0.063663,0.102127,0.348016,0.37663,0.62337,455125000.0,0.346517,0.001499,2.124033,false,true,true,true,true,v2.38G,HealthEquity Inc,"HEALTHEQUITY, INC."
U24898,HSOAd,Encompass Health Corp,CBOE_EUROPE,0000785161,2025,2026-08-07,2026-06-30,16,372,FEATURES_PARTIAL,14,capex_to_revenue|cash_conversion_ratio|free_cash_flow|free_cash_flow_margin|operating_cash_flow_margin|operating_cash_flow_yoy_growth,,0.104593,0.242484,,0.084931,0.179584,0.095397,0.079862,0.23222,,0.537949,0.343907,,,,,false,true,false,true,false,v2.38G,Encompass Health Corp,Encompass Health Corp
U24931,HUNn,Huntsman Corp,CBOE_EUROPE,0001307954,2024,2026-05-01,2026-03-31,15,432,FEATURES_READY,19,cash_conversion_ratio,capex_positive_treated_as_outflow,-0.070038,-3.811881,0.382775,-0.032147,-0.154106,-0.049974,-0.040485,-0.103273,0.050853,0.578475,0.392017,116000000.0,0.020412,0.030442,,true,false,true,true,false,v2.38G,Huntsman Corp,Huntsman CORP
U24953,HXLn,Hexcel Corp,CBOE_EUROPE,0000717605,2025,2026-07-29,2026-06-30,16,290,FEATURES_READY,19,net_income_yoy_growth,capex_positive_treated_as_outflow,-0.004782,,-0.204898,-0.007925,-0.181425,0.057764,0.040459,0.087471,0.121707,0.537463,0.462537,157200000.0,0.083003,0.038703,2.106947,false,false,true,true,false,v2.38G,Hexcel Corp,HEXCEL CORP /DE/
U24981,I1Vd,CoreWeave Inc,CBOE_EUROPE,0001769628,2025,2026-08-12,2026-06-30,1,45,FEATURES_PARTIAL,14,assets_yoy_growth|cash_conversion_ratio|equity_yoy_growth|net_income_yoy_growth|operating_cash_flow_yoy_growth|revenue_yoy_growth,capex_positive_treated_as_outflow,,,,,,-0.227441,-0.02367,-0.349925,0.595985,0.932356,0.067644,-7251000000.0,-1.413175,2.00916,,false,false,false,false,false,v2.38G,CoreWeave Inc,"CoreWeave, Inc."
U24997,IARTn,Integra LifeSciences Holdings Corp,CBOE_EUROPE,0000917520,2025,2026-07-29,2026-06-30,16,431,FEATURES_READY,18,cash_conversion_ratio|net_income_yoy_growth,capex_positive_treated_as_outflow,0.015348,,-0.61058,-0.107847,-0.324742,-0.315839,-0.143385,-0.494961,0.030811,0.71031,0.28969,-31052000.0,-0.018989,0.0498,,false,false,false,false,false,v2.38G,Integra LifeSciences Holdings Corp,INTEGRA LIFESCIENCES HOLDINGS CORP
U25032,ICFIn,ICF International Inc,CBOE_EUROPE,0001362004,2025,2026-08-06,2026-06-30,15,354,FEATURES_READY,17,capex_to_revenue|free_cash_flow|free_cash_flow_margin,,-0.072748,-0.168667,-0.172982,-0.007831,0.046845,0.048903,0.044673,0.089052,0.075751,0.498343,0.501657,,,,1.549002,false,false,false,true,false,v2.38G,ICF International Inc,"ICF International, Inc."
U25054,ID7d,IDEX Corp,CBOE_EUROPE,0000832101,2025,2026-07-29,2026-06-30,16,441,FEATURES_READY,20,,capex_positive_treated_as_outflow,0.057728,-0.043168,0.01841,0.026937,0.061349,0.139754,0.069756,0.119975,0.19679,0.418767,0.581421,616800000.0,0.178395,0.018395,1.408113,true,false,true,true,false,v2.38G,IDEX Corp,IDEX CORP /DE/
U25098,IFFn,International Flavors & Fragrances Inc,CBOE_EUROPE,0000051253,2025,2026-08-04,2026-06-30,16,369,FEATURES_PARTIAL,14,cash_conversion_ratio|liabilities_to_assets|net_income_yoy_growth|net_margin|return_on_assets|return_on_equity,capex_positive_treated_as_outflow,-0.051724,,-0.205607,-0.109115,0.020035,,,,0.078053,,0.554211,256000000.0,0.023508,0.054545,,false,false,true,false,false,v2.38G,International Flavors & Fragrances Inc,INTERNATIONAL FLAVORS & FRAGRANCES INC
U25162,ILPTn,Industrial Logistics Properties Trust,CBOE_EUROPE,0001717307,2025,2026-07-29,2026-06-30,8,164,FEATURES_PARTIAL,12,capex_to_revenue|cash_conversion_ratio|free_cash_flow|free_cash_flow_margin|net_income_yoy_growth|net_margin|operating_cash_flow_margin|revenue_yoy_growth,,,,29.907794,-0.040025,-0.128682,,-0.012753,-0.135159,,0.826453,0.094355,,,,,false,false,false,false,false,v2.38G,Industrial Logistics Properties Trust,Industrial Logistics Properties Trust
U25254,INVAn,Innoviva Inc,CBOE_EUROPE,0001080014,2025,2026-08-05,2026-06-30,15,285,FEATURES_PARTIAL,14,cash_conversion_ratio|liabilities_to_assets|net_income_yoy_growth|net_margin|return_on_assets|return_on_equity,capex_positive_treated_as_outflow,0.146684,,0.04367,0.256794,0.696919,,,,0.478766,,0.717262,195799000.0,0.476017,0.00275,,false,false,true,false,false,v2.38G,Innoviva Inc,"Innoviva, Inc."
U25255,INVHn,Invitation Homes Inc,CBOE_EUROPE,0001687229,2025,2026-07-30,2026-06-30,9,227,FEATURES_READY,17,capex_to_revenue|free_cash_flow|free_cash_flow_margin,,0.042137,0.295224,0.115016,-0.001105,-0.023228,0.215412,0.031473,0.061691,0.441956,0.487808,0.51017,,,,2.051677,false,true,false,true,false,v2.38G,Invitation Homes Inc,Invitation Homes Inc.
U25262,IONSn,Ionis Pharmaceuticals Inc,CBOE_EUROPE,0000874015,2025,2026-07-29,2026-06-30,16,391,FEATURES_READY,17,cash_conversion_ratio|net_income_yoy_growth|operating_cash_flow_yoy_growth,capex_positive_treated_as_outflow,0.338335,,,0.173175,-0.168712,-0.404135,-0.108231,-0.779791,-0.284603,0.861206,0.138794,-320027000.0,-0.339115,0.054512,,true,true,false,false,false,v2.38G,Ionis Pharmaceuticals Inc,IONIS PHARMACEUTICALS INC
U25264,IOVAn,Iovance Biotherapeutics Inc,CBOE_EUROPE,0001425205,2025,2026-08-06,2026-06-30,15,297,FEATURES_READY,17,cash_conversion_ratio|net_income_yoy_growth|operating_cash_flow_yoy_growth,capex_positive_treated_as_outflow,0.606034,,,0.003014,-0.016641,-1.483776,-0.428155,-0.559673,-1.14765,0.234991,0.765009,-336244000.0,-1.276059,0.128409,,false,true,false,true,false,v2.38G,Iovance Biotherapeutics Inc,"IOVANCE BIOTHERAPEUTICS, INC."
U25307,IRWDn,Ironwood Pharmaceuticals Inc,CBOE_EUROPE,0001446847,2025,2026-08-06,2026-06-30,15,283,FEATURES_READY,17,equity_yoy_growth|liabilities_to_assets|return_on_equity,capex_positive_treated_as_outflow,-0.157249,26.292045,0.226897,0.131069,,0.081097,0.060511,,0.428984,,-0.659699,127010000.0,0.428869,0.000115,5.289753,true,true,true,false,false,v2.38G,Ironwood Pharmaceuticals Inc,IRONWOOD PHARMACEUTICALS INC
U25350,ITH0d,Nektar Therapeutics,CBOE_EUROPE,0000906709,2025,2026-08-14,2026-06-30,15,366,FEATURES_READY,17,cash_conversion_ratio|net_income_yoy_growth|operating_cash_flow_yoy_growth,capex_positive_treated_as_outflow,-0.438853,,,-0.077156,0.479033,-2.970669,-0.585137,-1.826476,-3.775185,0.679636,0.320364,-208682000.0,-3.778281,0.003096,,false,false,false,false,false,v2.38G,Nektar Therapeutics,NEKTAR THERAPEUTICS
U25352,ITRIn,Itron Inc,CBOE_EUROPE,0000780571,2025,2026-07-28,2026-06-30,16,433,FEATURES_READY,20,,capex_positive_treated_as_outflow,-0.030171,0.259091,0.704427,0.091878,0.234428,0.127178,0.080913,0.175379,0.171491,0.532832,0.461363,383061000.0,0.161821,0.00967,1.348431,false,true,true,true,false,v2.38G,Itron Inc,"ITRON, INC."
U25435,J4Dd,Kenvue Inc,CBOE_EUROPE,0001944048,2025,2026-08-06,2026-06-28,3,99,FEATURES_READY,20,,capex_positive_treated_as_outflow,-0.021417,0.427184,0.241945,0.057615,0.113467,0.097197,0.054292,0.136554,0.145266,0.602415,0.397585,1722000000.0,0.113859,0.031407,1.494558,false,true,true,false,false,v2.38G,Kenvue Inc,Kenvue Inc.
U25437,JACKn,Jack in the Box Inc,CBOE_EUROPE,0000807882,2025,2026-08-12,2026-07-05,16,349,FEATURES_READY,15,cash_conversion_ratio|equity_yoy_growth|liabilities_to_assets|net_income_yoy_growth|return_on_equity,capex_positive_treated_as_outflow,-0.067455,,1.359306,-0.051984,,-0.055086,-0.031125,,0.110801,,-0.361789,74135000.0,0.050593,0.060208,,true,false,true,false,false,v2.38G,Jack in the Box Inc,JACK IN THE BOX INC
U25449,JBLUn,JetBlue Airways Corp,CBOE_EUROPE,0001158463,2025,2026-07-28,2026-06-30,16,312,FEATURES_PARTIAL,14,capex_to_revenue|cash_conversion_ratio|free_cash_flow|free_cash_flow_margin|liabilities_to_assets|net_income_yoy_growth,,-0.023386,,-1.652778,-0.016092,-0.197274,-0.066431,-0.036331,-0.283962,-0.010373,,0.127942,,,,,true,true,false,false,false,v2.38G,JetBlue Airways Corp,JETBLUE AIRWAYS CORP
U25471,JEFn,Jefferies Financial Group Inc,CBOE_EUROPE,0000096223,2025,2026-07-09,2026-05-31,17,417,FEATURES_PARTIAL,11,cash_conversion_ratio|free_cash_flow|free_cash_flow_margin|net_income_yoy_growth|net_margin|operating_cash_flow_margin|operating_cash_flow_yoy_growth|return_on_assets|return_on_equity,capex_positive_treated_as_outflow,0.141717,,,0.181044,0.041147,,,,,0.859988,0.139118,,,0.037405,,false,false,false,false,false,v2.38G,Jefferies Financial Group Inc,Jefferies Financial Group Inc.
U25515,JHYd,Jack Henry & Associates Inc,CBOE_EUROPE,0000779152,2026,2026-08-28,2026-06-30,16,432,FEATURES_READY,20,,capex_positive_treated_as_outflow,0.071171,0.103189,0.187771,0.033424,-0.03702,0.197606,0.159829,0.245024,0.299473,0.347699,0.652301,694857000.0,0.273099,0.026373,1.515506,false,true,true,true,true,v2.38G,Jack Henry & Associates Inc,JACK HENRY & ASSOCIATES INC
U25706,KB7d,Solventum Corp,CBOE_EUROPE,0001964738,2025,2026-08-05,2026-06-30,2,72,FEATURES_READY,20,,capex_positive_treated_as_outflow,0.008602,2.248434,-0.688608,-0.011275,0.70632,0.186907,0.108857,0.30818,0.044324,0.646775,0.353225,-10000000.0,-0.001201,0.045526,0.237147,false,true,false,false,false,v2.38G,Solventum Corp,Solventum Corp
U25738,KEYSn,Keysight Technologies Inc,CBOE_EUROPE,0001601046,2025,2026-09-02,2026-07-31,11,297,FEATURES_READY,20,,capex_positive_treated_as_outflow,0.079534,0.384365,0.339354,0.219225,0.152008,0.15814,0.075215,0.144533,0.26214,0.479604,0.520396,1281000000.0,0.238326,0.023814,1.657647,true,true,true,true,true,v2.38G,Keysight Technologies Inc,"Keysight Technologies, Inc."
U25817,KPTIn,Karyopharm Therapeutics Inc,CBOE_EUROPE,0001503802,2025,2026-08-13,2026-06-30,13,273,FEATURES_READY,15,cash_conversion_ratio|equity_yoy_growth|net_income_yoy_growth|operating_cash_flow_yoy_growth|return_on_equity,,0.005715,,,-0.340607,,-1.342117,-1.808211,,-0.515989,3.701871,-2.701871,-75369000.0,-0.515989,0.0,,true,false,false,false,false,v2.38G,Karyopharm Therapeutics Inc,Karyopharm Therapeutics Inc.
U25927,LE0d,Lemonade Inc,CBOE_EUROPE,0001691421,2025,2026-08-04,2026-06-30,6,167,FEATURES_READY,17,cash_conversion_ratio|net_income_yoy_growth|operating_cash_flow_yoy_growth,capex_positive_treated_as_outflow,0.401519,,,0.041426,-0.100775,-0.224285,-0.085943,-0.310157,-0.022361,0.722906,0.277094,-25900000.0,-0.0351,0.012739,,true,true,false,false,false,v2.38G,Lemonade Inc,"Lemonade, Inc."
U25977,LHVd,ExlService Holdings Inc,CBOE_EUROPE,0001297989,2025,2026-04-28,2026-03-31,15,384,FEATURES_READY,20,,capex_positive_treated_as_outflow,0.135613,0.265874,0.306087,0.051799,-0.018451,0.120238,0.147464,0.275028,0.167994,0.46382,0.53618,298119000.0,0.142799,0.025194,1.397173,true,true,true,true,true,v2.38G,ExlService Holdings Inc,"ExlService Holdings, Inc."
U25979,LIIn,Lennox International Inc,CBOE_EUROPE,0001069202,2025,2026-04-29,2026-03-31,16,428,FEATURES_READY,20,,capex_positive_treated_as_outflow,-0.027334,-0.001363,-0.1989,0.175701,0.368031,0.155102,0.197413,0.692804,0.145824,0.715052,0.284948,638800000.0,0.122957,0.022867,0.940184,false,true,true,false,false,v2.38G,Lennox International Inc,LENNOX INTERNATIONAL INC
U26020,LNTHn,Lantheus Holdings Inc,CBOE_EUROPE,0001521036,2025,2026-08-06,2026-06-30,11,243,FEATURES_READY,17,capex_to_revenue|free_cash_flow|free_cash_flow_margin,,0.005019,-0.252472,-0.283816,0.124756,0.001642,0.151503,0.104857,0.214314,0.253074,0.510731,0.489269,,,,1.670417,false,false,false,true,false,v2.38G,Lantheus Holdings Inc,"Lantheus Holdings, Inc."
U26045,LPXn,Louisiana-Pacific Corp,CBOE_EUROPE,0000060519,2025,2026-08-05,2026-06-30,15,376,FEATURES_READY,20,,capex_positive_treated_as_outflow,-0.079225,-0.652381,-0.368595,0.022577,0.035907,0.053914,0.055577,0.084344,0.141064,0.341073,0.658927,91000000.0,0.033604,0.107459,2.616438,false,false,true,true,false,v2.38G,Louisiana-Pacific Corp,LOUISIANA-PACIFIC CORP
U26101,LVSn,Las Vegas Sands Corp,CBOE_EUROPE,0001300514,2025,2026-07-24,2026-06-30,16,418,FEATURES_READY,19,operating_cash_flow_yoy_growth,capex_positive_treated_as_outflow,0.152151,0.125173,,0.060679,-0.448682,0.12499,0.074224,1.02327,0.232235,0.91177,0.072536,1855000000.0,0.142506,0.089729,1.858021,true,false,true,false,false,v2.38G,Las Vegas Sands Corp,LAS VEGAS SANDS CORP
U26113,LY0d,Lyft Inc,CBOE_EUROPE,0001759509,2025,2026-08-07,2026-06-30,7,172,FEATURES_READY,17,capex_to_revenue|free_cash_flow|free_cash_flow_margin,,0.098768,123.824789,0.375058,0.661442,3.267868,0.482405,0.314949,0.868791,0.198192,0.637486,0.362514,,,,0.410842,false,true,false,false,false,v2.38G,Lyft Inc,"Lyft, Inc."
U26272,MEDPn,Medpace Holdings Inc,CBOE_EUROPE,0001668397,2025,2026-07-23,2026-06-30,10,265,FEATURES_READY,20,,capex_positive_treated_as_outflow,0.199701,0.115575,0.171494,-0.059687,-0.443918,0.178293,0.228362,0.982687,0.28188,0.767615,0.232385,681867000.0,0.269488,0.012393,1.580995,true,false,true,false,false,v2.38G,Medpace Holdings Inc,"Medpace Holdings, Inc."
U26329,MHGd,Molina Healthcare Inc,CBOE_EUROPE,0001179929,2025,2026-07-23,2026-06-30,15,397,FEATURES_READY,20,,capex_positive_treated_as_outflow,0.117491,-0.599661,-1.830745,-0.004223,-0.094973,0.010391,0.030326,0.115999,-0.011777,0.738563,0.261437,-636000000.0,-0.014001,0.002223,-1.133475,false,false,false,false,false,v2.38G,Molina Healthcare Inc,"MOLINA HEALTHCARE, INC."
U26406,MMFd,Modine Manufacturing Co,CBOE_EUROPE,0000067347,2026,2026-07-30,2026-06-30,14,400,FEATURES_READY,20,,capex_positive_treated_as_outflow,0.231314,-0.339674,0.165963,0.394764,0.312349,0.038194,0.045427,0.101716,0.078181,0.550288,0.446609,105400000.0,0.033133,0.045047,2.046914,true,false,true,true,false,v2.38G,Modine Manufacturing Co,MODINE MANUFACTURING CO
U26422,MNKDn,MannKind Corp,CBOE_EUROPE,0000899460,2025,2026-08-05,2026-06-30,15,339,FEATURES_READY,18,equity_yoy_growth|return_on_equity,capex_positive_treated_as_outflow,0.222281,-0.78748,-0.570582,1.011416,,0.016801,0.007401,,0.052312,1.064407,-0.064407,13689000.0,0.039227,0.013084,3.113594,false,false,true,false,false,v2.38G,MannKind Corp,MANNKIND CORP
U26472,MPWn,Medical Properties Trust Inc,CBOE_EUROPE,0001287865,2025,2026-05-08,2026-03-31,15,328,FEATURES_READY,15,capex_to_revenue|cash_conversion_ratio|free_cash_flow|free_cash_flow_margin|net_income_yoy_growth,,-0.02363,,-0.059947,0.049472,-0.046875,-0.285023,-0.018468,-0.060147,0.237409,0.692886,0.307043,,,,,false,true,false,false,false,v2.38G,Medical Properties Trust Inc,MEDICAL PROPERTIES TRUST INC
U26477,MRCYn,Mercury Systems Inc,CBOE_EUROPE,0001049521,2026,2026-08-18,2026-07-03,15,386,FEATURES_READY,18,cash_conversion_ratio|net_income_yoy_growth,capex_positive_treated_as_outflow,0.078509,,-0.262605,-0.045995,0.016286,-0.030167,-0.012775,-0.019816,0.104093,0.355315,0.644685,68087000.0,0.069221,0.034872,,false,true,true,true,true,v2.38G,Mercury Systems Inc,MERCURY SYSTEMS INC
U26526,MTDRn,Matador Resources Co,CBOE_EUROPE,0001520006,2025,2026-08-07,2026-06-30,13,296,FEATURES_READY,16,capex_to_revenue|free_cash_flow|free_cash_flow_margin|liabilities_to_assets,,0.051037,-0.142435,0.079279,0.079304,0.111805,0.207635,0.064832,0.134182,0.663204,,0.483165,,,,3.194083,false,false,false,false,false,v2.38G,Matador Resources Co,Matador Resources Co
U26529,MTGn,MGIC Investment Corp,CBOE_EUROPE,0000876437,2025,2026-07-29,2026-06-30,16,418,FEATURES_READY,20,,capex_positive_treated_as_outflow,0.004889,-0.032303,0.176221,0.01409,-0.004799,0.608376,0.111205,0.143437,0.70268,0.224706,0.775294,851773000.0,0.701836,0.000845,1.15501,false,false,true,true,false,v2.38G,MGIC Investment Corp,MGIC INVESTMENT CORP
U26579,MWId,MarketAxess Holdings Inc,CBOE_EUROPE,0001278021,2025,2026-08-07,2026-06-30,15,405,FEATURES_READY,20,,capex_positive_treated_as_outflow,0.035701,-0.100496,-0.008042,0.081416,-0.174984,0.291429,0.127463,0.215269,0.451558,0.401381,0.592111,373935000.0,0.441864,0.009694,1.549461,false,false,true,true,false,v2.38G,MarketAxess Holdings Inc,MARKETAXESS HOLDINGS INC
U26667,ND1d,Nordson Corp,CBOE_EUROPE,0000072331,2025,2026-08-20,2026-07-31,16,379,FEATURES_READY,19,liabilities_to_assets,capex_positive_treated_as_outflow,0.037832,0.036787,0.293031,-0.013879,0.037985,0.173542,0.081869,0.159179,0.257613,,0.514318,661115000.0,0.236816,0.020797,1.484445,true,false,true,false,false,v2.38G,Nordson Corp,NORDSON CORP
U26743,NKB2d,TG Therapeutics Inc,CBOE_EUROPE,0001001316,2025,2026-08-05,2026-06-30,15,279,FEATURES_READY,19,operating_cash_flow_yoy_growth,capex_positive_treated_as_outflow,0.87319,18.124107,,0.840525,1.914231,0.725602,0.420576,0.69007,-0.040196,0.390531,0.609469,-24986000.0,-0.040543,0.000347,-0.055396,true,true,false,true,false,v2.38G,TG Therapeutics Inc,"TG THERAPEUTICS, INC."
U26838,NUSn,Nu Skin Enterprises Inc,CBOE_EUROPE,0001021561,2025,2026-08-10,2026-06-30,16,414,FEATURES_READY,19,net_income_yoy_growth,capex_positive_treated_as_outflow,-0.142559,,-0.281506,-0.043298,0.236064,0.10787,0.113999,0.198952,0.054059,0.427003,0.572997,46009000.0,0.030979,0.02308,0.501149,false,true,true,true,false,v2.38G,Nu Skin Enterprises Inc,"NU SKIN ENTERPRISES, INC."
U26842,NVAXn,Novavax Inc,CBOE_EUROPE,0001000694,2025,2026-08-06,2026-06-30,15,293,FEATURES_PARTIAL,13,capex_to_revenue|equity_yoy_growth|free_cash_flow|free_cash_flow_margin|net_income_yoy_growth|operating_cash_flow_yoy_growth|return_on_equity,,0.646939,,,-0.246028,,0.391909,0.374244,,-0.217748,1.108586,-0.108586,,,,-0.555607,true,true,false,false,false,v2.38G,Novavax Inc,NOVAVAX INC
U26870,NXSTn,Nexstar Media Group Inc,CBOE_EUROPE,0001142417,2025,2026-08-07,2026-06-30,15,394,FEATURES_READY,20,,capex_positive_treated_as_outflow,-0.084705,-0.84903,-0.2872,-0.054238,-0.085512,0.022025,0.01005,0.05281,0.180036,0.809884,0.190301,743000000.0,0.150131,0.029905,8.174312,false,false,true,false,false,v2.38G,Nexstar Media Group Inc,"NEXSTAR MEDIA GROUP, INC."
U26905,OCSLn,Oaktree Specialty Lending Corp,CBOE_EUROPE,0001414932,2025,2026-08-05,2026-06-30,3,77,FEATURES_PARTIAL,14,capex_to_revenue|free_cash_flow|free_cash_flow_margin|net_margin|operating_cash_flow_margin|revenue_yoy_growth,,,-0.414213,10.971745,-0.061079,-0.014785,,0.011295,0.023141,,0.511882,0.488118,,,,6.732695,false,false,false,true,false,v2.38G,Oaktree Specialty Lending Corp,Oaktree Specialty Lending Corp
U26922,ODFd,Old Dominion Freight Line Inc,CBOE_EUROPE,0000878927,2025,2026-08-05,2026-06-30,16,332,FEATURES_PARTIAL,14,capex_to_revenue|free_cash_flow|free_cash_flow_margin|net_margin|operating_cash_flow_margin|revenue_yoy_growth,,,-0.136897,-0.174262,-0.003867,0.01566,,0.187143,0.23746,,0.211896,0.788104,,,,1.338409,false,false,false,true,false,v2.38G,Old Dominion Freight Line Inc,"OLD DOMINION FREIGHT LINE, INC."
U26935,OGLd,Golub Capital BDC Inc,CBOE_EUROPE,0001476765,2025,2026-08-03,2026-06-30,4,77,FEATURES_PARTIAL,14,capex_to_revenue|free_cash_flow|free_cash_flow_margin|net_margin|operating_cash_flow_margin|revenue_yoy_growth,,,0.3757,-1.330295,0.03128,-0.007962,,0.041951,0.094574,,0.556423,0.443577,,,,-0.301591,false,false,false,true,false,v2.38G,Golub Capital BDC Inc,"GOLUB CAPITAL BDC, Inc."
U26940,OHIn,Omega Healthcare Investors Inc,CBOE_EUROPE,0000888491,2025,2026-07-30,2026-06-30,16,338,FEATURES_READY,16,capex_to_revenue|free_cash_flow|free_cash_flow_margin|net_income_yoy_growth,,0.131929,,0.172292,0.015273,0.142092,0.495913,0.05873,0.113907,0.738217,0.458606,0.5156,,,,1.488603,true,false,false,true,false,v2.38G,Omega Healthcare Investors Inc,OMEGA HEALTHCARE INVESTORS INC
U26948,OISn,Oil States International Inc,CBOE_EUROPE,0001121484,2025,2026-07-30,2026-06-30,16,415,FEATURES_READY,15,capex_to_revenue|cash_conversion_ratio|free_cash_flow|free_cash_flow_margin|net_income_yoy_growth,,-0.034075,,1.290561,-0.121059,-0.157882,-0.163496,-0.123809,-0.190821,0.157137,0.351176,0.648824,,,,,true,false,false,true,false,v2.38G,Oil States International Inc,"OIL STATES INTERNATIONAL, INC"
U26961,OMFn,OneMain Holdings Inc,CBOE_EUROPE,0001584207,2025,2026-05-01,2026-03-31,13,236,FEATURES_PARTIAL,14,capex_to_revenue|free_cash_flow|free_cash_flow_margin|net_margin|operating_cash_flow_margin|revenue_yoy_growth,,,0.53831,0.16043,0.057044,0.06581,,0.028589,0.230226,,0.875822,0.124178,,,,4.0,false,false,false,false,false,v2.38G,OneMain Holdings Inc,"OneMain Holdings, Inc."
U26990,OPKn,OPKO Health Inc,CBOE_EUROPE,0000944809,2025,2026-08-28,2026-06-30,15,301,FEATURES_PARTIAL,14,capex_to_revenue|cash_conversion_ratio|free_cash_flow|free_cash_flow_margin|net_income_yoy_growth|operating_cash_flow_yoy_growth,,-0.149007,,,-0.121928,-0.071397,-0.37187,-0.116815,-0.177987,-0.294197,0.343687,0.656313,,,,,true,false,false,true,false,v2.38G,OPKO Health Inc,"OPKO HEALTH, INC."
U27027,OSURn,OraSure Technologies Inc,CBOE_EUROPE,0001116463,2025,2026-08-07,2026-06-30,15,372,FEATURES_READY,18,cash_conversion_ratio|net_income_yoy_growth,capex_positive_treated_as_outflow,-0.381032,,-2.79086,-0.15947,-0.169399,-0.597552,-0.170477,-0.201659,-0.426209,0.154628,0.845372,-53220000.0,-0.462698,0.036489,,true,false,false,true,false,v2.38G,OraSure Technologies Inc,ORASURE TECHNOLOGIES INC
U27064,PACBn,Pacific Biosciences of California Inc,CBOE_EUROPE,0001299130,2025,2026-08-06,2026-06-30,15,351,FEATURES_PARTIAL,12,capex_to_revenue|cash_conversion_ratio|free_cash_flow_margin|net_income_yoy_growth|net_margin|operating_cash_flow_margin|operating_cash_flow_yoy_growth|revenue_yoy_growth,capex_positive_treated_as_outflow,,,,-0.377933,-0.989441,,-0.696834,-102.145448,,0.993178,0.006822,-113923000.0,,,,false,false,false,false,false,v2.38G,Pacific Biosciences of California Inc,"PACIFIC BIOSCIENCES OF CALIFORNIA, INC."
U27097,PBEd,Peabody Energy Corp,CBOE_EUROPE,0001064728,2025,2026-08-06,2026-06-30,15,401,FEATURES_READY,15,cash_conversion_ratio|net_income_yoy_growth|net_margin|return_on_assets|return_on_equity,capex_positive_treated_as_outflow,-0.088559,,-0.449794,-0.024607,-0.031256,,,,0.086417,0.383145,0.608968,-77700000.0,-0.020122,0.106539,,true,false,false,true,false,v2.38G,Peabody Energy Corp,PEABODY ENERGY CORP
U27100,PBIn,Pitney Bowes Inc,CBOE_EUROPE,0000078814,2025,2026-07-30,2026-06-30,17,468,FEATURES_READY,17,equity_yoy_growth|net_income_yoy_growth|return_on_equity,capex_positive_treated_as_outflow,-0.066105,,0.67237,-0.067274,,0.076453,0.045661,,0.2025,1.253194,-0.253194,316979000.0,0.167481,0.035019,2.648687,true,true,true,false,false,v2.38G,Pitney Bowes Inc,PITNEY BOWES INC /DE/
U27123,PCUd,Southern Copper Corp,CBOE_EUROPE,0001001838,2025,2026-07-31,2026-06-30,17,277,FEATURES_PARTIAL,14,cash_conversion_ratio|liabilities_to_assets|net_income_yoy_growth|net_margin|return_on_assets|return_on_equity,capex_positive_treated_as_outflow,0.173754,,0.074722,0.142566,0.203509,,,,0.354106,,0.516248,3426800000.0,0.25535,0.098756,,true,false,true,false,false,v2.38G,Southern Copper Corp,SOUTHERN COPPER CORP/
U27160,PETSn,PetMed Express Inc,CBOE_EUROPE,0001040130,2026,2026-08-13,2026-06-30,15,339,FEATURES_READY,18,cash_conversion_ratio|net_income_yoy_growth,capex_positive_treated_as_outflow,-0.211264,,-7.018228,-0.453995,-0.660065,-0.319996,-0.705571,-1.979475,-0.158607,0.643557,0.356443,-33009000.0,-0.184386,0.025779,,false,false,false,false,false,v2.38G,PetMed Express Inc,PETMED EXPRESS INC
U27216,PIn,Impinj Inc,CBOE_EUROPE,0001114995,2025,2026-07-29,2026-06-30,10,239,FEATURES_READY,19,cash_conversion_ratio,capex_positive_treated_as_outflow,-0.013691,-1.26561,-0.542156,0.114717,0.396139,-0.030041,-0.019896,-0.051842,0.162698,0.616221,0.383779,45885000.0,0.127079,0.035619,,false,false,true,false,false,v2.38G,Impinj Inc,IMPINJ INC
U27292,PPHCl,Public Policy Holding Co Inc,CBOE_EUROPE,0001903508,2025,2026-08-11,2026-06-30,1,18,FEATURES_PARTIAL,14,assets_yoy_growth|cash_conversion_ratio|equity_yoy_growth|net_income_yoy_growth|operating_cash_flow_yoy_growth|revenue_yoy_growth,capex_positive_treated_as_outflow,,,,,,-0.209075,-0.192548,-0.52068,0.132786,0.630199,0.369801,24759000.0,0.132727,5.9e-05,,false,false,true,false,false,v2.38G,Public Policy Holding Co Inc,"Public Policy Holding Company, Inc."
U27301,PQIAd,RadNet Inc,CBOE_EUROPE,0000790526,2025,2026-08-10,2026-06-30,15,368,FEATURES_READY,16,capex_to_revenue|cash_conversion_ratio|free_cash_flow|free_cash_flow_margin,,0.115074,-7.678124,0.282363,0.143571,0.207891,-0.009142,-0.004963,-0.017114,0.146465,0.639254,0.289975,,,,,false,false,false,false,false,v2.38G,RadNet Inc,"RadNet, Inc."
U27367,PSMTn,PriceSmart Inc,CBOE_EUROPE,0001041803,2025,2026-07-08,2026-05-31,15,409,FEATURES_READY,20,,capex_positive_treated_as_outflow,0.072487,0.064893,0.258771,0.121849,0.110784,0.028062,0.065173,0.118559,0.049583,0.450293,0.549707,103173000.0,0.019577,0.030006,1.766937,false,false,true,true,false,v2.38G,PriceSmart Inc,PRICESMART INC
U27369,PSNn,Parsons Corp,CBOE_EUROPE,0000275880,2025,2026-04-29,2026-03-31,7,170,FEATURES_READY,17,capex_to_revenue|free_cash_flow|free_cash_flow_margin,,-0.057229,0.025892,-0.08637,0.051307,0.093375,0.03789,0.041795,0.091271,0.075167,0.520295,0.457926,,,,1.983843,false,true,false,true,false,v2.38G,Parsons Corp,PARSONS CORP
U27373,PSRAd,CoreCivic Inc,CBOE_EUROPE,0001070985,2025,2026-08-06,2026-06-30,16,372,FEATURES_PARTIAL,12,capex_to_revenue|cash_conversion_ratio|free_cash_flow|free_cash_flow_margin|net_income_yoy_growth|net_margin|return_on_assets|return_on_equity,,0.127207,,-0.27701,0.110799,-0.058996,,,,0.088005,0.568511,0.431489,,,,,true,false,false,true,false,v2.38G,CoreCivic Inc,"CoreCivic, Inc."
U27382,PTENn,Patterson-UTI Energy Inc,CBOE_EUROPE,0000889900,2025,2026-08-04,2026-06-30,17,438,FEATURES_READY,18,cash_conversion_ratio|net_income_yoy_growth,capex_positive_treated_as_outflow,-0.097633,,-0.182314,-0.045085,-0.07135,-0.019533,-0.016809,-0.029092,0.200521,0.421105,0.577786,372190000.0,0.077643,0.122878,,false,true,true,true,false,v2.38G,Patterson-UTI Energy Inc,PATTERSON UTI ENERGY INC
U27402,PUMPn,ProPetro Holding Corp,CBOE_EUROPE,0001680247,2025,2026-07-30,2026-06-30,9,257,FEATURES_READY,19,net_income_yoy_growth,capex_positive_treated_as_outflow,-0.121256,,-0.081999,0.054955,0.016623,0.000649,0.000638,0.000993,0.182489,0.357155,0.642845,45291000.0,0.035686,0.146803,281.076456,false,true,true,true,false,v2.38G,ProPetro Holding Corp,ProPetro Holding Corp.
U27408,PW2d,Powell Industries Inc,CBOE_EUROPE,0000080420,2025,2026-08-04,2026-06-30,15,383,FEATURES_READY,20,,capex_positive_treated_as_outflow,0.09084,0.206202,0.545513,0.194794,0.326445,0.163673,0.162984,0.282078,0.152073,0.422201,0.577799,154788000.0,0.140166,0.011907,0.929127,false,true,true,true,true,v2.38G,Powell Industries Inc,POWELL INDUSTRIES INC
U27454,QH9d,ADTRAN Holdings Inc,CBOE_EUROPE,0000926282,2025,2026-08-04,2026-06-30,16,428,FEATURES_READY,18,cash_conversion_ratio|net_income_yoy_growth,capex_positive_treated_as_outflow,0.174578,,0.252928,0.028234,0.148711,-0.042126,-0.037905,-0.313077,0.119733,0.568982,0.121072,98030000.0,0.09045,0.029283,,true,true,true,false,true,v2.38G,ADTRAN Holdings Inc,"ADTRAN Holdings, Inc."
U27513,RAMPn,LiveRamp Holdings Inc,CBOE_EUROPE,0000733269,2026,2026-08-05,2026-06-30,16,342,FEATURES_PARTIAL,13,cash_conversion_ratio|free_cash_flow|free_cash_flow_margin|liabilities_to_assets|net_income_yoy_growth|operating_cash_flow_margin|operating_cash_flow_yoy_growth,capex_positive_treated_as_outflow,0.090346,,,0.027638,0.024366,0.179536,0.112776,0.15016,,,0.75104,,,0.001693,,false,true,false,false,false,v2.38G,LiveRamp Holdings Inc,"LiveRamp Holdings, Inc."
U27521,RBBNn,Ribbon Communications Inc,CBOE_EUROPE,0001708055,2025,2026-07-31,2026-06-30,9,239,FEATURES_READY,19,net_income_yoy_growth,capex_positive_treated_as_outflow,0.012802,,0.023049,0.042752,0.109666,0.046931,0.032696,0.088277,0.060858,0.629621,0.370379,26056000.0,0.030852,0.030006,1.29675,true,true,true,false,true,v2.38G,Ribbon Communications Inc,Ribbon Communications Inc.
U27527,RBRKn,Rubrik Inc,CBOE_EUROPE,0001943896,2026,2026-09-01,2026-07-31,2,72,FEATURES_READY,16,cash_conversion_ratio|equity_yoy_growth|net_income_yoy_growth|return_on_equity,capex_positive_treated_as_outflow,0.484631,,4.866053,0.944193,,-0.265028,-0.126088,,0.214944,1.187802,-0.187802,253277000.0,0.192432,0.022513,,false,true,true,false,true,v2.38G,Rubrik Inc,"Rubrik, Inc."
U27545,RDNn,Radian Group Inc,CBOE_EUROPE,0000890926,2025,2026-08-07,2026-06-30,15,375,FEATURES_READY,16,capex_to_revenue|free_cash_flow|free_cash_flow_margin|operating_cash_flow_yoy_growth,,-0.072231,-0.036066,,-0.062511,0.034096,0.486716,0.071733,0.121853,0.100128,0.411317,0.588683,,,,0.205722,false,true,false,true,false,v2.38G,Radian Group Inc,RADIAN GROUP INC
U27660,RO7d,ROBLOX Corp,CBOE_EUROPE,0001315098,2025,2026-07-30,2026-06-30,5,151,FEATURES_READY,18,cash_conversion_ratio|net_income_yoy_growth,capex_positive_treated_as_outflow,0.35774,,1.184511,0.332002,0.7814,-0.217779,-0.111441,-2.699874,0.367312,0.960764,0.041276,1355380000.0,0.277143,0.090169,,true,true,true,false,true,v2.38G,ROBLOX Corp,Roblox Corp
U27675,ROLn,Rollins Inc,CBOE_EUROPE,0000084839,2025,2026-07-23,2026-06-30,16,325,FEATURES_READY,20,,capex_positive_treated_as_outflow,0.109877,0.12935,0.115944,0.113781,0.032864,0.140042,0.167713,0.383247,0.180297,0.562391,0.437609,650021000.0,0.17283,0.007468,1.287451,true,true,true,true,true,v2.38G,Rollins Inc,ROLLINS INC
U27685,RPDn,Rapid7 Inc,CBOE_EUROPE,0001560327,2025,2026-08-10,2026-06-30,11,262,FEATURES_READY,20,,capex_positive_treated_as_outflow,0.018705,-0.084032,-0.103938,0.045054,7.736379,0.027194,0.013543,0.151108,0.178911,0.910378,0.089622,146228000.0,0.170073,0.008838,6.579145,false,false,true,false,false,v2.38G,Rapid7 Inc,"Rapid7, Inc."
U27690,RPMn,RPM International Inc,CBOE_EUROPE,0000110621,2026,2026-07-22,2026-05-31,16,296,FEATURES_READY,16,capex_to_revenue|free_cash_flow|free_cash_flow_margin|liabilities_to_assets,,0.066567,-0.039635,0.169903,0.07313,0.147703,0.08411,0.07926,0.199724,0.11429,,0.396847,,,,1.358813,true,false,false,false,false,v2.38G,RPM International Inc,RPM INTERNATIONAL INC/DE/
U27722,RV6d,Charles River Laboratories International Inc,CBOE_EUROPE,0001100682,2025,2026-08-05,2026-06-27,16,352,FEATURES_READY,16,capex_to_revenue|cash_conversion_ratio|free_cash_flow|free_cash_flow_margin,,-0.008545,-7.500833,0.004178,-0.052192,-0.085764,-0.035946,-0.020228,-0.04561,0.183705,0.549964,0.44351,,,,,true,false,false,true,false,v2.38G,Charles River Laboratories International Inc,"CHARLES RIVER LABORATORIES INTERNATIONAL, INC."
U27735,RYNn,Rayonier Inc,CBOE_EUROPE,0000052827,2025,2026-05-08,2026-03-31,16,371,FEATURES_READY,16,capex_to_revenue|free_cash_flow|free_cash_flow_margin|liabilities_to_assets,,-0.617097,0.320852,-0.01885,-0.02008,0.248923,0.982082,0.139333,0.214677,0.531351,,0.649034,,,,0.541045,false,true,false,false,false,v2.38G,Rayonier Inc,RAYONIER INC
U27738,RZ2d,Veralto Corp,CBOE_EUROPE,0001967680,2025,2026-04-29,2026-04-03,3,64,FEATURES_READY,19,liabilities_to_assets,capex_positive_treated_as_outflow,0.059696,0.128451,0.230857,0.200905,0.523553,0.170816,0.122189,0.302738,0.195711,,0.403614,1014000000.0,0.184263,0.011448,1.145745,true,true,true,false,true,v2.38G,Veralto Corp,Veralto Corp
U27880,SCSCn,ScanSource Inc,CBOE_EUROPE,0000918965,2026,2026-08-20,2026-06-30,16,377,FEATURES_READY,16,capex_to_revenue|free_cash_flow|free_cash_flow_margin|operating_cash_flow_yoy_growth,,0.060922,0.102379,,0.082226,0.004836,0.024449,0.040815,0.086598,0.038168,0.52868,0.47132,,,,1.56113,true,true,false,true,false,v2.38G,ScanSource Inc,"SCANSOURCE, INC."
U28005,SFWd,Capital Southwest Corp,CBOE_EUROPE,0000017313,2026,2026-08-03,2026-06-30,6,119,FEATURES_PARTIAL,14,capex_to_revenue|free_cash_flow_margin|net_margin|operating_cash_flow_margin|operating_cash_flow_yoy_growth|revenue_yoy_growth,capex_positive_treated_as_outflow,,0.601675,,0.156507,0.144131,,0.051892,0.111766,,0.535714,0.464286,-193790000.0,,,-1.712501,false,false,false,true,false,v2.38G,Capital Southwest Corp,CAPITAL SOUTHWEST CORP
U28109,SLABn,Silicon Laboratories Inc,CBOE_EUROPE,0001038074,2025,2026-08-11,2026-07-04,16,371,FEATURES_READY,17,cash_conversion_ratio|net_income_yoy_growth|operating_cash_flow_yoy_growth,capex_positive_treated_as_outflow,0.342886,,,0.038148,0.01333,-0.082709,-0.051135,-0.059307,0.121958,0.13779,0.86221,65786000.0,0.083829,0.038129,,true,false,true,true,false,v2.38G,Silicon Laboratories Inc,SILICON LABORATORIES INC.
U28442,STWDn,Starwood Property Trust Inc,CBOE_EUROPE,0001465128,2025,2026-08-06,2026-06-30,15,348,FEATURES_READY,17,capex_to_revenue|free_cash_flow|free_cash_flow_margin,,-0.052677,0.143391,0.512331,0.010021,0.055679,0.223145,0.006513,0.060561,0.530205,0.881464,0.107552,,,,2.376057,false,true,false,false,false,v2.38G,Starwood Property Trust Inc,"STARWOOD PROPERTY TRUST, INC."
U28457,SUIn,Sun Communities Inc,CBOE_EUROPE,0000912593,2025,2026-04-28,2026-03-31,15,360,FEATURES_READY,17,capex_to_revenue|free_cash_flow|free_cash_flow_margin,,-0.284064,12.647683,0.003717,-0.243302,-0.017736,0.613113,0.112905,0.20326,0.374745,0.414792,0.55547,,,,0.611217,false,true,false,true,false,v2.38G,Sun Communities Inc,SUN COMMUNITIES INC
U28475,SUPNn,Supernus Pharmaceuticals Inc,CBOE_EUROPE,0001356576,2025,2026-08-03,2026-06-30,13,374,FEATURES_READY,19,cash_conversion_ratio,capex_positive_treated_as_outflow,0.086331,-1.521898,-0.724741,0.061821,0.025085,-0.05362,-0.026538,-0.036309,0.065833,0.269118,0.730882,45993000.0,0.063972,0.001861,,false,false,true,true,false,v2.38G,Supernus Pharmaceuticals Inc,"SUPERNUS PHARMACEUTICALS, INC."
U28600,T8Zd,Waystar Holding Corp,CBOE_EUROPE,0001990354,2025,2026-07-29,2026-06-30,2,56,FEATURES_READY,16,capex_to_revenue|free_cash_flow|free_cash_flow_margin|net_income_yoy_growth,,0.165046,,0.824095,0.263949,0.259447,0.101966,0.019375,0.028898,0.281706,0.329514,0.670486,,,,2.762742,false,true,false,true,false,v2.38G,Waystar Holding Corp,Waystar Holding Corp.
U28615,TARd,Targa Resources Corp,CBOE_EUROPE,0001389170,2025,2026-08-06,2026-06-30,14,335,FEATURES_READY,19,liabilities_to_assets,capex_positive_treated_as_outflow,0.204503,0.465701,0.073348,0.109276,0.183421,0.11293,0.076254,0.626813,0.230052,,0.121653,584100000.0,0.034302,0.195751,2.037129,true,true,true,false,true,v2.38G,Targa Resources Corp,Targa Resources Corp.
U28655,TE1d,Bio-Techne Corp,CBOE_EUROPE,0000842023,2026,2026-08-24,2026-06-30,16,374,FEATURES_PARTIAL,14,cash_conversion_ratio|liabilities_to_assets|net_income_yoy_growth|net_margin|return_on_assets|return_on_equity,capex_positive_treated_as_outflow,-0.003768,,0.015708,0.011282,0.098714,,,,0.240382,,0.815015,263223000.0,0.216637,0.023744,,false,false,true,false,false,v2.38G,Bio-Techne Corp,BIO-TECHNE Corp
U28752,TLKd,Toll Brothers Inc,CBOE_EUROPE,0000794170,2025,2026-08-28,2026-07-31,16,365,FEATURES_READY,15,capex_to_revenue|free_cash_flow_margin|net_margin|operating_cash_flow_margin|revenue_yoy_growth,capex_positive_treated_as_outflow,,-0.143018,0.101215,0.086171,0.078183,,0.092734,0.162803,,0.429329,0.56961,1026216000.0,,,0.826159,false,false,true,true,false,v2.38G,Toll Brothers Inc,"Toll Brothers, Inc."
U28823,TR4d,Tractor Supply Co,CBOE_EUROPE,0000916365,2025,2026-08-06,2026-06-27,16,415,FEATURES_READY,20,,capex_positive_treated_as_outflow,0.043056,-0.004679,0.150914,0.115057,0.136966,0.070606,0.100249,0.424627,0.105337,0.763914,0.236086,740489000.0,0.047699,0.057638,1.491906,true,false,true,false,false,v2.38G,Tractor Supply Co,TRACTOR SUPPLY CO /DE/
U28879,TRUUn,TransUnion,CBOE_EUROPE,0001552033,2025,2026-04-28,2026-03-31,12,320,FEATURES_READY,20,,capex_positive_treated_as_outflow,0.093814,0.601266,0.186306,0.011662,0.052691,0.099513,0.040979,0.102586,0.215808,0.590989,0.399464,661600000.0,0.144571,0.071237,2.168643,true,true,true,true,true,v2.38G,TransUnion,TransUnion
U28935,TUSKn,Mammoth Energy Services Inc,CBOE_EUROPE,0001679268,2025,2026-08-07,2026-06-30,10,255,FEATURES_READY,19,net_income_yoy_growth,capex_positive_treated_as_outflow,-0.764319,,-1.102757,-0.127951,0.021636,0.103788,0.013727,0.017798,-0.419263,0.228747,0.771253,-89122000.0,-2.012147,1.592884,-4.039591,false,true,false,true,false,v2.38G,Mammoth Energy Services Inc,"MAMMOTH ENERGY SERVICES, INC."
U28941,TWHd,Twilio Inc,CBOE_EUROPE,0001447669,2025,2026-08-07,2026-06-30,10,218,FEATURES_READY,16,capex_to_revenue|free_cash_flow|free_cash_flow_margin|net_income_yoy_growth,,0.136649,,0.400707,-0.009587,-0.016525,0.006677,0.003463,0.004326,0.197987,0.199505,0.800495,,,,29.651948,true,true,false,true,false,v2.38G,Twilio Inc,TWILIO INC
U28950,TYPd,Tyler Technologies Inc,CBOE_EUROPE,0000860731,2025,2026-07-29,2026-06-30,15,373,FEATURES_READY,20,,capex_positive_treated_as_outflow,0.090999,0.199893,0.046283,0.088589,0.092777,0.135316,0.055969,0.085234,0.280209,0.34335,0.65665,637528000.0,0.273343,0.006866,2.070776,false,true,true,true,true,v2.38G,Tyler Technologies Inc,TYLER TECHNOLOGIES INC
U29146,UPWKn,Upwork Inc,CBOE_EUROPE,0001627475,2025,2026-08-10,2026-06-30,8,200,FEATURES_READY,20,,capex_positive_treated_as_outflow,0.023994,-0.464599,0.616659,0.072603,0.095482,0.146519,0.088817,0.183123,0.315136,0.514986,0.485014,242469000.0,0.307786,0.00735,2.150825,false,false,true,true,false,v2.38G,Upwork Inc,"UPWORK, INC"
U29191,USFDn,US Foods Holding Corp,CBOE_EUROPE,0001665918,2025,2026-08-06,2026-06-27,10,272,FEATURES_READY,20,,capex_positive_treated_as_outflow,0.040843,0.368421,0.166099,0.037734,-0.048807,0.017147,0.048483,0.156954,0.034725,0.691099,0.308901,959000000.0,0.024325,0.0104,2.025148,false,true,true,false,true,v2.38G,US Foods Holding Corp,US Foods Holding Corp.
U29383,VIAVn,Viavi Solutions Inc,CBOE_EUROPE,0000912093,2026,2026-08-13,2026-06-27,16,361,FEATURES_READY,19,cash_conversion_ratio,capex_positive_treated_as_outflow,0.400258,-1.873563,0.268374,0.357007,0.856575,-0.020022,-0.011236,-0.020987,0.075018,0.464629,0.535371,82800000.0,0.054535,0.020483,,true,false,true,true,false,v2.38G,Viavi Solutions Inc,VIAVI SOLUTIONS INC.
U29384,VICIn,VICI Properties Inc,CBOE_EUROPE,0001705696,2025,2026-07-29,2026-06-30,9,215,FEATURES_READY,17,capex_to_revenue|free_cash_flow|free_cash_flow_margin,,0.040765,0.036092,0.053955,0.029871,0.047467,0.692814,0.059402,0.099846,0.62654,0.395975,0.594931,,,,0.904341,false,false,false,true,false,v2.38G,VICI Properties Inc,VICI PROPERTIES INC.
U29470,VREXn,Varex Imaging Corp,CBOE_EUROPE,0001681622,2025,2026-08-10,2026-07-03,9,268,FEATURES_READY,18,cash_conversion_ratio|net_income_yoy_growth,capex_positive_treated_as_outflow,0.04143,,-0.118393,-0.090058,-0.116801,-0.083235,-0.063482,-0.148752,0.049372,0.560592,0.426765,18800000.0,0.022259,0.027113,,true,false,true,true,false,v2.38G,Varex Imaging Corp,Varex Imaging Corp
U29479,VSATn,ViaSat Inc,CBOE_EUROPE,0000797721,2026,2026-08-06,2026-06-30,15,376,FEATURES_READY,15,capex_to_revenue|cash_conversion_ratio|free_cash_flow|free_cash_flow_margin|net_income_yoy_growth,,0.026708,,0.750614,-0.014382,0.02338,-0.007346,-0.002239,-0.007314,0.342627,0.689408,0.306063,,,,,false,true,false,false,false,v2.38G,ViaSat Inc,VIASAT INC
U29487,VSHn,Vishay Intertechnology Inc,CBOE_EUROPE,0000103730,2025,2026-08-05,2026-07-04,16,365,FEATURES_READY,15,capex_to_revenue|cash_conversion_ratio|free_cash_flow|free_cash_flow_margin|net_income_yoy_growth,,0.044751,,0.061059,0.030035,0.029232,-0.002925,-0.00212,-0.004299,0.060054,0.506803,0.493197,,,,,true,true,false,true,false,v2.38G,Vishay Intertechnology Inc,VISHAY INTERTECHNOLOGY INC
U29533,W1Xd,Wix.com Ltd,CBOE_EUROPE,0001576789,2024,2026-03-05,2025-12-31,12,0,FEATURES_READY,15,capex_to_revenue|equity_yoy_growth|free_cash_flow|free_cash_flow_margin|return_on_equity,,0.27623,0.528382,1.347905,0.447216,,0.025411,0.019397,,0.292446,1.140178,-0.140178,,,,11.508471,true,true,false,false,false,v2.38G,Wix.com Ltd,Wix.com Ltd.
U29680,WMSn,Advanced Drainage Systems Inc,CBOE_EUROPE,0001604028,2026,2026-08-06,2026-06-30,12,225,FEATURES_READY,20,,capex_positive_treated_as_outflow,0.050316,-0.052662,0.408541,0.220917,0.218494,0.139807,0.094652,0.229438,0.268509,0.565884,0.412537,569288000.0,0.186629,0.08188,1.920566,true,false,true,true,false,v2.38G,Advanced Drainage Systems Inc,"ADVANCED DRAINAGE SYSTEMS, INC."
U29683,WNCn,Wabash National Corp,CBOE_EUROPE,0000879526,2025,2026-05-01,2026-03-31,15,375,FEATURES_READY,19,net_income_yoy_growth,capex_positive_treated_as_outflow,-0.207519,,-0.900522,-0.170275,0.945443,0.137061,0.180545,0.575599,0.007562,0.685324,0.313665,-13045000.0,-0.008456,0.016017,0.055171,true,true,false,false,false,v2.38G,Wabash National Corp,WABASH NATIONAL Corp
U29719,WPSd,West Pharmaceutical Services Inc,CBOE_EUROPE,0000105770,2025,2026-07-23,2026-06-30,16,414,FEATURES_READY,20,,capex_positive_treated_as_outflow,0.062526,0.00203,0.155188,0.171982,0.184058,0.1606,0.115621,0.155447,0.245535,0.256206,0.743794,468900000.0,0.152532,0.093003,1.528864,true,false,true,true,false,v2.38G,West Pharmaceutical Services Inc,WEST PHARMACEUTICAL SERVICES INC
U29737,WS11d,WillScot Holdings Corp,CBOE_EUROPE,0001647088,2025,2026-08-06,2026-06-30,11,258,FEATURES_READY,19,cash_conversion_ratio,capex_positive_treated_as_outflow,-0.047698,-2.883821,0.356705,-0.036246,-0.159376,-0.023226,-0.009111,-0.061886,0.333992,0.85278,0.14722,737654000.0,0.323327,0.010665,,false,false,true,false,false,v2.38G,WillScot Holdings Corp,WillScot Holdings Corp
U29807,X06d,Versant Media Group Inc,CBOE_EUROPE,0002067876,2025,2026-08-06,2026-06-30,1,16,FEATURES_PARTIAL,14,assets_yoy_growth|equity_yoy_growth|liabilities_to_assets|net_income_yoy_growth|operating_cash_flow_yoy_growth|revenue_yoy_growth,capex_positive_treated_as_outflow,,,,,,0.139055,0.075407,0.090361,0.302333,,0.834509,1855000000.0,0.277362,0.02497,2.174194,false,false,true,false,false,v2.38G,Versant Media Group Inc,"Versant Media Group, Inc."
U30228,Y1Fd,First American Financial Corp,CBOE_EUROPE,0001472787,2025,2026-07-23,2026-06-30,16,379,FEATURES_READY,17,capex_to_revenue|free_cash_flow|free_cash_flow_margin,,0.21607,3.742944,0.059387,0.088553,0.120403,0.083438,0.038315,0.113065,0.127586,0.659599,0.338873,,,,1.529109,true,true,false,false,false,v2.38G,First American Financial Corp,First American Financial Corp
U30237,YDO1d,Madrigal Pharmaceuticals Inc,CBOE_EUROPE,0001157601,2025,2026-07-30,2026-06-30,15,276,FEATURES_READY,17,cash_conversion_ratio|net_income_yoy_growth|operating_cash_flow_yoy_growth,capex_positive_treated_as_outflow,4.32053,,,0.208532,-0.201084,-0.300796,-0.228871,-0.47833,-0.19778,0.521519,0.478481,-190020000.0,-0.198267,0.000487,,false,true,false,true,false,v2.38G,Madrigal Pharmaceuticals Inc,"MADRIGAL PHARMACEUTICALS, INC."
U30291,ZBRAn,Zebra Technologies Corp,CBOE_EUROPE,0000877212,2025,2026-08-04,2026-07-04,16,429,FEATURES_READY,20,,capex_positive_treated_as_outflow,0.083317,-0.206439,-0.094768,0.067018,0.000558,0.07765,0.049283,0.116778,0.169941,0.577982,0.422018,831000000.0,0.154003,0.015938,2.188544,false,false,true,true,false,v2.38G,Zebra Technologies Corp,ZEBRA TECHNOLOGIES CORP
U30303,ZGV3d,Gevo Inc,CBOE_EUROPE,0001392380,2025,2026-08-06,2026-06-30,15,340,FEATURES_READY,17,cash_conversion_ratio|net_income_yoy_growth|operating_cash_flow_yoy_growth,capex_positive_treated_as_outflow,8.493349,,,0.231167,-0.047296,-0.210711,-0.047064,-0.072557,-0.083454,0.344624,0.648655,-43514000.0,-0.27098,0.187526,,true,true,false,true,false,v2.38G,Gevo Inc,"Gevo, Inc."
U30305,ZIMd,Zimmer Biomet Holdings Inc,CBOE_EUROPE,0001136869,2025,2026-08-05,2026-06-30,17,427,FEATURES_READY,19,operating_cash_flow_yoy_growth,capex_positive_treated_as_outflow,0.072005,-0.21985,,0.080804,0.018415,0.085659,0.030535,0.05553,0.206171,0.449772,0.549882,1472600000.0,0.178898,0.027273,2.406893,true,false,true,true,false,v2.38G,Zimmer Biomet Holdings Inc,"ZIMMER BIOMET HOLDINGS, INC."
