asset_id,ticker,company_name,exchange,cik,enrichment_status,records,metrics_available,annual_records,quarterly_records,latest_filed,latest_period_end,quality_status,missing_metrics,quality_flags
U09211,0QFd,Moderna Inc,CBOE_EUROPE,0001682852,ENRICHED_SEC_READY,783,assets|capex|eps_basic|eps_diluted|equity|liabilities|net_income|operating_cash_flow|revenue,208,575,2026-07-31,2026-06-30,NORMALIZED_READY,,
U09222,12DAd,Dell Technologies Inc,CBOE_EUROPE,0001571996,ENRICHED_SEC_READY,1127,assets|capex|eps_basic|eps_diluted|equity|liabilities|net_income|operating_cash_flow|revenue,393,734,2026-06-09,2026-05-01,NORMALIZED_READY,,
U09229,1AALm,American Airlines Group Inc,CBOE_EUROPE,0000006201,ENRICHED_SEC_READY,1682,assets|eps_basic|eps_diluted|equity|net_income|operating_cash_flow|revenue,652,1030,2026-07-23,2026-06-30,NORMALIZED_PARTIAL,capex|liabilities,concept_missing
U09231,1ADMm,Archer-Daniels-Midland Co,CBOE_EUROPE,0000007084,ENRICHED_SEC_READY,2241,assets|capex|eps_basic|eps_diluted|equity|net_income|operating_cash_flow|revenue,950,1291,2026-08-04,2026-06-30,NORMALIZED_PARTIAL,liabilities,concept_missing
U09233,1ANFm,Abercrombie & Fitch Co,CBOE_EUROPE,0001018840,ENRICHED_SEC_READY,1772,assets|capex|eps_basic|eps_diluted|equity|net_income|operating_cash_flow|revenue,602,1170,2026-09-04,2026-08-01,NORMALIZED_PARTIAL,liabilities,concept_missing
U09234,1APPm,AppLovin Corp,CBOE_EUROPE,0001751008,ENRICHED_SEC_READY,620,assets|capex|eps_basic|eps_diluted|equity|liabilities|net_income|operating_cash_flow|revenue,142,478,2026-08-05,2026-06-30,NORMALIZED_READY,,
U09237,1BLEm,Bloom Energy Corp,CBOE_EUROPE,0001664703,ENRICHED_SEC_READY,908,assets|capex|eps_basic|eps_diluted|equity|liabilities|net_income|operating_cash_flow|revenue,274,634,2026-04-29,2026-03-31,NORMALIZED_READY,,
U09240,1CNCm,Centene Corp,CBOE_EUROPE,0001071739,ENRICHED_SEC_READY,2177,assets|capex|eps_basic|eps_diluted|equity|liabilities|net_income|operating_cash_flow|revenue,759,1418,2026-07-28,2026-06-30,NORMALIZED_READY,,
U09244,1HOODm,Robinhood Markets Inc,CBOE_EUROPE,0001783879,ENRICHED_SEC_READY,540,assets|eps_basic|eps_diluted|equity|liabilities|net_income|operating_cash_flow|revenue,138,402,2026-07-30,2026-06-30,NORMALIZED_PARTIAL,capex,concept_missing
U09246,1KTOSm,Kratos Defense & Security Solutions Inc,CBOE_EUROPE,0001069258,ENRICHED_SEC_READY,1616,assets|eps_basic|eps_diluted|equity|liabilities|net_income|operating_cash_flow|revenue,577,1039,2026-08-04,2026-06-28,NORMALIZED_PARTIAL,capex,concept_missing
U09249,1MNSTm,Monster Beverage Corp,CBOE_EUROPE,0000865752,ENRICHED_SEC_READY,787,assets|capex|eps_basic|eps_diluted|equity|operating_cash_flow|revenue,228,559,2026-08-07,2026-06-30,NORMALIZED_PARTIAL,liabilities|net_income,concept_missing
U09252,1PANWm,Palo Alto Networks Inc,CBOE_EUROPE,0001327567,ENRICHED_SEC_READY,1201,assets|capex|eps_basic|eps_diluted|equity|liabilities|net_income|operating_cash_flow|revenue,425,776,2026-06-03,2026-04-30,NORMALIZED_READY,,
U09255,1PATHm,UiPath Inc,CBOE_EUROPE,0001734722,ENRICHED_SEC_READY,586,assets|capex|eps_basic|eps_diluted|equity|liabilities|net_income|operating_cash_flow|revenue,130,456,2026-06-04,2026-04-30,NORMALIZED_READY,,
U09256,1PLTRm,Palantir Technologies Inc,CBOE_EUROPE,0001321655,ENRICHED_SEC_READY,662,assets|capex|eps_basic|eps_diluted|equity|liabilities|net_income|operating_cash_flow|revenue,164,498,2026-08-04,2026-06-30,NORMALIZED_READY,,
U09257,1QZd,Coinbase Global Inc,CBOE_EUROPE,0001679788,ENRICHED_SEC_READY,555,assets|capex|eps_basic|eps_diluted|equity|liabilities|net_income|operating_cash_flow|revenue,121,434,2026-07-30,2026-06-30,NORMALIZED_READY,,
U09260,1RIVNm,Rivian Automotive Inc,CBOE_EUROPE,0001874178,ENRICHED_SEC_READY,558,assets|capex|eps_basic|eps_diluted|equity|liabilities|net_income|operating_cash_flow|revenue,130,428,2026-07-30,2026-06-30,NORMALIZED_READY,,
U09261,1SId,Snap Inc,CBOE_EUROPE,0001564408,ENRICHED_SEC_READY,983,assets|capex|eps_basic|eps_diluted|equity|liabilities|net_income|operating_cash_flow|revenue,222,761,2026-08-04,2026-06-30,NORMALIZED_READY,,
U09262,1SPCXm,Space Exploration Technologies Corp,CBOE_EUROPE,0001181412,ENRICHED_SEC_READY,30,assets|capex|eps_basic|eps_diluted|equity|liabilities|net_income|operating_cash_flow|revenue,0,30,2026-08-04,2026-06-30,NORMALIZED_READY,,
U09264,1TTEKm,Tetra Tech Inc,CBOE_EUROPE,0000831641,ENRICHED_SEC_READY,1587,assets|capex|eps_basic|eps_diluted|equity|net_income|operating_cash_flow|revenue,629,958,2026-07-31,2026-06-28,NORMALIZED_PARTIAL,liabilities,concept_missing
U09268,1WULFm,Terawulf Inc,CBOE_EUROPE,0001083301,ENRICHED_SEC_READY,1310,assets|capex|eps_basic|eps_diluted|equity|liabilities|net_income|operating_cash_flow|revenue,270,1040,2026-08-05,2026-06-30,NORMALIZED_READY,,
U09303,2OYd,Dow Inc,CBOE_EUROPE,0001751788,ENRICHED_SEC_READY,664,assets|eps_basic|eps_diluted|equity|net_income|operating_cash_flow|revenue,160,504,2026-04-24,2026-03-31,NORMALIZED_PARTIAL,capex|liabilities,concept_missing
U09306,2PPd,PayPal Holdings Inc,CBOE_EUROPE,0001633917,ENRICHED_SEC_READY,1468,assets|capex|eps_basic|eps_diluted|equity|liabilities|net_income|operating_cash_flow|revenue,546,922,2026-05-05,2026-03-31,NORMALIZED_READY,,
U09316,33Ld,Lululemon Athletica Inc,CBOE_EUROPE,0001397187,ENRICHED_SEC_READY,1993,assets|capex|eps_basic|eps_diluted|equity|liabilities|net_income|operating_cash_flow|revenue,693,1300,2026-09-03,2026-08-02,NORMALIZED_READY,,
U09452,3QDd,Datadog Inc,CBOE_EUROPE,0001561550,ENRICHED_SEC_READY,723,assets|capex|eps_basic|eps_diluted|equity|liabilities|net_income|operating_cash_flow|revenue,177,546,2026-08-06,2026-06-30,NORMALIZED_READY,,
U09518,4I1d,Philip Morris International Inc,CBOE_EUROPE,0001413329,ENRICHED_SEC_READY,2278,assets|capex|eps_basic|eps_diluted|equity|liabilities|net_income|operating_cash_flow|revenue,828,1450,2026-07-24,2026-06-30,NORMALIZED_READY,,
U09523,4S0d,ServiceNow Inc,CBOE_EUROPE,0001373715,ENRICHED_SEC_READY,1411,assets|capex|eps_basic|eps_diluted|equity|liabilities|net_income|operating_cash_flow|revenue,377,1034,2026-07-23,2026-06-30,NORMALIZED_READY,,
U09555,6MKd,Merck & Co Inc,CBOE_EUROPE,0000310158,ENRICHED_SEC_READY,1546,assets|capex|eps_basic|eps_diluted|equity|net_income|operating_cash_flow|revenue,370,1176,2026-08-07,2026-06-30,NORMALIZED_PARTIAL,liabilities,concept_missing
U09560,6Z1d,Airbnb Inc,CBOE_EUROPE,0001559720,ENRICHED_SEC_READY,439,assets|capex|equity|liabilities|net_income|operating_cash_flow|revenue,91,348,2026-08-06,2026-06-30,NORMALIZED_PARTIAL,eps_basic|eps_diluted,concept_missing
U09562,7DBd,Diamondback Energy Inc,CBOE_EUROPE,0001539838,ENRICHED_SEC_READY,1492,assets|eps_basic|eps_diluted|equity|liabilities|net_income|operating_cash_flow|revenue,492,1000,2026-08-05,2026-06-30,NORMALIZED_PARTIAL,capex,concept_missing
U09668,ADBd,Adobe Inc,CBOE_EUROPE,0000796343,ENRICHED_SEC_READY,2086,assets|capex|eps_basic|eps_diluted|equity|liabilities|net_income|operating_cash_flow|revenue,794,1292,2026-06-15,2026-05-29,NORMALIZED_READY,,
U09882,AMDd,Advanced Micro Devices Inc,CBOE_EUROPE,0000002488,ENRICHED_SEC_READY,1640,assets|capex|eps_basic|eps_diluted|equity|net_income|operating_cash_flow|revenue,621,1019,2026-08-05,2026-06-27,NORMALIZED_PARTIAL,liabilities,concept_missing
U09908,AMZd,Amazon.com Inc,CBOE_EUROPE,0001018724,ENRICHED_SEC_READY,2234,assets|capex|eps_basic|eps_diluted|equity|net_income|operating_cash_flow|revenue,744,1490,2026-07-31,2026-06-30,NORMALIZED_PARTIAL,liabilities,concept_missing
U09936,AP2d,Applied Materials Inc,CBOE_EUROPE,0000006951,ENRICHED_SEC_READY,1969,assets|capex|eps_basic|eps_diluted|equity|liabilities|net_income|operating_cash_flow|revenue,723,1246,2026-08-20,2026-07-26,NORMALIZED_READY,,
U10056,AUDd,Autodesk Inc,CBOE_EUROPE,0000769397,ENRICHED_SEC_READY,2046,assets|capex|eps_basic|eps_diluted|equity|net_income|operating_cash_flow|revenue,729,1317,2026-08-28,2026-07-31,NORMALIZED_PARTIAL,liabilities,concept_missing
U10153,BACd,Verizon Communications Inc,CBOE_EUROPE,0000732712,ENRICHED_SEC_READY,1778,assets|eps_basic|eps_diluted|equity|net_income|operating_cash_flow|revenue,732,1046,2026-07-31,2026-06-30,NORMALIZED_PARTIAL,capex|liabilities,concept_missing
U10436,BSXd,Boston Scientific Corp,CBOE_EUROPE,0000885725,ENRICHED_SEC_READY,1427,assets|capex|eps_basic|eps_diluted|equity|net_income|operating_cash_flow|revenue,389,1038,2026-08-03,2026-06-30,NORMALIZED_PARTIAL,liabilities,concept_missing
U10542,C9Fd,Chipotle Mexican Grill Inc,CBOE_EUROPE,0001058090,ENRICHED_SEC_READY,1818,assets|capex|eps_basic|eps_diluted|equity|liabilities|net_income|operating_cash_flow|revenue,644,1174,2026-07-31,2026-06-30,NORMALIZED_READY,,
U10584,CAT1d,Caterpillar Inc,CBOE_EUROPE,0000018230,ENRICHED_SEC_READY,2051,assets|capex|eps_basic|eps_diluted|equity|liabilities|net_income|operating_cash_flow|revenue,845,1206,2026-08-05,2026-06-30,NORMALIZED_READY,,
U10596,CB1Ad,Constellation Brands Inc,CBOE_EUROPE,0000016918,ENRICHED_SEC_READY,1301,assets|capex|equity|liabilities|net_income|operating_cash_flow|revenue,415,886,2026-07-01,2026-05-31,NORMALIZED_PARTIAL,eps_basic|eps_diluted,concept_missing
U10702,CDSd,Cadence Design Systems Inc,CBOE_EUROPE,0000813672,ENRICHED_SEC_READY,1506,assets|capex|eps_basic|eps_diluted|equity|net_income|operating_cash_flow|revenue,408,1098,2026-05-01,2026-03-31,NORMALIZED_PARTIAL,liabilities,concept_missing
U11129,CTOd,Costco Wholesale Corp,CBOE_EUROPE,0000909832,ENRICHED_SEC_READY,2582,assets|capex|eps_basic|eps_diluted|equity|liabilities|net_income|operating_cash_flow|revenue,894,1688,2026-06-03,2026-05-10,NORMALIZED_READY,,
U11130,CTP2d,Comcast Corp,CBOE_EUROPE,0001166691,ENRICHED_SEC_READY,2191,assets|capex|eps_basic|eps_diluted|equity|net_income|operating_cash_flow|revenue,845,1346,2026-07-23,2026-06-30,NORMALIZED_PARTIAL,liabilities,concept_missing
U11156,CVSd,CVS Health Corp,CBOE_EUROPE,0000064803,ENRICHED_SEC_READY,2093,assets|capex|eps_basic|eps_diluted|equity|liabilities|net_income|operating_cash_flow|revenue,781,1312,2026-08-05,2026-06-30,NORMALIZED_READY,,
U11249,DCHl,Dauch Corp,CBOE_EUROPE,0001062231,ENRICHED_SEC_READY,1659,assets|capex|eps_basic|eps_diluted|equity|liabilities|net_income|operating_cash_flow|revenue,578,1081,2026-08-07,2026-06-30,NORMALIZED_READY,,
U11250,DCOd,Deere & Co,CBOE_EUROPE,0000315189,ENRICHED_SEC_READY,2465,assets|capex|eps_basic|eps_diluted|equity|liabilities|net_income|operating_cash_flow|revenue,887,1578,2026-08-27,2026-08-02,NORMALIZED_READY,,
U11459,DY6d,Devon Energy Corp,CBOE_EUROPE,0001090012,ENRICHED_SEC_READY,2109,assets|capex|eps_basic|eps_diluted|equity|net_income|operating_cash_flow|revenue,714,1395,2026-08-05,2026-06-30,NORMALIZED_PARTIAL,liabilities,concept_missing
U12192,EWLd,Edwards Lifesciences Corp,CBOE_EUROPE,0001099800,ENRICHED_SEC_READY,1659,assets|capex|eps_basic|eps_diluted|equity|liabilities|net_income|operating_cash_flow|revenue,639,1020,2026-08-04,2026-06-30,NORMALIZED_READY,,
U12314,FB2Ad,Meta Platforms Inc,CBOE_EUROPE,0001326801,ENRICHED_SEC_READY,1470,assets|capex|eps_basic|eps_diluted|equity|liabilities|net_income|operating_cash_flow|revenue,374,1096,2026-07-30,2026-06-30,NORMALIZED_READY,,
U12362,FERGl,Ferguson Enterprises Inc,CBOE_EUROPE,0002011641,ENRICHED_SEC_READY,211,assets|capex|eps_basic|eps_diluted|equity|liabilities|net_income|operating_cash_flow|revenue,79,132,2026-08-10,2026-06-30,NORMALIZED_READY,,
U12489,FOOd,Salesforce Inc,CBOE_EUROPE,0001108524,ENRICHED_SEC_READY,2202,assets|capex|eps_basic|eps_diluted|equity|liabilities|net_income|operating_cash_flow|revenue,746,1456,2026-08-27,2026-07-31,NORMALIZED_READY,,
U12507,FPMBd,Freeport-McMoRan Inc,CBOE_EUROPE,0000831259,ENRICHED_SEC_READY,1764,assets|eps_basic|eps_diluted|equity|liabilities|net_income|operating_cash_flow|revenue,566,1198,2026-08-06,2026-06-30,NORMALIZED_PARTIAL,capex,concept_missing
U12650,GCPd,General Electric Co,CBOE_EUROPE,0000040545,ENRICHED_SEC_READY,2607,assets|capex|eps_basic|eps_diluted|equity|liabilities|net_income|operating_cash_flow|revenue,1104,1503,2026-07-16,2026-06-30,NORMALIZED_READY,,
U12733,GISd,Gilead Sciences Inc,CBOE_EUROPE,0000882095,ENRICHED_SEC_READY,2028,assets|capex|eps_basic|eps_diluted|equity|net_income|operating_cash_flow|revenue,771,1257,2026-08-06,2026-06-30,NORMALIZED_PARTIAL,liabilities,concept_missing
U12837,GRMd,General Mills Inc,CBOE_EUROPE,0000040704,ENRICHED_SEC_READY,2221,assets|capex|eps_basic|eps_diluted|equity|liabilities|net_income|operating_cash_flow|revenue,928,1293,2026-07-01,2026-05-31,NORMALIZED_READY,,
U12903,HALd,Halliburton Co,CBOE_EUROPE,0000045012,ENRICHED_SEC_READY,1553,assets|eps_basic|eps_diluted|equity|liabilities|net_income|operating_cash_flow|revenue,357,1196,2026-07-24,2026-06-30,NORMALIZED_PARTIAL,capex,concept_missing
U13091,HRSd,L3Harris Technologies Inc,CBOE_EUROPE,0000202058,ENRICHED_SEC_READY,1767,assets|capex|eps_basic|eps_diluted|equity|liabilities|net_income|operating_cash_flow|revenue,517,1250,2026-07-30,2026-07-03,NORMALIZED_READY,,
U13510,ILTd,Illinois Tool Works Inc,CBOE_EUROPE,0000049826,ENRICHED_SEC_READY,1510,assets|capex|eps_basic|eps_diluted|equity|operating_cash_flow|revenue,526,984,2026-08-06,2026-06-30,NORMALIZED_PARTIAL,liabilities|net_income,concept_missing
U13589,INLd,Intel Corp,CBOE_EUROPE,0000050863,ENRICHED_SEC_READY,1590,assets|capex|eps_basic|eps_diluted|equity|net_income|operating_cash_flow|revenue,419,1171,2026-07-24,2026-06-27,NORMALIZED_PARTIAL,liabilities,concept_missing
U13771,ITUd,Intuit Inc,CBOE_EUROPE,0000896878,ENRICHED_SEC_READY,2154,assets|capex|eps_basic|eps_diluted|equity|liabilities|net_income|operating_cash_flow|revenue,783,1371,2026-05-20,2026-04-30,NORMALIZED_READY,,
U13894,J5Ad,Warner Bros Discovery Inc,CBOE_EUROPE,0001437107,ENRICHED_SEC_READY,2041,assets|capex|eps_basic|eps_diluted|equity|liabilities|net_income|operating_cash_flow|revenue,684,1357,2026-08-06,2026-06-30,NORMALIZED_READY,,
U14175,KOSl,Kosmos Energy Ltd,CBOE_EUROPE,0001509991,ENRICHED_SEC_READY,1524,assets|capex|eps_basic|eps_diluted|equity|net_income|operating_cash_flow|revenue,501,1023,2026-08-03,2026-06-30,NORMALIZED_PARTIAL,liabilities,concept_missing
U14192,KTFd,Mondelez International Inc,CBOE_EUROPE,0001103982,ENRICHED_SEC_READY,2218,assets|capex|eps_basic|eps_diluted|equity|liabilities|net_income|operating_cash_flow|revenue,828,1390,2026-04-28,2026-03-31,NORMALIZED_READY,,
U14386,LOMd,Lockheed Martin Corp,CBOE_EUROPE,0000936468,ENRICHED_SEC_READY,2140,assets|capex|eps_basic|eps_diluted|equity|liabilities|net_income|operating_cash_flow|revenue,830,1310,2026-07-23,2026-06-28,NORMALIZED_READY,,
U14536,M44d,MARA Holdings Inc,CBOE_EUROPE,0001507605,ENRICHED_SEC_READY,1318,assets|capex|eps_basic|eps_diluted|equity|liabilities|net_income|operating_cash_flow|revenue,353,965,2026-08-06,2026-06-30,NORMALIZED_READY,,
U14600,MDOd,McDonald's Corp,CBOE_EUROPE,0000063908,ENRICHED_SEC_READY,2072,assets|capex|eps_basic|eps_diluted|equity|net_income|operating_cash_flow|revenue,744,1328,2026-08-07,2026-06-30,NORMALIZED_PARTIAL,liabilities,concept_missing
U14683,MLB1d,MercadoLibre Inc,CBOE_EUROPE,0001099590,ENRICHED_SEC_READY,2160,assets|capex|eps_basic|eps_diluted|equity|liabilities|net_income|operating_cash_flow|revenue,943,1217,2026-08-06,2026-06-30,NORMALIZED_READY,,
U14783,MTEd,Micron Technology Inc,CBOE_EUROPE,0000723125,ENRICHED_SEC_READY,2048,assets|capex|eps_basic|eps_diluted|equity|liabilities|net_income|operating_cash_flow|revenue,721,1327,2026-06-25,2026-05-28,NORMALIZED_READY,,
U15035,NTHd,Northrop Grumman Corp,CBOE_EUROPE,0001133421,ENRICHED_SEC_READY,2107,assets|capex|eps_basic|eps_diluted|equity|liabilities|net_income|operating_cash_flow|revenue,835,1272,2026-07-21,2026-06-30,NORMALIZED_READY,,
U15048,NVDd,NVIDIA Corp,CBOE_EUROPE,0001045810,ENRICHED_SEC_READY,1886,assets|capex|eps_basic|eps_diluted|equity|liabilities|net_income|operating_cash_flow|revenue,697,1189,2026-08-26,2026-07-26,NORMALIZED_READY,,
U15116,ONKd,ONEOK Inc,CBOE_EUROPE,0001039684,ENRICHED_SEC_READY,2141,assets|capex|eps_basic|eps_diluted|equity|net_income|operating_cash_flow|revenue,712,1429,2026-08-04,2026-06-30,NORMALIZED_PARTIAL,liabilities,concept_missing
U15121,OPCd,Occidental Petroleum Corp,CBOE_EUROPE,0000797468,ENRICHED_SEC_READY,1780,assets|capex|eps_basic|eps_diluted|equity|net_income|operating_cash_flow|revenue,478,1302,2026-08-05,2026-06-30,NORMALIZED_PARTIAL,liabilities,concept_missing
U15165,OYCd,Delta Air Lines Inc,CBOE_EUROPE,0000027904,ENRICHED_SEC_READY,1751,assets|eps_basic|eps_diluted|equity|net_income|operating_cash_flow|revenue,649,1102,2026-07-10,2026-06-30,NORMALIZED_PARTIAL,capex|liabilities,concept_missing
U15213,PARd,Parker-Hannifin Corp,CBOE_EUROPE,0000076334,ENRICHED_SEC_READY,2143,assets|capex|eps_basic|eps_diluted|equity|liabilities|net_income|operating_cash_flow|revenue,781,1362,2026-08-21,2026-06-30,NORMALIZED_READY,,
U15236,PCE1d,Booking Holdings Inc,CBOE_EUROPE,0001075531,ENRICHED_SEC_READY,1718,assets|capex|eps_basic|eps_diluted|equity|liabilities|net_income|operating_cash_flow|revenue,666,1052,2026-08-04,2026-06-30,NORMALIZED_READY,,
U15263,PEPd,PepsiCo Inc,CBOE_EUROPE,0000077476,ENRICHED_SEC_READY,1718,assets|eps_basic|eps_diluted|equity|liabilities|net_income|operating_cash_flow|revenue,469,1249,2026-07-09,2026-06-13,NORMALIZED_PARTIAL,capex,concept_missing
U15336,PLUNd,Plug Power Inc,CBOE_EUROPE,0001093691,ENRICHED_SEC_READY,1534,assets|capex|eps_basic|eps_diluted|equity|liabilities|net_income|operating_cash_flow|revenue,531,1003,2026-08-10,2026-06-30,NORMALIZED_READY,,
U16135,SNl,Smith & Nephew PLC,CBOE_EUROPE,0000845982,ENRICHED_SEC_READY,0,,0,0,,,NO_NORMALIZABLE_FACTS,assets|capex|eps_basic|eps_diluted|equity|liabilities|net_income|operating_cash_flow|revenue,taxonomy_missing
U16427,SUNBl,Sunbelt Rentals Holdings Inc,CBOE_EUROPE,0002083785,ENRICHED_SEC_READY,58,assets|eps_basic|eps_diluted|equity|liabilities|net_income|operating_cash_flow|revenue,26,32,2026-06-23,2026-04-30,NORMALIZED_PARTIAL,capex,concept_missing
U16474,SWNd,Southwest Airlines Co,CBOE_EUROPE,0000092380,ENRICHED_SEC_READY,1999,assets|capex|eps_basic|eps_diluted|equity|net_income|operating_cash_flow|revenue,725,1274,2026-07-23,2026-06-30,NORMALIZED_PARTIAL,liabilities,concept_missing
U16555,SYPd,Synopsys Inc,CBOE_EUROPE,0000883241,ENRICHED_SEC_READY,1806,assets|capex|eps_basic|eps_diluted|equity|liabilities|net_income|operating_cash_flow|revenue,546,1260,2026-08-26,2026-07-31,NORMALIZED_READY,,
U16707,TKEd,Take-Two Interactive Software Inc,CBOE_EUROPE,0000946581,ENRICHED_SEC_READY,1935,assets|capex|eps_basic|eps_diluted|equity|liabilities|net_income|operating_cash_flow|revenue,741,1194,2026-08-07,2026-06-30,NORMALIZED_READY,,
U16875,UAL1d,United Airlines Holdings Inc,CBOE_EUROPE,0000100517,ENRICHED_SEC_READY,1672,assets|eps_basic|eps_diluted|equity|net_income|operating_cash_flow|revenue,690,982,2026-07-16,2026-06-30,NORMALIZED_PARTIAL,capex|liabilities,concept_missing
U17156,UT8d,Uber Technologies Inc,CBOE_EUROPE,0001543151,ENRICHED_SEC_READY,868,assets|capex|eps_basic|eps_diluted|equity|liabilities|net_income|operating_cash_flow|revenue,196,672,2026-08-05,2026-06-30,NORMALIZED_READY,,
U17166,UWSd,Waste Management Inc,CBOE_EUROPE,0000823768,ENRICHED_SEC_READY,2006,assets|capex|eps_basic|eps_diluted|equity|liabilities|net_income|operating_cash_flow|revenue,751,1255,2026-07-29,2026-06-30,NORMALIZED_READY,,
U17336,VIAd,Viatris Inc,CBOE_EUROPE,0001792044,ENRICHED_SEC_READY,663,assets|capex|eps_basic|eps_diluted|equity|liabilities|net_income|operating_cash_flow|revenue,164,499,2026-08-06,2026-06-30,NORMALIZED_READY,,
U17531,WDCd,Western Digital Corp,CBOE_EUROPE,0000106040,ENRICHED_SEC_READY,1982,assets|capex|eps_basic|eps_diluted|equity|liabilities|net_income|operating_cash_flow|revenue,750,1232,2026-08-14,2026-07-03,NORMALIZED_READY,,
U17664,WMTd,Walmart Inc,CBOE_EUROPE,0000104169,ENRICHED_SEC_READY,2533,assets|capex|eps_basic|eps_diluted|equity|net_income|operating_cash_flow|revenue,891,1642,2026-08-28,2026-07-31,NORMALIZED_PARTIAL,liabilities,concept_missing
U18173,XONAd,Exxon Mobil Corp,CBOE_EUROPE,0002115436,ENRICHED_SEC_READY,32,assets|capex|eps_basic|eps_diluted|equity|liabilities|net_income|operating_cash_flow|revenue,0,32,2026-08-03,2026-06-30,NORMALIZED_READY,,
U18208,XS4d,ON Semiconductor Corp,CBOE_EUROPE,0001097864,ENRICHED_SEC_READY,2018,assets|capex|eps_basic|eps_diluted|equity|liabilities|net_income|operating_cash_flow|revenue,697,1321,2026-08-03,2026-07-03,NORMALIZED_READY,,
U18414,ZOEd,Zoetis Inc,CBOE_EUROPE,0001555280,ENRICHED_SEC_READY,1726,assets|capex|eps_basic|eps_diluted|equity|liabilities|net_income|operating_cash_flow|revenue,586,1140,2026-08-06,2026-06-30,NORMALIZED_READY,,
U18538,07G0d,Corpay Inc,CBOE_EUROPE,0001175454,ENRICHED_SEC_READY,1919,assets|capex|eps_basic|eps_diluted|equity|net_income|operating_cash_flow|revenue,742,1177,2026-08-10,2026-06-30,NORMALIZED_PARTIAL,liabilities,concept_missing
U18540,096d,HubSpot Inc,CBOE_EUROPE,0001404655,ENRICHED_SEC_READY,1148,assets|capex|eps_basic|eps_diluted|equity|liabilities|net_income|operating_cash_flow|revenue,366,782,2026-08-05,2026-06-30,NORMALIZED_READY,,
U18541,0A1Ol,Zoom Communications Inc,CBOE_EUROPE,0001585521,ENRICHED_SEC_READY,837,assets|capex|eps_basic|eps_diluted|equity|liabilities|net_income|operating_cash_flow|revenue,230,607,2026-08-26,2026-07-31,NORMALIZED_READY,,
U18547,0A3Zl,Cloudflare Inc,CBOE_EUROPE,0001477333,ENRICHED_SEC_READY,698,assets|capex|eps_basic|eps_diluted|equity|liabilities|net_income|operating_cash_flow|revenue,170,528,2026-08-06,2026-06-30,NORMALIZED_READY,,
U18549,0A60l,FuelCell Energy Inc,CBOE_EUROPE,0000886128,ENRICHED_SEC_READY,1589,assets|capex|eps_basic|eps_diluted|equity|liabilities|net_income|operating_cash_flow|revenue,453,1136,2026-09-02,2026-07-31,NORMALIZED_READY,,
U18559,0C6d,Cargurus Inc,CBOE_EUROPE,0001494259,ENRICHED_SEC_READY,1106,assets|capex|eps_basic|eps_diluted|equity|liabilities|net_income|operating_cash_flow|revenue,356,750,2026-08-06,2026-06-30,NORMALIZED_READY,,
U18577,0HAVl,Agilent Technologies Inc,CBOE_EUROPE,0001090872,ENRICHED_SEC_READY,1742,assets|capex|eps_basic|eps_diluted|equity|liabilities|net_income|operating_cash_flow|revenue,496,1246,2026-09-01,2026-07-31,NORMALIZED_READY,,
U18579,0HC3l,Alaska Air Group Inc,CBOE_EUROPE,0000766421,ENRICHED_SEC_READY,1578,assets|capex|eps_basic|eps_diluted|equity|net_income|operating_cash_flow|revenue,393,1185,2026-08-04,2026-06-30,NORMALIZED_PARTIAL,liabilities,concept_missing
U18580,0HCHl,Alexandria Real Estate Equities Inc,CBOE_EUROPE,0001035443,ENRICHED_SEC_READY,1363,assets|eps_basic|eps_diluted|equity|liabilities|net_income|operating_cash_flow,432,931,2026-08-03,2026-06-30,NORMALIZED_PARTIAL,capex|revenue,concept_missing
U18582,0HCKl,Align Technology Inc,CBOE_EUROPE,0001097149,ENRICHED_SEC_READY,1664,assets|capex|eps_basic|eps_diluted|equity|liabilities|net_income|operating_cash_flow|revenue,419,1245,2026-08-05,2026-06-30,NORMALIZED_READY,,
U18584,0HCTl,Alliant Energy Corp,CBOE_EUROPE,0000352541,ENRICHED_SEC_READY,1529,assets|capex|eps_basic|eps_diluted|equity|net_income|operating_cash_flow|revenue,545,984,2026-05-01,2026-03-31,NORMALIZED_PARTIAL,liabilities,concept_missing
U18588,0HE2l,Ameren Corp,CBOE_EUROPE,0001002910,ENRICHED_SEC_READY,1679,assets|capex|eps_basic|eps_diluted|equity|net_income|operating_cash_flow|revenue,656,1023,2026-08-03,2026-06-30,NORMALIZED_PARTIAL,liabilities,concept_missing
U18590,0HECl,American Electric Power Co Inc,CBOE_EUROPE,0000004904,ENRICHED_SEC_READY,1916,assets|capex|eps_basic|eps_diluted|equity|liabilities|net_income|operating_cash_flow|revenue,654,1262,2026-05-05,2026-03-31,NORMALIZED_READY,,
U18591,0HEWl,American Water Works Co Inc,CBOE_EUROPE,0001410636,ENRICHED_SEC_READY,1963,assets|capex|eps_basic|eps_diluted|equity|net_income|operating_cash_flow|revenue,752,1211,2026-07-29,2026-06-30,NORMALIZED_PARTIAL,liabilities,concept_missing
U18592,0HF3l,Cencora Inc,CBOE_EUROPE,0001140859,ENRICHED_SEC_READY,2060,assets|capex|eps_basic|eps_diluted|equity|net_income|operating_cash_flow|revenue,826,1234,2026-08-05,2026-06-30,NORMALIZED_PARTIAL,liabilities,concept_missing
U18593,0HF6l,Ameriprise Financial Inc,CBOE_EUROPE,0000820027,ENRICHED_SEC_READY,2009,assets|eps_basic|eps_diluted|equity|liabilities|net_income|operating_cash_flow|revenue,659,1350,2026-08-04,2026-06-30,NORMALIZED_PARTIAL,capex,concept_missing
U18598,0HG8l,Elevance Health Inc,CBOE_EUROPE,0001156039,ENRICHED_SEC_READY,2233,assets|capex|eps_basic|eps_diluted|equity|liabilities|net_income|operating_cash_flow|revenue,771,1462,2026-07-15,2026-06-30,NORMALIZED_READY,,
U18600,0HI1l,Arrow Electronics Inc,CBOE_EUROPE,0000007536,ENRICHED_SEC_READY,1996,assets|capex|eps_basic|eps_diluted|equity|net_income|operating_cash_flow|revenue,736,1260,2026-08-06,2026-07-04,NORMALIZED_PARTIAL,liabilities,concept_missing
U18602,0HIYl,Atara Biotherapeutics Inc,CBOE_EUROPE,0001604464,ENRICHED_SEC_READY,893,assets|capex|eps_basic|eps_diluted|equity|liabilities|net_income|operating_cash_flow|revenue,201,692,2026-08-12,2026-06-30,NORMALIZED_READY,,
U18603,0HJLl,AutoZone Inc,CBOE_EUROPE,0000866787,ENRICHED_SEC_READY,1880,assets|capex|eps_basic|eps_diluted|equity|net_income|operating_cash_flow|revenue,736,1144,2026-06-12,2026-05-09,NORMALIZED_PARTIAL,liabilities,concept_missing
U18605,0HJRl,Avery Dennison Corp,CBOE_EUROPE,0000008818,ENRICHED_SEC_READY,1610,assets|capex|eps_basic|eps_diluted|equity|net_income|operating_cash_flow|revenue,616,994,2026-08-04,2026-06-30,NORMALIZED_PARTIAL,liabilities,concept_missing
U18608,0HL5l,Ball Corp,CBOE_EUROPE,0000009389,ENRICHED_SEC_READY,1747,assets|capex|eps_basic|eps_diluted|equity|liabilities|net_income|operating_cash_flow|revenue,649,1098,2026-08-04,2026-06-30,NORMALIZED_READY,,
U18614,0HOXl,BXP Inc,CBOE_EUROPE,0001037540,ENRICHED_SEC_READY,2081,assets|eps_basic|eps_diluted|equity|liabilities|net_income|operating_cash_flow|revenue,803,1278,2026-08-06,2026-06-30,NORMALIZED_PARTIAL,capex,concept_missing
U18617,0HQ3l,Brown-Forman Corp,CBOE_EUROPE,0000014693,ENRICHED_SEC_READY,1560,assets|capex|eps_basic|eps_diluted|equity|liabilities|net_income|operating_cash_flow|revenue,394,1166,2026-09-02,2026-07-31,NORMALIZED_READY,,
U18618,0HQPl,CBRE Group Inc,CBOE_EUROPE,0001138118,ENRICHED_SEC_READY,2036,assets|capex|eps_basic|eps_diluted|equity|liabilities|net_income|operating_cash_flow|revenue,675,1361,2026-07-29,2026-06-30,NORMALIZED_READY,,
U18619,0HQUl,CF Industries Holdings Inc,CBOE_EUROPE,0001324404,ENRICHED_SEC_READY,1859,assets|capex|eps_basic|eps_diluted|equity|net_income|operating_cash_flow|revenue,627,1232,2026-08-06,2026-06-30,NORMALIZED_PARTIAL,liabilities,concept_missing
U18622,0HRJl,CSX Corp,CBOE_EUROPE,0000277948,ENRICHED_SEC_READY,2309,assets|capex|eps_basic|eps_diluted|equity|liabilities|net_income|operating_cash_flow|revenue,856,1453,2026-07-22,2026-06-30,NORMALIZED_READY,,
U18628,0HTGl,Cardinal Health Inc,CBOE_EUROPE,0000721371,ENRICHED_SEC_READY,1750,assets|capex|eps_basic|eps_diluted|equity|net_income|operating_cash_flow|revenue,720,1030,2026-08-11,2026-06-30,NORMALIZED_PARTIAL,liabilities,concept_missing
U18632,0HVDl,Permian Resources Corp,CBOE_EUROPE,0001658566,ENRICHED_SEC_READY,923,assets|eps_basic|eps_diluted|equity|liabilities|net_income|operating_cash_flow|revenue,221,702,2026-08-06,2026-06-30,NORMALIZED_PARTIAL,capex,concept_missing
U18633,0HVFl,CenterPoint Energy Inc,CBOE_EUROPE,0001130310,ENRICHED_SEC_READY,1811,assets|capex|eps_basic|eps_diluted|equity|net_income|operating_cash_flow|revenue,718,1093,2026-04-23,2026-03-31,NORMALIZED_PARTIAL,liabilities,concept_missing
U18634,0HW4l,Charter Communications Inc,CBOE_EUROPE,0001091667,ENRICHED_SEC_READY,1619,assets|capex|eps_basic|eps_diluted|equity|net_income|operating_cash_flow|revenue,543,1076,2026-07-24,2026-06-30,NORMALIZED_PARTIAL,liabilities,concept_missing
U18637,0HYEl,Cincinnati Financial Corp,CBOE_EUROPE,0000020286,ENRICHED_SEC_READY,1904,assets|capex|eps_basic|eps_diluted|equity|liabilities|net_income|operating_cash_flow|revenue,692,1212,2026-07-27,2026-06-30,NORMALIZED_READY,,
U18639,0HYPl,Citizens Financial Group Inc,CBOE_EUROPE,0000759944,ENRICHED_SEC_READY,1268,assets|capex|eps_basic|eps_diluted|equity|liabilities|net_income|operating_cash_flow|revenue,298,970,2026-08-03,2026-06-30,NORMALIZED_READY,,
U18642,0I2Pl,Conagra Brands Inc,CBOE_EUROPE,0000023217,ENRICHED_SEC_READY,2060,assets|capex|eps_basic|eps_diluted|equity|liabilities|net_income|operating_cash_flow|revenue,718,1342,2026-07-15,2026-05-31,NORMALIZED_READY,,
U18643,0I35l,Consolidated Edison Inc,CBOE_EUROPE,0001047862,ENRICHED_SEC_READY,1635,assets|capex|eps_basic|eps_diluted|equity|net_income|operating_cash_flow|revenue,394,1241,2026-05-07,2026-03-31,NORMALIZED_PARTIAL,liabilities,concept_missing
U18646,0I4Al,Coty Inc,CBOE_EUROPE,0001024305,ENRICHED_SEC_READY,1271,assets|eps_basic|eps_diluted|equity|liabilities|net_income|operating_cash_flow|revenue,306,965,2026-08-20,2026-06-30,NORMALIZED_PARTIAL,capex,concept_missing
U18651,0I6Ql,DTE Energy Co,CBOE_EUROPE,0000936340,ENRICHED_SEC_READY,1766,assets|eps_basic|eps_diluted|equity|net_income|operating_cash_flow|revenue,704,1062,2026-04-30,2026-03-31,NORMALIZED_PARTIAL,capex|liabilities,concept_missing
U18652,0I7El,DaVita Inc,CBOE_EUROPE,0000927066,ENRICHED_SEC_READY,1994,assets|capex|eps_basic|eps_diluted|equity|liabilities|net_income|operating_cash_flow|revenue,744,1250,2026-08-04,2026-06-30,NORMALIZED_READY,,
U18653,0I8Fl,DENTSPLY SIRONA Inc,CBOE_EUROPE,0000818479,ENRICHED_SEC_READY,2102,assets|capex|eps_basic|eps_diluted|equity|liabilities|net_income|operating_cash_flow|revenue,716,1386,2026-08-06,2026-06-30,NORMALIZED_READY,,
U18656,0IC7l,Dollar General Corp,CBOE_EUROPE,0000029534,ENRICHED_SEC_READY,1298,assets|eps_basic|eps_diluted|equity|liabilities|net_income|operating_cash_flow|revenue,476,822,2026-08-27,2026-07-31,NORMALIZED_PARTIAL,capex,concept_missing
U18657,0IC8l,Dollar Tree Inc,CBOE_EUROPE,0000935703,ENRICHED_SEC_READY,1862,assets|capex|eps_basic|eps_diluted|equity|liabilities|net_income|operating_cash_flow|revenue,616,1246,2026-08-27,2026-08-01,NORMALIZED_READY,,
U18661,0IDRl,EOG Resources Inc,CBOE_EUROPE,0000821189,ENRICHED_SEC_READY,1712,assets|eps_basic|eps_diluted|equity|net_income|operating_cash_flow|revenue,628,1084,2026-08-04,2026-06-30,NORMALIZED_PARTIAL,capex|liabilities,concept_missing
U18663,0IF3l,Eastman Chemical Co,CBOE_EUROPE,0000915389,ENRICHED_SEC_READY,2152,assets|capex|eps_basic|eps_diluted|equity|liabilities|net_income|operating_cash_flow|revenue,806,1346,2026-07-31,2026-06-30,NORMALIZED_READY,,
U18664,0IF4l,Eastman Kodak Co,CBOE_EUROPE,0000031235,ENRICHED_SEC_READY,1570,assets|capex|eps_basic|eps_diluted|equity|liabilities|net_income|operating_cash_flow|revenue,420,1150,2026-08-04,2026-06-30,NORMALIZED_READY,,
U18666,0IFJl,Edison International,CBOE_EUROPE,0000827052,ENRICHED_SEC_READY,2109,assets|capex|eps_basic|eps_diluted|equity|liabilities|net_income|operating_cash_flow|revenue,734,1375,2026-04-28,2026-03-31,NORMALIZED_READY,,
U18667,0IHPl,Entergy Corp,CBOE_EUROPE,0000065984,ENRICHED_SEC_READY,1796,assets|capex|eps_basic|eps_diluted|equity|net_income|operating_cash_flow|revenue,635,1161,2026-05-01,2026-03-31,NORMALIZED_PARTIAL,liabilities,concept_missing
U18668,0II3l,Equifax Inc,CBOE_EUROPE,0000033185,ENRICHED_SEC_READY,1854,assets|eps_basic|eps_diluted|equity|liabilities|net_income|operating_cash_flow|revenue,687,1167,2026-07-21,2026-06-30,NORMALIZED_PARTIAL,capex,concept_missing
U18671,0IIRl,Essex Property Trust Inc,CBOE_EUROPE,0000920522,ENRICHED_SEC_READY,1754,assets|eps_basic|eps_diluted|equity|liabilities|net_income|operating_cash_flow|revenue,580,1174,2026-07-30,2026-06-30,NORMALIZED_PARTIAL,capex,concept_missing
U18672,0IJ2l,Eversource Energy,CBOE_EUROPE,0000072741,ENRICHED_SEC_READY,1513,assets|capex|eps_basic|eps_diluted|equity|net_income|operating_cash_flow|revenue,592,921,2026-08-03,2026-06-30,NORMALIZED_PARTIAL,liabilities,concept_missing
U18674,0IJNl,Exelon Corp,CBOE_EUROPE,0001109357,ENRICHED_SEC_READY,1808,assets|capex|eps_basic|eps_diluted|equity|liabilities|net_income|operating_cash_flow|revenue,631,1177,2026-05-06,2026-03-31,NORMALIZED_READY,,
U18675,0IJRl,Expeditors International of Washington Inc,CBOE_EUROPE,0000746515,ENRICHED_SEC_READY,2097,assets|eps_basic|eps_diluted|equity|net_income|operating_cash_flow|revenue,757,1340,2026-08-05,2026-06-30,NORMALIZED_PARTIAL,capex|liabilities,concept_missing
U18676,0IJVl,Extra Space Storage Inc,CBOE_EUROPE,0001289490,ENRICHED_SEC_READY,1761,assets|eps_basic|eps_diluted|equity|liabilities|net_income|operating_cash_flow|revenue,595,1166,2026-07-31,2026-06-30,NORMALIZED_PARTIAL,capex,concept_missing
U18678,0IKWl,Fastenal Co,CBOE_EUROPE,0000815556,ENRICHED_SEC_READY,1860,assets|capex|eps_basic|eps_diluted|equity|net_income|operating_cash_flow|revenue,703,1157,2026-07-16,2026-06-30,NORMALIZED_PARTIAL,liabilities,concept_missing
U18681,0ILWl,Fidelity National Information Services Inc,CBOE_EUROPE,0001136893,ENRICHED_SEC_READY,1859,assets|capex|eps_basic|eps_diluted|equity|liabilities|net_income|operating_cash_flow|revenue,504,1355,2026-08-04,2026-06-30,NORMALIZED_READY,,
U18683,0IP9l,Fiserv Inc,CBOE_EUROPE,0000798354,ENRICHED_SEC_READY,1870,assets|capex|eps_basic|eps_diluted|equity|liabilities|net_income|operating_cash_flow|revenue,590,1280,2026-08-07,2026-06-30,NORMALIZED_READY,,
U18684,0IPBl,FirstEnergy Corp,CBOE_EUROPE,0001031296,ENRICHED_SEC_READY,1932,assets|eps_basic|eps_diluted|equity|liabilities|net_income|operating_cash_flow|revenue,657,1275,2026-04-28,2026-03-31,NORMALIZED_PARTIAL,capex,concept_missing
U18686,0IQEl,Flowserve Corp,CBOE_EUROPE,0000030625,ENRICHED_SEC_READY,2166,assets|eps_basic|eps_diluted|equity|liabilities|net_income|operating_cash_flow|revenue,844,1322,2026-07-29,2026-06-30,NORMALIZED_PARTIAL,capex,concept_missing
U18687,0IREl,Fortive Corp,CBOE_EUROPE,0001659166,ENRICHED_SEC_READY,1003,assets|capex|eps_basic|eps_diluted|equity|net_income|operating_cash_flow|revenue,387,616,2026-04-30,2026-04-03,NORMALIZED_PARTIAL,liabilities,concept_missing
U18688,0IRNl,Fortune Brands Innovations Inc,CBOE_EUROPE,0001519751,ENRICHED_SEC_READY,1808,assets|capex|eps_basic|eps_diluted|equity|liabilities|net_income|operating_cash_flow|revenue,640,1168,2026-08-05,2026-06-27,NORMALIZED_READY,,
U18689,0ITLl,Arthur J Gallagher & Co,CBOE_EUROPE,0000354190,ENRICHED_SEC_READY,1872,assets|capex|eps_basic|eps_diluted|equity|liabilities|net_income|operating_cash_flow|revenue,621,1251,2026-08-05,2026-06-30,NORMALIZED_READY,,
U18692,0IUCl,General Dynamics Corp,CBOE_EUROPE,0000040533,ENRICHED_SEC_READY,1467,assets|capex|eps_basic|eps_diluted|equity|net_income|operating_cash_flow|revenue,441,1026,2026-04-29,2026-04-05,NORMALIZED_PARTIAL,liabilities,concept_missing
U18693,0IUXl,Genuine Parts Co,CBOE_EUROPE,0000040987,ENRICHED_SEC_READY,1581,assets|capex|eps_basic|eps_diluted|equity|net_income|operating_cash_flow|revenue,480,1101,2026-07-21,2026-06-30,NORMALIZED_PARTIAL,liabilities,concept_missing
U18699,0J1Rl,HCA Healthcare Inc,CBOE_EUROPE,0000860730,ENRICHED_SEC_READY,1691,assets|capex|eps_basic|eps_diluted|equity|liabilities|net_income|operating_cash_flow|revenue,595,1096,2026-04-29,2026-03-31,NORMALIZED_READY,,
U18700,0J1Ul,Healthpeak Properties Inc,CBOE_EUROPE,0000765880,ENRICHED_SEC_READY,2286,assets|eps_basic|eps_diluted|equity|liabilities|net_income|operating_cash_flow|revenue,894,1392,2026-08-05,2026-06-30,NORMALIZED_PARTIAL,capex,concept_missing
U18705,0J4Gl,Helmerich & Payne Inc,CBOE_EUROPE,0000046765,ENRICHED_SEC_READY,2103,assets|capex|eps_basic|eps_diluted|equity|liabilities|net_income|operating_cash_flow|revenue,733,1370,2026-08-06,2026-06-30,NORMALIZED_READY,,
U18709,0J5Il,Hilton Worldwide Holdings Inc,CBOE_EUROPE,0001585689,ENRICHED_SEC_READY,1618,assets|capex|eps_basic|eps_diluted|equity|liabilities|net_income|operating_cash_flow|revenue,552,1066,2026-07-28,2026-06-30,NORMALIZED_READY,,
U18711,0J5Zl,Hormel Foods Corp,CBOE_EUROPE,0000048465,ENRICHED_SEC_READY,1803,assets|capex|eps_basic|eps_diluted|equity|net_income|operating_cash_flow|revenue,670,1133,2026-08-27,2026-07-26,NORMALIZED_PARTIAL,liabilities,concept_missing
U18712,0J66l,Host Hotels & Resorts Inc,CBOE_EUROPE,0001070750,ENRICHED_SEC_READY,1436,assets|capex|eps_basic|eps_diluted|equity|liabilities|net_income|operating_cash_flow|revenue,364,1072,2026-08-07,2026-06-30,NORMALIZED_READY,,
U18716,0J76l,Huntington Ingalls Industries Inc,CBOE_EUROPE,0001501585,ENRICHED_SEC_READY,1931,assets|capex|eps_basic|eps_diluted|equity|liabilities|net_income|operating_cash_flow|revenue,722,1209,2026-07-30,2026-06-30,NORMALIZED_READY,,
U18717,0J86l,IPG Photonics Corp,CBOE_EUROPE,0001111928,ENRICHED_SEC_READY,1970,assets|capex|eps_basic|eps_diluted|equity|liabilities|net_income|operating_cash_flow|revenue,730,1240,2026-08-04,2026-06-30,NORMALIZED_READY,,
U18718,0J8Pl,IDEXX Laboratories Inc,CBOE_EUROPE,0000874716,ENRICHED_SEC_READY,2045,assets|capex|eps_basic|eps_diluted|equity|liabilities|net_income|operating_cash_flow|revenue,726,1319,2026-08-04,2026-06-30,NORMALIZED_READY,,
U18720,0J9Pl,Incyte Corp,CBOE_EUROPE,0000879169,ENRICHED_SEC_READY,1492,assets|capex|eps_basic|eps_diluted|equity|liabilities|net_income|operating_cash_flow|revenue,529,963,2026-04-28,2026-03-31,NORMALIZED_READY,,
U18721,0JC3l,Intercontinental Exchange Inc,CBOE_EUROPE,0001571949,ENRICHED_SEC_READY,1628,assets|capex|eps_basic|eps_diluted|equity|liabilities|net_income|operating_cash_flow|revenue,546,1082,2026-07-30,2026-06-30,NORMALIZED_READY,,
U18723,0JDMl,IQVIA Holdings Inc,CBOE_EUROPE,0001478242,ENRICHED_SEC_READY,1505,assets|eps_basic|eps_diluted|equity|liabilities|net_income|operating_cash_flow|revenue,523,982,2026-05-05,2026-03-31,NORMALIZED_PARTIAL,capex,concept_missing
U18736,0JQRl,KeyCorp,CBOE_EUROPE,0000091576,ENRICHED_SEC_READY,1753,assets|capex|eps_basic|eps_diluted|equity|liabilities|net_income|operating_cash_flow|revenue,395,1358,2026-08-04,2026-06-30,NORMALIZED_READY,,
U18739,0JRLl,Kohl's Corp,CBOE_EUROPE,0000885639,ENRICHED_SEC_READY,1882,assets|eps_basic|eps_diluted|equity|net_income|operating_cash_flow|revenue,754,1128,2026-09-03,2026-08-01,NORMALIZED_PARTIAL,capex|liabilities,concept_missing
U18742,0JSJl,LKQ Corp,CBOE_EUROPE,0001065696,ENRICHED_SEC_READY,1621,assets|eps_basic|eps_diluted|equity|net_income|operating_cash_flow|revenue,523,1098,2026-07-30,2026-06-30,NORMALIZED_PARTIAL,capex|liabilities,concept_missing
U18743,0JT5l,Lam Research Corp,CBOE_EUROPE,0000707549,ENRICHED_SEC_READY,1445,assets|eps_basic|eps_diluted|equity|liabilities|net_income|operating_cash_flow|revenue,356,1089,2026-08-07,2026-06-28,NORMALIZED_PARTIAL,capex,concept_missing
U18745,0JU0l,Lennar Corp,CBOE_EUROPE,0000920760,ENRICHED_SEC_READY,2149,assets|capex|eps_basic|eps_diluted|equity|liabilities|net_income|operating_cash_flow|revenue,845,1304,2026-06-29,2026-05-31,NORMALIZED_READY,,
U18750,0JWCl,MGM Resorts International,CBOE_EUROPE,0000789570,ENRICHED_SEC_READY,1924,assets|capex|eps_basic|eps_diluted|equity|liabilities|net_income|operating_cash_flow|revenue,680,1244,2026-07-29,2026-06-30,NORMALIZED_READY,,
U18752,0JXDl,Macy's Inc,CBOE_EUROPE,0000794367,ENRICHED_SEC_READY,2179,assets|capex|eps_basic|eps_diluted|equity|net_income|operating_cash_flow|revenue,785,1394,2026-06-04,2026-05-02,NORMALIZED_PARTIAL,liabilities,concept_missing
U18754,0JYAl,Marathon Petroleum Corp,CBOE_EUROPE,0001510295,ENRICHED_SEC_READY,1949,assets|capex|eps_basic|eps_diluted|equity|liabilities|net_income|operating_cash_flow|revenue,713,1236,2026-08-04,2026-06-30,NORMALIZED_READY,,
U18756,0JZ0l,Martin Marietta Materials Inc,CBOE_EUROPE,0000916076,ENRICHED_SEC_READY,1894,assets|capex|eps_basic|eps_diluted|equity|liabilities|net_income|operating_cash_flow|revenue,477,1417,2026-07-30,2026-06-30,NORMALIZED_READY,,
U18757,0JZ1l,Masco Corp,CBOE_EUROPE,0000062996,ENRICHED_SEC_READY,2254,assets|capex|eps_basic|eps_diluted|equity|liabilities|net_income|operating_cash_flow|revenue,861,1393,2026-04-22,2026-03-31,NORMALIZED_READY,,
U18758,0JZHl,Mattel Inc,CBOE_EUROPE,0000063276,ENRICHED_SEC_READY,2061,assets|capex|eps_basic|eps_diluted|equity|net_income|operating_cash_flow|revenue,771,1290,2026-08-06,2026-06-30,NORMALIZED_PARTIAL,liabilities,concept_missing
U18760,0JZUl,McKesson Corp,CBOE_EUROPE,0000927653,ENRICHED_SEC_READY,2011,assets|capex|eps_basic|eps_diluted|equity|net_income|operating_cash_flow|revenue,781,1230,2026-08-05,2026-06-30,NORMALIZED_PARTIAL,liabilities,concept_missing
U18762,0K10l,Mettler-Toledo International Inc,CBOE_EUROPE,0001037646,ENRICHED_SEC_READY,2151,assets|capex|eps_basic|eps_diluted|equity|liabilities|net_income|operating_cash_flow|revenue,787,1364,2026-07-31,2026-06-30,NORMALIZED_READY,,
U18764,0K1El,Mid-America Apartment Communities Inc,CBOE_EUROPE,0000912595,ENRICHED_SEC_READY,1138,assets|eps_basic|eps_diluted|equity|liabilities|net_income|operating_cash_flow|revenue,337,801,2026-04-30,2026-03-31,NORMALIZED_PARTIAL,capex,concept_missing
U18765,0K2Fl,Mohawk Industries Inc,CBOE_EUROPE,0000851968,ENRICHED_SEC_READY,1943,assets|capex|eps_basic|eps_diluted|equity|liabilities|net_income|operating_cash_flow|revenue,701,1242,2026-07-31,2026-07-04,NORMALIZED_READY,,
U18769,0K36l,Moody's Corp,CBOE_EUROPE,0001059556,ENRICHED_SEC_READY,2182,assets|capex|eps_basic|eps_diluted|equity|liabilities|net_income|operating_cash_flow|revenue,780,1402,2026-07-23,2026-06-30,NORMALIZED_READY,,
U18771,0K3Hl,Motorola Solutions Inc,CBOE_EUROPE,0000068505,ENRICHED_SEC_READY,1978,assets|eps_basic|eps_diluted|equity|net_income|operating_cash_flow|revenue,813,1165,2026-08-05,2026-07-04,NORMALIZED_PARTIAL,capex|liabilities,concept_missing
U18772,0K4Cl,NRG Energy Inc,CBOE_EUROPE,0001013871,ENRICHED_SEC_READY,2190,assets|capex|eps_basic|eps_diluted|equity|liabilities|net_income|operating_cash_flow|revenue,819,1371,2026-08-04,2026-06-30,NORMALIZED_READY,,
U18775,0K6Fl,NetApp Inc,CBOE_EUROPE,0001002047,ENRICHED_SEC_READY,1688,assets|capex|eps_basic|eps_diluted|equity|liabilities|net_income|operating_cash_flow|revenue,532,1156,2026-09-02,2026-07-31,NORMALIZED_READY,,
U18778,0K7Jl,Newell Brands Inc,CBOE_EUROPE,0000814453,ENRICHED_SEC_READY,1607,assets|eps_basic|eps_diluted|equity|liabilities|net_income|operating_cash_flow|revenue,433,1174,2026-07-31,2026-06-30,NORMALIZED_PARTIAL,capex,concept_missing
U18783,0K87l,NiSource Inc,CBOE_EUROPE,0001111711,ENRICHED_SEC_READY,1964,assets|capex|eps_basic|eps_diluted|equity|net_income|operating_cash_flow|revenue,699,1265,2026-08-05,2026-06-30,NORMALIZED_PARTIAL,liabilities,concept_missing
U18784,0K8Ml,Norfolk Southern Corp,CBOE_EUROPE,0000702165,ENRICHED_SEC_READY,1896,assets|capex|eps_basic|eps_diluted|equity|liabilities|net_income|operating_cash_flow|revenue,683,1213,2026-07-23,2026-06-30,NORMALIZED_READY,,
U18786,0K9Ll,Nucor Corp,CBOE_EUROPE,0000073309,ENRICHED_SEC_READY,2423,assets|capex|eps_basic|eps_diluted|equity|liabilities|net_income|operating_cash_flow|revenue,950,1473,2026-08-12,2026-07-04,NORMALIZED_READY,,
U18787,0KABl,O'Reilly Automotive Inc,CBOE_EUROPE,0000898173,ENRICHED_SEC_READY,1995,assets|capex|eps_basic|eps_diluted|equity|net_income|operating_cash_flow|revenue,832,1163,2026-08-07,2026-06-30,NORMALIZED_PARTIAL,liabilities,concept_missing
U18789,0KBKl,Omnicom Group Inc,CBOE_EUROPE,0000029989,ENRICHED_SEC_READY,1997,assets|capex|eps_basic|eps_diluted|equity|net_income|operating_cash_flow|revenue,756,1241,2026-04-29,2026-03-31,NORMALIZED_PARTIAL,liabilities,concept_missing
U18792,0KEIl,PPG Industries Inc,CBOE_EUROPE,0000079879,ENRICHED_SEC_READY,2483,assets|capex|eps_basic|eps_diluted|equity|liabilities|net_income|operating_cash_flow|revenue,1009,1474,2026-04-29,2026-03-31,NORMALIZED_READY,,
U18794,0KEQl,PVH Corp,CBOE_EUROPE,0000078239,ENRICHED_SEC_READY,1574,assets|capex|eps_basic|eps_diluted|equity|net_income|operating_cash_flow|revenue,387,1187,2026-09-02,2026-08-02,NORMALIZED_PARTIAL,liabilities,concept_missing
U18795,0KETl,PACCAR Inc,CBOE_EUROPE,0000075362,ENRICHED_SEC_READY,1623,assets|capex|eps_basic|eps_diluted|equity|net_income|operating_cash_flow|revenue,524,1099,2026-07-29,2026-06-30,NORMALIZED_PARTIAL,liabilities,concept_missing
U18797,0KGEl,Paychex Inc,CBOE_EUROPE,0000723531,ENRICHED_SEC_READY,1959,assets|capex|eps_basic|eps_diluted|equity|liabilities|net_income|operating_cash_flow|revenue,723,1236,2026-07-17,2026-05-31,NORMALIZED_READY,,
U18798,0KHEl,Revvity Inc,CBOE_EUROPE,0000031791,ENRICHED_SEC_READY,2071,assets|capex|eps_basic|eps_diluted|equity|liabilities|net_income|operating_cash_flow|revenue,790,1281,2026-08-11,2026-07-05,NORMALIZED_READY,,
U18801,0KITl,Pinnacle West Capital Corp,CBOE_EUROPE,0000764622,ENRICHED_SEC_READY,1665,assets|eps_basic|eps_diluted|equity|net_income|operating_cash_flow|revenue,546,1119,2026-08-04,2026-06-30,NORMALIZED_PARTIAL,capex|liabilities,concept_missing
U18802,0KNYl,T Rowe Price Group Inc,CBOE_EUROPE,0001113169,ENRICHED_SEC_READY,1935,assets|capex|eps_basic|eps_diluted|equity|liabilities|net_income|operating_cash_flow|revenue,709,1226,2026-07-31,2026-06-30,NORMALIZED_READY,,
U18803,0KO5l,Principal Financial Group Inc,CBOE_EUROPE,0001126328,ENRICHED_SEC_READY,1961,assets|eps_basic|eps_diluted|equity|liabilities|net_income|operating_cash_flow|revenue,693,1268,2026-04-29,2026-03-31,NORMALIZED_PARTIAL,capex,concept_missing
U18805,0KODl,Prologis Inc,CBOE_EUROPE,0001045609,ENRICHED_SEC_READY,1680,assets|eps_basic|eps_diluted|equity|liabilities|net_income|operating_cash_flow|revenue,647,1033,2026-04-30,2026-03-31,NORMALIZED_PARTIAL,capex,concept_missing
U18811,0KSJl,Qorvo Inc,CBOE_EUROPE,0001604778,ENRICHED_SEC_READY,1385,assets|capex|eps_basic|eps_diluted|equity|liabilities|net_income|operating_cash_flow|revenue,522,863,2026-05-08,2026-03-28,NORMALIZED_READY,,
U18816,0KU1l,Raymond James Financial Inc,CBOE_EUROPE,0000720005,ENRICHED_SEC_READY,1708,assets|capex|eps_basic|eps_diluted|equity|liabilities|net_income|operating_cash_flow|revenue,422,1286,2026-08-05,2026-06-30,NORMALIZED_READY,,
U18817,0KUEl,Realty Income Corp,CBOE_EUROPE,0000726728,ENRICHED_SEC_READY,1397,assets|eps_basic|eps_diluted|equity|liabilities|net_income|operating_cash_flow|revenue,399,998,2026-08-06,2026-06-30,NORMALIZED_PARTIAL,capex,concept_missing
U18820,0KW1l,Republic Services Inc,CBOE_EUROPE,0001060391,ENRICHED_SEC_READY,2204,assets|capex|eps_basic|eps_diluted|equity|net_income|operating_cash_flow|revenue,721,1483,2026-08-07,2026-06-30,NORMALIZED_PARTIAL,liabilities,concept_missing
U18822,0KX0l,Riot Platforms Inc,CBOE_EUROPE,0001167419,ENRICHED_SEC_READY,1274,assets|capex|eps_basic|eps_diluted|equity|liabilities|net_income|operating_cash_flow|revenue,403,871,2026-08-10,2026-06-30,NORMALIZED_READY,,
U18825,0KXMl,Roper Technologies Inc,CBOE_EUROPE,0000882835,ENRICHED_SEC_READY,2046,assets|eps_basic|eps_diluted|equity|liabilities|net_income|operating_cash_flow|revenue,865,1181,2026-07-31,2026-06-30,NORMALIZED_PARTIAL,capex,concept_missing
U18826,0KXOl,Ross Stores Inc,CBOE_EUROPE,0000745732,ENRICHED_SEC_READY,2037,assets|capex|eps_basic|eps_diluted|equity|net_income|operating_cash_flow|revenue,736,1301,2026-09-01,2026-08-01,NORMALIZED_PARTIAL,liabilities,concept_missing
U18828,0KYZl,SBA Communications Corp,CBOE_EUROPE,0001034054,ENRICHED_SEC_READY,1904,assets|capex|eps_basic|eps_diluted|equity|net_income|operating_cash_flow|revenue,795,1109,2026-08-06,2026-06-30,NORMALIZED_PARTIAL,liabilities,concept_missing
U18830,0KZAd,Amerant Bancorp Inc,CBOE_EUROPE,0001734342,ENRICHED_SEC_READY,854,assets|capex|eps_basic|eps_diluted|equity|liabilities|net_income|operating_cash_flow,190,664,2026-07-31,2026-06-30,NORMALIZED_PARTIAL,revenue,concept_missing
U18841,0L5d,Lamb Weston Holdings Inc,CBOE_EUROPE,0001679273,ENRICHED_SEC_READY,918,assets|capex|eps_basic|eps_diluted|equity|liabilities|net_income|operating_cash_flow|revenue,312,606,2026-07-24,2026-05-31,NORMALIZED_READY,,
U18843,0L7Al,A O Smith Corp,CBOE_EUROPE,0000091142,ENRICHED_SEC_READY,1511,assets|eps_basic|eps_diluted|equity|liabilities|net_income|operating_cash_flow|revenue,558,953,2026-07-30,2026-06-30,NORMALIZED_PARTIAL,capex,concept_missing
U18848,0L9El,Stanley Black & Decker Inc,CBOE_EUROPE,0000093556,ENRICHED_SEC_READY,2168,assets|capex|eps_basic|eps_diluted|equity|net_income|operating_cash_flow|revenue,791,1377,2026-07-29,2026-07-04,NORMALIZED_PARTIAL,liabilities,concept_missing
U18853,0LC6l,Sysco Corp,CBOE_EUROPE,0000096021,ENRICHED_SEC_READY,1519,assets|eps_basic|eps_diluted|equity|net_income|operating_cash_flow|revenue,579,940,2026-08-21,2026-06-27,NORMALIZED_PARTIAL,capex|liabilities,concept_missing
U18855,0LD5l,Tapestry Inc,CBOE_EUROPE,0001116132,ENRICHED_SEC_READY,2273,assets|capex|eps_basic|eps_diluted|equity|liabilities|net_income|operating_cash_flow|revenue,896,1377,2026-08-13,2026-06-27,NORMALIZED_READY,,
U18858,0LF0l,Textron Inc,CBOE_EUROPE,0000217346,ENRICHED_SEC_READY,1765,assets|eps_basic|eps_diluted|equity|liabilities|net_income|operating_cash_flow|revenue,646,1119,2026-07-28,2026-07-04,NORMALIZED_PARTIAL,capex,concept_missing
U18859,0LHRl,Tyson Foods Inc,CBOE_EUROPE,0000100493,ENRICHED_SEC_READY,1738,assets|capex|eps_diluted|equity|net_income|operating_cash_flow|revenue,702,1036,2026-08-03,2026-06-27,NORMALIZED_PARTIAL,eps_basic|liabilities,concept_missing
U18862,0LIBl,Ulta Beauty Inc,CBOE_EUROPE,0001403568,ENRICHED_SEC_READY,1993,assets|capex|eps_basic|eps_diluted|equity|liabilities|net_income|operating_cash_flow|revenue,669,1324,2026-08-27,2026-08-01,NORMALIZED_READY,,
U18863,0LIKl,Under Armour Inc,CBOE_EUROPE,0001336917,ENRICHED_SEC_READY,2019,assets|capex|eps_basic|eps_diluted|equity|liabilities|net_income|operating_cash_flow|revenue,730,1289,2026-08-07,2026-06-30,NORMALIZED_READY,,
U18865,0LIYl,United Rentals Inc,CBOE_EUROPE,0001067701,ENRICHED_SEC_READY,1893,assets|capex|eps_basic|eps_diluted|equity|liabilities|net_income|operating_cash_flow|revenue,821,1072,2026-04-22,2026-03-31,NORMALIZED_READY,,
U18869,0LJLl,Universal Health Services Inc,CBOE_EUROPE,0000352915,ENRICHED_SEC_READY,1988,assets|capex|eps_basic|eps_diluted|equity|net_income|operating_cash_flow|revenue,744,1244,2026-08-07,2026-06-30,NORMALIZED_PARTIAL,liabilities,concept_missing
U18874,0LOZl,VeriSign Inc,CBOE_EUROPE,0001014473,ENRICHED_SEC_READY,1385,assets|capex|eps_basic|eps_diluted|equity|liabilities|net_income|operating_cash_flow|revenue,361,1024,2026-07-23,2026-06-30,NORMALIZED_READY,,
U18879,0LRKl,Vulcan Materials Co,CBOE_EUROPE,0001396009,ENRICHED_SEC_READY,2251,assets|capex|eps_basic|eps_diluted|equity|liabilities|net_income|operating_cash_flow|revenue,830,1421,2026-04-29,2026-03-31,NORMALIZED_READY,,
U18882,0LTIl,Waters Corp,CBOE_EUROPE,0001000697,ENRICHED_SEC_READY,1568,assets|eps_basic|eps_diluted|equity|liabilities|net_income|operating_cash_flow|revenue,652,916,2026-08-11,2026-07-04,NORMALIZED_PARTIAL,capex,concept_missing
U18883,0LUSl,Welltower Inc,CBOE_EUROPE,0000766704,ENRICHED_SEC_READY,1852,assets|eps_basic|eps_diluted|equity|liabilities|net_income|operating_cash_flow|revenue,620,1232,2026-04-29,2026-03-31,NORMALIZED_PARTIAL,capex,concept_missing
U18885,0LWGl,Weyerhaeuser Co,CBOE_EUROPE,0000106535,ENRICHED_SEC_READY,1761,assets|capex|eps_basic|eps_diluted|equity|liabilities|net_income|operating_cash_flow|revenue,696,1065,2026-07-31,2026-06-30,NORMALIZED_READY,,
U18886,0LWHl,Whirlpool Corp,CBOE_EUROPE,0000106640,ENRICHED_SEC_READY,2052,assets|capex|eps_basic|eps_diluted|equity|net_income|operating_cash_flow|revenue,764,1288,2026-08-04,2026-06-30,NORMALIZED_PARTIAL,liabilities,concept_missing
U18890,0M1Rl,Xcel Energy Inc,CBOE_EUROPE,0000072903,ENRICHED_SEC_READY,1870,assets|capex|eps_basic|eps_diluted|equity|net_income|operating_cash_flow|revenue,712,1158,2026-07-30,2026-06-30,NORMALIZED_PARTIAL,liabilities,concept_missing
U18895,0M5d,BILL Holdings Inc,CBOE_EUROPE,0001786352,ENRICHED_SEC_READY,735,assets|capex|eps_basic|eps_diluted|equity|liabilities|net_income|operating_cash_flow|revenue,220,515,2026-08-20,2026-06-30,NORMALIZED_READY,,
U18899,0NUd,Nutanix Inc,CBOE_EUROPE,0001618732,ENRICHED_SEC_READY,977,assets|capex|eps_basic|eps_diluted|equity|liabilities|net_income|operating_cash_flow|revenue,268,709,2026-05-29,2026-04-30,NORMALIZED_READY,,
U18900,0OALl,American International Group Inc,CBOE_EUROPE,0000005272,ENRICHED_SEC_READY,1896,assets|eps_basic|eps_diluted|equity|liabilities|net_income|operating_cash_flow|revenue,616,1280,2026-08-07,2026-06-30,NORMALIZED_PARTIAL,capex,concept_missing
U18906,0PYd,Paycom Software Inc,CBOE_EUROPE,0001590955,ENRICHED_SEC_READY,1440,assets|capex|eps_basic|eps_diluted|equity|liabilities|net_income|operating_cash_flow|revenue,489,951,2026-08-06,2026-06-30,NORMALIZED_READY,,
U18912,0Q3d,Beyond Meat Inc,CBOE_EUROPE,0001655210,ENRICHED_SEC_READY,823,assets|capex|eps_basic|eps_diluted|equity|net_income|operating_cash_flow|revenue,221,602,2026-08-06,2026-06-27,NORMALIZED_PARTIAL,liabilities,concept_missing
U18925,0QYYl,Harley-Davidson Inc,CBOE_EUROPE,0000793952,ENRICHED_SEC_READY,1882,assets|capex|eps_basic|eps_diluted|equity|net_income|operating_cash_flow|revenue,534,1348,2026-08-05,2026-06-30,NORMALIZED_PARTIAL,liabilities,concept_missing
U18952,0R18l,Best Buy Co Inc,CBOE_EUROPE,0000764478,ENRICHED_SEC_READY,2114,assets|capex|eps_basic|eps_diluted|equity|net_income|operating_cash_flow|revenue,727,1387,2026-09-04,2026-08-01,NORMALIZED_PARTIAL,liabilities,concept_missing
U18954,0R1Dl,Sangamo Therapeutics Inc,CBOE_EUROPE,0001001233,ENRICHED_SEC_READY,1365,assets|capex|eps_basic|eps_diluted|equity|liabilities|net_income|operating_cash_flow|revenue,453,912,2026-05-14,2026-03-31,NORMALIZED_READY,,
U18959,0R1Tl,Expedia Group Inc,CBOE_EUROPE,0001324424,ENRICHED_SEC_READY,1809,assets|capex|eps_basic|eps_diluted|equity|net_income|operating_cash_flow|revenue,638,1171,2026-08-06,2026-06-30,NORMALIZED_PARTIAL,liabilities,concept_missing
U18970,0R2Ml,Regeneron Pharmaceuticals Inc,CBOE_EUROPE,0000872589,ENRICHED_SEC_READY,1862,assets|eps_basic|eps_diluted|equity|liabilities|net_income|operating_cash_flow|revenue,652,1210,2026-07-30,2026-06-30,NORMALIZED_PARTIAL,capex,concept_missing
U18976,0R33l,Emerson Electric Co,CBOE_EUROPE,0000032604,ENRICHED_SEC_READY,2175,assets|capex|eps_basic|eps_diluted|equity|net_income|operating_cash_flow|revenue,937,1238,2026-08-04,2026-06-30,NORMALIZED_PARTIAL,liabilities,concept_missing
U18990,0SE0d,Sezzle Inc,CBOE_EUROPE,0001662991,ENRICHED_SEC_READY,563,assets|capex|eps_basic|eps_diluted|equity|liabilities|net_income|operating_cash_flow|revenue,107,456,2026-08-07,2026-06-30,NORMALIZED_READY,,
U18993,0SGOl,Dropbox Inc,CBOE_EUROPE,0001467623,ENRICHED_SEC_READY,830,assets|capex|eps_basic|eps_diluted|equity|liabilities|net_income|operating_cash_flow|revenue,190,640,2026-08-07,2026-06-30,NORMALIZED_READY,,
U19007,0V6d,Vistra Corp,CBOE_EUROPE,0001692819,ENRICHED_SEC_READY,1117,assets|capex|eps_basic|eps_diluted|equity|liabilities|net_income|operating_cash_flow|revenue,273,844,2026-08-10,2026-06-30,NORMALIZED_READY,,
U19023,0Y9Sl,Check Point Software Technologies Ltd,CBOE_EUROPE,0001015922,ENRICHED_SEC_READY,447,assets|capex|eps_basic|eps_diluted|equity|liabilities|net_income|operating_cash_flow|revenue,425,22,2026-03-31,2025-12-31,NORMALIZED_READY,,
U19026,0YUd,Yum China Holdings Inc,CBOE_EUROPE,0001673358,ENRICHED_SEC_READY,1234,assets|capex|eps_basic|eps_diluted|equity|liabilities|net_income|operating_cash_flow|revenue,423,811,2026-08-10,2026-06-30,NORMALIZED_READY,,
U19027,0ZCd,Zscaler Inc,CBOE_EUROPE,0001713683,ENRICHED_SEC_READY,801,assets|capex|eps_basic|eps_diluted|equity|liabilities|net_income|operating_cash_flow|revenue,216,585,2026-09-03,2026-07-31,NORMALIZED_READY,,
U19028,0ZG2d,Zillow Group Inc,CBOE_EUROPE,0001617640,ENRICHED_SEC_READY,993,assets|capex|eps_basic|eps_diluted|equity|liabilities|net_income|operating_cash_flow|revenue,241,752,2026-08-05,2026-06-30,NORMALIZED_READY,,
U19063,1170d,Arista Networks Inc,CBOE_EUROPE,0001596532,ENRICHED_SEC_READY,1425,assets|capex|eps_basic|eps_diluted|equity|liabilities|net_income|operating_cash_flow|revenue,487,938,2026-08-05,2026-06-30,NORMALIZED_READY,,
U19162,185d,Alcoa Corp,CBOE_EUROPE,0001675149,ENRICHED_SEC_READY,1235,assets|capex|eps_basic|eps_diluted|equity|liabilities|net_income|operating_cash_flow|revenue,394,841,2026-07-30,2026-06-30,NORMALIZED_READY,,
U19189,19MWm,Marvell Technology Inc,CBOE_EUROPE,0001835632,ENRICHED_SEC_READY,622,assets|capex|eps_basic|eps_diluted|equity|liabilities|net_income|operating_cash_flow|revenue,130,492,2026-08-28,2026-08-01,NORMALIZED_READY,,
U19190,19Xd,Axsome Therapeutics Inc,CBOE_EUROPE,0001579428,ENRICHED_SEC_READY,935,assets|capex|eps_basic|eps_diluted|equity|liabilities|net_income|operating_cash_flow|revenue,243,692,2026-08-10,2026-06-30,NORMALIZED_READY,,
U19232,1AMTm,American Tower Corp,CBOE_EUROPE,0001053507,ENRICHED_SEC_READY,2199,assets|capex|eps_basic|eps_diluted|equity|liabilities|net_income|operating_cash_flow|revenue,797,1402,2026-04-28,2026-03-31,NORMALIZED_READY,,
U19246,1ASTSm,AST SpaceMobile Inc,CBOE_EUROPE,0001780312,ENRICHED_SEC_READY,491,assets|capex|eps_basic|eps_diluted|equity|liabilities|net_income|operating_cash_flow|revenue,122,369,2026-08-10,2026-06-30,NORMALIZED_READY,,
U19254,1AVAVm,AeroVironment Inc,CBOE_EUROPE,0001368622,ENRICHED_SEC_READY,1228,assets|capex|eps_basic|eps_diluted|equity|operating_cash_flow|revenue,397,831,2026-06-29,2026-04-30,NORMALIZED_PARTIAL,liabilities|net_income,concept_missing
U19259,1AXONm,Axon Enterprise Inc,CBOE_EUROPE,0001069183,ENRICHED_SEC_READY,1934,assets|capex|eps_basic|eps_diluted|equity|liabilities|net_income|operating_cash_flow|revenue,688,1246,2026-08-06,2026-06-30,NORMALIZED_READY,,
U19264,1B8d,Ondas Inc,CBOE_EUROPE,0001646188,ENRICHED_SEC_READY,857,assets|capex|eps_basic|eps_diluted|equity|liabilities|net_income|operating_cash_flow|revenue,159,698,2026-08-13,2026-06-30,NORMALIZED_READY,,
U19267,1BAHm,Booz Allen Hamilton Holding Corp,CBOE_EUROPE,0001443646,ENRICHED_SEC_READY,1641,assets|capex|eps_basic|eps_diluted|equity|liabilities|net_income|operating_cash_flow|revenue,595,1046,2026-07-24,2026-06-30,NORMALIZED_READY,,
U19279,1BIIBm,Biogen Inc,CBOE_EUROPE,0000875045,ENRICHED_SEC_READY,2181,assets|capex|eps_basic|eps_diluted|equity|liabilities|net_income|operating_cash_flow|revenue,832,1349,2026-04-29,2026-03-31,NORMALIZED_READY,,
U19284,1BLDRm,Builders FirstSource Inc,CBOE_EUROPE,0001316835,ENRICHED_SEC_READY,1770,assets|capex|eps_basic|eps_diluted|equity|liabilities|net_income|operating_cash_flow|revenue,622,1148,2026-07-30,2026-06-30,NORMALIZED_READY,,
U19286,1BMRNm,BioMarin Pharmaceutical Inc,CBOE_EUROPE,0001048477,ENRICHED_SEC_READY,1536,assets|capex|eps_basic|eps_diluted|equity|liabilities|net_income|operating_cash_flow|revenue,386,1150,2026-08-06,2026-06-30,NORMALIZED_READY,,
U19296,1BROm,Brown & Brown Inc,CBOE_EUROPE,0000079282,ENRICHED_SEC_READY,2074,assets|capex|eps_basic|eps_diluted|equity|liabilities|net_income|operating_cash_flow|revenue,705,1369,2026-07-27,2026-06-30,NORMALIZED_READY,,
U19303,1C3m,C3.ai Inc,CBOE_EUROPE,0001577526,ENRICHED_SEC_READY,540,assets|capex|eps_basic|eps_diluted|equity|liabilities|net_income|operating_cash_flow|revenue,138,402,2026-06-24,2026-04-30,NORMALIZED_READY,,
U19308,1CARRm,Carrier Global Corp,CBOE_EUROPE,0001783180,ENRICHED_SEC_READY,598,assets|eps_basic|eps_diluted|equity|liabilities|net_income|operating_cash_flow|revenue,158,440,2026-04-30,2026-03-31,NORMALIZED_PARTIAL,capex,concept_missing
U19313,1CDEm,Coeur Mining Inc,CBOE_EUROPE,0000215466,ENRICHED_SEC_READY,1754,assets|eps_basic|eps_diluted|equity|net_income|operating_cash_flow|revenue,582,1172,2026-08-05,2026-06-30,NORMALIZED_PARTIAL,capex|liabilities,concept_missing
U19316,1CEGm,Constellation Energy Corp,CBOE_EUROPE,0001868275,ENRICHED_SEC_READY,545,assets|capex|eps_basic|eps_diluted|equity|liabilities|net_income|operating_cash_flow|revenue,123,422,2026-08-06,2026-06-30,NORMALIZED_READY,,
U19336,1CPRTm,Copart Inc,CBOE_EUROPE,0000900075,ENRICHED_SEC_READY,1763,assets|capex|eps_basic|eps_diluted|equity|liabilities|net_income|operating_cash_flow|revenue,672,1091,2026-05-29,2026-04-30,NORMALIZED_READY,,
U19338,1CROXm,Crocs Inc,CBOE_EUROPE,0001334036,ENRICHED_SEC_READY,1898,assets|capex|eps_basic|eps_diluted|equity|liabilities|net_income|operating_cash_flow|revenue,761,1137,2026-07-30,2026-06-30,NORMALIZED_READY,,
U19339,1CRWDm,Crowdstrike Holdings Inc,CBOE_EUROPE,0001535527,ENRICHED_SEC_READY,651,assets|capex|eps_basic|eps_diluted|equity|liabilities|net_income|operating_cash_flow,145,506,2026-08-27,2026-07-31,NORMALIZED_PARTIAL,revenue,concept_missing
U19342,1CSGPm,CoStar Group Inc,CBOE_EUROPE,0001057352,ENRICHED_SEC_READY,1635,assets|capex|eps_basic|eps_diluted|equity|liabilities|net_income|operating_cash_flow|revenue,492,1143,2026-07-29,2026-06-30,NORMALIZED_READY,,
U19344,1CVNAm,Carvana Co,CBOE_EUROPE,0001690820,ENRICHED_SEC_READY,915,assets|capex|eps_basic|eps_diluted|equity|liabilities|net_income|operating_cash_flow|revenue,279,636,2026-07-29,2026-06-30,NORMALIZED_READY,,
U19347,1CYTHm,Lumen Technologies Inc,CBOE_EUROPE,0000018926,ENRICHED_SEC_READY,1659,assets|capex|eps_basic|eps_diluted|equity|net_income|operating_cash_flow|revenue,618,1041,2026-08-04,2026-06-30,NORMALIZED_PARTIAL,liabilities,concept_missing
U19350,1DASHm,DoorDash Inc,CBOE_EUROPE,0001792789,ENRICHED_SEC_READY,664,assets|capex|eps_basic|eps_diluted|equity|liabilities|net_income|operating_cash_flow|revenue,176,488,2026-08-05,2026-06-30,NORMALIZED_READY,,
U19353,1DECKm,Deckers Outdoor Corp,CBOE_EUROPE,0000910521,ENRICHED_SEC_READY,1679,assets|capex|eps_basic|eps_diluted|equity|net_income|operating_cash_flow|revenue,652,1027,2026-07-30,2026-06-30,NORMALIZED_PARTIAL,liabilities,concept_missing
U19366,1DPZm,Domino's Pizza Inc,CBOE_EUROPE,0001286681,ENRICHED_SEC_READY,1593,assets|capex|eps_basic|eps_diluted|equity|liabilities|net_income|operating_cash_flow|revenue,621,972,2026-07-20,2026-06-14,NORMALIZED_READY,,
U19374,1DXCMm,Dexcom Inc,CBOE_EUROPE,0001093557,ENRICHED_SEC_READY,1549,assets|capex|eps_basic|eps_diluted|equity|liabilities|net_income|operating_cash_flow|revenue,522,1027,2026-07-30,2026-06-30,NORMALIZED_READY,,
U19390,1EMEm,EMCOR Group Inc,CBOE_EUROPE,0000105634,ENRICHED_SEC_READY,2011,assets|eps_basic|eps_diluted|equity|liabilities|net_income|operating_cash_flow|revenue,693,1318,2026-07-30,2026-06-30,NORMALIZED_PARTIAL,capex,concept_missing
U19394,1ENPHm,Enphase Energy Inc,CBOE_EUROPE,0001463101,ENRICHED_SEC_READY,1213,assets|capex|eps_basic|eps_diluted|equity|liabilities|net_income|operating_cash_flow|revenue,435,778,2026-04-28,2026-03-31,NORMALIZED_READY,,
U19396,1ENVXm,Enovix Corp,CBOE_EUROPE,0001828318,ENRICHED_SEC_READY,577,assets|capex|eps_basic|eps_diluted|equity|liabilities|net_income|operating_cash_flow|revenue,130,447,2026-08-12,2026-07-05,NORMALIZED_READY,,
U19398,1EPAMm,EPAM Systems Inc,CBOE_EUROPE,0001352010,ENRICHED_SEC_READY,1894,assets|capex|eps_basic|eps_diluted|equity|liabilities|net_income|operating_cash_flow|revenue,662,1232,2026-08-06,2026-06-30,NORMALIZED_READY,,
U19406,1ETSYm,Etsy Inc,CBOE_EUROPE,0001370637,ENRICHED_SEC_READY,1173,assets|capex|eps_basic|eps_diluted|equity|liabilities|net_income|operating_cash_flow|revenue,283,890,2026-08-05,2026-06-30,NORMALIZED_READY,,
U19419,1FAd,Sprouts Farmers Market Inc,CBOE_EUROPE,0001575515,ENRICHED_SEC_READY,1345,assets|capex|eps_basic|eps_diluted|equity|liabilities|net_income|operating_cash_flow|revenue,375,970,2026-07-29,2026-06-28,NORMALIZED_READY,,
U19424,1FICOm,Fair Isaac Corp,CBOE_EUROPE,0000814547,ENRICHED_SEC_READY,1856,assets|capex|eps_basic|eps_diluted|equity|liabilities|net_income|operating_cash_flow|revenue,682,1174,2026-07-29,2026-06-30,NORMALIZED_READY,,
U19426,1FIXm,Comfort Systems USA Inc,CBOE_EUROPE,0001035983,ENRICHED_SEC_READY,1876,assets|capex|eps_basic|eps_diluted|equity|liabilities|net_income|operating_cash_flow|revenue,661,1215,2026-07-23,2026-06-30,NORMALIZED_READY,,
U19436,1FTNTm,Fortinet Inc,CBOE_EUROPE,0001262039,ENRICHED_SEC_READY,1514,assets|capex|eps_basic|eps_diluted|equity|liabilities|net_income|operating_cash_flow|revenue,355,1159,2026-07-30,2026-06-30,NORMALIZED_READY,,
U19444,1GEHCm,GE HealthCare Technologies Inc,CBOE_EUROPE,0001932393,ENRICHED_SEC_READY,326,assets|capex|eps_basic|eps_diluted|equity|liabilities|net_income|operating_cash_flow|revenue,66,260,2026-04-29,2026-03-31,NORMALIZED_READY,,
U19446,1GEVm,GE Vernova Inc,CBOE_EUROPE,0001996810,ENRICHED_SEC_READY,256,assets|eps_basic|eps_diluted|equity|liabilities|net_income|operating_cash_flow|revenue,50,206,2026-07-22,2026-06-30,NORMALIZED_PARTIAL,capex,concept_missing
U19457,1GQd,Liberty All-Star Equity Fund,CBOE_EUROPE,0000799195,ENRICHED_SEC_READY,0,,0,0,,,NO_NORMALIZABLE_FACTS,assets|capex|eps_basic|eps_diluted|equity|liabilities|net_income|operating_cash_flow|revenue,taxonomy_missing
U19481,1HLm,Hecla Mining Co,CBOE_EUROPE,0000719413,ENRICHED_SEC_READY,1571,assets|capex|eps_basic|eps_diluted|equity|liabilities|net_income|operating_cash_flow|revenue,397,1174,2026-08-04,2026-06-30,NORMALIZED_READY,,
U19497,1HUTm,Hut 8 Corp,CBOE_EUROPE,0001964789,ENRICHED_SEC_READY,344,assets|eps_basic|eps_diluted|equity|liabilities|net_income|operating_cash_flow|revenue,100,244,2026-08-04,2026-06-30,NORMALIZED_PARTIAL,capex,concept_missing
U19498,1HWMm,Howmet Aerospace Inc,CBOE_EUROPE,0000004281,ENRICHED_SEC_READY,2052,assets|capex|eps_basic|eps_diluted|equity|liabilities|net_income|operating_cash_flow|revenue,705,1347,2026-08-06,2026-06-30,NORMALIZED_READY,,
U19502,1IBKRm,Interactive Brokers Group Inc,CBOE_EUROPE,0001381197,ENRICHED_SEC_READY,1554,assets|eps_basic|eps_diluted|equity|liabilities|net_income|operating_cash_flow|revenue,407,1147,2026-08-06,2026-06-30,NORMALIZED_PARTIAL,capex,concept_missing
U19508,1ILMNm,Illumina Inc,CBOE_EUROPE,0001110803,ENRICHED_SEC_READY,1957,assets|capex|eps_basic|eps_diluted|equity|net_income|operating_cash_flow|revenue,690,1267,2026-07-31,2026-06-28,NORMALIZED_PARTIAL,liabilities,concept_missing
U19513,1INODm,Innodata Inc,CBOE_EUROPE,0000903651,ENRICHED_SEC_READY,1388,assets|capex|eps_basic|eps_diluted|equity|liabilities|net_income|operating_cash_flow|revenue,381,1007,2026-08-06,2026-06-30,NORMALIZED_READY,,
U19519,1ISRGm,Intuitive Surgical Inc,CBOE_EUROPE,0001035267,ENRICHED_SEC_READY,2043,assets|capex|eps_basic|eps_diluted|equity|liabilities|net_income|operating_cash_flow|revenue,793,1250,2026-07-21,2026-06-30,NORMALIZED_READY,,
U19522,1JBLm,Jabil Inc,CBOE_EUROPE,0000898293,ENRICHED_SEC_READY,1717,assets|capex|eps_basic|eps_diluted|equity|liabilities|net_income|operating_cash_flow|revenue,421,1296,2026-06-30,2026-05-31,NORMALIZED_READY,,
U19531,1KDPm,Keurig Dr Pepper Inc,CBOE_EUROPE,0001418135,ENRICHED_SEC_READY,2164,assets|capex|eps_basic|eps_diluted|equity|liabilities|net_income|operating_cash_flow|revenue,756,1408,2026-08-10,2026-06-30,NORMALIZED_READY,,
U19535,1KFd,Pimco Dynamic Income Fund,CBOE_EUROPE,0001510599,ENRICHED_SEC_READY,0,,0,0,,,NO_NORMALIZABLE_FACTS,assets|capex|eps_basic|eps_diluted|equity|liabilities|net_income|operating_cash_flow|revenue,concept_missing
U19552,1LCIDm,Lucid Group Inc,CBOE_EUROPE,0001811210,ENRICHED_SEC_READY,578,assets|capex|eps_basic|eps_diluted|equity|liabilities|net_income|operating_cash_flow|revenue,145,433,2026-08-04,2026-06-30,NORMALIZED_READY,,
U19553,1LDOSm,Leidos Holdings Inc,CBOE_EUROPE,0001336920,ENRICHED_SEC_READY,1844,assets|capex|eps_basic|eps_diluted|equity|liabilities|net_income|operating_cash_flow|revenue,629,1215,2026-08-04,2026-07-03,NORMALIZED_READY,,
U19559,1LITEm,Lumentum Holdings Inc,CBOE_EUROPE,0001633978,ENRICHED_SEC_READY,1412,assets|capex|eps_basic|eps_diluted|equity|liabilities|net_income|operating_cash_flow|revenue,561,851,2026-08-17,2026-06-27,NORMALIZED_READY,,
U19561,1LNGm,Cheniere Energy Inc,CBOE_EUROPE,0000003570,ENRICHED_SEC_READY,1730,assets|capex|eps_basic|eps_diluted|equity|liabilities|net_income|operating_cash_flow|revenue,556,1174,2026-08-06,2026-06-30,NORMALIZED_READY,,
U19581,1MDBm,MongoDB Inc,CBOE_EUROPE,0001441816,ENRICHED_SEC_READY,840,assets|capex|eps_basic|eps_diluted|equity|liabilities|net_income|operating_cash_flow|revenue,204,636,2026-09-01,2026-07-31,NORMALIZED_READY,,
U19591,1MPWRm,Monolithic Power Systems Inc,CBOE_EUROPE,0001280452,ENRICHED_SEC_READY,1803,assets|capex|eps_basic|eps_diluted|equity|liabilities|net_income|operating_cash_flow|revenue,640,1163,2026-08-05,2026-06-30,NORMALIZED_READY,,
U19592,1MPm,MP Materials Corp,CBOE_EUROPE,0001801368,ENRICHED_SEC_READY,643,assets|capex|eps_basic|eps_diluted|equity|liabilities|net_income|operating_cash_flow|revenue,149,494,2026-08-07,2026-06-30,NORMALIZED_READY,,
U19608,1NBIXm,Neurocrine Biosciences Inc,CBOE_EUROPE,0000914475,ENRICHED_SEC_READY,1623,assets|capex|eps_basic|eps_diluted|equity|liabilities|net_income|operating_cash_flow|revenue,608,1015,2026-07-31,2026-06-30,NORMALIZED_READY,,
U19633,1OGNm,Organon & Co,CBOE_EUROPE,0001821825,ENRICHED_SEC_READY,565,assets|capex|eps_basic|eps_diluted|equity|liabilities|net_income|operating_cash_flow|revenue,143,422,2026-07-31,2026-06-30,NORMALIZED_READY,,
U19656,1PLLm,Planet Labs PBC,CBOE_EUROPE,0001836833,ENRICHED_SEC_READY,585,assets|capex|eps_basic|eps_diluted|equity|liabilities|net_income|operating_cash_flow|revenue,130,455,2026-09-03,2026-07-31,NORMALIZED_READY,,
U19665,1PSTGm,Everpure Inc,CBOE_EUROPE,0001474432,ENRICHED_SEC_READY,925,assets|capex|eps_basic|eps_diluted|equity|liabilities|net_income|operating_cash_flow|revenue,229,696,2026-09-04,2026-08-02,NORMALIZED_READY,,
U19672,1QBTSm,D-Wave Quantum Inc,CBOE_EUROPE,0001907982,ENRICHED_SEC_READY,568,assets|capex|eps_basic|eps_diluted|equity|liabilities|net_income|operating_cash_flow|revenue,111,457,2026-08-06,2026-06-30,NORMALIZED_READY,,
U19679,1RDDTm,Reddit Inc,CBOE_EUROPE,0001713445,ENRICHED_SEC_READY,282,assets|capex|eps_basic|eps_diluted|equity|liabilities|net_income|operating_cash_flow|revenue,52,230,2026-07-31,2026-06-30,NORMALIZED_READY,,
U19685,1RKLBm,Rocket Lab Corp,CBOE_EUROPE,0001819994,ENRICHED_SEC_READY,580,assets|capex|eps_basic|eps_diluted|equity|liabilities|net_income|operating_cash_flow|revenue,129,451,2026-08-10,2026-06-30,NORMALIZED_READY,,
U19686,1RMBSm,Rambus Inc,CBOE_EUROPE,0000917273,ENRICHED_SEC_READY,1502,assets|capex|eps_basic|eps_diluted|equity|liabilities|net_income|operating_cash_flow|revenue,520,982,2026-04-28,2026-03-31,NORMALIZED_READY,,
U19688,1ROKUm,Roku Inc,CBOE_EUROPE,0001428439,ENRICHED_SEC_READY,967,assets|capex|eps_basic|eps_diluted|equity|liabilities|net_income|operating_cash_flow|revenue,309,658,2026-08-06,2026-06-30,NORMALIZED_READY,,
U19734,1SOFIm,SoFi Technologies Inc,CBOE_EUROPE,0001818874,ENRICHED_SEC_READY,538,assets|eps_basic|eps_diluted|equity|liabilities|net_income|operating_cash_flow|revenue,127,411,2026-08-06,2026-06-30,NORMALIZED_PARTIAL,capex,concept_missing
U19742,1SRPTm,Sarepta Therapeutics Inc,CBOE_EUROPE,0000873303,ENRICHED_SEC_READY,1609,assets|capex|eps_basic|eps_diluted|equity|liabilities|net_income|operating_cash_flow|revenue,544,1065,2026-08-05,2026-06-30,NORMALIZED_READY,,
U19752,1SWKSm,Skyworks Solutions Inc,CBOE_EUROPE,0000004127,ENRICHED_SEC_READY,1985,assets|capex|eps_basic|eps_diluted|equity|liabilities|net_income|operating_cash_flow|revenue,694,1291,2026-07-28,2026-07-03,NORMALIZED_READY,,
U19770,1TEMm,Tempus AI Inc,CBOE_EUROPE,0001717115,ENRICHED_SEC_READY,242,assets|capex|eps_basic|eps_diluted|equity|liabilities|net_income|operating_cash_flow|revenue,52,190,2026-07-30,2026-06-30,NORMALIZED_READY,,
U19778,1TMDXm,TransMedics Group Inc,CBOE_EUROPE,0001756262,ENRICHED_SEC_READY,865,assets|capex|eps_basic|eps_diluted|equity|liabilities|net_income|operating_cash_flow|revenue,191,674,2026-08-04,2026-06-30,NORMALIZED_READY,,
U19785,1TRMBm,Trimble Inc,CBOE_EUROPE,0000864749,ENRICHED_SEC_READY,2032,assets|capex|eps_basic|eps_diluted|equity|liabilities|net_income|operating_cash_flow|revenue,743,1289,2026-08-12,2026-07-03,NORMALIZED_READY,,
U19801,1UC0d,Cue Biopharma Inc,CBOE_EUROPE,0001645460,ENRICHED_SEC_READY,715,assets|capex|eps_basic|eps_diluted|equity|liabilities|net_income|operating_cash_flow|revenue,135,580,2026-08-14,2026-06-30,NORMALIZED_READY,,
U19805,1UNPm,Union Pacific Corp,CBOE_EUROPE,0000100885,ENRICHED_SEC_READY,2245,assets|capex|eps_basic|eps_diluted|equity|liabilities|net_income|operating_cash_flow|revenue,827,1418,2026-07-23,2026-06-30,NORMALIZED_READY,,
U19807,1UPSTm,Upstart Holdings Inc,CBOE_EUROPE,0001647639,ENRICHED_SEC_READY,654,assets|capex|eps_basic|eps_diluted|equity|liabilities|net_income|operating_cash_flow|revenue,138,516,2026-08-04,2026-06-30,NORMALIZED_READY,,
U19814,1VEEVm,Veeva Systems Inc,CBOE_EUROPE,0001393052,ENRICHED_SEC_READY,1506,assets|capex|eps_basic|eps_diluted|equity|liabilities|net_income|operating_cash_flow|revenue,539,967,2026-08-27,2026-07-31,NORMALIZED_READY,,
U19821,1VKTXm,Viking Therapeutics Inc,CBOE_EUROPE,0001607678,ENRICHED_SEC_READY,865,assets|eps_basic|eps_diluted|equity|liabilities|net_income|operating_cash_flow|revenue,193,672,2026-07-29,2026-06-30,NORMALIZED_PARTIAL,capex,concept_missing
U19831,1VRTm,Vertiv Holdings Co,CBOE_EUROPE,0001674101,ENRICHED_SEC_READY,937,assets|capex|eps_basic|eps_diluted|equity|liabilities|net_income|operating_cash_flow|revenue,286,651,2026-07-29,2026-06-30,NORMALIZED_READY,,
U19931,26CAd,ImmunityBio Inc,CBOE_EUROPE,0001326110,ENRICHED_SEC_READY,1137,assets|capex|eps_basic|eps_diluted|equity|liabilities|net_income|operating_cash_flow|revenue,351,786,2026-08-04,2026-06-30,NORMALIZED_READY,,
U19979,2H51d,Ocugen Inc,CBOE_EUROPE,0001372299,ENRICHED_SEC_READY,984,assets|capex|eps_basic|eps_diluted|equity|liabilities|net_income|operating_cash_flow|revenue,259,725,2026-08-06,2026-06-30,NORMALIZED_READY,,
U19991,2ONd,Peloton Interactive Inc,CBOE_EUROPE,0001639825,ENRICHED_SEC_READY,771,assets|capex|eps_basic|eps_diluted|equity|liabilities|net_income|operating_cash_flow|revenue,251,520,2026-08-06,2026-06-30,NORMALIZED_READY,,
U19993,2RJAd,Phunware Inc,CBOE_EUROPE,0001665300,ENRICHED_SEC_READY,728,assets|eps_basic|eps_diluted|equity|liabilities|net_income|operating_cash_flow|revenue,142,586,2026-08-10,2026-06-30,NORMALIZED_PARTIAL,capex,concept_missing
U20001,2X0d,Corteva Inc,CBOE_EUROPE,0001755672,ENRICHED_SEC_READY,825,assets|capex|eps_basic|eps_diluted|equity|net_income|operating_cash_flow|revenue,205,620,2026-07-31,2026-06-30,NORMALIZED_PARTIAL,liabilities,concept_missing
U20003,2XTd,DXC Technology Co,CBOE_EUROPE,0001688568,ENRICHED_SEC_READY,1063,assets|capex|eps_basic|eps_diluted|equity|liabilities|net_income|operating_cash_flow|revenue,253,810,2026-07-31,2026-06-30,NORMALIZED_READY,,
U20087,38Id,Intellia Therapeutics Inc,CBOE_EUROPE,0001652130,ENRICHED_SEC_READY,931,assets|capex|eps_basic|eps_diluted|equity|liabilities|net_income|operating_cash_flow|revenue,263,668,2026-08-06,2026-06-30,NORMALIZED_READY,,
U20125,3E7d,Evergy Inc,CBOE_EUROPE,0001711269,ENRICHED_SEC_READY,993,assets|capex|eps_basic|eps_diluted|equity|net_income|operating_cash_flow|revenue,277,716,2026-05-07,2026-03-31,NORMALIZED_PARTIAL,liabilities,concept_missing
U20161,3LNd,Live Nation Entertainment Inc,CBOE_EUROPE,0001335258,ENRICHED_SEC_READY,1694,assets|capex|eps_basic|eps_diluted|equity|net_income|operating_cash_flow|revenue,600,1094,2026-07-30,2026-06-30,NORMALIZED_PARTIAL,liabilities,concept_missing
U20188,3S9d,Sunrun Inc,CBOE_EUROPE,0001469367,ENRICHED_SEC_READY,1311,assets|capex|eps_basic|eps_diluted|equity|liabilities|net_income|operating_cash_flow|revenue,414,897,2026-08-05,2026-06-30,NORMALIZED_READY,,
U20217,3U6d,UGI Corp,CBOE_EUROPE,0000884614,ENRICHED_SEC_READY,2365,assets|capex|eps_basic|eps_diluted|equity|liabilities|net_income|operating_cash_flow|revenue,846,1519,2026-08-06,2026-06-30,NORMALIZED_READY,,
U20240,45Td,IES Holdings Inc,CBOE_EUROPE,0001048268,ENRICHED_SEC_READY,1895,assets|capex|eps_basic|eps_diluted|equity|liabilities|net_income|operating_cash_flow|revenue,753,1142,2026-07-31,2026-06-30,NORMALIZED_READY,,
U20273,4CC0d,ClearSign Technologies Corp,CBOE_EUROPE,0001434524,ENRICHED_SEC_READY,1204,assets|capex|eps_basic|eps_diluted|equity|liabilities|net_income|operating_cash_flow|revenue,391,813,2026-08-14,2026-06-30,NORMALIZED_READY,,
U20274,4CUd,Centrus Energy Corp,CBOE_EUROPE,0001065059,ENRICHED_SEC_READY,1558,assets|capex|eps_basic|eps_diluted|equity|liabilities|net_income|operating_cash_flow|revenue,472,1086,2026-08-06,2026-06-30,NORMALIZED_READY,,
U20277,4DNd,Denali Therapeutics Inc,CBOE_EUROPE,0001714899,ENRICHED_SEC_READY,897,assets|capex|eps_basic|eps_diluted|equity|liabilities|net_income|operating_cash_flow|revenue,258,639,2026-08-06,2026-06-30,NORMALIZED_READY,,
U20282,4LLd,Teladoc Health Inc,CBOE_EUROPE,0001477449,ENRICHED_SEC_READY,916,assets|capex|eps_basic|eps_diluted|equity|liabilities|net_income|operating_cash_flow|revenue,258,658,2026-07-30,2026-06-30,NORMALIZED_READY,,
U20283,4MDd,Digital Turbine Inc,CBOE_EUROPE,0000317788,ENRICHED_SEC_READY,1415,assets|capex|eps_basic|eps_diluted|equity|liabilities|net_income|operating_cash_flow|revenue,355,1060,2026-08-05,2026-06-30,NORMALIZED_READY,,
U20285,4PGd,Otis Worldwide Corp,CBOE_EUROPE,0001781335,ENRICHED_SEC_READY,707,assets|eps_basic|eps_diluted|equity|liabilities|net_income|operating_cash_flow|revenue,182,525,2026-07-23,2026-06-30,NORMALIZED_PARTIAL,capex,concept_missing
U20302,4VKd,Aon PLC,CBOE_EUROPE,0000315293,ENRICHED_SEC_READY,2007,assets|capex|eps_basic|eps_diluted|equity|liabilities|net_income|operating_cash_flow|revenue,694,1313,2026-07-29,2026-06-30,NORMALIZED_READY,,
U20356,5GHd,Guardant Health Inc,CBOE_EUROPE,0001576280,ENRICHED_SEC_READY,746,assets|capex|eps_basic|eps_diluted|equity|liabilities|net_income|operating_cash_flow|revenue,184,562,2026-07-30,2026-06-30,NORMALIZED_READY,,
U20373,5QZ0d,QuantumScape Corp,CBOE_EUROPE,0001811414,ENRICHED_SEC_READY,546,assets|capex|eps_basic|eps_diluted|equity|liabilities|net_income|operating_cash_flow,145,401,2026-07-24,2026-06-30,NORMALIZED_PARTIAL,revenue,concept_missing
U20400,63Gd,Paramount Skydance Corp,CBOE_EUROPE,0002041610,ENRICHED_SEC_READY,148,assets|capex|eps_basic|eps_diluted|equity|net_income|operating_cash_flow|revenue,34,114,2026-08-04,2026-06-30,NORMALIZED_PARTIAL,liabilities,concept_missing
U20445,6D8d,DuPont de Nemours Inc,CBOE_EUROPE,0001666700,ENRICHED_SEC_READY,981,assets|eps_basic|eps_diluted|equity|liabilities|net_income|operating_cash_flow|revenue,302,679,2026-08-04,2026-06-30,NORMALIZED_PARTIAL,capex,concept_missing
U20447,6HAd,HA Sustainable Infrastructure Capital Inc,CBOE_EUROPE,0001561894,ENRICHED_SEC_READY,1371,assets|capex|eps_basic|eps_diluted|equity|liabilities|net_income|operating_cash_flow|revenue,475,896,2026-08-07,2026-06-30,NORMALIZED_READY,,
U20497,76Wd,H2O America,CBOE_EUROPE,0000766829,ENRICHED_SEC_READY,1574,assets|eps_basic|eps_diluted|equity|net_income|operating_cash_flow|revenue,538,1036,2026-04-29,2026-03-31,NORMALIZED_PARTIAL,capex|liabilities,concept_missing
U20501,788d,Coupang Inc,CBOE_EUROPE,0001834584,ENRICHED_SEC_READY,596,assets|capex|eps_basic|eps_diluted|equity|liabilities|net_income|operating_cash_flow|revenue,130,466,2026-08-04,2026-06-30,NORMALIZED_READY,,
U20509,7B0d,SentinelOne Inc,CBOE_EUROPE,0001583708,ENRICHED_SEC_READY,560,assets|capex|eps_basic|eps_diluted|equity|liabilities|net_income|operating_cash_flow|revenue,130,430,2026-08-28,2026-07-31,NORMALIZED_READY,,
U20514,7JAd,Butterfly Network Inc,CBOE_EUROPE,0001804176,ENRICHED_SEC_READY,700,assets|capex|eps_basic|eps_diluted|equity|liabilities|net_income|operating_cash_flow|revenue,176,524,2026-07-30,2026-06-30,NORMALIZED_READY,,
U20522,7XUd,Kyndryl Holdings Inc,CBOE_EUROPE,0001867072,ENRICHED_SEC_READY,486,assets|capex|eps_basic|eps_diluted|equity|liabilities|net_income|operating_cash_flow|revenue,156,330,2026-08-05,2026-06-30,NORMALIZED_READY,,
U20525,8020d,Hillman Solutions Corp,CBOE_EUROPE,0001822492,ENRICHED_SEC_READY,601,assets|eps_basic|eps_diluted|equity|liabilities|net_income|operating_cash_flow|revenue,158,443,2026-08-04,2026-06-27,NORMALIZED_PARTIAL,capex,concept_missing
U20543,82Wd,Hims & Hers Health Inc,CBOE_EUROPE,0001773751,ENRICHED_SEC_READY,646,assets|eps_basic|eps_diluted|equity|liabilities|net_income|operating_cash_flow|revenue,132,514,2026-08-10,2026-06-30,NORMALIZED_PARTIAL,capex,concept_missing
U20570,87Pd,SharonAI Holdings Inc,CBOE_EUROPE,0002068385,ENRICHED_SEC_READY,91,assets|capex|eps_basic|eps_diluted|equity|liabilities|net_income|operating_cash_flow|revenue,19,72,2026-08-11,2026-06-30,NORMALIZED_READY,,
U20585,8LL0d,374Water Inc,CBOE_EUROPE,0000933972,ENRICHED_SEC_READY,1136,assets|capex|eps_diluted|equity|liabilities|net_income|operating_cash_flow|revenue,276,860,2026-08-14,2026-06-30,NORMALIZED_PARTIAL,eps_basic,concept_missing
U20587,8QJ0d,Marqeta Inc,CBOE_EUROPE,0001522540,ENRICHED_SEC_READY,464,assets|capex|equity|liabilities|net_income|operating_cash_flow|revenue,100,364,2026-08-04,2026-06-30,NORMALIZED_PARTIAL,eps_basic|eps_diluted,concept_missing
U20649,9MKd,Keel Infrastructure Corp,CBOE_EUROPE,0001812477,ENRICHED_SEC_READY,69,assets|eps_basic|eps_diluted|equity|liabilities|net_income|operating_cash_flow|revenue,23,46,2026-08-10,2026-06-30,NORMALIZED_PARTIAL,capex,concept_missing
U20655,9WYd,Texas Pacific Land Corp,CBOE_EUROPE,0001811074,ENRICHED_SEC_READY,641,assets|capex|eps_basic|eps_diluted|equity|liabilities|net_income|operating_cash_flow|revenue,157,484,2026-08-05,2026-06-30,NORMALIZED_READY,,
U20684,AAOIn,Applied Optoelectronics Inc,CBOE_EUROPE,0001158114,ENRICHED_SEC_READY,1644,assets|capex|eps_basic|eps_diluted|equity|liabilities|net_income|operating_cash_flow|revenue,622,1022,2026-08-06,2026-06-30,NORMALIZED_READY,,
U20728,ACADn,ACADIA Pharmaceuticals Inc,CBOE_EUROPE,0001070494,ENRICHED_SEC_READY,1421,assets|capex|eps_basic|eps_diluted|equity|liabilities|net_income|operating_cash_flow|revenue,549,872,2026-08-05,2026-06-30,NORMALIZED_READY,,
U20743,ACHCn,Acadia Healthcare Co Inc,CBOE_EUROPE,0001520697,ENRICHED_SEC_READY,1759,assets|capex|eps_basic|eps_diluted|equity|liabilities|net_income|operating_cash_flow|revenue,601,1158,2026-04-30,2026-03-31,NORMALIZED_READY,,
U20896,AGIOn,Agios Pharmaceuticals Inc,CBOE_EUROPE,0001439222,ENRICHED_SEC_READY,1227,assets|capex|eps_basic|eps_diluted|equity|liabilities|net_income|operating_cash_flow|revenue,378,849,2026-07-30,2026-06-30,NORMALIZED_READY,,
U20906,AGTd,AptarGroup Inc,CBOE_EUROPE,0000896622,ENRICHED_SEC_READY,1808,assets|capex|eps_basic|eps_diluted|equity|net_income|operating_cash_flow|revenue,638,1170,2026-07-31,2026-06-30,NORMALIZED_PARTIAL,liabilities,concept_missing
U20910,AH91d,AMC Entertainment Holdings Inc,CBOE_EUROPE,0001411579,ENRICHED_SEC_READY,1460,assets|eps_basic|eps_diluted|equity|liabilities|net_income|operating_cash_flow|revenue,483,977,2026-07-23,2026-06-30,NORMALIZED_PARTIAL,capex,concept_missing
U21131,ALLYn,Ally Financial Inc,CBOE_EUROPE,0000040729,ENRICHED_SEC_READY,2073,assets|eps_basic|eps_diluted|equity|liabilities|net_income|operating_cash_flow|revenue,814,1259,2026-07-23,2026-06-30,NORMALIZED_PARTIAL,capex,concept_missing
U21324,AMKRn,Amkor Technology Inc,CBOE_EUROPE,0001047127,ENRICHED_SEC_READY,1948,assets|capex|eps_basic|eps_diluted|equity|liabilities|net_income|operating_cash_flow|revenue,577,1371,2026-04-28,2026-03-31,NORMALIZED_READY,,
U21329,AMS1d,American Superconductor Corp,CBOE_EUROPE,0000880807,ENRICHED_SEC_READY,1740,assets|capex|eps_basic|eps_diluted|equity|liabilities|net_income|operating_cash_flow|revenue,569,1171,2026-08-05,2026-06-30,NORMALIZED_READY,,
U21561,AVAn,Avista Corp,CBOE_EUROPE,0000104918,ENRICHED_SEC_READY,1943,assets|capex|eps_basic|eps_diluted|equity|liabilities|net_income|operating_cash_flow|revenue,660,1283,2026-08-03,2026-06-30,NORMALIZED_READY,,
U21649,B72d,AtaiBeckley Inc,CBOE_EUROPE,0002081043,ENRICHED_SEC_READY,68,assets|capex|eps_basic|eps_diluted|equity|liabilities|net_income|operating_cash_flow|revenue,20,48,2026-08-11,2026-06-30,NORMALIZED_READY,,
U21697,BAXn,Baxter International Inc,CBOE_EUROPE,0000010456,ENRICHED_SEC_READY,2062,assets|eps_basic|eps_diluted|equity|liabilities|net_income|operating_cash_flow|revenue,837,1225,2026-07-30,2026-06-30,NORMALIZED_PARTIAL,capex,concept_missing
U21751,BDCn,Belden Inc,CBOE_EUROPE,0000913142,ENRICHED_SEC_READY,1700,assets|capex|eps_basic|eps_diluted|equity|net_income|operating_cash_flow|revenue,607,1093,2026-07-30,2026-06-28,NORMALIZED_PARTIAL,liabilities,concept_missing
U21792,BICd,BTCS Inc,CBOE_EUROPE,0001436229,ENRICHED_SEC_READY,1190,assets|capex|eps_basic|eps_diluted|equity|liabilities|net_income|operating_cash_flow|revenue,241,949,2026-08-19,2026-06-30,NORMALIZED_READY,,
U21852,BJn,BJ's Wholesale Club Holdings Inc,CBOE_EUROPE,0001531152,ENRICHED_SEC_READY,993,assets|capex|eps_basic|eps_diluted|equity|liabilities|net_income|operating_cash_flow|revenue,290,703,2026-08-25,2026-08-01,NORMALIZED_READY,,
U21853,BKDn,Brookdale Senior Living Inc,CBOE_EUROPE,0001332349,ENRICHED_SEC_READY,1682,assets|capex|eps_basic|eps_diluted|equity|liabilities|net_income|operating_cash_flow|revenue,560,1122,2026-08-10,2026-06-30,NORMALIZED_READY,,
U22025,BRXn,Brixmor Property Group Inc,CBOE_EUROPE,0001581068,ENRICHED_SEC_READY,1119,assets|eps_basic|eps_diluted|equity|liabilities|net_income|operating_cash_flow,371,748,2026-07-27,2026-06-30,NORMALIZED_PARTIAL,capex|revenue,concept_missing
U22058,BTJn,Atmos Energy Corp,CBOE_EUROPE,0000731802,ENRICHED_SEC_READY,1485,assets|eps_basic|eps_diluted|equity|net_income|operating_cash_flow|revenue,543,942,2026-08-05,2026-06-30,NORMALIZED_PARTIAL,capex|liabilities,concept_missing
U22148,CA8Ad,CACI International Inc,CBOE_EUROPE,0000016058,ENRICHED_SEC_READY,1870,assets|eps_basic|eps_diluted|equity|liabilities|net_income|operating_cash_flow|revenue,744,1126,2026-08-06,2026-06-30,NORMALIZED_PARTIAL,capex,concept_missing
U22158,CALn,Caleres Inc,CBOE_EUROPE,0000014707,ENRICHED_SEC_READY,1707,assets|capex|eps_basic|eps_diluted|equity|net_income|operating_cash_flow|revenue,571,1136,2026-06-09,2026-05-02,NORMALIZED_PARTIAL,liabilities,concept_missing
U22283,CDLXn,Cardlytics Inc,CBOE_EUROPE,0001666071,ENRICHED_SEC_READY,876,assets|capex|eps_basic|eps_diluted|equity|liabilities|net_income|operating_cash_flow|revenue,218,658,2026-08-05,2026-06-30,NORMALIZED_READY,,
U22325,CENXn,Century Aluminum Co,CBOE_EUROPE,0000949157,ENRICHED_SEC_READY,1646,assets|capex|eps_basic|eps_diluted|equity|liabilities|net_income|operating_cash_flow|revenue,649,997,2026-08-06,2026-06-30,NORMALIZED_READY,,
U22364,CGNXn,Cognex Corp,CBOE_EUROPE,0000851205,ENRICHED_SEC_READY,1658,assets|capex|eps_basic|eps_diluted|equity|liabilities|net_income|operating_cash_flow|revenue,502,1156,2026-08-06,2026-07-05,NORMALIZED_READY,,
U22373,CHGGn,Chegg Inc,CBOE_EUROPE,0001364954,ENRICHED_SEC_READY,1243,assets|capex|eps_basic|eps_diluted|equity|liabilities|net_income|operating_cash_flow|revenue,441,802,2026-08-06,2026-06-30,NORMALIZED_READY,,
U22432,CLBn,Core Laboratories NV,CBOE_EUROPE,0001958086,ENRICHED_SEC_READY,364,assets|capex|eps_basic|eps_diluted|equity|net_income|operating_cash_flow|revenue,81,283,2026-07-30,2026-06-30,NORMALIZED_PARTIAL,liabilities,concept_missing
U22435,CLDXn,Celldex Therapeutics Inc,CBOE_EUROPE,0000744218,ENRICHED_SEC_READY,1145,assets|capex|eps_basic|eps_diluted|equity|liabilities|net_income|operating_cash_flow|revenue,364,781,2026-08-06,2026-06-30,NORMALIZED_READY,,
U22464,CLOVRn,Clover Health Investments Corp,CBOE_EUROPE,0001801170,ENRICHED_SEC_READY,615,assets|capex|eps_basic|eps_diluted|equity|liabilities|net_income|operating_cash_flow|revenue,134,481,2026-08-07,2026-06-30,NORMALIZED_READY,,
U22515,CNKn,Cinemark Holdings Inc,CBOE_EUROPE,0001385280,ENRICHED_SEC_READY,1755,assets|capex|eps_basic|eps_diluted|equity|liabilities|net_income|operating_cash_flow|revenue,652,1103,2026-05-01,2026-03-31,NORMALIZED_READY,,
U22517,CNMDn,CONMED Corp,CBOE_EUROPE,0000816956,ENRICHED_SEC_READY,1946,assets|capex|eps_basic|eps_diluted|equity|liabilities|net_income|operating_cash_flow|revenue,734,1212,2026-07-29,2026-06-30,NORMALIZED_READY,,
U22597,COZd,Cognizant Technology Solutions Corp,CBOE_EUROPE,0001058290,ENRICHED_SEC_READY,2184,assets|capex|eps_basic|eps_diluted|equity|liabilities|net_income|operating_cash_flow|revenue,783,1401,2026-04-29,2026-03-31,NORMALIZED_READY,,
U22612,CPTn,Camden Property Trust,CBOE_EUROPE,0000906345,ENRICHED_SEC_READY,1773,assets|eps_basic|eps_diluted|equity|liabilities|net_income|operating_cash_flow|revenue,599,1174,2026-07-31,2026-06-30,NORMALIZED_PARTIAL,capex,concept_missing
U22655,CS1d,Expand Energy Corp,CBOE_EUROPE,0000895126,ENRICHED_SEC_READY,1836,assets|capex|eps_basic|eps_diluted|equity|liabilities|net_income|operating_cash_flow|revenue,526,1310,2026-04-28,2026-03-31,NORMALIZED_READY,,
U22732,CWHn,Camping World Holdings Inc,CBOE_EUROPE,0001669779,ENRICHED_SEC_READY,1005,assets|eps_basic|eps_diluted|equity|liabilities|net_income|operating_cash_flow|revenue,281,724,2026-07-31,2026-06-30,NORMALIZED_PARTIAL,capex,concept_missing
U22836,DDNd,Darden Restaurants Inc,CBOE_EUROPE,0000940944,ENRICHED_SEC_READY,1895,assets|capex|eps_basic|eps_diluted|equity|liabilities|net_income|revenue,711,1184,2026-07-24,2026-05-31,NORMALIZED_PARTIAL,operating_cash_flow,concept_missing
U23030,DOCUn,DocuSign Inc,CBOE_EUROPE,0001261333,ENRICHED_SEC_READY,806,assets|capex|eps_basic|eps_diluted|equity|liabilities|net_income|operating_cash_flow|revenue,190,616,2026-09-04,2026-07-31,NORMALIZED_READY,,
U23061,DRHn,DiamondRock Hospitality Co,CBOE_EUROPE,0001298946,ENRICHED_SEC_READY,1594,assets|eps_basic|eps_diluted|equity|liabilities|net_income|operating_cash_flow|revenue,532,1062,2026-07-30,2026-06-30,NORMALIZED_PARTIAL,capex,concept_missing
U23156,E050d,Easterly Government Properties Inc,CBOE_EUROPE,0001622194,ENRICHED_SEC_READY,1204,assets|capex|eps_basic|eps_diluted|equity|liabilities|net_income|operating_cash_flow|revenue,361,843,2026-08-03,2026-06-30,NORMALIZED_READY,,
U23170,E7Pd,Indivior Pharmaceuticals Inc,CBOE_EUROPE,0001625297,ENRICHED_SEC_READY,246,assets|capex|eps_basic|eps_diluted|equity|liabilities|net_income|operating_cash_flow|revenue,58,188,2026-08-03,2026-06-30,NORMALIZED_READY,,
U23180,EAFn,GrafTech International Ltd,CBOE_EUROPE,0000931148,ENRICHED_SEC_READY,1542,assets|capex|eps_basic|eps_diluted|equity|net_income|operating_cash_flow|revenue,391,1151,2026-07-24,2026-06-30,NORMALIZED_PARTIAL,liabilities,concept_missing
U23314,EI2d,Erie Indemnity Co,CBOE_EUROPE,0000922621,ENRICHED_SEC_READY,1262,assets|eps_diluted|equity|liabilities|net_income|operating_cash_flow|revenue,401,861,2026-07-30,2026-06-30,NORMALIZED_PARTIAL,capex|eps_basic,concept_missing
U23379,ELSn,Equity LifeStyle Properties Inc,CBOE_EUROPE,0000895417,ENRICHED_SEC_READY,2040,assets|eps_basic|eps_diluted|equity|liabilities|net_income|operating_cash_flow|revenue,728,1312,2026-04-28,2026-03-31,NORMALIZED_PARTIAL,capex,concept_missing
U23504,ENRn,Energizer Holdings Inc,CBOE_EUROPE,0001632790,ENRICHED_SEC_READY,1240,assets|capex|eps_basic|eps_diluted|equity|liabilities|net_income|operating_cash_flow|revenue,457,783,2026-08-04,2026-06-30,NORMALIZED_READY,,
U23526,EOLSn,Evolus Inc,CBOE_EUROPE,0001570562,ENRICHED_SEC_READY,809,assets|capex|eps_basic|eps_diluted|equity|liabilities|net_income|operating_cash_flow|revenue,151,658,2026-08-05,2026-06-30,NORMALIZED_READY,,
U23552,ER4d,Emergent BioSolutions Inc,CBOE_EUROPE,0001367644,ENRICHED_SEC_READY,1959,assets|capex|eps_basic|eps_diluted|equity|liabilities|net_income|operating_cash_flow|revenue,709,1250,2026-08-06,2026-06-30,NORMALIZED_READY,,
U23642,ESRTn,Empire State Realty Trust Inc,CBOE_EUROPE,0001541401,ENRICHED_SEC_READY,1351,assets|eps_basic|eps_diluted|equity|liabilities|net_income|operating_cash_flow|revenue,478,873,2026-08-06,2026-06-30,NORMALIZED_PARTIAL,capex,concept_missing
U23649,ET9d,Circle Internet Group Inc,CBOE_EUROPE,0001876042,ENRICHED_SEC_READY,165,assets|capex|eps_basic|eps_diluted|equity|liabilities|net_income|operating_cash_flow|revenue,31,134,2026-08-05,2026-06-30,NORMALIZED_READY,,
U23825,EXELn,Exelixis Inc,CBOE_EUROPE,0000939767,ENRICHED_SEC_READY,1681,assets|capex|eps_basic|eps_diluted|equity|liabilities|net_income|operating_cash_flow|revenue,618,1063,2026-08-05,2026-07-03,NORMALIZED_READY,,
U23845,EYEn,National Vision Holdings Inc,CBOE_EUROPE,0001710155,ENRICHED_SEC_READY,1053,assets|capex|eps_basic|eps_diluted|equity|net_income|operating_cash_flow|revenue,342,711,2026-08-13,2026-07-04,NORMALIZED_PARTIAL,liabilities,concept_missing
U23854,F9Qd,Eos Energy Enterprises Inc,CBOE_EUROPE,0001805077,ENRICHED_SEC_READY,623,assets|capex|eps_basic|eps_diluted|equity|liabilities|net_income|operating_cash_flow|revenue,121,502,2026-08-05,2026-06-30,NORMALIZED_READY,,
U23856,FA1d,FactSet Research Systems Inc,CBOE_EUROPE,0001013237,ENRICHED_SEC_READY,1841,assets|capex|eps_basic|eps_diluted|equity|liabilities|net_income|operating_cash_flow|revenue,602,1239,2026-07-01,2026-05-31,NORMALIZED_READY,,
U23910,FDXHv,Fedex Freight Holding Co Inc,CBOE_EUROPE,0002082247,ENRICHED_SEC_READY,21,assets|eps_basic|eps_diluted|equity|net_income|operating_cash_flow|revenue,21,0,2026-08-05,2026-05-31,NORMALIZED_PARTIAL,capex|liabilities,concept_missing
U23988,FIVEBn,Five Below Inc,CBOE_EUROPE,0001177609,ENRICHED_SEC_READY,1918,assets|capex|eps_basic|eps_diluted|equity|liabilities|net_income|operating_cash_flow|revenue,705,1213,2026-09-03,2026-08-01,NORMALIZED_READY,,
U24124,FRMIl,Fermi Inc,CBOE_EUROPE,0002071778,ENRICHED_SEC_READY,68,assets|capex|eps_basic|eps_diluted|equity|liabilities|net_income|operating_cash_flow,9,59,2026-08-14,2026-06-30,NORMALIZED_PARTIAL,revenue,concept_missing
U24141,FS5Ad,FS KKR Capital Corp,CBOE_EUROPE,0001422183,ENRICHED_SEC_READY,436,assets|eps_basic|eps_diluted|equity|liabilities|net_income|operating_cash_flow,180,256,2026-08-06,2026-06-30,NORMALIZED_PARTIAL,capex|revenue,concept_missing
U24155,FSLYRn,Fastly Inc,CBOE_EUROPE,0001517413,ENRICHED_SEC_READY,625,assets|capex|eps_basic|eps_diluted|equity|liabilities|net_income|operating_cash_flow,149,476,2026-08-05,2026-06-30,NORMALIZED_PARTIAL,revenue,concept_missing
U24233,G84d,Generac Holdings Inc,CBOE_EUROPE,0001474735,ENRICHED_SEC_READY,1939,assets|capex|eps_basic|eps_diluted|equity|liabilities|net_income|operating_cash_flow|revenue,761,1178,2026-08-04,2026-06-30,NORMALIZED_READY,,
U24288,GDDYn,GoDaddy Inc,CBOE_EUROPE,0001609711,ENRICHED_SEC_READY,923,assets|capex|eps_basic|eps_diluted|equity|net_income|operating_cash_flow|revenue,275,648,2026-07-31,2026-06-30,NORMALIZED_PARTIAL,liabilities,concept_missing
U24444,GNWn,Genworth Financial Inc,CBOE_EUROPE,0001276520,ENRICHED_SEC_READY,2343,assets|eps_basic|eps_diluted|equity|liabilities|net_income|operating_cash_flow|revenue,927,1416,2026-08-06,2026-06-30,NORMALIZED_PARTIAL,capex,concept_missing
U24457,GOGOn,Gogo Inc,CBOE_EUROPE,0001537054,ENRICHED_SEC_READY,1200,assets|capex|eps_basic|eps_diluted|equity|liabilities|net_income|operating_cash_flow|revenue,394,806,2026-08-06,2026-06-30,NORMALIZED_READY,,
U24487,GOVd,Insulet Corp,CBOE_EUROPE,0001145197,ENRICHED_SEC_READY,1718,assets|capex|eps_basic|eps_diluted|equity|liabilities|net_income|operating_cash_flow|revenue,625,1093,2026-08-05,2026-06-30,NORMALIZED_READY,,
U24496,GPROn,GoPro Inc,CBOE_EUROPE,0001500435,ENRICHED_SEC_READY,1242,assets|capex|eps_basic|eps_diluted|equity|liabilities|net_income|operating_cash_flow|revenue,291,951,2026-08-10,2026-06-30,NORMALIZED_READY,,
U24527,GRPNn,Groupon Inc,CBOE_EUROPE,0001490281,ENRICHED_SEC_READY,1840,assets|capex|eps_basic|eps_diluted|equity|liabilities|net_income|operating_cash_flow|revenue,700,1140,2026-08-06,2026-06-30,NORMALIZED_READY,,
U24652,HALOn,Halozyme Therapeutics Inc,CBOE_EUROPE,0001159036,ENRICHED_SEC_READY,1491,assets|capex|eps_basic|eps_diluted|equity|liabilities|net_income|operating_cash_flow|revenue,538,953,2026-08-06,2026-06-30,NORMALIZED_READY,,
U24678,HCCn,Warrior Met Coal Inc,CBOE_EUROPE,0001691303,ENRICHED_SEC_READY,807,assets|capex|eps_basic|eps_diluted|equity|liabilities|net_income|operating_cash_flow|revenue,269,538,2026-08-05,2026-06-30,NORMALIZED_READY,,
U24685,HCSGn,Healthcare Services Group Inc,CBOE_EUROPE,0000731012,ENRICHED_SEC_READY,1690,assets|capex|eps_basic|eps_diluted|equity|net_income|operating_cash_flow|revenue,623,1067,2026-07-24,2026-06-30,NORMALIZED_PARTIAL,liabilities,concept_missing
U24762,HGVn,Hilton Grand Vacations Inc,CBOE_EUROPE,0001674168,ENRICHED_SEC_READY,1154,assets|capex|eps_basic|eps_diluted|equity|liabilities|net_income|operating_cash_flow|revenue,331,823,2026-07-30,2026-06-30,NORMALIZED_READY,,
U24870,HQYn,HealthEquity Inc,CBOE_EUROPE,0001428336,ENRICHED_SEC_READY,1470,assets|capex|eps_basic|eps_diluted|equity|liabilities|net_income|operating_cash_flow|revenue,528,942,2026-08-27,2026-07-31,NORMALIZED_READY,,
U24898,HSOAd,Encompass Health Corp,CBOE_EUROPE,0000785161,ENRICHED_SEC_READY,2007,assets|capex|eps_basic|eps_diluted|equity|liabilities|net_income|operating_cash_flow|revenue,799,1208,2026-08-07,2026-06-30,NORMALIZED_READY,,
U24931,HUNn,Huntsman Corp,CBOE_EUROPE,0001307954,ENRICHED_SEC_READY,2214,assets|capex|eps_basic|eps_diluted|equity|liabilities|net_income|operating_cash_flow|revenue,767,1447,2026-05-01,2026-03-31,NORMALIZED_READY,,
U24953,HXLn,Hexcel Corp,CBOE_EUROPE,0000717605,ENRICHED_SEC_READY,1303,assets|capex|eps_basic|eps_diluted|equity|liabilities|net_income|operating_cash_flow|revenue,545,758,2026-07-29,2026-06-30,NORMALIZED_READY,,
U24981,I1Vd,CoreWeave Inc,CBOE_EUROPE,0001769628,ENRICHED_SEC_READY,166,assets|capex|eps_basic|eps_diluted|equity|liabilities|net_income|operating_cash_flow|revenue,26,140,2026-08-12,2026-06-30,NORMALIZED_READY,,
U24997,IARTn,Integra LifeSciences Holdings Corp,CBOE_EUROPE,0000917520,ENRICHED_SEC_READY,1865,assets|capex|eps_basic|eps_diluted|equity|liabilities|net_income|operating_cash_flow|revenue,592,1273,2026-07-29,2026-06-30,NORMALIZED_READY,,
U25032,ICFIn,ICF International Inc,CBOE_EUROPE,0001362004,ENRICHED_SEC_READY,1704,assets|eps_basic|eps_diluted|equity|liabilities|net_income|operating_cash_flow|revenue,627,1077,2026-08-06,2026-06-30,NORMALIZED_PARTIAL,capex,concept_missing
U25054,ID7d,IDEX Corp,CBOE_EUROPE,0000832101,ENRICHED_SEC_READY,2157,assets|capex|eps_basic|eps_diluted|equity|liabilities|net_income|operating_cash_flow|revenue,797,1360,2026-07-29,2026-06-30,NORMALIZED_READY,,
U25098,IFFn,International Flavors & Fragrances Inc,CBOE_EUROPE,0000051253,ENRICHED_SEC_READY,1513,assets|capex|eps_basic|eps_diluted|equity|net_income|operating_cash_flow|revenue,361,1152,2026-08-04,2026-06-30,NORMALIZED_PARTIAL,liabilities,concept_missing
U25162,ILPTn,Industrial Logistics Properties Trust,CBOE_EUROPE,0001717307,ENRICHED_SEC_READY,716,assets|eps_basic|eps_diluted|equity|liabilities|net_income|operating_cash_flow,170,546,2026-07-29,2026-06-30,NORMALIZED_PARTIAL,capex|revenue,concept_missing
U25254,INVAn,Innoviva Inc,CBOE_EUROPE,0001080014,ENRICHED_SEC_READY,1276,assets|capex|eps_basic|eps_diluted|equity|net_income|operating_cash_flow|revenue,430,846,2026-08-05,2026-06-30,NORMALIZED_PARTIAL,liabilities,concept_missing
U25255,INVHn,Invitation Homes Inc,CBOE_EUROPE,0001687229,ENRICHED_SEC_READY,1004,assets|capex|eps_basic|eps_diluted|equity|liabilities|net_income|operating_cash_flow|revenue,266,738,2026-07-30,2026-06-30,NORMALIZED_READY,,
U25262,IONSn,Ionis Pharmaceuticals Inc,CBOE_EUROPE,0000874015,ENRICHED_SEC_READY,1764,assets|capex|eps_basic|eps_diluted|equity|liabilities|net_income|operating_cash_flow|revenue,644,1120,2026-07-29,2026-06-30,NORMALIZED_READY,,
U25264,IOVAn,Iovance Biotherapeutics Inc,CBOE_EUROPE,0001425205,ENRICHED_SEC_READY,1173,assets|capex|eps_basic|eps_diluted|equity|liabilities|net_income|operating_cash_flow|revenue,370,803,2026-08-06,2026-06-30,NORMALIZED_READY,,
U25307,IRWDn,Ironwood Pharmaceuticals Inc,CBOE_EUROPE,0001446847,ENRICHED_SEC_READY,1485,assets|capex|eps_basic|eps_diluted|equity|liabilities|net_income|operating_cash_flow|revenue,617,868,2026-08-06,2026-06-30,NORMALIZED_READY,,
U25350,ITH0d,Nektar Therapeutics,CBOE_EUROPE,0000906709,ENRICHED_SEC_READY,1650,assets|capex|eps_basic|eps_diluted|equity|liabilities|net_income|operating_cash_flow|revenue,626,1024,2026-08-14,2026-06-30,NORMALIZED_READY,,
U25352,ITRIn,Itron Inc,CBOE_EUROPE,0000780571,ENRICHED_SEC_READY,2005,assets|capex|eps_basic|eps_diluted|equity|liabilities|net_income|operating_cash_flow|revenue,697,1308,2026-07-28,2026-06-30,NORMALIZED_READY,,
U25435,J4Dd,Kenvue Inc,CBOE_EUROPE,0001944048,ENRICHED_SEC_READY,400,assets|capex|eps_basic|eps_diluted|equity|liabilities|net_income|operating_cash_flow|revenue,110,290,2026-08-06,2026-06-28,NORMALIZED_READY,,
U25437,JACKn,Jack in the Box Inc,CBOE_EUROPE,0000807882,ENRICHED_SEC_READY,1821,assets|capex|eps_basic|eps_diluted|equity|net_income|operating_cash_flow|revenue,675,1146,2026-08-12,2026-07-05,NORMALIZED_PARTIAL,liabilities,concept_missing
U25449,JBLUn,JetBlue Airways Corp,CBOE_EUROPE,0001158463,ENRICHED_SEC_READY,1592,assets|eps_basic|eps_diluted|equity|net_income|operating_cash_flow|revenue,591,1001,2026-07-28,2026-06-30,NORMALIZED_PARTIAL,capex|liabilities,concept_missing
U25471,JEFn,Jefferies Financial Group Inc,CBOE_EUROPE,0000096223,ENRICHED_SEC_READY,2203,assets|capex|eps_basic|eps_diluted|equity|liabilities|net_income|operating_cash_flow|revenue,826,1377,2026-07-09,2026-05-31,NORMALIZED_READY,,
U25515,JHYd,Jack Henry & Associates Inc,CBOE_EUROPE,0000779152,ENRICHED_SEC_READY,1938,assets|capex|eps_basic|eps_diluted|equity|liabilities|net_income|operating_cash_flow|revenue,778,1160,2026-08-28,2026-06-30,NORMALIZED_READY,,
U25706,KB7d,Solventum Corp,CBOE_EUROPE,0001964738,ENRICHED_SEC_READY,262,assets|capex|eps_basic|eps_diluted|equity|liabilities|net_income|operating_cash_flow|revenue,52,210,2026-08-05,2026-06-30,NORMALIZED_READY,,
U25738,KEYSn,Keysight Technologies Inc,CBOE_EUROPE,0001601046,ENRICHED_SEC_READY,1187,assets|capex|eps_basic|eps_diluted|equity|liabilities|net_income|operating_cash_flow|revenue,275,912,2026-09-02,2026-07-31,NORMALIZED_READY,,
U25817,KPTIn,Karyopharm Therapeutics Inc,CBOE_EUROPE,0001503802,ENRICHED_SEC_READY,1065,assets|capex|eps_basic|eps_diluted|equity|liabilities|net_income|operating_cash_flow|revenue,323,742,2026-08-13,2026-06-30,NORMALIZED_READY,,
U25927,LE0d,Lemonade Inc,CBOE_EUROPE,0001691421,ENRICHED_SEC_READY,694,assets|capex|eps_basic|eps_diluted|equity|liabilities|net_income|operating_cash_flow|revenue,150,544,2026-08-04,2026-06-30,NORMALIZED_READY,,
U25977,LHVd,ExlService Holdings Inc,CBOE_EUROPE,0001297989,ENRICHED_SEC_READY,1806,assets|capex|eps_basic|eps_diluted|equity|liabilities|net_income|operating_cash_flow|revenue,656,1150,2026-04-28,2026-03-31,NORMALIZED_READY,,
U25979,LIIn,Lennox International Inc,CBOE_EUROPE,0001069202,ENRICHED_SEC_READY,2014,assets|capex|eps_basic|eps_diluted|equity|liabilities|net_income|operating_cash_flow|revenue,767,1247,2026-04-29,2026-03-31,NORMALIZED_READY,,
U26020,LNTHn,Lantheus Holdings Inc,CBOE_EUROPE,0001521036,ENRICHED_SEC_READY,1143,assets|eps_basic|eps_diluted|equity|liabilities|net_income|operating_cash_flow|revenue,374,769,2026-08-06,2026-06-30,NORMALIZED_PARTIAL,capex,concept_missing
U26045,LPXn,Louisiana-Pacific Corp,CBOE_EUROPE,0000060519,ENRICHED_SEC_READY,1675,assets|capex|eps_basic|eps_diluted|equity|liabilities|net_income|operating_cash_flow|revenue,421,1254,2026-08-05,2026-06-30,NORMALIZED_READY,,
U26101,LVSn,Las Vegas Sands Corp,CBOE_EUROPE,0001300514,ENRICHED_SEC_READY,2247,assets|capex|eps_basic|eps_diluted|equity|liabilities|net_income|operating_cash_flow|revenue,929,1318,2026-07-24,2026-06-30,NORMALIZED_READY,,
U26113,LY0d,Lyft Inc,CBOE_EUROPE,0001759509,ENRICHED_SEC_READY,859,assets|eps_basic|eps_diluted|equity|liabilities|net_income|operating_cash_flow|revenue,219,640,2026-08-07,2026-06-30,NORMALIZED_PARTIAL,capex,concept_missing
U26272,MEDPn,Medpace Holdings Inc,CBOE_EUROPE,0001668397,ENRICHED_SEC_READY,1197,assets|capex|eps_basic|eps_diluted|equity|liabilities|net_income|operating_cash_flow|revenue,372,825,2026-07-23,2026-06-30,NORMALIZED_READY,,
U26329,MHGd,Molina Healthcare Inc,CBOE_EUROPE,0001179929,ENRICHED_SEC_READY,1849,assets|capex|eps_basic|eps_diluted|equity|liabilities|net_income|operating_cash_flow|revenue,639,1210,2026-07-23,2026-06-30,NORMALIZED_READY,,
U26406,MMFd,Modine Manufacturing Co,CBOE_EUROPE,0000067347,ENRICHED_SEC_READY,1925,assets|capex|eps_basic|eps_diluted|equity|liabilities|net_income|operating_cash_flow|revenue,650,1275,2026-07-30,2026-06-30,NORMALIZED_READY,,
U26422,MNKDn,MannKind Corp,CBOE_EUROPE,0000899460,ENRICHED_SEC_READY,1541,assets|capex|eps_basic|eps_diluted|equity|liabilities|net_income|operating_cash_flow|revenue,557,984,2026-08-05,2026-06-30,NORMALIZED_READY,,
U26472,MPWn,Medical Properties Trust Inc,CBOE_EUROPE,0001287865,ENRICHED_SEC_READY,1627,assets|eps_basic|eps_diluted|equity|liabilities|net_income|operating_cash_flow|revenue,619,1008,2026-05-08,2026-03-31,NORMALIZED_PARTIAL,capex,concept_missing
U26477,MRCYn,Mercury Systems Inc,CBOE_EUROPE,0001049521,ENRICHED_SEC_READY,1741,assets|capex|eps_basic|eps_diluted|equity|liabilities|net_income|operating_cash_flow|revenue,662,1079,2026-08-18,2026-07-03,NORMALIZED_READY,,
U26526,MTDRn,Matador Resources Co,CBOE_EUROPE,0001520006,ENRICHED_SEC_READY,1404,assets|eps_basic|eps_diluted|equity|net_income|operating_cash_flow|revenue,325,1079,2026-08-07,2026-06-30,NORMALIZED_PARTIAL,capex|liabilities,concept_missing
U26529,MTGn,MGIC Investment Corp,CBOE_EUROPE,0000876437,ENRICHED_SEC_READY,1749,assets|capex|eps_basic|eps_diluted|equity|liabilities|net_income|operating_cash_flow|revenue,613,1136,2026-07-29,2026-06-30,NORMALIZED_READY,,
U26579,MWId,MarketAxess Holdings Inc,CBOE_EUROPE,0001278021,ENRICHED_SEC_READY,1666,assets|capex|eps_basic|eps_diluted|equity|liabilities|net_income|operating_cash_flow|revenue,456,1210,2026-08-07,2026-06-30,NORMALIZED_READY,,
U26667,ND1d,Nordson Corp,CBOE_EUROPE,0000072331,ENRICHED_SEC_READY,1911,assets|capex|eps_basic|eps_diluted|equity|net_income|operating_cash_flow|revenue,727,1184,2026-08-20,2026-07-31,NORMALIZED_PARTIAL,liabilities,concept_missing
U26743,NKB2d,TG Therapeutics Inc,CBOE_EUROPE,0001001316,ENRICHED_SEC_READY,1114,assets|capex|eps_basic|eps_diluted|equity|liabilities|net_income|operating_cash_flow|revenue,291,823,2026-08-05,2026-06-30,NORMALIZED_READY,,
U26838,NUSn,Nu Skin Enterprises Inc,CBOE_EUROPE,0001021561,ENRICHED_SEC_READY,1768,assets|capex|eps_basic|eps_diluted|equity|liabilities|net_income|operating_cash_flow|revenue,548,1220,2026-08-10,2026-06-30,NORMALIZED_READY,,
U26842,NVAXn,Novavax Inc,CBOE_EUROPE,0001000694,ENRICHED_SEC_READY,1224,assets|capex|eps_basic|eps_diluted|equity|liabilities|net_income|operating_cash_flow|revenue,388,836,2026-08-06,2026-06-30,NORMALIZED_READY,,
U26870,NXSTn,Nexstar Media Group Inc,CBOE_EUROPE,0001142417,ENRICHED_SEC_READY,1846,assets|capex|eps_basic|eps_diluted|equity|liabilities|net_income|operating_cash_flow|revenue,670,1176,2026-08-07,2026-06-30,NORMALIZED_READY,,
U26905,OCSLn,Oaktree Specialty Lending Corp,CBOE_EUROPE,0001414932,ENRICHED_SEC_READY,324,assets|eps_basic|eps_diluted|equity|liabilities|net_income|operating_cash_flow,76,248,2026-08-05,2026-06-30,NORMALIZED_PARTIAL,capex|revenue,concept_missing
U26922,ODFd,Old Dominion Freight Line Inc,CBOE_EUROPE,0000878927,ENRICHED_SEC_READY,1358,assets|eps_basic|eps_diluted|equity|liabilities|net_income|operating_cash_flow,457,901,2026-08-05,2026-06-30,NORMALIZED_PARTIAL,capex|revenue,concept_missing
U26935,OGLd,Golub Capital BDC Inc,CBOE_EUROPE,0001476765,ENRICHED_SEC_READY,334,assets|eps_basic|eps_diluted|equity|liabilities|net_income|operating_cash_flow,84,250,2026-08-03,2026-06-30,NORMALIZED_PARTIAL,capex|revenue,concept_missing
U26940,OHIn,Omega Healthcare Investors Inc,CBOE_EUROPE,0000888491,ENRICHED_SEC_READY,1586,assets|capex|eps_basic|eps_diluted|equity|liabilities|net_income|operating_cash_flow|revenue,565,1021,2026-07-30,2026-06-30,NORMALIZED_READY,,
U26948,OISn,Oil States International Inc,CBOE_EUROPE,0001121484,ENRICHED_SEC_READY,1910,assets|capex|eps_basic|eps_diluted|equity|liabilities|net_income|operating_cash_flow|revenue,580,1330,2026-07-30,2026-06-30,NORMALIZED_READY,,
U26961,OMFn,OneMain Holdings Inc,CBOE_EUROPE,0001584207,ENRICHED_SEC_READY,1183,assets|eps_basic|eps_diluted|equity|liabilities|net_income|operating_cash_flow,401,782,2026-05-01,2026-03-31,NORMALIZED_PARTIAL,capex|revenue,concept_missing
U26990,OPKn,OPKO Health Inc,CBOE_EUROPE,0000944809,ENRICHED_SEC_READY,1507,assets|eps_basic|eps_diluted|equity|liabilities|net_income|operating_cash_flow|revenue,597,910,2026-08-28,2026-06-30,NORMALIZED_PARTIAL,capex,concept_missing
U27027,OSURn,OraSure Technologies Inc,CBOE_EUROPE,0001116463,ENRICHED_SEC_READY,1765,assets|capex|eps_basic|eps_diluted|equity|liabilities|net_income|operating_cash_flow|revenue,610,1155,2026-08-07,2026-06-30,NORMALIZED_READY,,
U27064,PACBn,Pacific Biosciences of California Inc,CBOE_EUROPE,0001299130,ENRICHED_SEC_READY,1355,assets|capex|eps_basic|eps_diluted|equity|liabilities|net_income|operating_cash_flow|revenue,399,956,2026-08-06,2026-06-30,NORMALIZED_READY,,
U27097,PBEd,Peabody Energy Corp,CBOE_EUROPE,0001064728,ENRICHED_SEC_READY,1865,assets|capex|eps_basic|eps_diluted|equity|liabilities|net_income|operating_cash_flow|revenue,650,1215,2026-08-06,2026-06-30,NORMALIZED_READY,,
U27100,PBIn,Pitney Bowes Inc,CBOE_EUROPE,0000078814,ENRICHED_SEC_READY,2232,assets|capex|eps_basic|eps_diluted|equity|liabilities|net_income|operating_cash_flow|revenue,895,1337,2026-07-30,2026-06-30,NORMALIZED_READY,,
U27123,PCUd,Southern Copper Corp,CBOE_EUROPE,0001001838,ENRICHED_SEC_READY,1367,assets|capex|eps_basic|eps_diluted|equity|net_income|operating_cash_flow|revenue,354,1013,2026-07-31,2026-06-30,NORMALIZED_PARTIAL,liabilities,concept_missing
U27160,PETSn,PetMed Express Inc,CBOE_EUROPE,0001040130,ENRICHED_SEC_READY,1484,assets|capex|eps_basic|eps_diluted|equity|liabilities|net_income|operating_cash_flow|revenue,566,918,2026-08-13,2026-06-30,NORMALIZED_READY,,
U27216,PIn,Impinj Inc,CBOE_EUROPE,0001114995,ENRICHED_SEC_READY,987,assets|capex|eps_basic|eps_diluted|equity|liabilities|net_income|operating_cash_flow|revenue,221,766,2026-07-29,2026-06-30,NORMALIZED_READY,,
U27292,PPHCl,Public Policy Holding Co Inc,CBOE_EUROPE,0001903508,ENRICHED_SEC_READY,71,assets|capex|eps_basic|eps_diluted|equity|liabilities|net_income|operating_cash_flow|revenue,19,52,2026-08-11,2026-06-30,NORMALIZED_READY,,
U27301,PQIAd,RadNet Inc,CBOE_EUROPE,0000790526,ENRICHED_SEC_READY,1884,assets|capex|eps_basic|eps_diluted|equity|liabilities|net_income|operating_cash_flow|revenue,686,1198,2026-08-10,2026-06-30,NORMALIZED_READY,,
U27367,PSMTn,PriceSmart Inc,CBOE_EUROPE,0001041803,ENRICHED_SEC_READY,2107,assets|capex|eps_basic|eps_diluted|equity|liabilities|net_income|operating_cash_flow|revenue,760,1347,2026-07-08,2026-05-31,NORMALIZED_READY,,
U27369,PSNn,Parsons Corp,CBOE_EUROPE,0000275880,ENRICHED_SEC_READY,791,assets|eps_basic|eps_diluted|equity|liabilities|net_income|operating_cash_flow|revenue,231,560,2026-04-29,2026-03-31,NORMALIZED_PARTIAL,capex,concept_missing
U27373,PSRAd,CoreCivic Inc,CBOE_EUROPE,0001070985,ENRICHED_SEC_READY,1784,assets|eps_basic|eps_diluted|equity|liabilities|net_income|operating_cash_flow|revenue,610,1174,2026-08-06,2026-06-30,NORMALIZED_PARTIAL,capex,concept_missing
U27382,PTENn,Patterson-UTI Energy Inc,CBOE_EUROPE,0000889900,ENRICHED_SEC_READY,1984,assets|capex|eps_basic|eps_diluted|equity|liabilities|net_income|operating_cash_flow|revenue,658,1326,2026-08-04,2026-06-30,NORMALIZED_READY,,
U27402,PUMPn,ProPetro Holding Corp,CBOE_EUROPE,0001680247,ENRICHED_SEC_READY,1185,assets|capex|eps_basic|eps_diluted|equity|liabilities|net_income|operating_cash_flow|revenue,376,809,2026-07-30,2026-06-30,NORMALIZED_READY,,
U27408,PW2d,Powell Industries Inc,CBOE_EUROPE,0000080420,ENRICHED_SEC_READY,1884,assets|capex|eps_basic|eps_diluted|equity|liabilities|net_income|operating_cash_flow|revenue,734,1150,2026-08-04,2026-06-30,NORMALIZED_READY,,
U27454,QH9d,ADTRAN Holdings Inc,CBOE_EUROPE,0000926282,ENRICHED_SEC_READY,2215,assets|capex|eps_basic|eps_diluted|equity|liabilities|net_income|operating_cash_flow|revenue,838,1377,2026-08-04,2026-06-30,NORMALIZED_READY,,
U27513,RAMPn,LiveRamp Holdings Inc,CBOE_EUROPE,0000733269,ENRICHED_SEC_READY,1648,assets|capex|eps_basic|eps_diluted|equity|liabilities|net_income|operating_cash_flow|revenue,565,1083,2026-08-05,2026-06-30,NORMALIZED_READY,,
U27521,RBBNn,Ribbon Communications Inc,CBOE_EUROPE,0001708055,ENRICHED_SEC_READY,1144,assets|capex|eps_basic|eps_diluted|equity|liabilities|net_income|operating_cash_flow|revenue,463,681,2026-07-31,2026-06-30,NORMALIZED_READY,,
U27527,RBRKn,Rubrik Inc,CBOE_EUROPE,0001943896,ENRICHED_SEC_READY,262,assets|capex|eps_basic|eps_diluted|equity|liabilities|net_income|operating_cash_flow|revenue,52,210,2026-09-01,2026-07-31,NORMALIZED_READY,,
U27545,RDNn,Radian Group Inc,CBOE_EUROPE,0000890926,ENRICHED_SEC_READY,1491,assets|capex|eps_basic|eps_diluted|equity|liabilities|net_income|operating_cash_flow|revenue,474,1017,2026-08-07,2026-06-30,NORMALIZED_READY,,
U27660,RO7d,ROBLOX Corp,CBOE_EUROPE,0001315098,ENRICHED_SEC_READY,620,assets|capex|eps_basic|eps_diluted|equity|liabilities|net_income|operating_cash_flow|revenue,140,480,2026-07-30,2026-06-30,NORMALIZED_READY,,
U27675,ROLn,Rollins Inc,CBOE_EUROPE,0000084839,ENRICHED_SEC_READY,1403,assets|capex|eps_basic|eps_diluted|equity|liabilities|net_income|operating_cash_flow|revenue,503,900,2026-07-23,2026-06-30,NORMALIZED_READY,,
U27685,RPDn,Rapid7 Inc,CBOE_EUROPE,0001560327,ENRICHED_SEC_READY,1148,assets|capex|eps_basic|eps_diluted|equity|liabilities|net_income|operating_cash_flow|revenue,322,826,2026-08-10,2026-06-30,NORMALIZED_READY,,
U27690,RPMn,RPM International Inc,CBOE_EUROPE,0000110621,ENRICHED_SEC_READY,1869,assets|eps_basic|eps_diluted|equity|net_income|operating_cash_flow|revenue,657,1212,2026-07-22,2026-05-31,NORMALIZED_PARTIAL,capex|liabilities,concept_missing
U27722,RV6d,Charles River Laboratories International Inc,CBOE_EUROPE,0001100682,ENRICHED_SEC_READY,1673,assets|eps_basic|eps_diluted|equity|liabilities|net_income|operating_cash_flow|revenue,562,1111,2026-08-05,2026-06-27,NORMALIZED_PARTIAL,capex,concept_missing
U27735,RYNn,Rayonier Inc,CBOE_EUROPE,0000052827,ENRICHED_SEC_READY,2076,assets|capex|eps_basic|eps_diluted|equity|liabilities|net_income|operating_cash_flow|revenue,767,1309,2026-05-08,2026-03-31,NORMALIZED_READY,,
U27738,RZ2d,Veralto Corp,CBOE_EUROPE,0001967680,ENRICHED_SEC_READY,259,assets|capex|eps_basic|eps_diluted|equity|net_income|operating_cash_flow|revenue,75,184,2026-04-29,2026-04-03,NORMALIZED_PARTIAL,liabilities,concept_missing
U27880,SCSCn,ScanSource Inc,CBOE_EUROPE,0000918965,ENRICHED_SEC_READY,1500,assets|eps_basic|eps_diluted|equity|liabilities|net_income|operating_cash_flow|revenue,354,1146,2026-08-20,2026-06-30,NORMALIZED_PARTIAL,capex,concept_missing
U28005,SFWd,Capital Southwest Corp,CBOE_EUROPE,0000017313,ENRICHED_SEC_READY,537,assets|capex|eps_basic|eps_diluted|equity|liabilities|net_income|operating_cash_flow|revenue,183,354,2026-08-03,2026-06-30,NORMALIZED_READY,,
U28109,SLABn,Silicon Laboratories Inc,CBOE_EUROPE,0001038074,ENRICHED_SEC_READY,1366,assets|capex|eps_basic|eps_diluted|equity|liabilities|net_income|operating_cash_flow|revenue,344,1022,2026-08-11,2026-07-04,NORMALIZED_READY,,
U28442,STWDn,Starwood Property Trust Inc,CBOE_EUROPE,0001465128,ENRICHED_SEC_READY,1800,assets|eps_basic|eps_diluted|equity|liabilities|net_income|operating_cash_flow|revenue,656,1144,2026-08-06,2026-06-30,NORMALIZED_PARTIAL,capex,concept_missing
U28457,SUIn,Sun Communities Inc,CBOE_EUROPE,0000912593,ENRICHED_SEC_READY,1915,assets|eps_basic|eps_diluted|equity|liabilities|net_income|operating_cash_flow|revenue,740,1175,2026-04-28,2026-03-31,NORMALIZED_PARTIAL,capex,concept_missing
U28475,SUPNn,Supernus Pharmaceuticals Inc,CBOE_EUROPE,0001356576,ENRICHED_SEC_READY,1834,assets|capex|eps_basic|eps_diluted|equity|liabilities|net_income|operating_cash_flow|revenue,613,1221,2026-08-03,2026-06-30,NORMALIZED_READY,,
U28600,T8Zd,Waystar Holding Corp,CBOE_EUROPE,0001990354,ENRICHED_SEC_READY,222,assets|eps_basic|eps_diluted|equity|liabilities|net_income|operating_cash_flow|revenue,46,176,2026-07-29,2026-06-30,NORMALIZED_PARTIAL,capex,concept_missing
U28615,TARd,Targa Resources Corp,CBOE_EUROPE,0001389170,ENRICHED_SEC_READY,1807,assets|capex|eps_basic|eps_diluted|equity|net_income|operating_cash_flow|revenue,613,1194,2026-08-06,2026-06-30,NORMALIZED_PARTIAL,liabilities,concept_missing
U28655,TE1d,Bio-Techne Corp,CBOE_EUROPE,0000842023,ENRICHED_SEC_READY,1685,assets|capex|eps_basic|eps_diluted|equity|net_income|operating_cash_flow|revenue,538,1147,2026-08-24,2026-06-30,NORMALIZED_PARTIAL,liabilities,concept_missing
U28752,TLKd,Toll Brothers Inc,CBOE_EUROPE,0000794170,ENRICHED_SEC_READY,1933,assets|capex|eps_basic|eps_diluted|equity|liabilities|net_income|operating_cash_flow|revenue,807,1126,2026-08-28,2026-07-31,NORMALIZED_READY,,
U28823,TR4d,Tractor Supply Co,CBOE_EUROPE,0000916365,ENRICHED_SEC_READY,1705,assets|capex|eps_basic|eps_diluted|equity|liabilities|net_income|operating_cash_flow|revenue,389,1316,2026-08-06,2026-06-27,NORMALIZED_READY,,
U28879,TRUUn,TransUnion,CBOE_EUROPE,0001552033,ENRICHED_SEC_READY,1531,assets|capex|eps_basic|eps_diluted|equity|liabilities|net_income|operating_cash_flow|revenue,619,912,2026-04-28,2026-03-31,NORMALIZED_READY,,
U28935,TUSKn,Mammoth Energy Services Inc,CBOE_EUROPE,0001679268,ENRICHED_SEC_READY,1128,assets|capex|eps_basic|eps_diluted|equity|liabilities|net_income|operating_cash_flow|revenue,332,796,2026-08-07,2026-06-30,NORMALIZED_READY,,
U28941,TWHd,Twilio Inc,CBOE_EUROPE,0001447669,ENRICHED_SEC_READY,896,assets|capex|eps_basic|eps_diluted|equity|liabilities|net_income|operating_cash_flow|revenue,242,654,2026-08-07,2026-06-30,NORMALIZED_READY,,
U28950,TYPd,Tyler Technologies Inc,CBOE_EUROPE,0000860731,ENRICHED_SEC_READY,1688,assets|capex|eps_basic|eps_diluted|equity|liabilities|net_income|operating_cash_flow|revenue,616,1072,2026-07-29,2026-06-30,NORMALIZED_READY,,
U29146,UPWKn,Upwork Inc,CBOE_EUROPE,0001627475,ENRICHED_SEC_READY,774,assets|capex|eps_basic|eps_diluted|equity|liabilities|net_income|operating_cash_flow|revenue,190,584,2026-08-10,2026-06-30,NORMALIZED_READY,,
U29191,USFDn,US Foods Holding Corp,CBOE_EUROPE,0001665918,ENRICHED_SEC_READY,1240,assets|capex|eps_basic|eps_diluted|equity|liabilities|net_income|operating_cash_flow|revenue,382,858,2026-08-06,2026-06-27,NORMALIZED_READY,,
U29383,VIAVn,Viavi Solutions Inc,CBOE_EUROPE,0000912093,ENRICHED_SEC_READY,1821,assets|capex|eps_basic|eps_diluted|equity|liabilities|net_income|operating_cash_flow|revenue,798,1023,2026-08-13,2026-06-27,NORMALIZED_READY,,
U29384,VICIn,VICI Properties Inc,CBOE_EUROPE,0001705696,ENRICHED_SEC_READY,938,assets|capex|eps_basic|eps_diluted|equity|liabilities|net_income|operating_cash_flow|revenue,234,704,2026-07-29,2026-06-30,NORMALIZED_READY,,
U29470,VREXn,Varex Imaging Corp,CBOE_EUROPE,0001681622,ENRICHED_SEC_READY,1110,assets|capex|eps_basic|eps_diluted|equity|liabilities|net_income|operating_cash_flow|revenue,286,824,2026-08-10,2026-07-03,NORMALIZED_READY,,
U29479,VSATn,ViaSat Inc,CBOE_EUROPE,0000797721,ENRICHED_SEC_READY,1534,assets|capex|eps_basic|eps_diluted|equity|liabilities|net_income|operating_cash_flow|revenue,385,1149,2026-08-06,2026-06-30,NORMALIZED_READY,,
U29487,VSHn,Vishay Intertechnology Inc,CBOE_EUROPE,0000103730,ENRICHED_SEC_READY,1899,assets|eps_basic|eps_diluted|equity|liabilities|net_income|operating_cash_flow|revenue,676,1223,2026-08-05,2026-07-04,NORMALIZED_PARTIAL,capex,concept_missing
U29533,W1Xd,Wix.com Ltd,CBOE_EUROPE,0001576789,ENRICHED_SEC_READY,242,assets|capex|eps_basic|eps_diluted|equity|liabilities|net_income|operating_cash_flow|revenue,242,0,2026-03-05,2025-12-31,NORMALIZED_READY,,
U29680,WMSn,Advanced Drainage Systems Inc,CBOE_EUROPE,0001604028,ENRICHED_SEC_READY,1522,assets|capex|eps_basic|eps_diluted|equity|liabilities|net_income|operating_cash_flow|revenue,514,1008,2026-08-06,2026-06-30,NORMALIZED_READY,,
U29683,WNCn,Wabash National Corp,CBOE_EUROPE,0000879526,ENRICHED_SEC_READY,2163,assets|capex|eps_basic|eps_diluted|equity|liabilities|net_income|operating_cash_flow|revenue,1005,1158,2026-05-01,2026-03-31,NORMALIZED_READY,,
U29719,WPSd,West Pharmaceutical Services Inc,CBOE_EUROPE,0000105770,ENRICHED_SEC_READY,1630,assets|capex|eps_basic|eps_diluted|equity|liabilities|net_income|operating_cash_flow|revenue,438,1192,2026-07-23,2026-06-30,NORMALIZED_READY,,
U29737,WS11d,WillScot Holdings Corp,CBOE_EUROPE,0001647088,ENRICHED_SEC_READY,1230,assets|capex|eps_basic|eps_diluted|equity|liabilities|net_income|operating_cash_flow|revenue,455,775,2026-08-06,2026-06-30,NORMALIZED_READY,,
U29807,X06d,Versant Media Group Inc,CBOE_EUROPE,0002067876,ENRICHED_SEC_READY,69,assets|capex|eps_basic|eps_diluted|equity|net_income|operating_cash_flow|revenue,19,50,2026-08-06,2026-06-30,NORMALIZED_PARTIAL,liabilities,concept_missing
U30228,Y1Fd,First American Financial Corp,CBOE_EUROPE,0001472787,ENRICHED_SEC_READY,1939,assets|eps_basic|eps_diluted|equity|liabilities|net_income|operating_cash_flow|revenue,723,1216,2026-07-23,2026-06-30,NORMALIZED_PARTIAL,capex,concept_missing
U30237,YDO1d,Madrigal Pharmaceuticals Inc,CBOE_EUROPE,0001157601,ENRICHED_SEC_READY,1181,assets|capex|eps_basic|eps_diluted|equity|liabilities|net_income|operating_cash_flow|revenue,390,791,2026-07-30,2026-06-30,NORMALIZED_READY,,
U30291,ZBRAn,Zebra Technologies Corp,CBOE_EUROPE,0000877212,ENRICHED_SEC_READY,1967,assets|capex|eps_basic|eps_diluted|equity|liabilities|net_income|operating_cash_flow|revenue,677,1290,2026-08-04,2026-07-04,NORMALIZED_READY,,
U30303,ZGV3d,Gevo Inc,CBOE_EUROPE,0001392380,ENRICHED_SEC_READY,1345,assets|capex|eps_basic|eps_diluted|equity|liabilities|net_income|operating_cash_flow|revenue,313,1032,2026-08-06,2026-06-30,NORMALIZED_READY,,
U30305,ZIMd,Zimmer Biomet Holdings Inc,CBOE_EUROPE,0001136869,ENRICHED_SEC_READY,2023,assets|capex|eps_basic|eps_diluted|equity|liabilities|net_income|operating_cash_flow|revenue,733,1290,2026-08-05,2026-06-30,NORMALIZED_READY,,
