asset_id,ticker,company_name,country,cik,source,unicorn_status,unicorn_reason,revenue_yoy_growth,net_income_yoy_growth,net_margin,sic,sic_description,is_financial_sic,us_ticker,phase
U00006,AAL,"American Airlines Group, Inc. - Common Stock",US,6201,us_sec_v2_38g,EVALUATED_NOT_UNICORN,"us_fundamental_momentum_flag_false:no_real_margin_expansion,no_real_positive_free_cash_flow",0.007784,-0.868794,0.002032,4512,"Air Transportation, Scheduled",false,AAL,v2.38BT-global-unicorn-flag
U00007,AAME,Atlantic American Corporation - Common Stock,US,8177,us_sec_v2_38g,EVALUATED_NOT_UNICORN,us_fundamental_momentum_flag_false:no_real_margin_expansion,0.007677,,-0.022675,6311,Life Insurance,true,AAME,v2.38BT-global-unicorn-flag
U00008,AAOI,"Applied Optoelectronics, Inc. - Common Stock",US,1158114,us_sec_v2_38g,EVALUATED_NOT_UNICORN,us_fundamental_momentum_flag_false:no_real_positive_free_cash_flow,0.827502,,-0.083886,3674,Semiconductors & Related Devices,false,AAOI,v2.38BT-global-unicorn-flag
U00009,AAON,"AAON, Inc. - Common Stock",US,824142,us_sec_v2_38g,INSUFFICIENT_DATA,us_growth_features_not_computable_for_this_company,,-0.361689,,3585,Air-Cond & Warm Air Heatg Equip & Comm & Indl Refrig Equip,false,AAON,v2.38BT-global-unicorn-flag
U00011,AAPL,Apple Inc. - Common Stock,US,320193,us_sec_v2_38g,EVALUATED_UNICORN,us_fundamental_momentum_flag_true_real_revenue_growth_and_margin_expansion_and_positive_free_cash_flow,0.064255,0.194952,0.269151,3571,Electronic Computers,false,AAPL,v2.38BT-global-unicorn-flag
U00012,AARD,"Aardvark Therapeutics, Inc. - Common Stock",US,1774857,us_sec_v2_38g,INSUFFICIENT_DATA,us_growth_features_not_computable_for_this_company,,,,2834,Pharmaceutical Preparations,false,AARD,v2.38BT-global-unicorn-flag
U00013,ABAT,American Battery Technology Company - Common Stock,US,1576873,us_sec_v2_38g,EVALUATED_NOT_UNICORN,us_fundamental_momentum_flag_false:no_real_positive_free_cash_flow,11.489735,,-10.89981,1400,Mining & Quarrying of  Nonmetallic Minerals (No Fuels),false,ABAT,v2.38BT-global-unicorn-flag
U00014,ABCL,AbCellera Biologics Inc. - Common Shares,US,1703057,us_sec_v2_38g,EVALUATED_NOT_UNICORN,us_fundamental_momentum_flag_false:no_real_positive_free_cash_flow,1.605625,,-1.948834,2834,Pharmaceutical Preparations,false,ABCL,v2.38BT-global-unicorn-flag
U00015,ABEO,Abeona Therapeutics Inc. - Common Stock,US,318306,us_sec_v2_38g,EVALUATED_NOT_UNICORN,us_fundamental_momentum_flag_false:no_real_positive_free_cash_flow,0.662857,,12.230756,2834,Pharmaceutical Preparations,false,ABEO,v2.38BT-global-unicorn-flag
U00016,ABLV,Able View Global Inc. - Class B Ordinary Shares,US,1957489,us_sec_v2_38g,EVALUATED_NOT_UNICORN,us_fundamental_momentum_flag_false:revenue_growth_not_positive,-0.184044,,0.007795,5960,Retail-Nonstore Retailers,false,ABLV,v2.38BT-global-unicorn-flag
U00017,ABNB,"Airbnb, Inc. - Class A Common Stock",US,1559720,us_sec_v2_38g,EVALUATED_NOT_UNICORN,"us_fundamental_momentum_flag_false:no_real_margin_expansion,no_real_positive_free_cash_flow",0.102594,-0.051737,0.20513,7340,Services-To Dwellings & Other Buildings,false,ABNB,v2.38BT-global-unicorn-flag
U00018,ABOS,"Acumen Pharmaceuticals, Inc. - Common Stock",US,1576885,us_sec_v2_38g,INSUFFICIENT_DATA,us_growth_features_not_computable_for_this_company,,,,2836,"Biological Products, (No Diagnostic Substances)",false,ABOS,v2.38BT-global-unicorn-flag
U00019,ABSI,Absci Corporation - Common Stock,US,1672688,us_sec_v2_38g,INSUFFICIENT_DATA,us_growth_features_not_computable_for_this_company,,,,8731,Services-Commercial Physical & Biological Research,false,ABSI,v2.38BT-global-unicorn-flag
U00020,ABTC,American Bitcoin Corp. - Class A Common Stock,US,1755953,us_sec_v2_38g,EVALUATED_NOT_UNICORN,us_fundamental_momentum_flag_false:no_real_positive_free_cash_flow,8.015239,,-0.827218,6199,Finance Services,true,ABTC,v2.38BT-global-unicorn-flag
U00021,ABTS,Abits Group Inc - Ordinary Shares,US,1864055,us_sec_v2_38g,EVALUATED_NOT_UNICORN,"us_fundamental_momentum_flag_false:no_real_margin_expansion,no_real_positive_free_cash_flow",0.360209,,-0.314339,6199,Finance Services,true,ABTS,v2.38BT-global-unicorn-flag
U00022,ABUS,Arbutus Biopharma Corporation - Common Stock,US,1447028,us_sec_v2_38g,EVALUATED_NOT_UNICORN,us_fundamental_momentum_flag_false:no_real_positive_free_cash_flow,1.282126,,-2.378826,2834,Pharmaceutical Preparations,false,ABUS,v2.38BT-global-unicorn-flag
U00023,ABVC,"ABVC BioPharma, Inc. - Common Stock",US,1173313,us_sec_v2_38g,EVALUATED_NOT_UNICORN,"us_fundamental_momentum_flag_false:revenue_growth_not_positive,no_real_margin_expansion,no_real_positive_free_cash_flow",0.0,,-15.519475,2834,Pharmaceutical Preparations,false,ABVC,v2.38BT-global-unicorn-flag
U00025,ACAD,ACADIA Pharmaceuticals Inc. - Common Stock,US,1070494,us_sec_v2_38g,EVALUATED_UNICORN,us_fundamental_momentum_flag_true_real_revenue_growth_and_margin_expansion_and_positive_free_cash_flow,0.118718,0.726643,0.364907,2834,Pharmaceutical Preparations,false,ACAD,v2.38BT-global-unicorn-flag
U00027,ACCL,Acco Group Holdings Limited - Class A Ordinary Shares,US,2038378,us_sec_v2_38g,INSUFFICIENT_DATA,us_growth_features_not_computable_for_this_company,,,0.21057,8742,Services-Management Consulting Services,false,ACCL,v2.38BT-global-unicorn-flag
U00028,ACDC,ProFrac Holding Corp. - Class A Common Stock,US,1881487,us_sec_v2_38g,EVALUATED_NOT_UNICORN,"us_fundamental_momentum_flag_false:revenue_growth_not_positive,no_real_margin_expansion",-0.113698,,-0.19003,1389,"Oil & Gas Field Services, NEC",false,ACDC,v2.38BT-global-unicorn-flag
U00029,ACET,"Adicet Bio, Inc. - Common Stock",US,1720580,us_sec_v2_38g,INSUFFICIENT_DATA,us_growth_features_not_computable_for_this_company,,,,2834,Pharmaceutical Preparations,false,ACET,v2.38BT-global-unicorn-flag
U00030,ACFN,"Acorn Energy, Inc. - Common Stock",US,880984,us_sec_v2_38g,EVALUATED_NOT_UNICORN,"us_fundamental_momentum_flag_false:no_real_margin_expansion,no_real_positive_free_cash_flow",0.044784,-0.601207,0.218679,8711,Services-Engineering Services,false,ACFN,v2.38BT-global-unicorn-flag
U00032,ACGL,Arch Capital Group Ltd. - Common Stock,US,947484,us_sec_v2_38g,EVALUATED_NOT_UNICORN,"us_fundamental_momentum_flag_false:no_real_margin_expansion,no_real_positive_free_cash_flow",0.142718,0.020176,0.220734,6331,"Fire, Marine & Casualty Insurance",true,ACGL,v2.38BT-global-unicorn-flag
U00033,ACHC,"Acadia Healthcare Company, Inc. - Common Stock",US,1520697,us_sec_v2_38g,EVALUATED_NOT_UNICORN,"us_fundamental_momentum_flag_false:no_real_margin_expansion,no_real_positive_free_cash_flow",0.050351,-5.314242,-0.332885,8093,"Services-Specialty Outpatient Facilities, NEC",false,ACHC,v2.38BT-global-unicorn-flag
U00034,ACHV,"Achieve Life Sciences, Inc. - Common Shares",US,949858,us_sec_v2_38g,INSUFFICIENT_DATA,us_growth_features_not_computable_for_this_company,,,,2835,In Vitro & In Vivo Diagnostic Substances,false,ACHV,v2.38BT-global-unicorn-flag
U00035,ACIC,American Coastal Insurance Corporation - Common Stock,US,1401521,us_sec_v2_38g,EVALUATED_UNICORN,us_fundamental_momentum_flag_true_real_revenue_growth_and_margin_expansion_and_positive_free_cash_flow,0.13073,0.410985,0.318499,6331,"Fire, Marine & Casualty Insurance",true,ACIC,v2.38BT-global-unicorn-flag
U00037,ACIW,"ACI Worldwide, Inc. - Common Stock",US,935036,us_sec_v2_38g,EVALUATED_UNICORN,us_fundamental_momentum_flag_true_real_revenue_growth_and_margin_expansion_and_positive_free_cash_flow,0.103804,0.115893,0.128799,7372,Services-Prepackaged Software,false,ACIW,v2.38BT-global-unicorn-flag
U00038,ACLS,"Axcelis Technologies, Inc. - Common Stock",US,1113232,us_sec_v2_38g,EVALUATED_NOT_UNICORN,"us_fundamental_momentum_flag_false:revenue_growth_not_positive,no_real_margin_expansion",-0.175679,,0.143303,3559,"Special Industry Machinery, NEC",false,ACLS,v2.38BT-global-unicorn-flag
U00039,ACMR,"ACM Research, Inc. - Class A Common Stock",US,1680062,us_sec_v2_38g,EVALUATED_NOT_UNICORN,"us_fundamental_momentum_flag_false:no_real_margin_expansion,no_real_positive_free_cash_flow",0.152395,-0.092148,0.104379,3559,"Special Industry Machinery, NEC",false,ACMR,v2.38BT-global-unicorn-flag
U00040,ACNB,ACNB Corporation - Common Stock,US,715579,us_sec_v2_38g,EVALUATED_NOT_UNICORN,us_fundamental_momentum_flag_false:no_real_margin_expansion,0.451046,0.163443,0.193154,6022,State Commercial Banks,true,ACNB,v2.38BT-global-unicorn-flag
U00041,ACNT,Ascent Industries Co. - Common Stock,US,95953,us_sec_v2_38g,EVALUATED_NOT_UNICORN,"us_fundamental_momentum_flag_false:revenue_growth_not_positive,no_real_positive_free_cash_flow",-0.578675,,0.011569,2800,Chemicals & Allied Products,false,ACNT,v2.38BT-global-unicorn-flag
U00042,ACOG,Alpha Cognition Inc. - Common Stock,US,1655923,us_sec_v2_38g,EVALUATED_NOT_UNICORN,"us_fundamental_momentum_flag_false:revenue_growth_not_positive,no_real_margin_expansion,no_real_positive_free_cash_flow",-0.897797,,-2.022438,2836,"Biological Products, (No Diagnostic Substances)",false,ACOG,v2.38BT-global-unicorn-flag
U00043,ACON,"Aclarion, Inc. - Common Stock",US,1635077,us_sec_v2_38g,EVALUATED_NOT_UNICORN,us_fundamental_momentum_flag_false:no_real_positive_free_cash_flow,0.656242,,-95.518672,8071,Services-Medical Laboratories,false,ACON,v2.38BT-global-unicorn-flag
U00044,ACRS,"Aclaris Therapeutics, Inc. - Common Stock",US,1557746,us_sec_v2_38g,EVALUATED_NOT_UNICORN,"us_fundamental_momentum_flag_false:revenue_growth_not_positive,no_real_margin_expansion,no_real_positive_free_cash_flow",-0.581944,,-8.295809,2834,Pharmaceutical Preparations,false,ACRS,v2.38BT-global-unicorn-flag
U00045,ACRV,"Acrivon Therapeutics, Inc. - Common Stock",US,1781174,us_sec_v2_38g,INSUFFICIENT_DATA,us_growth_features_not_computable_for_this_company,,,,2834,Pharmaceutical Preparations,false,ACRV,v2.38BT-global-unicorn-flag
U00046,ACT,"Enact Holdings, Inc. - Common Stock",US,1823529,us_sec_v2_38g,EVALUATED_NOT_UNICORN,"us_fundamental_momentum_flag_false:no_real_margin_expansion,no_real_positive_free_cash_flow",0.028336,,0.545581,6411,"Insurance Agents, Brokers & Service",true,ACT,v2.38BT-global-unicorn-flag
U00047,ACTG,Acacia Research Corporation - Common Stock,US,934549,us_sec_v2_38g,EVALUATED_NOT_UNICORN,us_fundamental_momentum_flag_false:no_real_positive_free_cash_flow,1.332003,,0.076015,6794,Patent Owners & Lessors,false,ACTG,v2.38BT-global-unicorn-flag
U00048,ACTU,"Actuate Therapeutics, Inc. - Common stock",US,1652935,us_sec_v2_38g,INSUFFICIENT_DATA,us_growth_features_not_computable_for_this_company,,,,2834,Pharmaceutical Preparations,false,ACTU,v2.38BT-global-unicorn-flag
U00049,ACXP,"Acurx Pharmaceuticals, Inc. - Common Stock",US,1736243,us_sec_v2_38g,INSUFFICIENT_DATA,us_growth_features_not_computable_for_this_company,,,,2834,Pharmaceutical Preparations,false,ACXP,v2.38BT-global-unicorn-flag
U00051,ADAG,"Adagene Inc. - ADS, each representing 1.25 ordinary shares",US,1818838,us_sec_v2_38g,EVALUATED_NOT_UNICORN,us_fundamental_momentum_flag_false:no_real_positive_free_cash_flow,73.327565,,-2.295612,2834,Pharmaceutical Preparations,false,ADAG,v2.38BT-global-unicorn-flag
U00053,ADBE,Adobe Inc. - Common Stock,US,796343,us_sec_v2_38g,EVALUATED_UNICORN,us_fundamental_momentum_flag_true_real_revenue_growth_and_margin_expansion_and_positive_free_cash_flow,0.105278,0.282374,0.299971,7372,Services-Prepackaged Software,false,ADBE,v2.38BT-global-unicorn-flag
U00054,ADEA,Adeia Inc. - Common Stock,US,1803696,us_sec_v2_38g,EVALUATED_UNICORN,us_fundamental_momentum_flag_true_real_revenue_growth_and_margin_expansion_and_positive_free_cash_flow,0.179143,0.718815,0.250515,4841,Cable & Other Pay Television Services,false,ADEA,v2.38BT-global-unicorn-flag
U00055,ADGM,"Adagio Medical Holdings, Inc - Common Stock",US,2006986,us_sec_v2_38g,EVALUATED_NOT_UNICORN,"us_fundamental_momentum_flag_false:revenue_growth_not_positive,no_real_margin_expansion,no_real_positive_free_cash_flow",-1.0,,,3841,Surgical & Medical Instruments & Apparatus,false,ADGM,v2.38BT-global-unicorn-flag
U00056,ADI,"Analog Devices, Inc. - Common Stock",US,6281,us_sec_v2_38g,EVALUATED_UNICORN,us_fundamental_momentum_flag_true_real_revenue_growth_and_margin_expansion_and_positive_free_cash_flow,0.168932,0.386522,0.205753,3674,Semiconductors & Related Devices,false,ADI,v2.38BT-global-unicorn-flag
U00057,ADIL,"Adial Pharmaceuticals, Inc - Common Stock",US,1513525,us_sec_v2_38g,INSUFFICIENT_DATA,us_growth_features_not_computable_for_this_company,,,,2834,Pharmaceutical Preparations,false,ADIL,v2.38BT-global-unicorn-flag
U00058,ADMA,ADMA Biologics Inc - Common Stock,US,1368514,us_sec_v2_38g,EVALUATED_NOT_UNICORN,us_fundamental_momentum_flag_false:no_real_margin_expansion,0.196314,-0.256702,0.288,2836,"Biological Products, (No Diagnostic Substances)",false,ADMA,v2.38BT-global-unicorn-flag
U00059,ADP,"Automatic Data Processing, Inc. - Common Stock",US,8670,us_sec_v2_38g,EVALUATED_NOT_UNICORN,us_fundamental_momentum_flag_false:no_real_positive_free_cash_flow,0.067434,0.08182,0.201094,7374,Services-Computer Processing & Data Preparation,false,ADP,v2.38BT-global-unicorn-flag
U00060,ADPT,Adaptive Biotechnologies Corporation - Common Stock,US,1478320,us_sec_v2_38g,EVALUATED_NOT_UNICORN,us_fundamental_momentum_flag_false:no_real_positive_free_cash_flow,0.547724,,-0.214816,2836,"Biological Products, (No Diagnostic Substances)",false,ADPT,v2.38BT-global-unicorn-flag
U00062,ADSK,"Autodesk, Inc. - Common Stock",US,769397,us_sec_v2_38g,EVALUATED_NOT_UNICORN,us_fundamental_momentum_flag_false:no_real_margin_expansion,0.175338,0.010791,0.155981,7372,Services-Prepackaged Software,false,ADSK,v2.38BT-global-unicorn-flag
U00063,ADTN,"ADTRAN Holdings, Inc. - Common Stock",US,926282,us_sec_v2_38g,EVALUATED_UNICORN,us_fundamental_momentum_flag_true_real_revenue_growth_and_margin_expansion_and_positive_free_cash_flow,0.174578,,-0.042126,3661,Telephone & Telegraph Apparatus,false,ADTN,v2.38BT-global-unicorn-flag
U00065,ADUS,Addus HomeCare Corporation - Common Stock,US,1468328,us_sec_v2_38g,EVALUATED_UNICORN,us_fundamental_momentum_flag_true_real_revenue_growth_and_margin_expansion_and_positive_free_cash_flow,0.232055,0.30316,0.067422,8082,Services-Home Health Care Services,false,ADUS,v2.38BT-global-unicorn-flag
U00066,ADV,Advantage Solutions Inc. - Class A Common Stock,US,1776661,us_sec_v2_38g,EVALUATED_NOT_UNICORN,us_fundamental_momentum_flag_false:revenue_growth_not_positive,-0.00664,,-0.064284,7389,"Services-Business Services, NEC",false,ADV,v2.38BT-global-unicorn-flag
U00067,ADVB,Advanced Biomed Inc. - Common Stock,US,1941029,us_sec_v2_38g,INSUFFICIENT_DATA,us_growth_features_not_computable_for_this_company,,,,8071,Services-Medical Laboratories,false,ADVB,v2.38BT-global-unicorn-flag
U00069,AEBI,Aebi Schmidt Holding AG - Common Stock,US,2048519,us_sec_v2_38g,INSUFFICIENT_DATA,us_growth_features_not_computable_for_this_company,,,0.006379,3531,Construction Machinery & Equip,false,AEBI,v2.38BT-global-unicorn-flag
U00072,AEHR,Aehr Test Systems - Common Stock,US,1040470,us_sec_v2_38g,EVALUATED_NOT_UNICORN,"us_fundamental_momentum_flag_false:revenue_growth_not_positive,no_real_margin_expansion,no_real_positive_free_cash_flow",-0.152066,,-0.142517,3825,Instruments For Meas & Testing of  Electricity & Elec Signals,false,AEHR,v2.38BT-global-unicorn-flag
U00073,AEI,Alset Inc. - Common Stock,US,1750106,us_sec_v2_38g,EVALUATED_NOT_UNICORN,"us_fundamental_momentum_flag_false:revenue_growth_not_positive,no_real_margin_expansion,no_real_positive_free_cash_flow",-0.78827,,-10.605294,6500,Real Estate,false,AEI,v2.38BT-global-unicorn-flag
U00074,AEIS,"Advanced Energy Industries, Inc. - Common Stock",US,927003,us_sec_v2_38g,EVALUATED_NOT_UNICORN,us_fundamental_momentum_flag_false:no_real_margin_expansion,0.213731,,,3679,"Electronic Components, NEC",false,AEIS,v2.38BT-global-unicorn-flag
U00075,AEMD,"Aethlon Medical, Inc. - Common Stock",US,882291,us_sec_v2_38g,INSUFFICIENT_DATA,us_growth_features_not_computable_for_this_company,,,,3841,Surgical & Medical Instruments & Apparatus,false,AEMD,v2.38BT-global-unicorn-flag
U00076,AENT,Alliance Entertainment Holding Corporation - common stock,US,1823584,us_sec_v2_38g,EVALUATED_NOT_UNICORN,us_fundamental_momentum_flag_false:revenue_growth_not_positive,-0.033645,2.291421,0.014178,5099,"Wholesale-Durable Goods, NEC",false,AENT,v2.38BT-global-unicorn-flag
U00077,AEP,"American Electric Power Company, Inc. - Common Stock",US,4904,us_sec_v2_38g,EVALUATED_NOT_UNICORN,"us_fundamental_momentum_flag_false:no_real_margin_expansion,no_real_positive_free_cash_flow",0.086746,,,4911,Electric Services,false,,v2.38BT-global-unicorn-flag
U00078,AERT,"Aeries Technology, Inc. - Class A Ordinary Share",US,1853044,us_sec_v2_38g,EVALUATED_NOT_UNICORN,"us_fundamental_momentum_flag_false:revenue_growth_not_positive,no_real_margin_expansion",-0.002621,,0.040435,8742,Services-Management Consulting Services,false,AERT,v2.38BT-global-unicorn-flag
U00080,AEVA,"Aeva Technologies, Inc. - Common Stock",US,1789029,us_sec_v2_38g,EVALUATED_NOT_UNICORN,us_fundamental_momentum_flag_false:no_real_positive_free_cash_flow,0.994374,,-8.044029,3714,Motor Vehicle Parts & Accessories,false,AEVA,v2.38BT-global-unicorn-flag
U00081,AEYE,"AudioEye, Inc. - Common Stock",US,1362190,us_sec_v2_38g,EVALUATED_UNICORN,us_fundamental_momentum_flag_true_real_revenue_growth_and_margin_expansion_and_positive_free_cash_flow,0.145166,,-0.076332,7372,Services-Prepackaged Software,false,AEYE,v2.38BT-global-unicorn-flag
U00083,AFCG,Advanced Flower Capital Inc. - Common Stock,US,1822523,us_sec_v2_38g,EVALUATED_NOT_UNICORN,"us_fundamental_momentum_flag_false:revenue_growth_not_positive,no_real_margin_expansion,no_real_positive_free_cash_flow",-0.461979,,,0000,,false,AFCG,v2.38BT-global-unicorn-flag
U00084,AFJK,"Aimei Health Technology Co., Ltd - Ordinary Share",US,1979005,us_sec_v2_38g,INSUFFICIENT_DATA,us_growth_features_not_computable_for_this_company,,-0.584765,,6770,Blank Checks,false,AFJK,v2.38BT-global-unicorn-flag
U00085,AFRI,Forafric Global PLC - Ordinary Shares,US,1903870,us_sec_v2_38g,EVALUATED_NOT_UNICORN,"us_fundamental_momentum_flag_false:revenue_growth_not_positive,no_real_positive_free_cash_flow",-0.356407,,-0.084368,2040,Grain Mill Products,false,AFRI,v2.38BT-global-unicorn-flag
U00086,AFRM,"Affirm Holdings, Inc. - Class A Common Stock",US,1820953,us_sec_v2_38g,EVALUATED_UNICORN,us_fundamental_momentum_flag_true_real_revenue_growth_and_margin_expansion_and_positive_free_cash_flow,0.296199,35.979132,1.336494,6141,Personal Credit Institutions,true,AFRM,v2.38BT-global-unicorn-flag
U00088,AGCC,Agencia Comercial Spirits Ltd - Class A Ordinary Share,US,2060016,us_sec_v2_38g,INSUFFICIENT_DATA,us_growth_features_not_computable_for_this_company,,,0.09819,5180,"Wholesale-Beer, Wine & Distilled Alcoholic Beverages",false,AGCC,v2.38BT-global-unicorn-flag
U00089,AGEN,Agenus Inc. - Common Stock,US,1098972,us_sec_v2_38g,EVALUATED_NOT_UNICORN,"us_fundamental_momentum_flag_false:no_real_margin_expansion,no_real_positive_free_cash_flow",0.103738,,,2836,"Biological Products, (No Diagnostic Substances)",false,AGEN,v2.38BT-global-unicorn-flag
U00090,AGIO,"Agios Pharmaceuticals, Inc. - Common Stock",US,1439222,us_sec_v2_38g,EVALUATED_NOT_UNICORN,"us_fundamental_momentum_flag_false:no_real_margin_expansion,no_real_positive_free_cash_flow",0.4803,-1.612685,-7.640131,2834,Pharmaceutical Preparations,false,AGIO,v2.38BT-global-unicorn-flag
U00092,AGMH,AGM Group Holdings Inc. - Class A Ordinary Shares,US,1705402,us_sec_v2_38g,EVALUATED_NOT_UNICORN,"us_fundamental_momentum_flag_false:revenue_growth_not_positive,no_real_margin_expansion,no_real_positive_free_cash_flow",-0.046291,-0.819938,0.018377,7371,Services-Computer Programming Services,false,AGMH,v2.38BT-global-unicorn-flag
U00093,AGNC,AGNC Investment Corp. - Common Stock,US,1423689,us_sec_v2_38g,INSUFFICIENT_DATA,us_growth_features_not_computable_for_this_company,,0.93511,,6798,Real Estate Investment Trusts,false,AGNC,v2.38BT-global-unicorn-flag
U00094,AGNT,"AGNT, Inc. - Common Stock",US,1495932,us_sec_v2_38g,EVALUATED_NOT_UNICORN,us_fundamental_momentum_flag_false:no_real_margin_expansion,0.044802,,-0.00476,6531,Real Estate Agents & Managers (For Others),false,AGNT,v2.38BT-global-unicorn-flag
U00095,AGPU,Axe Compute Inc. - Common Stock,US,1446159,us_sec_v2_38g,INSUFFICIENT_DATA,us_growth_features_not_computable_for_this_company,,,,6199,Finance Services,true,AGPU,v2.38BT-global-unicorn-flag
U00097,AGYS,"Agilysys, Inc. - Common Stock",US,78749,us_sec_v2_38g,EVALUATED_NOT_UNICORN,us_fundamental_momentum_flag_false:no_real_positive_free_cash_flow,0.158506,0.670226,0.121483,7373,Services-Computer Integrated Systems Design,false,AGYS,v2.38BT-global-unicorn-flag
U00098,AHCO,AdaptHealth Corp. - Common Stock,US,1725255,us_sec_v2_38g,EVALUATED_NOT_UNICORN,"us_fundamental_momentum_flag_false:revenue_growth_not_positive,no_real_margin_expansion",-0.004943,-1.782929,-0.021817,8082,Services-Home Health Care Services,false,AHCO,v2.38BT-global-unicorn-flag
U00099,AHMA,Ambitions Enterprise Management Co. L.L.C - Class A Ordinary Shares,US,2010959,us_sec_v2_38g,INSUFFICIENT_DATA,us_growth_features_not_computable_for_this_company,,,0.060465,7900,Services-Amusement & Recreation Services,false,AHMA,v2.38BT-global-unicorn-flag
U00100,AIAI,AIAI Holdings Corporation - Class A common stock,US,2096362,us_sec_v2_38g,INSUFFICIENT_DATA,us_growth_features_not_computable_for_this_company,,,,7374,Services-Computer Processing & Data Preparation,false,AIAI,v2.38BT-global-unicorn-flag
U00102,AIDX,"20/20 Biolabs, Inc. - Common Stock",US,1139685,us_sec_v2_38g,INSUFFICIENT_DATA,us_growth_features_not_computable_for_this_company,,,-1.828155,8734,Services-Testing Laboratories,false,AIDX,v2.38BT-global-unicorn-flag
U00103,AIFA,"All In FutureTech Alliance, Inc. - Common Stock",US,1708341,us_sec_v2_38g,INSUFFICIENT_DATA,us_growth_features_not_computable_for_this_company,,,,7900,Services-Amusement & Recreation Services,false,AIFA,v2.38BT-global-unicorn-flag
U00104,AIFC,AI Financial Corporation - Common Stock,US,862861,us_sec_v2_38g,EVALUATED_NOT_UNICORN,"us_fundamental_momentum_flag_false:no_real_margin_expansion,no_real_positive_free_cash_flow",0.982126,,-13.869042,6221,Commodity Contracts Brokers & Dealers,true,AIFC,v2.38BT-global-unicorn-flag
U00105,AIFF,"Firefly Neuroscience, Inc. - Common Stock",US,803578,us_sec_v2_38g,EVALUATED_NOT_UNICORN,us_fundamental_momentum_flag_false:no_real_positive_free_cash_flow,9.574074,,-17.409807,7372,Services-Prepackaged Software,false,AIFF,v2.38BT-global-unicorn-flag
U00106,AIFU,AIFU Inc. - Class A Ordinary Share,US,1413855,us_sec_v2_38g,EVALUATED_NOT_UNICORN,"us_fundamental_momentum_flag_false:revenue_growth_not_positive,no_real_margin_expansion,no_real_positive_free_cash_flow",-0.678833,-6.220215,-4.088255,6411,"Insurance Agents, Brokers & Service",true,AIFU,v2.38BT-global-unicorn-flag
U00107,AIHS,Senmiao Technology Limited - Common Stock,US,1711012,us_sec_v2_38g,EVALUATED_NOT_UNICORN,"us_fundamental_momentum_flag_false:revenue_growth_not_positive,no_real_margin_expansion,no_real_positive_free_cash_flow",-0.537449,,-3.408646,7510,Services-Auto Rental & Leasing (No Drivers),false,AIHS,v2.38BT-global-unicorn-flag
U00108,AIIO,Robo.ai Inc. - Class B Ordinary Shares,US,1932737,us_sec_v2_38g,EVALUATED_NOT_UNICORN,"us_fundamental_momentum_flag_false:revenue_growth_not_positive,no_real_margin_expansion,no_real_positive_free_cash_flow",-0.9208,,-176.149474,3711,Motor Vehicles & Passenger Car Bodies,false,AIIO,v2.38BT-global-unicorn-flag
U00110,AIMD,"Ainos, Inc. - Common Stock",US,1014763,us_sec_v2_38g,EVALUATED_NOT_UNICORN,us_fundamental_momentum_flag_false:no_real_positive_free_cash_flow,4.989532,,-118.970433,3577,"Computer Peripheral Equipment, NEC",false,AIMD,v2.38BT-global-unicorn-flag
U00111,AIOS,AIOS Tech Inc. - Class A Common Shares,US,1603993,us_sec_v2_38g,EVALUATED_NOT_UNICORN,"us_fundamental_momentum_flag_false:revenue_growth_not_positive,no_real_margin_expansion,no_real_positive_free_cash_flow",-0.985104,-39.170591,-43.591123,3490,Miscellaneous Fabricated Metal Products,false,AIOS,v2.38BT-global-unicorn-flag
U00112,AIOT,"PowerFleet, Inc. - Common Stock",US,1774170,us_sec_v2_38g,EVALUATED_UNICORN,us_fundamental_momentum_flag_true_real_revenue_growth_and_margin_expansion_and_positive_free_cash_flow,0.224162,,-0.046312,3669,"Communications Equipment, NEC",false,AIOT,v2.38BT-global-unicorn-flag
U00113,AIP,"Arteris, Inc. - Common Stock",US,1667011,us_sec_v2_38g,EVALUATED_UNICORN,us_fundamental_momentum_flag_true_real_revenue_growth_and_margin_expansion_and_positive_free_cash_flow,0.222698,,-0.492299,3674,Semiconductors & Related Devices,false,AIP,v2.38BT-global-unicorn-flag
U00114,AIRE,reAlpha Tech Corp. - Common Stock,US,1859199,us_sec_v2_38g,EVALUATED_NOT_UNICORN,us_fundamental_momentum_flag_false:no_real_positive_free_cash_flow,3.764237,,-3.893765,6500,Real Estate,false,AIRE,v2.38BT-global-unicorn-flag
U00115,AIRG,"Airgain, Inc. - Common Stock",US,1272842,us_sec_v2_38g,EVALUATED_NOT_UNICORN,"us_fundamental_momentum_flag_false:revenue_growth_not_positive,no_real_positive_free_cash_flow",-0.145547,,-0.124104,3663,Radio & Tv Broadcasting & Communications Equipment,false,AIRG,v2.38BT-global-unicorn-flag
U00116,AIRJ,AirJoule Technologies Corporation - Class A Common Stock,US,1855474,us_sec_v2_38g,INSUFFICIENT_DATA,us_growth_features_not_computable_for_this_company,,-1.041912,,3585,Air-Cond & Warm Air Heatg Equip & Comm & Indl Refrig Equip,false,AIRJ,v2.38BT-global-unicorn-flag
U00117,AIRO,"AIRO Group Holdings, Inc. - Common Stock",US,1927958,us_sec_v2_38g,INSUFFICIENT_DATA,us_growth_features_not_computable_for_this_company,,,-0.045145,3721,Aircraft,false,AIRO,v2.38BT-global-unicorn-flag
U00118,AIRS,"AirSculpt Technologies, Inc. - Common Stock",US,1870940,us_sec_v2_38g,EVALUATED_NOT_UNICORN,"us_fundamental_momentum_flag_false:revenue_growth_not_positive,no_real_margin_expansion",-0.158203,,-0.076849,8011,Services-Offices & Clinics of  Doctors of  Medicine,false,AIRS,v2.38BT-global-unicorn-flag
U00119,AIRT,"Air T, Inc. - Common Stock",US,353184,us_sec_v2_38g,EVALUATED_NOT_UNICORN,us_fundamental_momentum_flag_false:no_real_positive_free_cash_flow,0.120747,,0.238415,4513,Air Courier Services,false,AIRT,v2.38BT-global-unicorn-flag
U00120,AISP,"Airship AI Holdings, Inc - Class A Common Stock",US,1842566,us_sec_v2_38g,EVALUATED_NOT_UNICORN,"us_fundamental_momentum_flag_false:revenue_growth_not_positive,no_real_positive_free_cash_flow",-0.335306,,1.913759,7372,Services-Prepackaged Software,false,AISP,v2.38BT-global-unicorn-flag
U00121,AIXC,"AIxCrypto Holdings, Inc. - Common Stock",US,1460702,us_sec_v2_38g,INSUFFICIENT_DATA,us_growth_features_not_computable_for_this_company,,,,6199,Finance Services,true,AIXC,v2.38BT-global-unicorn-flag
U00122,AKAM,"Akamai Technologies, Inc. - Common Stock",US,1086222,us_sec_v2_38g,INSUFFICIENT_DATA,us_growth_features_not_computable_for_this_company,,-0.104744,,7389,"Services-Business Services, NEC",false,AKAM,v2.38BT-global-unicorn-flag
U00124,AKBA,"Akebia Therapeutics, Inc. - Common Stock",US,1517022,us_sec_v2_38g,EVALUATED_UNICORN,us_fundamental_momentum_flag_true_real_revenue_growth_and_margin_expansion_and_positive_free_cash_flow,0.474566,,-0.02263,2834,Pharmaceutical Preparations,false,AKBA,v2.38BT-global-unicorn-flag
U00125,AKTS,"Aktis Oncology, Inc. - Common stock",US,2035832,us_sec_v2_38g,INSUFFICIENT_DATA,us_growth_features_not_computable_for_this_company,,,,2834,Pharmaceutical Preparations,false,AKTS,v2.38BT-global-unicorn-flag
U00126,ALAB,"Astera Labs, Inc. - Common Stock",US,1736297,us_sec_v2_38g,EVALUATED_UNICORN,us_fundamental_momentum_flag_true_real_revenue_growth_and_margin_expansion_and_positive_free_cash_flow,1.151265,,0.257041,3674,Semiconductors & Related Devices,false,ALAB,v2.38BT-global-unicorn-flag
U00128,ALCO,"Alico, Inc. - Common Stock",US,3545,us_sec_v2_38g,EVALUATED_NOT_UNICORN,"us_fundamental_momentum_flag_false:revenue_growth_not_positive,no_real_margin_expansion",-0.055249,-22.129213,-3.343485,0100,Agricultural Production-Crops,false,ALCO,v2.38BT-global-unicorn-flag
U00129,ALDF,Aldel Financial II Inc. - Class A Ordinary Shares,US,2031561,us_sec_v2_38g,INSUFFICIENT_DATA,us_growth_features_not_computable_for_this_company,,3.897674,,6770,Blank Checks,false,ALDF,v2.38BT-global-unicorn-flag
U00130,ALDX,"Aldeyra Therapeutics, Inc. - Common Stock",US,1341235,us_sec_v2_38g,INSUFFICIENT_DATA,us_growth_features_not_computable_for_this_company,,,,2834,Pharmaceutical Preparations,false,ALDX,v2.38BT-global-unicorn-flag
U00131,ALEC,"Alector, Inc. - Common Stock",US,1653087,us_sec_v2_38g,EVALUATED_NOT_UNICORN,"us_fundamental_momentum_flag_false:revenue_growth_not_positive,no_real_margin_expansion,no_real_positive_free_cash_flow",-0.790718,,-6.791589,2836,"Biological Products, (No Diagnostic Substances)",false,ALEC,v2.38BT-global-unicorn-flag
U00133,ALGM,"Allegro MicroSystems, Inc. - Common Stock",US,866291,us_sec_v2_38g,EVALUATED_UNICORN,us_fundamental_momentum_flag_true_real_revenue_growth_and_margin_expansion_and_positive_free_cash_flow,0.227708,,-0.016736,3674,Semiconductors & Related Devices,false,ALGM,v2.38BT-global-unicorn-flag
U00134,ALGN,"Align Technology, Inc. - Common Stock",US,1097149,us_sec_v2_38g,EVALUATED_NOT_UNICORN,us_fundamental_momentum_flag_false:no_real_margin_expansion,0.00899,-0.026132,0.101699,3842,"Orthopedic, Prosthetic & Surgical Appliances & Supplies",false,ALGN,v2.38BT-global-unicorn-flag
U00135,ALGS,"Aligos Therapeutics, Inc. - Common stock",US,1799448,us_sec_v2_38g,EVALUATED_NOT_UNICORN,"us_fundamental_momentum_flag_false:revenue_growth_not_positive,no_real_positive_free_cash_flow",-0.394628,,-11.067246,2836,"Biological Products, (No Diagnostic Substances)",false,ALGS,v2.38BT-global-unicorn-flag
U00136,ALGT,Allegiant Travel Company - Common Stock,US,1362468,us_sec_v2_38g,EVALUATED_UNICORN,us_fundamental_momentum_flag_true_real_revenue_growth_and_margin_expansion_and_positive_free_cash_flow,0.048392,,-0.01923,4512,"Air Transportation, Scheduled",false,ALGT,v2.38BT-global-unicorn-flag
U00137,ALHC,"Alignment Healthcare, Inc. - Common Stock",US,1832466,us_sec_v2_38g,EVALUATED_UNICORN,us_fundamental_momentum_flag_true_real_revenue_growth_and_margin_expansion_and_positive_free_cash_flow,0.460562,,-0.000183,6324,Hospital & Medical Service Plans,true,ALHC,v2.38BT-global-unicorn-flag
U00139,ALKS,Alkermes plc - Ordinary Shares,US,1520262,us_sec_v2_38g,EVALUATED_NOT_UNICORN,"us_fundamental_momentum_flag_false:revenue_growth_not_positive,no_real_margin_expansion",-0.052473,-0.341641,0.16374,2834,Pharmaceutical Preparations,false,ALKS,v2.38BT-global-unicorn-flag
U00140,ALKT,"Alkami Technology, Inc. - Common Stock",US,1529274,us_sec_v2_38g,EVALUATED_UNICORN,us_fundamental_momentum_flag_true_real_revenue_growth_and_margin_expansion_and_positive_free_cash_flow,0.328861,,-0.107412,7372,Services-Prepackaged Software,false,ALKT,v2.38BT-global-unicorn-flag
U00141,ALLO,"Allogene Therapeutics, Inc. - Common Stock",US,1737287,us_sec_v2_38g,EVALUATED_NOT_UNICORN,"us_fundamental_momentum_flag_false:revenue_growth_not_positive,no_real_margin_expansion,no_real_positive_free_cash_flow",-1.0,,,2836,"Biological Products, (No Diagnostic Substances)",false,ALLO,v2.38BT-global-unicorn-flag
U00142,ALLR,"Allarity Therapeutics, Inc. - Common stock",US,1860657,us_sec_v2_38g,INSUFFICIENT_DATA,us_growth_features_not_computable_for_this_company,,,,2834,Pharmaceutical Preparations,false,ALLR,v2.38BT-global-unicorn-flag
U00143,ALLT,Allot Ltd. - Ordinary Shares,US,1365767,us_sec_v2_38g,EVALUATED_UNICORN,us_fundamental_momentum_flag_true_real_revenue_growth_and_margin_expansion_and_positive_free_cash_flow,0.106275,,0.036326,3576,Computer Communications Equipment,false,ALLT,v2.38BT-global-unicorn-flag
U00145,ALMR,"Alamar Biosciences, Inc. - Class A common stock",US,2104204,us_sec_v2_38g,INSUFFICIENT_DATA,us_growth_features_not_computable_for_this_company,,,,3826,Laboratory Analytical Instruments,false,ALMR,v2.38BT-global-unicorn-flag
U00146,ALMS,Alumis Inc. - Common Stock,US,1847367,us_sec_v2_38g,INSUFFICIENT_DATA,us_growth_features_not_computable_for_this_company,,,-10.117464,2834,Pharmaceutical Preparations,false,ALMS,v2.38BT-global-unicorn-flag
U00147,ALMU,"Aeluma, Inc. - Common Stock",US,1828805,us_sec_v2_38g,EVALUATED_NOT_UNICORN,us_fundamental_momentum_flag_false:no_real_positive_free_cash_flow,4.078634,,-0.647803,3674,Semiconductors & Related Devices,false,ALMU,v2.38BT-global-unicorn-flag
U00148,ALNT,Allient Inc. - Common Stock,US,46129,us_sec_v2_38g,EVALUATED_NOT_UNICORN,us_fundamental_momentum_flag_false:no_real_margin_expansion,0.046248,,,3825,Instruments For Meas & Testing of  Electricity & Elec Signals,false,ALNT,v2.38BT-global-unicorn-flag
U00149,ALNY,"Alnylam Pharmaceuticals, Inc. - Common Stock",US,1178670,us_sec_v2_38g,EVALUATED_UNICORN,us_fundamental_momentum_flag_true_real_revenue_growth_and_margin_expansion_and_positive_free_cash_flow,0.651929,,0.084478,2834,Pharmaceutical Preparations,false,ALNY,v2.38BT-global-unicorn-flag
U00150,ALOT,"AstroNova, Inc. - Common Stock",US,8146,us_sec_v2_38g,EVALUATED_NOT_UNICORN,us_fundamental_momentum_flag_false:revenue_growth_not_positive,-0.005077,,-0.015786,3577,"Computer Peripheral Equipment, NEC",false,ALOT,v2.38BT-global-unicorn-flag
U00151,ALOV,"Aldabra 4 Liquidity Opportunity Vehicle, Inc. - Class A Ordinary Shares",US,2083989,us_sec_v2_38g,INSUFFICIENT_DATA,us_growth_features_not_computable_for_this_company,,,,6770,Blank Checks,false,ALOV,v2.38BT-global-unicorn-flag
U00152,ALOY,REalloys Inc. - Common Stock,US,1567900,us_sec_v2_38g,INSUFFICIENT_DATA,us_growth_features_not_computable_for_this_company,,,,1000,Metal Mining,false,ALOY,v2.38BT-global-unicorn-flag
U00153,ALP,Alpha Compute Corp - Common Stock,US,1095435,us_sec_v2_38g,INSUFFICIENT_DATA,us_growth_features_not_computable_for_this_company,,,,6199,Finance Services,true,ALP,v2.38BT-global-unicorn-flag
U00155,ALRM,"Alarm.com Holdings, Inc. - Common Stock",US,1459200,us_sec_v2_38g,EVALUATED_NOT_UNICORN,us_fundamental_momentum_flag_false:no_real_margin_expansion,0.075929,,,7372,Services-Prepackaged Software,false,ALRM,v2.38BT-global-unicorn-flag
U00156,ALRS,Alerus Financial Corporation - Common Stock,US,903419,us_sec_v2_38g,INSUFFICIENT_DATA,us_growth_features_not_computable_for_this_company,,-0.019179,,6021,National Commercial Banks,true,ALRS,v2.38BT-global-unicorn-flag
U00157,ALT,"Altimmune, Inc. - Common Stock",US,1326190,us_sec_v2_38g,EVALUATED_NOT_UNICORN,us_fundamental_momentum_flag_false:no_real_positive_free_cash_flow,1.05,,-2148.609756,2834,Pharmaceutical Preparations,false,ALT,v2.38BT-global-unicorn-flag
U00158,ALTI,"AlTi Global, Inc. - Class A Common Stock",US,1838615,us_sec_v2_38g,EVALUATED_NOT_UNICORN,us_fundamental_momentum_flag_false:no_real_positive_free_cash_flow,0.232058,,-0.469489,6282,Investment Advice,true,ALTI,v2.38BT-global-unicorn-flag
U00159,ALTO,"Alto Ingredients, Inc. - Common Stock",US,778164,us_sec_v2_38g,EVALUATED_NOT_UNICORN,us_fundamental_momentum_flag_false:revenue_growth_not_positive,-0.049035,,0.014531,2860,Industrial Organic Chemicals,false,ALTO,v2.38BT-global-unicorn-flag
U00161,ALXO,ALX Oncology Holdings Inc. - Common Stock,US,1810182,us_sec_v2_38g,INSUFFICIENT_DATA,us_growth_features_not_computable_for_this_company,,,,2834,Pharmaceutical Preparations,false,ALXO,v2.38BT-global-unicorn-flag
U00162,ALZN,"Alzamend Neuro, Inc. - Common Stock",US,1677077,us_sec_v2_38g,INSUFFICIENT_DATA,us_growth_features_not_computable_for_this_company,,,,2834,Pharmaceutical Preparations,false,ALZN,v2.38BT-global-unicorn-flag
U00163,AMAL,Amalgamated Financial Corp. - Common Stock,US,1823608,us_sec_v2_38g,INSUFFICIENT_DATA,us_growth_features_not_computable_for_this_company,,-0.018669,,6022,State Commercial Banks,true,AMAL,v2.38BT-global-unicorn-flag
U00165,AMAT,"Applied Materials, Inc. - Common Stock",US,6951,us_sec_v2_38g,EVALUATED_NOT_UNICORN,us_fundamental_momentum_flag_false:no_real_margin_expansion,0.043862,-0.024941,0.246686,3674,Semiconductors & Related Devices,false,AMAT,v2.38BT-global-unicorn-flag
U00166,AMBA,"Ambarella, Inc. - Ordinary Shares",US,1280263,us_sec_v2_38g,EVALUATED_NOT_UNICORN,us_fundamental_momentum_flag_false:no_real_positive_free_cash_flow,0.371534,,-0.194176,3674,Semiconductors & Related Devices,false,AMBA,v2.38BT-global-unicorn-flag
U00167,AMCI,AMC Robotics Corporation - Common Stock,US,1937891,us_sec_v2_38g,INSUFFICIENT_DATA,us_growth_features_not_computable_for_this_company,,-15.504931,-4.149469,5700,"Retail-Home Furniture, Furnishings & Equipment Stores",false,AMCI,v2.38BT-global-unicorn-flag
U00168,AMCX,AMC Global Media Inc. - Class A Common Stock,US,1514991,us_sec_v2_38g,EVALUATED_NOT_UNICORN,us_fundamental_momentum_flag_false:revenue_growth_not_positive,-0.045229,,0.038671,4841,Cable & Other Pay Television Services,false,AMCX,v2.38BT-global-unicorn-flag
U00169,AMD,"Advanced Micro Devices, Inc. - Common Stock",US,2488,us_sec_v2_38g,EVALUATED_UNICORN,us_fundamental_momentum_flag_true_real_revenue_growth_and_margin_expansion_and_positive_free_cash_flow,0.343378,1.641682,0.125148,3674,Semiconductors & Related Devices,false,AMD,v2.38BT-global-unicorn-flag
U00170,AMGN,Amgen Inc. - Common Stock,US,318154,us_sec_v2_38g,EVALUATED_UNICORN,us_fundamental_momentum_flag_true_real_revenue_growth_and_margin_expansion_and_positive_free_cash_flow,0.099539,0.88533,0.209817,2836,"Biological Products, (No Diagnostic Substances)",false,AMGN,v2.38BT-global-unicorn-flag
U00171,AMIX,"Autonomix Medical, Inc. - Common Stock",US,1617867,us_sec_v2_38g,INSUFFICIENT_DATA,us_growth_features_not_computable_for_this_company,,,,3841,Surgical & Medical Instruments & Apparatus,false,AMIX,v2.38BT-global-unicorn-flag
U00172,AMKR,"Amkor Technology, Inc. - Common Stock",US,1047127,us_sec_v2_38g,EVALUATED_NOT_UNICORN,us_fundamental_momentum_flag_false:no_real_margin_expansion,0.061777,0.056165,0.055739,3674,Semiconductors & Related Devices,false,AMKR,v2.38BT-global-unicorn-flag
U00173,AMLX,"Amylyx Pharmaceuticals, Inc. - Common Stock",US,1658551,us_sec_v2_38g,EVALUATED_NOT_UNICORN,"us_fundamental_momentum_flag_false:revenue_growth_not_positive,no_real_margin_expansion,no_real_positive_free_cash_flow",-1.0,,,2834,Pharmaceutical Preparations,false,AMLX,v2.38BT-global-unicorn-flag
U00174,AMOD,"Alpha Modus Holdings, Inc. - Class A Common Stock",US,1862463,us_sec_v2_38g,INSUFFICIENT_DATA,us_growth_features_not_computable_for_this_company,,-2.954936,-1123.737041,6794,Patent Owners & Lessors,false,AMOD,v2.38BT-global-unicorn-flag
U00175,AMPG,"Amplitech Group, Inc. - Common Stock",US,1518461,us_sec_v2_38g,EVALUATED_NOT_UNICORN,us_fundamental_momentum_flag_false:no_real_positive_free_cash_flow,1.649868,,-0.278107,3669,"Communications Equipment, NEC",false,AMPG,v2.38BT-global-unicorn-flag
U00176,AMPH,"Amphastar Pharmaceuticals, Inc. - Common Stock",US,1297184,us_sec_v2_38g,EVALUATED_NOT_UNICORN,"us_fundamental_momentum_flag_false:revenue_growth_not_positive,no_real_margin_expansion",-0.016503,-0.385064,0.136263,2834,Pharmaceutical Preparations,false,AMPH,v2.38BT-global-unicorn-flag
U00177,AMPL,"Amplitude, Inc. - Class A Common Stock",US,1866692,us_sec_v2_38g,EVALUATED_UNICORN,us_fundamental_momentum_flag_true_real_revenue_growth_and_margin_expansion_and_positive_free_cash_flow,0.14683,,-0.257976,7372,Services-Prepackaged Software,false,AMPL,v2.38BT-global-unicorn-flag
U00178,AMRX,"Amneal Pharmaceuticals, Inc. - Class A Common Stock",US,1723128,us_sec_v2_38g,EVALUATED_NOT_UNICORN,us_fundamental_momentum_flag_false:no_real_margin_expansion,0.08046,,0.02387,2834,Pharmaceutical Preparations,false,AMRX,v2.38BT-global-unicorn-flag
U00179,AMSC,American Superconductor Corporation - Common Stock,US,880807,us_sec_v2_38g,INSUFFICIENT_DATA,us_growth_features_not_computable_for_this_company,,21.179513,,3621,Motors & Generators,false,AMSC,v2.38BT-global-unicorn-flag
U00180,AMSF,"AMERISAFE, Inc. - Common Stock",US,1018979,us_sec_v2_38g,EVALUATED_NOT_UNICORN,us_fundamental_momentum_flag_false:no_real_margin_expansion,0.026563,-0.14956,0.148604,6331,"Fire, Marine & Casualty Insurance",true,AMSF,v2.38BT-global-unicorn-flag
U00181,AMSS,AMASS Brands Inc. - Common Stock,US,1851491,us_sec_v2_38g,INSUFFICIENT_DATA,us_growth_features_not_computable_for_this_company,,,,2080,Beverages,false,AMSS,v2.38BT-global-unicorn-flag
U00182,AMST,Amesite Inc. - Common Stock,US,1807166,us_sec_v2_38g,EVALUATED_NOT_UNICORN,"us_fundamental_momentum_flag_false:revenue_growth_not_positive,no_real_margin_expansion,no_real_positive_free_cash_flow",-0.338097,,-32.74596,7372,Services-Prepackaged Software,false,AMST,v2.38BT-global-unicorn-flag
U00183,AMTX,"Aemetis, Inc - Common Stock",US,738214,us_sec_v2_38g,INSUFFICIENT_DATA,us_growth_features_not_computable_for_this_company,,,,2860,Industrial Organic Chemicals,false,AMTX,v2.38BT-global-unicorn-flag
U00184,AMZN,"Amazon.com, Inc. - Common Stock",US,1018724,us_sec_v2_38g,EVALUATED_NOT_UNICORN,us_fundamental_momentum_flag_false:no_real_positive_free_cash_flow,0.123778,0.31093,0.108338,5961,Retail-Catalog & Mail-Order Houses,false,AMZN,v2.38BT-global-unicorn-flag
U00185,ANAB,"AnaptysBio, Inc. - Common Stock",US,1370053,us_sec_v2_38g,EVALUATED_UNICORN,us_fundamental_momentum_flag_true_real_revenue_growth_and_margin_expansion_and_positive_free_cash_flow,1.570147,,-0.056402,2834,Pharmaceutical Preparations,false,ANAB,v2.38BT-global-unicorn-flag
U00186,ANDE,"The Andersons, Inc. - Common Stock",US,821026,us_sec_v2_38g,EVALUATED_NOT_UNICORN,"us_fundamental_momentum_flag_false:revenue_growth_not_positive,no_real_positive_free_cash_flow",-0.863996,-0.160501,0.062514,5150,Wholesale-Farm Product Raw Materials,false,ANDE,v2.38BT-global-unicorn-flag
U00188,ANGI,Angi Inc. - Class A Common Stock,US,1705110,us_sec_v2_38g,EVALUATED_NOT_UNICORN,"us_fundamental_momentum_flag_false:revenue_growth_not_positive,no_real_margin_expansion,no_real_positive_free_cash_flow",-0.130432,,,7310,Services-Advertising,false,ANGI,v2.38BT-global-unicorn-flag
U00189,ANGO,"AngioDynamics, Inc. - Common Stock",US,1275187,us_sec_v2_38g,EVALUATED_UNICORN,us_fundamental_momentum_flag_true_real_revenue_growth_and_margin_expansion_and_positive_free_cash_flow,0.094619,,-0.114756,3841,Surgical & Medical Instruments & Apparatus,false,ANGO,v2.38BT-global-unicorn-flag
U00190,ANIK,Anika Therapeutics Inc. - Common Stock,US,898437,us_sec_v2_38g,EVALUATED_NOT_UNICORN,us_fundamental_momentum_flag_false:revenue_growth_not_positive,-0.059112,,-0.096438,3841,Surgical & Medical Instruments & Apparatus,false,ANIK,v2.38BT-global-unicorn-flag
U00191,ANIP,"ANI Pharmaceuticals, Inc. - Common Stock",US,1023024,us_sec_v2_38g,EVALUATED_UNICORN,us_fundamental_momentum_flag_true_real_revenue_growth_and_margin_expansion_and_positive_free_cash_flow,0.437826,,0.08868,2834,Pharmaceutical Preparations,false,ANIP,v2.38BT-global-unicorn-flag
U00192,ANIX,"Anixa Biosciences, Inc. - Common Stock",US,715446,us_sec_v2_38g,INSUFFICIENT_DATA,us_growth_features_not_computable_for_this_company,,,,2834,Pharmaceutical Preparations,false,ANIX,v2.38BT-global-unicorn-flag
U00193,ANNA,"AleAnna, Inc. - Class A Common Stock",US,1845123,us_sec_v2_38g,EVALUATED_NOT_UNICORN,"us_fundamental_momentum_flag_false:no_real_margin_expansion,no_real_positive_free_cash_flow",16.630428,,,1311,Crude Petroleum & Natural Gas,false,ANNA,v2.38BT-global-unicorn-flag
U00194,ANNX,"Annexon, Inc. - common stock",US,1528115,us_sec_v2_38g,INSUFFICIENT_DATA,us_growth_features_not_computable_for_this_company,,,,2834,Pharmaceutical Preparations,false,ANNX,v2.38BT-global-unicorn-flag
U00195,ANPA,Rich Sparkle Holdings Limited - Ordinary Shares,US,2031688,us_sec_v2_38g,INSUFFICIENT_DATA,us_growth_features_not_computable_for_this_company,,,0.021271,7380,Services-Miscellaneous Business Services,false,ANPA,v2.38BT-global-unicorn-flag
U00197,ANTA,Antalpha Platform Holding Company - Class A Ordinary Shares,US,2044255,us_sec_v2_38g,INSUFFICIENT_DATA,us_growth_features_not_computable_for_this_company,,,0.306661,6221,Commodity Contracts Brokers & Dealers,true,ANTA,v2.38BT-global-unicorn-flag
U00198,ANTX,"AN2 Therapeutics, Inc. - Common Stock",US,1880438,us_sec_v2_38g,INSUFFICIENT_DATA,us_growth_features_not_computable_for_this_company,,,,2834,Pharmaceutical Preparations,false,ANTX,v2.38BT-global-unicorn-flag
U00199,ANY,Sphere 3D Corp. - Common Shares,US,1591956,us_sec_v2_38g,EVALUATED_NOT_UNICORN,"us_fundamental_momentum_flag_false:revenue_growth_not_positive,no_real_margin_expansion,no_real_positive_free_cash_flow",-0.32677,,-1.921295,6199,Finance Services,true,ANY,v2.38BT-global-unicorn-flag
U00200,AOSL,Alpha and Omega Semiconductor Limited - Common Shares,US,1387467,us_sec_v2_38g,EVALUATED_NOT_UNICORN,"us_fundamental_momentum_flag_false:revenue_growth_not_positive,no_real_positive_free_cash_flow",-0.024757,,-0.062253,3674,Semiconductors & Related Devices,false,AOSL,v2.38BT-global-unicorn-flag
U00201,AOUT,"American Outdoor Brands, Inc. - Common Stock",US,1808997,us_sec_v2_38g,EVALUATED_NOT_UNICORN,"us_fundamental_momentum_flag_false:revenue_growth_not_positive,no_real_margin_expansion",-0.142973,,-0.048327,3949,"Sporting & Athletic Goods, NEC",false,AOUT,v2.38BT-global-unicorn-flag
U00202,APA,APA Corporation - Common Stock,US,1841666,us_sec_v2_38g,INSUFFICIENT_DATA,us_growth_features_not_computable_for_this_company,,,,1311,Crude Petroleum & Natural Gas,false,APA,v2.38BT-global-unicorn-flag
U00204,APC,ARKO Petroleum Corp. - Class A Common Stock,US,2080921,us_sec_v2_38g,INSUFFICIENT_DATA,us_growth_features_not_computable_for_this_company,,,,5172,Wholesale-Petroleum & Petroleum Products (No Bulk Stations),false,APC,v2.38BT-global-unicorn-flag
U00205,APEI,"American Public Education, Inc. - Common Stock",US,1201792,us_sec_v2_38g,EVALUATED_UNICORN,us_fundamental_momentum_flag_true_real_revenue_growth_and_margin_expansion_and_positive_free_cash_flow,0.038912,0.958481,0.048634,8200,Services-Educational Services,false,APEI,v2.38BT-global-unicorn-flag
U00206,APGE,"Apogee Therapeutics, Inc. - Common Stock",US,1974640,us_sec_v2_38g,INSUFFICIENT_DATA,us_growth_features_not_computable_for_this_company,,,,2836,"Biological Products, (No Diagnostic Substances)",false,APGE,v2.38BT-global-unicorn-flag
U00207,API,"Agora, Inc. - ADS",US,1802883,us_sec_v2_38g,EVALUATED_UNICORN,us_fundamental_momentum_flag_true_real_revenue_growth_and_margin_expansion_and_positive_free_cash_flow,0.058541,,0.067547,7372,Services-Prepackaged Software,false,API,v2.38BT-global-unicorn-flag
U00208,APLD,Applied Digital Corporation - Common Stock,US,1144879,us_sec_v2_38g,EVALUATED_NOT_UNICORN,"us_fundamental_momentum_flag_false:no_real_margin_expansion,no_real_positive_free_cash_flow",3.239533,,,7374,Services-Computer Processing & Data Preparation,false,APLD,v2.38BT-global-unicorn-flag
U00212,APOG,"Apogee Enterprises, Inc. - Common Stock",US,6845,us_sec_v2_38g,EVALUATED_NOT_UNICORN,us_fundamental_momentum_flag_false:no_real_margin_expansion,0.032138,-0.363554,0.038535,3231,"Glass Products, Made of  Purchased Glass",false,APOG,v2.38BT-global-unicorn-flag
U00213,APP,Applovin Corporation - Class A Common Stock,US,1751008,us_sec_v2_38g,EVALUATED_NOT_UNICORN,us_fundamental_momentum_flag_false:no_real_positive_free_cash_flow,0.16382,1.110268,0.608269,7370,"Services-Computer Programming, Data Processing, Etc.",false,APP,v2.38BT-global-unicorn-flag
U00214,APPF,"AppFolio, Inc. - Class A Common Stock",US,1433195,us_sec_v2_38g,EVALUATED_NOT_UNICORN,us_fundamental_momentum_flag_false:no_real_margin_expansion,0.197204,-0.309431,0.148212,7372,Services-Prepackaged Software,false,APPF,v2.38BT-global-unicorn-flag
U00215,APPN,Appian Corporation - Class A Common Stock,US,1441683,us_sec_v2_38g,EVALUATED_UNICORN,us_fundamental_momentum_flag_true_real_revenue_growth_and_margin_expansion_and_positive_free_cash_flow,0.178138,,0.001696,7372,Services-Prepackaged Software,false,APPN,v2.38BT-global-unicorn-flag
U00216,APPS,"Digital Turbine, Inc. - Common Stock",US,317788,us_sec_v2_38g,EVALUATED_UNICORN,us_fundamental_momentum_flag_true_real_revenue_growth_and_margin_expansion_and_positive_free_cash_flow,0.152383,,-0.066753,6794,Patent Owners & Lessors,false,APPS,v2.38BT-global-unicorn-flag
U00217,APRE,"Aprea Therapeutics, Inc. - Common Stock",US,1781983,us_sec_v2_38g,INSUFFICIENT_DATA,us_growth_features_not_computable_for_this_company,,,,2834,Pharmaceutical Preparations,false,APRE,v2.38BT-global-unicorn-flag
U00218,APUR,Aperture AC - Class A Ordinary Shares,US,2093524,us_sec_v2_38g,INSUFFICIENT_DATA,us_growth_features_not_computable_for_this_company,,,,6770,Blank Checks,false,APUR,v2.38BT-global-unicorn-flag
U00219,APVO,Aptevo Therapeutics Inc. - Common Stock,US,1671584,us_sec_v2_38g,INSUFFICIENT_DATA,us_growth_features_not_computable_for_this_company,,,,2834,Pharmaceutical Preparations,false,APVO,v2.38BT-global-unicorn-flag
U00220,APWC,"Asia Pacific Wire & Cable Corporation Limited - Common shares, Par value .01 per share",US,1026980,us_sec_v2_38g,EVALUATED_NOT_UNICORN,us_fundamental_momentum_flag_false:revenue_growth_not_positive,-0.020513,,0.023621,3357,Drawing & Insulating of  Nonferrous Wire,false,APWC,v2.38BT-global-unicorn-flag
U00221,APXT,Apex Treasury Corporation - Class A Ordinary Share,US,2079253,us_sec_v2_38g,INSUFFICIENT_DATA,us_growth_features_not_computable_for_this_company,,,,6770,Blank Checks,false,APXT,v2.38BT-global-unicorn-flag
U00222,APYX,Apyx Medical Corporation - Common Stock,US,719135,us_sec_v2_38g,EVALUATED_NOT_UNICORN,us_fundamental_momentum_flag_false:no_real_positive_free_cash_flow,0.098582,,-0.212153,3841,Surgical & Medical Instruments & Apparatus,false,APYX,v2.38BT-global-unicorn-flag
U00223,AQB,"AquaBounty Technologies, Inc. - Common Stock",US,1603978,us_sec_v2_38g,INSUFFICIENT_DATA,us_growth_features_not_computable_for_this_company,,,,0900,"Fishing, Hunting and Trapping",false,AQB,v2.38BT-global-unicorn-flag
U00224,AQMS,"Aqua Metals, Inc. - Common Stock",US,1621832,us_sec_v2_38g,INSUFFICIENT_DATA,us_growth_features_not_computable_for_this_company,,,,3341,Secondary Smelting & Refining of  Nonferrous Metals,false,AQMS,v2.38BT-global-unicorn-flag
U00225,AQST,"Aquestive Therapeutics, Inc. - Common Stock",US,1398733,us_sec_v2_38g,EVALUATED_NOT_UNICORN,"us_fundamental_momentum_flag_false:revenue_growth_not_positive,no_real_margin_expansion,no_real_positive_free_cash_flow",-0.226125,,-1.880884,2834,Pharmaceutical Preparations,false,AQST,v2.38BT-global-unicorn-flag
U00226,ARAI,Arrive AI Inc. - Common Stock,US,1818274,us_sec_v2_38g,INSUFFICIENT_DATA,us_growth_features_not_computable_for_this_company,,,-113.257254,7340,Services-To Dwellings & Other Buildings,false,ARAI,v2.38BT-global-unicorn-flag
U00227,ARAY,Accuray Incorporated - Common Stock,US,1138723,us_sec_v2_38g,EVALUATED_NOT_UNICORN,"us_fundamental_momentum_flag_false:revenue_growth_not_positive,no_real_margin_expansion,no_real_positive_free_cash_flow",-0.123353,,-0.122389,3841,Surgical & Medical Instruments & Apparatus,false,ARAY,v2.38BT-global-unicorn-flag
U00229,ARBE,Arbe Robotics Ltd. - Ordinary Shares,US,1861841,us_sec_v2_38g,EVALUATED_NOT_UNICORN,us_fundamental_momentum_flag_false:no_real_positive_free_cash_flow,0.335938,,-45.244639,7373,Services-Computer Integrated Systems Design,false,ARBE,v2.38BT-global-unicorn-flag
U00230,ARCB,ArcBest Corporation - Common Stock,US,894405,us_sec_v2_38g,EVALUATED_NOT_UNICORN,"us_fundamental_momentum_flag_false:revenue_growth_not_positive,no_real_margin_expansion",-0.040407,-0.654532,0.014986,4213,Trucking (No Local),false,ARCB,v2.38BT-global-unicorn-flag
U00232,ARCI,Archimedes Tech SPAC Partners III Co. - Ordinary Share,US,2083910,us_sec_v2_38g,INSUFFICIENT_DATA,us_growth_features_not_computable_for_this_company,,,,6770,Blank Checks,false,ARCI,v2.38BT-global-unicorn-flag
U00234,ARCT,Arcturus Therapeutics Holdings Inc. - Common Stock,US,1768224,us_sec_v2_38g,EVALUATED_NOT_UNICORN,"us_fundamental_momentum_flag_false:revenue_growth_not_positive,no_real_margin_expansion,no_real_positive_free_cash_flow",-0.461421,,-0.801929,2834,Pharmaceutical Preparations,false,ARCT,v2.38BT-global-unicorn-flag
U00235,ARDX,"Ardelyx, Inc. - Common Stock",US,1437402,us_sec_v2_38g,EVALUATED_NOT_UNICORN,"us_fundamental_momentum_flag_false:no_real_margin_expansion,no_real_positive_free_cash_flow",0.220928,,-0.15123,2834,Pharmaceutical Preparations,false,ARDX,v2.38BT-global-unicorn-flag
U00236,AREC,American Resources Corporation - Class A Common Stock,US,1590715,us_sec_v2_38g,EVALUATED_NOT_UNICORN,"us_fundamental_momentum_flag_false:revenue_growth_not_positive,no_real_margin_expansion,no_real_positive_free_cash_flow",-1.0,,,1220,Silver Ores,false,AREC,v2.38BT-global-unicorn-flag
U00237,ARHS,"Arhaus, Inc. - Class A Common Stock",US,1875444,us_sec_v2_38g,EVALUATED_NOT_UNICORN,us_fundamental_momentum_flag_false:no_real_margin_expansion,0.085056,-0.018877,0.048764,5712,Retail-Furniture Stores,false,ARHS,v2.38BT-global-unicorn-flag
U00238,ARKO,ARKO Corp. - Common Stock,US,1823794,us_sec_v2_38g,INSUFFICIENT_DATA,us_growth_features_not_computable_for_this_company,,0.091101,,5412,Retail-Convenience Stores,false,ARKO,v2.38BT-global-unicorn-flag
U00239,ARKR,Ark Restaurants Corp. - Common Stock,US,779544,us_sec_v2_38g,EVALUATED_NOT_UNICORN,"us_fundamental_momentum_flag_false:revenue_growth_not_positive,no_real_margin_expansion,no_real_positive_free_cash_flow",-0.096946,,-0.069176,5812,Retail-Eating  Places,false,ARKR,v2.38BT-global-unicorn-flag
U00240,AROW,Arrow Financial Corporation - Common Stock,US,717538,us_sec_v2_38g,INSUFFICIENT_DATA,us_growth_features_not_computable_for_this_company,,0.479451,,6021,National Commercial Banks,true,AROW,v2.38BT-global-unicorn-flag
U00241,ARQ,"Arq, Inc. - Common Stock",US,1515156,us_sec_v2_38g,INSUFFICIENT_DATA,us_growth_features_not_computable_for_this_company,,,,2890,Miscellaneous Chemical Products,false,ARQ,v2.38BT-global-unicorn-flag
U00243,ARQT,"Arcutis Biotherapeutics, Inc. - Common stock",US,1787306,us_sec_v2_38g,EVALUATED_NOT_UNICORN,us_fundamental_momentum_flag_false:no_real_positive_free_cash_flow,0.913443,,-0.04292,2834,Pharmaceutical Preparations,false,ARQT,v2.38BT-global-unicorn-flag
U00244,ARRY,"Array Technologies, Inc. - Common Stock",US,1820721,us_sec_v2_38g,EVALUATED_UNICORN,us_fundamental_momentum_flag_true_real_revenue_growth_and_margin_expansion_and_positive_free_cash_flow,0.402196,,-0.040677,3674,Semiconductors & Related Devices,false,ARRY,v2.38BT-global-unicorn-flag
U00246,ARTL,"Artelo Biosciences, Inc. - Common Stock",US,1621221,us_sec_v2_38g,INSUFFICIENT_DATA,us_growth_features_not_computable_for_this_company,,,,2834,Pharmaceutical Preparations,false,ARTL,v2.38BT-global-unicorn-flag
U00247,ARTNA,Artesian Resources Corporation - Class A Non-Voting Common Stock,US,863110,us_sec_v2_38g,EVALUATED_NOT_UNICORN,us_fundamental_momentum_flag_false:no_real_positive_free_cash_flow,0.046215,0.119055,0.20207,4941,Water Supply,false,ARTNA,v2.38BT-global-unicorn-flag
U00248,ARTV,"Artiva Biotherapeutics, Inc. - Common Stock",US,1817241,us_sec_v2_38g,EVALUATED_NOT_UNICORN,"us_fundamental_momentum_flag_false:revenue_growth_not_positive,no_real_margin_expansion,no_real_positive_free_cash_flow",-1.0,,,2836,"Biological Products, (No Diagnostic Substances)",false,ARTV,v2.38BT-global-unicorn-flag
U00249,ARTW,"Art's-Way Manufacturing Co., Inc. - Common Stock",US,7623,us_sec_v2_38g,EVALUATED_NOT_UNICORN,"us_fundamental_momentum_flag_false:revenue_growth_not_positive,no_real_positive_free_cash_flow",-0.062204,2.366894,0.045044,3523,Farm Machinery & Equipment,false,ARTW,v2.38BT-global-unicorn-flag
U00250,ARVN,"Arvinas, Inc. - Common Stock",US,1655759,us_sec_v2_38g,EVALUATED_NOT_UNICORN,"us_fundamental_momentum_flag_false:revenue_growth_not_positive,no_real_positive_free_cash_flow",-0.003037,,-0.307692,2834,Pharmaceutical Preparations,false,ARVN,v2.38BT-global-unicorn-flag
U00251,ARWR,"Arrowhead Pharmaceuticals, Inc. - Common Stock",US,879407,us_sec_v2_38g,EVALUATED_UNICORN,us_fundamental_momentum_flag_true_real_revenue_growth_and_margin_expansion_and_positive_free_cash_flow,232.581526,,-0.001966,2834,Pharmaceutical Preparations,false,ARWR,v2.38BT-global-unicorn-flag
U00252,ARXS,"Arxis, Inc. - Class A Common Stock",US,2093536,us_sec_v2_38g,INSUFFICIENT_DATA,us_growth_features_not_computable_for_this_company,,,,3728,"Aircraft Parts & Auxiliary Equipment, NEC",false,ARXS,v2.38BT-global-unicorn-flag
U00253,ASBP,"Aspire Biopharma Holdings, Inc. - Common Stock",US,1847345,us_sec_v2_38g,INSUFFICIENT_DATA,us_growth_features_not_computable_for_this_company,,,-3947.250564,2834,Pharmaceutical Preparations,false,ASBP,v2.38BT-global-unicorn-flag
U00254,ASLE,AerSale Corporation - Common Stock,US,1754170,us_sec_v2_38g,EVALUATED_NOT_UNICORN,"us_fundamental_momentum_flag_false:revenue_growth_not_positive,no_real_positive_free_cash_flow",-0.028342,0.465561,0.025575,5080,"Wholesale-Machinery, Equipment & Supplies",false,ASLE,v2.38BT-global-unicorn-flag
U00255,ASMB,"Assembly Biosciences, Inc. - Common Stock",US,1426800,us_sec_v2_38g,INSUFFICIENT_DATA,us_growth_features_not_computable_for_this_company,,,-0.084671,2834,Pharmaceutical Preparations,false,ASMB,v2.38BT-global-unicorn-flag
U00256,ASML,ASML Holding N.V. - New York Registry Shares,US,937966,us_sec_v2_38g,INSUFFICIENT_DATA,us_growth_features_not_computable_for_this_company,,,,3559,"Special Industry Machinery, NEC",false,ASML,v2.38BT-global-unicorn-flag
U00258,ASO,"Academy Sports and Outdoors, Inc. - Common Stock",US,1817358,us_sec_v2_38g,EVALUATED_NOT_UNICORN,us_fundamental_momentum_flag_false:no_real_margin_expansion,0.020218,-0.099604,0.062241,5940,Retail-Miscellaneous Shopping Goods Stores,false,ASO,v2.38BT-global-unicorn-flag
U00260,ASPI,ASP Isotopes Inc. - Common Stock,US,1921865,us_sec_v2_38g,EVALUATED_NOT_UNICORN,us_fundamental_momentum_flag_false:no_real_positive_free_cash_flow,4.754754,,-6.702294,2890,Miscellaneous Chemical Products,false,ASPI,v2.38BT-global-unicorn-flag
U00261,ASPS,Altisource Portfolio Solutions S.A. - Common Stock,US,1462418,us_sec_v2_38g,EVALUATED_NOT_UNICORN,"us_fundamental_momentum_flag_false:no_real_margin_expansion,no_real_positive_free_cash_flow",0.0677,,,7380,Services-Miscellaneous Business Services,false,ASPS,v2.38BT-global-unicorn-flag
U00262,ASRV,AmeriServ Financial Inc. - Common Stock,US,707605,us_sec_v2_38g,EVALUATED_NOT_UNICORN,"us_fundamental_momentum_flag_false:revenue_growth_not_positive,no_real_positive_free_cash_flow",-0.063184,0.558456,0.383491,6021,National Commercial Banks,true,ASRV,v2.38BT-global-unicorn-flag
U00263,ASST,"Strive, Inc. - Class A Common Stock",US,1920406,us_sec_v2_38g,EVALUATED_NOT_UNICORN,"us_fundamental_momentum_flag_false:no_real_margin_expansion,no_real_positive_free_cash_flow",1.386782,,-260.316138,6199,Finance Services,true,ASST,v2.38BT-global-unicorn-flag
U00264,ASTC,Astrotech Corporation - Common Stock,US,1001907,us_sec_v2_38g,EVALUATED_NOT_UNICORN,"us_fundamental_momentum_flag_false:revenue_growth_not_positive,no_real_margin_expansion,no_real_positive_free_cash_flow",-0.411765,,-13.85,3826,Laboratory Analytical Instruments,false,ASTC,v2.38BT-global-unicorn-flag
U00265,ASTE,"Astec Industries, Inc. - Common Stock",US,792987,us_sec_v2_38g,EVALUATED_UNICORN,us_fundamental_momentum_flag_true_real_revenue_growth_and_margin_expansion_and_positive_free_cash_flow,0.080683,8.023256,0.02751,3531,Construction Machinery & Equip,false,ASTE,v2.38BT-global-unicorn-flag
U00266,ASTH,Astrana Health Inc. - Common Stock,US,1083446,us_sec_v2_38g,EVALUATED_NOT_UNICORN,us_fundamental_momentum_flag_false:no_real_margin_expansion,0.563876,-0.478852,0.007067,8742,Services-Management Consulting Services,false,ASTH,v2.38BT-global-unicorn-flag
U00267,ASTI,"Ascent Solar Technologies, Inc - Common Stock",US,1350102,us_sec_v2_38g,EVALUATED_NOT_UNICORN,us_fundamental_momentum_flag_false:no_real_positive_free_cash_flow,0.832597,,-102.024866,3674,Semiconductors & Related Devices,false,ASTI,v2.38BT-global-unicorn-flag
U00269,ASTS,"AST SpaceMobile, Inc. - Class A Common Stock",US,1780312,us_sec_v2_38g,INSUFFICIENT_DATA,us_growth_features_not_computable_for_this_company,,,,4899,"Communications Services, NEC",false,ASTS,v2.38BT-global-unicorn-flag
U00270,ASUR,Asure Software Inc - Common Stock,US,884144,us_sec_v2_38g,INSUFFICIENT_DATA,us_growth_features_not_computable_for_this_company,,,,7373,Services-Computer Integrated Systems Design,false,ASUR,v2.38BT-global-unicorn-flag
U00271,ASYS,"Amtech Systems, Inc. - Common Stock",US,720500,us_sec_v2_38g,EVALUATED_NOT_UNICORN,"us_fundamental_momentum_flag_false:revenue_growth_not_positive,no_real_margin_expansion",-0.215879,,-0.382113,3559,"Special Industry Machinery, NEC",false,ASYS,v2.38BT-global-unicorn-flag
U00272,ATAI,AtaiBeckley Inc. - Common Stock,US,2081043,us_sec_v2_38g,INSUFFICIENT_DATA,us_growth_features_not_computable_for_this_company,,,-161.420152,2834,Pharmaceutical Preparations,false,ATAI,v2.38BT-global-unicorn-flag
U00273,ATCX,Atlas Critical Minerals Corporation - Common Stock,US,1684688,us_sec_v2_38g,EVALUATED_NOT_UNICORN,"us_fundamental_momentum_flag_false:revenue_growth_not_positive,no_real_margin_expansion,no_real_positive_free_cash_flow",-0.86136,,-58.602405,1040,Gold and Silver Ores,false,ATCX,v2.38BT-global-unicorn-flag
U00274,ATEC,"Alphatec Holdings, Inc. - Common Stock",US,1350653,us_sec_v2_38g,INSUFFICIENT_DATA,us_growth_features_not_computable_for_this_company,,,,3841,Surgical & Medical Instruments & Apparatus,false,ATEC,v2.38BT-global-unicorn-flag
U00275,ATER,"Aterian, Inc. - Common Stock",US,1757715,us_sec_v2_38g,EVALUATED_NOT_UNICORN,"us_fundamental_momentum_flag_false:revenue_growth_not_positive,no_real_margin_expansion,no_real_positive_free_cash_flow",-0.303599,,-0.27523,3634,Electric Housewares & Fans,false,ATER,v2.38BT-global-unicorn-flag
U00276,ATEX,Anterix Inc. - Common Stock,US,1304492,us_sec_v2_38g,EVALUATED_UNICORN,us_fundamental_momentum_flag_true_real_revenue_growth_and_margin_expansion_and_positive_free_cash_flow,0.077931,,13.941701,4813,Telephone Communications (No Radiotelephone),false,ATEX,v2.38BT-global-unicorn-flag
U00277,ATGL,Alpha Technology Group Limited - Class A Ordinary Shares,US,1967621,us_sec_v2_38g,EVALUATED_NOT_UNICORN,"us_fundamental_momentum_flag_false:revenue_growth_not_positive,no_real_margin_expansion,no_real_positive_free_cash_flow",-0.402242,,-9.519888,7371,Services-Computer Programming Services,false,ATGL,v2.38BT-global-unicorn-flag
U00278,ATHR,"Aether Holdings, Inc. - Common Stock",US,2026353,us_sec_v2_38g,INSUFFICIENT_DATA,us_growth_features_not_computable_for_this_company,,,-2.274911,7372,Services-Prepackaged Software,false,ATHR,v2.38BT-global-unicorn-flag
U00279,ATII,Archimedes Tech SPAC Partners II Co. - Ordinary Shares,US,2028516,us_sec_v2_38g,INSUFFICIENT_DATA,us_growth_features_not_computable_for_this_company,,,,6770,Blank Checks,false,ATII,v2.38BT-global-unicorn-flag
U00280,ATLC,Atlanticus Holdings Corporation - Common Stock,US,1464343,us_sec_v2_38g,EVALUATED_NOT_UNICORN,"us_fundamental_momentum_flag_false:no_real_margin_expansion,no_real_positive_free_cash_flow",0.50094,0.098009,0.062083,6141,Personal Credit Institutions,true,ATLC,v2.38BT-global-unicorn-flag
U00281,ATLO,Ames National Corporation - Common Stock,US,1132651,us_sec_v2_38g,INSUFFICIENT_DATA,us_growth_features_not_computable_for_this_company,,0.862106,,6021,National Commercial Banks,true,ATLO,v2.38BT-global-unicorn-flag
U00282,ATLX,Atlas Lithium Corporation - Common Stock,US,1540684,us_sec_v2_38g,EVALUATED_NOT_UNICORN,"us_fundamental_momentum_flag_false:revenue_growth_not_positive,no_real_margin_expansion,no_real_positive_free_cash_flow",-0.837858,,-231.576367,1400,Mining & Quarrying of  Nonmetallic Minerals (No Fuels),false,ATLX,v2.38BT-global-unicorn-flag
U00283,ATNI,"ATN International, Inc. - Common Stock",US,879585,us_sec_v2_38g,EVALUATED_NOT_UNICORN,"us_fundamental_momentum_flag_false:revenue_growth_not_positive,no_real_margin_expansion",-0.010171,,-0.022343,4813,Telephone Communications (No Radiotelephone),false,ATNI,v2.38BT-global-unicorn-flag
U00284,ATOM,Atomera Incorporated - Common Stock,US,1420520,us_sec_v2_38g,EVALUATED_NOT_UNICORN,"us_fundamental_momentum_flag_false:revenue_growth_not_positive,no_real_margin_expansion,no_real_positive_free_cash_flow",-0.518519,,-310.369231,3674,Semiconductors & Related Devices,false,ATOM,v2.38BT-global-unicorn-flag
U00285,ATOS,"Atossa Therapeutics, Inc. - Common Stock",US,1488039,us_sec_v2_38g,INSUFFICIENT_DATA,us_growth_features_not_computable_for_this_company,,,,2834,Pharmaceutical Preparations,false,ATOS,v2.38BT-global-unicorn-flag
U00286,ATPC,Agape ATP Corporation - Common Stock,US,1713210,us_sec_v2_38g,EVALUATED_NOT_UNICORN,us_fundamental_momentum_flag_false:no_real_positive_free_cash_flow,0.152346,,-1.495669,8000,Services-Health Services,false,ATPC,v2.38BT-global-unicorn-flag
U00287,ATRA,"Atara Biotherapeutics, Inc. - Common Stock",US,1604464,us_sec_v2_38g,EVALUATED_NOT_UNICORN,"us_fundamental_momentum_flag_false:revenue_growth_not_positive,no_real_positive_free_cash_flow",-0.063347,,0.270659,2836,"Biological Products, (No Diagnostic Substances)",false,ATRA,v2.38BT-global-unicorn-flag
U00288,ATRC,"AtriCure, Inc. - Common Stock",US,1323885,us_sec_v2_38g,EVALUATED_UNICORN,us_fundamental_momentum_flag_true_real_revenue_growth_and_margin_expansion_and_positive_free_cash_flow,0.148764,,-0.021417,3841,Surgical & Medical Instruments & Apparatus,false,ATRC,v2.38BT-global-unicorn-flag
U00289,ATRO,Astronics Corporation - Common Stock,US,8063,us_sec_v2_38g,EVALUATED_NOT_UNICORN,us_fundamental_momentum_flag_false:no_real_positive_free_cash_flow,0.083857,,0.034054,3728,"Aircraft Parts & Auxiliary Equipment, NEC",false,ATRO,v2.38BT-global-unicorn-flag
U00290,ATXG,Addentax Group Corp. - Common Stock,US,1650101,us_sec_v2_38g,EVALUATED_NOT_UNICORN,us_fundamental_momentum_flag_false:no_real_positive_free_cash_flow,0.284691,,-0.832063,7330,"Services-Mailing, Reproduction, Commercial Art & Photography",false,ATXG,v2.38BT-global-unicorn-flag
U00291,ATYR,"aTyr Pharma, Inc. - Common Stock",US,1339970,us_sec_v2_38g,EVALUATED_NOT_UNICORN,"us_fundamental_momentum_flag_false:revenue_growth_not_positive,no_real_margin_expansion,no_real_positive_free_cash_flow",-0.191489,,-390.094737,2836,"Biological Products, (No Diagnostic Substances)",false,ATYR,v2.38BT-global-unicorn-flag
U00292,AUBN,"Auburn National Bancorporation, Inc. - Common Stock",US,750574,us_sec_v2_38g,INSUFFICIENT_DATA,us_growth_features_not_computable_for_this_company,,,,6022,State Commercial Banks,true,AUBN,v2.38BT-global-unicorn-flag
U00293,AUC,ATIF Holdings Limited - Ordinary Shares,US,1755058,us_sec_v2_38g,EVALUATED_NOT_UNICORN,"us_fundamental_momentum_flag_false:revenue_growth_not_positive,no_real_margin_expansion,no_real_positive_free_cash_flow",-0.971429,,-45.5932,8742,Services-Management Consulting Services,false,AUC,v2.38BT-global-unicorn-flag
U00294,AUDC,AudioCodes Ltd. - Ordinary Shares,US,1086434,us_sec_v2_38g,EVALUATED_NOT_UNICORN,us_fundamental_momentum_flag_false:no_real_margin_expansion,0.014155,-0.415126,0.036461,3661,Telephone & Telegraph Apparatus,false,AUDC,v2.38BT-global-unicorn-flag
U00296,AUID,authID Inc. - Common Stock,US,1534154,us_sec_v2_38g,EVALUATED_NOT_UNICORN,us_fundamental_momentum_flag_false:no_real_positive_free_cash_flow,1.301968,,-8.787784,7372,Services-Prepackaged Software,false,AUID,v2.38BT-global-unicorn-flag
U00297,AUPH,Aurinia Pharmaceuticals Inc - Common Shares,US,1600620,us_sec_v2_38g,EVALUATED_NOT_UNICORN,us_fundamental_momentum_flag_false:no_real_positive_free_cash_flow,0.203808,48.930807,1.014651,2834,Pharmaceutical Preparations,false,AUPH,v2.38BT-global-unicorn-flag
U00298,AUR,"Aurora Innovation, Inc. - Class A Common Stock",US,1828108,us_sec_v2_38g,INSUFFICIENT_DATA,us_growth_features_not_computable_for_this_company,,,-272.0,7373,Services-Computer Integrated Systems Design,false,AUR,v2.38BT-global-unicorn-flag
U00299,AURA,"Aura Biosciences, Inc. - Common Stock",US,1501796,us_sec_v2_38g,INSUFFICIENT_DATA,us_growth_features_not_computable_for_this_company,,,,2836,"Biological Products, (No Diagnostic Substances)",false,AURA,v2.38BT-global-unicorn-flag
U00300,AURE,Aurelion Inc. - Class A Ordinary Shares,US,1765850,us_sec_v2_38g,EVALUATED_NOT_UNICORN,"us_fundamental_momentum_flag_false:no_real_margin_expansion,no_real_positive_free_cash_flow",0.836042,,-10.746525,6199,Finance Services,true,AURE,v2.38BT-global-unicorn-flag
U00301,AUUD,Auddia Inc. - Common Stock,US,1554818,us_sec_v2_38g,INSUFFICIENT_DATA,us_growth_features_not_computable_for_this_company,,,,7374,Services-Computer Processing & Data Preparation,false,AUUD,v2.38BT-global-unicorn-flag
U00302,AVAH,Aveanna Healthcare Holdings Inc. - Common Stock,US,1832332,us_sec_v2_38g,INSUFFICIENT_DATA,us_growth_features_not_computable_for_this_company,,,0.092485,8082,Services-Home Health Care Services,false,AVAH,v2.38BT-global-unicorn-flag
U00303,AVAT,Avalanche Treasury Corporation - Class A Common Stock,US,2092446,us_sec_v2_38g,INSUFFICIENT_DATA,us_growth_features_not_computable_for_this_company,,,,6199,Finance Services,true,AVAT,v2.38BT-global-unicorn-flag
U00304,AVAV,"AeroVironment, Inc. - Common Stock",US,1368622,us_sec_v2_38g,INSUFFICIENT_DATA,us_growth_features_not_computable_for_this_company,,,,3721,Aircraft,false,AVAV,v2.38BT-global-unicorn-flag
U00305,AVBH,"Avidbank Holdings, Inc. - Common Stock",US,1443575,us_sec_v2_38g,INSUFFICIENT_DATA,us_growth_features_not_computable_for_this_company,,,,6022,State Commercial Banks,true,AVBH,v2.38BT-global-unicorn-flag
U00306,AVBP,"ArriVent BioPharma, Inc. - Common Stock",US,1868279,us_sec_v2_38g,INSUFFICIENT_DATA,us_growth_features_not_computable_for_this_company,,,,2834,Pharmaceutical Preparations,false,AVBP,v2.38BT-global-unicorn-flag
U00307,AVGO,Broadcom Inc. - Common Stock,US,1730168,us_sec_v2_38g,EVALUATED_NOT_UNICORN,us_fundamental_momentum_flag_false:no_real_margin_expansion,0.238744,,,3674,Semiconductors & Related Devices,false,AVGO,v2.38BT-global-unicorn-flag
U00308,AVIR,"Atea Pharmaceuticals, Inc. - common stock",US,1593899,us_sec_v2_38g,INSUFFICIENT_DATA,us_growth_features_not_computable_for_this_company,,,,2834,Pharmaceutical Preparations,false,AVIR,v2.38BT-global-unicorn-flag
U00309,AVLN,Avalyn Pharma Inc. - common stock,US,1540171,us_sec_v2_38g,INSUFFICIENT_DATA,us_growth_features_not_computable_for_this_company,,,,2834,Pharmaceutical Preparations,false,AVLN,v2.38BT-global-unicorn-flag
U00310,AVNW,"Aviat Networks, Inc. - Common Stock",US,1377789,us_sec_v2_38g,INSUFFICIENT_DATA,us_growth_features_not_computable_for_this_company,,0.893363,,3663,Radio & Tv Broadcasting & Communications Equipment,false,AVNW,v2.38BT-global-unicorn-flag
U00311,AVO,"Mission Produce, Inc. - Common Stock",US,1802974,us_sec_v2_38g,EVALUATED_NOT_UNICORN,us_fundamental_momentum_flag_false:no_real_margin_expansion,0.126751,0.027248,0.027099,0700,Agricultural Services,false,AVO,v2.38BT-global-unicorn-flag
U00312,AVPT,"AvePoint, Inc. - Class A Common Stock",US,1777921,us_sec_v2_38g,EVALUATED_NOT_UNICORN,us_fundamental_momentum_flag_false:no_real_margin_expansion,0.269349,,0.082954,7372,Services-Prepackaged Software,false,AVPT,v2.38BT-global-unicorn-flag
U00313,AVR,Anteris Technologies Global Corp. - Common Stock,US,2011514,us_sec_v2_38g,INSUFFICIENT_DATA,us_growth_features_not_computable_for_this_company,,,-49.212755,3842,"Orthopedic, Prosthetic & Surgical Appliances & Supplies",false,AVR,v2.38BT-global-unicorn-flag
U00314,AVT,"Avnet, Inc. - Common Stock",US,8858,us_sec_v2_38g,EVALUATED_NOT_UNICORN,us_fundamental_momentum_flag_false:no_real_positive_free_cash_flow,0.244673,0.392029,0.012101,5065,"Wholesale-Electronic Parts & Equipment, NEC",false,AVT,v2.38BT-global-unicorn-flag
U00315,AVTX,"Avalo Therapeutics, Inc. - Common Stock",US,1534120,us_sec_v2_38g,EVALUATED_NOT_UNICORN,"us_fundamental_momentum_flag_false:revenue_growth_not_positive,no_real_margin_expansion,no_real_positive_free_cash_flow",-0.866213,,-1326.423729,2834,Pharmaceutical Preparations,false,AVTX,v2.38BT-global-unicorn-flag
U00316,AVX,Avax One Technology Ltd. - Common Shares,US,1826397,us_sec_v2_38g,EVALUATED_NOT_UNICORN,us_fundamental_momentum_flag_false:no_real_positive_free_cash_flow,33.48099,,-14.181071,6199,Finance Services,true,AVX,v2.38BT-global-unicorn-flag
U00317,AVXL,Anavex Life Sciences Corp. - Common Stock,US,1314052,us_sec_v2_38g,INSUFFICIENT_DATA,us_growth_features_not_computable_for_this_company,,,,2836,"Biological Products, (No Diagnostic Substances)",false,AVXL,v2.38BT-global-unicorn-flag
U00318,AWRE,"Aware, Inc. - Common Stock",US,1015739,us_sec_v2_38g,INSUFFICIENT_DATA,us_growth_features_not_computable_for_this_company,,,,7372,Services-Prepackaged Software,false,AWRE,v2.38BT-global-unicorn-flag
U00319,AXG,Solowin Holdings - Class A Ordinary Share,US,1959224,us_sec_v2_38g,EVALUATED_NOT_UNICORN,us_fundamental_momentum_flag_false:no_real_positive_free_cash_flow,8.949628,,-0.473759,6211,"Security Brokers, Dealers & Flotation Companies",true,AXG,v2.38BT-global-unicorn-flag
U00320,AXGN,"Axogen, Inc. - Common Stock",US,805928,us_sec_v2_38g,EVALUATED_NOT_UNICORN,"us_fundamental_momentum_flag_false:no_real_margin_expansion,no_real_positive_free_cash_flow",0.202148,,-0.069727,3845,Electromedical & Electrotherapeutic Apparatus,false,AXGN,v2.38BT-global-unicorn-flag
U00322,AXON,"Axon Enterprise, Inc. - Common Stock",US,1069183,us_sec_v2_38g,EVALUATED_NOT_UNICORN,us_fundamental_momentum_flag_false:no_real_margin_expansion,0.334695,-0.669377,0.044848,3480,"Ordnance & Accessories, (No Vehicles/Guided Missiles)",false,AXON,v2.38BT-global-unicorn-flag
U00323,AXSM,"Axsome Therapeutics, Inc. - Common Stock",US,1579428,us_sec_v2_38g,EVALUATED_NOT_UNICORN,us_fundamental_momentum_flag_false:no_real_positive_free_cash_flow,0.655451,,-0.286884,2834,Pharmaceutical Preparations,false,AXSM,v2.38BT-global-unicorn-flag
U00324,AXTI,AXT Inc - Common Stock,US,1051627,us_sec_v2_38g,EVALUATED_NOT_UNICORN,"us_fundamental_momentum_flag_false:revenue_growth_not_positive,no_real_margin_expansion,no_real_positive_free_cash_flow",-0.11106,,-0.240699,3674,Semiconductors & Related Devices,false,AXTI,v2.38BT-global-unicorn-flag
U00326,AYTU,"Aytu BioPharma, Inc. - Common Stock",US,1385818,us_sec_v2_38g,EVALUATED_NOT_UNICORN,"us_fundamental_momentum_flag_false:revenue_growth_not_positive,no_real_margin_expansion,no_real_positive_free_cash_flow",-0.180489,,-0.204302,2834,Pharmaceutical Preparations,false,AYTU,v2.38BT-global-unicorn-flag
U00328,AZI,Autozi Internet Technology (Global) Ltd. - Class A Ordinary Shares,US,1959726,us_sec_v2_38g,EVALUATED_NOT_UNICORN,"us_fundamental_momentum_flag_false:revenue_growth_not_positive,no_real_margin_expansion,no_real_positive_free_cash_flow",-0.015537,,,7500,"Services-Automotive Repair, Services & Parking",false,AZI,v2.38BT-global-unicorn-flag
U00329,AZTA,"Azenta, Inc. - Common Stock",US,933974,us_sec_v2_38g,EVALUATED_NOT_UNICORN,us_fundamental_momentum_flag_false:revenue_growth_not_positive,-0.095231,,-0.093905,3559,"Special Industry Machinery, NEC",false,AZTA,v2.38BT-global-unicorn-flag
U00331,BAER,"Bridger Aerospace Group Holdings, Inc. - Common Stock",US,1941536,us_sec_v2_38g,EVALUATED_NOT_UNICORN,us_fundamental_momentum_flag_false:no_real_positive_free_cash_flow,0.245576,,0.033705,7389,"Services-Business Services, NEC",false,BAER,v2.38BT-global-unicorn-flag
U00332,BAFN,BayFirst Financial Corp. - Common Stock,US,1649739,us_sec_v2_38g,INSUFFICIENT_DATA,us_growth_features_not_computable_for_this_company,,-2.949139,,6022,State Commercial Banks,true,BAFN,v2.38BT-global-unicorn-flag
U00333,BAND,Bandwidth Inc. - Class A Common Stock,US,1514416,us_sec_v2_38g,EVALUATED_NOT_UNICORN,"us_fundamental_momentum_flag_false:no_real_margin_expansion,no_real_positive_free_cash_flow",0.007121,,-0.017129,7372,Services-Prepackaged Software,false,BAND,v2.38BT-global-unicorn-flag
U00334,BANF,BancFirst Corporation - Common Stock,US,760498,us_sec_v2_38g,INSUFFICIENT_DATA,us_growth_features_not_computable_for_this_company,,0.112113,,6021,National Commercial Banks,true,BANF,v2.38BT-global-unicorn-flag
U00335,BANL,CBL International Limited - Class B Ordinary Shares,US,1914805,us_sec_v2_38g,EVALUATED_NOT_UNICORN,us_fundamental_momentum_flag_false:revenue_growth_not_positive,-0.091183,,-0.005552,5172,Wholesale-Petroleum & Petroleum Products (No Bulk Stations),false,BANL,v2.38BT-global-unicorn-flag
U00336,BANR,Banner Corporation - Common Stock,US,946673,us_sec_v2_38g,INSUFFICIENT_DATA,us_growth_features_not_computable_for_this_company,,0.156805,,6022,State Commercial Banks,true,BANR,v2.38BT-global-unicorn-flag
U00338,BAOS,Baosheng Media Group Holdings Limited - Ordinary shares,US,1811216,us_sec_v2_38g,EVALUATED_NOT_UNICORN,"us_fundamental_momentum_flag_false:revenue_growth_not_positive,no_real_positive_free_cash_flow",-0.088279,,-21.127938,7389,"Services-Business Services, NEC",false,BAOS,v2.38BT-global-unicorn-flag
U00339,BATRA,"Atlanta Braves Holdings, Inc. - Series A Common Stock",US,1958140,us_sec_v2_38g,EVALUATED_NOT_UNICORN,us_fundamental_momentum_flag_false:no_real_positive_free_cash_flow,0.105235,,-0.031902,7900,Services-Amusement & Recreation Services,false,BATRA,v2.38BT-global-unicorn-flag
U00340,BATRK,"Atlanta Braves Holdings, Inc. - Series C Common Stock",US,1958140,us_sec_v2_38g,DUPLICATE_LISTING,duplicate_listing_of_U00339_same_sec_cik_1958140,0.105235,,-0.031902,7900,Services-Amusement & Recreation Services,false,BATRA,v2.38BT-global-unicorn-flag
U00342,BBCP,"Concrete Pumping Holdings, Inc. - Common Stock",US,1703956,us_sec_v2_38g,EVALUATED_NOT_UNICORN,"us_fundamental_momentum_flag_false:revenue_growth_not_positive,no_real_margin_expansion",-0.089688,-0.606775,0.017889,1700,Construction - Special Trade Contractors,false,BBCP,v2.38BT-global-unicorn-flag
U00344,BBGI,"Beasley Broadcast Group, Inc. - Class A Common Stock",US,1099160,us_sec_v2_38g,EVALUATED_NOT_UNICORN,"us_fundamental_momentum_flag_false:revenue_growth_not_positive,no_real_margin_expansion,no_real_positive_free_cash_flow",-0.14296,,-0.954405,4832,Radio Broadcasting Stations,false,BBGI,v2.38BT-global-unicorn-flag
U00345,BBIO,"BridgeBio Pharma, Inc. - Common Stock",US,1743881,us_sec_v2_38g,EVALUATED_NOT_UNICORN,"us_fundamental_momentum_flag_false:no_real_margin_expansion,no_real_positive_free_cash_flow",1.262602,,,2834,Pharmaceutical Preparations,false,BBIO,v2.38BT-global-unicorn-flag
U00346,BBLG,Bone Biologics Corp - Common Stock,US,1419554,us_sec_v2_38g,INSUFFICIENT_DATA,us_growth_features_not_computable_for_this_company,,,,3842,"Orthopedic, Prosthetic & Surgical Appliances & Supplies",false,BBLG,v2.38BT-global-unicorn-flag
U00347,BBNX,"Beta Bionics, Inc. - Common Stock",US,1674632,us_sec_v2_38g,EVALUATED_NOT_UNICORN,us_fundamental_momentum_flag_false:no_real_positive_free_cash_flow,0.539386,,-0.730167,3841,Surgical & Medical Instruments & Apparatus,false,BBNX,v2.38BT-global-unicorn-flag
U00348,BBOT,"BridgeBio Oncology Therapeutics, Inc. - Common Stock",US,1869105,us_sec_v2_38g,INSUFFICIENT_DATA,us_growth_features_not_computable_for_this_company,,-18.638501,,2834,Pharmaceutical Preparations,false,BBOT,v2.38BT-global-unicorn-flag
U00349,BBSI,"Barrett Business Services, Inc. - Common Stock",US,902791,us_sec_v2_38g,INSUFFICIENT_DATA,us_growth_features_not_computable_for_this_company,,0.027456,,7363,Services-Help Supply Services,false,BBSI,v2.38BT-global-unicorn-flag
U00350,BCAB,"BioAtla, Inc. - Common Stock",US,1826892,us_sec_v2_38g,INSUFFICIENT_DATA,us_growth_features_not_computable_for_this_company,,,,2836,"Biological Products, (No Diagnostic Substances)",false,BCAB,v2.38BT-global-unicorn-flag
U00351,BCAL,California BanCorp - Common Stock,US,1795815,us_sec_v2_38g,INSUFFICIENT_DATA,us_growth_features_not_computable_for_this_company,,10.606479,,6021,National Commercial Banks,true,BCAL,v2.38BT-global-unicorn-flag
U00353,BCAX,Bicara Therapeutics Inc. - Common Stock,US,2023658,us_sec_v2_38g,INSUFFICIENT_DATA,us_growth_features_not_computable_for_this_company,,,,2834,Pharmaceutical Preparations,false,BCAX,v2.38BT-global-unicorn-flag
U00354,BCBP,"BCB Bancorp, Inc. (NJ) - Common Stock",US,1228454,us_sec_v2_38g,INSUFFICIENT_DATA,us_growth_features_not_computable_for_this_company,,-1.672663,,6035,"Savings Institution, Federally Chartered",true,BCBP,v2.38BT-global-unicorn-flag
U00355,BCDA,"BioCardia, Inc. - Common Stock",US,925741,us_sec_v2_38g,INSUFFICIENT_DATA,us_growth_features_not_computable_for_this_company,,,,2836,"Biological Products, (No Diagnostic Substances)",false,BCDA,v2.38BT-global-unicorn-flag
U00356,BCG,"Binah Capital Group, Inc. - Common Stock",US,1953984,us_sec_v2_38g,EVALUATED_UNICORN,us_fundamental_momentum_flag_true_real_revenue_growth_and_margin_expansion_and_positive_free_cash_flow,0.107366,,0.012678,6199,Finance Services,true,BCGWW,v2.38BT-global-unicorn-flag
U00358,BCML,BayCom Corp - Common Stock,US,1730984,us_sec_v2_38g,INSUFFICIENT_DATA,us_growth_features_not_computable_for_this_company,,0.013424,,6022,State Commercial Banks,true,BCML,v2.38BT-global-unicorn-flag
U00359,BCPC,Balchem Corporation - Common Stock,US,9326,us_sec_v2_38g,EVALUATED_NOT_UNICORN,us_fundamental_momentum_flag_false:no_real_positive_free_cash_flow,0.087531,0.205254,0.149297,2800,Chemicals & Allied Products,false,BCPC,v2.38BT-global-unicorn-flag
U00360,BCRX,"BioCryst Pharmaceuticals, Inc. - Common Stock",US,882796,us_sec_v2_38g,INSUFFICIENT_DATA,us_growth_features_not_computable_for_this_company,,,,2836,"Biological Products, (No Diagnostic Substances)",false,BCRX,v2.38BT-global-unicorn-flag
U00361,BCTX,BriaCell Therapeutics Corp. - Common Shares,US,1610820,us_sec_v2_38g,INSUFFICIENT_DATA,us_growth_features_not_computable_for_this_company,,,,2834,Pharmaceutical Preparations,false,BCTX,v2.38BT-global-unicorn-flag
U00362,BDCI,BTC Development Corp. - Class A Ordinary Shares,US,2042292,us_sec_v2_38g,INSUFFICIENT_DATA,us_growth_features_not_computable_for_this_company,,,,6770,Blank Checks,false,BDCI,v2.38BT-global-unicorn-flag
U00363,BDMD,Baird Medical Investment Holdings Ltd - Ordinary Share,US,1982444,us_sec_v2_38g,EVALUATED_NOT_UNICORN,"us_fundamental_momentum_flag_false:revenue_growth_not_positive,no_real_margin_expansion,no_real_positive_free_cash_flow",-0.391502,,-1.210365,3841,Surgical & Medical Instruments & Apparatus,false,BDMD,v2.38BT-global-unicorn-flag
U00364,BDSX,"Biodesix, Inc. - Common Stock",US,1439725,us_sec_v2_38g,EVALUATED_NOT_UNICORN,us_fundamental_momentum_flag_false:no_real_positive_free_cash_flow,0.24082,,-0.398479,8071,Services-Medical Laboratories,false,BDSX,v2.38BT-global-unicorn-flag
U00365,BDTX,"Black Diamond Therapeutics, Inc. - Common Stock",US,1701541,us_sec_v2_38g,INSUFFICIENT_DATA,us_growth_features_not_computable_for_this_company,,,,2836,"Biological Products, (No Diagnostic Substances)",false,BDTX,v2.38BT-global-unicorn-flag
U00367,BEAM,Beam Therapeutics Inc. - Common Stock,US,1745999,us_sec_v2_38g,EVALUATED_NOT_UNICORN,us_fundamental_momentum_flag_false:no_real_positive_free_cash_flow,1.200054,,-0.572422,2836,"Biological Products, (No Diagnostic Substances)",false,BEAM,v2.38BT-global-unicorn-flag
U00368,BEAT,"Heartbeam, Inc. - Common Stock",US,1779372,us_sec_v2_38g,INSUFFICIENT_DATA,us_growth_features_not_computable_for_this_company,,,,3841,Surgical & Medical Instruments & Apparatus,false,BEAT,v2.38BT-global-unicorn-flag
U00369,BEEM,Beam Global - Common Stock,US,1398805,us_sec_v2_38g,EVALUATED_NOT_UNICORN,"us_fundamental_momentum_flag_false:revenue_growth_not_positive,no_real_margin_expansion,no_real_positive_free_cash_flow",-0.42768,,-0.956332,3690,"Miscellaneous Electrical Machinery, Equipment & Supplies",false,BEEM,v2.38BT-global-unicorn-flag
U00370,BEEP,Mobile Infrastructure Corporation - Common Stock,US,1847874,us_sec_v2_38g,EVALUATED_NOT_UNICORN,"us_fundamental_momentum_flag_false:revenue_growth_not_positive,no_real_margin_expansion,no_real_positive_free_cash_flow",-0.052232,,-0.611262,6500,Real Estate,false,BEEP,v2.38BT-global-unicorn-flag
U00371,BELFA,Bel Fuse Inc. - Class A Common Stock,US,729580,us_sec_v2_38g,EVALUATED_UNICORN,us_fundamental_momentum_flag_true_real_revenue_growth_and_margin_expansion_and_positive_free_cash_flow,0.263024,0.502344,0.091103,3677,"Electronic Coils, Transformers & Other Inductors",false,BELFA,v2.38BT-global-unicorn-flag
U00372,BELFB,Bel Fuse Inc. - Class B Common Stock,US,729580,us_sec_v2_38g,DUPLICATE_LISTING,duplicate_listing_of_U00371_same_sec_cik_729580,0.263024,0.502344,0.091103,3677,"Electronic Coils, Transformers & Other Inductors",false,BELFA,v2.38BT-global-unicorn-flag
U00373,BENF,Beneficient - Class A Common Stock,US,1775734,us_sec_v2_38g,INSUFFICIENT_DATA,us_growth_features_not_computable_for_this_company,,,,6199,Finance Services,true,BENF,v2.38BT-global-unicorn-flag
U00374,BETR,Better Home & Finance Holding Company - Class A Common Stock,US,1835856,us_sec_v2_38g,INSUFFICIENT_DATA,us_growth_features_not_computable_for_this_company,,,-1.006065,6163,Loan Brokers,true,BETR,v2.38BT-global-unicorn-flag
U00375,BFC,Bank First Corporation - Common Stock,US,1746109,us_sec_v2_38g,INSUFFICIENT_DATA,us_growth_features_not_computable_for_this_company,,0.090493,,6021,National Commercial Banks,true,BFC,v2.38BT-global-unicorn-flag
U00376,BFRG,"Bullfrog AI Holdings, Inc. - Common Stock",US,1829247,us_sec_v2_38g,EVALUATED_NOT_UNICORN,us_fundamental_momentum_flag_false:no_real_positive_free_cash_flow,0.794923,,-55.696134,2834,Pharmaceutical Preparations,false,BFRG,v2.38BT-global-unicorn-flag
U00377,BFRI,Biofrontera Inc. - Common Stock,US,1858685,us_sec_v2_38g,EVALUATED_NOT_UNICORN,us_fundamental_momentum_flag_false:no_real_positive_free_cash_flow,0.117467,,-0.252632,2834,Pharmaceutical Preparations,false,BFRI,v2.38BT-global-unicorn-flag
U00378,BFST,"Business First Bancshares, Inc. - Common Stock",US,1624322,us_sec_v2_38g,INSUFFICIENT_DATA,us_growth_features_not_computable_for_this_company,,0.349486,,6022,State Commercial Banks,true,BFST,v2.38BT-global-unicorn-flag
U00379,BGC,"BGC Group, Inc. - Class A Common Stock",US,1094831,us_sec_v2_38g,EVALUATED_NOT_UNICORN,us_fundamental_momentum_flag_false:no_real_margin_expansion,0.347222,0.0,0.050462,6200,"Security & Commodity Brokers, Dealers, Exchanges & Services",true,BGC,v2.38BT-global-unicorn-flag
U00380,BGDE,"Big Digital Energy, Inc. - Common Stock",US,1218683,us_sec_v2_38g,INSUFFICIENT_DATA,us_growth_features_not_computable_for_this_company,,,-0.595073,6199,Finance Services,true,BGDE,v2.38BT-global-unicorn-flag
U00381,BGIN,Bgin Blockchain Limited - Class A Ordinary Shares,US,1945565,us_sec_v2_38g,INSUFFICIENT_DATA,us_growth_features_not_computable_for_this_company,,,-2.625572,6199,Finance Services,true,BGIN,v2.38BT-global-unicorn-flag
U00382,BGL,Blue Gold Limited - Class A ordinary shares,US,2019435,us_sec_v2_38g,INSUFFICIENT_DATA,us_growth_features_not_computable_for_this_company,,,,1000,Metal Mining,false,BGL,v2.38BT-global-unicorn-flag
U00383,BGLC,BioNexus Gene Lab Corp - Common stock,US,1737523,us_sec_v2_38g,EVALUATED_NOT_UNICORN,"us_fundamental_momentum_flag_false:revenue_growth_not_positive,no_real_margin_expansion,no_real_positive_free_cash_flow",-0.219305,,-0.401972,8071,Services-Medical Laboratories,false,BGLC,v2.38BT-global-unicorn-flag
U00384,BGM,BGM Group Ltd. - Class A Ordinary Shares,US,1779578,us_sec_v2_38g,EVALUATED_NOT_UNICORN,"us_fundamental_momentum_flag_false:no_real_margin_expansion,no_real_positive_free_cash_flow",0.510857,,-0.525885,2834,Pharmaceutical Preparations,false,BGM,v2.38BT-global-unicorn-flag
U00385,BGMS,"Bio Green Med Solution, Inc. - Common Stock",US,1130166,us_sec_v2_38g,INSUFFICIENT_DATA,us_growth_features_not_computable_for_this_company,,,,5099,"Wholesale-Durable Goods, NEC",false,BGMS,v2.38BT-global-unicorn-flag
U00387,BHRB,Burke & Herbert Financial Services Corp. - Common Stock,US,1964333,us_sec_v2_38g,INSUFFICIENT_DATA,us_growth_features_not_computable_for_this_company,,2.285146,,6021,National Commercial Banks,true,BHRB,v2.38BT-global-unicorn-flag
U00388,BHST,BioHarvest Sciences Inc. - Common Stock,US,1723464,us_sec_v2_38g,EVALUATED_NOT_UNICORN,us_fundamental_momentum_flag_false:no_real_positive_free_cash_flow,0.370017,,-0.322679,2834,Pharmaceutical Preparations,false,BHST,v2.38BT-global-unicorn-flag
U00389,BIAF,"bioAffinity Technologies, Inc. - Common Stock",US,1712762,us_sec_v2_38g,EVALUATED_NOT_UNICORN,"us_fundamental_momentum_flag_false:revenue_growth_not_positive,no_real_margin_expansion,no_real_positive_free_cash_flow",-0.341813,,-2.419645,8731,Services-Commercial Physical & Biological Research,false,BIAF,v2.38BT-global-unicorn-flag
U00390,BIIB,Biogen Inc. - Common Stock,US,875045,us_sec_v2_38g,EVALUATED_NOT_UNICORN,us_fundamental_momentum_flag_false:no_real_margin_expansion,0.022189,-0.207879,0.13072,2836,"Biological Products, (No Diagnostic Substances)",false,BIIB,v2.38BT-global-unicorn-flag
U00391,BIOA,"BioAge Labs, Inc. - Common Stock",US,1709941,us_sec_v2_38g,INSUFFICIENT_DATA,us_growth_features_not_computable_for_this_company,,,-8.961089,2834,Pharmaceutical Preparations,false,BIOA,v2.38BT-global-unicorn-flag
U00393,BIRD,"Smartbird, Inc. - Class A Common Stock",US,1653909,us_sec_v2_38g,INSUFFICIENT_DATA,us_growth_features_not_computable_for_this_company,,,,7374,Services-Computer Processing & Data Preparation,false,BIRD,v2.38BT-global-unicorn-flag
U00394,BIVI,BioVie Inc. - Common stock,US,1580149,us_sec_v2_38g,INSUFFICIENT_DATA,us_growth_features_not_computable_for_this_company,,,,2834,Pharmaceutical Preparations,false,BIVI,v2.38BT-global-unicorn-flag
U00396,BIYA,Baiya International Group Inc. - Ordinary Shares,US,1944712,us_sec_v2_38g,EVALUATED_NOT_UNICORN,"us_fundamental_momentum_flag_false:no_real_margin_expansion,no_real_positive_free_cash_flow",0.286343,,-0.578497,7361,Services-Employment Agencies,false,BIYA,v2.38BT-global-unicorn-flag
U00397,BJDX,"Bluejay Diagnostics, Inc. - Common Stock",US,1704287,us_sec_v2_38g,INSUFFICIENT_DATA,us_growth_features_not_computable_for_this_company,,,,3841,Surgical & Medical Instruments & Apparatus,false,BJDX,v2.38BT-global-unicorn-flag
U00398,BJRI,"BJ's Restaurants, Inc. - Common Stock",US,1013488,us_sec_v2_38g,EVALUATED_UNICORN,us_fundamental_momentum_flag_true_real_revenue_growth_and_margin_expansion_and_positive_free_cash_flow,0.089725,10.974485,0.034885,5812,Retail-Eating  Places,false,BJRI,v2.38BT-global-unicorn-flag
U00400,BKNG,Booking Holdings Inc. - Common Stock,US,1075531,us_sec_v2_38g,EVALUATED_NOT_UNICORN,us_fundamental_momentum_flag_false:no_real_margin_expansion,0.133873,,,4700,Transportation Services,false,BKNG,v2.38BT-global-unicorn-flag
U00401,BKR,Baker Hughes Company - Common Stock,US,1701605,us_sec_v2_38g,EVALUATED_NOT_UNICORN,"us_fundamental_momentum_flag_false:revenue_growth_not_positive,no_real_margin_expansion,no_real_positive_free_cash_flow",-0.00345,-0.131252,0.093318,3533,Oil & Gas Field Machinery & Equipment,false,BKR,v2.38BT-global-unicorn-flag
U00402,BL,"BlackLine, Inc. - Common Stock",US,1666134,us_sec_v2_38g,EVALUATED_NOT_UNICORN,us_fundamental_momentum_flag_false:no_real_margin_expansion,0.072078,-0.847879,0.035004,7372,Services-Prepackaged Software,false,BL,v2.38BT-global-unicorn-flag
U00403,BLBD,Blue Bird Corporation - Common Stock,US,1589526,us_sec_v2_38g,EVALUATED_NOT_UNICORN,us_fundamental_momentum_flag_false:no_real_positive_free_cash_flow,0.098686,0.210077,0.086292,3713,Truck & Bus Bodies,false,BLBD,v2.38BT-global-unicorn-flag
U00405,BLFS,"BioLife Solutions, Inc. - Common Stock",US,834365,us_sec_v2_38g,INSUFFICIENT_DATA,us_growth_features_not_computable_for_this_company,,,,3845,Electromedical & Electrotherapeutic Apparatus,false,BLFS,v2.38BT-global-unicorn-flag
U00406,BLIN,"Bridgeline Digital, Inc. - Common Stock",US,1378590,us_sec_v2_38g,EVALUATED_NOT_UNICORN,"us_fundamental_momentum_flag_false:no_real_margin_expansion,no_real_positive_free_cash_flow",0.001628,,-0.163687,7372,Services-Prepackaged Software,false,BLIN,v2.38BT-global-unicorn-flag
U00408,BLKB,"Blackbaud, Inc. - Common Stock",US,1280058,us_sec_v2_38g,EVALUATED_NOT_UNICORN,us_fundamental_momentum_flag_false:revenue_growth_not_positive,-0.023479,,0.101891,7372,Services-Prepackaged Software,false,BLKB,v2.38BT-global-unicorn-flag
U00409,BLLN,"BillionToOne, Inc. - Class A common stock",US,2070849,us_sec_v2_38g,INSUFFICIENT_DATA,us_growth_features_not_computable_for_this_company,,,0.02443,8071,Services-Medical Laboratories,false,BLLN,v2.38BT-global-unicorn-flag
U00410,BLMN,"Bloomin' Brands, Inc. - Common Stock",US,1546417,us_sec_v2_38g,EVALUATED_UNICORN,us_fundamental_momentum_flag_true_real_revenue_growth_and_margin_expansion_and_positive_free_cash_flow,0.001398,,0.002082,5812,Retail-Eating  Places,false,BLMN,v2.38BT-global-unicorn-flag
U00411,BLNE,"Beeline Holdings, Inc. - Common Stock",US,1534708,us_sec_v2_38g,EVALUATED_NOT_UNICORN,us_fundamental_momentum_flag_false:no_real_positive_free_cash_flow,1.059915,,-2.981596,6162,Mortgage Bankers & Loan Correspondents,true,BLNE,v2.38BT-global-unicorn-flag
U00412,BLNK,Blink Charging Co. - Common Stock,US,1429764,us_sec_v2_38g,EVALUATED_NOT_UNICORN,"us_fundamental_momentum_flag_false:revenue_growth_not_positive,no_real_positive_free_cash_flow",-0.179695,,-0.805497,3690,"Miscellaneous Electrical Machinery, Equipment & Supplies",false,BLNK,v2.38BT-global-unicorn-flag
U00415,BLZE,"Backblaze, Inc. - Common Stock",US,1462056,us_sec_v2_38g,EVALUATED_UNICORN,us_fundamental_momentum_flag_true_real_revenue_growth_and_margin_expansion_and_positive_free_cash_flow,0.142657,,-0.175623,7372,Services-Prepackaged Software,false,BLZE,v2.38BT-global-unicorn-flag
U00417,BMBL,Bumble Inc. - common stock,US,1830043,us_sec_v2_38g,EVALUATED_NOT_UNICORN,"us_fundamental_momentum_flag_false:revenue_growth_not_positive,no_real_margin_expansion,no_real_positive_free_cash_flow",-0.0989,,-0.717788,7370,"Services-Computer Programming, Data Processing, Etc.",false,BMBL,v2.38BT-global-unicorn-flag
U00418,BMEA,"Biomea Fusion, Inc. - Common Stock",US,1840439,us_sec_v2_38g,INSUFFICIENT_DATA,us_growth_features_not_computable_for_this_company,,,,2834,Pharmaceutical Preparations,false,BMEA,v2.38BT-global-unicorn-flag
U00422,BMR,Beamr Imaging Ltd. - Ordinary Share,US,1899005,us_sec_v2_38g,EVALUATED_NOT_UNICORN,"us_fundamental_momentum_flag_false:no_real_margin_expansion,no_real_positive_free_cash_flow",0.009791,,-1.945701,7372,Services-Prepackaged Software,false,BMR,v2.38BT-global-unicorn-flag
U00423,BMRA,"Biomerica, Inc. - Common Stock",US,73290,us_sec_v2_38g,EVALUATED_NOT_UNICORN,"us_fundamental_momentum_flag_false:revenue_growth_not_positive,no_real_positive_free_cash_flow",-0.161551,,-0.847743,2835,In Vitro & In Vivo Diagnostic Substances,false,BMRA,v2.38BT-global-unicorn-flag
U00424,BMRC,Bank of Marin Bancorp - Common Stock,US,1403475,us_sec_v2_38g,INSUFFICIENT_DATA,us_growth_features_not_computable_for_this_company,,,,6022,State Commercial Banks,true,BMRC,v2.38BT-global-unicorn-flag
U00425,BMRN,BioMarin Pharmaceutical Inc. - Common Stock,US,1048477,us_sec_v2_38g,EVALUATED_NOT_UNICORN,us_fundamental_momentum_flag_false:no_real_margin_expansion,0.128714,-0.182632,0.108312,2834,Pharmaceutical Preparations,false,BMRN,v2.38BT-global-unicorn-flag
U00426,BNAI,Brand Engagement Network Inc. - Common Stock,US,1838163,us_sec_v2_38g,EVALUATED_NOT_UNICORN,us_fundamental_momentum_flag_false:no_real_positive_free_cash_flow,1.75699,,-31.351538,7373,Services-Computer Integrated Systems Design,false,BNAI,v2.38BT-global-unicorn-flag
U00427,BNBX,BNB Plus Corp. - Common Stock,US,744452,us_sec_v2_38g,INSUFFICIENT_DATA,us_growth_features_not_computable_for_this_company,,,,6199,Finance Services,true,,v2.38BT-global-unicorn-flag
U00428,BNC,CEA Industries Inc. - Common Stock,US,1482541,us_sec_v2_38g,EVALUATED_NOT_UNICORN,us_fundamental_momentum_flag_false:no_real_positive_free_cash_flow,21.776082,,4.364184,0700,Agricultural Services,false,BNC,v2.38BT-global-unicorn-flag
U00429,BNGO,"Bionano Genomics, Inc. - Common Stock",US,1411690,us_sec_v2_38g,EVALUATED_NOT_UNICORN,"us_fundamental_momentum_flag_false:revenue_growth_not_positive,no_real_positive_free_cash_flow",-0.073694,,-0.92588,3826,Laboratory Analytical Instruments,false,BNGO,v2.38BT-global-unicorn-flag
U00430,BNKK,"Bonk, Inc. - Common Stock",US,1760903,us_sec_v2_38g,EVALUATED_NOT_UNICORN,us_fundamental_momentum_flag_false:no_real_positive_free_cash_flow,2.016251,,-32.203973,2844,"Perfumes, Cosmetics & Other Toilet Preparations",false,BNKK,v2.38BT-global-unicorn-flag
U00432,BNTC,Benitec Biopharma Inc. - Common Stock,US,1808898,us_sec_v2_38g,INSUFFICIENT_DATA,us_growth_features_not_computable_for_this_company,,,,2834,Pharmaceutical Preparations,false,BNTC,v2.38BT-global-unicorn-flag
U00434,BODI,"The Beachbody Company, Inc. - Class A Common Stock",US,1826889,us_sec_v2_38g,EVALUATED_NOT_UNICORN,us_fundamental_momentum_flag_false:revenue_growth_not_positive,-0.398927,,-0.011362,5960,Retail-Nonstore Retailers,false,BODI,v2.38BT-global-unicorn-flag
U00435,BOF,BranchOut Food Inc. - Common Stock,US,1962481,us_sec_v2_38g,EVALUATED_NOT_UNICORN,us_fundamental_momentum_flag_false:no_real_positive_free_cash_flow,1.106178,,-0.446256,2000,Food and Kindred Products,false,BOF,v2.38BT-global-unicorn-flag
U00436,BOKF,BOK Financial Corporation - Common Stock,US,875357,us_sec_v2_38g,INSUFFICIENT_DATA,us_growth_features_not_computable_for_this_company,,0.103942,,6021,National Commercial Banks,true,BOKF,v2.38BT-global-unicorn-flag
U00437,BOLD,"Boundless Bio, Inc. - Common Stock",US,1782303,us_sec_v2_38g,INSUFFICIENT_DATA,us_growth_features_not_computable_for_this_company,,,,2834,Pharmaceutical Preparations,false,BOLD,v2.38BT-global-unicorn-flag
U00438,BOLT,"Bolt Biotherapeutics, Inc. - Common Stock",US,1641281,us_sec_v2_38g,EVALUATED_NOT_UNICORN,us_fundamental_momentum_flag_false:no_real_positive_free_cash_flow,0.00065,,-4.337362,2834,Pharmaceutical Preparations,false,BOLT,v2.38BT-global-unicorn-flag
U00439,BON,Bon Natural Life Limited - Class A Ordinary Shares,US,1816815,us_sec_v2_38g,EVALUATED_NOT_UNICORN,"us_fundamental_momentum_flag_false:revenue_growth_not_positive,no_real_margin_expansion",-0.216983,-6.009815,-0.10684,2833,Medicinal Chemicals & Botanical Products,false,BON,v2.38BT-global-unicorn-flag
U00440,BOOM,DMC Global Inc. - Common Stock,US,34067,us_sec_v2_38g,EVALUATED_NOT_UNICORN,us_fundamental_momentum_flag_false:revenue_growth_not_positive,-0.051351,,-0.022058,3390,Miscellaneous Primary Metal Products,false,BOOM,v2.38BT-global-unicorn-flag
U00441,BOSC,B.O.S. Better Online Solutions - Ordinary Shares,US,1005516,us_sec_v2_38g,EVALUATED_UNICORN,us_fundamental_momentum_flag_true_real_revenue_growth_and_margin_expansion_and_positive_free_cash_flow,0.265839,0.57,0.071407,3576,Computer Communications Equipment,false,BOSC,v2.38BT-global-unicorn-flag
U00443,BOTJ,"Bank of the James Financial Group, Inc. - Common Stock",US,1275101,us_sec_v2_38g,INSUFFICIENT_DATA,us_growth_features_not_computable_for_this_company,,0.1357,,6022,State Commercial Banks,true,BOTJ,v2.38BT-global-unicorn-flag
U00444,BOXL,Boxlight Corporation - Class A Common Stock,US,1624512,us_sec_v2_38g,EVALUATED_NOT_UNICORN,"us_fundamental_momentum_flag_false:revenue_growth_not_positive,no_real_margin_expansion,no_real_positive_free_cash_flow",-0.196088,,-0.217948,8200,Services-Educational Services,false,BOXL,v2.38BT-global-unicorn-flag
U00446,BPOP,"Popular, Inc. - Common Stock",US,763901,us_sec_v2_38g,INSUFFICIENT_DATA,us_growth_features_not_computable_for_this_company,,0.356468,,6022,State Commercial Banks,true,BPOP,v2.38BT-global-unicorn-flag
U00447,BPRN,"Princeton Bancorp, Inc. - Common Stock",US,1913971,us_sec_v2_38g,INSUFFICIENT_DATA,us_growth_features_not_computable_for_this_company,,0.817126,,6022,State Commercial Banks,true,BPRN,v2.38BT-global-unicorn-flag
U00451,BRCB,"Black Rock Coffee Bar, Inc. - Class A Common Stock",US,2068577,us_sec_v2_38g,INSUFFICIENT_DATA,us_growth_features_not_computable_for_this_company,,,-0.0003,5810,Retail-Eating & Drinking Places,false,BRCB,v2.38BT-global-unicorn-flag
U00453,BRFH,Barfresh Food Group Inc. - Common Stock,US,1487197,us_sec_v2_38g,EVALUATED_NOT_UNICORN,us_fundamental_momentum_flag_false:no_real_positive_free_cash_flow,0.325744,,-0.189611,2030,"Canned, Frozen & Preservd Fruit, Veg & Food Specialties",false,BRFH,v2.38BT-global-unicorn-flag
U00454,BRID,Bridgford Foods Corporation - Common Stock,US,14177,us_sec_v2_38g,EVALUATED_NOT_UNICORN,"us_fundamental_momentum_flag_false:no_real_margin_expansion,no_real_positive_free_cash_flow",0.032824,,-0.057835,2013,Sausages & Other Prepared Meat Products,false,BRID,v2.38BT-global-unicorn-flag
U00455,BRKR,Bruker Corporation - Common Stock,US,1109354,us_sec_v2_38g,EVALUATED_NOT_UNICORN,us_fundamental_momentum_flag_false:no_real_margin_expansion,0.020823,-1.076039,-0.002503,3826,Laboratory Analytical Instruments,false,BRKR,v2.38BT-global-unicorn-flag
U00456,BRLS,Borealis Foods Inc. - Class A Common Shares,US,1852973,us_sec_v2_38g,EVALUATED_NOT_UNICORN,us_fundamental_momentum_flag_false:no_real_positive_free_cash_flow,0.081622,,-0.602962,2000,Food and Kindred Products,false,BRLS,v2.38BT-global-unicorn-flag
U00457,BRLT,"Brilliant Earth Group, Inc. - Class A Common Stock",US,1866757,us_sec_v2_38g,EVALUATED_NOT_UNICORN,us_fundamental_momentum_flag_false:no_real_margin_expansion,0.036294,-7.719039,-0.008309,3910,"Jewelry, Silverware & Plated Ware",false,BRLT,v2.38BT-global-unicorn-flag
U00458,BRR,"ProCap Financial, Inc. - Common Stock",US,2076163,us_sec_v2_38g,INSUFFICIENT_DATA,us_growth_features_not_computable_for_this_company,,,-340.888282,6199,Finance Services,true,BRR,v2.38BT-global-unicorn-flag
U00459,BRTX,"BioRestorative Therapies, Inc. - Common Stock",US,1505497,us_sec_v2_38g,EVALUATED_NOT_UNICORN,"us_fundamental_momentum_flag_false:revenue_growth_not_positive,no_real_margin_expansion,no_real_positive_free_cash_flow",-0.102993,,-39.594037,8090,"Services-Misc Health & Allied Services, NEC",false,BRTX,v2.38BT-global-unicorn-flag
U00460,BRUN,Boost Run Inc. - Class A Common Stock,US,2090646,us_sec_v2_38g,INSUFFICIENT_DATA,us_growth_features_not_computable_for_this_company,,,,7374,Services-Computer Processing & Data Preparation,false,BRUN,v2.38BT-global-unicorn-flag
U00461,BRZE,"Braze, Inc. - Class A Common Stock",US,1676238,us_sec_v2_38g,EVALUATED_NOT_UNICORN,us_fundamental_momentum_flag_false:no_real_margin_expansion,0.243966,,-0.177852,7372,Services-Prepackaged Software,false,BRZE,v2.38BT-global-unicorn-flag
U00463,BSBK,Bogota Financial Corp. - Common Stock,US,1787414,us_sec_v2_38g,INSUFFICIENT_DATA,us_growth_features_not_computable_for_this_company,,,,6036,"Savings Institutions, Not Federally Chartered",true,BSBK,v2.38BT-global-unicorn-flag
U00464,BSET,"Bassett Furniture Industries, Incorporated - Common Stock",US,10329,us_sec_v2_38g,EVALUATED_UNICORN,us_fundamental_momentum_flag_true_real_revenue_growth_and_margin_expansion_and_positive_free_cash_flow,0.016237,,0.018194,2511,"Wood Household Furniture, (No Upholstered)",false,BSET,v2.38BT-global-unicorn-flag
U00465,BSIN,Big Sky Industrial Inc. - Common Stock,US,101594,us_sec_v2_38g,EVALUATED_NOT_UNICORN,"us_fundamental_momentum_flag_false:revenue_growth_not_positive,no_real_margin_expansion,no_real_positive_free_cash_flow",-0.643387,,-1.954848,1311,Crude Petroleum & Natural Gas,false,BSIN,v2.38BT-global-unicorn-flag
U00467,BSRR,Sierra Bancorp - Common Stock,US,1130144,us_sec_v2_38g,INSUFFICIENT_DATA,us_growth_features_not_computable_for_this_company,,0.043565,,6022,State Commercial Banks,true,BSRR,v2.38BT-global-unicorn-flag
U00468,BSVN,Bank7 Corp. - Common stock,US,1746129,us_sec_v2_38g,INSUFFICIENT_DATA,us_growth_features_not_computable_for_this_company,,-0.05753,,6022,State Commercial Banks,true,BSVN,v2.38BT-global-unicorn-flag
U00469,BSY,"Bentley Systems, Incorporated - Class B Common Stock",US,1031308,us_sec_v2_38g,EVALUATED_UNICORN,us_fundamental_momentum_flag_true_real_revenue_growth_and_margin_expansion_and_positive_free_cash_flow,0.109884,0.18346,0.185021,7372,Services-Prepackaged Software,false,BSY,v2.38BT-global-unicorn-flag
U00470,BTAI,"BioXcel Therapeutics, Inc. - Common Stock",US,1720893,us_sec_v2_38g,EVALUATED_NOT_UNICORN,"us_fundamental_momentum_flag_false:revenue_growth_not_positive,no_real_margin_expansion,no_real_positive_free_cash_flow",-0.716681,,-108.873832,2834,Pharmaceutical Preparations,false,BTAI,v2.38BT-global-unicorn-flag
U00471,BTBD,"BT Brands, Inc. - Common Stock",US,1718224,us_sec_v2_38g,EVALUATED_NOT_UNICORN,"us_fundamental_momentum_flag_false:no_real_margin_expansion,no_real_positive_free_cash_flow",0.053054,,-0.155915,5812,Retail-Eating  Places,false,BTBD,v2.38BT-global-unicorn-flag
U00472,BTBT,"Bit Digital, Inc. - Ordinary Share",US,1710350,us_sec_v2_38g,EVALUATED_NOT_UNICORN,"us_fundamental_momentum_flag_false:no_real_margin_expansion,no_real_positive_free_cash_flow",0.050991,-3.837459,-0.707259,6199,Finance Services,true,BTBT,v2.38BT-global-unicorn-flag
U00473,BTCS,BTCS Inc. - Common Stock,US,1436229,us_sec_v2_38g,EVALUATED_NOT_UNICORN,"us_fundamental_momentum_flag_false:no_real_margin_expansion,no_real_positive_free_cash_flow",3.048487,,-2.022452,6199,Finance Services,true,BTCS,v2.38BT-global-unicorn-flag
U00474,BTCT,BTC Digital Ltd. - Ordinary Shares,US,1796514,us_sec_v2_38g,EVALUATED_NOT_UNICORN,"us_fundamental_momentum_flag_false:no_real_margin_expansion,no_real_positive_free_cash_flow",0.202655,,-0.645324,6199,Finance Services,true,BTCT,v2.38BT-global-unicorn-flag
U00476,BTMD,Biote Corp. - Class A common stock,US,1819253,us_sec_v2_38g,EVALUATED_NOT_UNICORN,us_fundamental_momentum_flag_false:revenue_growth_not_positive,-0.025214,7.566677,0.140699,2833,Medicinal Chemicals & Botanical Products,false,BTMD,v2.38BT-global-unicorn-flag
U00477,BTOC,Armlogi Holding Corp. - common stock,US,1972529,us_sec_v2_38g,EVALUATED_NOT_UNICORN,"us_fundamental_momentum_flag_false:no_real_margin_expansion,no_real_positive_free_cash_flow",0.140326,-3.062669,-0.08061,4220,Public Warehousing & Storage,false,BTOC,v2.38BT-global-unicorn-flag
U00478,BTOG,Bit Origin Limited - Class A Ordinary Shares,US,1735556,us_sec_v2_38g,INSUFFICIENT_DATA,us_growth_features_not_computable_for_this_company,,,,6199,Finance Services,true,BTOG,v2.38BT-global-unicorn-flag
U00480,BTTC,Black Titan Corp - Ordinary Shares,US,2034400,us_sec_v2_38g,INSUFFICIENT_DATA,us_growth_features_not_computable_for_this_company,,,,7371,Services-Computer Programming Services,false,BTTC,v2.38BT-global-unicorn-flag
U00481,BULL,Webull Corporation - Class A Ordinary Shares,US,1866364,us_sec_v2_38g,INSUFFICIENT_DATA,us_growth_features_not_computable_for_this_company,,,,6211,"Security Brokers, Dealers & Flotation Companies",true,BULL,v2.38BT-global-unicorn-flag
U00482,BUSE,First Busey Corporation - Common Stock,US,314489,us_sec_v2_38g,EVALUATED_NOT_UNICORN,us_fundamental_momentum_flag_false:no_real_margin_expansion,0.556554,0.189734,0.187972,6022,State Commercial Banks,true,BUSE,v2.38BT-global-unicorn-flag
U00483,BUUU,BUUU Group Limited - Class A Ordinary Share,US,2047273,us_sec_v2_38g,INSUFFICIENT_DATA,us_growth_features_not_computable_for_this_company,,,0.125374,7900,Services-Amusement & Recreation Services,false,BUUU,v2.38BT-global-unicorn-flag
U00484,BVC,BitVentures Limited - Ordinary Share,US,1785680,us_sec_v2_38g,EVALUATED_NOT_UNICORN,"us_fundamental_momentum_flag_false:revenue_growth_not_positive,no_real_margin_expansion,no_real_positive_free_cash_flow",-1.0,,,6282,Investment Advice,true,BVC,v2.38BT-global-unicorn-flag
U00485,BVFL,"BV Financial, Inc. - Common Stock",US,1302387,us_sec_v2_38g,INSUFFICIENT_DATA,us_growth_features_not_computable_for_this_company,,0.151156,,6035,"Savings Institution, Federally Chartered",true,BVFL,v2.38BT-global-unicorn-flag
U00486,BVS,Bioventus Inc. - Class A Common Stock,US,1665988,us_sec_v2_38g,EVALUATED_NOT_UNICORN,us_fundamental_momentum_flag_false:revenue_growth_not_positive,-0.009058,,0.040015,3841,Surgical & Medical Instruments & Apparatus,false,BVS,v2.38BT-global-unicorn-flag
U00487,BWB,"Bridgewater Bancshares, Inc. - Common Stock",US,1341317,us_sec_v2_38g,INSUFFICIENT_DATA,us_growth_features_not_computable_for_this_company,,0.404052,,6022,State Commercial Banks,true,BWB,v2.38BT-global-unicorn-flag
U00488,BWEN,"Broadwind, Inc. - Common Stock",US,1120370,us_sec_v2_38g,INSUFFICIENT_DATA,us_growth_features_not_computable_for_this_company,,3.550347,,3360,Nonferrous Foundries (Castings),false,BWEN,v2.38BT-global-unicorn-flag
U00489,BWFG,"Bankwell Financial Group, Inc. - Common Stock",US,1505732,us_sec_v2_38g,EVALUATED_UNICORN,us_fundamental_momentum_flag_true_real_revenue_growth_and_margin_expansion_and_positive_free_cash_flow,0.439633,2.602661,12.45506,6022,State Commercial Banks,true,BWFG,v2.38BT-global-unicorn-flag
U00490,BWIN,"The Baldwin Insurance Group, Inc. - Class A Common Stock",US,1781755,us_sec_v2_38g,EVALUATED_NOT_UNICORN,"us_fundamental_momentum_flag_false:no_real_margin_expansion,no_real_positive_free_cash_flow",0.084644,,-0.022637,6411,"Insurance Agents, Brokers & Service",true,BWIN,v2.38BT-global-unicorn-flag
U00491,BWMN,Bowman Consulting Group Ltd. - Common Stock,US,1847590,us_sec_v2_38g,EVALUATED_UNICORN,us_fundamental_momentum_flag_true_real_revenue_growth_and_margin_expansion_and_positive_free_cash_flow,0.148754,3.235003,0.026222,8742,Services-Management Consulting Services,false,BWMN,v2.38BT-global-unicorn-flag
U00492,BYAH,"Park Ha Biological Technology Co., Ltd. - Class A Ordinary Shares",US,1986247,us_sec_v2_38g,EVALUATED_NOT_UNICORN,"us_fundamental_momentum_flag_false:no_real_margin_expansion,no_real_positive_free_cash_flow",0.060034,-51.912534,-9.650007,2840,"Soap, Detergents, Cleang Preparations, Perfumes, Cosmetics",false,BYAH,v2.38BT-global-unicorn-flag
U00493,BYFC,Broadway Financial Corporation - Class A Common Stock,US,1001171,us_sec_v2_38g,EVALUATED_NOT_UNICORN,"us_fundamental_momentum_flag_false:no_real_margin_expansion,no_real_positive_free_cash_flow",0.187097,-13.85381,-134.755435,6035,"Savings Institution, Federally Chartered",true,BYFC,v2.38BT-global-unicorn-flag
U00494,BYND,"Beyond Meat, Inc. - Common stock",US,1655210,us_sec_v2_38g,EVALUATED_NOT_UNICORN,"us_fundamental_momentum_flag_false:revenue_growth_not_positive,no_real_positive_free_cash_flow",-0.15609,,0.795017,2000,Food and Kindred Products,false,BYND,v2.38BT-global-unicorn-flag
U00495,BYRN,"Byrna Technologies, Inc. - Common Stock",US,1354866,us_sec_v2_38g,EVALUATED_NOT_UNICORN,"us_fundamental_momentum_flag_false:no_real_margin_expansion,no_real_positive_free_cash_flow",0.377396,-0.24273,0.08201,3690,"Miscellaneous Electrical Machinery, Equipment & Supplies",false,BYRN,v2.38BT-global-unicorn-flag
U00496,BYSI,"BeyondSpring, Inc. - Ordinary Shares",US,1677940,us_sec_v2_38g,INSUFFICIENT_DATA,us_growth_features_not_computable_for_this_company,,,,2834,Pharmaceutical Preparations,false,BYSI,v2.38BT-global-unicorn-flag
U00497,BZ,KANZHUN LIMITED - American Depository Shares,US,1842827,us_sec_v2_38g,EVALUATED_NOT_UNICORN,us_fundamental_momentum_flag_false:no_real_margin_expansion,0.17318,,0.330853,7370,"Services-Computer Programming, Data Processing, Etc.",false,BZ,v2.38BT-global-unicorn-flag
U00498,BZAI,"Blaize Holdings, Inc. - Common Stock",US,1871638,us_sec_v2_38g,INSUFFICIENT_DATA,us_growth_features_not_computable_for_this_company,,,-5.355767,3674,Semiconductors & Related Devices,false,BZAI,v2.38BT-global-unicorn-flag
U00499,BZFD,"BuzzFeed, Inc. - Class A Common Stock",US,1828972,us_sec_v2_38g,EVALUATED_NOT_UNICORN,"us_fundamental_momentum_flag_false:revenue_growth_not_positive,no_real_margin_expansion,no_real_positive_free_cash_flow",-0.024336,,-0.311574,4899,"Communications Services, NEC",false,BZFD,v2.38BT-global-unicorn-flag
U00500,CAAS,"China Automotive Systems, Inc. - Ordinary Share",US,2037400,us_sec_v2_38g,INSUFFICIENT_DATA,us_growth_features_not_computable_for_this_company,,,0.055944,3714,Motor Vehicle Parts & Accessories,false,CAAS,v2.38BT-global-unicorn-flag
U00501,CABA,"Cabaletta Bio, Inc. - Common Stock",US,1759138,us_sec_v2_38g,INSUFFICIENT_DATA,us_growth_features_not_computable_for_this_company,,,,2836,"Biological Products, (No Diagnostic Substances)",false,CABA,v2.38BT-global-unicorn-flag
U00502,CABR,"Caring Brands, Inc. - Common Stock",US,2020737,us_sec_v2_38g,INSUFFICIENT_DATA,us_growth_features_not_computable_for_this_company,,,-1489.487782,2844,"Perfumes, Cosmetics & Other Toilet Preparations",false,CABR,v2.38BT-global-unicorn-flag
U00503,CAC,Camden National Corporation - Common Stock,US,750686,us_sec_v2_38g,EVALUATED_UNICORN,us_fundamental_momentum_flag_true_real_revenue_growth_and_margin_expansion_and_positive_free_cash_flow,0.169553,0.229341,1.56113,6021,National Commercial Banks,true,CAC,v2.38BT-global-unicorn-flag
U00504,CACC,Credit Acceptance Corporation - Common Stock,US,885550,us_sec_v2_38g,EVALUATED_UNICORN,us_fundamental_momentum_flag_true_real_revenue_growth_and_margin_expansion_and_positive_free_cash_flow,0.071587,0.709964,0.182936,6141,Personal Credit Institutions,true,CACC,v2.38BT-global-unicorn-flag
U00505,CADL,"Candel Therapeutics, Inc. - Common Stock",US,1841387,us_sec_v2_38g,INSUFFICIENT_DATA,us_growth_features_not_computable_for_this_company,,,,2836,"Biological Products, (No Diagnostic Substances)",false,CADL,v2.38BT-global-unicorn-flag
U00506,CAES,"Cantor Equity Partners VII, Inc. - Class A Ordinary Shares",US,2087965,us_sec_v2_38g,INSUFFICIENT_DATA,us_growth_features_not_computable_for_this_company,,,,6770,Blank Checks,false,CAES,v2.38BT-global-unicorn-flag
U00507,CAI,"Caris Life Sciences, Inc. - Common Stock",US,2019410,us_sec_v2_38g,INSUFFICIENT_DATA,us_growth_features_not_computable_for_this_company,,,-0.083849,8071,Services-Medical Laboratories,false,CAI,v2.38BT-global-unicorn-flag
U00509,CAKE,The Cheesecake Factory Incorporated - Common Stock,US,887596,us_sec_v2_38g,EVALUATED_NOT_UNICORN,us_fundamental_momentum_flag_false:no_real_margin_expansion,0.047493,-0.053297,0.039561,5812,Retail-Eating  Places,false,CAKE,v2.38BT-global-unicorn-flag
U00510,CALC,"CalciMedica, Inc. - Common Stock",US,1534133,us_sec_v2_38g,INSUFFICIENT_DATA,us_growth_features_not_computable_for_this_company,,,,2834,Pharmaceutical Preparations,false,CALC,v2.38BT-global-unicorn-flag
U00511,CALM,"Cal-Maine Foods, Inc. - Common Stock",US,16160,us_sec_v2_38g,EVALUATED_NOT_UNICORN,"us_fundamental_momentum_flag_false:revenue_growth_not_positive,no_real_margin_expansion",-0.316821,-0.740435,0.108764,0200,Agricultural Prod-Livestock & Animal Specialties,false,CALM,v2.38BT-global-unicorn-flag
U00512,CAMP,CAMP4 Therapeutics Corporation - Common Stock,US,1736730,us_sec_v2_38g,EVALUATED_NOT_UNICORN,us_fundamental_momentum_flag_false:no_real_positive_free_cash_flow,4.365031,,-22.98542,2834,Pharmaceutical Preparations,false,CAMP,v2.38BT-global-unicorn-flag
U00513,CAMT,Camtek Ltd. - Ordinary Shares,US,1109138,us_sec_v2_38g,EVALUATED_NOT_UNICORN,us_fundamental_momentum_flag_false:no_real_margin_expansion,0.155715,-0.57202,0.102247,3827,Optical Instruments & Lenses,false,CAMT,v2.38BT-global-unicorn-flag
U00515,CAPR,"Capricor Therapeutics, Inc. - Common Stock",US,1133869,us_sec_v2_38g,EVALUATED_NOT_UNICORN,"us_fundamental_momentum_flag_false:revenue_growth_not_positive,no_real_margin_expansion,no_real_positive_free_cash_flow",-1.0,,,2834,Pharmaceutical Preparations,false,CAPR,v2.38BT-global-unicorn-flag
U00516,CAPS,Capstone Holding Corp. - Common Stock,US,887151,us_sec_v2_38g,INSUFFICIENT_DATA,us_growth_features_not_computable_for_this_company,,,,5030,Wholesale-Lumber & Other Construction Materials,false,CAPS,v2.38BT-global-unicorn-flag
U00518,CAR,"Avis Budget Group, Inc. - Common Stock",US,723612,us_sec_v2_38g,EVALUATED_NOT_UNICORN,"us_fundamental_momentum_flag_false:revenue_growth_not_positive,no_real_positive_free_cash_flow",-0.011621,,-0.076296,7510,Services-Auto Rental & Leasing (No Drivers),false,CAR,v2.38BT-global-unicorn-flag
U00519,CARE,"Carter Bankshares, Inc. - Common Stock",US,1829576,us_sec_v2_38g,EVALUATED_UNICORN,us_fundamental_momentum_flag_true_real_revenue_growth_and_margin_expansion_and_positive_free_cash_flow,0.046464,0.278881,1.543785,6021,National Commercial Banks,true,CARE,v2.38BT-global-unicorn-flag
U00520,CARG,"CarGurus, Inc. - Class A Common Stock",US,1494259,us_sec_v2_38g,EVALUATED_UNICORN,us_fundamental_momentum_flag_true_real_revenue_growth_and_margin_expansion_and_positive_free_cash_flow,0.014083,6.433864,0.171892,7374,Services-Computer Processing & Data Preparation,false,CARG,v2.38BT-global-unicorn-flag
U00521,CARL,"Carlsmed, Inc. - Common Stock",US,1794546,us_sec_v2_38g,INSUFFICIENT_DATA,us_growth_features_not_computable_for_this_company,,,,3841,Surgical & Medical Instruments & Apparatus,false,CARL,v2.38BT-global-unicorn-flag
U00522,CART,Maplebear Inc. - Common Stock,US,1579091,us_sec_v2_38g,EVALUATED_NOT_UNICORN,us_fundamental_momentum_flag_false:no_real_margin_expansion,0.107756,-0.021882,0.119455,7389,"Services-Business Services, NEC",false,CART,v2.38BT-global-unicorn-flag
U00523,CASH,"Pathward Financial, Inc. - Common Stock",US,907471,us_sec_v2_38g,EVALUATED_NOT_UNICORN,us_fundamental_momentum_flag_false:no_real_margin_expansion,0.053275,0.01448,0.221304,6021,National Commercial Banks,true,CASH,v2.38BT-global-unicorn-flag
U00524,CASS,"Cass Information Systems, Inc - Common Stock",US,708781,us_sec_v2_38g,EVALUATED_NOT_UNICORN,us_fundamental_momentum_flag_false:revenue_growth_not_positive,-0.151307,0.832012,0.325157,7389,"Services-Business Services, NEC",false,CASS,v2.38BT-global-unicorn-flag
U00525,CAST,"FreeCast, Inc. - Class A common stock",US,1633369,us_sec_v2_38g,INSUFFICIENT_DATA,us_growth_features_not_computable_for_this_company,,,,7374,Services-Computer Processing & Data Preparation,false,CAST,v2.38BT-global-unicorn-flag
U00526,CASY,"Caseys General Stores, Inc. - Common Stock",US,726958,us_sec_v2_38g,EVALUATED_UNICORN,us_fundamental_momentum_flag_true_real_revenue_growth_and_margin_expansion_and_positive_free_cash_flow,0.101638,0.307268,0.040684,5500,Retail-Auto Dealers & Gasoline Stations,false,CASY,v2.38BT-global-unicorn-flag
U00527,CATY,Cathay General Bancorp - Common Stock,US,861842,us_sec_v2_38g,INSUFFICIENT_DATA,us_growth_features_not_computable_for_this_company,,0.101913,,6022,State Commercial Banks,true,CATY,v2.38BT-global-unicorn-flag
U00529,CBC,"Central Bancompany, Inc. - Class A Common Stock",US,2065601,us_sec_v2_38g,INSUFFICIENT_DATA,us_growth_features_not_computable_for_this_company,,,,,,,CBC,v2.38BT-global-unicorn-flag
U00530,CBFV,"CB Financial Services, Inc. - Common Stock",US,1605301,us_sec_v2_38g,INSUFFICIENT_DATA,us_growth_features_not_computable_for_this_company,,-0.610688,,6022,State Commercial Banks,true,CBFV,v2.38BT-global-unicorn-flag
U00531,CBIO,"Crescent Biopharma, Inc. - Common Stock",US,1253689,us_sec_v2_38g,INSUFFICIENT_DATA,us_growth_features_not_computable_for_this_company,,,-14.196053,2834,Pharmaceutical Preparations,false,CBIO,v2.38BT-global-unicorn-flag
U00532,CBK,"Commercial Bancgroup, Inc. - Common Stock",US,1981546,us_sec_v2_38g,INSUFFICIENT_DATA,us_growth_features_not_computable_for_this_company,,,,6022,State Commercial Banks,true,CBK,v2.38BT-global-unicorn-flag
U00533,CBLL,"CeriBell, Inc. - Common Stock",US,1861107,us_sec_v2_38g,EVALUATED_NOT_UNICORN,us_fundamental_momentum_flag_false:no_real_positive_free_cash_flow,0.360904,,-0.59971,3845,Electromedical & Electrotherapeutic Apparatus,false,CBLL,v2.38BT-global-unicorn-flag
U00534,CBNK,"Capital Bancorp, Inc. - Common Stock",US,1419536,us_sec_v2_38g,INSUFFICIENT_DATA,us_growth_features_not_computable_for_this_company,,0.845861,,6021,National Commercial Banks,true,CBNK,v2.38BT-global-unicorn-flag
U00535,CBRL,"Cracker Barrel Old Country Store, Inc. - Common Stock",US,1067294,us_sec_v2_38g,EVALUATED_UNICORN,us_fundamental_momentum_flag_true_real_revenue_growth_and_margin_expansion_and_positive_free_cash_flow,0.003723,0.13313,0.013313,5812,Retail-Eating  Places,false,CBRL,v2.38BT-global-unicorn-flag
U00536,CBRS,Cerebras Systems Inc. - Class A Common Stock,US,2021728,us_sec_v2_38g,INSUFFICIENT_DATA,us_growth_features_not_computable_for_this_company,,,,3674,Semiconductors & Related Devices,false,CBRS,v2.38BT-global-unicorn-flag
U00537,CBSH,"Commerce Bancshares, Inc. - Common Stock",US,22356,us_sec_v2_38g,INSUFFICIENT_DATA,us_growth_features_not_computable_for_this_company,,0.075846,,6022,State Commercial Banks,true,CBSH,v2.38BT-global-unicorn-flag
U00538,CBUS,"Cibus, Inc. - Class A Common Stock",US,1705843,us_sec_v2_38g,EVALUATED_NOT_UNICORN,"us_fundamental_momentum_flag_false:revenue_growth_not_positive,no_real_positive_free_cash_flow",-0.146176,,-34.923056,2870,Agricultural Chemicals,false,CBUS,v2.38BT-global-unicorn-flag
U00539,CCAP,"Crescent Capital BDC, Inc. - Common Stock",US,1633336,us_sec_v2_38g,INSUFFICIENT_DATA,us_growth_features_not_computable_for_this_company,,-0.53144,,,,,CCAP,v2.38BT-global-unicorn-flag
U00541,CCB,Coastal Financial Corporation - Common Stock,US,1437958,us_sec_v2_38g,INSUFFICIENT_DATA,us_growth_features_not_computable_for_this_company,,0.039231,,6022,State Commercial Banks,true,CCB,v2.38BT-global-unicorn-flag
U00542,CCBG,Capital City Bank Group - Common Stock,US,726601,us_sec_v2_38g,INSUFFICIENT_DATA,us_growth_features_not_computable_for_this_company,,0.163319,,6022,State Commercial Banks,true,CCBG,v2.38BT-global-unicorn-flag
U00543,CCC,CCC Intelligent Solutions Holdings Inc. - Common Stock,US,1818201,us_sec_v2_38g,EVALUATED_NOT_UNICORN,us_fundamental_momentum_flag_false:no_real_margin_expansion,0.118756,-0.945967,0.001597,7372,Services-Prepackaged Software,false,CCC,v2.38BT-global-unicorn-flag
U00544,CCCC,"C4 Therapeutics, Inc. - Common Stock",US,1662579,us_sec_v2_38g,EVALUATED_NOT_UNICORN,us_fundamental_momentum_flag_false:no_real_positive_free_cash_flow,0.010201,,-2.9208,2836,"Biological Products, (No Diagnostic Substances)",false,CCCC,v2.38BT-global-unicorn-flag
U00546,CCEC,Capital Clean Energy Carriers Corp. - Common Share,US,1392326,us_sec_v2_38g,INSUFFICIENT_DATA,us_growth_features_not_computable_for_this_company,,-0.118135,,4412,Deep Sea Foreign Transportation of  Freight,false,CCEC,v2.38BT-global-unicorn-flag
U00548,CCG,Cheche Group Inc. - Class A Ordinary Shares,US,1965473,us_sec_v2_38g,INSUFFICIENT_DATA,us_growth_features_not_computable_for_this_company,,,,6411,"Insurance Agents, Brokers & Service",true,CCG,v2.38BT-global-unicorn-flag
U00549,CCHH,CCH Holdings Ltd - Class A Ordinary Shares,US,2074123,us_sec_v2_38g,INSUFFICIENT_DATA,us_growth_features_not_computable_for_this_company,,,-0.279966,5812,Retail-Eating  Places,false,CCHH,v2.38BT-global-unicorn-flag
U00552,CCLD,"CareCloud, Inc. - Common Stock",US,1582982,us_sec_v2_38g,EVALUATED_UNICORN,us_fundamental_momentum_flag_true_real_revenue_growth_and_margin_expansion_and_positive_free_cash_flow,0.087173,0.375366,0.089611,7372,Services-Prepackaged Software,false,CCLD,v2.38BT-global-unicorn-flag
U00553,CCNE,CNB Financial Corporation - Common Stock,US,736772,us_sec_v2_38g,INSUFFICIENT_DATA,us_growth_features_not_computable_for_this_company,,0.211745,,6022,State Commercial Banks,true,CCNE,v2.38BT-global-unicorn-flag
U00554,CCOI,"Cogent Communications Holdings, Inc. - Common Stock",US,1158324,us_sec_v2_38g,INSUFFICIENT_DATA,us_growth_features_not_computable_for_this_company,,,,4899,"Communications Services, NEC",false,CCOI,v2.38BT-global-unicorn-flag
U00556,CCSI,"Consensus Cloud Solutions, Inc. - Common Stock",US,1866633,us_sec_v2_38g,EVALUATED_NOT_UNICORN,"us_fundamental_momentum_flag_false:revenue_growth_not_positive,no_real_margin_expansion",-0.001958,-0.054878,0.241716,7372,Services-Prepackaged Software,false,CCSI,v2.38BT-global-unicorn-flag
U00557,CCTG,CCSC Technology International Holdings Limited - Class A Ordinary Shares,US,1931717,us_sec_v2_38g,EVALUATED_NOT_UNICORN,"us_fundamental_momentum_flag_false:revenue_growth_not_positive,no_real_margin_expansion,no_real_positive_free_cash_flow",-0.018645,,-0.277734,3640,Electric Lighting & Wiring Equipment,false,CCTG,v2.38BT-global-unicorn-flag
U00558,CCXI,Churchill Capital Corp XI - Class A Ordinary Shares,US,2074973,us_sec_v2_38g,INSUFFICIENT_DATA,us_growth_features_not_computable_for_this_company,,,,3569,"General Industrial Machinery & Equipment, NEC",false,CCXI,v2.38BT-global-unicorn-flag
U00559,CD,Chaince Digital Holdings Inc. - American Ordinary Shares,US,1527762,us_sec_v2_38g,EVALUATED_NOT_UNICORN,us_fundamental_momentum_flag_false:no_real_positive_free_cash_flow,0.853298,,-2.730394,6199,Finance Services,true,CD,v2.38BT-global-unicorn-flag
U00560,CDIO,Cardio Diagnostics Holdings Inc. - Common stock,US,1870144,us_sec_v2_38g,EVALUATED_NOT_UNICORN,"us_fundamental_momentum_flag_false:revenue_growth_not_positive,no_real_margin_expansion,no_real_positive_free_cash_flow",-0.575093,,-438.324924,2835,In Vitro & In Vivo Diagnostic Substances,false,CDIO,v2.38BT-global-unicorn-flag
U00561,CDLX,"Cardlytics, Inc. - Common Stock",US,1666071,us_sec_v2_38g,EVALUATED_NOT_UNICORN,us_fundamental_momentum_flag_false:revenue_growth_not_positive,-0.169341,,-0.487397,7370,"Services-Computer Programming, Data Processing, Etc.",false,CDLX,v2.38BT-global-unicorn-flag
U00562,CDNA,"CareDx, Inc. - Common Stock",US,1217234,us_sec_v2_38g,EVALUATED_NOT_UNICORN,"us_fundamental_momentum_flag_false:no_real_margin_expansion,no_real_positive_free_cash_flow",0.137873,-1.406364,-0.056224,8071,Services-Medical Laboratories,false,CDNA,v2.38BT-global-unicorn-flag
U00563,CDNL,Cardinal Infrastructure Group Inc. - Class A Common Stock,US,2079999,us_sec_v2_38g,INSUFFICIENT_DATA,us_growth_features_not_computable_for_this_company,,,,1600,Heavy Construction Other Than Bldg Const - Contractors,false,CDNL,v2.38BT-global-unicorn-flag
U00564,CDNS,"Cadence Design Systems, Inc. - Common Stock",US,813672,us_sec_v2_38g,EVALUATED_NOT_UNICORN,us_fundamental_momentum_flag_false:no_real_margin_expansion,0.141232,0.050597,0.209352,7372,Services-Prepackaged Software,false,CDNS,v2.38BT-global-unicorn-flag
U00566,CDT,CDT Equity Inc. - Common Stock,US,1896212,us_sec_v2_38g,INSUFFICIENT_DATA,us_growth_features_not_computable_for_this_company,,,,2834,Pharmaceutical Preparations,false,CDT,v2.38BT-global-unicorn-flag
U00567,CDTG,CDT Environmental Technology Investment Holdings Limited - ordinary shares,US,1793895,us_sec_v2_38g,EVALUATED_NOT_UNICORN,"us_fundamental_momentum_flag_false:revenue_growth_not_positive,no_real_margin_expansion,no_real_positive_free_cash_flow",-0.38768,-8.017138,-0.559494,4950,Sanitary Services,false,CDTG,v2.38BT-global-unicorn-flag
U00568,CDW,CDW Corporation - Common Stock,US,1402057,us_sec_v2_38g,EVALUATED_NOT_UNICORN,us_fundamental_momentum_flag_false:no_real_margin_expansion,0.06788,-0.010392,0.047565,5961,Retail-Catalog & Mail-Order Houses,false,CDW,v2.38BT-global-unicorn-flag
U00569,CDXS,"Codexis, Inc. - Common Stock",US,1200375,us_sec_v2_38g,EVALUATED_NOT_UNICORN,us_fundamental_momentum_flag_false:no_real_positive_free_cash_flow,0.186065,,-0.624746,2860,Industrial Organic Chemicals,false,CDXS,v2.38BT-global-unicorn-flag
U00570,CDZI,"Cadiz, Inc. - Common Stock",US,727273,us_sec_v2_38g,EVALUATED_NOT_UNICORN,us_fundamental_momentum_flag_false:no_real_positive_free_cash_flow,0.697856,,-2.093484,4941,Water Supply,false,CDZI,v2.38BT-global-unicorn-flag
U00571,CECO,CECO Environmental Corp. - Common Stock,US,3197,us_sec_v2_38g,EVALUATED_NOT_UNICORN,us_fundamental_momentum_flag_false:no_real_positive_free_cash_flow,0.387946,2.862854,0.064634,3564,Industrial & Commercial Fans & Blowers & Air Purifing Equip,false,CECO,v2.38BT-global-unicorn-flag
U00572,CEG,Constellation Energy Corporation - Common Stock When-Issued,US,1868275,us_sec_v2_38g,EVALUATED_NOT_UNICORN,us_fundamental_momentum_flag_false:no_real_margin_expansion,0.195054,-0.381435,0.102325,4911,Electric Services,false,CEG,v2.38BT-global-unicorn-flag
U00573,CELC,Celcuity Inc. - Common Stock,US,1603454,us_sec_v2_38g,INSUFFICIENT_DATA,us_growth_features_not_computable_for_this_company,,,,8071,Services-Medical Laboratories,false,CELC,v2.38BT-global-unicorn-flag
U00574,CELH,"Celsius Holdings, Inc. - Common Stock",US,1341766,us_sec_v2_38g,EVALUATED_NOT_UNICORN,us_fundamental_momentum_flag_false:no_real_margin_expansion,0.855424,-0.255559,0.042937,2086,Bottled & Canned Soft Drinks & Carbonated Waters,false,CELH,v2.38BT-global-unicorn-flag
U00575,CELU,Celularity Inc. - Class A Common Stock,US,1752828,us_sec_v2_38g,EVALUATED_NOT_UNICORN,"us_fundamental_momentum_flag_false:revenue_growth_not_positive,no_real_margin_expansion,no_real_positive_free_cash_flow",-0.510328,,-3.454463,2834,Pharmaceutical Preparations,false,CELU,v2.38BT-global-unicorn-flag
U00576,CELZ,"Creative Medical Technology Holdings, Inc. - Common Stock",US,1187953,us_sec_v2_38g,EVALUATED_NOT_UNICORN,"us_fundamental_momentum_flag_false:revenue_growth_not_positive,no_real_margin_expansion,no_real_positive_free_cash_flow",-0.454545,,-999.168,2836,"Biological Products, (No Diagnostic Substances)",false,CELZ,v2.38BT-global-unicorn-flag
U00577,CENN,Cenntro Inc. - Common Stock,US,1707919,us_sec_v2_38g,EVALUATED_NOT_UNICORN,"us_fundamental_momentum_flag_false:revenue_growth_not_positive,no_real_margin_expansion,no_real_positive_free_cash_flow",-0.422311,,-4.036567,3711,Motor Vehicles & Passenger Car Bodies,false,CENN,v2.38BT-global-unicorn-flag
U00578,CENT,Central Garden & Pet Company - Common Stock,US,887733,us_sec_v2_38g,EVALUATED_NOT_UNICORN,us_fundamental_momentum_flag_false:revenue_growth_not_positive,-0.022308,0.508043,0.052042,5190,Wholesale-Miscellaneous Nondurable Goods,false,CENT,v2.38BT-global-unicorn-flag
U00579,CENTA,Central Garden & Pet Company - Class A Common Stock Nonvoting,US,887733,us_sec_v2_38g,DUPLICATE_LISTING,duplicate_listing_of_U00578_same_sec_cik_887733,-0.022308,0.508043,0.052042,5190,Wholesale-Miscellaneous Nondurable Goods,false,CENT,v2.38BT-global-unicorn-flag
U00580,CENX,Century Aluminum Company - Common Stock,US,949157,us_sec_v2_38g,EVALUATED_NOT_UNICORN,us_fundamental_momentum_flag_false:no_real_margin_expansion,0.13854,-0.875891,0.016535,3334,Primary Production of  Aluminum,false,CENX,v2.38BT-global-unicorn-flag
U00581,CEPF,"Cantor Equity Partners IV, Inc. - Class A Ordinary Shares",US,2034267,us_sec_v2_38g,INSUFFICIENT_DATA,us_growth_features_not_computable_for_this_company,,,,6770,Blank Checks,false,CEPF,v2.38BT-global-unicorn-flag
U00582,CEPO,"Cantor Equity Partners I, Inc. - Class A Ordinary Shares",US,2027708,us_sec_v2_38g,INSUFFICIENT_DATA,us_growth_features_not_computable_for_this_company,,,,6770,Blank Checks,false,CEPO,v2.38BT-global-unicorn-flag
U00583,CEPS,"Cantor Equity Partners VI, Inc. - Class A Ordinary Shares",US,2089536,us_sec_v2_38g,INSUFFICIENT_DATA,us_growth_features_not_computable_for_this_company,,,,6770,Blank Checks,false,CEPS,v2.38BT-global-unicorn-flag
U00584,CEPV,"Cantor Equity Partners V, Inc. - Class A Ordinary Shares",US,2034266,us_sec_v2_38g,INSUFFICIENT_DATA,us_growth_features_not_computable_for_this_company,,,,6770,Blank Checks,false,CEPV,v2.38BT-global-unicorn-flag
U00585,CERS,Cerus Corporation - Common Stock,US,1020214,us_sec_v2_38g,EVALUATED_UNICORN,us_fundamental_momentum_flag_true_real_revenue_growth_and_margin_expansion_and_positive_free_cash_flow,0.161319,,-0.06684,3841,Surgical & Medical Instruments & Apparatus,false,CERS,v2.38BT-global-unicorn-flag
U00586,CERT,"Certara, Inc. - Common Stock",US,1827090,us_sec_v2_38g,EVALUATED_UNICORN,us_fundamental_momentum_flag_true_real_revenue_growth_and_margin_expansion_and_positive_free_cash_flow,0.087473,,-0.003808,7372,Services-Prepackaged Software,false,CERT,v2.38BT-global-unicorn-flag
U00587,CETX,Cemtrex Inc. - Common Stock,US,1435064,us_sec_v2_38g,EVALUATED_NOT_UNICORN,"us_fundamental_momentum_flag_false:no_real_margin_expansion,no_real_positive_free_cash_flow",0.143937,,-0.367539,1700,Construction - Special Trade Contractors,false,CETX,v2.38BT-global-unicorn-flag
U00588,CETY,"Clean Energy Technologies, Inc. - Common Stock",US,1329606,us_sec_v2_38g,EVALUATED_NOT_UNICORN,"us_fundamental_momentum_flag_false:revenue_growth_not_positive,no_real_margin_expansion,no_real_positive_free_cash_flow",-0.108482,,-3.149895,4924,Natural Gas Distribution,false,CETY,v2.38BT-global-unicorn-flag
U00589,CEVA,"CEVA, Inc. - Common Stock",US,1173489,us_sec_v2_38g,INSUFFICIENT_DATA,us_growth_features_not_computable_for_this_company,,,,7370,"Services-Computer Programming, Data Processing, Etc.",false,CEVA,v2.38BT-global-unicorn-flag
U00590,CFBK,CF Bankshares Inc. - Common Stock,US,1070680,us_sec_v2_38g,INSUFFICIENT_DATA,us_growth_features_not_computable_for_this_company,,0.310301,,6021,National Commercial Banks,true,CFBK,v2.38BT-global-unicorn-flag
U00591,CFFI,C&F Financial Corporation - Common Stock,US,913341,us_sec_v2_38g,EVALUATED_UNICORN,us_fundamental_momentum_flag_true_real_revenue_growth_and_margin_expansion_and_positive_free_cash_flow,0.106258,0.35298,0.190534,6022,State Commercial Banks,true,CFFI,v2.38BT-global-unicorn-flag
U00592,CFFN,"Capitol Federal Financial, Inc. - Common Stock",US,1490906,us_sec_v2_38g,EVALUATED_UNICORN,us_fundamental_momentum_flag_true_real_revenue_growth_and_margin_expansion_and_positive_free_cash_flow,0.065359,0.789661,4.173313,6035,"Savings Institution, Federally Chartered",true,CFFN,v2.38BT-global-unicorn-flag
U00593,CG,The Carlyle Group Inc. - Common Stock,US,1527166,us_sec_v2_38g,EVALUATED_NOT_UNICORN,"us_fundamental_momentum_flag_false:revenue_growth_not_positive,no_real_margin_expansion,no_real_positive_free_cash_flow",-0.119061,-0.207468,0.169191,6282,Investment Advice,true,CG,v2.38BT-global-unicorn-flag
U00595,CGC,Canopy Growth Corporation - Common Shares,US,1737927,us_sec_v2_38g,INSUFFICIENT_DATA,us_growth_features_not_computable_for_this_company,,,,2833,Medicinal Chemicals & Botanical Products,false,CGC,v2.38BT-global-unicorn-flag
U00596,CGEM,"Cullinan Therapeutics, Inc. - Common Stock",US,1789972,us_sec_v2_38g,INSUFFICIENT_DATA,us_growth_features_not_computable_for_this_company,,,,2836,"Biological Products, (No Diagnostic Substances)",false,CGEM,v2.38BT-global-unicorn-flag
U00597,CGEN,Compugen Ltd. - Ordinary Shares,US,1119774,us_sec_v2_38g,EVALUATED_UNICORN,us_fundamental_momentum_flag_true_real_revenue_growth_and_margin_expansion_and_positive_free_cash_flow,1.611398,,0.485721,2836,"Biological Products, (No Diagnostic Substances)",false,CGEN,v2.38BT-global-unicorn-flag
U00598,CGNT,Cognyte Software Ltd. - Ordinary Shares,US,1824814,us_sec_v2_38g,INSUFFICIENT_DATA,us_growth_features_not_computable_for_this_company,,,-0.001595,7372,Services-Prepackaged Software,false,CGNT,v2.38BT-global-unicorn-flag
U00599,CGNX,Cognex Corporation - Common Stock,US,851205,us_sec_v2_38g,EVALUATED_NOT_UNICORN,us_fundamental_momentum_flag_false:no_real_margin_expansion,0.087307,0.077903,0.115091,3823,"Industrial Instruments For Measurement, Display, and Control",false,CGNX,v2.38BT-global-unicorn-flag
U00601,CGON,"CG Oncology, Inc. - Common stock",US,1991792,us_sec_v2_38g,INSUFFICIENT_DATA,us_growth_features_not_computable_for_this_company,,,,2836,"Biological Products, (No Diagnostic Substances)",false,CGON,v2.38BT-global-unicorn-flag
U00602,CGTL,Creative Global Technology Holdings Limited - Class A Ordinary Shares,US,1967822,us_sec_v2_38g,EVALUATED_NOT_UNICORN,"us_fundamental_momentum_flag_false:revenue_growth_not_positive,no_real_margin_expansion,no_real_positive_free_cash_flow",-0.406094,-4.122046,-0.632138,5045,Wholesale-Computers & Peripheral Equipment & Software,false,CGTL,v2.38BT-global-unicorn-flag
U00603,CGTX,"Cognition Therapeutics, Inc. - Common Stock",US,1455365,us_sec_v2_38g,INSUFFICIENT_DATA,us_growth_features_not_computable_for_this_company,,,,2836,"Biological Products, (No Diagnostic Substances)",false,CGTX,v2.38BT-global-unicorn-flag
U00604,CHAI,"Core AI Holdings, Inc. - Common Shares",US,1649009,us_sec_v2_38g,INSUFFICIENT_DATA,us_growth_features_not_computable_for_this_company,,,-0.571894,4812,Radiotelephone Communications,false,CHAI,v2.38BT-global-unicorn-flag
U00606,CHCI,"Comstock Holding Companies, Inc. - Class A Common Stock",US,1299969,us_sec_v2_38g,EVALUATED_NOT_UNICORN,"us_fundamental_momentum_flag_false:no_real_margin_expansion,no_real_positive_free_cash_flow",0.225504,0.171085,0.271249,6500,Real Estate,false,CHCI,v2.38BT-global-unicorn-flag
U00607,CHCO,City Holding Company - Common Stock,US,726854,us_sec_v2_38g,INSUFFICIENT_DATA,us_growth_features_not_computable_for_this_company,,0.114294,,6021,National Commercial Banks,true,CHCO,v2.38BT-global-unicorn-flag
U00608,CHDN,"Churchill Downs, Incorporated - Common Stock",US,20212,us_sec_v2_38g,EVALUATED_NOT_UNICORN,"us_fundamental_momentum_flag_false:no_real_margin_expansion,no_real_positive_free_cash_flow",0.070073,-0.102624,0.1309,7948,"Services-Racing, Including Track Operation",false,CHDN,v2.38BT-global-unicorn-flag
U00610,CHEF,"The Chefs' Warehouse, Inc. - Common Stock",US,1517175,us_sec_v2_38g,EVALUATED_NOT_UNICORN,us_fundamental_momentum_flag_false:no_real_positive_free_cash_flow,0.093649,0.304295,0.017438,5141,"Wholesale-Groceries, General Line",false,CHEF,v2.38BT-global-unicorn-flag
U00612,CHKP,Check Point Software Technologies Ltd. - Ordinary Shares,US,1015922,us_sec_v2_38g,EVALUATED_UNICORN,us_fundamental_momentum_flag_true_real_revenue_growth_and_margin_expansion_and_positive_free_cash_flow,0.062534,0.249734,0.387796,7372,Services-Prepackaged Software,false,CHKP,v2.38BT-global-unicorn-flag
U00613,CHMG,Chemung Financial Corp - Common Stock,US,763563,us_sec_v2_38g,INSUFFICIENT_DATA,us_growth_features_not_computable_for_this_company,,-0.36192,,6022,State Commercial Banks,true,CHMG,v2.38BT-global-unicorn-flag
U00616,CHR,"Cheer Holding, Inc. - Class A Ordinary Share",US,1738758,us_sec_v2_38g,EVALUATED_NOT_UNICORN,us_fundamental_momentum_flag_false:no_real_margin_expansion,0.011135,-0.013441,0.172117,7374,Services-Computer Processing & Data Preparation,false,CHR,v2.38BT-global-unicorn-flag
U00617,CHRD,Chord Energy Corporation - Common Stock,US,1486159,us_sec_v2_38g,EVALUATED_NOT_UNICORN,"us_fundamental_momentum_flag_false:revenue_growth_not_positive,no_real_margin_expansion,no_real_positive_free_cash_flow",-0.071215,-0.947611,0.009116,1311,Crude Petroleum & Natural Gas,false,CHRD,v2.38BT-global-unicorn-flag
U00618,CHRN,ChronoScale Holdings Corporation - Common Stock,US,1549084,us_sec_v2_38g,INSUFFICIENT_DATA,us_growth_features_not_computable_for_this_company,,,-0.702754,3569,"General Industrial Machinery & Equipment, NEC",false,CHRN,v2.38BT-global-unicorn-flag
U00619,CHRS,"Coherus Oncology, Inc. - Common Stock",US,1512762,us_sec_v2_38g,INSUFFICIENT_DATA,us_growth_features_not_computable_for_this_company,,4.894131,,2836,"Biological Products, (No Diagnostic Substances)",false,CHRS,v2.38BT-global-unicorn-flag
U00620,CHRW,"C.H. Robinson Worldwide, Inc. - Common Stock",US,1043277,us_sec_v2_38g,EVALUATED_NOT_UNICORN,us_fundamental_momentum_flag_false:revenue_growth_not_positive,-0.084186,0.260669,0.036166,4731,Arrangement of  Transportation of  Freight & Cargo,false,CHRW,v2.38BT-global-unicorn-flag
U00621,CHSN,Chanson International Holding - Class A Ordinary Shares,US,1825349,us_sec_v2_38g,EVALUATED_NOT_UNICORN,us_fundamental_momentum_flag_false:no_real_margin_expansion,0.002269,-0.752025,0.010266,2000,Food and Kindred Products,false,CHSN,v2.38BT-global-unicorn-flag
U00622,CHTR,"Charter Communications, Inc. - Class A Common Stock",US,1091667,us_sec_v2_38g,EVALUATED_NOT_UNICORN,"us_fundamental_momentum_flag_false:revenue_growth_not_positive,no_real_margin_expansion",-0.005646,-0.018886,0.091047,4841,Cable & Other Pay Television Services,false,CHTR,v2.38BT-global-unicorn-flag
U00625,CHYM,"Chime Financial, Inc. - Class A Common Stock",US,1795586,us_sec_v2_38g,INSUFFICIENT_DATA,us_growth_features_not_computable_for_this_company,,,-0.461839,6199,Finance Services,true,CHYM,v2.38BT-global-unicorn-flag
U00626,CIFR,Cipher Digital Inc. - Common Stock,US,1819989,us_sec_v2_38g,EVALUATED_NOT_UNICORN,"us_fundamental_momentum_flag_false:no_real_margin_expansion,no_real_positive_free_cash_flow",0.480413,,-3.671683,6199,Finance Services,true,CIFR,v2.38BT-global-unicorn-flag
U00627,CIGI,Colliers International Group Inc. - Subordinate Voting Shares,US,913353,us_sec_v2_38g,EVALUATED_NOT_UNICORN,us_fundamental_momentum_flag_false:no_real_margin_expansion,0.152724,,,6500,Real Estate,false,CIGI,v2.38BT-global-unicorn-flag
U00628,CIIT,"Tianci International, Inc. - Common Stock",US,1557798,us_sec_v2_38g,EVALUATED_NOT_UNICORN,"us_fundamental_momentum_flag_false:no_real_margin_expansion,no_real_positive_free_cash_flow",0.077256,-49.499339,-0.284476,3576,Computer Communications Equipment,false,CIIT,v2.38BT-global-unicorn-flag
U00629,CINF,Cincinnati Financial Corporation - Common Stock,US,20286,us_sec_v2_38g,EVALUATED_NOT_UNICORN,us_fundamental_momentum_flag_false:no_real_margin_expansion,0.11414,0.044066,0.189455,6331,"Fire, Marine & Casualty Insurance",true,CINF,v2.38BT-global-unicorn-flag
U00630,CING,Cingulate Inc. - Common Stock,US,1862150,us_sec_v2_38g,INSUFFICIENT_DATA,us_growth_features_not_computable_for_this_company,,,,2834,Pharmaceutical Preparations,false,CING,v2.38BT-global-unicorn-flag
U00631,CIRC,"Circle8 Group, Inc. - Common Stock",US,1605888,us_sec_v2_38g,EVALUATED_NOT_UNICORN,"us_fundamental_momentum_flag_false:revenue_growth_not_positive,no_real_positive_free_cash_flow",-0.015208,,-0.136347,7363,Services-Help Supply Services,false,CIRC,v2.38BT-global-unicorn-flag
U00632,CISO,"CISO Global, Inc. - Common Stock",US,1777319,us_sec_v2_38g,EVALUATED_NOT_UNICORN,"us_fundamental_momentum_flag_false:revenue_growth_not_positive,no_real_positive_free_cash_flow",-0.134784,,-0.303463,8742,Services-Management Consulting Services,false,CISO,v2.38BT-global-unicorn-flag
U00633,CISS,C3is Inc. - Common Stock,US,1951067,us_sec_v2_38g,EVALUATED_NOT_UNICORN,us_fundamental_momentum_flag_false:revenue_growth_not_positive,-0.178279,,0.301339,4412,Deep Sea Foreign Transportation of  Freight,false,CISS,v2.38BT-global-unicorn-flag
U00634,CIVB,"Civista Bancshares, Inc. - Common Stock",US,944745,us_sec_v2_38g,EVALUATED_NOT_UNICORN,us_fundamental_momentum_flag_false:revenue_growth_not_positive,-0.005229,0.458574,2.42927,6022,State Commercial Banks,true,CIVB,v2.38BT-global-unicorn-flag
U00635,CJMB,Callan JMB Inc. - Common Stock,US,2032545,us_sec_v2_38g,EVALUATED_NOT_UNICORN,"us_fundamental_momentum_flag_false:revenue_growth_not_positive,no_real_margin_expansion,no_real_positive_free_cash_flow",-0.128018,,-1.391948,7389,"Services-Business Services, NEC",false,CJMB,v2.38BT-global-unicorn-flag
U00636,CLAR,Clarus Corporation - Common Stock,US,913277,us_sec_v2_38g,EVALUATED_NOT_UNICORN,"us_fundamental_momentum_flag_false:revenue_growth_not_positive,no_real_positive_free_cash_flow",-0.052494,,-0.185897,3949,"Sporting & Athletic Goods, NEC",false,CLAR,v2.38BT-global-unicorn-flag
U00637,CLBK,"Columbia Financial, Inc. - Common Stock",US,2115119,us_sec_v2_38g,INSUFFICIENT_DATA,us_growth_features_not_computable_for_this_company,,,,6035,"Savings Institution, Federally Chartered",true,CLBK,v2.38BT-global-unicorn-flag
U00638,CLBT,Cellebrite DI Ltd. - Ordinary Shares,US,1854587,us_sec_v2_38g,EVALUATED_UNICORN,us_fundamental_momentum_flag_true_real_revenue_growth_and_margin_expansion_and_positive_free_cash_flow,0.185622,,0.164663,7372,Services-Prepackaged Software,false,CLBT,v2.38BT-global-unicorn-flag
U00639,CLDX,"Celldex Therapeutics, Inc. - Common Stock",US,744218,us_sec_v2_38g,EVALUATED_NOT_UNICORN,"us_fundamental_momentum_flag_false:revenue_growth_not_positive,no_real_margin_expansion,no_real_positive_free_cash_flow",-0.779915,,-167.480259,2835,In Vitro & In Vivo Diagnostic Substances,false,CLDX,v2.38BT-global-unicorn-flag
U00640,CLFD,"Clearfield, Inc. - Common Stock",US,796505,us_sec_v2_38g,EVALUATED_NOT_UNICORN,"us_fundamental_momentum_flag_false:revenue_growth_not_positive,no_real_positive_free_cash_flow",-0.099403,,-0.053619,3661,Telephone & Telegraph Apparatus,false,CLFD,v2.38BT-global-unicorn-flag
U00641,CLGN,CollPlant Biotechnologies Ltd. - Ordinary Shares,US,1631487,us_sec_v2_38g,EVALUATED_NOT_UNICORN,us_fundamental_momentum_flag_false:no_real_positive_free_cash_flow,3.603883,,-4.845635,3842,"Orthopedic, Prosthetic & Surgical Appliances & Supplies",false,CLGN,v2.38BT-global-unicorn-flag
U00642,CLIK,Click Holdings Limited - Ordinary Share,US,2020027,us_sec_v2_38g,INSUFFICIENT_DATA,us_growth_features_not_computable_for_this_company,,,-0.094958,7361,Services-Employment Agencies,false,CLIK,v2.38BT-global-unicorn-flag
U00643,CLIR,ClearSign Technologies Corporation - Common Stock,US,1434524,us_sec_v2_38g,INSUFFICIENT_DATA,us_growth_features_not_computable_for_this_company,,,,3823,"Industrial Instruments For Measurement, Display, and Control",false,CLIR,v2.38BT-global-unicorn-flag
U00644,CLMB,"Climb Global Solutions, Inc. - Common Stock",US,945983,us_sec_v2_38g,EVALUATED_NOT_UNICORN,"us_fundamental_momentum_flag_false:no_real_margin_expansion,no_real_positive_free_cash_flow",0.401433,0.146158,0.032689,5045,Wholesale-Computers & Peripheral Equipment & Software,false,CLMB,v2.38BT-global-unicorn-flag
U00645,CLMT,"Calumet, Inc - Common Stock",US,2013745,us_sec_v2_38g,EVALUATED_NOT_UNICORN,us_fundamental_momentum_flag_false:revenue_growth_not_positive,-0.012484,,-0.00817,2911,Petroleum Refining,false,CLMT,v2.38BT-global-unicorn-flag
U00646,CLNE,Clean Energy Fuels Corp. - Common Stock,US,1368265,us_sec_v2_38g,EVALUATED_NOT_UNICORN,us_fundamental_momentum_flag_false:no_real_margin_expansion,0.021565,,-0.522615,4932,Gas & Other Services Combined,false,CLNE,v2.38BT-global-unicorn-flag
U00647,CLNN,Clene Inc. - Common Stock,US,1822791,us_sec_v2_38g,EVALUATED_NOT_UNICORN,"us_fundamental_momentum_flag_false:revenue_growth_not_positive,no_real_margin_expansion,no_real_positive_free_cash_flow",-0.415205,,-130.865,2834,Pharmaceutical Preparations,false,CLNN,v2.38BT-global-unicorn-flag
U00648,CLOV,"Clover Health Investments, Corp. - Class A Common stock",US,1801170,us_sec_v2_38g,EVALUATED_NOT_UNICORN,"us_fundamental_momentum_flag_false:no_real_margin_expansion,no_real_positive_free_cash_flow",0.403446,,-0.044457,6324,Hospital & Medical Service Plans,true,CLOV,v2.38BT-global-unicorn-flag
U00649,CLPS,CLPS Incorporation - Common Stock,US,1724542,us_sec_v2_38g,EVALUATED_NOT_UNICORN,"us_fundamental_momentum_flag_false:no_real_margin_expansion,no_real_positive_free_cash_flow",0.151728,,-0.04286,7372,Services-Prepackaged Software,false,CLPS,v2.38BT-global-unicorn-flag
U00650,CLPT,ClearPoint Neuro Inc. - Common Stock,US,1285550,us_sec_v2_38g,EVALUATED_NOT_UNICORN,"us_fundamental_momentum_flag_false:no_real_margin_expansion,no_real_positive_free_cash_flow",0.177795,,-0.690812,3841,Surgical & Medical Instruments & Apparatus,false,CLPT,v2.38BT-global-unicorn-flag
U00651,CLRB,"Cellectar Biosciences, Inc. - Common Stock",US,1279704,us_sec_v2_38g,INSUFFICIENT_DATA,us_growth_features_not_computable_for_this_company,,,,2834,Pharmaceutical Preparations,false,CLRB,v2.38BT-global-unicorn-flag
U00652,CLRO,"ClearOne, Inc. - Common Stock",US,840715,us_sec_v2_38g,INSUFFICIENT_DATA,us_growth_features_not_computable_for_this_company,,,,3661,Telephone & Telegraph Apparatus,false,CLRO,v2.38BT-global-unicorn-flag
U00653,CLSK,"CleanSpark, Inc. - Common Stock",US,827876,us_sec_v2_38g,EVALUATED_NOT_UNICORN,us_fundamental_momentum_flag_false:no_real_positive_free_cash_flow,1.022107,,0.475607,6199,Finance Services,true,CLSK,v2.38BT-global-unicorn-flag
U00654,CLST,"Catalyst Bancorp, Inc. - common stock",US,1849867,us_sec_v2_38g,INSUFFICIENT_DATA,us_growth_features_not_computable_for_this_company,,,,6035,"Savings Institution, Federally Chartered",true,CLST,v2.38BT-global-unicorn-flag
U00655,CLWT,Euro Tech Holdings Company Limited - Ordinary Shares,US,1026662,us_sec_v2_38g,EVALUATED_NOT_UNICORN,"us_fundamental_momentum_flag_false:revenue_growth_not_positive,no_real_margin_expansion,no_real_positive_free_cash_flow",-0.137684,-0.802367,0.01259,5040,Wholesale-Professional & Commercial Equipment & Supplies,false,CLWT,v2.38BT-global-unicorn-flag
U00656,CLYM,"Climb Bio, Inc. - Common Stock",US,1768446,us_sec_v2_38g,INSUFFICIENT_DATA,us_growth_features_not_computable_for_this_company,,,,2834,Pharmaceutical Preparations,false,CLYM,v2.38BT-global-unicorn-flag
U09211,0QFd,Moderna Inc,US,1682852,us_cboe_secondary_sec_v2_38bk,EVALUATED_NOT_UNICORN,"us_fundamental_momentum_flag_false:revenue_growth_not_positive,no_real_margin_expansion,no_real_positive_free_cash_flow",-0.399258,,-1.451646,2836,"Biological Products, (No Diagnostic Substances)",false,MRNA,v2.38BT-global-unicorn-flag
U09222,12DAd,Dell Technologies Inc,US,1571996,us_cboe_secondary_sec_v2_38bk,EVALUATED_UNICORN,us_fundamental_momentum_flag_true_real_revenue_growth_and_margin_expansion_and_positive_free_cash_flow,0.188046,0.292683,0.052282,3571,Electronic Computers,false,DELL,v2.38BT-global-unicorn-flag
U09229,1AALm,American Airlines Group Inc,US,6201,us_cboe_secondary_sec_v2_38bk,DUPLICATE_LISTING,duplicate_listing_of_U00006_same_sec_cik_6201,0.007784,-0.868794,0.002032,4512,"Air Transportation, Scheduled",false,AAL,v2.38BT-global-unicorn-flag
U09231,1ADMm,Archer-Daniels-Midland Co,US,7084,us_cboe_secondary_sec_v2_38bk,EVALUATED_NOT_UNICORN,us_fundamental_momentum_flag_false:no_real_margin_expansion,0.02392,-0.401111,0.043196,2070,Fats & Oils,false,ADM,v2.38BT-global-unicorn-flag
U09233,1ANFm,Abercrombie & Fitch Co,US,1018840,us_cboe_secondary_sec_v2_38bk,EVALUATED_NOT_UNICORN,us_fundamental_momentum_flag_false:no_real_margin_expansion,0.064201,-0.104733,0.096258,5651,Retail-Family Clothing Stores,false,ANF,v2.38BT-global-unicorn-flag
U09234,1APPm,AppLovin Corp,US,1751008,us_cboe_secondary_sec_v2_38bk,DUPLICATE_LISTING,duplicate_listing_of_U00213_same_sec_cik_1751008,0.16382,1.110268,0.608269,7370,"Services-Computer Programming, Data Processing, Etc.",false,APP,v2.38BT-global-unicorn-flag
U09237,1BLEm,Bloom Energy Corp,US,1664703,us_cboe_secondary_sec_v2_38bk,EVALUATED_NOT_UNICORN,us_fundamental_momentum_flag_false:no_real_margin_expansion,0.388665,,,3620,Electrical Industrial Apparatus,false,BE,v2.38BT-global-unicorn-flag
U09240,1CNCm,Centene Corp,US,1071739,us_cboe_secondary_sec_v2_38bk,EVALUATED_NOT_UNICORN,us_fundamental_momentum_flag_false:no_real_margin_expansion,0.199828,-3.019365,-0.038229,6324,Hospital & Medical Service Plans,true,CNC,v2.38BT-global-unicorn-flag
U09244,1HOODm,Robinhood Markets Inc,US,1783879,us_cboe_secondary_sec_v2_38bk,EVALUATED_NOT_UNICORN,"us_fundamental_momentum_flag_false:no_real_margin_expansion,no_real_positive_free_cash_flow",0.515757,0.334515,0.42097,6211,"Security Brokers, Dealers & Flotation Companies",true,HOOD,v2.38BT-global-unicorn-flag
U09246,1KTOSm,Kratos Defense & Security Solutions Inc,US,1069258,us_cboe_secondary_sec_v2_38bk,EVALUATED_NOT_UNICORN,us_fundamental_momentum_flag_false:no_real_positive_free_cash_flow,0.18525,0.349693,0.016335,3760,Guided Missiles & Space Vehicles & Parts,false,KTOS,v2.38BT-global-unicorn-flag
U09249,1MNSTm,Monster Beverage Corp,US,865752,us_cboe_secondary_sec_v2_38bk,EVALUATED_NOT_UNICORN,us_fundamental_momentum_flag_false:no_real_margin_expansion,0.106989,,,2086,Bottled & Canned Soft Drinks & Carbonated Waters,false,MNST,v2.38BT-global-unicorn-flag
U09252,1PANWm,Palo Alto Networks Inc,US,1327567,us_cboe_secondary_sec_v2_38bk,EVALUATED_NOT_UNICORN,"us_fundamental_momentum_flag_false:no_real_margin_expansion,no_real_positive_free_cash_flow",0.148739,-0.560095,0.122963,3577,"Computer Peripheral Equipment, NEC",false,PANW,v2.38BT-global-unicorn-flag
U09255,1PATHm,UiPath Inc,US,1734722,us_cboe_secondary_sec_v2_38bk,EVALUATED_UNICORN,us_fundamental_momentum_flag_true_real_revenue_growth_and_margin_expansion_and_positive_free_cash_flow,0.126539,,0.175298,7372,Services-Prepackaged Software,false,PATH,v2.38BT-global-unicorn-flag
U09256,1PLTRm,Palantir Technologies Inc,US,1321655,us_cboe_secondary_sec_v2_38bk,EVALUATED_UNICORN,us_fundamental_momentum_flag_true_real_revenue_growth_and_margin_expansion_and_positive_free_cash_flow,0.561834,2.515941,0.3631,7372,Services-Prepackaged Software,false,PLTR,v2.38BT-global-unicorn-flag
U09257,1QZd,Coinbase Global Inc,US,1679788,us_cboe_secondary_sec_v2_38bk,EVALUATED_NOT_UNICORN,"us_fundamental_momentum_flag_false:no_real_margin_expansion,no_real_positive_free_cash_flow",0.094042,-0.511324,0.175501,6199,Finance Services,true,COIN,v2.38BT-global-unicorn-flag
U09260,1RIVNm,Rivian Automotive Inc,US,1874178,us_cboe_secondary_sec_v2_38bk,EVALUATED_NOT_UNICORN,us_fundamental_momentum_flag_false:no_real_positive_free_cash_flow,0.083903,,-0.676815,3711,Motor Vehicles & Passenger Car Bodies,false,RIVN,v2.38BT-global-unicorn-flag
U09261,1SId,Snap Inc,US,1564408,us_cboe_secondary_sec_v2_38bk,EVALUATED_UNICORN,us_fundamental_momentum_flag_true_real_revenue_growth_and_margin_expansion_and_positive_free_cash_flow,0.106325,,-0.077635,7370,"Services-Computer Programming, Data Processing, Etc.",false,SNAP,v2.38BT-global-unicorn-flag
U09262,1SPCXm,Space Exploration Technologies Corp,US,1181412,us_cboe_secondary_sec_v2_38bk,INSUFFICIENT_DATA,us_growth_features_not_computable_for_this_company,,,,7370,"Services-Computer Programming, Data Processing, Etc.",false,SPCX,v2.38BT-global-unicorn-flag
U09264,1TTEKm,Tetra Tech Inc,US,831641,us_cboe_secondary_sec_v2_38bk,EVALUATED_NOT_UNICORN,us_fundamental_momentum_flag_false:no_real_margin_expansion,0.046918,,,8711,Services-Engineering Services,false,TTEK,v2.38BT-global-unicorn-flag
U09268,1WULFm,Terawulf Inc,US,1083301,us_cboe_secondary_sec_v2_38bk,INSUFFICIENT_DATA,us_growth_features_not_computable_for_this_company,,,-3.926366,6199,Finance Services,true,WULF,v2.38BT-global-unicorn-flag
U09303,2OYd,Dow Inc,US,1751788,us_cboe_secondary_sec_v2_38bk,EVALUATED_NOT_UNICORN,"us_fundamental_momentum_flag_false:revenue_growth_not_positive,no_real_margin_expansion,no_real_positive_free_cash_flow",-0.069733,,,2821,"Plastic Materials, Synth Resins & Nonvulcan Elastomers",false,DOW,v2.38BT-global-unicorn-flag
U09306,2PPd,PayPal Holdings Inc,US,1633917,us_cboe_secondary_sec_v2_38bk,EVALUATED_UNICORN,us_fundamental_momentum_flag_true_real_revenue_growth_and_margin_expansion_and_positive_free_cash_flow,0.043243,0.261876,0.157754,7389,"Services-Business Services, NEC",false,PYPL,v2.38BT-global-unicorn-flag
U09316,33Ld,Lululemon Athletica Inc,US,1397187,us_cboe_secondary_sec_v2_38bk,EVALUATED_NOT_UNICORN,us_fundamental_momentum_flag_false:no_real_margin_expansion,0.04859,-0.129743,0.142235,2300,Apparel & Other Finishd Prods of  Fabrics & Similar Matl,false,LULU,v2.38BT-global-unicorn-flag
U09452,3QDd,Datadog Inc,US,1561550,us_cboe_secondary_sec_v2_38bk,EVALUATED_NOT_UNICORN,us_fundamental_momentum_flag_false:no_real_margin_expansion,0.276754,-0.413642,0.031437,7372,Services-Prepackaged Software,false,DDOG,v2.38BT-global-unicorn-flag
U09518,4I1d,Philip Morris International Inc,US,1413329,us_cboe_secondary_sec_v2_38bk,EVALUATED_UNICORN,us_fundamental_momentum_flag_true_real_revenue_growth_and_margin_expansion_and_positive_free_cash_flow,0.07313,0.608049,0.279177,2111,Cigarettes,false,PM,v2.38BT-global-unicorn-flag
U09523,4S0d,ServiceNow Inc,US,1373715,us_cboe_secondary_sec_v2_38bk,EVALUATED_UNICORN,us_fundamental_momentum_flag_true_real_revenue_growth_and_margin_expansion_and_positive_free_cash_flow,0.208849,0.226667,0.131646,7372,Services-Prepackaged Software,false,NOW,v2.38BT-global-unicorn-flag
U09555,6MKd,Merck & Co Inc,US,310158,us_cboe_secondary_sec_v2_38bk,EVALUATED_UNICORN,us_fundamental_momentum_flag_true_real_revenue_growth_and_margin_expansion_and_positive_free_cash_flow,0.013137,0.066425,0.280783,2834,Pharmaceutical Preparations,false,MRK,v2.38BT-global-unicorn-flag
U09560,6Z1d,Airbnb Inc,US,1559720,us_cboe_secondary_sec_v2_38bk,DUPLICATE_LISTING,duplicate_listing_of_U00017_same_sec_cik_1559720,0.102594,-0.051737,0.20513,7340,Services-To Dwellings & Other Buildings,false,ABNB,v2.38BT-global-unicorn-flag
U09562,7DBd,Diamondback Energy Inc,US,1539838,us_cboe_secondary_sec_v2_38bk,EVALUATED_NOT_UNICORN,"us_fundamental_momentum_flag_false:no_real_margin_expansion,no_real_positive_free_cash_flow",0.357853,-0.501498,0.110741,1311,Crude Petroleum & Natural Gas,false,FANG,v2.38BT-global-unicorn-flag
U09668,ADBd,Adobe Inc,US,796343,us_cboe_secondary_sec_v2_38bk,DUPLICATE_LISTING,duplicate_listing_of_U00053_same_sec_cik_796343,0.105278,0.282374,0.299971,7372,Services-Prepackaged Software,false,ADBE,v2.38BT-global-unicorn-flag
U09882,AMDd,Advanced Micro Devices Inc,US,2488,us_cboe_secondary_sec_v2_38bk,DUPLICATE_LISTING,duplicate_listing_of_U00169_same_sec_cik_2488,0.343378,1.641682,0.125148,3674,Semiconductors & Related Devices,false,AMD,v2.38BT-global-unicorn-flag
U09908,AMZd,Amazon.com Inc,US,1018724,us_cboe_secondary_sec_v2_38bk,DUPLICATE_LISTING,duplicate_listing_of_U00184_same_sec_cik_1018724,0.123778,0.31093,0.108338,5961,Retail-Catalog & Mail-Order Houses,false,AMZN,v2.38BT-global-unicorn-flag
U09936,AP2d,Applied Materials Inc,US,6951,us_cboe_secondary_sec_v2_38bk,DUPLICATE_LISTING,duplicate_listing_of_U00165_same_sec_cik_6951,0.043862,-0.024941,0.246686,3674,Semiconductors & Related Devices,false,AMAT,v2.38BT-global-unicorn-flag
U10056,AUDd,Autodesk Inc,US,769397,us_cboe_secondary_sec_v2_38bk,DUPLICATE_LISTING,duplicate_listing_of_U00062_same_sec_cik_769397,0.175338,0.010791,0.155981,7372,Services-Prepackaged Software,false,ADSK,v2.38BT-global-unicorn-flag
U10153,BACd,Verizon Communications Inc,US,732712,us_cboe_secondary_sec_v2_38bk,EVALUATED_NOT_UNICORN,"us_fundamental_momentum_flag_false:no_real_margin_expansion,no_real_positive_free_cash_flow",0.025247,-0.018965,0.124277,4813,Telephone Communications (No Radiotelephone),false,VZ,v2.38BT-global-unicorn-flag
U10436,BSXd,Boston Scientific Corp,US,885725,us_cboe_secondary_sec_v2_38bk,EVALUATED_NOT_UNICORN,us_fundamental_momentum_flag_false:no_real_margin_expansion,0.198662,,,3841,Surgical & Medical Instruments & Apparatus,false,BSX,v2.38BT-global-unicorn-flag
U10542,C9Fd,Chipotle Mexican Grill Inc,US,1058090,us_cboe_secondary_sec_v2_38bk,EVALUATED_NOT_UNICORN,us_fundamental_momentum_flag_false:no_real_margin_expansion,0.054071,0.001076,0.128778,5812,Retail-Eating  Places,false,CMG,v2.38BT-global-unicorn-flag
U10584,CAT1d,Caterpillar Inc,US,18230,us_cboe_secondary_sec_v2_38bk,EVALUATED_NOT_UNICORN,us_fundamental_momentum_flag_false:no_real_margin_expansion,0.042895,,,3531,Construction Machinery & Equip,false,CAT,v2.38BT-global-unicorn-flag
U10596,CB1Ad,Constellation Brands Inc,US,16918,us_cboe_secondary_sec_v2_38bk,EVALUATED_NOT_UNICORN,us_fundamental_momentum_flag_false:revenue_growth_not_positive,-0.104783,,0.184561,2080,Beverages,false,STZ,v2.38BT-global-unicorn-flag
U10702,CDSd,Cadence Design Systems Inc,US,813672,us_cboe_secondary_sec_v2_38bk,DUPLICATE_LISTING,duplicate_listing_of_U00564_same_sec_cik_813672,0.141232,0.050597,0.209352,7372,Services-Prepackaged Software,false,CDNS,v2.38BT-global-unicorn-flag
U11129,CTOd,Costco Wholesale Corp,US,909832,us_cboe_secondary_sec_v2_38bk,EVALUATED_UNICORN,us_fundamental_momentum_flag_true_real_revenue_growth_and_margin_expansion_and_positive_free_cash_flow,0.081673,0.099362,0.029426,5331,Retail-Variety Stores,false,COST,v2.38BT-global-unicorn-flag
U11130,CTP2d,Comcast Corp,US,1166691,us_cboe_secondary_sec_v2_38bk,EVALUATED_NOT_UNICORN,us_fundamental_momentum_flag_false:revenue_growth_not_positive,-0.000194,0.235054,0.161656,4841,Cable & Other Pay Television Services,false,CMCSA,v2.38BT-global-unicorn-flag
U11156,CVSd,CVS Health Corp,US,64803,us_cboe_secondary_sec_v2_38bk,EVALUATED_NOT_UNICORN,us_fundamental_momentum_flag_false:no_real_margin_expansion,0.07848,-0.616818,0.004397,5912,Retail-Drug Stores and Proprietary Stores,false,CVS,v2.38BT-global-unicorn-flag
U11249,DCHl,Dauch Corp,US,1062231,us_cboe_secondary_sec_v2_38bk,EVALUATED_NOT_UNICORN,"us_fundamental_momentum_flag_false:revenue_growth_not_positive,no_real_margin_expansion",-0.047054,-1.562857,-0.003375,3714,Motor Vehicle Parts & Accessories,false,DCH,v2.38BT-global-unicorn-flag
U11250,DCOd,Deere & Co,US,315189,us_cboe_secondary_sec_v2_38bk,EVALUATED_NOT_UNICORN,"us_fundamental_momentum_flag_false:revenue_growth_not_positive,no_real_margin_expansion",-0.116637,-0.291972,0.110039,3523,Farm Machinery & Equipment,false,DE,v2.38BT-global-unicorn-flag
U11459,DY6d,Devon Energy Corp,US,1090012,us_cboe_secondary_sec_v2_38bk,EVALUATED_NOT_UNICORN,"us_fundamental_momentum_flag_false:no_real_margin_expansion,no_real_positive_free_cash_flow",0.054463,0.000692,0.172346,1311,Crude Petroleum & Natural Gas,false,DVN,v2.38BT-global-unicorn-flag
U12192,EWLd,Edwards Lifesciences Corp,US,1099800,us_cboe_secondary_sec_v2_38bk,EVALUATED_NOT_UNICORN,us_fundamental_momentum_flag_false:no_real_margin_expansion,0.11547,-0.74285,0.176923,3842,"Orthopedic, Prosthetic & Surgical Appliances & Supplies",false,EW,v2.38BT-global-unicorn-flag
U12314,FB2Ad,Meta Platforms Inc,US,1326801,us_cboe_secondary_sec_v2_38bk,EVALUATED_NOT_UNICORN,us_fundamental_momentum_flag_false:no_real_margin_expansion,0.22167,-0.0305,0.300837,7370,"Services-Computer Programming, Data Processing, Etc.",false,META,v2.38BT-global-unicorn-flag
U12362,FERGl,Ferguson Enterprises Inc,US,2011641,us_cboe_secondary_sec_v2_38bk,EVALUATED_NOT_UNICORN,"us_fundamental_momentum_flag_false:revenue_growth_not_positive,no_real_positive_free_cash_flow",-0.566965,-0.546974,0.061248,5070,Wholesale-Hardware & Plumbing & Heating Equipment & Supplies,false,FERG,v2.38BT-global-unicorn-flag
U12489,FOOd,Salesforce Inc,US,1108524,us_cboe_secondary_sec_v2_38bk,EVALUATED_UNICORN,us_fundamental_momentum_flag_true_real_revenue_growth_and_margin_expansion_and_positive_free_cash_flow,0.191296,0.80295,0.179579,7372,Services-Prepackaged Software,false,CRM,v2.38BT-global-unicorn-flag
U12507,FPMBd,Freeport-McMoRan Inc,US,831259,us_cboe_secondary_sec_v2_38bk,INSUFFICIENT_DATA,us_growth_features_not_computable_for_this_company,,,,1000,Metal Mining,false,FCX,v2.38BT-global-unicorn-flag
U12650,GCPd,General Electric Co,US,40545,us_cboe_secondary_sec_v2_38bk,EVALUATED_NOT_UNICORN,"us_fundamental_momentum_flag_false:no_real_margin_expansion,no_real_positive_free_cash_flow",3.641664,0.327639,0.189816,3600,Electronic & Other Electrical Equipment (No Computer Equip),false,GE,v2.38BT-global-unicorn-flag
U12733,GISd,Gilead Sciences Inc,US,882095,us_cboe_secondary_sec_v2_38bk,EVALUATED_UNICORN,us_fundamental_momentum_flag_true_real_revenue_growth_and_margin_expansion_and_positive_free_cash_flow,0.023962,16.729167,0.289033,2836,"Biological Products, (No Diagnostic Substances)",false,GILD,v2.38BT-global-unicorn-flag
U12837,GRMd,General Mills Inc,US,40704,us_cboe_secondary_sec_v2_38bk,EVALUATED_NOT_UNICORN,"us_fundamental_momentum_flag_false:revenue_growth_not_positive,no_real_margin_expansion",-0.054499,-1.038167,-0.004755,2040,Grain Mill Products,false,GIS,v2.38BT-global-unicorn-flag
U12903,HALd,Halliburton Co,US,45012,us_cboe_secondary_sec_v2_38bk,INSUFFICIENT_DATA,us_growth_features_not_computable_for_this_company,,-0.487005,,1389,"Oil & Gas Field Services, NEC",false,HAL,v2.38BT-global-unicorn-flag
U13091,HRSd,L3Harris Technologies Inc,US,202058,us_cboe_secondary_sec_v2_38bk,EVALUATED_UNICORN,us_fundamental_momentum_flag_true_real_revenue_growth_and_margin_expansion_and_positive_free_cash_flow,0.025322,0.069241,0.073451,3812,"Search, Detection, Navigation, Guidance, Aeronautical Sys",false,LHX,v2.38BT-global-unicorn-flag
U13510,ILTd,Illinois Tool Works Inc,US,49826,us_cboe_secondary_sec_v2_38bk,EVALUATED_NOT_UNICORN,us_fundamental_momentum_flag_false:no_real_margin_expansion,0.009184,,,3560,General Industrial Machinery & Equipment,false,ITW,v2.38BT-global-unicorn-flag
U13589,INLd,Intel Corp,US,50863,us_cboe_secondary_sec_v2_38bk,EVALUATED_NOT_UNICORN,"us_fundamental_momentum_flag_false:revenue_growth_not_positive,no_real_positive_free_cash_flow",-0.00467,,-0.005052,3674,Semiconductors & Related Devices,false,INTC,v2.38BT-global-unicorn-flag
U13771,ITUd,Intuit Inc,US,896878,us_cboe_secondary_sec_v2_38bk,EVALUATED_UNICORN,us_fundamental_momentum_flag_true_real_revenue_growth_and_margin_expansion_and_positive_free_cash_flow,0.15634,0.305771,0.205459,7372,Services-Prepackaged Software,false,INTU,v2.38BT-global-unicorn-flag
U13894,J5Ad,Warner Bros Discovery Inc,US,1437107,us_cboe_secondary_sec_v2_38bk,EVALUATED_NOT_UNICORN,us_fundamental_momentum_flag_false:revenue_growth_not_positive,-0.051499,,0.019493,4841,Cable & Other Pay Television Services,false,WBD,v2.38BT-global-unicorn-flag
U14175,KOSl,Kosmos Energy Ltd,US,1509991,us_cboe_secondary_sec_v2_38bk,EVALUATED_NOT_UNICORN,"us_fundamental_momentum_flag_false:revenue_growth_not_positive,no_real_margin_expansion,no_real_positive_free_cash_flow",-0.230999,-4.685975,-0.543164,1311,Crude Petroleum & Natural Gas,false,KOS,v2.38BT-global-unicorn-flag
U14192,KTFd,Mondelez International Inc,US,1103982,us_cboe_secondary_sec_v2_38bk,EVALUATED_NOT_UNICORN,us_fundamental_momentum_flag_false:no_real_margin_expansion,0.057518,-0.468445,0.063601,2000,Food and Kindred Products,false,MDLZ,v2.38BT-global-unicorn-flag
U14386,LOMd,Lockheed Martin Corp,US,936468,us_cboe_secondary_sec_v2_38bk,EVALUATED_NOT_UNICORN,"us_fundamental_momentum_flag_false:no_real_margin_expansion,no_real_positive_free_cash_flow",0.056374,-0.059783,0.066851,3760,Guided Missiles & Space Vehicles & Parts,false,LMT,v2.38BT-global-unicorn-flag
U14536,M44d,MARA Holdings Inc,US,1507605,us_cboe_secondary_sec_v2_38bk,EVALUATED_NOT_UNICORN,"us_fundamental_momentum_flag_false:revenue_growth_not_positive,no_real_margin_expansion,no_real_positive_free_cash_flow",-0.39182,-3.423044,-22.340556,6199,Finance Services,true,MARA,v2.38BT-global-unicorn-flag
U14600,MDOd,McDonald's Corp,US,63908,us_cboe_secondary_sec_v2_38bk,EVALUATED_UNICORN,us_fundamental_momentum_flag_true_real_revenue_growth_and_margin_expansion_and_positive_free_cash_flow,0.03723,0.041347,0.318505,5812,Retail-Eating  Places,false,MCD,v2.38BT-global-unicorn-flag
U14683,MLB1d,MercadoLibre Inc,US,1099590,us_cboe_secondary_sec_v2_38bk,EVALUATED_NOT_UNICORN,"us_fundamental_momentum_flag_false:no_real_margin_expansion,no_real_positive_free_cash_flow",0.343397,0.045003,0.098205,7389,"Services-Business Services, NEC",false,MELI,v2.38BT-global-unicorn-flag
U14783,MTEd,Micron Technology Inc,US,723125,us_cboe_secondary_sec_v2_38bk,EVALUATED_UNICORN,us_fundamental_momentum_flag_true_real_revenue_growth_and_margin_expansion_and_positive_free_cash_flow,0.488511,9.975578,0.22845,3674,Semiconductors & Related Devices,false,MU,v2.38BT-global-unicorn-flag
U15035,NTHd,Northrop Grumman Corp,US,1133421,us_cboe_secondary_sec_v2_38bk,EVALUATED_NOT_UNICORN,us_fundamental_momentum_flag_false:no_real_margin_expansion,0.022445,0.001917,0.099681,3812,"Search, Detection, Navigation, Guidance, Aeronautical Sys",false,NOC,v2.38BT-global-unicorn-flag
U15048,NVDd,NVIDIA Corp,US,1045810,us_cboe_secondary_sec_v2_38bk,EVALUATED_NOT_UNICORN,"us_fundamental_momentum_flag_false:no_real_margin_expansion,no_real_positive_free_cash_flow",0.654735,0.647462,0.556025,3674,Semiconductors & Related Devices,false,NVDA,v2.38BT-global-unicorn-flag
U15116,ONKd,ONEOK Inc,US,1039684,us_cboe_secondary_sec_v2_38bk,EVALUATED_NOT_UNICORN,us_fundamental_momentum_flag_false:no_real_margin_expansion,0.549866,0.117957,0.100895,4923,Natural Gas Transmisison & Distribution,false,OKE,v2.38BT-global-unicorn-flag
U15121,OPCd,Occidental Petroleum Corp,US,797468,us_cboe_secondary_sec_v2_38bk,EVALUATED_NOT_UNICORN,"us_fundamental_momentum_flag_false:revenue_growth_not_positive,no_real_margin_expansion",-0.213184,,,1311,Crude Petroleum & Natural Gas,false,OXY,v2.38BT-global-unicorn-flag
U15165,OYCd,Delta Air Lines Inc,US,27904,us_cboe_secondary_sec_v2_38bk,EVALUATED_NOT_UNICORN,us_fundamental_momentum_flag_false:no_real_positive_free_cash_flow,0.027919,0.447787,0.078988,4512,"Air Transportation, Scheduled",false,DAL,v2.38BT-global-unicorn-flag
U15213,PARd,Parker-Hannifin Corp,US,76334,us_cboe_secondary_sec_v2_38bk,EVALUATED_NOT_UNICORN,us_fundamental_momentum_flag_false:no_real_margin_expansion,0.083073,,,3490,Miscellaneous Fabricated Metal Products,false,PH,v2.38BT-global-unicorn-flag
U15236,PCE1d,Booking Holdings Inc,US,1075531,us_cboe_secondary_sec_v2_38bk,DUPLICATE_LISTING,duplicate_listing_of_U00400_same_sec_cik_1075531,0.133873,,,4700,Transportation Services,false,BKNG,v2.38BT-global-unicorn-flag
U15263,PEPd,PepsiCo Inc,US,77476,us_cboe_secondary_sec_v2_38bk,EVALUATED_NOT_UNICORN,"us_fundamental_momentum_flag_false:no_real_margin_expansion,no_real_positive_free_cash_flow",0.022547,-0.139695,0.08773,2080,Beverages,false,PEP,v2.38BT-global-unicorn-flag
U15336,PLUNd,Plug Power Inc,US,1093691,us_cboe_secondary_sec_v2_38bk,EVALUATED_NOT_UNICORN,us_fundamental_momentum_flag_false:no_real_positive_free_cash_flow,0.128981,,-2.298282,3620,Electrical Industrial Apparatus,false,PLUG,v2.38BT-global-unicorn-flag
U16427,SUNBl,Sunbelt Rentals Holdings Inc,US,2083785,us_cboe_secondary_sec_v2_38bk,INSUFFICIENT_DATA,us_growth_features_not_computable_for_this_company,,,0.528099,7359,"Services-Equipment Rental & Leasing, NEC",false,SUNB,v2.38BT-global-unicorn-flag
U16474,SWNd,Southwest Airlines Co,US,92380,us_cboe_secondary_sec_v2_38bk,EVALUATED_NOT_UNICORN,"us_fundamental_momentum_flag_false:no_real_margin_expansion,no_real_positive_free_cash_flow",0.021104,-0.051613,0.015715,4512,"Air Transportation, Scheduled",false,LUV,v2.38BT-global-unicorn-flag
U16555,SYPd,Synopsys Inc,US,883241,us_cboe_secondary_sec_v2_38bk,EVALUATED_NOT_UNICORN,us_fundamental_momentum_flag_false:no_real_margin_expansion,0.151245,-0.411402,0.188855,7372,Services-Prepackaged Software,false,SNPS,v2.38BT-global-unicorn-flag
U16707,TKEd,Take-Two Interactive Software Inc,US,946581,us_cboe_secondary_sec_v2_38bk,EVALUATED_UNICORN,us_fundamental_momentum_flag_true_real_revenue_growth_and_margin_expansion_and_positive_free_cash_flow,0.181554,,-0.044799,7372,Services-Prepackaged Software,false,TTWO,v2.38BT-global-unicorn-flag
U16875,UAL1d,United Airlines Holdings Inc,US,100517,us_cboe_secondary_sec_v2_38bk,EVALUATED_NOT_UNICORN,us_fundamental_momentum_flag_false:no_real_positive_free_cash_flow,0.035172,0.064782,0.056763,4512,"Air Transportation, Scheduled",false,UAL,v2.38BT-global-unicorn-flag
U17156,UT8d,Uber Technologies Inc,US,1543151,us_cboe_secondary_sec_v2_38bk,EVALUATED_NOT_UNICORN,us_fundamental_momentum_flag_false:no_real_margin_expansion,0.182796,0.019988,0.193264,7389,"Services-Business Services, NEC",false,UBER,v2.38BT-global-unicorn-flag
U17166,UWSd,Waste Management Inc,US,823768,us_cboe_secondary_sec_v2_38bk,EVALUATED_NOT_UNICORN,"us_fundamental_momentum_flag_false:no_real_margin_expansion,no_real_positive_free_cash_flow",0.142365,-0.013838,0.107443,4953,Refuse Systems,false,WM,v2.38BT-global-unicorn-flag
U17336,VIAd,Viatris Inc,US,1792044,us_cboe_secondary_sec_v2_38bk,EVALUATED_NOT_UNICORN,"us_fundamental_momentum_flag_false:revenue_growth_not_positive,no_real_margin_expansion",-0.03011,,,2834,Pharmaceutical Preparations,false,VTRS,v2.38BT-global-unicorn-flag
U17531,WDCd,Western Digital Corp,US,106040,us_cboe_secondary_sec_v2_38bk,EVALUATED_UNICORN,us_fundamental_momentum_flag_true_real_revenue_growth_and_margin_expansion_and_positive_free_cash_flow,0.357038,3.988883,0.729468,3572,Computer Storage Devices,false,WDC,v2.38BT-global-unicorn-flag
U17664,WMTd,Walmart Inc,US,104169,us_cboe_secondary_sec_v2_38bk,EVALUATED_UNICORN,us_fundamental_momentum_flag_true_real_revenue_growth_and_margin_expansion_and_positive_free_cash_flow,0.047255,0.126415,0.030992,5331,Retail-Variety Stores,false,WMT,v2.38BT-global-unicorn-flag
U18173,XONAd,Exxon Mobil Corp,US,2115436,us_cboe_secondary_sec_v2_38bk,INSUFFICIENT_DATA,us_growth_features_not_computable_for_this_company,,,,2911,Petroleum Refining,false,XOM,v2.38BT-global-unicorn-flag
U18208,XS4d,ON Semiconductor Corp,US,1097864,us_cboe_secondary_sec_v2_38bk,EVALUATED_NOT_UNICORN,"us_fundamental_momentum_flag_false:revenue_growth_not_positive,no_real_margin_expansion",-0.153467,-0.923067,0.020182,3674,Semiconductors & Related Devices,false,ON,v2.38BT-global-unicorn-flag
U18414,ZOEd,Zoetis Inc,US,1555280,us_cboe_secondary_sec_v2_38bk,EVALUATED_UNICORN,us_fundamental_momentum_flag_true_real_revenue_growth_and_margin_expansion_and_positive_free_cash_flow,0.022796,0.075221,0.282349,2834,Pharmaceutical Preparations,false,ZTS,v2.38BT-global-unicorn-flag
U18538,07G0d,Corpay Inc,US,1175454,us_cboe_secondary_sec_v2_38bk,EVALUATED_NOT_UNICORN,us_fundamental_momentum_flag_false:no_real_margin_expansion,0.139339,0.065833,0.236248,7389,"Services-Business Services, NEC",false,CPAY,v2.38BT-global-unicorn-flag
U18540,096d,HubSpot Inc,US,1404655,us_cboe_secondary_sec_v2_38bk,EVALUATED_UNICORN,us_fundamental_momentum_flag_true_real_revenue_growth_and_margin_expansion_and_positive_free_cash_flow,0.191709,8.920268,0.014662,7372,Services-Prepackaged Software,false,HUBS,v2.38BT-global-unicorn-flag
U18541,0A1Ol,Zoom Communications Inc,US,1585521,us_cboe_secondary_sec_v2_38bk,EVALUATED_UNICORN,us_fundamental_momentum_flag_true_real_revenue_growth_and_margin_expansion_and_positive_free_cash_flow,0.043584,0.880891,0.390273,7370,"Services-Computer Programming, Data Processing, Etc.",false,ZM,v2.38BT-global-unicorn-flag
U18547,0A3Zl,Cloudflare Inc,US,1477333,us_cboe_secondary_sec_v2_38bk,EVALUATED_UNICORN,us_fundamental_momentum_flag_true_real_revenue_growth_and_margin_expansion_and_positive_free_cash_flow,0.298457,,-0.047172,7372,Services-Prepackaged Software,false,NET,v2.38BT-global-unicorn-flag
U18549,0A60l,FuelCell Energy Inc,US,886128,us_cboe_secondary_sec_v2_38bk,EVALUATED_NOT_UNICORN,"us_fundamental_momentum_flag_false:no_real_margin_expansion,no_real_positive_free_cash_flow",0.410498,,-1.188016,3620,Electrical Industrial Apparatus,false,FCEL,v2.38BT-global-unicorn-flag
U18559,0C6d,Cargurus Inc,US,1494259,us_cboe_secondary_sec_v2_38bk,DUPLICATE_LISTING,duplicate_listing_of_U00520_same_sec_cik_1494259,0.014083,6.433864,0.171892,7374,Services-Computer Processing & Data Preparation,false,CARG,v2.38BT-global-unicorn-flag
U18577,0HAVl,Agilent Technologies Inc,US,1090872,us_cboe_secondary_sec_v2_38bk,EVALUATED_NOT_UNICORN,us_fundamental_momentum_flag_false:no_real_margin_expansion,0.067281,0.010861,0.187536,3826,Laboratory Analytical Instruments,false,A,v2.38BT-global-unicorn-flag
U18579,0HC3l,Alaska Air Group Inc,US,766421,us_cboe_secondary_sec_v2_38bk,EVALUATED_NOT_UNICORN,"us_fundamental_momentum_flag_false:no_real_margin_expansion,no_real_positive_free_cash_flow",0.213379,-0.746835,0.007023,4512,"Air Transportation, Scheduled",false,ALK,v2.38BT-global-unicorn-flag
U18580,0HCHl,Alexandria Real Estate Equities Inc,US,1035443,us_cboe_secondary_sec_v2_38bk,INSUFFICIENT_DATA,us_growth_features_not_computable_for_this_company,,-5.426612,,6798,Real Estate Investment Trusts,false,ARE,v2.38BT-global-unicorn-flag
U18582,0HCKl,Align Technology Inc,US,1097149,us_cboe_secondary_sec_v2_38bk,DUPLICATE_LISTING,duplicate_listing_of_U00134_same_sec_cik_1097149,0.00899,-0.026132,0.101699,3842,"Orthopedic, Prosthetic & Surgical Appliances & Supplies",false,ALGN,v2.38BT-global-unicorn-flag
U18584,0HCTl,Alliant Energy Corp,US,352541,us_cboe_secondary_sec_v2_38bk,EVALUATED_NOT_UNICORN,us_fundamental_momentum_flag_false:no_real_positive_free_cash_flow,0.095705,0.173913,0.185695,4931,Electric & Other Services Combined,false,LNT,v2.38BT-global-unicorn-flag
U18588,0HE2l,Ameren Corp,US,1002910,us_cboe_secondary_sec_v2_38bk,EVALUATED_NOT_UNICORN,"us_fundamental_momentum_flag_false:no_real_margin_expansion,no_real_positive_free_cash_flow",0.15427,,,4931,Electric & Other Services Combined,false,AEE,v2.38BT-global-unicorn-flag
U18590,0HECl,American Electric Power Co Inc,US,4904,us_cboe_secondary_sec_v2_38bk,DUPLICATE_LISTING,duplicate_listing_of_U00077_same_sec_cik_4904,0.086746,,,4911,Electric Services,false,,v2.38BT-global-unicorn-flag
U18591,0HEWl,American Water Works Co Inc,US,1410636,us_cboe_secondary_sec_v2_38bk,EVALUATED_NOT_UNICORN,"us_fundamental_momentum_flag_false:no_real_margin_expansion,no_real_positive_free_cash_flow",0.10058,0.057088,0.21695,4941,Water Supply,false,AWK,v2.38BT-global-unicorn-flag
U18592,0HF3l,Cencora Inc,US,1140859,us_cboe_secondary_sec_v2_38bk,EVALUATED_NOT_UNICORN,us_fundamental_momentum_flag_false:no_real_margin_expansion,0.093123,0.029851,0.004837,5122,"Wholesale-Drugs, Proprietaries & Druggists' Sundries",false,COR,v2.38BT-global-unicorn-flag
U18593,0HF6l,Ameriprise Financial Inc,US,820027,us_cboe_secondary_sec_v2_38bk,EVALUATED_NOT_UNICORN,"us_fundamental_momentum_flag_false:no_real_margin_expansion,no_real_positive_free_cash_flow",0.054948,0.047633,0.188409,6282,Investment Advice,true,AMP,v2.38BT-global-unicorn-flag
U18598,0HG8l,Elevance Health Inc,US,1156039,us_cboe_secondary_sec_v2_38bk,EVALUATED_NOT_UNICORN,us_fundamental_momentum_flag_false:no_real_margin_expansion,0.12493,-0.053177,0.028434,6324,Hospital & Medical Service Plans,true,ELV,v2.38BT-global-unicorn-flag
U18600,0HI1l,Arrow Electronics Inc,US,7536,us_cboe_secondary_sec_v2_38bk,EVALUATED_NOT_UNICORN,us_fundamental_momentum_flag_false:no_real_positive_free_cash_flow,0.104916,0.457036,0.018516,5065,"Wholesale-Electronic Parts & Equipment, NEC",false,ARW,v2.38BT-global-unicorn-flag
U18602,0HIYl,Atara Biotherapeutics Inc,US,1604464,us_cboe_secondary_sec_v2_38bk,DUPLICATE_LISTING,duplicate_listing_of_U00287_same_sec_cik_1604464,-0.063347,,0.270659,2836,"Biological Products, (No Diagnostic Substances)",false,ATRA,v2.38BT-global-unicorn-flag
U18603,0HJLl,AutoZone Inc,US,866787,us_cboe_secondary_sec_v2_38bk,EVALUATED_NOT_UNICORN,us_fundamental_momentum_flag_false:no_real_margin_expansion,0.024253,-0.061666,0.131912,5531,Retail-Auto & Home Supply Stores,false,AZO,v2.38BT-global-unicorn-flag
U18605,0HJRl,Avery Dennison Corp,US,8818,us_cboe_secondary_sec_v2_38bk,EVALUATED_NOT_UNICORN,us_fundamental_momentum_flag_false:no_real_margin_expansion,0.011398,-0.023975,0.077692,2670,Converted Paper & Paperboard Prods (No Contaners/Boxes),false,AVY,v2.38BT-global-unicorn-flag
U18608,0HL5l,Ball Corp,US,9389,us_cboe_secondary_sec_v2_38bk,INSUFFICIENT_DATA,us_growth_features_not_computable_for_this_company,,,,3411,Metal Cans,false,BALL,v2.38BT-global-unicorn-flag
U18614,0HOXl,BXP Inc,US,1037540,us_cboe_secondary_sec_v2_38bk,EVALUATED_NOT_UNICORN,"us_fundamental_momentum_flag_false:revenue_growth_not_positive,no_real_positive_free_cash_flow",-0.49233,-0.385166,0.096267,6798,Real Estate Investment Trusts,false,BXP,v2.38BT-global-unicorn-flag
U18617,0HQ3l,Brown-Forman Corp,US,14693,us_cboe_secondary_sec_v2_38bk,EVALUATED_NOT_UNICORN,"us_fundamental_momentum_flag_false:revenue_growth_not_positive,no_real_margin_expansion",-0.011824,-0.177215,0.182026,2080,Beverages,false,BF-B,v2.38BT-global-unicorn-flag
U18618,0HQPl,CBRE Group Inc,US,1138118,us_cboe_secondary_sec_v2_38bk,EVALUATED_NOT_UNICORN,us_fundamental_momentum_flag_false:no_real_positive_free_cash_flow,0.136655,0.195248,0.028997,6500,Real Estate,false,CBRE,v2.38BT-global-unicorn-flag
U18619,0HQUl,CF Industries Holdings Inc,US,1324404,us_cboe_secondary_sec_v2_38bk,EVALUATED_NOT_UNICORN,us_fundamental_momentum_flag_false:no_real_margin_expansion,0.193396,,,2870,Agricultural Chemicals,false,CF,v2.38BT-global-unicorn-flag
U18622,0HRJl,CSX Corp,US,277948,us_cboe_secondary_sec_v2_38bk,EVALUATED_NOT_UNICORN,"us_fundamental_momentum_flag_false:revenue_growth_not_positive,no_real_margin_expansion",-0.030812,-0.167435,0.20501,4011,"Railroads, Line-Haul Operating",false,CSX,v2.38BT-global-unicorn-flag
U18628,0HTGl,Cardinal Health Inc,US,721371,us_cboe_secondary_sec_v2_38bk,EVALUATED_NOT_UNICORN,us_fundamental_momentum_flag_false:no_real_margin_expansion,0.142287,0.098014,0.006741,5122,"Wholesale-Drugs, Proprietaries & Druggists' Sundries",false,CAH,v2.38BT-global-unicorn-flag
U18632,0HVDl,Permian Resources Corp,US,1658566,us_cboe_secondary_sec_v2_38bk,EVALUATED_NOT_UNICORN,"us_fundamental_momentum_flag_false:no_real_margin_expansion,no_real_positive_free_cash_flow",0.012894,-0.050296,0.184627,1311,Crude Petroleum & Natural Gas,false,PR,v2.38BT-global-unicorn-flag
U18633,0HVFl,CenterPoint Energy Inc,US,1130310,us_cboe_secondary_sec_v2_38bk,EVALUATED_NOT_UNICORN,"us_fundamental_momentum_flag_false:no_real_margin_expansion,no_real_positive_free_cash_flow",0.091791,0.032385,0.11267,4911,Electric Services,false,CNP,v2.38BT-global-unicorn-flag
U18634,0HW4l,Charter Communications Inc,US,1091667,us_cboe_secondary_sec_v2_38bk,DUPLICATE_LISTING,duplicate_listing_of_U00622_same_sec_cik_1091667,-0.005646,-0.018886,0.091047,4841,Cable & Other Pay Television Services,false,CHTR,v2.38BT-global-unicorn-flag
U18637,0HYEl,Cincinnati Financial Corp,US,20286,us_cboe_secondary_sec_v2_38bk,DUPLICATE_LISTING,duplicate_listing_of_U00629_same_sec_cik_20286,0.11414,0.044066,0.189455,6331,"Fire, Marine & Casualty Insurance",true,CINF,v2.38BT-global-unicorn-flag
U18639,0HYPl,Citizens Financial Group Inc,US,759944,us_cboe_secondary_sec_v2_38bk,EVALUATED_NOT_UNICORN,us_fundamental_momentum_flag_false:no_real_positive_free_cash_flow,0.066536,0.213386,1.119878,6022,State Commercial Banks,true,CFG,v2.38BT-global-unicorn-flag
U18642,0I2Pl,Conagra Brands Inc,US,23217,us_cboe_secondary_sec_v2_38bk,EVALUATED_NOT_UNICORN,"us_fundamental_momentum_flag_false:revenue_growth_not_positive,no_real_margin_expansion",-0.02852,-2.662791,-0.169852,2000,Food and Kindred Products,false,CAG,v2.38BT-global-unicorn-flag
U18643,0I35l,Consolidated Edison Inc,US,1047862,us_cboe_secondary_sec_v2_38bk,EVALUATED_NOT_UNICORN,us_fundamental_momentum_flag_false:no_real_positive_free_cash_flow,0.10214,0.111538,0.118658,4931,Electric & Other Services Combined,false,ED,v2.38BT-global-unicorn-flag
U18646,0I4Al,Coty Inc,US,1024305,us_cboe_secondary_sec_v2_38bk,EVALUATED_NOT_UNICORN,"us_fundamental_momentum_flag_false:revenue_growth_not_positive,no_real_margin_expansion,no_real_positive_free_cash_flow",-0.014645,,-0.104157,2844,"Perfumes, Cosmetics & Other Toilet Preparations",false,COTY,v2.38BT-global-unicorn-flag
U18651,0I6Ql,DTE Energy Co,US,936340,us_cboe_secondary_sec_v2_38bk,INSUFFICIENT_DATA,us_growth_features_not_computable_for_this_company,,0.041311,,4911,Electric Services,false,DTE,v2.38BT-global-unicorn-flag
U18652,0I7El,DaVita Inc,US,927066,us_cboe_secondary_sec_v2_38bk,EVALUATED_NOT_UNICORN,us_fundamental_momentum_flag_false:no_real_margin_expansion,0.064571,-0.202425,0.054739,8090,"Services-Misc Health & Allied Services, NEC",false,DVA,v2.38BT-global-unicorn-flag
U18653,0I8Fl,DENTSPLY SIRONA Inc,US,818479,us_cboe_secondary_sec_v2_38bk,EVALUATED_NOT_UNICORN,"us_fundamental_momentum_flag_false:revenue_growth_not_positive,no_real_positive_free_cash_flow",-0.029792,,-0.1625,3843,Dental Equipment & Supplies,false,XRAY,v2.38BT-global-unicorn-flag
U18656,0IC7l,Dollar General Corp,US,29534,us_cboe_secondary_sec_v2_38bk,EVALUATED_NOT_UNICORN,us_fundamental_momentum_flag_false:no_real_positive_free_cash_flow,0.052005,0.343974,0.035397,5331,Retail-Variety Stores,false,DG,v2.38BT-global-unicorn-flag
U18657,0IC8l,Dollar Tree Inc,US,935703,us_cboe_secondary_sec_v2_38bk,EVALUATED_NOT_UNICORN,us_fundamental_momentum_flag_false:no_real_positive_free_cash_flow,0.104174,,0.066123,5331,Retail-Variety Stores,false,DLTR,v2.38BT-global-unicorn-flag
U18661,0IDRl,EOG Resources Inc,US,821189,us_cboe_secondary_sec_v2_38bk,EVALUATED_NOT_UNICORN,"us_fundamental_momentum_flag_false:revenue_growth_not_positive,no_real_margin_expansion,no_real_positive_free_cash_flow",-0.044983,-0.22224,0.220042,1311,Crude Petroleum & Natural Gas,false,EOG,v2.38BT-global-unicorn-flag
U18663,0IF3l,Eastman Chemical Co,US,915389,us_cboe_secondary_sec_v2_38bk,EVALUATED_NOT_UNICORN,"us_fundamental_momentum_flag_false:revenue_growth_not_positive,no_real_margin_expansion",-0.06715,-0.476243,0.054159,2821,"Plastic Materials, Synth Resins & Nonvulcan Elastomers",false,EMN,v2.38BT-global-unicorn-flag
U18664,0IF4l,Eastman Kodak Co,US,31235,us_cboe_secondary_sec_v2_38bk,EVALUATED_NOT_UNICORN,us_fundamental_momentum_flag_false:no_real_margin_expansion,0.024928,-2.254902,-0.119738,3861,Photographic Equipment & Supplies,false,KODK,v2.38BT-global-unicorn-flag
U18666,0IFJl,Edison International,US,827052,us_cboe_secondary_sec_v2_38bk,EVALUATED_NOT_UNICORN,"us_fundamental_momentum_flag_false:no_real_margin_expansion,no_real_positive_free_cash_flow",0.097619,,0.230833,4911,Electric Services,false,EIX,v2.38BT-global-unicorn-flag
U18667,0IHPl,Entergy Corp,US,65984,us_cboe_secondary_sec_v2_38bk,EVALUATED_NOT_UNICORN,"us_fundamental_momentum_flag_false:no_real_margin_expansion,no_real_positive_free_cash_flow",0.08982,,,4911,Electric Services,false,ETR,v2.38BT-global-unicorn-flag
U18668,0II3l,Equifax Inc,US,33185,us_cboe_secondary_sec_v2_38bk,EVALUATED_NOT_UNICORN,us_fundamental_momentum_flag_false:no_real_positive_free_cash_flow,0.069247,0.093031,0.1087,7320,"Services-Consumer Credit Reporting, Collection Agencies",false,EFX,v2.38BT-global-unicorn-flag
U18671,0IIRl,Essex Property Trust Inc,US,920522,us_cboe_secondary_sec_v2_38bk,EVALUATED_NOT_UNICORN,"us_fundamental_momentum_flag_false:revenue_growth_not_positive,no_real_margin_expansion,no_real_positive_free_cash_flow",-0.086118,,,6798,Real Estate Investment Trusts,false,ESS,v2.38BT-global-unicorn-flag
U18672,0IJ2l,Eversource Energy,US,72741,us_cboe_secondary_sec_v2_38bk,EVALUATED_NOT_UNICORN,"us_fundamental_momentum_flag_false:no_real_margin_expansion,no_real_positive_free_cash_flow",0.138346,,,4911,Electric Services,false,ES,v2.38BT-global-unicorn-flag
U18674,0IJNl,Exelon Corp,US,1109357,us_cboe_secondary_sec_v2_38bk,EVALUATED_NOT_UNICORN,"us_fundamental_momentum_flag_false:no_real_margin_expansion,no_real_positive_free_cash_flow",0.053413,,,4931,Electric & Other Services Combined,false,EXC,v2.38BT-global-unicorn-flag
U18675,0IJRl,Expeditors International of Washington Inc,US,746515,us_cboe_secondary_sec_v2_38bk,EVALUATED_NOT_UNICORN,"us_fundamental_momentum_flag_false:no_real_margin_expansion,no_real_positive_free_cash_flow",0.044195,0.00032,0.073207,4731,Arrangement of  Transportation of  Freight & Cargo,false,EXPD,v2.38BT-global-unicorn-flag
U18676,0IJVl,Extra Space Storage Inc,US,1289490,us_cboe_secondary_sec_v2_38bk,EVALUATED_NOT_UNICORN,us_fundamental_momentum_flag_false:no_real_positive_free_cash_flow,0.071333,0.139605,7.522622,6798,Real Estate Investment Trusts,false,EXR,v2.38BT-global-unicorn-flag
U18678,0IKWl,Fastenal Co,US,815556,us_cboe_secondary_sec_v2_38bk,EVALUATED_UNICORN,us_fundamental_momentum_flag_true_real_revenue_growth_and_margin_expansion_and_positive_free_cash_flow,0.086735,0.09369,0.153454,5200,"Retail-Building Materials, Hardware, Garden Supply",false,FAST,v2.38BT-global-unicorn-flag
U18681,0ILWl,Fidelity National Information Services Inc,US,1136893,us_cboe_secondary_sec_v2_38bk,EVALUATED_NOT_UNICORN,"us_fundamental_momentum_flag_false:no_real_margin_expansion,no_real_positive_free_cash_flow",0.05431,-0.736552,0.035778,7389,"Services-Business Services, NEC",false,FIS,v2.38BT-global-unicorn-flag
U18683,0IP9l,Fiserv Inc,US,798354,us_cboe_secondary_sec_v2_38bk,EVALUATED_UNICORN,us_fundamental_momentum_flag_true_real_revenue_growth_and_margin_expansion_and_positive_free_cash_flow,0.036029,0.111466,0.164205,7389,"Services-Business Services, NEC",false,FISV,v2.38BT-global-unicorn-flag
U18684,0IPBl,FirstEnergy Corp,US,1031296,us_cboe_secondary_sec_v2_38bk,EVALUATED_NOT_UNICORN,"us_fundamental_momentum_flag_false:no_real_margin_expansion,no_real_positive_free_cash_flow",0.120101,0.042945,0.067594,4911,Electric Services,false,FE,v2.38BT-global-unicorn-flag
U18686,0IQEl,Flowserve Corp,US,30625,us_cboe_secondary_sec_v2_38bk,EVALUATED_NOT_UNICORN,us_fundamental_momentum_flag_false:no_real_positive_free_cash_flow,0.037618,0.22453,0.073214,3561,Pumps & Pumping Equipment,false,FLS,v2.38BT-global-unicorn-flag
U18687,0IREl,Fortive Corp,US,1659166,us_cboe_secondary_sec_v2_38bk,EVALUATED_NOT_UNICORN,us_fundamental_momentum_flag_false:revenue_growth_not_positive,-0.332601,-0.304598,0.139261,3823,"Industrial Instruments For Measurement, Display, and Control",false,FTV,v2.38BT-global-unicorn-flag
U18688,0IRNl,Fortune Brands Innovations Inc,US,1519751,us_cboe_secondary_sec_v2_38bk,EVALUATED_NOT_UNICORN,"us_fundamental_momentum_flag_false:revenue_growth_not_positive,no_real_margin_expansion",-0.031634,,,2430,"Millwood, Veneer, Plywood, & Structural Wood Members",false,FBIN,v2.38BT-global-unicorn-flag
U18689,0ITLl,Arthur J Gallagher & Co,US,354190,us_cboe_secondary_sec_v2_38bk,EVALUATED_NOT_UNICORN,"us_fundamental_momentum_flag_false:no_real_margin_expansion,no_real_positive_free_cash_flow",0.206588,0.021399,0.107158,6411,"Insurance Agents, Brokers & Service",true,AJG,v2.38BT-global-unicorn-flag
U18692,0IUCl,General Dynamics Corp,US,40533,us_cboe_secondary_sec_v2_38bk,EVALUATED_UNICORN,us_fundamental_momentum_flag_true_real_revenue_growth_and_margin_expansion_and_positive_free_cash_flow,0.101308,0.113168,0.080114,3730,Ship & Boat Building & Repairing,false,GD,v2.38BT-global-unicorn-flag
U18693,0IUXl,Genuine Parts Co,US,40987,us_cboe_secondary_sec_v2_38bk,EVALUATED_NOT_UNICORN,us_fundamental_momentum_flag_false:no_real_margin_expansion,0.03464,-0.927058,0.002714,5013,Wholesale-Motor Vehicle Supplies & New Parts,false,GPC,v2.38BT-global-unicorn-flag
U18699,0J1Rl,HCA Healthcare Inc,US,860730,us_cboe_secondary_sec_v2_38bk,EVALUATED_UNICORN,us_fundamental_momentum_flag_true_real_revenue_growth_and_margin_expansion_and_positive_free_cash_flow,0.070776,0.177778,0.089735,8062,"Services-General Medical & Surgical Hospitals, NEC",false,HCA,v2.38BT-global-unicorn-flag
U18700,0J1Ul,Healthpeak Properties Inc,US,765880,us_cboe_secondary_sec_v2_38bk,EVALUATED_NOT_UNICORN,"us_fundamental_momentum_flag_false:no_real_margin_expansion,no_real_positive_free_cash_flow",0.062472,-0.706562,0.118126,6798,Real Estate Investment Trusts,false,DOC,v2.38BT-global-unicorn-flag
U18705,0J4Gl,Helmerich & Payne Inc,US,46765,us_cboe_secondary_sec_v2_38bk,EVALUATED_NOT_UNICORN,us_fundamental_momentum_flag_false:no_real_margin_expansion,0.339581,-1.475629,-0.044499,1381,Drilling Oil & Gas Wells,false,HP,v2.38BT-global-unicorn-flag
U18709,0J5Il,Hilton Worldwide Holdings Inc,US,1585689,us_cboe_secondary_sec_v2_38bk,EVALUATED_NOT_UNICORN,us_fundamental_momentum_flag_false:no_real_margin_expansion,0.077412,-0.050814,0.121023,7011,Hotels & Motels,false,HLT,v2.38BT-global-unicorn-flag
U18711,0J5Zl,Hormel Foods Corp,US,48465,us_cboe_secondary_sec_v2_38bk,INSUFFICIENT_DATA,us_growth_features_not_computable_for_this_company,,-0.405994,,2011,Meat Packing Plants,false,HRL,v2.38BT-global-unicorn-flag
U18712,0J66l,Host Hotels & Resorts Inc,US,1070750,us_cboe_secondary_sec_v2_38bk,EVALUATED_NOT_UNICORN,us_fundamental_momentum_flag_false:no_real_positive_free_cash_flow,0.075651,0.097561,0.125123,6798,Real Estate Investment Trusts,false,HST,v2.38BT-global-unicorn-flag
U18716,0J76l,Huntington Ingalls Industries Inc,US,1501585,us_cboe_secondary_sec_v2_38bk,EVALUATED_UNICORN,us_fundamental_momentum_flag_true_real_revenue_growth_and_margin_expansion_and_positive_free_cash_flow,0.082271,0.1,0.048462,3730,Ship & Boat Building & Repairing,false,HII,v2.38BT-global-unicorn-flag
U18717,0J86l,IPG Photonics Corp,US,1111928,us_cboe_secondary_sec_v2_38bk,EVALUATED_NOT_UNICORN,us_fundamental_momentum_flag_false:no_real_positive_free_cash_flow,0.027266,,0.030979,3674,Semiconductors & Related Devices,false,IPGP,v2.38BT-global-unicorn-flag
U18718,0J8Pl,IDEXX Laboratories Inc,US,874716,us_cboe_secondary_sec_v2_38bk,EVALUATED_UNICORN,us_fundamental_momentum_flag_true_real_revenue_growth_and_margin_expansion_and_positive_free_cash_flow,0.10422,0.193269,0.246175,2835,In Vitro & In Vivo Diagnostic Substances,false,IDXX,v2.38BT-global-unicorn-flag
U18720,0J9Pl,Incyte Corp,US,879169,us_cboe_secondary_sec_v2_38bk,EVALUATED_UNICORN,us_fundamental_momentum_flag_true_real_revenue_growth_and_margin_expansion_and_positive_free_cash_flow,0.212209,38.44964,0.250261,8731,Services-Commercial Physical & Biological Research,false,INCY,v2.38BT-global-unicorn-flag
U18721,0JC3l,Intercontinental Exchange Inc,US,1571949,us_cboe_secondary_sec_v2_38bk,EVALUATED_UNICORN,us_fundamental_momentum_flag_true_real_revenue_growth_and_margin_expansion_and_positive_free_cash_flow,0.074739,0.203704,0.262263,6200,"Security & Commodity Brokers, Dealers, Exchanges & Services",true,ICE,v2.38BT-global-unicorn-flag
U18723,0JDMl,IQVIA Holdings Inc,US,1478242,us_cboe_secondary_sec_v2_38bk,EVALUATED_NOT_UNICORN,"us_fundamental_momentum_flag_false:no_real_margin_expansion,no_real_positive_free_cash_flow",0.058747,-0.009468,0.083384,8731,Services-Commercial Physical & Biological Research,false,IQV,v2.38BT-global-unicorn-flag
U18736,0JQRl,KeyCorp,US,91576,us_cboe_secondary_sec_v2_38bk,EVALUATED_NOT_UNICORN,us_fundamental_momentum_flag_false:no_real_positive_free_cash_flow,0.064516,,1.04574,6021,National Commercial Banks,true,KEY,v2.38BT-global-unicorn-flag
U18739,0JRLl,Kohl's Corp,US,885639,us_cboe_secondary_sec_v2_38bk,EVALUATED_NOT_UNICORN,"us_fundamental_momentum_flag_false:revenue_growth_not_positive,no_real_positive_free_cash_flow",-0.042784,1.495413,0.017518,5311,Retail-Department Stores,false,KSS,v2.38BT-global-unicorn-flag
U18742,0JSJl,LKQ Corp,US,1065696,us_cboe_secondary_sec_v2_38bk,EVALUATED_NOT_UNICORN,"us_fundamental_momentum_flag_false:revenue_growth_not_positive,no_real_margin_expansion,no_real_positive_free_cash_flow",-0.049042,-0.122655,0.044539,5010,Wholesale-Motor Vehicles & Motor Vehicle Parts & Supplies,false,LKQ,v2.38BT-global-unicorn-flag
U18743,0JT5l,Lam Research Corp,US,707549,us_cboe_secondary_sec_v2_38bk,EVALUATED_NOT_UNICORN,us_fundamental_momentum_flag_false:no_real_positive_free_cash_flow,0.260209,0.355935,0.312723,3559,"Special Industry Machinery, NEC",false,LRCX,v2.38BT-global-unicorn-flag
U18745,0JU0l,Lennar Corp,US,920760,us_cboe_secondary_sec_v2_38bk,EVALUATED_NOT_UNICORN,"us_fundamental_momentum_flag_false:revenue_growth_not_positive,no_real_margin_expansion",-0.035397,-0.471542,0.060789,1520,General Bldg Contractors - Residential Bldgs,false,LEN,v2.38BT-global-unicorn-flag
U18750,0JWCl,MGM Resorts International,US,789570,us_cboe_secondary_sec_v2_38bk,EVALUATED_NOT_UNICORN,us_fundamental_momentum_flag_false:no_real_margin_expansion,0.017235,-0.724252,0.011738,7011,Hotels & Motels,false,MGM,v2.38BT-global-unicorn-flag
U18752,0JXDl,Macy's Inc,US,794367,us_cboe_secondary_sec_v2_38bk,EVALUATED_NOT_UNICORN,us_fundamental_momentum_flag_false:revenue_growth_not_positive,-0.023729,0.103093,0.029498,5311,Retail-Department Stores,false,M,v2.38BT-global-unicorn-flag
U18754,0JYAl,Marathon Petroleum Corp,US,1510295,us_cboe_secondary_sec_v2_38bk,EVALUATED_NOT_UNICORN,us_fundamental_momentum_flag_false:revenue_growth_not_positive,-0.044396,0.174746,0.030498,2911,Petroleum Refining,false,MPC,v2.38BT-global-unicorn-flag
U18756,0JZ0l,Martin Marietta Materials Inc,US,916076,us_cboe_secondary_sec_v2_38bk,EVALUATED_NOT_UNICORN,"us_fundamental_momentum_flag_false:revenue_growth_not_positive,no_real_margin_expansion",-0.059058,-0.430075,0.184878,1400,Mining & Quarrying of  Nonmetallic Minerals (No Fuels),false,MLM,v2.38BT-global-unicorn-flag
U18757,0JZ1l,Masco Corp,US,62996,us_cboe_secondary_sec_v2_38bk,EVALUATED_NOT_UNICORN,"us_fundamental_momentum_flag_false:revenue_growth_not_positive,no_real_positive_free_cash_flow",-0.033981,-0.014599,0.107115,3430,"Heating Equip, Except Elec & Warm Air; & Plumbing Fixtures",false,MAS,v2.38BT-global-unicorn-flag
U18758,0JZHl,Mattel Inc,US,63276,us_cboe_secondary_sec_v2_38bk,EVALUATED_NOT_UNICORN,"us_fundamental_momentum_flag_false:revenue_growth_not_positive,no_real_margin_expansion,no_real_positive_free_cash_flow",-0.005934,-0.266202,0.074348,3942,Dolls & Stuffed Toys,false,MAT,v2.38BT-global-unicorn-flag
U18760,0JZUl,McKesson Corp,US,927653,us_cboe_secondary_sec_v2_38bk,EVALUATED_UNICORN,us_fundamental_momentum_flag_true_real_revenue_growth_and_margin_expansion_and_positive_free_cash_flow,0.123601,0.44522,0.011804,5122,"Wholesale-Drugs, Proprietaries & Druggists' Sundries",false,MCK,v2.38BT-global-unicorn-flag
U18762,0K10l,Mettler-Toledo International Inc,US,1037646,us_cboe_secondary_sec_v2_38bk,EVALUATED_NOT_UNICORN,us_fundamental_momentum_flag_false:no_real_margin_expansion,0.039779,0.007013,0.215874,3826,Laboratory Analytical Instruments,false,MTD,v2.38BT-global-unicorn-flag
U18764,0K1El,Mid-America Apartment Communities Inc,US,912595,us_cboe_secondary_sec_v2_38bk,EVALUATED_NOT_UNICORN,"us_fundamental_momentum_flag_false:no_real_margin_expansion,no_real_positive_free_cash_flow",0.008266,-0.152848,0.202301,6798,Real Estate Investment Trusts,false,MAA,v2.38BT-global-unicorn-flag
U18765,0K2Fl,Mohawk Industries Inc,US,851968,us_cboe_secondary_sec_v2_38bk,EVALUATED_NOT_UNICORN,"us_fundamental_momentum_flag_false:revenue_growth_not_positive,no_real_margin_expansion",-0.004752,-0.285494,0.034296,2273,Carpets & Rugs,false,MHK,v2.38BT-global-unicorn-flag
U18769,0K36l,Moody's Corp,US,1059556,us_cboe_secondary_sec_v2_38bk,EVALUATED_UNICORN,us_fundamental_momentum_flag_true_real_revenue_growth_and_margin_expansion_and_positive_free_cash_flow,0.088883,0.194849,0.318606,7320,"Services-Consumer Credit Reporting, Collection Agencies",false,MCO,v2.38BT-global-unicorn-flag
U18771,0K3Hl,Motorola Solutions Inc,US,68505,us_cboe_secondary_sec_v2_38bk,EVALUATED_NOT_UNICORN,us_fundamental_momentum_flag_false:no_real_positive_free_cash_flow,0.079967,0.365885,0.184386,3663,Radio & Tv Broadcasting & Communications Equipment,false,MSI,v2.38BT-global-unicorn-flag
U18772,0K4Cl,NRG Energy Inc,US,1013871,us_cboe_secondary_sec_v2_38bk,EVALUATED_NOT_UNICORN,us_fundamental_momentum_flag_false:no_real_margin_expansion,0.093664,-0.232,0.028471,4911,Electric Services,false,NRG,v2.38BT-global-unicorn-flag
U18775,0K6Fl,NetApp Inc,US,1002047,us_cboe_secondary_sec_v2_38bk,EVALUATED_UNICORN,us_fundamental_momentum_flag_true_real_revenue_growth_and_margin_expansion_and_positive_free_cash_flow,0.053713,0.075885,0.18426,3572,Computer Storage Devices,false,NTAP,v2.38BT-global-unicorn-flag
U18778,0K7Jl,Newell Brands Inc,US,814453,us_cboe_secondary_sec_v2_38bk,EVALUATED_NOT_UNICORN,"us_fundamental_momentum_flag_false:revenue_growth_not_positive,no_real_margin_expansion,no_real_positive_free_cash_flow",-0.049855,,-0.039561,3089,"Plastics Products, NEC",false,NWL,v2.38BT-global-unicorn-flag
U18783,0K87l,NiSource Inc,US,1111711,us_cboe_secondary_sec_v2_38bk,EVALUATED_NOT_UNICORN,"us_fundamental_momentum_flag_false:no_real_margin_expansion,no_real_positive_free_cash_flow",0.234701,0.222383,0.1425,4931,Electric & Other Services Combined,false,NI,v2.38BT-global-unicorn-flag
U18784,0K8Ml,Norfolk Southern Corp,US,702165,us_cboe_secondary_sec_v2_38bk,EVALUATED_UNICORN,us_fundamental_momentum_flag_true_real_revenue_growth_and_margin_expansion_and_positive_free_cash_flow,0.004702,0.095728,0.235878,4011,"Railroads, Line-Haul Operating",false,NSC,v2.38BT-global-unicorn-flag
U18786,0K9Ll,Nucor Corp,US,73309,us_cboe_secondary_sec_v2_38bk,EVALUATED_NOT_UNICORN,"us_fundamental_momentum_flag_false:no_real_margin_expansion,no_real_positive_free_cash_flow",0.057266,-0.139615,0.053671,3312,"Steel Works, Blast Furnaces & Rolling Mills (Coke Ovens)",false,NUE,v2.38BT-global-unicorn-flag
U18787,0KABl,O'Reilly Automotive Inc,US,898173,us_cboe_secondary_sec_v2_38bk,EVALUATED_NOT_UNICORN,us_fundamental_momentum_flag_false:no_real_margin_expansion,0.06425,0.063489,0.14274,5531,Retail-Auto & Home Supply Stores,false,ORLY,v2.38BT-global-unicorn-flag
U18789,0KBKl,Omnicom Group Inc,US,29989,us_cboe_secondary_sec_v2_38bk,EVALUATED_NOT_UNICORN,us_fundamental_momentum_flag_false:no_real_margin_expansion,0.100885,-1.036809,-0.003155,7311,Services-Advertising Agencies,false,OMC,v2.38BT-global-unicorn-flag
U18792,0KEIl,PPG Industries Inc,US,79879,us_cboe_secondary_sec_v2_38bk,EVALUATED_UNICORN,us_fundamental_momentum_flag_true_real_revenue_growth_and_margin_expansion_and_positive_free_cash_flow,0.001893,0.412186,0.099276,2851,"Paints, Varnishes, Lacquers, Enamels & Allied Prods",false,PPG,v2.38BT-global-unicorn-flag
U18794,0KEQl,PVH Corp,US,78239,us_cboe_secondary_sec_v2_38bk,EVALUATED_NOT_UNICORN,us_fundamental_momentum_flag_false:no_real_margin_expansion,0.034358,-0.957728,0.002827,2320,"Men's & Boys' Furnishgs, Work Clothg, & Allied Garments",false,PVH,v2.38BT-global-unicorn-flag
U18795,0KETl,PACCAR Inc,US,75362,us_cboe_secondary_sec_v2_38bk,EVALUATED_NOT_UNICORN,"us_fundamental_momentum_flag_false:revenue_growth_not_positive,no_real_margin_expansion",-0.155033,-0.429169,0.083523,3711,Motor Vehicles & Passenger Car Bodies,false,PCAR,v2.38BT-global-unicorn-flag
U18797,0KGEl,Paychex Inc,US,723531,us_cboe_secondary_sec_v2_38bk,EVALUATED_NOT_UNICORN,us_fundamental_momentum_flag_false:no_real_margin_expansion,0.164713,,0.279332,8700,"Services-Engineering, Accounting, Research, Management",false,PAYX,v2.38BT-global-unicorn-flag
U18798,0KHEl,Revvity Inc,US,31791,us_cboe_secondary_sec_v2_38bk,EVALUATED_NOT_UNICORN,us_fundamental_momentum_flag_false:no_real_margin_expansion,0.036669,-0.107935,0.084453,3826,Laboratory Analytical Instruments,false,RVTY,v2.38BT-global-unicorn-flag
U18801,0KITl,Pinnacle West Capital Corp,US,764622,us_cboe_secondary_sec_v2_38bk,EVALUATED_NOT_UNICORN,"us_fundamental_momentum_flag_false:no_real_margin_expansion,no_real_positive_free_cash_flow",0.041957,,,4911,Electric Services,false,PNW,v2.38BT-global-unicorn-flag
U18802,0KNYl,T Rowe Price Group Inc,US,1113169,us_cboe_secondary_sec_v2_38bk,EVALUATED_NOT_UNICORN,us_fundamental_momentum_flag_false:no_real_margin_expansion,0.031183,-0.00619,0.285326,6282,Investment Advice,true,TROW,v2.38BT-global-unicorn-flag
U18803,0KO5l,Principal Financial Group Inc,US,1126328,us_cboe_secondary_sec_v2_38bk,EVALUATED_NOT_UNICORN,"us_fundamental_momentum_flag_false:revenue_growth_not_positive,no_real_margin_expansion,no_real_positive_free_cash_flow",-0.031139,-0.24564,0.075844,6321,Accident & Health Insurance,true,PFG,v2.38BT-global-unicorn-flag
U18805,0KODl,Prologis Inc,US,1045609,us_cboe_secondary_sec_v2_38bk,EVALUATED_NOT_UNICORN,"us_fundamental_momentum_flag_false:no_real_margin_expansion,no_real_positive_free_cash_flow",0.071756,-0.108104,0.378633,6798,Real Estate Investment Trusts,false,PLD,v2.38BT-global-unicorn-flag
U18811,0KSJl,Qorvo Inc,US,1604778,us_cboe_secondary_sec_v2_38bk,EVALUATED_NOT_UNICORN,us_fundamental_momentum_flag_false:revenue_growth_not_positive,-0.010878,5.09528,0.092154,3674,Semiconductors & Related Devices,false,QRVO,v2.38BT-global-unicorn-flag
U18816,0KU1l,Raymond James Financial Inc,US,720005,us_cboe_secondary_sec_v2_38bk,EVALUATED_NOT_UNICORN,us_fundamental_momentum_flag_false:no_real_margin_expansion,0.066274,0.032398,0.134175,6211,"Security Brokers, Dealers & Flotation Companies",true,RJF,v2.38BT-global-unicorn-flag
U18817,0KUEl,Realty Income Corp,US,726728,us_cboe_secondary_sec_v2_38bk,EVALUATED_NOT_UNICORN,us_fundamental_momentum_flag_false:no_real_positive_free_cash_flow,0.090727,0.229815,0.184123,6798,Real Estate Investment Trusts,false,O,v2.38BT-global-unicorn-flag
U18820,0KW1l,Republic Services Inc,US,1060391,us_cboe_secondary_sec_v2_38bk,EVALUATED_UNICORN,us_fundamental_momentum_flag_true_real_revenue_growth_and_margin_expansion_and_positive_free_cash_flow,0.034868,0.047023,0.12894,4953,Refuse Systems,false,RSG,v2.38BT-global-unicorn-flag
U18822,0KX0l,Riot Platforms Inc,US,1167419,us_cboe_secondary_sec_v2_38bk,EVALUATED_NOT_UNICORN,"us_fundamental_momentum_flag_false:no_real_margin_expansion,no_real_positive_free_cash_flow",0.718894,-7.061928,-1.024321,6199,Finance Services,true,RIOT,v2.38BT-global-unicorn-flag
U18825,0KXMl,Roper Technologies Inc,US,882835,us_cboe_secondary_sec_v2_38bk,EVALUATED_NOT_UNICORN,"us_fundamental_momentum_flag_false:no_real_margin_expansion,no_real_positive_free_cash_flow",0.122642,-0.008391,0.194407,3823,"Industrial Instruments For Measurement, Display, and Control",false,ROP,v2.38BT-global-unicorn-flag
U18826,0KXOl,Ross Stores Inc,US,745732,us_cboe_secondary_sec_v2_38bk,EVALUATED_NOT_UNICORN,us_fundamental_momentum_flag_false:no_real_margin_expansion,0.076734,0.025978,0.094285,5651,Retail-Family Clothing Stores,false,ROST,v2.38BT-global-unicorn-flag
U18828,0KYZl,SBA Communications Corp,US,1034054,us_cboe_secondary_sec_v2_38bk,EVALUATED_NOT_UNICORN,us_fundamental_momentum_flag_false:no_real_margin_expansion,0.599396,0.405712,4.309369,6798,Real Estate Investment Trusts,false,SBAC,v2.38BT-global-unicorn-flag
U18830,0KZAd,Amerant Bancorp Inc,US,1734342,us_cboe_secondary_sec_v2_38bk,INSUFFICIENT_DATA,us_growth_features_not_computable_for_this_company,,,,6021,National Commercial Banks,true,AMTB,v2.38BT-global-unicorn-flag
U18841,0L5d,Lamb Weston Holdings Inc,US,1679273,us_cboe_secondary_sec_v2_38bk,EVALUATED_NOT_UNICORN,us_fundamental_momentum_flag_false:no_real_margin_expansion,0.024956,-0.18813,0.043858,2030,"Canned, Frozen & Preservd Fruit, Veg & Food Specialties",false,LW,v2.38BT-global-unicorn-flag
U18843,0L7Al,A O Smith Corp,US,91142,us_cboe_secondary_sec_v2_38bk,INSUFFICIENT_DATA,us_growth_features_not_computable_for_this_company,,,0.142604,3630,Household Appliances,false,AOS,v2.38BT-global-unicorn-flag
U18848,0L9El,Stanley Black & Decker Inc,US,93556,us_cboe_secondary_sec_v2_38bk,EVALUATED_NOT_UNICORN,us_fundamental_momentum_flag_false:revenue_growth_not_positive,-0.015313,0.365613,0.026562,3420,"Cutlery, Handtools & General Hardware",false,SWK,v2.38BT-global-unicorn-flag
U18853,0LC6l,Sysco Corp,US,96021,us_cboe_secondary_sec_v2_38bk,EVALUATED_NOT_UNICORN,"us_fundamental_momentum_flag_false:no_real_margin_expansion,no_real_positive_free_cash_flow",0.039118,-0.03884,0.02078,5140,Wholesale-Groceries & Related Products,false,SYY,v2.38BT-global-unicorn-flag
U18855,0LD5l,Tapestry Inc,US,1116132,us_cboe_secondary_sec_v2_38bk,EVALUATED_UNICORN,us_fundamental_momentum_flag_true_real_revenue_growth_and_margin_expansion_and_positive_free_cash_flow,0.141712,7.338974,0.190862,3100,Leather & Leather Products,false,TPR,v2.38BT-global-unicorn-flag
U18858,0LF0l,Textron Inc,US,217346,us_cboe_secondary_sec_v2_38bk,EVALUATED_NOT_UNICORN,us_fundamental_momentum_flag_false:no_real_positive_free_cash_flow,0.080061,0.117718,0.062234,3720,Aircraft & Parts,false,TXT,v2.38BT-global-unicorn-flag
U18859,0LHRl,Tyson Foods Inc,US,100493,us_cboe_secondary_sec_v2_38bk,EVALUATED_NOT_UNICORN,us_fundamental_momentum_flag_false:no_real_margin_expansion,0.021235,-0.4075,0.008707,2015,Poultry Slaughtering and Processing,false,TSN,v2.38BT-global-unicorn-flag
U18862,0LIBl,Ulta Beauty Inc,US,1403568,us_cboe_secondary_sec_v2_38bk,EVALUATED_NOT_UNICORN,us_fundamental_momentum_flag_false:no_real_margin_expansion,0.097132,-0.039662,0.093076,5990,"Retail-Retail Stores, NEC",false,ULTA,v2.38BT-global-unicorn-flag
U18863,0LIKl,Under Armour Inc,US,1336917,us_cboe_secondary_sec_v2_38bk,EVALUATED_NOT_UNICORN,"us_fundamental_momentum_flag_false:revenue_growth_not_positive,no_real_margin_expansion,no_real_positive_free_cash_flow",-0.038328,,-0.0998,2300,Apparel & Other Finishd Prods of  Fabrics & Similar Matl,false,UAA,v2.38BT-global-unicorn-flag
U18865,0LIYl,United Rentals Inc,US,1067701,us_cboe_secondary_sec_v2_38bk,EVALUATED_NOT_UNICORN,"us_fundamental_momentum_flag_false:no_real_margin_expansion,no_real_positive_free_cash_flow",0.029822,-0.031456,0.674966,7359,"Services-Equipment Rental & Leasing, NEC",false,URI,v2.38BT-global-unicorn-flag
U18869,0LJLl,Universal Health Services Inc,US,352915,us_cboe_secondary_sec_v2_38bk,EVALUATED_UNICORN,us_fundamental_momentum_flag_true_real_revenue_growth_and_margin_expansion_and_positive_free_cash_flow,0.0971,0.303564,0.085736,8062,"Services-General Medical & Surgical Hospitals, NEC",false,UHS,v2.38BT-global-unicorn-flag
U18874,0LOZl,VeriSign Inc,US,1014473,us_cboe_secondary_sec_v2_38bk,EVALUATED_NOT_UNICORN,us_fundamental_momentum_flag_false:no_real_margin_expansion,0.063696,,,7371,Services-Computer Programming Services,false,VRSN,v2.38BT-global-unicorn-flag
U18879,0LRKl,Vulcan Materials Co,US,1396009,us_cboe_secondary_sec_v2_38bk,EVALUATED_UNICORN,us_fundamental_momentum_flag_true_real_revenue_growth_and_margin_expansion_and_positive_free_cash_flow,0.070561,0.180722,0.135586,1400,Mining & Quarrying of  Nonmetallic Minerals (No Fuels),false,VMC,v2.38BT-global-unicorn-flag
U18882,0LTIl,Waters Corp,US,1000697,us_cboe_secondary_sec_v2_38bk,EVALUATED_NOT_UNICORN,"us_fundamental_momentum_flag_false:no_real_margin_expansion,no_real_positive_free_cash_flow",0.069936,0.007518,0.203024,3826,Laboratory Analytical Instruments,false,WAT,v2.38BT-global-unicorn-flag
U18883,0LUSl,Welltower Inc,US,766704,us_cboe_secondary_sec_v2_38bk,EVALUATED_NOT_UNICORN,"us_fundamental_momentum_flag_false:no_real_margin_expansion,no_real_positive_free_cash_flow",0.402487,,,6798,Real Estate Investment Trusts,false,WELL,v2.38BT-global-unicorn-flag
U18885,0LWGl,Weyerhaeuser Co,US,106535,us_cboe_secondary_sec_v2_38bk,EVALUATED_NOT_UNICORN,"us_fundamental_momentum_flag_false:revenue_growth_not_positive,no_real_margin_expansion,no_real_positive_free_cash_flow",-0.030741,-0.181818,0.046923,6798,Real Estate Investment Trusts,false,WY,v2.38BT-global-unicorn-flag
U18886,0LWHl,Whirlpool Corp,US,106640,us_cboe_secondary_sec_v2_38bk,EVALUATED_NOT_UNICORN,us_fundamental_momentum_flag_false:revenue_growth_not_positive,-0.065213,,0.020484,3630,Household Appliances,false,WHR,v2.38BT-global-unicorn-flag
U18890,0M1Rl,Xcel Energy Inc,US,72903,us_cboe_secondary_sec_v2_38bk,INSUFFICIENT_DATA,us_growth_features_not_computable_for_this_company,,0.042355,,4931,Electric & Other Services Combined,false,XEL,v2.38BT-global-unicorn-flag
U18895,0M5d,BILL Holdings Inc,US,1786352,us_cboe_secondary_sec_v2_38bk,EVALUATED_NOT_UNICORN,us_fundamental_momentum_flag_false:no_real_margin_expansion,0.130312,-1.472331,-0.0068,7372,Services-Prepackaged Software,false,BILL,v2.38BT-global-unicorn-flag
U18899,0NUd,Nutanix Inc,US,1618732,us_cboe_secondary_sec_v2_38bk,EVALUATED_UNICORN,us_fundamental_momentum_flag_true_real_revenue_growth_and_margin_expansion_and_positive_free_cash_flow,0.181082,,0.07422,7372,Services-Prepackaged Software,false,NTNX,v2.38BT-global-unicorn-flag
U18900,0OALl,American International Group Inc,US,5272,us_cboe_secondary_sec_v2_38bk,EVALUATED_NOT_UNICORN,"us_fundamental_momentum_flag_false:revenue_growth_not_positive,no_real_positive_free_cash_flow",-0.017467,,0.11563,6331,"Fire, Marine & Casualty Insurance",true,AIG,v2.38BT-global-unicorn-flag
U18906,0PYd,Paycom Software Inc,US,1590955,us_cboe_secondary_sec_v2_38bk,EVALUATED_NOT_UNICORN,us_fundamental_momentum_flag_false:no_real_margin_expansion,0.089475,-0.096813,0.220987,7372,Services-Prepackaged Software,false,PAYC,v2.38BT-global-unicorn-flag
U18912,0Q3d,Beyond Meat Inc,US,1655210,us_cboe_secondary_sec_v2_38bk,DUPLICATE_LISTING,duplicate_listing_of_U00494_same_sec_cik_1655210,-0.15609,,0.795017,2000,Food and Kindred Products,false,BYND,v2.38BT-global-unicorn-flag
U18925,0QYYl,Harley-Davidson Inc,US,793952,us_cboe_secondary_sec_v2_38bk,EVALUATED_NOT_UNICORN,"us_fundamental_momentum_flag_false:revenue_growth_not_positive,no_real_margin_expansion",-0.131208,-0.256105,0.09399,3751,"Motorcycles, Bicycles & Parts",false,HOG,v2.38BT-global-unicorn-flag
U18952,0R18l,Best Buy Co Inc,US,764478,us_cboe_secondary_sec_v2_38bk,EVALUATED_UNICORN,us_fundamental_momentum_flag_true_real_revenue_growth_and_margin_expansion_and_positive_free_cash_flow,0.003925,0.153182,0.025641,5731,"Retail-Radio, Tv & Consumer Electronics Stores",false,BBY,v2.38BT-global-unicorn-flag
U18954,0R1Dl,Sangamo Therapeutics Inc,US,1001233,us_cboe_secondary_sec_v2_38bk,EVALUATED_NOT_UNICORN,"us_fundamental_momentum_flag_false:revenue_growth_not_positive,no_real_margin_expansion,no_real_positive_free_cash_flow",-0.315709,,-3.108111,2836,"Biological Products, (No Diagnostic Substances)",false,,v2.38BT-global-unicorn-flag
U18959,0R1Tl,Expedia Group Inc,US,1324424,us_cboe_secondary_sec_v2_38bk,EVALUATED_NOT_UNICORN,us_fundamental_momentum_flag_false:no_real_margin_expansion,0.076108,0.048622,0.08783,4700,Transportation Services,false,EXPE,v2.38BT-global-unicorn-flag
U18970,0R2Ml,Regeneron Pharmaceuticals Inc,US,872589,us_cboe_secondary_sec_v2_38bk,EVALUATED_NOT_UNICORN,us_fundamental_momentum_flag_false:no_real_positive_free_cash_flow,0.009921,0.020917,0.314086,2834,Pharmaceutical Preparations,false,REGN,v2.38BT-global-unicorn-flag
U18976,0R33l,Emerson Electric Co,US,32604,us_cboe_secondary_sec_v2_38bk,EVALUATED_UNICORN,us_fundamental_momentum_flag_true_real_revenue_growth_and_margin_expansion_and_positive_free_cash_flow,0.029957,0.165142,0.127276,3600,Electronic & Other Electrical Equipment (No Computer Equip),false,EMR,v2.38BT-global-unicorn-flag
U18990,0SE0d,Sezzle Inc,US,1662991,us_cboe_secondary_sec_v2_38bk,EVALUATED_UNICORN,us_fundamental_momentum_flag_true_real_revenue_growth_and_margin_expansion_and_positive_free_cash_flow,0.692148,0.695442,0.564402,7389,"Services-Business Services, NEC",false,SEZL,v2.38BT-global-unicorn-flag
U18993,0SGOl,Dropbox Inc,US,1467623,us_cboe_secondary_sec_v2_38bk,EVALUATED_NOT_UNICORN,us_fundamental_momentum_flag_false:revenue_growth_not_positive,-0.010674,0.124033,0.201666,7372,Services-Prepackaged Software,false,DBX,v2.38BT-global-unicorn-flag
U19007,0V6d,Vistra Corp,US,1692819,us_cboe_secondary_sec_v2_38bk,EVALUATED_NOT_UNICORN,us_fundamental_momentum_flag_false:no_real_margin_expansion,0.191383,-0.644979,0.053679,4911,Electric Services,false,VST,v2.38BT-global-unicorn-flag
U19023,0Y9Sl,Check Point Software Technologies Ltd,US,1015922,us_cboe_secondary_sec_v2_38bk,DUPLICATE_LISTING,duplicate_listing_of_U00612_same_sec_cik_1015922,0.062534,0.249734,0.387796,7372,Services-Prepackaged Software,false,CHKP,v2.38BT-global-unicorn-flag
U19026,0YUd,Yum China Holdings Inc,US,1673358,us_cboe_secondary_sec_v2_38bk,EVALUATED_NOT_UNICORN,us_fundamental_momentum_flag_false:no_real_margin_expansion,0.043705,0.019759,0.078749,5812,Retail-Eating  Places,false,YUMC,v2.38BT-global-unicorn-flag
U19027,0ZCd,Zscaler Inc,US,1713683,us_cboe_secondary_sec_v2_38bk,EVALUATED_NOT_UNICORN,us_fundamental_momentum_flag_false:no_real_margin_expansion,0.254163,,-0.018845,7371,Services-Computer Programming Services,false,ZS,v2.38BT-global-unicorn-flag
U19028,0ZG2d,Zillow Group Inc,US,1617640,us_cboe_secondary_sec_v2_38bk,EVALUATED_UNICORN,us_fundamental_momentum_flag_true_real_revenue_growth_and_margin_expansion_and_positive_free_cash_flow,0.155188,,0.008904,7389,"Services-Business Services, NEC",false,ZG,v2.38BT-global-unicorn-flag
U19063,1170d,Arista Networks Inc,US,1596532,us_cboe_secondary_sec_v2_38bk,EVALUATED_NOT_UNICORN,"us_fundamental_momentum_flag_false:no_real_margin_expansion,no_real_positive_free_cash_flow",0.285951,0.231183,0.389909,3576,Computer Communications Equipment,false,ANET,v2.38BT-global-unicorn-flag
U19162,185d,Alcoa Corp,US,1675149,us_cboe_secondary_sec_v2_38bk,EVALUATED_UNICORN,us_fundamental_momentum_flag_true_real_revenue_growth_and_margin_expansion_and_positive_free_cash_flow,0.078689,18.283333,0.090172,3334,Primary Production of  Aluminum,false,AA,v2.38BT-global-unicorn-flag
U19189,19MWm,Marvell Technology Inc,US,1835632,us_cboe_secondary_sec_v2_38bk,EVALUATED_UNICORN,us_fundamental_momentum_flag_true_real_revenue_growth_and_margin_expansion_and_positive_free_cash_flow,0.420873,,0.325837,3674,Semiconductors & Related Devices,false,MRVL,v2.38BT-global-unicorn-flag
U19190,19Xd,Axsome Therapeutics Inc,US,1579428,us_cboe_secondary_sec_v2_38bk,DUPLICATE_LISTING,duplicate_listing_of_U00323_same_sec_cik_1579428,0.655451,,-0.286884,2834,Pharmaceutical Preparations,false,AXSM,v2.38BT-global-unicorn-flag
U19232,1AMTm,American Tower Corp,US,1053507,us_cboe_secondary_sec_v2_38bk,EVALUATED_NOT_UNICORN,us_fundamental_momentum_flag_false:no_real_margin_expansion,0.208237,,,6798,Real Estate Investment Trusts,false,AMT,v2.38BT-global-unicorn-flag
U19246,1ASTSm,AST SpaceMobile Inc,US,1780312,us_cboe_secondary_sec_v2_38bk,DUPLICATE_LISTING,duplicate_listing_of_U00269_same_sec_cik_1780312,,,,4899,"Communications Services, NEC",false,ASTS,v2.38BT-global-unicorn-flag
U19254,1AVAVm,AeroVironment Inc,US,1368622,us_cboe_secondary_sec_v2_38bk,DUPLICATE_LISTING,duplicate_listing_of_U00304_same_sec_cik_1368622,,,,3721,Aircraft,false,AVAV,v2.38BT-global-unicorn-flag
U19259,1AXONm,Axon Enterprise Inc,US,1069183,us_cboe_secondary_sec_v2_38bk,DUPLICATE_LISTING,duplicate_listing_of_U00322_same_sec_cik_1069183,0.334695,-0.669377,0.044848,3480,"Ordnance & Accessories, (No Vehicles/Guided Missiles)",false,AXON,v2.38BT-global-unicorn-flag
U19264,1B8d,Ondas Inc,US,1646188,us_cboe_secondary_sec_v2_38bk,EVALUATED_NOT_UNICORN,us_fundamental_momentum_flag_false:no_real_positive_free_cash_flow,6.053129,,-2.606592,3663,Radio & Tv Broadcasting & Communications Equipment,false,ONDS,v2.38BT-global-unicorn-flag
U19267,1BAHm,Booz Allen Hamilton Holding Corp,US,1443646,us_cboe_secondary_sec_v2_38bk,EVALUATED_NOT_UNICORN,"us_fundamental_momentum_flag_false:revenue_growth_not_positive,no_real_margin_expansion,no_real_positive_free_cash_flow",-0.063689,-0.08984,0.075867,8742,Services-Management Consulting Services,false,BAH,v2.38BT-global-unicorn-flag
U19279,1BIIBm,Biogen Inc,US,875045,us_cboe_secondary_sec_v2_38bk,DUPLICATE_LISTING,duplicate_listing_of_U00390_same_sec_cik_875045,0.022189,-0.207879,0.13072,2836,"Biological Products, (No Diagnostic Substances)",false,BIIB,v2.38BT-global-unicorn-flag
U19284,1BLDRm,Builders FirstSource Inc,US,1316835,us_cboe_secondary_sec_v2_38bk,EVALUATED_NOT_UNICORN,"us_fundamental_momentum_flag_false:revenue_growth_not_positive,no_real_margin_expansion",-0.073769,-0.596252,0.028649,5211,Retail-Lumber & Other Building Materials Dealers,false,BLDR,v2.38BT-global-unicorn-flag
U19286,1BMRNm,BioMarin Pharmaceutical Inc,US,1048477,us_cboe_secondary_sec_v2_38bk,DUPLICATE_LISTING,duplicate_listing_of_U00425_same_sec_cik_1048477,0.128714,-0.182632,0.108312,2834,Pharmaceutical Preparations,false,BMRN,v2.38BT-global-unicorn-flag
U19296,1BROm,Brown & Brown Inc,US,79282,us_cboe_secondary_sec_v2_38bk,EVALUATED_NOT_UNICORN,us_fundamental_momentum_flag_false:no_real_margin_expansion,0.228304,0.06143,0.178584,6411,"Insurance Agents, Brokers & Service",true,BRO,v2.38BT-global-unicorn-flag
U19303,1C3m,C3.ai Inc,US,1577526,us_cboe_secondary_sec_v2_38bk,EVALUATED_NOT_UNICORN,"us_fundamental_momentum_flag_false:revenue_growth_not_positive,no_real_margin_expansion,no_real_positive_free_cash_flow",-0.35673,,-1.879461,7372,Services-Prepackaged Software,false,AI,v2.38BT-global-unicorn-flag
U19308,1CARRm,Carrier Global Corp,US,1783180,us_cboe_secondary_sec_v2_38bk,EVALUATED_NOT_UNICORN,"us_fundamental_momentum_flag_false:revenue_growth_not_positive,no_real_margin_expansion,no_real_positive_free_cash_flow",-0.032865,-0.735189,0.068239,3585,Air-Cond & Warm Air Heatg Equip & Comm & Indl Refrig Equip,false,CARR,v2.38BT-global-unicorn-flag
U19313,1CDEm,Coeur Mining Inc,US,215466,us_cboe_secondary_sec_v2_38bk,EVALUATED_NOT_UNICORN,us_fundamental_momentum_flag_false:no_real_positive_free_cash_flow,0.964055,8.946893,0.283013,1040,Gold and Silver Ores,false,CDE,v2.38BT-global-unicorn-flag
U19316,1CEGm,Constellation Energy Corp,US,1868275,us_cboe_secondary_sec_v2_38bk,DUPLICATE_LISTING,duplicate_listing_of_U00572_same_sec_cik_1868275,0.195054,-0.381435,0.102325,4911,Electric Services,false,CEG,v2.38BT-global-unicorn-flag
U19336,1CPRTm,Copart Inc,US,900075,us_cboe_secondary_sec_v2_38bk,INSUFFICIENT_DATA,us_growth_features_not_computable_for_this_company,,0.138977,,5500,Retail-Auto Dealers & Gasoline Stations,false,CPRT,v2.38BT-global-unicorn-flag
U19338,1CROXm,Crocs Inc,US,1334036,us_cboe_secondary_sec_v2_38bk,EVALUATED_NOT_UNICORN,"us_fundamental_momentum_flag_false:revenue_growth_not_positive,no_real_margin_expansion",-0.014983,-1.085465,-0.020095,3021,Rubber & Plastics Footwear,false,CROX,v2.38BT-global-unicorn-flag
U19339,1CRWDm,Crowdstrike Holdings Inc,US,1535527,us_cboe_secondary_sec_v2_38bk,INSUFFICIENT_DATA,us_growth_features_not_computable_for_this_company,,,,7372,Services-Prepackaged Software,false,CRWD,v2.38BT-global-unicorn-flag
U19342,1CSGPm,CoStar Group Inc,US,1057352,us_cboe_secondary_sec_v2_38bk,EVALUATED_NOT_UNICORN,us_fundamental_momentum_flag_false:no_real_margin_expansion,0.186682,-0.949531,0.002156,7389,"Services-Business Services, NEC",false,CSGP,v2.38BT-global-unicorn-flag
U19344,1CVNAm,Carvana Co,US,1690820,us_cboe_secondary_sec_v2_38bk,EVALUATED_UNICORN,us_fundamental_momentum_flag_true_real_revenue_growth_and_margin_expansion_and_positive_free_cash_flow,0.486287,5.7,0.069235,5500,Retail-Auto Dealers & Gasoline Stations,false,CVNA,v2.38BT-global-unicorn-flag
U19347,1CYTHm,Lumen Technologies Inc,US,18926,us_cboe_secondary_sec_v2_38bk,EVALUATED_NOT_UNICORN,"us_fundamental_momentum_flag_false:revenue_growth_not_positive,no_real_margin_expansion,no_real_positive_free_cash_flow",-0.065793,,-0.153473,4813,Telephone Communications (No Radiotelephone),false,LUMN,v2.38BT-global-unicorn-flag
U19350,1DASHm,DoorDash Inc,US,1792789,us_cboe_secondary_sec_v2_38bk,EVALUATED_UNICORN,us_fundamental_momentum_flag_true_real_revenue_growth_and_margin_expansion_and_positive_free_cash_flow,0.279332,6.601626,0.068164,7389,"Services-Business Services, NEC",false,DASH,v2.38BT-global-unicorn-flag
U19353,1DECKm,Deckers Outdoor Corp,US,910521,us_cboe_secondary_sec_v2_38bk,EVALUATED_NOT_UNICORN,us_fundamental_momentum_flag_false:no_real_margin_expansion,0.097618,0.060015,0.187137,3021,Rubber & Plastics Footwear,false,DECK,v2.38BT-global-unicorn-flag
U19366,1DPZm,Domino's Pizza Inc,US,1286681,us_cboe_secondary_sec_v2_38bk,EVALUATED_NOT_UNICORN,us_fundamental_momentum_flag_false:no_real_margin_expansion,0.04963,0.030015,0.121803,5140,Wholesale-Groceries & Related Products,false,DPZ,v2.38BT-global-unicorn-flag
U19374,1DXCMm,Dexcom Inc,US,1093557,us_cboe_secondary_sec_v2_38bk,EVALUATED_UNICORN,us_fundamental_momentum_flag_true_real_revenue_growth_and_margin_expansion_and_positive_free_cash_flow,0.155963,0.451406,0.179387,3841,Surgical & Medical Instruments & Apparatus,false,DXCM,v2.38BT-global-unicorn-flag
U19390,1EMEm,EMCOR Group Inc,US,105634,us_cboe_secondary_sec_v2_38bk,EVALUATED_NOT_UNICORN,us_fundamental_momentum_flag_false:no_real_positive_free_cash_flow,0.16616,0.263787,0.074931,1731,Electrical Work,false,EME,v2.38BT-global-unicorn-flag
U19394,1ENPHm,Enphase Energy Inc,US,1463101,us_cboe_secondary_sec_v2_38bk,EVALUATED_UNICORN,us_fundamental_momentum_flag_true_real_revenue_growth_and_margin_expansion_and_positive_free_cash_flow,0.107189,0.676762,0.11686,3674,Semiconductors & Related Devices,false,ENPH,v2.38BT-global-unicorn-flag
U19396,1ENVXm,Enovix Corp,US,1828318,us_cboe_secondary_sec_v2_38bk,EVALUATED_NOT_UNICORN,us_fundamental_momentum_flag_false:no_real_positive_free_cash_flow,0.379085,,-4.925709,3690,"Miscellaneous Electrical Machinery, Equipment & Supplies",false,ENVX,v2.38BT-global-unicorn-flag
U19398,1EPAMm,EPAM Systems Inc,US,1352010,us_cboe_secondary_sec_v2_38bk,EVALUATED_NOT_UNICORN,us_fundamental_momentum_flag_false:no_real_margin_expansion,0.154214,-0.169086,0.069209,7371,Services-Computer Programming Services,false,EPAM,v2.38BT-global-unicorn-flag
U19406,1ETSYm,Etsy Inc,US,1370637,us_cboe_secondary_sec_v2_38bk,EVALUATED_NOT_UNICORN,us_fundamental_momentum_flag_false:no_real_margin_expansion,0.026766,-0.462604,0.056522,7389,"Services-Business Services, NEC",false,ETSY,v2.38BT-global-unicorn-flag
U19419,1FAd,Sprouts Farmers Market Inc,US,1575515,us_cboe_secondary_sec_v2_38bk,EVALUATED_UNICORN,us_fundamental_momentum_flag_true_real_revenue_growth_and_margin_expansion_and_positive_free_cash_flow,0.140799,0.375903,0.059466,5411,Retail-Grocery Stores,false,SFM,v2.38BT-global-unicorn-flag
U19424,1FICOm,Fair Isaac Corp,US,814547,us_cboe_secondary_sec_v2_38bk,EVALUATED_UNICORN,us_fundamental_momentum_flag_true_real_revenue_growth_and_margin_expansion_and_positive_free_cash_flow,0.159149,0.271318,0.327468,7389,"Services-Business Services, NEC",false,FICO,v2.38BT-global-unicorn-flag
U19426,1FIXm,Comfort Systems USA Inc,US,1035983,us_cboe_secondary_sec_v2_38bk,EVALUATED_UNICORN,us_fundamental_momentum_flag_true_real_revenue_growth_and_margin_expansion_and_positive_free_cash_flow,0.295151,0.9573,0.112349,1731,Electrical Work,false,FIX,v2.38BT-global-unicorn-flag
U19436,1FTNTm,Fortinet Inc,US,1262039,us_cboe_secondary_sec_v2_38bk,EVALUATED_NOT_UNICORN,"us_fundamental_momentum_flag_false:no_real_margin_expansion,no_real_positive_free_cash_flow",0.141677,0.061999,0.272575,3577,"Computer Peripheral Equipment, NEC",false,FTNT,v2.38BT-global-unicorn-flag
U19444,1GEHCm,GE HealthCare Technologies Inc,US,1932393,us_cboe_secondary_sec_v2_38bk,EVALUATED_NOT_UNICORN,"us_fundamental_momentum_flag_false:no_real_margin_expansion,no_real_positive_free_cash_flow",0.048444,0.04566,0.101042,3844,X-Ray Apparatus & Tubes & Related Irradiation Apparatus,false,GEHC,v2.38BT-global-unicorn-flag
U19446,1GEVm,GE Vernova Inc,US,1996810,us_cboe_secondary_sec_v2_38bk,EVALUATED_NOT_UNICORN,us_fundamental_momentum_flag_false:no_real_positive_free_cash_flow,0.089681,2.146907,0.128297,3600,Electronic & Other Electrical Equipment (No Computer Equip),false,GEV,v2.38BT-global-unicorn-flag
U19481,1HLm,Hecla Mining Co,US,719413,us_cboe_secondary_sec_v2_38bk,INSUFFICIENT_DATA,us_growth_features_not_computable_for_this_company,,7.985867,,1400,Mining & Quarrying of  Nonmetallic Minerals (No Fuels),false,HL,v2.38BT-global-unicorn-flag
U19497,1HUTm,Hut 8 Corp,US,1964789,us_cboe_secondary_sec_v2_38bk,EVALUATED_NOT_UNICORN,"us_fundamental_momentum_flag_false:no_real_margin_expansion,no_real_positive_free_cash_flow",0.447905,-1.681414,-0.961853,6199,Finance Services,true,HUT,v2.38BT-global-unicorn-flag
U19498,1HWMm,Howmet Aerospace Inc,US,4281,us_cboe_secondary_sec_v2_38bk,EVALUATED_UNICORN,us_fundamental_momentum_flag_true_real_revenue_growth_and_margin_expansion_and_positive_free_cash_flow,0.110633,0.305628,0.182744,3350,Rolling Drawing & Extruding of  Nonferrous Metals,false,HWM,v2.38BT-global-unicorn-flag
U19502,1IBKRm,Interactive Brokers Group Inc,US,1381197,us_cboe_secondary_sec_v2_38bk,EVALUATED_NOT_UNICORN,"us_fundamental_momentum_flag_false:no_real_margin_expansion,no_real_positive_free_cash_flow",0.234193,,,6211,"Security Brokers, Dealers & Flotation Companies",true,IBKR,v2.38BT-global-unicorn-flag
U19508,1ILMNm,Illumina Inc,US,1110803,us_cboe_secondary_sec_v2_38bk,EVALUATED_NOT_UNICORN,us_fundamental_momentum_flag_false:revenue_growth_not_positive,-0.006633,,0.195717,3826,Laboratory Analytical Instruments,false,ILMN,v2.38BT-global-unicorn-flag
U19513,1INODm,Innodata Inc,US,903651,us_cboe_secondary_sec_v2_38bk,EVALUATED_NOT_UNICORN,us_fundamental_momentum_flag_false:no_real_margin_expansion,0.476367,0.122854,0.127873,7374,Services-Computer Processing & Data Preparation,false,INOD,v2.38BT-global-unicorn-flag
U19519,1ISRGm,Intuitive Surgical Inc,US,1035267,us_cboe_secondary_sec_v2_38bk,EVALUATED_NOT_UNICORN,us_fundamental_momentum_flag_false:no_real_positive_free_cash_flow,0.20505,0.229656,0.283764,3842,"Orthopedic, Prosthetic & Surgical Appliances & Supplies",false,ISRG,v2.38BT-global-unicorn-flag
U19522,1JBLm,Jabil Inc,US,898293,us_cboe_secondary_sec_v2_38bk,EVALUATED_NOT_UNICORN,us_fundamental_momentum_flag_false:no_real_margin_expansion,0.031818,-0.526657,0.022046,3672,Printed Circuit Boards,false,JBL,v2.38BT-global-unicorn-flag
U19531,1KDPm,Keurig Dr Pepper Inc,US,1418135,us_cboe_secondary_sec_v2_38bk,EVALUATED_UNICORN,us_fundamental_momentum_flag_true_real_revenue_growth_and_margin_expansion_and_positive_free_cash_flow,0.081558,0.442748,0.125218,2080,Beverages,false,KDP,v2.38BT-global-unicorn-flag
U19552,1LCIDm,Lucid Group Inc,US,1811210,us_cboe_secondary_sec_v2_38bk,EVALUATED_NOT_UNICORN,us_fundamental_momentum_flag_false:no_real_positive_free_cash_flow,0.675831,,-1.992961,3711,Motor Vehicles & Passenger Car Bodies,false,LCID,v2.38BT-global-unicorn-flag
U19553,1LDOSm,Leidos Holdings Inc,US,1336920,us_cboe_secondary_sec_v2_38bk,EVALUATED_NOT_UNICORN,us_fundamental_momentum_flag_false:no_real_positive_free_cash_flow,0.032034,0.154705,0.084644,7373,Services-Computer Integrated Systems Design,false,LDOS,v2.38BT-global-unicorn-flag
U19559,1LITEm,Lumentum Holdings Inc,US,1633978,us_cboe_secondary_sec_v2_38bk,EVALUATED_NOT_UNICORN,us_fundamental_momentum_flag_false:no_real_margin_expansion,0.832219,-268.764479,-2.300962,3669,"Communications Equipment, NEC",false,LITE,v2.38BT-global-unicorn-flag
U19561,1LNGm,Cheniere Energy Inc,US,3570,us_cboe_secondary_sec_v2_38bk,EVALUATED_UNICORN,us_fundamental_momentum_flag_true_real_revenue_growth_and_margin_expansion_and_positive_free_cash_flow,0.262748,0.638991,0.273839,4924,Natural Gas Distribution,false,LNG,v2.38BT-global-unicorn-flag
U19581,1MDBm,MongoDB Inc,US,1441816,us_cboe_secondary_sec_v2_38bk,EVALUATED_UNICORN,us_fundamental_momentum_flag_true_real_revenue_growth_and_margin_expansion_and_positive_free_cash_flow,0.227943,,-0.028879,7372,Services-Prepackaged Software,false,MDB,v2.38BT-global-unicorn-flag
U19591,1MPWRm,Monolithic Power Systems Inc,US,1280452,us_cboe_secondary_sec_v2_38bk,EVALUATED_NOT_UNICORN,us_fundamental_momentum_flag_false:no_real_margin_expansion,0.26431,-0.652162,0.222717,3674,Semiconductors & Related Devices,false,MPWR,v2.38BT-global-unicorn-flag
U19592,1MPm,MP Materials Corp,US,1801368,us_cboe_secondary_sec_v2_38bk,EVALUATED_NOT_UNICORN,"us_fundamental_momentum_flag_false:no_real_margin_expansion,no_real_positive_free_cash_flow",0.100984,,-0.382613,1000,Metal Mining,false,MP,v2.38BT-global-unicorn-flag
U19608,1NBIXm,Neurocrine Biosciences Inc,US,914475,us_cboe_secondary_sec_v2_38bk,EVALUATED_UNICORN,us_fundamental_momentum_flag_true_real_revenue_growth_and_margin_expansion_and_positive_free_cash_flow,0.214495,0.402285,0.167313,2836,"Biological Products, (No Diagnostic Substances)",false,NBIX,v2.38BT-global-unicorn-flag
U19633,1OGNm,Organon & Co,US,1821825,us_cboe_secondary_sec_v2_38bk,EVALUATED_NOT_UNICORN,"us_fundamental_momentum_flag_false:revenue_growth_not_positive,no_real_margin_expansion",-0.029205,-0.783565,0.030084,2834,Pharmaceutical Preparations,false,OGN,v2.38BT-global-unicorn-flag
U19656,1PLLm,Planet Labs PBC,US,1836833,us_cboe_secondary_sec_v2_38bk,EVALUATED_NOT_UNICORN,us_fundamental_momentum_flag_false:no_real_margin_expansion,0.259359,,-0.802205,3663,Radio & Tv Broadcasting & Communications Equipment,false,PL,v2.38BT-global-unicorn-flag
U19665,1PSTGm,Everpure Inc,US,1474432,us_cboe_secondary_sec_v2_38bk,EVALUATED_UNICORN,us_fundamental_momentum_flag_true_real_revenue_growth_and_margin_expansion_and_positive_free_cash_flow,0.156141,0.763001,0.051376,3572,Computer Storage Devices,false,P,v2.38BT-global-unicorn-flag
U19672,1QBTSm,D-Wave Quantum Inc,US,1907982,us_cboe_secondary_sec_v2_38bk,EVALUATED_NOT_UNICORN,us_fundamental_momentum_flag_false:no_real_positive_free_cash_flow,1.785431,,-14.441046,7374,Services-Computer Processing & Data Preparation,false,QBTS,v2.38BT-global-unicorn-flag
U19679,1RDDTm,Reddit Inc,US,1713445,us_cboe_secondary_sec_v2_38bk,EVALUATED_UNICORN,us_fundamental_momentum_flag_true_real_revenue_growth_and_margin_expansion_and_positive_free_cash_flow,0.693968,,0.240508,7374,Services-Computer Processing & Data Preparation,false,RDDT,v2.38BT-global-unicorn-flag
U19685,1RKLBm,Rocket Lab Corp,US,1819994,us_cboe_secondary_sec_v2_38bk,EVALUATED_NOT_UNICORN,us_fundamental_momentum_flag_false:no_real_positive_free_cash_flow,0.379596,,-0.329361,3760,Guided Missiles & Space Vehicles & Parts,false,RKLB,v2.38BT-global-unicorn-flag
U19686,1RMBSm,Rambus Inc,US,917273,us_cboe_secondary_sec_v2_38bk,INSUFFICIENT_DATA,us_growth_features_not_computable_for_this_company,,0.28158,,3674,Semiconductors & Related Devices,false,RMBS,v2.38BT-global-unicorn-flag
U19688,1ROKUm,Roku Inc,US,1428439,us_cboe_secondary_sec_v2_38bk,EVALUATED_UNICORN,us_fundamental_momentum_flag_true_real_revenue_growth_and_margin_expansion_and_positive_free_cash_flow,0.151804,,0.018652,4841,Cable & Other Pay Television Services,false,ROKU,v2.38BT-global-unicorn-flag
U19734,1SOFIm,SoFi Technologies Inc,US,1818874,us_cboe_secondary_sec_v2_38bk,EVALUATED_NOT_UNICORN,"us_fundamental_momentum_flag_false:no_real_margin_expansion,no_real_positive_free_cash_flow",0.231017,-0.034783,0.777134,6199,Finance Services,true,SOFI,v2.38BT-global-unicorn-flag
U19742,1SRPTm,Sarepta Therapeutics Inc,US,873303,us_cboe_secondary_sec_v2_38bk,EVALUATED_NOT_UNICORN,"us_fundamental_momentum_flag_false:no_real_margin_expansion,no_real_positive_free_cash_flow",0.042694,-4.032703,-0.38267,2834,Pharmaceutical Preparations,false,SRPT,v2.38BT-global-unicorn-flag
U19752,1SWKSm,Skyworks Solutions Inc,US,4127,us_cboe_secondary_sec_v2_38bk,EVALUATED_NOT_UNICORN,"us_fundamental_momentum_flag_false:revenue_growth_not_positive,no_real_margin_expansion",-0.021805,-0.199497,0.116739,3674,Semiconductors & Related Devices,false,SWKS,v2.38BT-global-unicorn-flag
U19770,1TEMm,Tempus AI Inc,US,1717115,us_cboe_secondary_sec_v2_38bk,EVALUATED_NOT_UNICORN,us_fundamental_momentum_flag_false:no_real_positive_free_cash_flow,0.83414,,-0.192664,7370,"Services-Computer Programming, Data Processing, Etc.",false,TEM,v2.38BT-global-unicorn-flag
U19778,1TMDXm,TransMedics Group Inc,US,1756262,us_cboe_secondary_sec_v2_38bk,EVALUATED_UNICORN,us_fundamental_momentum_flag_true_real_revenue_growth_and_margin_expansion_and_positive_free_cash_flow,0.371323,4.365751,0.314274,3845,Electromedical & Electrotherapeutic Apparatus,false,TMDX,v2.38BT-global-unicorn-flag
U19785,1TRMBm,Trimble Inc,US,864749,us_cboe_secondary_sec_v2_38bk,EVALUATED_NOT_UNICORN,"us_fundamental_momentum_flag_false:revenue_growth_not_positive,no_real_margin_expansion",-0.026064,-0.71816,0.118195,3829,"Measuring & Controlling Devices, NEC",false,TRMB,v2.38BT-global-unicorn-flag
U19801,1UC0d,Cue Biopharma Inc,US,1645460,us_cboe_secondary_sec_v2_38bk,EVALUATED_NOT_UNICORN,us_fundamental_momentum_flag_false:no_real_positive_free_cash_flow,1.957467,,-0.968543,2834,Pharmaceutical Preparations,false,CUE,v2.38BT-global-unicorn-flag
U19805,1UNPm,Union Pacific Corp,US,100885,us_cboe_secondary_sec_v2_38bk,EVALUATED_UNICORN,us_fundamental_momentum_flag_true_real_revenue_growth_and_margin_expansion_and_positive_free_cash_flow,0.010722,0.057952,0.291228,4011,"Railroads, Line-Haul Operating",false,UNP,v2.38BT-global-unicorn-flag
U19807,1UPSTm,Upstart Holdings Inc,US,1647639,us_cboe_secondary_sec_v2_38bk,EVALUATED_NOT_UNICORN,us_fundamental_momentum_flag_false:no_real_positive_free_cash_flow,0.639923,,0.051349,6199,Finance Services,true,UPST,v2.38BT-global-unicorn-flag
U19814,1VEEVm,Veeva Systems Inc,US,1393052,us_cboe_secondary_sec_v2_38bk,EVALUATED_NOT_UNICORN,us_fundamental_momentum_flag_false:no_real_positive_free_cash_flow,0.163362,0.272732,0.28445,7372,Services-Prepackaged Software,false,VEEV,v2.38BT-global-unicorn-flag
U19821,1VKTXm,Viking Therapeutics Inc,US,1607678,us_cboe_secondary_sec_v2_38bk,INSUFFICIENT_DATA,us_growth_features_not_computable_for_this_company,,,,2834,Pharmaceutical Preparations,false,VKTX,v2.38BT-global-unicorn-flag
U19831,1VRTm,Vertiv Holdings Co,US,1674101,us_cboe_secondary_sec_v2_38bk,EVALUATED_UNICORN,us_fundamental_momentum_flag_true_real_revenue_growth_and_margin_expansion_and_positive_free_cash_flow,0.276854,1.688181,0.130285,3679,"Electronic Components, NEC",false,VRT,v2.38BT-global-unicorn-flag
U19931,26CAd,ImmunityBio Inc,US,1326110,us_cboe_secondary_sec_v2_38bk,EVALUATED_NOT_UNICORN,us_fundamental_momentum_flag_false:no_real_positive_free_cash_flow,6.683147,,-3.101811,2836,"Biological Products, (No Diagnostic Substances)",false,IBRX,v2.38BT-global-unicorn-flag
U19979,2H51d,Ocugen Inc,US,1372299,us_cboe_secondary_sec_v2_38bk,EVALUATED_NOT_UNICORN,"us_fundamental_momentum_flag_false:no_real_margin_expansion,no_real_positive_free_cash_flow",0.088286,,-15.374122,2836,"Biological Products, (No Diagnostic Substances)",false,OCGN,v2.38BT-global-unicorn-flag
U19991,2ONd,Peloton Interactive Inc,US,1639825,us_cboe_secondary_sec_v2_38bk,EVALUATED_NOT_UNICORN,"us_fundamental_momentum_flag_false:revenue_growth_not_positive,no_real_positive_free_cash_flow",-0.017986,,0.025838,3949,"Sporting & Athletic Goods, NEC",false,PTON,v2.38BT-global-unicorn-flag
U19993,2RJAd,Phunware Inc,US,1665300,us_cboe_secondary_sec_v2_38bk,EVALUATED_NOT_UNICORN,"us_fundamental_momentum_flag_false:revenue_growth_not_positive,no_real_margin_expansion,no_real_positive_free_cash_flow",-0.199436,,-4.465727,7374,Services-Computer Processing & Data Preparation,false,PHUN,v2.38BT-global-unicorn-flag
U20001,2X0d,Corteva Inc,US,1755672,us_cboe_secondary_sec_v2_38bk,EVALUATED_NOT_UNICORN,us_fundamental_momentum_flag_false:no_real_positive_free_cash_flow,0.029158,0.206174,0.06287,0100,Agricultural Production-Crops,false,CTVA,v2.38BT-global-unicorn-flag
U20003,2XTd,DXC Technology Co,US,1688568,us_cboe_secondary_sec_v2_38bk,EVALUATED_NOT_UNICORN,"us_fundamental_momentum_flag_false:revenue_growth_not_positive,no_real_margin_expansion",-0.017637,-0.953728,0.001424,7374,Services-Computer Processing & Data Preparation,false,DXC,v2.38BT-global-unicorn-flag
U20087,38Id,Intellia Therapeutics Inc,US,1652130,us_cboe_secondary_sec_v2_38bk,EVALUATED_NOT_UNICORN,us_fundamental_momentum_flag_false:no_real_positive_free_cash_flow,0.169221,,-6.098536,2835,In Vitro & In Vivo Diagnostic Substances,false,NTLA,v2.38BT-global-unicorn-flag
U20125,3E7d,Evergy Inc,US,1711269,us_cboe_secondary_sec_v2_38bk,EVALUATED_NOT_UNICORN,"us_fundamental_momentum_flag_false:no_real_margin_expansion,no_real_positive_free_cash_flow",0.000123,-0.020492,0.149971,4931,Electric & Other Services Combined,false,EVRG,v2.38BT-global-unicorn-flag
U20161,3LNd,Live Nation Entertainment Inc,US,1335258,us_cboe_secondary_sec_v2_38bk,EVALUATED_NOT_UNICORN,us_fundamental_momentum_flag_false:no_real_margin_expansion,0.088349,-0.446637,0.01968,7900,Services-Amusement & Recreation Services,false,LYV,v2.38BT-global-unicorn-flag
U20188,3S9d,Sunrun Inc,US,1469367,us_cboe_secondary_sec_v2_38bk,EVALUATED_NOT_UNICORN,us_fundamental_momentum_flag_false:no_real_positive_free_cash_flow,0.451131,,0.152163,3690,"Miscellaneous Electrical Machinery, Equipment & Supplies",false,RUN,v2.38BT-global-unicorn-flag
U20217,3U6d,UGI Corp,US,884614,us_cboe_secondary_sec_v2_38bk,EVALUATED_UNICORN,us_fundamental_momentum_flag_true_real_revenue_growth_and_margin_expansion_and_positive_free_cash_flow,0.014478,1.520446,0.094865,4932,Gas & Other Services Combined,false,UGI,v2.38BT-global-unicorn-flag
U20240,45Td,IES Holdings Inc,US,1048268,us_cboe_secondary_sec_v2_38bk,EVALUATED_NOT_UNICORN,us_fundamental_momentum_flag_false:no_real_positive_free_cash_flow,0.418236,1.825567,0.090754,1731,Electrical Work,false,IESC,v2.38BT-global-unicorn-flag
U20273,4CC0d,ClearSign Technologies Corp,US,1434524,us_cboe_secondary_sec_v2_38bk,DUPLICATE_LISTING,duplicate_listing_of_U00643_same_sec_cik_1434524,,,,3823,"Industrial Instruments For Measurement, Display, and Control",false,CLIR,v2.38BT-global-unicorn-flag
U20274,4CUd,Centrus Energy Corp,US,1065059,us_cboe_secondary_sec_v2_38bk,EVALUATED_UNICORN,us_fundamental_momentum_flag_true_real_revenue_growth_and_margin_expansion_and_positive_free_cash_flow,0.015158,0.062842,0.17339,1400,Mining & Quarrying of  Nonmetallic Minerals (No Fuels),false,LEU,v2.38BT-global-unicorn-flag
U20277,4DNd,Denali Therapeutics Inc,US,1714899,us_cboe_secondary_sec_v2_38bk,INSUFFICIENT_DATA,us_growth_features_not_computable_for_this_company,,,,2836,"Biological Products, (No Diagnostic Substances)",false,DNLI,v2.38BT-global-unicorn-flag
U20282,4LLd,Teladoc Health Inc,US,1477449,us_cboe_secondary_sec_v2_38bk,EVALUATED_NOT_UNICORN,us_fundamental_momentum_flag_false:revenue_growth_not_positive,-0.01541,,-0.079179,8011,Services-Offices & Clinics of  Doctors of  Medicine,false,TDOC,v2.38BT-global-unicorn-flag
U20283,4MDd,Digital Turbine Inc,US,317788,us_cboe_secondary_sec_v2_38bk,DUPLICATE_LISTING,duplicate_listing_of_U00216_same_sec_cik_317788,0.152383,,-0.066753,6794,Patent Owners & Lessors,false,APPS,v2.38BT-global-unicorn-flag
U20285,4PGd,Otis Worldwide Corp,US,1781335,us_cboe_secondary_sec_v2_38bk,EVALUATED_NOT_UNICORN,"us_fundamental_momentum_flag_false:no_real_margin_expansion,no_real_positive_free_cash_flow",0.011921,-0.158663,0.095905,3600,Electronic & Other Electrical Equipment (No Computer Equip),false,OTIS,v2.38BT-global-unicorn-flag
U20302,4VKd,Aon PLC,US,315293,us_cboe_secondary_sec_v2_38bk,EVALUATED_UNICORN,us_fundamental_momentum_flag_true_real_revenue_growth_and_margin_expansion_and_positive_free_cash_flow,0.094471,0.392238,0.215063,6411,"Insurance Agents, Brokers & Service",true,AON,v2.38BT-global-unicorn-flag
U20356,5GHd,Guardant Health Inc,US,1576280,us_cboe_secondary_sec_v2_38bk,EVALUATED_NOT_UNICORN,us_fundamental_momentum_flag_false:no_real_positive_free_cash_flow,0.328822,,-0.423898,8071,Services-Medical Laboratories,false,GH,v2.38BT-global-unicorn-flag
U20373,5QZ0d,QuantumScape Corp,US,1811414,us_cboe_secondary_sec_v2_38bk,INSUFFICIENT_DATA,us_growth_features_not_computable_for_this_company,,,,3690,"Miscellaneous Electrical Machinery, Equipment & Supplies",false,QS,v2.38BT-global-unicorn-flag
U20400,63Gd,Paramount Skydance Corp,US,2041610,us_cboe_secondary_sec_v2_38bk,INSUFFICIENT_DATA,us_growth_features_not_computable_for_this_company,,,-0.047763,4833,Television Broadcasting Stations,false,PSKY,v2.38BT-global-unicorn-flag
U20445,6D8d,DuPont de Nemours Inc,US,1666700,us_cboe_secondary_sec_v2_38bk,EVALUATED_NOT_UNICORN,"us_fundamental_momentum_flag_false:revenue_growth_not_positive,no_real_margin_expansion,no_real_positive_free_cash_flow",-0.447037,-2.108108,-0.113739,2821,"Plastic Materials, Synth Resins & Nonvulcan Elastomers",false,DD,v2.38BT-global-unicorn-flag
U20447,6HAd,HA Sustainable Infrastructure Capital Inc,US,1561894,us_cboe_secondary_sec_v2_38bk,EVALUATED_NOT_UNICORN,"us_fundamental_momentum_flag_false:no_real_margin_expansion,no_real_positive_free_cash_flow",0.044075,-0.077436,0.460789,6799,"Investors, NEC",false,HASI,v2.38BT-global-unicorn-flag
U20497,76Wd,H2O America,US,766829,us_cboe_secondary_sec_v2_38bk,EVALUATED_NOT_UNICORN,"us_fundamental_momentum_flag_false:no_real_margin_expansion,no_real_positive_free_cash_flow",0.094072,0.091639,0.127332,4941,Water Supply,false,HTO,v2.38BT-global-unicorn-flag
U20501,788d,Coupang Inc,US,1834584,us_cboe_secondary_sec_v2_38bk,EVALUATED_UNICORN,us_fundamental_momentum_flag_true_real_revenue_growth_and_margin_expansion_and_positive_free_cash_flow,0.140941,0.350649,0.006023,5961,Retail-Catalog & Mail-Order Houses,false,CPNG,v2.38BT-global-unicorn-flag
U20509,7B0d,SentinelOne Inc,US,1583708,us_cboe_secondary_sec_v2_38bk,EVALUATED_NOT_UNICORN,us_fundamental_momentum_flag_false:no_real_margin_expansion,0.218899,,-0.45016,7372,Services-Prepackaged Software,false,S,v2.38BT-global-unicorn-flag
U20514,7JAd,Butterfly Network Inc,US,1804176,us_cboe_secondary_sec_v2_38bk,EVALUATED_NOT_UNICORN,us_fundamental_momentum_flag_false:no_real_positive_free_cash_flow,0.189553,,-0.789509,3844,X-Ray Apparatus & Tubes & Related Irradiation Apparatus,false,BFLY,v2.38BT-global-unicorn-flag
U20522,7XUd,Kyndryl Holdings Inc,US,1867072,us_cboe_secondary_sec_v2_38bk,EVALUATED_NOT_UNICORN,"us_fundamental_momentum_flag_false:no_real_margin_expansion,no_real_positive_free_cash_flow",0.002325,,,7373,Services-Computer Integrated Systems Design,false,KD,v2.38BT-global-unicorn-flag
U20525,8020d,Hillman Solutions Corp,US,1822492,us_cboe_secondary_sec_v2_38bk,EVALUATED_NOT_UNICORN,us_fundamental_momentum_flag_false:no_real_positive_free_cash_flow,0.054074,1.335845,0.025966,3420,"Cutlery, Handtools & General Hardware",false,HLMN,v2.38BT-global-unicorn-flag
U20543,82Wd,Hims & Hers Health Inc,US,1773751,us_cboe_secondary_sec_v2_38bk,EVALUATED_NOT_UNICORN,"us_fundamental_momentum_flag_false:no_real_margin_expansion,no_real_positive_free_cash_flow",0.589986,0.018463,0.054678,8011,Services-Offices & Clinics of  Doctors of  Medicine,false,HIMS,v2.38BT-global-unicorn-flag
U20570,87Pd,SharonAI Holdings Inc,US,2068385,us_cboe_secondary_sec_v2_38bk,INSUFFICIENT_DATA,us_growth_features_not_computable_for_this_company,,,-25.292433,7374,Services-Computer Processing & Data Preparation,false,SHAZ,v2.38BT-global-unicorn-flag
U20585,8LL0d,374Water Inc,US,933972,us_cboe_secondary_sec_v2_38bk,EVALUATED_NOT_UNICORN,"us_fundamental_momentum_flag_false:revenue_growth_not_positive,no_real_margin_expansion,no_real_positive_free_cash_flow",-0.517254,,-97.541595,3621,Motors & Generators,false,SCWO,v2.38BT-global-unicorn-flag
U20587,8QJ0d,Marqeta Inc,US,1522540,us_cboe_secondary_sec_v2_38bk,EVALUATED_NOT_UNICORN,us_fundamental_momentum_flag_false:no_real_margin_expansion,0.232525,-1.510316,-0.022284,7372,Services-Prepackaged Software,false,MQ,v2.38BT-global-unicorn-flag
U20649,9MKd,Keel Infrastructure Corp,US,1812477,us_cboe_secondary_sec_v2_38bk,INSUFFICIENT_DATA,us_growth_features_not_computable_for_this_company,,,-1.241054,6199,Finance Services,true,KEEL,v2.38BT-global-unicorn-flag
U20655,9WYd,Texas Pacific Land Corp,US,1811074,us_cboe_secondary_sec_v2_38bk,EVALUATED_NOT_UNICORN,"us_fundamental_momentum_flag_false:no_real_margin_expansion,no_real_positive_free_cash_flow",0.130864,0.060393,0.603084,6792,Oil Royalty Traders,false,TPL,v2.38BT-global-unicorn-flag
U20684,AAOIn,Applied Optoelectronics Inc,US,1158114,us_cboe_secondary_sec_v2_38bk,DUPLICATE_LISTING,duplicate_listing_of_U00008_same_sec_cik_1158114,0.827502,,-0.083886,3674,Semiconductors & Related Devices,false,AAOI,v2.38BT-global-unicorn-flag
U20728,ACADn,ACADIA Pharmaceuticals Inc,US,1070494,us_cboe_secondary_sec_v2_38bk,DUPLICATE_LISTING,duplicate_listing_of_U00025_same_sec_cik_1070494,0.118718,0.726643,0.364907,2834,Pharmaceutical Preparations,false,ACAD,v2.38BT-global-unicorn-flag
U20743,ACHCn,Acadia Healthcare Co Inc,US,1520697,us_cboe_secondary_sec_v2_38bk,DUPLICATE_LISTING,duplicate_listing_of_U00033_same_sec_cik_1520697,0.050351,-5.314242,-0.332885,8093,"Services-Specialty Outpatient Facilities, NEC",false,ACHC,v2.38BT-global-unicorn-flag
U20896,AGIOn,Agios Pharmaceuticals Inc,US,1439222,us_cboe_secondary_sec_v2_38bk,DUPLICATE_LISTING,duplicate_listing_of_U00090_same_sec_cik_1439222,0.4803,-1.612685,-7.640131,2834,Pharmaceutical Preparations,false,AGIO,v2.38BT-global-unicorn-flag
U20906,AGTd,AptarGroup Inc,US,896622,us_cboe_secondary_sec_v2_38bk,EVALUATED_NOT_UNICORN,us_fundamental_momentum_flag_false:no_real_margin_expansion,0.054227,0.048721,0.10399,3089,"Plastics Products, NEC",false,ATR,v2.38BT-global-unicorn-flag
U20910,AH91d,AMC Entertainment Holdings Inc,US,1411579,us_cboe_secondary_sec_v2_38bk,EVALUATED_NOT_UNICORN,"us_fundamental_momentum_flag_false:no_real_margin_expansion,no_real_positive_free_cash_flow",0.045653,,-0.130421,7830,Services-Motion Picture Theaters,false,AMC,v2.38BT-global-unicorn-flag
U21131,ALLYn,Ally Financial Inc,US,40729,us_cboe_secondary_sec_v2_38bk,EVALUATED_NOT_UNICORN,us_fundamental_momentum_flag_false:no_real_positive_free_cash_flow,0.038397,0.275449,0.684887,6022,State Commercial Banks,true,ALLY,v2.38BT-global-unicorn-flag
U21324,AMKRn,Amkor Technology Inc,US,1047127,us_cboe_secondary_sec_v2_38bk,DUPLICATE_LISTING,duplicate_listing_of_U00172_same_sec_cik_1047127,0.061777,0.056165,0.055739,3674,Semiconductors & Related Devices,false,AMKR,v2.38BT-global-unicorn-flag
U21329,AMS1d,American Superconductor Corp,US,880807,us_cboe_secondary_sec_v2_38bk,DUPLICATE_LISTING,duplicate_listing_of_U00179_same_sec_cik_880807,,21.179513,,3621,Motors & Generators,false,AMSC,v2.38BT-global-unicorn-flag
U21561,AVAn,Avista Corp,US,104918,us_cboe_secondary_sec_v2_38bk,EVALUATED_NOT_UNICORN,us_fundamental_momentum_flag_false:no_real_positive_free_cash_flow,0.013416,0.072222,0.098269,4931,Electric & Other Services Combined,false,AVA,v2.38BT-global-unicorn-flag
U21649,B72d,AtaiBeckley Inc,US,2081043,us_cboe_secondary_sec_v2_38bk,DUPLICATE_LISTING,duplicate_listing_of_U00272_same_sec_cik_2081043,,,-161.420152,2834,Pharmaceutical Preparations,false,ATAI,v2.38BT-global-unicorn-flag
U21697,BAXn,Baxter International Inc,US,10456,us_cboe_secondary_sec_v2_38bk,EVALUATED_NOT_UNICORN,"us_fundamental_momentum_flag_false:no_real_margin_expansion,no_real_positive_free_cash_flow",0.057164,,-0.085112,3841,Surgical & Medical Instruments & Apparatus,false,BAX,v2.38BT-global-unicorn-flag
U21751,BDCn,Belden Inc,US,913142,us_cboe_secondary_sec_v2_38bk,EVALUATED_UNICORN,us_fundamental_momentum_flag_true_real_revenue_growth_and_margin_expansion_and_positive_free_cash_flow,0.103298,0.196988,0.087479,3357,Drawing & Insulating of  Nonferrous Wire,false,BDC,v2.38BT-global-unicorn-flag
U21792,BICd,BTCS Inc,US,1436229,us_cboe_secondary_sec_v2_38bk,DUPLICATE_LISTING,duplicate_listing_of_U00473_same_sec_cik_1436229,3.048487,,-2.022452,6199,Finance Services,true,BTCS,v2.38BT-global-unicorn-flag
U21852,BJn,BJ's Wholesale Club Holdings Inc,US,1531152,us_cboe_secondary_sec_v2_38bk,EVALUATED_UNICORN,us_fundamental_momentum_flag_true_real_revenue_growth_and_margin_expansion_and_positive_free_cash_flow,0.046604,0.082258,0.026955,5331,Retail-Variety Stores,false,BJ,v2.38BT-global-unicorn-flag
U21853,BKDn,Brookdale Senior Living Inc,US,1332349,us_cboe_secondary_sec_v2_38bk,EVALUATED_NOT_UNICORN,us_fundamental_momentum_flag_false:no_real_margin_expansion,0.021942,,-0.082244,8050,Services-Nursing & Personal Care Facilities,false,BKD,v2.38BT-global-unicorn-flag
U22025,BRXn,Brixmor Property Group Inc,US,1581068,us_cboe_secondary_sec_v2_38bk,INSUFFICIENT_DATA,us_growth_features_not_computable_for_this_company,,0.138396,,6798,Real Estate Investment Trusts,false,BRX,v2.38BT-global-unicorn-flag
U22058,BTJn,Atmos Energy Corp,US,731802,us_cboe_secondary_sec_v2_38bk,EVALUATED_NOT_UNICORN,us_fundamental_momentum_flag_false:no_real_positive_free_cash_flow,0.129062,0.149448,0.254905,4924,Natural Gas Distribution,false,ATO,v2.38BT-global-unicorn-flag
U22148,CA8Ad,CACI International Inc,US,16058,us_cboe_secondary_sec_v2_38bk,EVALUATED_NOT_UNICORN,"us_fundamental_momentum_flag_false:no_real_margin_expansion,no_real_positive_free_cash_flow",0.108945,0.07198,0.056001,7373,Services-Computer Integrated Systems Design,false,CACI,v2.38BT-global-unicorn-flag
U22158,CALn,Caleres Inc,US,14707,us_cboe_secondary_sec_v2_38bk,INSUFFICIENT_DATA,us_growth_features_not_computable_for_this_company,,-1.062393,,3140,"Footwear, (No Rubber)",false,CAL,v2.38BT-global-unicorn-flag
U22283,CDLXn,Cardlytics Inc,US,1666071,us_cboe_secondary_sec_v2_38bk,DUPLICATE_LISTING,duplicate_listing_of_U00561_same_sec_cik_1666071,-0.169341,,-0.487397,7370,"Services-Computer Programming, Data Processing, Etc.",false,CDLX,v2.38BT-global-unicorn-flag
U22325,CENXn,Century Aluminum Co,US,949157,us_cboe_secondary_sec_v2_38bk,DUPLICATE_LISTING,duplicate_listing_of_U00580_same_sec_cik_949157,0.13854,-0.875891,0.016535,3334,Primary Production of  Aluminum,false,CENX,v2.38BT-global-unicorn-flag
U22364,CGNXn,Cognex Corp,US,851205,us_cboe_secondary_sec_v2_38bk,DUPLICATE_LISTING,duplicate_listing_of_U00599_same_sec_cik_851205,0.087307,0.077903,0.115091,3823,"Industrial Instruments For Measurement, Display, and Control",false,CGNX,v2.38BT-global-unicorn-flag
U22373,CHGGn,Chegg Inc,US,1364954,us_cboe_secondary_sec_v2_38bk,EVALUATED_NOT_UNICORN,"us_fundamental_momentum_flag_false:revenue_growth_not_positive,no_real_positive_free_cash_flow",-0.389696,,-0.274393,8200,Services-Educational Services,false,CHGG,v2.38BT-global-unicorn-flag
U22432,CLBn,Core Laboratories NV,US,1958086,us_cboe_secondary_sec_v2_38bk,EVALUATED_NOT_UNICORN,us_fundamental_momentum_flag_false:no_real_margin_expansion,0.005101,-0.055127,0.056349,1389,"Oil & Gas Field Services, NEC",false,CLB,v2.38BT-global-unicorn-flag
U22435,CLDXn,Celldex Therapeutics Inc,US,744218,us_cboe_secondary_sec_v2_38bk,DUPLICATE_LISTING,duplicate_listing_of_U00639_same_sec_cik_744218,-0.779915,,-167.480259,2835,In Vitro & In Vivo Diagnostic Substances,false,CLDX,v2.38BT-global-unicorn-flag
U22464,CLOVRn,Clover Health Investments Corp,US,1801170,us_cboe_secondary_sec_v2_38bk,DUPLICATE_LISTING,duplicate_listing_of_U00648_same_sec_cik_1801170,0.403446,,-0.044457,6324,Hospital & Medical Service Plans,true,CLOV,v2.38BT-global-unicorn-flag
U22515,CNKn,Cinemark Holdings Inc,US,1385280,us_cboe_secondary_sec_v2_38bk,EVALUATED_NOT_UNICORN,"us_fundamental_momentum_flag_false:no_real_margin_expansion,no_real_positive_free_cash_flow",0.021479,-0.553762,0.044366,7830,Services-Motion Picture Theaters,false,CNK,v2.38BT-global-unicorn-flag
U22517,CNMDn,CONMED Corp,US,816956,us_cboe_secondary_sec_v2_38bk,EVALUATED_NOT_UNICORN,us_fundamental_momentum_flag_false:no_real_margin_expansion,0.051804,-0.644661,0.034229,3845,Electromedical & Electrotherapeutic Apparatus,false,CNMD,v2.38BT-global-unicorn-flag
U22597,COZd,Cognizant Technology Solutions Corp,US,1058290,us_cboe_secondary_sec_v2_38bk,EVALUATED_NOT_UNICORN,us_fundamental_momentum_flag_false:no_real_margin_expansion,0.069518,-0.004464,0.105647,7371,Services-Computer Programming Services,false,CTSH,v2.38BT-global-unicorn-flag
U22612,CPTn,Camden Property Trust,US,906345,us_cboe_secondary_sec_v2_38bk,EVALUATED_NOT_UNICORN,us_fundamental_momentum_flag_false:no_real_positive_free_cash_flow,0.81687,1.35443,29.649264,6798,Real Estate Investment Trusts,false,CPT,v2.38BT-global-unicorn-flag
U22655,CS1d,Expand Energy Corp,US,895126,us_cboe_secondary_sec_v2_38bk,EVALUATED_UNICORN,us_fundamental_momentum_flag_true_real_revenue_growth_and_margin_expansion_and_positive_free_cash_flow,1.86281,,0.150033,1311,Crude Petroleum & Natural Gas,false,EXE,v2.38BT-global-unicorn-flag
U22732,CWHn,Camping World Holdings Inc,US,1669779,us_cboe_secondary_sec_v2_38bk,EVALUATED_NOT_UNICORN,"us_fundamental_momentum_flag_false:no_real_margin_expansion,no_real_positive_free_cash_flow",0.044127,,-0.014099,5500,Retail-Auto Dealers & Gasoline Stations,false,CWH,v2.38BT-global-unicorn-flag
U22836,DDNd,Darden Restaurants Inc,US,940944,us_cboe_secondary_sec_v2_38bk,EVALUATED_NOT_UNICORN,us_fundamental_momentum_flag_false:no_real_positive_free_cash_flow,0.093916,0.149676,0.091341,5812,Retail-Eating  Places,false,DRI,v2.38BT-global-unicorn-flag
U23030,DOCUn,DocuSign Inc,US,1261333,us_cboe_secondary_sec_v2_38bk,EVALUATED_NOT_UNICORN,us_fundamental_momentum_flag_false:no_real_margin_expansion,0.081553,-0.710563,0.096004,7372,Services-Prepackaged Software,false,DOCU,v2.38BT-global-unicorn-flag
U23061,DRHn,DiamondRock Hospitality Co,US,1298946,us_cboe_secondary_sec_v2_38bk,EVALUATED_NOT_UNICORN,"us_fundamental_momentum_flag_false:revenue_growth_not_positive,no_real_positive_free_cash_flow",-0.008312,1.11112,0.090525,6798,Real Estate Investment Trusts,false,DRH,v2.38BT-global-unicorn-flag
U23156,E050d,Easterly Government Properties Inc,US,1622194,us_cboe_secondary_sec_v2_38bk,EVALUATED_NOT_UNICORN,"us_fundamental_momentum_flag_false:no_real_margin_expansion,no_real_positive_free_cash_flow",0.112719,-0.334987,0.038688,6798,Real Estate Investment Trusts,false,DEA,v2.38BT-global-unicorn-flag
U23170,E7Pd,Indivior Pharmaceuticals Inc,US,1625297,us_cboe_secondary_sec_v2_38bk,EVALUATED_NOT_UNICORN,us_fundamental_momentum_flag_false:no_real_positive_free_cash_flow,0.042929,104.0,0.169492,2834,Pharmaceutical Preparations,false,INDV,v2.38BT-global-unicorn-flag
U23180,EAFn,GrafTech International Ltd,US,931148,us_cboe_secondary_sec_v2_38bk,EVALUATED_NOT_UNICORN,"us_fundamental_momentum_flag_false:revenue_growth_not_positive,no_real_margin_expansion,no_real_positive_free_cash_flow",-0.064308,,-0.436065,3620,Electrical Industrial Apparatus,false,EAF,v2.38BT-global-unicorn-flag
U23314,EI2d,Erie Indemnity Co,US,922621,us_cboe_secondary_sec_v2_38bk,EVALUATED_NOT_UNICORN,"us_fundamental_momentum_flag_false:no_real_margin_expansion,no_real_positive_free_cash_flow",0.071709,-0.068263,0.137521,6411,"Insurance Agents, Brokers & Service",true,ERIE,v2.38BT-global-unicorn-flag
U23379,ELSn,Equity LifeStyle Properties Inc,US,895417,us_cboe_secondary_sec_v2_38bk,EVALUATED_NOT_UNICORN,us_fundamental_momentum_flag_false:no_real_positive_free_cash_flow,0.003418,0.044808,0.262548,6798,Real Estate Investment Trusts,false,ELS,v2.38BT-global-unicorn-flag
U23504,ENRn,Energizer Holdings Inc,US,1632790,us_cboe_secondary_sec_v2_38bk,EVALUATED_UNICORN,us_fundamental_momentum_flag_true_real_revenue_growth_and_margin_expansion_and_positive_free_cash_flow,0.022757,5.272966,0.080943,3690,"Miscellaneous Electrical Machinery, Equipment & Supplies",false,ENR,v2.38BT-global-unicorn-flag
U23526,EOLSn,Evolus Inc,US,1570562,us_cboe_secondary_sec_v2_38bk,EVALUATED_NOT_UNICORN,us_fundamental_momentum_flag_false:no_real_positive_free_cash_flow,0.116053,,-0.173772,2834,Pharmaceutical Preparations,false,EOLS,v2.38BT-global-unicorn-flag
U23552,ER4d,Emergent BioSolutions Inc,US,1367644,us_cboe_secondary_sec_v2_38bk,EVALUATED_NOT_UNICORN,us_fundamental_momentum_flag_false:revenue_growth_not_positive,-0.288137,,0.070804,2834,Pharmaceutical Preparations,false,EBS,v2.38BT-global-unicorn-flag
U23642,ESRTn,Empire State Realty Trust Inc,US,1541401,us_cboe_secondary_sec_v2_38bk,EVALUATED_NOT_UNICORN,"us_fundamental_momentum_flag_false:no_real_margin_expansion,no_real_positive_free_cash_flow",4.4e-05,,,6798,Real Estate Investment Trusts,false,ESRT,v2.38BT-global-unicorn-flag
U23649,ET9d,Circle Internet Group Inc,US,1876042,us_cboe_secondary_sec_v2_38bk,INSUFFICIENT_DATA,us_growth_features_not_computable_for_this_company,,,-0.632927,6199,Finance Services,true,CRCL,v2.38BT-global-unicorn-flag
U23825,EXELn,Exelixis Inc,US,939767,us_cboe_secondary_sec_v2_38bk,EVALUATED_UNICORN,us_fundamental_momentum_flag_true_real_revenue_growth_and_margin_expansion_and_positive_free_cash_flow,0.069823,0.501284,0.337296,2836,"Biological Products, (No Diagnostic Substances)",false,EXEL,v2.38BT-global-unicorn-flag
U23845,EYEn,National Vision Holdings Inc,US,1710155,us_cboe_secondary_sec_v2_38bk,EVALUATED_UNICORN,us_fundamental_momentum_flag_true_real_revenue_growth_and_margin_expansion_and_positive_free_cash_flow,0.090038,,0.014893,3851,Ophthalmic Goods,false,EYE,v2.38BT-global-unicorn-flag
U23854,F9Qd,Eos Energy Enterprises Inc,US,1805077,us_cboe_secondary_sec_v2_38bk,EVALUATED_NOT_UNICORN,us_fundamental_momentum_flag_false:no_real_positive_free_cash_flow,6.317891,,-8.490556,3690,"Miscellaneous Electrical Machinery, Equipment & Supplies",false,EOSE,v2.38BT-global-unicorn-flag
U23856,FA1d,FactSet Research Systems Inc,US,1013237,us_cboe_secondary_sec_v2_38bk,EVALUATED_NOT_UNICORN,us_fundamental_momentum_flag_false:no_real_positive_free_cash_flow,0.053876,0.111546,0.257151,7370,"Services-Computer Programming, Data Processing, Etc.",false,FDS,v2.38BT-global-unicorn-flag
U23910,FDXHv,Fedex Freight Holding Co Inc,US,2082247,us_cboe_secondary_sec_v2_38bk,INSUFFICIENT_DATA,us_growth_features_not_computable_for_this_company,,,0.074474,4513,Air Courier Services,false,FDXF,v2.38BT-global-unicorn-flag
U23988,FIVEBn,Five Below Inc,US,1177609,us_cboe_secondary_sec_v2_38bk,EVALUATED_UNICORN,us_fundamental_momentum_flag_true_real_revenue_growth_and_margin_expansion_and_positive_free_cash_flow,0.228973,0.414138,0.075279,5331,Retail-Variety Stores,false,FIVE,v2.38BT-global-unicorn-flag
U24124,FRMIl,Fermi Inc,US,2071778,us_cboe_secondary_sec_v2_38bk,INSUFFICIENT_DATA,us_growth_features_not_computable_for_this_company,,,,6798,Real Estate Investment Trusts,false,FRMI,v2.38BT-global-unicorn-flag
U24141,FS5Ad,FS KKR Capital Corp,US,1422183,us_cboe_secondary_sec_v2_38bk,INSUFFICIENT_DATA,us_growth_features_not_computable_for_this_company,,-0.981197,,,,,FSK,v2.38BT-global-unicorn-flag
U24155,FSLYRn,Fastly Inc,US,1517413,us_cboe_secondary_sec_v2_38bk,INSUFFICIENT_DATA,us_growth_features_not_computable_for_this_company,,,,7372,Services-Prepackaged Software,false,FSLY,v2.38BT-global-unicorn-flag
U24233,G84d,Generac Holdings Inc,US,1474735,us_cboe_secondary_sec_v2_38bk,EVALUATED_NOT_UNICORN,"us_fundamental_momentum_flag_false:revenue_growth_not_positive,no_real_margin_expansion",-0.020179,-0.495585,0.037906,3621,Motors & Generators,false,GNRC,v2.38BT-global-unicorn-flag
U24288,GDDYn,GoDaddy Inc,US,1609711,us_cboe_secondary_sec_v2_38bk,EVALUATED_NOT_UNICORN,us_fundamental_momentum_flag_false:no_real_margin_expansion,0.082634,-0.066069,0.176728,7373,Services-Computer Integrated Systems Design,false,GDDY,v2.38BT-global-unicorn-flag
U24444,GNWn,Genworth Financial Inc,US,1276520,us_cboe_secondary_sec_v2_38bk,EVALUATED_NOT_UNICORN,"us_fundamental_momentum_flag_false:no_real_margin_expansion,no_real_positive_free_cash_flow",0.000822,-0.254181,0.030544,6311,Life Insurance,true,GNW,v2.38BT-global-unicorn-flag
U24457,GOGOn,Gogo Inc,US,1537054,us_cboe_secondary_sec_v2_38bk,EVALUATED_NOT_UNICORN,us_fundamental_momentum_flag_false:no_real_margin_expansion,1.047386,-0.059872,0.014193,4899,"Communications Services, NEC",false,GOGO,v2.38BT-global-unicorn-flag
U24487,GOVd,Insulet Corp,US,1145197,us_cboe_secondary_sec_v2_38bk,EVALUATED_NOT_UNICORN,us_fundamental_momentum_flag_false:no_real_margin_expansion,0.30725,-0.409276,0.091245,3841,Surgical & Medical Instruments & Apparatus,false,PODD,v2.38BT-global-unicorn-flag
U24496,GPROn,GoPro Inc,US,1500435,us_cboe_secondary_sec_v2_38bk,EVALUATED_NOT_UNICORN,"us_fundamental_momentum_flag_false:revenue_growth_not_positive,no_real_positive_free_cash_flow",-0.187069,,-0.143486,3861,Photographic Equipment & Supplies,false,GPRO,v2.38BT-global-unicorn-flag
U24527,GRPNn,Groupon Inc,US,1490281,us_cboe_secondary_sec_v2_38bk,EVALUATED_NOT_UNICORN,us_fundamental_momentum_flag_false:no_real_margin_expansion,0.011907,,-0.167569,7311,Services-Advertising Agencies,false,GRPN,v2.38BT-global-unicorn-flag
U24652,HALOn,Halozyme Therapeutics Inc,US,1159036,us_cboe_secondary_sec_v2_38bk,EVALUATED_NOT_UNICORN,us_fundamental_momentum_flag_false:no_real_margin_expansion,0.375532,-0.286432,0.226899,2836,"Biological Products, (No Diagnostic Substances)",false,HALO,v2.38BT-global-unicorn-flag
U24678,HCCn,Warrior Met Coal Inc,US,1691303,us_cboe_secondary_sec_v2_38bk,INSUFFICIENT_DATA,us_growth_features_not_computable_for_this_company,,-0.772557,,1220,Silver Ores,false,HCC,v2.38BT-global-unicorn-flag
U24685,HCSGn,Healthcare Services Group Inc,US,731012,us_cboe_secondary_sec_v2_38bk,EVALUATED_UNICORN,us_fundamental_momentum_flag_true_real_revenue_growth_and_margin_expansion_and_positive_free_cash_flow,0.070812,0.496263,0.032147,8050,Services-Nursing & Personal Care Facilities,false,HCSG,v2.38BT-global-unicorn-flag
U24762,HGVn,Hilton Grand Vacations Inc,US,1674168,us_cboe_secondary_sec_v2_38bk,EVALUATED_UNICORN,us_fundamental_momentum_flag_true_real_revenue_growth_and_margin_expansion_and_positive_free_cash_flow,0.01075,0.723404,0.017948,7000,"Hotels, Rooming Houses, Camps & Other Lodging Places",false,HGV,v2.38BT-global-unicorn-flag
U24870,HQYn,HealthEquity Inc,US,1428336,us_cboe_secondary_sec_v2_38bk,EVALUATED_UNICORN,us_fundamental_momentum_flag_true_real_revenue_growth_and_margin_expansion_and_positive_free_cash_flow,0.09473,1.225381,0.163847,7389,"Services-Business Services, NEC",false,HQY,v2.38BT-global-unicorn-flag
U24898,HSOAd,Encompass Health Corp,US,785161,us_cboe_secondary_sec_v2_38bk,EVALUATED_NOT_UNICORN,us_fundamental_momentum_flag_false:no_real_positive_free_cash_flow,0.104593,0.242484,0.095397,8060,Services-Hospitals,false,EHC,v2.38BT-global-unicorn-flag
U24931,HUNn,Huntsman Corp,US,1307954,us_cboe_secondary_sec_v2_38bk,EVALUATED_NOT_UNICORN,"us_fundamental_momentum_flag_false:revenue_growth_not_positive,no_real_margin_expansion",-0.070038,-3.811881,-0.049974,2800,Chemicals & Allied Products,false,HUN,v2.38BT-global-unicorn-flag
U24953,HXLn,Hexcel Corp,US,717605,us_cboe_secondary_sec_v2_38bk,EVALUATED_NOT_UNICORN,"us_fundamental_momentum_flag_false:revenue_growth_not_positive,no_real_margin_expansion",-0.004782,,0.057764,2821,"Plastic Materials, Synth Resins & Nonvulcan Elastomers",false,HXL,v2.38BT-global-unicorn-flag
U24981,I1Vd,CoreWeave Inc,US,1769628,us_cboe_secondary_sec_v2_38bk,INSUFFICIENT_DATA,us_growth_features_not_computable_for_this_company,,,-0.227441,7372,Services-Prepackaged Software,false,CRWV,v2.38BT-global-unicorn-flag
U24997,IARTn,Integra LifeSciences Holdings Corp,US,917520,us_cboe_secondary_sec_v2_38bk,EVALUATED_NOT_UNICORN,"us_fundamental_momentum_flag_false:no_real_margin_expansion,no_real_positive_free_cash_flow",0.015348,,-0.315839,3841,Surgical & Medical Instruments & Apparatus,false,IART,v2.38BT-global-unicorn-flag
U25032,ICFIn,ICF International Inc,US,1362004,us_cboe_secondary_sec_v2_38bk,EVALUATED_NOT_UNICORN,"us_fundamental_momentum_flag_false:revenue_growth_not_positive,no_real_margin_expansion,no_real_positive_free_cash_flow",-0.072748,-0.168667,0.048903,8742,Services-Management Consulting Services,false,ICFI,v2.38BT-global-unicorn-flag
U25054,ID7d,IDEX Corp,US,832101,us_cboe_secondary_sec_v2_38bk,EVALUATED_NOT_UNICORN,us_fundamental_momentum_flag_false:no_real_margin_expansion,0.057728,-0.043168,0.139754,3561,Pumps & Pumping Equipment,false,IEX,v2.38BT-global-unicorn-flag
U25098,IFFn,International Flavors & Fragrances Inc,US,51253,us_cboe_secondary_sec_v2_38bk,EVALUATED_NOT_UNICORN,"us_fundamental_momentum_flag_false:revenue_growth_not_positive,no_real_margin_expansion",-0.051724,,,2860,Industrial Organic Chemicals,false,IFF,v2.38BT-global-unicorn-flag
U25162,ILPTn,Industrial Logistics Properties Trust,US,1717307,us_cboe_secondary_sec_v2_38bk,INSUFFICIENT_DATA,us_growth_features_not_computable_for_this_company,,,,6798,Real Estate Investment Trusts,false,ILPT,v2.38BT-global-unicorn-flag
U25254,INVAn,Innoviva Inc,US,1080014,us_cboe_secondary_sec_v2_38bk,EVALUATED_NOT_UNICORN,us_fundamental_momentum_flag_false:no_real_margin_expansion,0.146684,,,2834,Pharmaceutical Preparations,false,INVA,v2.38BT-global-unicorn-flag
U25255,INVHn,Invitation Homes Inc,US,1687229,us_cboe_secondary_sec_v2_38bk,EVALUATED_NOT_UNICORN,us_fundamental_momentum_flag_false:no_real_positive_free_cash_flow,0.042137,0.295224,0.215412,6510,Real Estate Operators (No Developers) & Lessors,false,INVH,v2.38BT-global-unicorn-flag
U25262,IONSn,Ionis Pharmaceuticals Inc,US,874015,us_cboe_secondary_sec_v2_38bk,EVALUATED_NOT_UNICORN,us_fundamental_momentum_flag_false:no_real_positive_free_cash_flow,0.338335,,-0.404135,2834,Pharmaceutical Preparations,false,IONS,v2.38BT-global-unicorn-flag
U25264,IOVAn,Iovance Biotherapeutics Inc,US,1425205,us_cboe_secondary_sec_v2_38bk,EVALUATED_NOT_UNICORN,us_fundamental_momentum_flag_false:no_real_positive_free_cash_flow,0.606034,,-1.483776,2836,"Biological Products, (No Diagnostic Substances)",false,IOVA,v2.38BT-global-unicorn-flag
U25307,IRWDn,Ironwood Pharmaceuticals Inc,US,1446847,us_cboe_secondary_sec_v2_38bk,EVALUATED_NOT_UNICORN,us_fundamental_momentum_flag_false:revenue_growth_not_positive,-0.157249,26.292045,0.081097,2834,Pharmaceutical Preparations,false,IRWD,v2.38BT-global-unicorn-flag
U25350,ITH0d,Nektar Therapeutics,US,906709,us_cboe_secondary_sec_v2_38bk,EVALUATED_NOT_UNICORN,"us_fundamental_momentum_flag_false:revenue_growth_not_positive,no_real_margin_expansion,no_real_positive_free_cash_flow",-0.438853,,-2.970669,2834,Pharmaceutical Preparations,false,NKTR,v2.38BT-global-unicorn-flag
U25352,ITRIn,Itron Inc,US,780571,us_cboe_secondary_sec_v2_38bk,EVALUATED_NOT_UNICORN,us_fundamental_momentum_flag_false:revenue_growth_not_positive,-0.030171,0.259091,0.127178,3825,Instruments For Meas & Testing of  Electricity & Elec Signals,false,ITRI,v2.38BT-global-unicorn-flag
U25435,J4Dd,Kenvue Inc,US,1944048,us_cboe_secondary_sec_v2_38bk,EVALUATED_NOT_UNICORN,us_fundamental_momentum_flag_false:revenue_growth_not_positive,-0.021417,0.427184,0.097197,2844,"Perfumes, Cosmetics & Other Toilet Preparations",false,KVUE,v2.38BT-global-unicorn-flag
U25437,JACKn,Jack in the Box Inc,US,807882,us_cboe_secondary_sec_v2_38bk,EVALUATED_NOT_UNICORN,"us_fundamental_momentum_flag_false:revenue_growth_not_positive,no_real_margin_expansion",-0.067455,,-0.055086,5812,Retail-Eating  Places,false,JACK,v2.38BT-global-unicorn-flag
U25449,JBLUn,JetBlue Airways Corp,US,1158463,us_cboe_secondary_sec_v2_38bk,EVALUATED_NOT_UNICORN,"us_fundamental_momentum_flag_false:revenue_growth_not_positive,no_real_positive_free_cash_flow",-0.023386,,-0.066431,4512,"Air Transportation, Scheduled",false,JBLU,v2.38BT-global-unicorn-flag
U25471,JEFn,Jefferies Financial Group Inc,US,96223,us_cboe_secondary_sec_v2_38bk,EVALUATED_NOT_UNICORN,"us_fundamental_momentum_flag_false:no_real_margin_expansion,no_real_positive_free_cash_flow",0.141717,,,6211,"Security Brokers, Dealers & Flotation Companies",true,JEF,v2.38BT-global-unicorn-flag
U25515,JHYd,Jack Henry & Associates Inc,US,779152,us_cboe_secondary_sec_v2_38bk,EVALUATED_UNICORN,us_fundamental_momentum_flag_true_real_revenue_growth_and_margin_expansion_and_positive_free_cash_flow,0.071171,0.103189,0.197606,7373,Services-Computer Integrated Systems Design,false,JKHY,v2.38BT-global-unicorn-flag
U25706,KB7d,Solventum Corp,US,1964738,us_cboe_secondary_sec_v2_38bk,EVALUATED_NOT_UNICORN,us_fundamental_momentum_flag_false:no_real_positive_free_cash_flow,0.008602,2.248434,0.186907,3841,Surgical & Medical Instruments & Apparatus,false,SOLV,v2.38BT-global-unicorn-flag
U25738,KEYSn,Keysight Technologies Inc,US,1601046,us_cboe_secondary_sec_v2_38bk,EVALUATED_UNICORN,us_fundamental_momentum_flag_true_real_revenue_growth_and_margin_expansion_and_positive_free_cash_flow,0.079534,0.384365,0.15814,3823,"Industrial Instruments For Measurement, Display, and Control",false,KEYS,v2.38BT-global-unicorn-flag
U25817,KPTIn,Karyopharm Therapeutics Inc,US,1503802,us_cboe_secondary_sec_v2_38bk,EVALUATED_NOT_UNICORN,"us_fundamental_momentum_flag_false:no_real_margin_expansion,no_real_positive_free_cash_flow",0.005715,,-1.342117,2834,Pharmaceutical Preparations,false,KPTI,v2.38BT-global-unicorn-flag
U25927,LE0d,Lemonade Inc,US,1691421,us_cboe_secondary_sec_v2_38bk,EVALUATED_NOT_UNICORN,us_fundamental_momentum_flag_false:no_real_positive_free_cash_flow,0.401519,,-0.224285,6331,"Fire, Marine & Casualty Insurance",true,LMND,v2.38BT-global-unicorn-flag
U25977,LHVd,ExlService Holdings Inc,US,1297989,us_cboe_secondary_sec_v2_38bk,EVALUATED_UNICORN,us_fundamental_momentum_flag_true_real_revenue_growth_and_margin_expansion_and_positive_free_cash_flow,0.135613,0.265874,0.120238,7389,"Services-Business Services, NEC",false,EXLS,v2.38BT-global-unicorn-flag
U25979,LIIn,Lennox International Inc,US,1069202,us_cboe_secondary_sec_v2_38bk,EVALUATED_NOT_UNICORN,us_fundamental_momentum_flag_false:revenue_growth_not_positive,-0.027334,-0.001363,0.155102,3585,Air-Cond & Warm Air Heatg Equip & Comm & Indl Refrig Equip,false,LII,v2.38BT-global-unicorn-flag
U26020,LNTHn,Lantheus Holdings Inc,US,1521036,us_cboe_secondary_sec_v2_38bk,EVALUATED_NOT_UNICORN,"us_fundamental_momentum_flag_false:no_real_margin_expansion,no_real_positive_free_cash_flow",0.005019,-0.252472,0.151503,2835,In Vitro & In Vivo Diagnostic Substances,false,LNTH,v2.38BT-global-unicorn-flag
U26045,LPXn,Louisiana-Pacific Corp,US,60519,us_cboe_secondary_sec_v2_38bk,EVALUATED_NOT_UNICORN,"us_fundamental_momentum_flag_false:revenue_growth_not_positive,no_real_margin_expansion",-0.079225,-0.652381,0.053914,2400,Lumber & Wood Products (No Furniture),false,LPX,v2.38BT-global-unicorn-flag
U26101,LVSn,Las Vegas Sands Corp,US,1300514,us_cboe_secondary_sec_v2_38bk,EVALUATED_NOT_UNICORN,us_fundamental_momentum_flag_false:no_real_margin_expansion,0.152151,0.125173,0.12499,7011,Hotels & Motels,false,LVS,v2.38BT-global-unicorn-flag
U26113,LY0d,Lyft Inc,US,1759509,us_cboe_secondary_sec_v2_38bk,EVALUATED_NOT_UNICORN,us_fundamental_momentum_flag_false:no_real_positive_free_cash_flow,0.098768,123.824789,0.482405,7389,"Services-Business Services, NEC",false,LYFT,v2.38BT-global-unicorn-flag
U26272,MEDPn,Medpace Holdings Inc,US,1668397,us_cboe_secondary_sec_v2_38bk,EVALUATED_NOT_UNICORN,us_fundamental_momentum_flag_false:no_real_margin_expansion,0.199701,0.115575,0.178293,8731,Services-Commercial Physical & Biological Research,false,MEDP,v2.38BT-global-unicorn-flag
U26329,MHGd,Molina Healthcare Inc,US,1179929,us_cboe_secondary_sec_v2_38bk,EVALUATED_NOT_UNICORN,"us_fundamental_momentum_flag_false:no_real_margin_expansion,no_real_positive_free_cash_flow",0.117491,-0.599661,0.010391,6324,Hospital & Medical Service Plans,true,MOH,v2.38BT-global-unicorn-flag
U26406,MMFd,Modine Manufacturing Co,US,67347,us_cboe_secondary_sec_v2_38bk,EVALUATED_NOT_UNICORN,us_fundamental_momentum_flag_false:no_real_margin_expansion,0.231314,-0.339674,0.038194,3714,Motor Vehicle Parts & Accessories,false,MOD,v2.38BT-global-unicorn-flag
U26422,MNKDn,MannKind Corp,US,899460,us_cboe_secondary_sec_v2_38bk,EVALUATED_NOT_UNICORN,us_fundamental_momentum_flag_false:no_real_margin_expansion,0.222281,-0.78748,0.016801,2834,Pharmaceutical Preparations,false,MNKD,v2.38BT-global-unicorn-flag
U26472,MPWn,Medical Properties Trust Inc,US,1287865,us_cboe_secondary_sec_v2_38bk,EVALUATED_NOT_UNICORN,"us_fundamental_momentum_flag_false:revenue_growth_not_positive,no_real_positive_free_cash_flow",-0.02363,,-0.285023,6798,Real Estate Investment Trusts,false,MPT,v2.38BT-global-unicorn-flag
U26477,MRCYn,Mercury Systems Inc,US,1049521,us_cboe_secondary_sec_v2_38bk,EVALUATED_UNICORN,us_fundamental_momentum_flag_true_real_revenue_growth_and_margin_expansion_and_positive_free_cash_flow,0.078509,,-0.030167,3670,Electronic Components & Accessories,false,MRCY,v2.38BT-global-unicorn-flag
U26526,MTDRn,Matador Resources Co,US,1520006,us_cboe_secondary_sec_v2_38bk,EVALUATED_NOT_UNICORN,"us_fundamental_momentum_flag_false:no_real_margin_expansion,no_real_positive_free_cash_flow",0.051037,-0.142435,0.207635,1311,Crude Petroleum & Natural Gas,false,MTDR,v2.38BT-global-unicorn-flag
U26529,MTGn,MGIC Investment Corp,US,876437,us_cboe_secondary_sec_v2_38bk,EVALUATED_NOT_UNICORN,us_fundamental_momentum_flag_false:no_real_margin_expansion,0.004889,-0.032303,0.608376,6351,Surety Insurance,true,MTG,v2.38BT-global-unicorn-flag
U26579,MWId,MarketAxess Holdings Inc,US,1278021,us_cboe_secondary_sec_v2_38bk,EVALUATED_NOT_UNICORN,us_fundamental_momentum_flag_false:no_real_margin_expansion,0.035701,-0.100496,0.291429,6211,"Security Brokers, Dealers & Flotation Companies",true,MKTX,v2.38BT-global-unicorn-flag
U26667,ND1d,Nordson Corp,US,72331,us_cboe_secondary_sec_v2_38bk,EVALUATED_NOT_UNICORN,us_fundamental_momentum_flag_false:no_real_margin_expansion,0.037832,0.036787,0.173542,3569,"General Industrial Machinery & Equipment, NEC",false,NDSN,v2.38BT-global-unicorn-flag
U26743,NKB2d,TG Therapeutics Inc,US,1001316,us_cboe_secondary_sec_v2_38bk,EVALUATED_NOT_UNICORN,us_fundamental_momentum_flag_false:no_real_positive_free_cash_flow,0.87319,18.124107,0.725602,2834,Pharmaceutical Preparations,false,TGTX,v2.38BT-global-unicorn-flag
U26838,NUSn,Nu Skin Enterprises Inc,US,1021561,us_cboe_secondary_sec_v2_38bk,EVALUATED_NOT_UNICORN,us_fundamental_momentum_flag_false:revenue_growth_not_positive,-0.142559,,0.10787,5122,"Wholesale-Drugs, Proprietaries & Druggists' Sundries",false,NUS,v2.38BT-global-unicorn-flag
U26842,NVAXn,Novavax Inc,US,1000694,us_cboe_secondary_sec_v2_38bk,EVALUATED_NOT_UNICORN,us_fundamental_momentum_flag_false:no_real_positive_free_cash_flow,0.646939,,0.391909,2836,"Biological Products, (No Diagnostic Substances)",false,NVAX,v2.38BT-global-unicorn-flag
U26870,NXSTn,Nexstar Media Group Inc,US,1142417,us_cboe_secondary_sec_v2_38bk,EVALUATED_NOT_UNICORN,"us_fundamental_momentum_flag_false:revenue_growth_not_positive,no_real_margin_expansion",-0.084705,-0.84903,0.022025,4833,Television Broadcasting Stations,false,NXST,v2.38BT-global-unicorn-flag
U26905,OCSLn,Oaktree Specialty Lending Corp,US,1414932,us_cboe_secondary_sec_v2_38bk,INSUFFICIENT_DATA,us_growth_features_not_computable_for_this_company,,-0.414213,,,,,OCSL,v2.38BT-global-unicorn-flag
U26922,ODFd,Old Dominion Freight Line Inc,US,878927,us_cboe_secondary_sec_v2_38bk,INSUFFICIENT_DATA,us_growth_features_not_computable_for_this_company,,-0.136897,,4213,Trucking (No Local),false,ODFL,v2.38BT-global-unicorn-flag
U26935,OGLd,Golub Capital BDC Inc,US,1476765,us_cboe_secondary_sec_v2_38bk,INSUFFICIENT_DATA,us_growth_features_not_computable_for_this_company,,0.3757,,,,,GBDC,v2.38BT-global-unicorn-flag
U26940,OHIn,Omega Healthcare Investors Inc,US,888491,us_cboe_secondary_sec_v2_38bk,EVALUATED_NOT_UNICORN,"us_fundamental_momentum_flag_false:no_real_margin_expansion,no_real_positive_free_cash_flow",0.131929,,0.495913,6798,Real Estate Investment Trusts,false,OHI,v2.38BT-global-unicorn-flag
U26948,OISn,Oil States International Inc,US,1121484,us_cboe_secondary_sec_v2_38bk,EVALUATED_NOT_UNICORN,"us_fundamental_momentum_flag_false:revenue_growth_not_positive,no_real_margin_expansion,no_real_positive_free_cash_flow",-0.034075,,-0.163496,3533,Oil & Gas Field Machinery & Equipment,false,OIS,v2.38BT-global-unicorn-flag
U26961,OMFn,OneMain Holdings Inc,US,1584207,us_cboe_secondary_sec_v2_38bk,INSUFFICIENT_DATA,us_growth_features_not_computable_for_this_company,,0.53831,,6141,Personal Credit Institutions,true,OMF,v2.38BT-global-unicorn-flag
U26990,OPKn,OPKO Health Inc,US,944809,us_cboe_secondary_sec_v2_38bk,EVALUATED_NOT_UNICORN,"us_fundamental_momentum_flag_false:revenue_growth_not_positive,no_real_margin_expansion,no_real_positive_free_cash_flow",-0.149007,,-0.37187,2834,Pharmaceutical Preparations,false,OPK,v2.38BT-global-unicorn-flag
U27027,OSURn,OraSure Technologies Inc,US,1116463,us_cboe_secondary_sec_v2_38bk,EVALUATED_NOT_UNICORN,"us_fundamental_momentum_flag_false:revenue_growth_not_positive,no_real_margin_expansion,no_real_positive_free_cash_flow",-0.381032,,-0.597552,3841,Surgical & Medical Instruments & Apparatus,false,OSUR,v2.38BT-global-unicorn-flag
U27064,PACBn,Pacific Biosciences of California Inc,US,1299130,us_cboe_secondary_sec_v2_38bk,INSUFFICIENT_DATA,us_growth_features_not_computable_for_this_company,,,,3826,Laboratory Analytical Instruments,false,PACB,v2.38BT-global-unicorn-flag
U27097,PBEd,Peabody Energy Corp,US,1064728,us_cboe_secondary_sec_v2_38bk,EVALUATED_NOT_UNICORN,"us_fundamental_momentum_flag_false:revenue_growth_not_positive,no_real_margin_expansion,no_real_positive_free_cash_flow",-0.088559,,,1221,Bituminous Coal & Lignite Surface Mining,false,BTU,v2.38BT-global-unicorn-flag
U27100,PBIn,Pitney Bowes Inc,US,78814,us_cboe_secondary_sec_v2_38bk,EVALUATED_NOT_UNICORN,us_fundamental_momentum_flag_false:revenue_growth_not_positive,-0.066105,,0.076453,3579,"Office Machines, NEC",false,PBI,v2.38BT-global-unicorn-flag
U27123,PCUd,Southern Copper Corp,US,1001838,us_cboe_secondary_sec_v2_38bk,EVALUATED_NOT_UNICORN,us_fundamental_momentum_flag_false:no_real_margin_expansion,0.173754,,,1000,Metal Mining,false,SCCO,v2.38BT-global-unicorn-flag
U27160,PETSn,PetMed Express Inc,US,1040130,us_cboe_secondary_sec_v2_38bk,EVALUATED_NOT_UNICORN,"us_fundamental_momentum_flag_false:revenue_growth_not_positive,no_real_margin_expansion,no_real_positive_free_cash_flow",-0.211264,,-0.319996,5912,Retail-Drug Stores and Proprietary Stores,false,PETS,v2.38BT-global-unicorn-flag
U27216,PIn,Impinj Inc,US,1114995,us_cboe_secondary_sec_v2_38bk,EVALUATED_NOT_UNICORN,"us_fundamental_momentum_flag_false:revenue_growth_not_positive,no_real_margin_expansion",-0.013691,-1.26561,-0.030041,3679,"Electronic Components, NEC",false,PI,v2.38BT-global-unicorn-flag
U27292,PPHCl,Public Policy Holding Co Inc,US,1903508,us_cboe_secondary_sec_v2_38bk,INSUFFICIENT_DATA,us_growth_features_not_computable_for_this_company,,,-0.209075,8742,Services-Management Consulting Services,false,PPHC,v2.38BT-global-unicorn-flag
U27301,PQIAd,RadNet Inc,US,790526,us_cboe_secondary_sec_v2_38bk,EVALUATED_NOT_UNICORN,"us_fundamental_momentum_flag_false:no_real_margin_expansion,no_real_positive_free_cash_flow",0.115074,-7.678124,-0.009142,8071,Services-Medical Laboratories,false,RDNT,v2.38BT-global-unicorn-flag
U27367,PSMTn,PriceSmart Inc,US,1041803,us_cboe_secondary_sec_v2_38bk,EVALUATED_NOT_UNICORN,us_fundamental_momentum_flag_false:no_real_margin_expansion,0.072487,0.064893,0.028062,5331,Retail-Variety Stores,false,PSMT,v2.38BT-global-unicorn-flag
U27369,PSNn,Parsons Corp,US,275880,us_cboe_secondary_sec_v2_38bk,EVALUATED_NOT_UNICORN,"us_fundamental_momentum_flag_false:revenue_growth_not_positive,no_real_positive_free_cash_flow",-0.057229,0.025892,0.03789,7373,Services-Computer Integrated Systems Design,false,PSN,v2.38BT-global-unicorn-flag
U27373,PSRAd,CoreCivic Inc,US,1070985,us_cboe_secondary_sec_v2_38bk,EVALUATED_NOT_UNICORN,"us_fundamental_momentum_flag_false:no_real_margin_expansion,no_real_positive_free_cash_flow",0.127207,,,6798,Real Estate Investment Trusts,false,CXW,v2.38BT-global-unicorn-flag
U27382,PTENn,Patterson-UTI Energy Inc,US,889900,us_cboe_secondary_sec_v2_38bk,EVALUATED_NOT_UNICORN,us_fundamental_momentum_flag_false:revenue_growth_not_positive,-0.097633,,-0.019533,1381,Drilling Oil & Gas Wells,false,PTEN,v2.38BT-global-unicorn-flag
U27402,PUMPn,ProPetro Holding Corp,US,1680247,us_cboe_secondary_sec_v2_38bk,EVALUATED_NOT_UNICORN,us_fundamental_momentum_flag_false:revenue_growth_not_positive,-0.121256,,0.000649,1389,"Oil & Gas Field Services, NEC",false,PUMP,v2.38BT-global-unicorn-flag
U27408,PW2d,Powell Industries Inc,US,80420,us_cboe_secondary_sec_v2_38bk,EVALUATED_UNICORN,us_fundamental_momentum_flag_true_real_revenue_growth_and_margin_expansion_and_positive_free_cash_flow,0.09084,0.206202,0.163673,3613,Switchgear & Switchboard Apparatus,false,POWL,v2.38BT-global-unicorn-flag
U27454,QH9d,ADTRAN Holdings Inc,US,926282,us_cboe_secondary_sec_v2_38bk,DUPLICATE_LISTING,duplicate_listing_of_U00063_same_sec_cik_926282,0.174578,,-0.042126,3661,Telephone & Telegraph Apparatus,false,ADTN,v2.38BT-global-unicorn-flag
U27513,RAMPn,LiveRamp Holdings Inc,US,733269,us_cboe_secondary_sec_v2_38bk,EVALUATED_NOT_UNICORN,us_fundamental_momentum_flag_false:no_real_positive_free_cash_flow,0.090346,,0.179536,7374,Services-Computer Processing & Data Preparation,false,RAMP,v2.38BT-global-unicorn-flag
U27521,RBBNn,Ribbon Communications Inc,US,1708055,us_cboe_secondary_sec_v2_38bk,EVALUATED_UNICORN,us_fundamental_momentum_flag_true_real_revenue_growth_and_margin_expansion_and_positive_free_cash_flow,0.012802,,0.046931,7373,Services-Computer Integrated Systems Design,false,RBBN,v2.38BT-global-unicorn-flag
U27527,RBRKn,Rubrik Inc,US,1943896,us_cboe_secondary_sec_v2_38bk,EVALUATED_UNICORN,us_fundamental_momentum_flag_true_real_revenue_growth_and_margin_expansion_and_positive_free_cash_flow,0.484631,,-0.265028,7372,Services-Prepackaged Software,false,RBRK,v2.38BT-global-unicorn-flag
U27545,RDNn,Radian Group Inc,US,890926,us_cboe_secondary_sec_v2_38bk,EVALUATED_NOT_UNICORN,"us_fundamental_momentum_flag_false:revenue_growth_not_positive,no_real_positive_free_cash_flow",-0.072231,-0.036066,0.486716,6351,Surety Insurance,true,RDN,v2.38BT-global-unicorn-flag
U27660,RO7d,ROBLOX Corp,US,1315098,us_cboe_secondary_sec_v2_38bk,EVALUATED_UNICORN,us_fundamental_momentum_flag_true_real_revenue_growth_and_margin_expansion_and_positive_free_cash_flow,0.35774,,-0.217779,7372,Services-Prepackaged Software,false,RBLX,v2.38BT-global-unicorn-flag
U27675,ROLn,Rollins Inc,US,84839,us_cboe_secondary_sec_v2_38bk,EVALUATED_UNICORN,us_fundamental_momentum_flag_true_real_revenue_growth_and_margin_expansion_and_positive_free_cash_flow,0.109877,0.12935,0.140042,7340,Services-To Dwellings & Other Buildings,false,ROL,v2.38BT-global-unicorn-flag
U27685,RPDn,Rapid7 Inc,US,1560327,us_cboe_secondary_sec_v2_38bk,EVALUATED_NOT_UNICORN,us_fundamental_momentum_flag_false:no_real_margin_expansion,0.018705,-0.084032,0.027194,7372,Services-Prepackaged Software,false,RPD,v2.38BT-global-unicorn-flag
U27690,RPMn,RPM International Inc,US,110621,us_cboe_secondary_sec_v2_38bk,EVALUATED_NOT_UNICORN,"us_fundamental_momentum_flag_false:no_real_margin_expansion,no_real_positive_free_cash_flow",0.066567,-0.039635,0.08411,2851,"Paints, Varnishes, Lacquers, Enamels & Allied Prods",false,RPM,v2.38BT-global-unicorn-flag
U27722,RV6d,Charles River Laboratories International Inc,US,1100682,us_cboe_secondary_sec_v2_38bk,EVALUATED_NOT_UNICORN,"us_fundamental_momentum_flag_false:revenue_growth_not_positive,no_real_margin_expansion,no_real_positive_free_cash_flow",-0.008545,-7.500833,-0.035946,8731,Services-Commercial Physical & Biological Research,false,CRL,v2.38BT-global-unicorn-flag
U27735,RYNn,Rayonier Inc,US,52827,us_cboe_secondary_sec_v2_38bk,EVALUATED_NOT_UNICORN,"us_fundamental_momentum_flag_false:revenue_growth_not_positive,no_real_positive_free_cash_flow",-0.617097,0.320852,0.982082,6798,Real Estate Investment Trusts,false,RYN,v2.38BT-global-unicorn-flag
U27738,RZ2d,Veralto Corp,US,1967680,us_cboe_secondary_sec_v2_38bk,EVALUATED_UNICORN,us_fundamental_momentum_flag_true_real_revenue_growth_and_margin_expansion_and_positive_free_cash_flow,0.059696,0.128451,0.170816,3825,Instruments For Meas & Testing of  Electricity & Elec Signals,false,VLTO,v2.38BT-global-unicorn-flag
U27880,SCSCn,ScanSource Inc,US,918965,us_cboe_secondary_sec_v2_38bk,EVALUATED_NOT_UNICORN,us_fundamental_momentum_flag_false:no_real_positive_free_cash_flow,0.060922,0.102379,0.024449,5045,Wholesale-Computers & Peripheral Equipment & Software,false,SCSC,v2.38BT-global-unicorn-flag
U28005,SFWd,Capital Southwest Corp,US,17313,us_cboe_secondary_sec_v2_38bk,INSUFFICIENT_DATA,us_growth_features_not_computable_for_this_company,,0.601675,,,,,CSWC,v2.38BT-global-unicorn-flag
U28109,SLABn,Silicon Laboratories Inc,US,1038074,us_cboe_secondary_sec_v2_38bk,EVALUATED_NOT_UNICORN,us_fundamental_momentum_flag_false:no_real_margin_expansion,0.342886,,-0.082709,3674,Semiconductors & Related Devices,false,SLAB,v2.38BT-global-unicorn-flag
U28442,STWDn,Starwood Property Trust Inc,US,1465128,us_cboe_secondary_sec_v2_38bk,EVALUATED_NOT_UNICORN,"us_fundamental_momentum_flag_false:revenue_growth_not_positive,no_real_positive_free_cash_flow",-0.052677,0.143391,0.223145,6798,Real Estate Investment Trusts,false,STWD,v2.38BT-global-unicorn-flag
U28457,SUIn,Sun Communities Inc,US,912593,us_cboe_secondary_sec_v2_38bk,EVALUATED_NOT_UNICORN,"us_fundamental_momentum_flag_false:revenue_growth_not_positive,no_real_positive_free_cash_flow",-0.284064,12.647683,0.613113,6798,Real Estate Investment Trusts,false,SUI,v2.38BT-global-unicorn-flag
U28475,SUPNn,Supernus Pharmaceuticals Inc,US,1356576,us_cboe_secondary_sec_v2_38bk,EVALUATED_NOT_UNICORN,us_fundamental_momentum_flag_false:no_real_margin_expansion,0.086331,-1.521898,-0.05362,2834,Pharmaceutical Preparations,false,SUPN,v2.38BT-global-unicorn-flag
U28600,T8Zd,Waystar Holding Corp,US,1990354,us_cboe_secondary_sec_v2_38bk,EVALUATED_NOT_UNICORN,us_fundamental_momentum_flag_false:no_real_positive_free_cash_flow,0.165046,,0.101966,7373,Services-Computer Integrated Systems Design,false,WAY,v2.38BT-global-unicorn-flag
U28615,TARd,Targa Resources Corp,US,1389170,us_cboe_secondary_sec_v2_38bk,EVALUATED_UNICORN,us_fundamental_momentum_flag_true_real_revenue_growth_and_margin_expansion_and_positive_free_cash_flow,0.204503,0.465701,0.11293,4922,Natural Gas Transmission,false,TRGP,v2.38BT-global-unicorn-flag
U28655,TE1d,Bio-Techne Corp,US,842023,us_cboe_secondary_sec_v2_38bk,EVALUATED_NOT_UNICORN,"us_fundamental_momentum_flag_false:revenue_growth_not_positive,no_real_margin_expansion",-0.003768,,,2836,"Biological Products, (No Diagnostic Substances)",false,TECH,v2.38BT-global-unicorn-flag
U28752,TLKd,Toll Brothers Inc,US,794170,us_cboe_secondary_sec_v2_38bk,INSUFFICIENT_DATA,us_growth_features_not_computable_for_this_company,,-0.143018,,1531,Operative Builders,false,TOL,v2.38BT-global-unicorn-flag
U28823,TR4d,Tractor Supply Co,US,916365,us_cboe_secondary_sec_v2_38bk,EVALUATED_NOT_UNICORN,us_fundamental_momentum_flag_false:no_real_margin_expansion,0.043056,-0.004679,0.070606,5200,"Retail-Building Materials, Hardware, Garden Supply",false,TSCO,v2.38BT-global-unicorn-flag
U28879,TRUUn,TransUnion,US,1552033,us_cboe_secondary_sec_v2_38bk,EVALUATED_UNICORN,us_fundamental_momentum_flag_true_real_revenue_growth_and_margin_expansion_and_positive_free_cash_flow,0.093814,0.601266,0.099513,7320,"Services-Consumer Credit Reporting, Collection Agencies",false,TRU,v2.38BT-global-unicorn-flag
U28935,TUSKn,Mammoth Energy Services Inc,US,1679268,us_cboe_secondary_sec_v2_38bk,EVALUATED_NOT_UNICORN,"us_fundamental_momentum_flag_false:revenue_growth_not_positive,no_real_positive_free_cash_flow",-0.764319,,0.103788,1389,"Oil & Gas Field Services, NEC",false,TUSK,v2.38BT-global-unicorn-flag
U28941,TWHd,Twilio Inc,US,1447669,us_cboe_secondary_sec_v2_38bk,EVALUATED_NOT_UNICORN,us_fundamental_momentum_flag_false:no_real_positive_free_cash_flow,0.136649,,0.006677,7372,Services-Prepackaged Software,false,TWLO,v2.38BT-global-unicorn-flag
U28950,TYPd,Tyler Technologies Inc,US,860731,us_cboe_secondary_sec_v2_38bk,EVALUATED_UNICORN,us_fundamental_momentum_flag_true_real_revenue_growth_and_margin_expansion_and_positive_free_cash_flow,0.090999,0.199893,0.135316,7372,Services-Prepackaged Software,false,TYL,v2.38BT-global-unicorn-flag
U29146,UPWKn,Upwork Inc,US,1627475,us_cboe_secondary_sec_v2_38bk,EVALUATED_NOT_UNICORN,us_fundamental_momentum_flag_false:no_real_margin_expansion,0.023994,-0.464599,0.146519,7374,Services-Computer Processing & Data Preparation,false,UPWK,v2.38BT-global-unicorn-flag
U29191,USFDn,US Foods Holding Corp,US,1665918,us_cboe_secondary_sec_v2_38bk,EVALUATED_UNICORN,us_fundamental_momentum_flag_true_real_revenue_growth_and_margin_expansion_and_positive_free_cash_flow,0.040843,0.368421,0.017147,5140,Wholesale-Groceries & Related Products,false,USFD,v2.38BT-global-unicorn-flag
U29383,VIAVn,Viavi Solutions Inc,US,912093,us_cboe_secondary_sec_v2_38bk,EVALUATED_NOT_UNICORN,us_fundamental_momentum_flag_false:no_real_margin_expansion,0.400258,-1.873563,-0.020022,3674,Semiconductors & Related Devices,false,VIAV,v2.38BT-global-unicorn-flag
U29384,VICIn,VICI Properties Inc,US,1705696,us_cboe_secondary_sec_v2_38bk,EVALUATED_NOT_UNICORN,"us_fundamental_momentum_flag_false:no_real_margin_expansion,no_real_positive_free_cash_flow",0.040765,0.036092,0.692814,6798,Real Estate Investment Trusts,false,VICI,v2.38BT-global-unicorn-flag
U29470,VREXn,Varex Imaging Corp,US,1681622,us_cboe_secondary_sec_v2_38bk,EVALUATED_NOT_UNICORN,us_fundamental_momentum_flag_false:no_real_margin_expansion,0.04143,,-0.083235,3679,"Electronic Components, NEC",false,VREX,v2.38BT-global-unicorn-flag
U29479,VSATn,ViaSat Inc,US,797721,us_cboe_secondary_sec_v2_38bk,EVALUATED_NOT_UNICORN,us_fundamental_momentum_flag_false:no_real_positive_free_cash_flow,0.026708,,-0.007346,4899,"Communications Services, NEC",false,VSAT,v2.38BT-global-unicorn-flag
U29487,VSHn,Vishay Intertechnology Inc,US,103730,us_cboe_secondary_sec_v2_38bk,EVALUATED_NOT_UNICORN,us_fundamental_momentum_flag_false:no_real_positive_free_cash_flow,0.044751,,-0.002925,3670,Electronic Components & Accessories,false,VSH,v2.38BT-global-unicorn-flag
U29533,W1Xd,Wix.com Ltd,US,1576789,us_cboe_secondary_sec_v2_38bk,EVALUATED_NOT_UNICORN,us_fundamental_momentum_flag_false:no_real_positive_free_cash_flow,0.27623,0.528382,0.025411,7370,"Services-Computer Programming, Data Processing, Etc.",false,WIX,v2.38BT-global-unicorn-flag
U29680,WMSn,Advanced Drainage Systems Inc,US,1604028,us_cboe_secondary_sec_v2_38bk,EVALUATED_NOT_UNICORN,us_fundamental_momentum_flag_false:no_real_margin_expansion,0.050316,-0.052662,0.139807,3086,Plastics Foam Products,false,WMS,v2.38BT-global-unicorn-flag
U29683,WNCn,Wabash National Corp,US,879526,us_cboe_secondary_sec_v2_38bk,EVALUATED_NOT_UNICORN,"us_fundamental_momentum_flag_false:revenue_growth_not_positive,no_real_positive_free_cash_flow",-0.207519,,0.137061,3715,Truck Trailers,false,WNC,v2.38BT-global-unicorn-flag
U29719,WPSd,West Pharmaceutical Services Inc,US,105770,us_cboe_secondary_sec_v2_38bk,EVALUATED_NOT_UNICORN,us_fundamental_momentum_flag_false:no_real_margin_expansion,0.062526,0.00203,0.1606,3841,Surgical & Medical Instruments & Apparatus,false,WST,v2.38BT-global-unicorn-flag
U29737,WS11d,WillScot Holdings Corp,US,1647088,us_cboe_secondary_sec_v2_38bk,EVALUATED_NOT_UNICORN,"us_fundamental_momentum_flag_false:revenue_growth_not_positive,no_real_margin_expansion",-0.047698,-2.883821,-0.023226,7350,Services-Miscellaneous Equipment Rental & Leasing,false,WSC,v2.38BT-global-unicorn-flag
U29807,X06d,Versant Media Group Inc,US,2067876,us_cboe_secondary_sec_v2_38bk,INSUFFICIENT_DATA,us_growth_features_not_computable_for_this_company,,,0.139055,4833,Television Broadcasting Stations,false,VSNT,v2.38BT-global-unicorn-flag
U30228,Y1Fd,First American Financial Corp,US,1472787,us_cboe_secondary_sec_v2_38bk,EVALUATED_NOT_UNICORN,us_fundamental_momentum_flag_false:no_real_positive_free_cash_flow,0.21607,3.742944,0.083438,6361,Title Insurance,true,FAF,v2.38BT-global-unicorn-flag
U30237,YDO1d,Madrigal Pharmaceuticals Inc,US,1157601,us_cboe_secondary_sec_v2_38bk,EVALUATED_NOT_UNICORN,us_fundamental_momentum_flag_false:no_real_positive_free_cash_flow,4.32053,,-0.300796,2834,Pharmaceutical Preparations,false,MDGL,v2.38BT-global-unicorn-flag
U30291,ZBRAn,Zebra Technologies Corp,US,877212,us_cboe_secondary_sec_v2_38bk,EVALUATED_NOT_UNICORN,us_fundamental_momentum_flag_false:no_real_margin_expansion,0.083317,-0.206439,0.07765,3560,General Industrial Machinery & Equipment,false,ZBRA,v2.38BT-global-unicorn-flag
U30303,ZGV3d,Gevo Inc,US,1392380,us_cboe_secondary_sec_v2_38bk,EVALUATED_NOT_UNICORN,us_fundamental_momentum_flag_false:no_real_positive_free_cash_flow,8.493349,,-0.210711,2860,Industrial Organic Chemicals,false,GEVO,v2.38BT-global-unicorn-flag
U30305,ZIMd,Zimmer Biomet Holdings Inc,US,1136869,us_cboe_secondary_sec_v2_38bk,EVALUATED_NOT_UNICORN,us_fundamental_momentum_flag_false:no_real_margin_expansion,0.072005,-0.21985,0.085659,3842,"Orthopedic, Prosthetic & Surgical Appliances & Supplies",false,ZBH,v2.38BT-global-unicorn-flag
U04441,JOBY,"Joby Aviation, Inc.",US,1819848,us_joby_v2_38ba,EVALUATED_NOT_UNICORN,us_fundamental_momentum_flag_false:no_real_positive_free_cash_flow,391.830882,,-17.404623,3721,Aircraft,false,JOBY,v2.38BT-global-unicorn-flag
U37518,JOBY,"Joby Aviation, Inc.",US,1819848,us_joby_v2_38ba,DUPLICATE_LISTING,duplicate_listing_of_U04441_same_sec_cik_1819848,391.830882,,-17.404623,3721,Aircraft,false,JOBY,v2.38BT-global-unicorn-flag
U36865,XD4,STRABAG SE,AT,,europe_austria_v2_38ak,EVALUATED_NOT_UNICORN,europe_austria_criteria_not_met:no_real_margin_expansion,0.048231,0.039842,,,,,,v2.38BT-global-unicorn-flag
U36866,RAW,Raiffeisen Bank International AG,AT,,europe_austria_v2_38ak,INSUFFICIENT_DATA,europe_austria_growth_features_not_computable_for_this_company,,,,,,,,v2.38BT-global-unicorn-flag
U36867,ABS2,PORR AG,AT,,europe_austria_v2_38ak,EVALUATED_UNICORN,europe_austria_real_revenue_growth_positive_and_accelerating_and_margin_expanding_no_free_cash_flow_data_available_for_austria,0.074721,0.181345,,,,,,v2.38BT-global-unicorn-flag
U36868,EBO,ERSTE GROUP BANK AG,AT,,europe_austria_v2_38ak,INSUFFICIENT_DATA,europe_austria_growth_features_not_computable_for_this_company,,,,,,,,v2.38BT-global-unicorn-flag
U36869,AZ2,Andritz AG,AT,,europe_austria_v2_38ak,EVALUATED_NOT_UNICORN,"europe_austria_criteria_not_met:no_real_growth_acceleration,no_real_margin_expansion",0.125596,-0.204843,,,,,,v2.38BT-global-unicorn-flag
U36870,OMV,OMV AKTIENGESELLSCHAFT,AT,,europe_austria_v2_38ak,EVALUATED_NOT_UNICORN,europe_austria_criteria_not_met:no_real_growth_acceleration,0.076674,0.103598,,,,,,v2.38BT-global-unicorn-flag
U36871,OEWA,VERBUND AG,AT,,europe_austria_v2_38ak,INSUFFICIENT_DATA,europe_austria_growth_features_not_computable_for_this_company,,,,,,,,v2.38BT-global-unicorn-flag
U36872,FAA,Fabasoft AG,AT,,europe_austria_v2_38ak,INSUFFICIENT_DATA,europe_austria_growth_features_not_computable_for_this_company,,,,,,,,v2.38BT-global-unicorn-flag
U36873,UN9,UNIQA Insurance Group AG,AT,,europe_austria_v2_38ak,INSUFFICIENT_DATA,europe_austria_growth_features_not_computable_for_this_company,,,,,,,,v2.38BT-global-unicorn-flag
U36874,WIB,Wienerberger AG,AT,,europe_austria_v2_38ak,INSUFFICIENT_DATA,europe_austria_growth_features_not_computable_for_this_company,,,,,,,,v2.38BT-global-unicorn-flag
U36875,VAS,voestalpine AG,AT,,europe_austria_v2_38ak,EVALUATED_NOT_UNICORN,"europe_austria_criteria_not_met:revenue_growth_not_positive,no_real_growth_acceleration,no_real_margin_expansion",-0.04226,,,,,,,v2.38BT-global-unicorn-flag
U36876,SLL,SBO AG,AT,,europe_austria_v2_38ak,EVALUATED_NOT_UNICORN,europe_austria_criteria_not_met:no_real_growth_acceleration,0.007502,0.357916,,,,,,v2.38BT-global-unicorn-flag
U36877,KTN,Kontron AG,AT,,europe_austria_v2_38ak,EVALUATED_NOT_UNICORN,europe_austria_criteria_not_met:no_real_margin_expansion,0.025003,-0.960146,,,,,,v2.38BT-global-unicorn-flag
U36878,WAH,Wolftank Group AG,AT,,europe_austria_v2_38ak,EVALUATED_NOT_UNICORN,"europe_austria_criteria_not_met:revenue_growth_not_positive,no_real_growth_acceleration,no_real_margin_expansion",-0.238722,,,,,,,v2.38BT-global-unicorn-flag
U36879,GEPH,EPH Group AG,AT,,europe_austria_v2_38ak,INSUFFICIENT_DATA,europe_austria_growth_features_not_computable_for_this_company,,,,,,,,v2.38BT-global-unicorn-flag
U36880,4X0,Steyr Motors AG,AT,,europe_austria_v2_38ak,INSUFFICIENT_DATA,europe_austria_growth_features_not_computable_for_this_company,,,,,,,,v2.38BT-global-unicorn-flag
U36881,O3P,Österreichische Post Aktiengesellschaft,AT,,europe_austria_v2_38ak,EVALUATED_NOT_UNICORN,"europe_austria_criteria_not_met:revenue_growth_not_positive,no_real_growth_acceleration",-0.006122,0.095813,,,,,,v2.38BT-global-unicorn-flag
U36882,0B2,BAWAG Group AG,AT,,europe_austria_v2_38ak,INSUFFICIENT_DATA,europe_austria_growth_features_not_computable_for_this_company,,,,,,,,v2.38BT-global-unicorn-flag
U36883,1AST,ASTA Energy Solutions AG,AT,,europe_austria_v2_38ak,EVALUATED_NOT_UNICORN,"europe_austria_criteria_not_met:no_real_growth_acceleration,no_real_margin_expansion",0.194836,-0.798903,,,,,,v2.38BT-global-unicorn-flag
U36884,FQT,FREQUENTIS AG,AT,,europe_austria_v2_38ak,EVALUATED_NOT_UNICORN,europe_austria_criteria_not_met:no_real_margin_expansion,0.140235,-0.122867,,,,,,v2.38BT-global-unicorn-flag
