asset_id,ticker,company_name,exchange,price_rows,date_start,date_end,trading_days_1y,adjusted_prices_available,price_feature_quality_status,features_calculated,features_missing,quality_flags,return_1m,return_3m,return_6m,return_12m,price_vs_sma_50,price_vs_sma_200,sma_50_vs_sma_200,volatility_3m,volatility_6m,max_drawdown_6m,max_drawdown_12m,downside_volatility_6m,avg_volume_1m,avg_volume_3m,momentum_consistency_flag,trend_positive_flag,recent_high_breakout_flag,near_52w_high_flag,recovery_from_drawdown_flag,price_acceleration_flag,liquidity_available_flag,phase
U00006,AAL,"American Airlines Group, Inc. - Common Stock",,669,2024-01-02,2026-09-01,252,false,PRICE_FEATURES_READY,21,,adjusted_prices_unavailable,-0.192643,-0.070352,0.039326,-0.031414,-0.164462,-0.069831,0.113258,0.510628,0.507547,-0.286501,-0.373924,0.267464,57226484.428571,106182632.904762,false,false,false,false,false,false,true,v2.38H
U00007,AAME,Atlantic American Corporation - Common Stock,,669,2024-01-02,2026-09-01,252,false,PRICE_FEATURES_READY,21,,adjusted_prices_unavailable,-0.136943,-0.332512,-0.478846,-0.597923,-0.123715,-0.402485,-0.318127,0.672179,0.584905,-0.537634,-0.626087,0.318389,157546.190476,63086.825397,false,false,false,false,false,false,true,v2.38H
U00008,AAOI,"Applied Optoelectronics, Inc. - Common Stock",,671,2024-01-02,2026-09-01,252,false,PRICE_FEATURES_READY,21,,adjusted_prices_unavailable,-0.061882,-0.489104,0.084435,3.272314,-0.139207,0.03096,0.197686,1.4143,1.470183,-0.657015,-0.657015,0.732296,11932363.095238,11641311.507937,false,false,false,false,false,false,true,v2.38H
U00009,AAON,"AAON, Inc. - Common Stock",,669,2024-01-02,2026-09-01,252,false,PRICE_FEATURES_READY,21,,adjusted_prices_unavailable,-0.185933,-0.474913,-0.209588,-0.091621,-0.238341,-0.23734,0.001315,0.569568,0.718622,-0.491737,-0.491737,0.377216,1204422.285714,1092405.84127,false,false,false,false,false,false,true,v2.38H
U00011,AAPL,Apple Inc. - Common Stock,,669,2024-01-02,2026-09-01,252,false,PRICE_FEATURES_READY,21,,adjusted_prices_unavailable,0.071551,0.031504,0.23272,0.400577,0.038956,0.148591,0.105525,0.319274,0.272475,-0.127062,-0.13823,0.207207,41894743.380952,54944258.904762,true,true,false,true,false,true,true,v2.38H
U00012,AARD,"Aardvark Therapeutics, Inc. - Common Stock",,389,2025-02-13,2026-09-01,252,false,PRICE_FEATURES_READY,21,,adjusted_prices_unavailable,-0.163842,0.491184,0.208163,-0.286747,-0.054117,-0.263459,-0.22132,1.589952,1.368049,-0.482912,-0.800115,0.872159,128655.142857,249183.460317,false,false,false,false,true,false,true,v2.38H
U00013,ABAT,American Battery Technology Company - Common Stock,,669,2024-01-02,2026-09-01,252,false,PRICE_FEATURES_READY,21,,adjusted_prices_unavailable,0.21028,-0.34264,-0.26,0.048583,0.035876,-0.223761,-0.250644,0.950069,0.863606,-0.482234,-0.819947,0.493471,3218338.095238,5076347.619048,false,false,false,false,false,false,true,v2.38H
U00014,ABCL,AbCellera Biologics Inc. - Common Shares,,669,2024-01-02,2026-09-01,252,false,PRICE_FEATURES_READY,21,,adjusted_prices_unavailable,0.93482,0.840131,2.040431,1.698565,0.393453,1.24746,0.612871,1.151838,0.948684,-0.353448,-0.549433,0.426979,10230200.761905,7762909.777778,true,true,false,true,true,true,true,v2.38H
U00015,ABEO,Abeona Therapeutics Inc. - Common Stock,,670,2024-01-02,2026-09-01,252,false,PRICE_FEATURES_READY,21,,adjusted_prices_unavailable,-0.064163,0.050967,0.210526,-0.124451,-0.066267,0.092557,0.170095,0.566717,0.520715,-0.215818,-0.4,0.355059,1566365.714286,1383801.269841,false,false,false,false,false,false,true,v2.38H
U00016,ABLV,Able View Global Inc. - Class B Ordinary Shares,,669,2024-01-02,2026-09-01,252,false,PRICE_FEATURES_READY,21,,adjusted_prices_unavailable,0.350649,-0.079646,0.630094,0.229314,0.092919,0.262182,0.154872,0.89064,1.066584,-0.42437,-0.528455,0.562772,33103.619048,63121.84127,false,true,false,false,false,false,true,v2.38H
U00017,ABNB,"Airbnb, Inc. - Class A Common Stock",,669,2024-01-02,2026-09-01,252,false,PRICE_FEATURES_READY,21,,adjusted_prices_unavailable,0.211796,0.358727,0.372106,0.398491,0.137662,0.318384,0.158854,0.467972,0.397719,-0.104591,-0.172128,0.182708,5738879.095238,4356310.492063,true,true,false,true,false,true,true,v2.38H
U00018,ABOS,"Acumen Pharmaceuticals, Inc. - Common Stock",,669,2024-01-02,2026-09-01,252,false,PRICE_FEATURES_READY,21,,adjusted_prices_unavailable,0.33945,0.232068,-0.117825,1.147059,0.151193,0.205615,0.047275,0.72509,0.697573,-0.373887,-0.373887,0.379804,352625.809524,467056.222222,false,true,false,false,true,true,true,v2.38H
U00019,ABSI,Absci Corporation - Common Stock,,669,2024-01-02,2026-09-01,252,false,PRICE_FEATURES_READY,21,,adjusted_prices_unavailable,0.114754,0.392126,2.439689,2.698745,-0.046571,0.705156,0.788447,1.2423,1.141354,-0.406196,-0.54,0.496641,2787547.761905,4835776.238095,true,false,false,false,true,false,true,v2.38H
U00020,ABTC,American Bitcoin Corp. - Class A Common Stock,,669,2024-01-02,2026-09-01,252,false,PRICE_FEATURES_READY,21,,adjusted_prices_unavailable,0.317949,6.740964,6.485437,0.001299,0.342294,1.97394,1.215566,28.251047,19.979318,-0.580597,-0.939635,0.594767,1635317.952381,6829753.603175,true,true,false,false,true,false,true,v2.38H
U00021,ABTS,Abits Group Inc - Ordinary Shares,,669,2024-01-02,2026-09-01,252,false,PRICE_FEATURES_READY,21,,adjusted_prices_unavailable,0.445199,-0.422481,-0.404,-0.603723,0.202175,-0.446976,-0.53998,1.368113,2.126554,-0.720275,-0.92074,0.942668,119763.952381,256632.428571,false,false,false,false,false,false,true,v2.38H
U00022,ABUS,Arbutus Biopharma Corporation - Common Stock,,669,2024-01-02,2026-09-01,252,false,PRICE_FEATURES_READY,21,,adjusted_prices_unavailable,0.167431,0.194836,0.085288,0.371968,0.080312,0.13578,0.051344,0.415411,0.428384,-0.178161,-0.258586,0.252338,3939830.380952,2790864.095238,true,true,false,true,true,true,true,v2.38H
U00023,ABVC,"ABVC BioPharma, Inc. - Common Stock",,669,2024-01-02,2026-09-01,252,false,PRICE_FEATURES_READY,21,,adjusted_prices_unavailable,-0.206731,-0.34,-0.419014,-0.708481,-0.29866,-0.464553,-0.236538,1.040498,0.987233,-0.64802,-0.783891,0.648843,108504.761905,136644.444444,false,false,false,false,false,false,true,v2.38H
U00025,ACAD,ACADIA Pharmaceuticals Inc. - Common Stock,,669,2024-01-02,2026-09-01,252,false,PRICE_FEATURES_READY,21,,adjusted_prices_unavailable,0.128075,0.382958,0.284,0.111581,0.070642,0.184026,0.105903,0.351771,0.366517,-0.131253,-0.275837,0.190231,1732176.428571,1614979.444444,true,true,false,true,true,true,true,v2.38H
U00027,ACCL,Acco Group Holdings Limited - Class A Ordinary Shares,,219,2025-10-17,2026-09-01,219,false,PRICE_FEATURES_PARTIAL,19,max_drawdown_12m|return_12m,adjusted_prices_unavailable|less_than_252_sessions,0.292576,1.055556,1.041379,,0.277801,0.385233,0.084076,0.797909,0.691335,-0.196319,,0.345579,41486.619048,449979.666667,true,true,false,false,false,false,true,v2.38H
U00028,ACDC,ProFrac Holding Corp. - Class A Common Stock,,669,2024-01-02,2026-09-01,252,false,PRICE_FEATURES_READY,21,,adjusted_prices_unavailable,0.214112,-0.316438,-0.003992,0.2475,0.023548,-0.076712,-0.097954,0.960112,0.888152,-0.552109,-0.552109,0.461257,1973365.285714,1624118.587302,false,false,false,false,false,false,true,v2.38H
U00029,ACET,"Adicet Bio, Inc. - Common Stock",,669,2024-01-02,2026-09-01,252,false,PRICE_FEATURES_READY,21,,adjusted_prices_unavailable,0.002165,0.1418,0.319088,-0.196181,0.072628,0.145823,0.068238,0.636831,0.686761,-0.22449,-0.632812,0.440383,95009.52381,90941.269841,true,true,false,false,false,false,true,v2.38H
U00030,ACFN,"Acorn Energy, Inc. - Common Stock",,672,2024-01-02,2026-09-01,252,false,PRICE_FEATURES_READY,21,,adjusted_prices_unavailable,0.027331,0.12434,-0.148,-0.306941,0.023328,0.078684,0.054095,0.522621,0.624527,-0.274862,-0.581099,0.449461,67418.285714,29141.015873,false,true,false,false,false,false,true,v2.38H
U00032,ACGL,Arch Capital Group Ltd. - Common Stock,,669,2024-01-02,2026-09-01,252,false,PRICE_FEATURES_READY,21,,adjusted_prices_unavailable,-0.024822,0.125428,-0.018611,0.077352,-0.011936,0.027141,0.039549,0.228919,0.220961,-0.113606,-0.140812,0.149369,1748943.619048,1975771.68254,false,false,false,true,false,false,true,v2.38H
U00033,ACHC,"Acadia Healthcare Company, Inc. - Common Stock",,669,2024-01-02,2026-09-01,252,false,PRICE_FEATURES_READY,21,,adjusted_prices_unavailable,-0.076496,0.156839,0.228795,0.230401,-0.07189,0.241166,0.337305,0.643995,0.584484,-0.242628,-0.571061,0.436673,1667023.809524,2763065.079365,false,false,false,false,true,false,true,v2.38H
U00034,ACHV,"Achieve Life Sciences, Inc. - Common Shares",,671,2024-01-02,2026-09-02,252,false,PRICE_FEATURES_READY,21,,adjusted_prices_unavailable,0.310665,0.723577,0.851528,1.90411,0.24585,0.661117,0.33332,0.612915,0.947,-0.397727,-0.545455,0.73424,1363609.52381,1797550.793651,true,true,false,true,true,true,true,v2.38H
U00035,ACIC,American Coastal Insurance Corporation - Common Stock,,669,2024-01-02,2026-09-01,252,false,PRICE_FEATURES_READY,21,,adjusted_prices_unavailable,-0.143641,-0.102589,-0.193103,-0.152941,-0.097222,-0.158829,-0.068242,0.356167,0.355156,-0.250612,-0.295472,0.329332,295922.761905,301464.730159,false,false,false,false,false,false,true,v2.38H
U00037,ACIW,"ACI Worldwide, Inc. - Common Stock",,669,2024-01-02,2026-09-01,252,false,PRICE_FEATURES_READY,21,,adjusted_prices_unavailable,-0.107025,0.172043,0.237141,0.038095,-0.054354,0.109436,0.173205,0.36449,0.361115,-0.148721,-0.282544,0.225638,1064604.666667,1049806.31746,false,false,false,false,true,false,true,v2.38H
U00038,ACLS,"Axcelis Technologies, Inc. - Common Stock",,669,2024-01-02,2026-09-01,252,false,PRICE_FEATURES_READY,21,,adjusted_prices_unavailable,-0.160387,-0.306651,0.281905,0.375437,-0.20818,-0.052662,0.196406,0.859396,0.793103,-0.425418,-0.425418,0.492557,353847.809524,512192.126984,false,false,false,false,false,false,true,v2.38H
U00039,ACMR,"ACM Research, Inc. - Class A Common Stock",,669,2024-01-02,2026-09-01,252,false,PRICE_FEATURES_READY,21,,adjusted_prices_unavailable,-0.109359,-0.238033,0.358945,1.481928,-0.201554,0.117788,0.399954,1.10179,0.956719,-0.485381,-0.485381,0.563196,915918.904762,1323639.634921,false,false,false,false,false,false,true,v2.38H
U00040,ACNB,ACNB Corporation - Common Stock,,669,2024-01-02,2026-09-01,252,false,PRICE_FEATURES_READY,21,,adjusted_prices_unavailable,-0.008369,0.19099,0.277811,0.411739,0.025022,0.193649,0.164511,0.230008,0.239872,-0.103168,-0.148364,0.139289,70531.285714,74534.238095,false,true,false,true,false,false,true,v2.38H
U00041,ACNT,Ascent Industries Co. - Common Stock,,669,2024-01-02,2026-09-01,252,false,PRICE_FEATURES_READY,21,,adjusted_prices_unavailable,-0.027688,0.101386,-0.131185,0.235679,-0.002431,0.013062,0.015531,0.255849,0.404205,-0.121739,-0.318335,0.458622,55455.095238,68429.47619,false,false,false,false,false,false,true,v2.38H
U00042,ACOG,Alpha Cognition Inc. - Common Stock,,451,2024-11-12,2026-09-01,252,false,PRICE_FEATURES_READY,21,,adjusted_prices_unavailable,0.087782,0.483819,0.594783,0.104819,0.087472,0.398708,0.286201,0.56335,0.59104,-0.214592,-0.540816,0.29973,163152.904762,103673.190476,true,true,false,true,true,false,true,v2.38H
U00043,ACON,"Aclarion, Inc. - Common Stock",,669,2024-01-02,2026-09-01,252,false,PRICE_FEATURES_READY,21,,adjusted_prices_unavailable,-0.012712,-0.334286,-0.130597,-0.674944,-0.09366,-0.354125,-0.287381,0.630955,0.655728,-0.459786,-0.792054,0.360982,67787.285714,61797.349206,false,false,false,false,false,false,true,v2.38H
U00044,ACRS,"Aclaris Therapeutics, Inc. - Common Stock",,669,2024-01-02,2026-09-01,252,false,PRICE_FEATURES_READY,21,,adjusted_prices_unavailable,0.088608,0.300216,0.980263,2.119171,0.059523,0.447463,0.366146,0.55794,0.615676,-0.194499,-0.366446,0.330502,1901609.619048,1883447.650794,true,true,false,true,true,false,true,v2.38H
U00045,ACRV,"Acrivon Therapeutics, Inc. - Common Stock",,670,2024-01-02,2026-09-02,252,false,PRICE_FEATURES_READY,21,,adjusted_prices_unavailable,0.378205,0.423841,0.272189,0.604478,0.166576,0.156971,-0.008233,0.725641,0.71408,-0.364055,-0.571429,0.374891,367576.190476,390847.619048,true,false,false,false,true,true,true,v2.38H
U00046,ACT,"Enact Holdings, Inc. - Common Stock",,669,2024-01-02,2026-09-01,252,false,PRICE_FEATURES_READY,21,,adjusted_prices_unavailable,0.011487,0.176914,0.156123,0.286321,0.025243,0.136107,0.108135,0.181171,0.187081,-0.081711,-0.10961,0.122532,323015.238095,343214.603175,true,true,false,true,false,false,true,v2.38H
U00047,ACTG,Acacia Research Corporation - Common Stock,,669,2024-01-02,2026-09-01,252,false,PRICE_FEATURES_READY,21,,adjusted_prices_unavailable,-0.023758,-0.044397,0.094431,0.325513,-0.010291,0.03,0.04071,0.245339,0.387813,-0.153101,-0.153101,0.191082,256533.714286,254201.714286,false,false,false,false,false,false,true,v2.38H
U00048,ACTU,"Actuate Therapeutics, Inc. - Common stock",,516,2024-08-13,2026-09-02,252,false,PRICE_FEATURES_READY,21,,adjusted_prices_unavailable,0.160714,-0.285714,-0.57377,-0.850575,-0.029126,-0.612545,-0.600921,1.290994,1.253683,-0.709581,-0.888761,0.627223,416552.380952,352358.730159,false,false,false,false,false,false,true,v2.38H
U00053,ADBE,Adobe Inc. - Common Stock,,669,2024-01-02,2026-09-01,252,false,PRICE_FEATURES_READY,21,,adjusted_prices_unavailable,0.138219,0.09145,0.055685,-0.197982,0.172675,0.064589,-0.092171,0.492107,0.465209,-0.318066,-0.473657,0.290995,4296214.0,6219112.603175,true,false,false,false,false,true,true,v2.38H
U00054,ADEA,Adeia Inc. - Common Stock,,669,2024-01-02,2026-09-01,252,false,PRICE_FEATURES_READY,21,,adjusted_prices_unavailable,-0.123066,-0.205153,0.225855,0.620346,-0.127168,0.031887,0.182228,0.671564,0.678504,-0.311329,-0.34814,0.474243,938624.619048,1531275.746032,false,false,false,false,false,false,true,v2.38H
U00056,ADI,"Analog Devices, Inc. - Common Stock",,669,2024-01-02,2026-09-01,252,false,PRICE_FEATURES_READY,21,,adjusted_prices_unavailable,-0.020338,-0.162287,0.045813,0.410688,-0.068629,0.02333,0.098735,0.426244,0.411119,-0.206766,-0.206766,0.267607,3571749.952381,4434496.015873,false,false,false,false,false,false,true,v2.38H
U00058,ADMA,ADMA Biologics Inc - Common Stock,,669,2024-01-02,2026-09-01,252,false,PRICE_FEATURES_READY,21,,adjusted_prices_unavailable,0.067506,0.227632,-0.430403,-0.459444,0.02594,-0.267179,-0.285708,0.380038,0.620595,-0.540508,-0.627085,0.565426,2247335.428571,2829051.492063,false,false,false,false,true,false,true,v2.38H
U00059,ADP,"Automatic Data Processing, Inc. - Common Stock",,669,2024-01-02,2026-09-01,252,false,PRICE_FEATURES_READY,21,,adjusted_prices_unavailable,0.050819,0.226274,0.310815,-0.06762,0.09759,0.198071,0.091547,0.294003,0.307963,-0.165532,-0.373186,0.146221,2082552.47619,2505801.619048,true,true,false,true,true,false,true,v2.38H
U00060,ADPT,Adaptive Biotechnologies Corporation - Common Stock,,669,2024-01-02,2026-09-01,252,false,PRICE_FEATURES_READY,21,,adjusted_prices_unavailable,0.053224,0.607662,0.513682,0.846737,0.052386,0.388925,0.319786,0.669447,0.681948,-0.245134,-0.393451,0.423053,2050809.428571,2952548.746032,true,true,false,true,true,false,true,v2.38H
U00062,ADSK,"Autodesk, Inc. - Common Stock",,669,2024-01-02,2026-09-01,252,false,PRICE_FEATURES_READY,21,,adjusted_prices_unavailable,0.055302,0.046607,-0.022534,-0.212933,0.085627,-0.001087,-0.079875,0.441358,0.415092,-0.289262,-0.425564,0.273921,1879307.238095,2505175.428571,false,false,false,false,false,true,true,v2.38H
U00063,ADTN,"ADTRAN Holdings, Inc. - Common Stock",,669,2024-01-02,2026-09-01,252,false,PRICE_FEATURES_READY,21,,adjusted_prices_unavailable,-0.156885,-0.590909,-0.243927,-0.203625,-0.266035,-0.3455,-0.108268,0.667135,0.749744,-0.614948,-0.614948,0.574964,2027185.285714,2173641.126984,false,false,false,false,false,false,true,v2.38H
U00065,ADUS,Addus HomeCare Corporation - Common Stock,,669,2024-01-02,2026-09-01,252,false,PRICE_FEATURES_READY,21,,adjusted_prices_unavailable,-0.01918,0.266446,0.108262,-0.005383,0.017893,0.086043,0.066953,0.243785,0.25071,-0.162661,-0.279104,0.144041,200346.52381,232731.380952,false,true,false,true,true,false,true,v2.38H
U00066,ADV,Advantage Solutions Inc. - Class A Common Stock,,669,2024-01-02,2026-09-01,252,false,PRICE_FEATURES_READY,21,,adjusted_prices_unavailable,-0.177049,-0.092098,1.377413,-0.282857,-0.117295,0.139478,0.290892,0.980438,1.02934,-0.458778,-0.743878,0.869155,109136.809524,135951.952381,false,false,false,false,false,false,true,v2.38H
U00069,AEBI,Aebi Schmidt Holding AG - Common Stock,,295,2025-07-01,2026-09-01,252,false,PRICE_FEATURES_READY,21,,adjusted_prices_unavailable,-0.094666,-0.020325,-0.147808,-0.019528,-0.045182,-0.04792,-0.002868,0.434591,0.588053,-0.370572,-0.408072,0.405019,479442.571429,346650.698413,false,false,false,false,false,false,true,v2.38H
U00072,AEHR,Aehr Test Systems - Common Stock,,669,2024-01-02,2026-09-01,252,false,PRICE_FEATURES_READY,21,,adjusted_prices_unavailable,-0.164868,-0.322212,0.839337,2.069739,-0.166552,0.238752,0.486299,1.466389,1.423653,-0.474006,-0.474006,0.673363,2370403.619048,2484569.460317,false,false,false,false,false,false,true,v2.38H
U00073,AEI,Alset Inc. - Common Stock,,671,2024-01-02,2026-09-01,252,false,PRICE_FEATURES_READY,21,,adjusted_prices_unavailable,0.333333,-0.072848,-0.267016,-0.007092,0.093835,-0.289439,-0.350395,0.961664,0.905683,-0.479592,-0.761124,0.387484,53371.857143,30160.460317,false,false,false,false,false,false,true,v2.38H
U00074,AEIS,"Advanced Energy Industries, Inc. - Common Stock",,669,2024-01-02,2026-09-01,252,false,PRICE_FEATURES_READY,21,,adjusted_prices_unavailable,-0.099129,-0.144998,-0.172016,0.783806,-0.136027,-0.104099,0.036955,0.817797,0.721728,-0.351009,-0.351009,0.453539,573588.666667,788240.666667,false,false,false,false,false,false,true,v2.38H
U00076,AENT,Alliance Entertainment Holding Corporation - common stock,,669,2024-01-02,2026-09-01,252,false,PRICE_FEATURES_READY,21,,adjusted_prices_unavailable,-0.079579,-0.130536,-0.190741,-0.054468,-0.12028,-0.230118,-0.124857,0.46604,0.521395,-0.375,-0.451957,0.358534,18113.666667,17902.968254,false,false,false,false,false,false,true,v2.38H
U00078,AERT,"Aeries Technology, Inc. - Class A Ordinary Share",,669,2024-01-02,2026-09-01,252,false,PRICE_FEATURES_READY,21,,adjusted_prices_unavailable,0.109756,0.166667,1.20339,0.255172,0.06056,0.451606,0.368717,1.190771,1.178315,-0.402148,-0.692473,0.905091,17199.190476,37848.746032,true,true,false,true,true,true,true,v2.38H
U00080,AEVA,"Aeva Technologies, Inc. - Common Stock",,669,2024-01-02,2026-09-01,252,false,PRICE_FEATURES_READY,21,,adjusted_prices_unavailable,-0.197175,-0.467579,0.057981,-0.001689,-0.255723,-0.130665,0.168026,1.322309,1.237601,-0.522363,-0.522363,0.629314,1927639.095238,1968597.15873,false,false,false,false,false,false,true,v2.38H
U00081,AEYE,"AudioEye, Inc. - Common Stock",,669,2024-01-02,2026-09-01,252,false,PRICE_FEATURES_READY,21,,adjusted_prices_unavailable,0.186125,-0.143032,-0.046259,-0.454475,0.07036,-0.110016,-0.168519,0.977091,0.873138,-0.340802,-0.648666,0.509959,149180.619048,133579.253968,false,false,false,false,false,false,true,v2.38H
U00085,AFRI,Forafric Global PLC - Ordinary Shares,,669,2024-01-02,2026-09-01,252,false,PRICE_FEATURES_READY,21,,adjusted_prices_unavailable,0.070076,0.140262,0.168563,0.300345,0.07041,0.112065,0.038915,0.274036,0.259849,-0.060823,-0.174645,0.132169,18480.761905,21257.079365,true,true,true,true,false,true,true,v2.38H
U00086,AFRM,"Affirm Holdings, Inc. - Class A Common Stock",,669,2024-01-02,2026-09-01,252,false,PRICE_FEATURES_READY,21,,adjusted_prices_unavailable,-0.075235,-0.015068,0.462262,-0.20936,-0.094036,0.052219,0.161435,0.571935,0.574804,-0.189905,-0.53862,0.301233,4972372.571429,4381508.31746,false,false,false,false,false,false,true,v2.38H
U00090,AGIO,"Agios Pharmaceuticals, Inc. - Common Stock",,669,2024-01-02,2026-09-01,252,false,PRICE_FEATURES_READY,21,,adjusted_prices_unavailable,0.12017,0.290456,0.201194,-0.092814,-0.044397,0.115866,0.167709,0.581726,0.641804,-0.317882,-0.508903,0.529113,977261.47619,1137817.31746,true,false,false,false,true,true,true,v2.38H
U00092,AGMH,AGM Group Holdings Inc. - Class A Ordinary Shares,,669,2024-01-02,2026-09-01,252,false,PRICE_FEATURES_READY,21,,adjusted_prices_unavailable,0.084337,-0.266504,-0.296875,-0.540816,-0.123098,-0.383644,-0.297121,1.013927,1.042341,-0.485816,-0.929884,0.663142,58904.333333,151652.238095,false,false,false,false,false,false,true,v2.38H
U00094,AGNT,"AGNT, Inc. - Common Stock",,669,2024-01-02,2026-09-01,252,false,PRICE_FEATURES_READY,21,,adjusted_prices_unavailable,-0.043902,-0.185031,-0.441595,-0.638042,-0.131032,-0.420438,-0.333045,0.642324,0.583311,-0.440058,-0.675424,0.371442,1263827.47619,1406083.761905,false,false,false,false,false,false,true,v2.38H
U00097,AGYS,"Agilysys, Inc. - Common Stock",,669,2024-01-02,2026-09-01,252,false,PRICE_FEATURES_READY,21,,adjusted_prices_unavailable,0.02562,0.25351,0.433907,0.030883,0.040584,0.185045,0.138827,0.489933,0.514091,-0.222722,-0.559311,0.269722,266924.190476,319709.650794,true,true,false,false,true,false,true,v2.38H
U00098,AHCO,AdaptHealth Corp. - Common Stock,,669,2024-01-02,2026-09-01,252,false,PRICE_FEATURES_READY,21,,adjusted_prices_unavailable,-0.491228,-0.429016,-0.41383,-0.419389,-0.35359,-0.450388,-0.149747,0.890182,0.710009,-0.609865,-0.609865,0.837526,4636308.238095,2430893.222222,false,false,false,false,false,false,true,v2.38H
U00099,AHMA,Ambitions Enterprise Management Co. L.L.C - Class A Ordinary Shares,,217,2025-10-21,2026-09-01,217,false,PRICE_FEATURES_PARTIAL,19,max_drawdown_12m|return_12m,adjusted_prices_unavailable|less_than_252_sessions,-0.035211,0.141667,-0.757951,,-0.184038,-0.739642,-0.680919,1.756097,1.997463,-0.867224,,1.199531,37985.238095,2963480.793651,false,false,false,false,false,false,true,v2.38H
U00104,AIFC,AI Financial Corporation - Common Stock,,669,2024-01-02,2026-09-01,252,false,PRICE_FEATURES_READY,21,,adjusted_prices_unavailable,0.35375,-0.314557,-0.62911,-0.931282,0.05385,-0.515526,-0.540282,0.927399,0.905457,-0.75974,-0.933692,0.501448,984555.428571,1108115.301587,false,false,false,false,false,false,true,v2.38H
U00106,AIFU,AIFU Inc. - Class A Ordinary Share,,669,2024-01-02,2026-09-01,252,false,PRICE_FEATURES_READY,21,,adjusted_prices_unavailable,-0.385237,8.195833,10.615789,3.370297,-0.336899,0.892309,1.853725,42.805977,30.270037,-0.778369,-0.827273,1.103491,39297.952381,29088.444444,false,false,false,false,true,false,true,v2.38H
U00107,AIHS,Senmiao Technology Limited - Common Stock,,669,2024-01-02,2026-09-01,252,false,PRICE_FEATURES_READY,21,,adjusted_prices_unavailable,0.158621,0.354839,0.322835,-0.288136,0.146993,0.29194,0.126372,0.979111,0.918825,-0.382857,-0.736434,0.472415,1839680.857143,772611.079365,true,true,false,false,true,true,true,v2.38H
U00108,AIIO,Robo.ai Inc. - Class B Ordinary Shares,,669,2024-01-02,2026-09-01,252,false,PRICE_FEATURES_READY,21,,adjusted_prices_unavailable,-0.309764,-0.257246,-0.38253,-0.936728,-0.374122,-0.513989,-0.223474,1.432001,2.885404,-0.815938,-0.98876,1.011205,544121.428571,1660469.047619,false,false,false,false,false,false,true,v2.38H
U00110,AIMD,"Ainos, Inc. - Common Stock",,669,2024-01-02,2026-09-01,252,false,PRICE_FEATURES_READY,21,,adjusted_prices_unavailable,-0.041379,-0.411017,-0.097403,-0.636126,-0.123581,-0.215111,-0.104435,0.73957,1.709855,-0.585443,-0.696471,0.556853,39319.047619,99431.746032,false,false,false,false,false,false,true,v2.38H
U00111,AIOS,AIOS Tech Inc. - Class A Common Shares,,669,2024-01-02,2026-09-01,252,false,PRICE_FEATURES_READY,21,,adjusted_prices_unavailable,0.049959,-0.112188,0.05082,-0.833073,-0.03667,-0.422325,-0.400336,1.324034,2.364488,-0.517157,-0.908159,0.872509,68066.666667,54915.873016,false,false,false,false,false,false,true,v2.38H
U00112,AIOT,"PowerFleet, Inc. - Common Stock",,550,2024-06-24,2026-09-01,252,false,PRICE_FEATURES_READY,21,,adjusted_prices_unavailable,-0.281863,-0.250639,-0.15562,-0.372591,-0.213254,-0.270555,-0.072833,0.891089,0.725533,-0.356009,-0.506195,0.638335,2660883.571429,1891842.142857,false,false,false,false,false,false,true,v2.38H
U00113,AIP,"Arteris, Inc. - Common Stock",,669,2024-01-02,2026-09-01,252,false,PRICE_FEATURES_READY,21,,adjusted_prices_unavailable,-0.311192,-0.453347,0.281829,1.201699,-0.335333,-0.127617,0.312512,0.930013,0.840029,-0.573163,-0.573163,0.578216,726512.047619,846957.984127,false,false,false,false,false,false,true,v2.38H
U00114,AIRE,reAlpha Tech Corp. - Common Stock,,669,2024-01-02,2026-09-01,252,false,PRICE_FEATURES_READY,21,,adjusted_prices_unavailable,0.027027,-0.40625,-0.798675,-0.843702,-0.059115,-0.753369,-0.737873,0.976166,1.074093,-0.850588,-0.964966,0.852332,239792.52381,123848.301587,false,false,false,false,false,false,true,v2.38H
U00115,AIRG,"Airgain, Inc. - Common Stock",,669,2024-01-02,2026-09-01,252,false,PRICE_FEATURES_READY,21,,adjusted_prices_unavailable,-0.11775,-0.320704,0.192399,0.183962,-0.126531,-0.062536,0.073265,0.383917,0.525201,-0.320704,-0.320704,0.250148,69797.190476,76291.126984,false,false,false,false,false,false,true,v2.38H
U00118,AIRS,"AirSculpt Technologies, Inc. - Common Stock",,670,2024-01-02,2026-09-01,252,false,PRICE_FEATURES_READY,21,,adjusted_prices_unavailable,-0.503074,-0.535441,0.397695,-0.624031,-0.389691,-0.273299,0.19071,1.194408,1.360033,-0.575306,-0.864378,0.961883,1053995.904762,701700.222222,false,false,false,false,false,false,true,v2.38H
U00119,AIRT,"Air T, Inc. - Common Stock",,669,2024-01-02,2026-09-01,252,false,PRICE_FEATURES_READY,21,,adjusted_prices_unavailable,0.031946,0.421333,0.559239,0.461609,0.124038,0.385426,0.232544,0.859174,0.669623,-0.211909,-0.283203,0.465068,15655.0,9827.825397,true,true,false,true,true,false,true,v2.38H
U00122,AKAM,"Akamai Technologies, Inc. - Common Stock",,669,2024-01-02,2026-09-01,252,false,PRICE_FEATURES_READY,21,,adjusted_prices_unavailable,-0.096878,-0.335953,0.042908,0.345381,-0.087582,-0.026139,0.067341,0.531639,0.691036,-0.344297,-0.344297,0.413766,3485900.142857,3673936.555556,false,false,false,false,false,false,true,v2.38H
U00124,AKBA,"Akebia Therapeutics, Inc. - Common Stock",,669,2024-01-02,2026-09-01,252,false,PRICE_FEATURES_READY,21,,adjusted_prices_unavailable,-0.278855,0.009295,-0.225656,-0.69914,-0.165647,-0.276091,-0.132371,0.779164,0.777896,-0.458974,-0.733754,0.721668,8558542.809524,5930533.31746,false,false,false,false,false,false,true,v2.38H
U00126,ALAB,"Astera Labs, Inc. - Common Stock",,615,2024-03-20,2026-09-01,252,false,PRICE_FEATURES_READY,21,,adjusted_prices_unavailable,-0.128142,-0.213206,1.549271,0.536279,-0.169405,0.255437,0.511492,1.070445,1.018944,-0.482961,-0.601914,0.589874,3972086.285714,4985112.888889,false,false,false,false,false,false,true,v2.38H
U00128,ALCO,"Alico, Inc. - Common Stock",,669,2024-01-02,2026-09-01,252,false,PRICE_FEATURES_READY,21,,adjusted_prices_unavailable,0.048819,-0.014064,-0.017699,0.180851,-0.00364,0.008433,0.012117,0.231343,0.231984,-0.150697,-0.150697,0.137836,19818.571429,21126.825397,false,false,false,false,false,false,true,v2.38H
U00131,ALEC,"Alector, Inc. - Common Stock",,669,2024-01-02,2026-09-01,252,false,PRICE_FEATURES_READY,21,,adjusted_prices_unavailable,0.589404,0.230769,0.137441,0.021277,0.292338,0.261084,-0.024184,1.035665,0.914636,-0.486137,-0.656627,0.465997,1537780.904762,985138.079365,true,false,false,false,true,true,true,v2.38H
U00133,ALGM,"Allegro MicroSystems, Inc. - Common Stock",,669,2024-01-02,2026-09-01,252,false,PRICE_FEATURES_READY,21,,adjusted_prices_unavailable,-0.145713,-0.295251,0.021601,0.149757,-0.242159,-0.096292,0.192476,0.895715,0.791903,-0.49052,-0.49052,0.490783,1940366.238095,2761144.301587,false,false,false,false,false,false,true,v2.38H
U00134,ALGN,"Align Technology, Inc. - Common Stock",,669,2024-01-02,2026-09-01,252,false,PRICE_FEATURES_READY,21,,adjusted_prices_unavailable,-0.103708,-0.07037,-0.151555,0.091575,-0.099803,-0.089563,0.011376,0.431919,0.423816,-0.209589,-0.215432,0.229432,826456.52381,968075.984127,false,false,false,false,false,false,true,v2.38H
U00136,ALGT,Allegiant Travel Company - Common Stock,,669,2024-01-02,2026-09-01,252,false,PRICE_FEATURES_READY,21,,adjusted_prices_unavailable,-0.300251,-0.174062,-0.245179,0.155602,-0.25762,-0.184632,0.098315,0.579931,0.636964,-0.39233,-0.39233,0.321526,553192.333333,570011.730159,false,false,false,false,false,false,true,v2.38H
U00137,ALHC,"Alignment Healthcare, Inc. - Common Stock",,669,2024-01-02,2026-09-01,252,false,PRICE_FEATURES_READY,21,,adjusted_prices_unavailable,-0.066621,-0.003666,-0.263415,-0.169315,-0.233503,-0.281817,-0.063033,0.884083,0.77219,-0.479642,-0.479642,0.587947,4825393.380952,5525172.396825,false,false,false,false,false,false,true,v2.38H
U00139,ALKS,Alkermes plc - Ordinary Shares,,669,2024-01-02,2026-09-01,252,false,PRICE_FEATURES_READY,21,,adjusted_prices_unavailable,-0.047042,0.142304,0.616438,0.629272,-0.070533,0.260204,0.355835,0.362911,0.441202,-0.14904,-0.221968,0.193104,1331040.904762,1945358.079365,false,false,false,false,false,false,true,v2.38H
U00140,ALKT,"Alkami Technology, Inc. - Common Stock",,669,2024-01-02,2026-09-01,252,false,PRICE_FEATURES_READY,21,,adjusted_prices_unavailable,0.034043,0.092749,0.14758,-0.240625,0.046354,0.051766,0.005172,0.438867,0.455106,-0.230079,-0.450057,0.308509,1188746.190476,1625770.952381,true,true,false,false,false,true,true,v2.38H
U00143,ALLT,Allot Ltd. - Ordinary Shares,,669,2024-01-02,2026-09-01,252,false,PRICE_FEATURES_READY,21,,adjusted_prices_unavailable,-0.041825,-0.075795,0.092486,-0.038168,-0.046923,-0.086874,-0.041918,0.508142,0.515369,-0.18583,-0.456522,0.284931,269070.857143,328677.587302,false,false,false,false,false,false,true,v2.38H
U00146,ALMS,Alumis Inc. - Common Stock,,546,2024-06-28,2026-09-01,252,false,PRICE_FEATURES_READY,21,,adjusted_prices_unavailable,-0.637443,-0.527445,-0.663588,1.040948,-0.637947,-0.571812,0.182667,1.334136,1.067024,-0.687459,-0.687459,1.149038,2140730.666667,1714878.47619,false,false,false,false,false,false,true,v2.38H
U00147,ALMU,"Aeluma, Inc. - Common Stock",,669,2024-01-02,2026-09-01,252,false,PRICE_FEATURES_READY,21,,adjusted_prices_unavailable,-0.252549,-0.530873,-0.353734,-0.453269,-0.25752,-0.297524,-0.053878,0.921134,1.339722,-0.604319,-0.604319,0.656849,473153.52381,614835.301587,false,false,false,false,false,false,true,v2.38H
U00148,ALNT,Allient Inc. - Common Stock,,669,2024-01-02,2026-09-01,252,false,PRICE_FEATURES_READY,21,,adjusted_prices_unavailable,-0.04083,0.012058,0.391885,0.905024,-0.090735,0.187673,0.30619,0.699708,0.682849,-0.243525,-0.243525,0.443369,264007.571429,280204.111111,false,false,false,false,false,false,true,v2.38H
U00149,ALNY,"Alnylam Pharmaceuticals, Inc. - Common Stock",,669,2024-01-02,2026-09-01,252,false,PRICE_FEATURES_READY,21,,adjusted_prices_unavailable,0.117006,-0.139836,-0.227648,-0.448814,-0.054781,-0.240319,-0.196291,0.703393,0.553115,-0.394597,-0.581695,0.585149,1781768.428571,1756791.063492,false,false,false,false,false,false,true,v2.38H
U00150,ALOT,"AstroNova, Inc. - Common Stock",,668,2024-01-02,2026-08-28,252,false,PRICE_FEATURES_READY,21,,adjusted_prices_unavailable,0.005201,0.855954,2.192731,1.61879,0.009254,0.907494,0.890005,1.415982,1.057336,-0.098913,-0.408938,0.206785,83223.380952,157618.904762,true,true,true,true,true,false,true,v2.38H
U00155,ALRM,"Alarm.com Holdings, Inc. - Common Stock",,669,2024-01-02,2026-09-01,252,false,PRICE_FEATURES_READY,21,,adjusted_prices_unavailable,0.00126,0.209439,0.127534,-0.051509,0.044445,0.137175,0.088784,0.283932,0.322342,-0.15992,-0.266411,0.246448,372536.428571,480708.968254,true,true,false,true,true,false,true,v2.38H
U00156,ALRS,Alerus Financial Corporation - Common Stock,,669,2024-01-02,2026-09-01,252,false,PRICE_FEATURES_READY,21,,adjusted_prices_unavailable,-0.044256,0.127593,0.337023,0.464302,0.005817,0.218863,0.211813,0.185027,0.200001,-0.064412,-0.111443,0.110431,145810.047619,221447.793651,false,true,false,true,false,false,true,v2.38H
U00157,ALT,"Altimmune, Inc. - Common Stock",,669,2024-01-02,2026-09-01,252,false,PRICE_FEATURES_READY,21,,adjusted_prices_unavailable,0.03,0.065517,-0.257212,-0.193211,0.031857,-0.155432,-0.181507,0.466217,0.620205,-0.393443,-0.580906,0.48675,4319568.142857,4376703.666667,false,false,false,false,false,true,true,v2.38H
U00159,ALTO,"Alto Ingredients, Inc. - Common Stock",,669,2024-01-02,2026-09-01,252,false,PRICE_FEATURES_READY,21,,adjusted_prices_unavailable,-0.17284,-0.291005,0.546154,2.557522,-0.167874,-0.000435,0.201218,0.732877,1.079669,-0.338898,-0.338898,0.532336,1983311.571429,2351651.47619,false,false,false,false,false,false,true,v2.38H
U00163,AMAL,Amalgamated Financial Corp. - Common Stock,,669,2024-01-02,2026-09-01,252,false,PRICE_FEATURES_READY,21,,adjusted_prices_unavailable,-0.046141,0.121004,0.226743,0.638629,-0.017887,0.172125,0.193472,0.238847,0.241136,-0.089908,-0.131063,0.135982,153053.714286,162041.714286,false,false,false,true,false,false,true,v2.38H
U00165,AMAT,"Applied Materials, Inc. - Common Stock",,669,2024-01-02,2026-09-01,252,false,PRICE_FEATURES_READY,21,,adjusted_prices_unavailable,-0.147353,-0.098357,0.257685,1.748507,-0.187766,0.09421,0.347162,0.845897,0.6992,-0.396335,-0.396335,0.420917,7253005.428571,9503017.68254,false,false,false,false,false,false,true,v2.38H
U00166,AMBA,"Ambarella, Inc. - Ordinary Shares",,669,2024-01-02,2026-09-01,252,false,PRICE_FEATURES_READY,21,,adjusted_prices_unavailable,-0.179608,-0.134601,0.180679,-0.177619,-0.083262,-0.023648,0.065028,0.981151,0.835275,-0.339104,-0.490629,0.560785,1008783.52381,1638648.47619,false,false,false,false,false,false,true,v2.38H
U00168,AMCX,AMC Global Media Inc. - Class A Common Stock,,669,2024-01-02,2026-09-01,252,false,PRICE_FEATURES_READY,21,,adjusted_prices_unavailable,0.133945,0.172676,0.582586,0.750708,0.122759,0.359646,0.210987,0.562846,0.50143,-0.214458,-0.348651,0.286375,599959.285714,619499.126984,true,true,false,true,true,true,true,v2.38H
U00169,AMD,"Advanced Micro Devices, Inc. - Common Stock",,669,2024-01-02,2026-09-01,252,false,PRICE_FEATURES_READY,21,,adjusted_prices_unavailable,-0.051647,-0.118744,1.406965,1.826108,-0.086084,0.360919,0.489108,0.760016,0.75058,-0.260539,-0.277608,0.369123,21566654.904762,27085478.619048,false,false,false,false,false,false,true,v2.38H
U00170,AMGN,Amgen Inc. - Common Stock,,669,2024-01-02,2026-09-01,252,false,PRICE_FEATURES_READY,21,,adjusted_prices_unavailable,0.156386,0.334674,0.162122,0.522783,0.118787,0.227578,0.09724,0.271331,0.255205,-0.146123,-0.165679,0.138354,2512659.047619,2703005.396825,true,true,false,true,false,true,true,v2.38H
U00172,AMKR,"Amkor Technology, Inc. - Common Stock",,669,2024-01-02,2026-09-01,252,false,PRICE_FEATURES_READY,21,,adjusted_prices_unavailable,-0.100511,-0.388146,0.025566,0.890451,-0.251739,-0.181477,0.0939,1.001449,0.87618,-0.543239,-0.543239,0.661805,4204097.238095,5650521.301587,false,false,false,false,false,false,true,v2.38H
U00174,AMOD,"Alpha Modus Holdings, Inc. - Class A Common Stock",,669,2024-01-02,2026-09-01,252,false,PRICE_FEATURES_READY,21,,adjusted_prices_unavailable,-0.309227,11.311112,4.410156,1.613208,-0.313949,0.679602,1.448217,60.676165,42.908065,-0.65,-0.844961,0.813054,240739.619048,118434.84127,false,false,false,false,true,false,true,v2.38H
U00175,AMPG,"Amplitech Group, Inc. - Common Stock",,670,2024-01-02,2026-09-01,252,false,PRICE_FEATURES_READY,21,,adjusted_prices_unavailable,-0.322176,-0.354582,0.191176,-0.147368,-0.405243,-0.161339,0.41009,1.424761,1.351294,-0.665979,-0.665979,0.951231,2554893.380952,3859286.68254,false,false,false,false,false,false,true,v2.38H
U00176,AMPH,"Amphastar Pharmaceuticals, Inc. - Common Stock",,669,2024-01-02,2026-09-01,252,false,PRICE_FEATURES_READY,21,,adjusted_prices_unavailable,0.135509,0.244444,0.157842,-0.250163,0.127004,0.017852,-0.096851,0.426897,0.516068,-0.297961,-0.452451,0.479653,434369.238095,481440.539683,true,false,true,false,true,true,true,v2.38H
U00177,AMPL,"Amplitude, Inc. - Class A Common Stock",,669,2024-01-02,2026-09-01,252,false,PRICE_FEATURES_READY,21,,adjusted_prices_unavailable,0.452731,0.658273,0.824538,0.209974,0.338171,0.566504,0.170631,0.65333,0.729484,-0.287166,-0.543902,0.518822,2178009.238095,2272555.460317,true,true,false,true,true,true,true,v2.38H
U00178,AMRX,"Amneal Pharmaceuticals, Inc. - Class A Common Stock",,669,2024-01-02,2026-09-01,252,false,PRICE_FEATURES_READY,21,,adjusted_prices_unavailable,-0.062069,0.397628,0.328325,0.849372,-0.002381,0.238212,0.241168,0.375913,0.366746,-0.150971,-0.222515,0.20066,1642391.142857,1970508.15873,false,false,false,true,false,false,true,v2.38H
U00179,AMSC,American Superconductor Corporation - Common Stock,,669,2024-01-02,2026-09-01,252,false,PRICE_FEATURES_READY,21,,adjusted_prices_unavailable,-0.078412,-0.44186,-0.081377,-0.427655,-0.141497,-0.20435,-0.073213,0.707646,0.760019,-0.546322,-0.610828,0.438867,689962.52381,890681.15873,false,false,false,false,false,false,true,v2.38H
U00180,AMSF,"AMERISAFE, Inc. - Common Stock",,669,2024-01-02,2026-09-01,252,false,PRICE_FEATURES_READY,21,,adjusted_prices_unavailable,-0.14049,-0.158066,-0.243511,-0.438285,-0.14786,-0.235657,-0.103032,0.350249,0.329946,-0.279305,-0.456085,0.258735,406925.142857,307563.936508,false,false,false,false,false,false,true,v2.38H
U00182,AMST,Amesite Inc. - Common Stock,,669,2024-01-02,2026-09-01,252,false,PRICE_FEATURES_READY,21,,adjusted_prices_unavailable,-0.009434,-0.244604,-0.40678,-0.619565,-0.008461,-0.35004,-0.344494,0.79914,2.106673,-0.613949,-0.796899,0.959532,127023.619048,115838.031746,false,false,false,false,false,false,true,v2.38H
U00184,AMZN,"Amazon.com, Inc. - Common Stock",,669,2024-01-02,2026-09-01,252,false,PRICE_FEATURES_READY,21,,adjusted_prices_unavailable,-0.102458,-0.006237,0.221291,0.113188,0.009947,0.067564,0.05705,0.446376,0.378826,-0.175788,-0.217362,0.172346,35783310.285714,48790427.238095,false,true,false,false,false,false,true,v2.38H
U00185,ANAB,"AnaptysBio, Inc. - Common Stock",,669,2024-01-02,2026-09-01,252,false,PRICE_FEATURES_READY,21,,adjusted_prices_unavailable,0.03019,0.078424,0.569563,3.078702,-0.052232,0.203551,0.26988,0.635922,0.714386,-0.279616,-0.279616,0.437819,381159.761905,590689.761905,true,false,false,false,false,true,true,v2.38H
U00186,ANDE,"The Andersons, Inc. - Common Stock",,669,2024-01-02,2026-09-01,252,false,PRICE_FEATURES_READY,21,,adjusted_prices_unavailable,-0.037217,-0.075972,0.025461,0.644499,-0.041883,0.016961,0.061416,0.403364,0.400633,-0.211945,-0.211945,0.328151,364487.47619,338856.142857,false,false,false,false,false,false,true,v2.38H
U00189,ANGO,"AngioDynamics, Inc. - Common Stock",,669,2024-01-02,2026-09-01,252,false,PRICE_FEATURES_READY,21,,adjusted_prices_unavailable,0.045485,0.444444,0.436594,0.545809,0.096334,0.302156,0.187737,0.40765,0.44067,-0.187605,-0.288856,0.314092,374477.904762,441368.825397,true,true,false,true,true,false,true,v2.38H
U00190,ANIK,Anika Therapeutics Inc. - Common Stock,,669,2024-01-02,2026-09-01,252,false,PRICE_FEATURES_READY,21,,adjusted_prices_unavailable,0.01784,0.468011,0.465972,1.250533,0.173469,0.532381,0.305855,0.489645,0.567494,-0.225625,-0.225625,0.40429,134777.380952,95565.47619,true,true,false,true,false,false,true,v2.38H
U00191,ANIP,"ANI Pharmaceuticals, Inc. - Common Stock",,669,2024-01-02,2026-09-01,252,false,PRICE_FEATURES_READY,21,,adjusted_prices_unavailable,-0.101674,-0.036571,-0.054928,-0.230802,-0.09246,-0.095259,-0.003084,0.301562,0.308556,-0.164013,-0.286611,0.175041,425935.047619,346160.888889,false,false,false,false,false,false,true,v2.38H
U00195,ANPA,Rich Sparkle Holdings Limited - Ordinary Shares,,291,2025-07-08,2026-09-01,252,false,PRICE_FEATURES_READY,21,,adjusted_prices_unavailable,-0.006087,-0.366006,-0.578006,-0.901756,-0.047684,-0.787387,-0.776742,0.859296,0.889522,-0.626467,-0.977833,0.420409,10459.52381,13799.206349,false,false,false,false,false,false,true,v2.38H
U00197,ANTA,Antalpha Platform Holding Company - Class A Ordinary Shares,,328,2025-05-13,2026-09-01,252,false,PRICE_FEATURES_READY,21,,adjusted_prices_unavailable,0.21875,-0.496124,-0.537915,-0.704321,-0.06798,-0.481573,-0.44376,0.929613,0.996289,-0.708038,-0.774834,0.575734,7031.619048,4951.809524,false,false,false,false,false,false,true,v2.38H
U00199,ANY,Sphere 3D Corp. - Common Shares,,669,2024-01-02,2026-09-01,252,false,PRICE_FEATURES_READY,21,,adjusted_prices_unavailable,-0.085366,-0.424552,0.666667,-0.635332,0.011009,-0.10347,-0.113232,1.656389,2.116003,-0.716814,-0.89619,0.83167,421941.619048,1126428.15873,false,false,false,false,false,false,true,v2.38H
U00200,AOSL,Alpha and Omega Semiconductor Limited - Common Shares,,669,2024-01-02,2026-09-01,252,false,PRICE_FEATURES_READY,21,,adjusted_prices_unavailable,-0.248808,-0.556639,0.153734,-0.178311,-0.292228,-0.195932,0.136056,1.035792,1.060543,-0.556639,-0.556639,0.729269,618581.285714,713212.809524,false,false,false,false,false,false,true,v2.38H
U00201,AOUT,"American Outdoor Brands, Inc. - Common Stock",,669,2024-01-02,2026-09-01,252,false,PRICE_FEATURES_READY,21,,adjusted_prices_unavailable,-0.22179,0.012146,0.132503,-0.042146,-0.197161,0.029405,0.282206,0.699235,0.584768,-0.309869,-0.388462,0.337005,43308.380952,100239.301587,false,false,false,false,false,false,true,v2.38H
U00205,APEI,"American Public Education, Inc. - Common Stock",,669,2024-01-02,2026-09-01,252,false,PRICE_FEATURES_READY,21,,adjusted_prices_unavailable,-0.137347,-0.122992,-0.011214,0.519218,-0.089353,-0.043508,0.050343,0.503071,0.526198,-0.271936,-0.271936,0.384311,309008.190476,306817.015873,false,false,false,false,false,false,true,v2.38H
U00207,API,"Agora, Inc. - ADS",,669,2024-01-02,2026-09-01,252,false,PRICE_FEATURES_READY,21,,adjusted_prices_unavailable,-0.011057,-0.234791,-0.117325,0.166667,-0.032103,-0.011415,0.021374,0.463037,0.561458,-0.268061,-0.289583,0.266678,240946.095238,321756.634921,false,false,false,false,false,false,true,v2.38H
U00212,APOG,"Apogee Enterprises, Inc. - Common Stock",,669,2024-01-02,2026-09-01,252,false,PRICE_FEATURES_READY,21,,adjusted_prices_unavailable,-0.10436,-0.025408,-0.021603,-0.145293,-0.088802,-0.010464,0.085973,0.506633,0.44819,-0.231603,-0.301101,0.253827,170000.809524,247744.714286,false,false,false,false,false,false,true,v2.38H
U00213,APP,Applovin Corporation - Class A Common Stock,,669,2024-01-02,2026-09-01,252,false,PRICE_FEATURES_READY,21,,adjusted_prices_unavailable,-0.23247,-0.485263,-0.289708,-0.348628,-0.224684,-0.3632,-0.178658,0.704545,0.702833,-0.513459,-0.59298,0.516674,6411188.619048,6011972.396825,false,false,false,false,false,false,true,v2.38H
U00214,APPF,"AppFolio, Inc. - Class A Common Stock",,671,2024-01-02,2026-09-01,252,false,PRICE_FEATURES_READY,21,,adjusted_prices_unavailable,0.175231,0.290042,0.195754,-0.187829,0.199458,0.197831,-0.001356,0.500163,0.477074,-0.250196,-0.499616,0.259213,403530.380952,400413.301587,true,false,false,false,true,true,true,v2.38H
U00215,APPN,Appian Corporation - Class A Common Stock,,669,2024-01-02,2026-09-01,252,false,PRICE_FEATURES_READY,21,,adjusted_prices_unavailable,0.457597,0.513301,0.501487,0.312216,0.361308,0.420581,0.043542,0.684431,0.672109,-0.30641,-0.589833,0.422459,873654.904762,872588.142857,true,true,false,false,true,true,true,v2.38H
U00216,APPS,"Digital Turbine, Inc. - Common Stock",,669,2024-01-02,2026-09-01,252,false,PRICE_FEATURES_READY,21,,adjusted_prices_unavailable,0.111111,0.169591,1.386635,1.380952,-0.064966,0.583042,0.693032,1.184737,1.159119,-0.396694,-0.613169,0.428435,4216619.714286,4596378.0,true,false,false,false,true,true,true,v2.38H
U00220,APWC,"Asia Pacific Wire & Cable Corporation Limited - Common shares, Par value .01 per share",,669,2024-01-02,2026-09-01,252,false,PRICE_FEATURES_READY,21,,adjusted_prices_unavailable,-0.126582,-0.021277,-0.168675,-0.245902,-0.102381,-0.126831,-0.027239,1.023368,0.801028,-0.339713,-0.424107,0.289511,10528.285714,801022.126984,false,false,false,false,false,false,true,v2.38H
U00222,APYX,Apyx Medical Corporation - Common Stock,,669,2024-01-02,2026-09-01,252,false,PRICE_FEATURES_READY,21,,adjusted_prices_unavailable,-0.270335,-0.207792,-0.037855,0.532663,-0.202281,-0.203276,-0.001247,0.715699,0.8139,-0.384774,-0.384774,0.453295,157650.809524,132035.984127,false,false,false,false,false,false,true,v2.38H
U00225,AQST,"Aquestive Therapeutics, Inc. - Common Stock",,669,2024-01-02,2026-09-01,252,false,PRICE_FEATURES_READY,21,,adjusted_prices_unavailable,0.382586,0.333333,0.271845,0.38992,0.226735,0.173086,-0.043733,0.55022,0.536073,-0.284294,-0.606142,0.347208,3827476.714286,2654198.587302,true,false,false,false,true,true,true,v2.38H
U00227,ARAY,Accuray Incorporated - Common Stock,,669,2024-01-02,2026-09-01,252,false,PRICE_FEATURES_READY,21,,adjusted_prices_unavailable,-0.057037,-0.3635,-0.519623,-0.8325,-0.060142,-0.513633,-0.48251,1.086413,1.333691,-0.557692,-0.875676,0.907365,734066.52381,1440638.047619,false,false,false,false,false,false,true,v2.38H
U00229,ARBE,Arbe Robotics Ltd. - Ordinary Shares,,669,2024-01-02,2026-09-01,252,false,PRICE_FEATURES_READY,21,,adjusted_prices_unavailable,-0.086667,-0.430177,-0.195125,-0.504692,-0.110461,-0.328879,-0.245541,1.002525,1.034246,-0.5216,-0.79368,0.472802,853744.619048,1598994.238095,false,false,false,false,false,false,true,v2.38H
U00230,ARCB,ArcBest Corporation - Common Stock,,669,2024-01-02,2026-09-01,252,false,PRICE_FEATURES_READY,21,,adjusted_prices_unavailable,-0.035255,-0.064364,0.269319,0.799349,-0.081081,0.178381,0.282355,0.508687,0.489441,-0.233807,-0.248571,0.334808,280239.47619,399570.301587,false,false,false,false,false,false,true,v2.38H
U00234,ARCT,Arcturus Therapeutics Holdings Inc. - Common Stock,,669,2024-01-02,2026-09-01,252,false,PRICE_FEATURES_READY,21,,adjusted_prices_unavailable,1.704167,1.120915,1.051201,-0.046149,0.973724,1.12722,0.07777,0.978906,0.815373,-0.400217,-0.761226,0.291896,1442477.380952,797113.095238,true,true,true,false,true,true,true,v2.38H
U00235,ARDX,"Ardelyx, Inc. - Common Stock",,669,2024-01-02,2026-09-01,252,false,PRICE_FEATURES_READY,21,,adjusted_prices_unavailable,-0.24498,-0.318841,-0.395498,-0.408805,-0.210084,-0.36121,-0.191319,0.506804,0.502605,-0.487671,-0.531915,0.412406,5260869.571429,4235305.253968,false,false,false,false,false,false,true,v2.38H
U00237,ARHS,"Arhaus, Inc. - Class A Common Stock",,669,2024-01-02,2026-09-01,252,false,PRICE_FEATURES_READY,21,,adjusted_prices_unavailable,0.058228,0.280245,0.045,-0.287298,-0.01078,-0.020558,-0.009885,0.663632,0.595514,-0.2866,-0.515586,0.272315,1593446.238095,1335209.063492,true,false,false,false,true,false,true,v2.38H
U00238,ARKO,ARKO Corp. - Common Stock,,669,2024-01-02,2026-09-01,252,false,PRICE_FEATURES_READY,21,,adjusted_prices_unavailable,-0.407115,-0.392713,-0.290221,-0.1,-0.329339,-0.261438,0.101244,0.725943,0.612898,-0.494213,-0.494213,0.548105,1277100.666667,945546.253968,false,false,false,false,false,false,true,v2.38H
U00239,ARKR,Ark Restaurants Corp. - Common Stock,,669,2024-01-02,2026-09-01,252,false,PRICE_FEATURES_READY,21,,adjusted_prices_unavailable,-0.053982,-0.140675,-0.210487,-0.215125,-0.06407,-0.174775,-0.118283,0.50515,0.55012,-0.402484,-0.402484,0.423213,6319.666667,3607.31746,false,false,false,false,false,false,true,v2.38H
U00240,AROW,Arrow Financial Corporation - Common Stock,,669,2024-01-02,2026-09-01,252,false,PRICE_FEATURES_READY,21,,adjusted_prices_unavailable,-0.072899,0.010814,0.119796,0.257652,-0.062701,0.050778,0.12107,0.239636,0.230197,-0.120235,-0.125839,0.137294,93852.47619,97893.68254,false,false,false,false,false,false,true,v2.38H
U00243,ARQT,"Arcutis Biotherapeutics, Inc. - Common stock",,669,2024-01-02,2026-09-01,252,false,PRICE_FEATURES_READY,21,,adjusted_prices_unavailable,-0.084426,0.142376,0.006356,0.530284,-0.105414,-0.072903,0.036342,0.418476,0.481963,-0.222798,-0.375,0.340197,1801264.333333,1656464.301587,false,false,false,false,false,false,true,v2.38H
U00244,ARRY,"Array Technologies, Inc. - Common Stock",,669,2024-01-02,2026-09-01,252,false,PRICE_FEATURES_READY,21,,adjusted_prices_unavailable,-0.231718,-0.527115,-0.418667,-0.516093,-0.24249,-0.446992,-0.269966,0.686062,0.663525,-0.529158,-0.635452,0.3529,7096811.047619,6772792.571429,false,false,false,false,false,false,true,v2.38H
U00247,ARTNA,Artesian Resources Corporation - Class A Non-Voting Common Stock,,669,2024-01-02,2026-09-01,252,false,PRICE_FEATURES_READY,21,,adjusted_prices_unavailable,0.045734,0.094508,0.055013,0.076018,0.033536,0.084809,0.04961,0.161561,0.193016,-0.110787,-0.122555,0.143615,29461.904762,32319.047619,true,true,false,true,false,true,true,v2.38H
U00249,ARTW,"Art's-Way Manufacturing Co., Inc. - Common Stock",,669,2024-01-02,2026-09-01,252,false,PRICE_FEATURES_READY,21,,adjusted_prices_unavailable,0.337963,0.124514,0.278761,-0.08254,0.125828,0.172295,0.041274,0.834098,0.70098,-0.302932,-0.416901,0.316304,1607445.238095,553588.095238,true,true,false,false,false,true,true,v2.38H
U00250,ARVN,"Arvinas, Inc. - Common Stock",,669,2024-01-02,2026-09-01,252,false,PRICE_FEATURES_READY,21,,adjusted_prices_unavailable,0.151365,0.16,-0.305389,0.200517,0.0801,-0.120958,-0.186148,0.46629,0.504028,-0.4953,-0.4953,0.330664,885665.714286,780271.111111,false,false,false,false,true,true,true,v2.38H
U00251,ARWR,"Arrowhead Pharmaceuticals, Inc. - Common Stock",,669,2024-01-02,2026-09-01,252,false,PRICE_FEATURES_READY,21,,adjusted_prices_unavailable,-0.038019,0.168314,0.290796,2.755787,-0.010577,0.174307,0.186861,0.562939,0.555672,-0.179315,-0.246438,0.288044,1139885.714286,2002065.079365,false,false,false,true,false,false,true,v2.38H
U00254,ASLE,AerSale Corporation - Common Stock,,669,2024-01-02,2026-09-01,252,false,PRICE_FEATURES_READY,21,,adjusted_prices_unavailable,-0.160247,-0.152411,-0.28195,-0.368482,-0.100259,-0.176843,-0.085117,0.350687,0.400582,-0.280053,-0.382086,0.364865,503599.714286,441474.507937,false,false,false,false,false,false,true,v2.38H
U00255,ASMB,"Assembly Biosciences, Inc. - Common Stock",,669,2024-01-02,2026-09-01,252,false,PRICE_FEATURES_READY,21,,adjusted_prices_unavailable,0.387224,0.436505,0.221528,0.424291,0.233174,0.200537,-0.026466,0.599972,0.568891,-0.298235,-0.421818,0.325971,283961.809524,237407.904762,true,false,false,true,true,true,true,v2.38H
U00258,ASO,"Academy Sports and Outdoors, Inc. - Common Stock",,669,2024-01-02,2026-09-01,252,false,PRICE_FEATURES_READY,21,,adjusted_prices_unavailable,-0.11841,-0.166796,-0.283874,-0.20056,-0.092939,-0.182387,-0.098613,0.388776,0.411034,-0.29931,-0.303318,0.290849,1592120.714286,1612824.365079,false,false,false,false,false,false,true,v2.38H
U00260,ASPI,ASP Isotopes Inc. - Common Stock,,669,2024-01-02,2026-09-01,252,false,PRICE_FEATURES_READY,21,,adjusted_prices_unavailable,-0.086957,-0.546218,-0.281369,-0.592672,-0.169979,-0.324943,-0.186699,0.866552,1.025482,-0.57503,-0.748043,0.508839,3231730.095238,4118787.809524,false,false,false,false,false,false,true,v2.38H
U00262,ASRV,AmeriServ Financial Inc. - Common Stock,,669,2024-01-02,2026-09-01,252,false,PRICE_FEATURES_READY,21,,adjusted_prices_unavailable,0.071274,0.333333,0.305263,0.66443,0.128915,0.319904,0.169179,0.402082,0.366146,-0.096535,-0.096535,0.230797,24645.571429,18280.269841,true,true,false,true,false,false,true,v2.38H
U00263,ASST,"Strive, Inc. - Class A Common Stock",,669,2024-01-02,2026-09-01,252,false,PRICE_FEATURES_READY,21,,adjusted_prices_unavailable,1.033898,0.488834,1.881152,-0.804878,0.726929,0.638281,-0.051333,0.958512,0.958448,-0.411225,-0.959792,0.407427,7197228.619048,5073563.507937,true,false,false,false,true,true,true,v2.38H
U00264,ASTC,Astrotech Corporation - Common Stock,,669,2024-01-02,2026-09-01,252,false,PRICE_FEATURES_READY,21,,adjusted_prices_unavailable,0.026549,-0.847033,1.656489,0.351456,-0.171882,0.052592,0.271065,1.416329,7.025868,-0.875301,-0.875301,0.884009,301053.952381,427659.253968,false,false,false,false,false,false,true,v2.38H
U00265,ASTE,"Astec Industries, Inc. - Common Stock",,669,2024-01-02,2026-09-01,252,false,PRICE_FEATURES_READY,21,,adjusted_prices_unavailable,-0.216365,-0.208381,-0.334841,-0.110391,-0.192258,-0.204281,-0.014885,0.464972,0.495724,-0.366656,-0.366656,0.416494,288551.428571,233412.380952,false,false,false,false,false,false,true,v2.38H
U00266,ASTH,Astrana Health Inc. - Common Stock,,669,2024-01-02,2026-09-01,252,false,PRICE_FEATURES_READY,21,,adjusted_prices_unavailable,0.074909,0.045787,0.574867,0.20776,-0.060896,0.240597,0.321043,0.500282,0.458131,-0.314796,-0.464149,0.285795,440971.571429,595392.111111,true,false,false,false,false,true,true,v2.38H
U00267,ASTI,"Ascent Solar Technologies, Inc - Common Stock",,669,2024-01-02,2026-09-01,252,false,PRICE_FEATURES_READY,21,,adjusted_prices_unavailable,-0.081699,-0.682844,-0.582467,0.419192,-0.212665,-0.38132,-0.21421,1.206708,1.501998,-0.685102,-0.690687,0.709329,291978.380952,809684.857143,false,false,false,false,false,false,true,v2.38H
U00271,ASYS,"Amtech Systems, Inc. - Common Stock",,669,2024-01-02,2026-09-01,252,false,PRICE_FEATURES_READY,21,,adjusted_prices_unavailable,-0.075159,-0.338497,0.082774,1.293839,-0.136834,-0.043705,0.107893,0.964502,0.907971,-0.431013,-0.431013,0.510966,484609.52381,475004.761905,false,false,false,false,false,false,true,v2.38H
U00273,ATCX,Atlas Critical Minerals Corporation - Common Stock,,162,2026-01-09,2026-09-01,162,false,PRICE_FEATURES_PARTIAL,17,max_drawdown_12m|price_vs_sma_200|return_12m|sma_50_vs_sma_200,adjusted_prices_unavailable|less_than_252_sessions,0.266917,-0.235828,-0.522663,,0.003006,,,0.831946,0.865653,-0.644537,,0.467685,10819.047619,12469.84127,false,false,false,false,false,false,true,v2.38H
U00275,ATER,"Aterian, Inc. - Common Stock",,669,2024-01-02,2026-09-01,252,false,PRICE_FEATURES_READY,21,,adjusted_prices_unavailable,0.025057,-0.579439,-0.183303,-0.534643,-0.416039,-0.43632,-0.034729,1.359461,1.502777,-0.740288,-0.740288,1.019793,227048.619048,274076.52381,false,false,false,false,false,false,true,v2.38H
U00276,ATEX,Anterix Inc. - Common Stock,,669,2024-01-02,2026-09-01,252,false,PRICE_FEATURES_READY,21,,adjusted_prices_unavailable,-0.063774,0.338565,1.450068,2.772115,-0.065481,0.700786,0.819959,0.853513,0.706799,-0.211589,-0.223565,0.371192,343426.904762,442432.777778,false,false,false,false,false,false,true,v2.38H
U00277,ATGL,Alpha Technology Group Limited - Class A Ordinary Shares,,669,2024-01-02,2026-09-01,252,false,PRICE_FEATURES_READY,21,,adjusted_prices_unavailable,-0.1725,-0.552703,-0.615116,-0.784365,-0.275865,-0.58527,-0.427276,0.929339,0.903087,-0.660339,-0.804864,0.490526,45040.952381,18075.428571,false,false,false,false,false,false,true,v2.38H
U00280,ATLC,Atlanticus Holdings Corporation - Common Stock,,669,2024-01-02,2026-09-01,252,false,PRICE_FEATURES_READY,21,,adjusted_prices_unavailable,-0.174162,0.072854,0.653205,0.337931,-0.104496,0.204253,0.344777,0.532175,0.563851,-0.201718,-0.37019,0.373391,144090.47619,167761.904762,false,false,false,false,false,false,true,v2.38H
U00281,ATLO,Ames National Corporation - Common Stock,,669,2024-01-02,2026-09-01,252,false,PRICE_FEATURES_READY,21,,adjusted_prices_unavailable,0.010026,0.074673,0.158383,0.563063,0.021022,0.140149,0.116675,0.210719,0.197401,-0.070922,-0.070922,0.122858,35401.428571,60902.063492,true,true,false,true,false,false,true,v2.38H
U00282,ATLX,Atlas Lithium Corporation - Common Stock,,669,2024-01-02,2026-09-01,252,false,PRICE_FEATURES_READY,21,,adjusted_prices_unavailable,0.125899,-0.312088,-0.386275,-0.417132,-0.016342,-0.282102,-0.270175,0.638945,0.719035,-0.603715,-0.656376,0.503348,174455.190476,372431.095238,false,false,false,false,false,false,true,v2.38H
U00283,ATNI,"ATN International, Inc. - Common Stock",,669,2024-01-02,2026-09-01,252,false,PRICE_FEATURES_READY,21,,adjusted_prices_unavailable,0.222808,0.062037,0.028328,0.772353,0.114993,0.173629,0.052589,0.681832,0.594231,-0.235628,-0.235628,0.417952,95766.666667,82333.333333,true,true,false,true,false,true,true,v2.38H
U00284,ATOM,Atomera Incorporated - Common Stock,,670,2024-01-02,2026-09-01,252,false,PRICE_FEATURES_READY,21,,adjusted_prices_unavailable,-0.255198,-0.6,-0.180873,0.20122,-0.315925,-0.238522,0.113149,0.881997,1.335528,-0.674649,-0.674649,0.547768,522117.095238,777064.428571,false,false,false,false,false,false,true,v2.38H
U00287,ATRA,"Atara Biotherapeutics, Inc. - Common Stock",,669,2024-01-02,2026-09-01,252,false,PRICE_FEATURES_READY,21,,adjusted_prices_unavailable,0.054971,-0.088889,0.664207,-0.251452,-0.017354,0.016284,0.034232,0.676901,1.583641,-0.373913,-0.768933,0.464903,46109.52381,68201.587302,false,false,false,false,false,false,true,v2.38H
U00288,ATRC,"AtriCure, Inc. - Common Stock",,671,2024-01-02,2026-09-01,252,false,PRICE_FEATURES_READY,21,,adjusted_prices_unavailable,0.26343,0.891725,0.55499,0.32252,0.266301,0.429133,0.128588,0.451997,0.42792,-0.165537,-0.390238,0.238345,670925.52381,882943.428571,true,true,false,true,true,false,true,v2.38H
U00289,ATRO,Astronics Corporation - Common Stock,,669,2024-01-02,2026-09-01,252,false,PRICE_FEATURES_READY,21,,adjusted_prices_unavailable,0.026294,-0.147413,-0.035544,1.006874,-0.037873,0.024705,0.065042,0.808919,0.695467,-0.2612,-0.2612,0.509928,687798.0,717878.825397,false,false,false,false,false,false,true,v2.38H
U00290,ATXG,Addentax Group Corp. - Common Stock,,669,2024-01-02,2026-09-01,252,false,PRICE_FEATURES_READY,21,,adjusted_prices_unavailable,0.159322,-0.326772,-0.237458,-0.592857,-0.095133,-0.327663,-0.256977,1.101336,1.258309,-0.601351,-0.822823,0.792493,13449.190476,17744.968254,false,false,false,false,false,false,true,v2.38H
U00291,ATYR,"aTyr Pharma, Inc. - Common Stock",,565,2024-05-31,2026-09-01,252,false,PRICE_FEATURES_READY,21,,adjusted_prices_unavailable,-0.031504,-0.083654,-0.503646,-0.911431,-0.103261,-0.318461,-0.23998,0.809006,1.265792,-0.619231,-0.934328,1.019688,635941.857143,1398853.634921,false,false,false,false,false,false,true,v2.38H
U00293,AUC,ATIF Holdings Limited - Ordinary Shares,,669,2024-01-02,2026-09-01,252,false,PRICE_FEATURES_READY,21,,adjusted_prices_unavailable,-0.054866,-0.147455,0.007669,0.155345,-0.076188,-0.053104,0.024988,0.950415,0.97327,-0.375,-0.591613,0.482826,1709.571429,4824.079365,false,false,false,false,false,false,true,v2.38H
U00294,AUDC,AudioCodes Ltd. - Ordinary Shares,,669,2024-01-02,2026-09-01,252,false,PRICE_FEATURES_READY,21,,adjusted_prices_unavailable,0.019388,-0.015764,0.309305,0.036307,0.022623,0.11815,0.093414,0.325529,0.422434,-0.205506,-0.327273,0.363939,127928.571429,112820.634921,false,true,false,true,false,false,true,v2.38H
U00297,AUPH,Aurinia Pharmaceuticals Inc - Common Shares,,669,2024-01-02,2026-09-01,252,false,PRICE_FEATURES_READY,21,,adjusted_prices_unavailable,0.101579,0.042885,0.134276,0.338615,0.005797,0.036899,0.030923,0.433567,0.408318,-0.217508,-0.217508,0.247504,1115858.190476,1436324.15873,true,true,false,false,false,true,true,v2.38H
U00298,AUR,"Aurora Innovation, Inc. - Class A Common Stock",,669,2024-01-02,2026-09-01,252,false,PRICE_FEATURES_READY,21,,adjusted_prices_unavailable,-0.195876,-0.292746,0.186957,-0.030195,-0.139439,0.02635,0.192652,0.645869,0.714257,-0.35,-0.384992,0.42856,28899750.619048,28138256.555556,false,false,false,false,false,false,true,v2.38H
U00307,AVGO,Broadcom Inc. - Common Stock,,669,2024-01-02,2026-09-01,252,false,PRICE_FEATURES_READY,21,,adjusted_prices_unavailable,-0.057492,-0.232344,0.177925,0.243081,-0.039389,0.000358,0.041377,0.529964,0.486348,-0.261603,-0.289513,0.343271,19629095.238095,25375249.206349,false,false,false,false,false,false,true,v2.38H
U00310,AVNW,"Aviat Networks, Inc. - Common Stock",,669,2024-01-02,2026-09-01,252,false,PRICE_FEATURES_READY,21,,adjusted_prices_unavailable,-0.087531,0.029801,-0.278422,-0.187282,-0.106963,-0.130896,-0.0268,0.533788,0.708068,-0.435677,-0.435677,0.73394,168333.333333,155985.714286,false,false,false,false,false,false,true,v2.38H
U00311,AVO,"Mission Produce, Inc. - Common Stock",,669,2024-01-02,2026-09-01,252,false,PRICE_FEATURES_READY,21,,adjusted_prices_unavailable,-0.000779,0.189239,-0.095272,0.02478,-0.001075,-0.000148,0.000928,0.419929,0.421356,-0.340939,-0.340939,0.271287,666113.095238,1198686.904762,false,false,false,false,true,false,true,v2.38H
U00312,AVPT,"AvePoint, Inc. - Class A Common Stock",,669,2024-01-02,2026-09-01,252,false,PRICE_FEATURES_READY,21,,adjusted_prices_unavailable,0.010479,0.195748,0.25,-0.174817,0.062775,0.155953,0.087675,0.420532,0.45782,-0.20372,-0.45876,0.314262,1826268.238095,2249519.571429,true,true,false,false,true,false,true,v2.38H
U00314,AVT,"Avnet, Inc. - Common Stock",,669,2024-01-02,2026-09-01,252,false,PRICE_FEATURES_READY,21,,adjusted_prices_unavailable,0.005738,-0.038093,0.401756,0.63808,0.001914,0.257542,0.255139,0.40392,0.406997,-0.125418,-0.180004,0.227759,1317454.238095,1262405.380952,false,true,false,true,false,false,true,v2.38H
U00319,AXG,Solowin Holdings - Class A Ordinary Share,,667,2024-01-02,2026-09-01,252,false,PRICE_FEATURES_READY,21,,adjusted_prices_unavailable,-0.264901,-0.356522,-0.39427,-0.446384,-0.242915,-0.366759,-0.16358,0.324482,0.390179,-0.46506,-0.526652,0.29295,195669.428571,172180.285714,false,false,false,false,false,false,true,v2.38H
U00320,AXGN,"Axogen, Inc. - Common Stock",,669,2024-01-02,2026-09-01,252,false,PRICE_FEATURES_READY,21,,adjusted_prices_unavailable,0.09075,0.264065,0.672142,2.090458,0.109613,0.341455,0.208939,0.47882,0.491756,-0.161723,-0.193047,0.257548,844491.904762,1234567.142857,true,true,false,true,false,true,true,v2.38H
U00322,AXON,"Axon Enterprise, Inc. - Common Stock",,669,2024-01-02,2026-09-01,252,false,PRICE_FEATURES_READY,21,,adjusted_prices_unavailable,-0.099986,0.057496,-0.104975,-0.306427,-0.078252,0.024248,0.111202,0.743037,0.686013,-0.397328,-0.555107,0.435477,934834.761905,987821.111111,false,false,false,false,false,false,true,v2.38H
U00323,AXSM,"Axsome Therapeutics, Inc. - Common Stock",,669,2024-01-02,2026-09-01,252,false,PRICE_FEATURES_READY,21,,adjusted_prices_unavailable,-0.038903,-0.087009,0.236391,0.672411,-0.100941,0.047033,0.164588,0.386963,0.41363,-0.222009,-0.222009,0.241719,654838.095238,856201.587302,false,false,false,false,false,false,true,v2.38H
U00324,AXTI,AXT Inc - Common Stock,,669,2024-01-02,2026-09-01,252,false,PRICE_FEATURES_READY,21,,adjusted_prices_unavailable,-0.182904,-0.49382,0.34363,18.348276,-0.119887,0.040986,0.182788,1.689239,1.706132,-0.737485,-0.737485,0.85594,11213433.333333,10274449.206349,false,false,false,false,false,false,true,v2.38H
U00326,AYTU,"Aytu BioPharma, Inc. - Common Stock",,669,2024-01-02,2026-09-01,252,false,PRICE_FEATURES_READY,21,,adjusted_prices_unavailable,0.0,0.071429,-0.147727,-0.042553,0.005542,-0.054622,-0.059832,0.410426,0.393254,-0.245421,-0.318725,0.219015,29879.714286,27028.15873,false,false,false,false,false,false,true,v2.38H
U00329,AZTA,"Azenta, Inc. - Common Stock",,669,2024-01-02,2026-09-01,252,false,PRICE_FEATURES_READY,21,,adjusted_prices_unavailable,0.05656,0.347418,0.286471,0.033726,0.079043,0.116171,0.034408,0.50944,0.652907,-0.394558,-0.609364,0.6025,775882.904762,740600.650794,true,true,false,false,true,false,true,v2.38H
U00331,BAER,"Bridger Aerospace Group Holdings, Inc. - Common Stock",,669,2024-01-02,2026-09-01,252,false,PRICE_FEATURES_READY,21,,adjusted_prices_unavailable,-0.443878,-0.504545,-0.543933,-0.463054,-0.330796,-0.455891,-0.186931,0.801493,0.833544,-0.56746,-0.666667,0.576026,1802285.714286,918853.968254,false,false,false,false,false,false,true,v2.38H
U00333,BAND,Bandwidth Inc. - Class A Common Stock,,669,2024-01-02,2026-09-01,252,false,PRICE_FEATURES_READY,21,,adjusted_prices_unavailable,0.168392,-0.251658,2.264139,2.386,-0.096937,0.531011,0.695353,1.106852,1.20208,-0.528939,-0.528939,0.753429,811814.571429,1263127.079365,false,false,false,false,false,false,true,v2.38H
U00334,BANF,BancFirst Corporation - Common Stock,,669,2024-01-02,2026-09-01,252,false,PRICE_FEATURES_READY,21,,adjusted_prices_unavailable,-0.055175,-0.020551,-0.049925,-0.189968,-0.05355,-0.037435,0.017027,0.211841,0.213679,-0.102716,-0.242673,0.12333,102761.904762,161877.777778,false,false,false,false,false,false,true,v2.38H
U00335,BANL,CBL International Limited - Class B Ordinary Shares,,669,2024-01-02,2026-09-01,252,false,PRICE_FEATURES_READY,21,,adjusted_prices_unavailable,2.355408,35.982967,21.060958,22.100304,1.826329,7.981594,2.17783,21.274144,15.082556,-0.636842,-0.636842,0.67264,279749.714286,230257.84127,true,true,false,true,true,false,true,v2.38H
U00336,BANR,Banner Corporation - Common Stock,,669,2024-01-02,2026-09-01,252,false,PRICE_FEATURES_READY,21,,adjusted_prices_unavailable,-0.027923,0.065072,0.132057,0.023124,-0.019291,0.053609,0.074334,0.205429,0.219709,-0.076446,-0.143384,0.117509,312490.47619,341463.492063,false,false,false,true,false,false,true,v2.38H
U00338,BAOS,Baosheng Media Group Holdings Limited - Ordinary shares,,669,2024-01-02,2026-09-01,252,false,PRICE_FEATURES_READY,21,,adjusted_prices_unavailable,-0.463122,-0.893898,-0.879615,-0.886594,-0.778758,-0.872501,-0.423711,1.563797,1.216572,-0.903692,-0.935597,1.268277,8751387.190476,3019797.31746,false,false,false,false,false,false,true,v2.38H
U00339,BATRA,"Atlanta Braves Holdings, Inc. - Series A Common Stock",,669,2024-01-02,2026-09-01,252,false,PRICE_FEATURES_READY,21,,adjusted_prices_unavailable,0.018549,0.039355,0.147053,0.167456,-0.007378,0.113763,0.122041,0.217894,0.21461,-0.089177,-0.099463,0.117471,81038.095238,65987.301587,true,false,false,true,false,true,true,v2.38H
U00340,BATRK,"Atlanta Braves Holdings, Inc. - Series C Common Stock",,669,2024-01-02,2026-09-01,252,false,PRICE_FEATURES_READY,21,,adjusted_prices_unavailable,-0.015297,0.017633,0.151341,0.116274,-0.024359,0.099601,0.127055,0.240699,0.230938,-0.076792,-0.128722,0.10863,620271.428571,576930.15873,false,false,false,true,false,false,true,v2.38H
U00342,BBCP,"Concrete Pumping Holdings, Inc. - Common Stock",,669,2024-01-02,2026-09-01,252,false,PRICE_FEATURES_READY,21,,adjusted_prices_unavailable,-0.088979,0.150702,0.325,0.29454,-0.117877,0.129041,0.279914,0.709358,0.552965,-0.254772,-0.254772,0.226861,137040.571429,319211.936508,false,false,false,false,true,false,true,v2.38H
U00344,BBGI,"Beasley Broadcast Group, Inc. - Class A Common Stock",,669,2024-01-02,2026-09-01,252,false,PRICE_FEATURES_READY,21,,adjusted_prices_unavailable,-0.128644,-0.038795,3.803571,3.084599,-0.152199,0.514098,0.785912,1.061503,2.260164,-0.385848,-0.811863,0.694193,80672.047619,48263.698413,false,false,false,false,false,false,true,v2.38H
U00347,BBNX,"Beta Bionics, Inc. - Common Stock",,399,2025-01-30,2026-09-01,252,false,PRICE_FEATURES_READY,21,,adjusted_prices_unavailable,0.428464,0.491009,0.648228,0.012208,0.129846,0.131769,0.001702,0.733415,0.763849,-0.293395,-0.723038,0.411837,1111757.142857,1156444.444444,true,true,false,false,true,true,true,v2.38H
U00351,BCAL,California BanCorp - Common Stock,,669,2024-01-02,2026-09-01,252,false,PRICE_FEATURES_READY,21,,adjusted_prices_unavailable,-0.016783,0.097866,0.148068,0.252375,-0.002809,0.090892,0.093965,0.199638,0.187339,-0.057671,-0.139593,0.119941,144967.380952,215538.333333,false,false,false,true,false,false,true,v2.38H
U00356,BCG,"Binah Capital Group, Inc. - Common Stock",,610,2024-03-27,2026-09-01,252,false,PRICE_FEATURES_READY,21,,adjusted_prices_unavailable,-0.042254,-0.15,-0.34236,-0.306122,-0.072597,-0.307086,-0.252845,0.520143,0.695813,-0.451681,-0.580386,0.357714,63419.047619,36858.730159,false,false,false,false,false,false,true,v2.38H
U00358,BCML,BayCom Corp - Common Stock,,669,2024-01-02,2026-09-01,252,false,PRICE_FEATURES_READY,21,,adjusted_prices_unavailable,-0.021311,-0.043269,0.005728,-0.013549,-0.060233,-0.016926,0.046083,0.232434,0.272448,-0.14257,-0.142901,0.250608,58055.142857,72589.809524,false,false,false,false,false,false,true,v2.38H
U00359,BCPC,Balchem Corporation - Common Stock,,669,2024-01-02,2026-09-01,252,false,PRICE_FEATURES_READY,21,,adjusted_prices_unavailable,-0.001498,0.10171,-0.044492,0.069221,0.014107,0.04077,0.026292,0.194394,0.208736,-0.144312,-0.147113,0.15903,164864.333333,220435.730159,false,true,false,true,false,false,true,v2.38H
U00363,BDMD,Baird Medical Investment Holdings Ltd - Ordinary Share,,669,2024-01-02,2026-09-01,252,false,PRICE_FEATURES_READY,21,,adjusted_prices_unavailable,0.065421,-0.149254,-0.542169,-0.534694,0.026103,-0.225299,-0.245006,0.59327,0.970734,-0.715116,-0.715116,0.490989,48559.714286,75624.666667,false,false,false,false,false,false,true,v2.38H
U00364,BDSX,"Biodesix, Inc. - Common Stock",,669,2024-01-02,2026-09-01,252,false,PRICE_FEATURES_READY,21,,adjusted_prices_unavailable,0.137994,0.623705,0.617419,1.935597,0.096273,0.706705,0.556825,0.894526,0.971543,-0.492784,-0.492784,0.438001,133952.380952,95514.285714,true,true,false,false,true,false,true,v2.38H
U00367,BEAM,Beam Therapeutics Inc. - Common Stock,,669,2024-01-02,2026-09-01,252,false,PRICE_FEATURES_READY,21,,adjusted_prices_unavailable,0.120031,0.002072,0.066128,0.773839,-0.019701,0.021408,0.041935,0.691531,0.687431,-0.338871,-0.381531,0.393041,1635488.428571,2121651.698413,true,false,false,false,false,true,true,v2.38H
U00369,BEEM,Beam Global - Common Stock,,669,2024-01-02,2026-09-01,252,false,PRICE_FEATURES_READY,21,,adjusted_prices_unavailable,0.275229,-0.073333,-0.091503,-0.492701,0.157003,-0.078628,-0.203656,0.940514,0.914127,-0.503046,-0.74768,0.486941,2362966.380952,2096623.714286,false,false,false,false,false,false,true,v2.38H
U00371,BELFA,Bel Fuse Inc. - Class A Common Stock,,669,2024-01-02,2026-09-01,252,false,PRICE_FEATURES_READY,21,,adjusted_prices_unavailable,-0.076958,-0.148215,0.040045,0.77034,-0.124024,-0.020079,0.118662,0.693895,0.650845,-0.304879,-0.304879,0.522619,156575.809524,185447.492063,false,false,false,false,false,false,true,v2.38H
U00372,BELFB,Bel Fuse Inc. - Class B Common Stock,,669,2024-01-02,2026-09-01,252,false,PRICE_FEATURES_READY,21,,adjusted_prices_unavailable,-0.114289,-0.095832,0.13934,0.809007,-0.118106,0.040571,0.179928,0.6877,0.623168,-0.272069,-0.272069,0.48949,174992.380952,267654.603175,false,false,false,false,false,false,true,v2.38H
U00374,BETR,Better Home & Finance Holding Company - Class A Common Stock,,669,2024-01-02,2026-09-01,252,false,PRICE_FEATURES_READY,21,,adjusted_prices_unavailable,-0.552015,-0.568454,-0.62838,-0.459567,-0.399197,-0.608998,-0.349201,1.2644,1.260057,-0.755687,-0.865226,1.019142,970719.047619,517760.31746,false,false,false,false,false,false,true,v2.38H
U00375,BFC,Bank First Corporation - Common Stock,,669,2024-01-02,2026-09-01,252,false,PRICE_FEATURES_READY,21,,adjusted_prices_unavailable,-0.03194,0.074784,0.089427,0.157097,-0.004688,0.071534,0.07658,0.231393,0.214785,-0.082195,-0.141728,0.147812,71857.0,91415.825397,false,false,false,true,false,false,true,v2.38H
U00377,BFRI,Biofrontera Inc. - Common Stock,,669,2024-01-02,2026-09-01,252,false,PRICE_FEATURES_READY,21,,adjusted_prices_unavailable,0.289916,0.490291,0.715084,0.732506,0.269875,0.581895,0.245709,0.710453,0.712552,-0.322609,-0.508621,0.461658,580149.809524,417664.222222,true,true,false,true,true,true,true,v2.38H
U00378,BFST,"Business First Bancshares, Inc. - Common Stock",,669,2024-01-02,2026-09-01,252,false,PRICE_FEATURES_READY,21,,adjusted_prices_unavailable,-0.038847,0.089876,0.112804,0.226709,-0.014183,0.081033,0.096587,0.190361,0.206603,-0.074483,-0.13938,0.133782,207824.333333,250692.238095,false,false,false,true,false,false,true,v2.38H
U00379,BGC,"BGC Group, Inc. - Class A Common Stock",,669,2024-01-02,2026-09-01,252,false,PRICE_FEATURES_READY,21,,adjusted_prices_unavailable,0.052678,0.159574,0.243776,0.222222,0.060086,0.172284,0.105838,0.424626,0.360237,-0.196838,-0.196838,0.235775,2832851.714286,3121223.587302,true,true,false,true,false,false,true,v2.38H
U00383,BGLC,BioNexus Gene Lab Corp - Common stock,,669,2024-01-02,2026-09-01,252,false,PRICE_FEATURES_READY,21,,adjusted_prices_unavailable,0.027972,-0.36087,-0.418972,-0.741197,-0.115342,-0.427928,-0.35334,0.786089,0.696199,-0.502638,-0.78,0.449877,9422.809524,94536.174603,false,false,false,false,false,false,true,v2.38H
U00384,BGM,BGM Group Ltd. - Class A Ordinary Shares,,669,2024-01-02,2026-09-01,252,false,PRICE_FEATURES_READY,21,,adjusted_prices_unavailable,-0.062199,-0.160308,-0.754144,-0.963662,-0.097069,-0.849897,-0.833761,1.337627,1.393339,-0.772727,-0.978723,1.073924,307818.714286,424001.47619,false,false,false,false,false,false,true,v2.38H
U00387,BHRB,Burke & Herbert Financial Services Corp. - Common Stock,,669,2024-01-02,2026-09-01,252,false,PRICE_FEATURES_READY,21,,adjusted_prices_unavailable,-0.041005,0.103077,0.073894,0.111233,-0.014593,0.065114,0.080888,0.213011,0.199459,-0.074636,-0.136689,0.122695,108403.285714,162931.253968,false,false,false,true,false,false,true,v2.38H
U00389,BIAF,"bioAffinity Technologies, Inc. - Common Stock",,668,2024-01-02,2026-09-01,252,false,PRICE_FEATURES_READY,21,,adjusted_prices_unavailable,9.510367,2.765714,5.216981,-0.103401,4.494047,3.001226,-0.271716,24.02463,17.086709,-0.919198,-0.963524,0.812114,10835824.47619,3923204.984127,true,false,true,false,true,true,true,v2.38H
U00390,BIIB,Biogen Inc. - Common Stock,,669,2024-01-02,2026-09-01,252,false,PRICE_FEATURES_READY,21,,adjusted_prices_unavailable,0.070459,0.144098,0.174003,0.633943,0.037947,0.135909,0.09438,0.389963,0.361595,-0.113927,-0.143354,0.229356,750849.714286,1122216.571429,true,true,false,true,false,true,true,v2.38H
U00391,BIOA,"BioAge Labs, Inc. - Common Stock",,484,2024-09-26,2026-09-01,252,false,PRICE_FEATURES_READY,21,,adjusted_prices_unavailable,-0.116883,-0.424426,-0.534702,0.931034,-0.44817,-0.436742,0.020709,1.508876,1.213021,-0.639841,-0.639841,1.267901,726956.809524,857250.68254,false,false,false,false,false,false,true,v2.38H
U00396,BIYA,Baiya International Group Inc. - Ordinary Shares,,364,2025-03-21,2026-09-01,252,false,PRICE_FEATURES_READY,21,,adjusted_prices_unavailable,-0.290323,1.441731,0.466667,-0.846957,-0.097754,-0.203829,-0.117567,16.511756,11.945,-0.866351,-0.983264,1.280784,243466.666667,13656643.650794,false,false,false,false,true,false,true,v2.38H
U00398,BJRI,"BJ's Restaurants, Inc. - Common Stock",,669,2024-01-02,2026-09-01,252,false,PRICE_FEATURES_READY,21,,adjusted_prices_unavailable,-0.095768,0.392334,0.721014,0.839988,-0.044058,0.326957,0.388115,0.483624,0.432054,-0.168462,-0.265495,0.259872,461732.714286,521052.174603,false,false,false,false,true,false,true,v2.38H
U00401,BKR,Baker Hughes Company - Common Stock,,669,2024-01-02,2026-09-01,252,false,PRICE_FEATURES_READY,21,,adjusted_prices_unavailable,0.046785,-0.013712,0.017829,0.402093,0.068666,0.092599,0.022395,0.324691,0.345145,-0.242429,-0.242429,0.201837,6379762.666667,8292893.904762,false,true,false,true,false,false,true,v2.38H
U00402,BL,"BlackLine, Inc. - Common Stock",,669,2024-01-02,2026-09-01,252,false,PRICE_FEATURES_READY,21,,adjusted_prices_unavailable,-0.017389,0.056759,-0.119464,-0.407578,0.070833,-0.16301,-0.218375,0.539158,0.600847,-0.369565,-0.571137,0.372114,1188871.428571,1122957.142857,false,false,false,false,false,false,true,v2.38H
U00403,BLBD,Blue Bird Corporation - Common Stock,,669,2024-01-02,2026-09-01,252,false,PRICE_FEATURES_READY,21,,adjusted_prices_unavailable,-0.187575,-0.16298,0.052494,0.036993,-0.154429,-0.015612,0.164169,0.460667,0.468635,-0.286503,-0.286503,0.373764,650238.095238,502014.285714,false,false,false,false,false,false,true,v2.38H
U00406,BLIN,"Bridgeline Digital, Inc. - Common Stock",,669,2024-01-02,2026-09-01,252,false,PRICE_FEATURES_READY,21,,adjusted_prices_unavailable,-0.166752,-0.22008,0.146941,-0.318252,-0.135802,-0.00064,0.156402,0.627654,0.727833,-0.294118,-0.55414,0.308775,60004.047619,90377.539683,false,false,false,false,false,false,true,v2.38H
U00408,BLKB,"Blackbaud, Inc. - Common Stock",,669,2024-01-02,2026-09-01,252,false,PRICE_FEATURES_READY,21,,adjusted_prices_unavailable,0.076854,0.571194,-0.051043,-0.283766,0.252096,0.081901,-0.135928,0.604706,0.571715,-0.466747,-0.621776,0.3289,456142.857143,747353.968254,false,false,false,false,true,false,true,v2.38H
U00409,BLLN,"BillionToOne, Inc. - Class A common stock",,205,2025-11-06,2026-09-01,205,false,PRICE_FEATURES_PARTIAL,19,max_drawdown_12m|return_12m,adjusted_prices_unavailable|less_than_252_sessions,-0.327702,-0.020477,0.110416,,-0.192625,-0.029516,0.202024,0.963192,0.934664,-0.413283,,0.833193,805289.619048,749985.428571,false,false,false,false,false,false,true,v2.38H
U00410,BLMN,"Bloomin' Brands, Inc. - Common Stock",,669,2024-01-02,2026-09-01,252,false,PRICE_FEATURES_READY,21,,adjusted_prices_unavailable,0.077434,0.247119,0.533858,0.32517,0.029881,0.313075,0.274977,0.880088,0.917902,-0.199391,-0.348203,0.308908,2298932.380952,2114047.301587,true,true,false,false,true,false,true,v2.38H
U00411,BLNE,"Beeline Holdings, Inc. - Common Stock",,669,2024-01-02,2026-09-01,252,false,PRICE_FEATURES_READY,21,,adjusted_prices_unavailable,0.05,-0.166667,-0.62766,-0.335443,0.007484,-0.443628,-0.447761,0.803402,0.968419,-0.709934,-0.798621,0.796038,415008.857143,425618.825397,false,false,false,false,false,false,true,v2.38H
U00412,BLNK,Blink Charging Co. - Common Stock,,669,2024-01-02,2026-09-01,252,false,PRICE_FEATURES_READY,21,,adjusted_prices_unavailable,-0.065009,-0.360579,-0.231921,-0.569746,-0.112124,-0.312347,-0.225508,0.611513,0.847553,-0.508368,-0.812,0.393497,1197780.285714,1594945.809524,false,false,false,false,false,false,true,v2.38H
U00415,BLZE,"Backblaze, Inc. - Common Stock",,671,2024-01-02,2026-09-01,252,false,PRICE_FEATURES_READY,21,,adjusted_prices_unavailable,-0.132136,0.520225,2.478149,0.620359,-0.129198,0.76212,1.02356,1.341737,1.340112,-0.36175,-0.692093,0.431188,3588604.761905,3546271.428571,false,false,false,false,true,false,true,v2.38H
U00417,BMBL,Bumble Inc. - common stock,,669,2024-01-02,2026-09-01,252,false,PRICE_FEATURES_READY,21,,adjusted_prices_unavailable,-0.132686,-0.118421,-0.094595,-0.56564,-0.078183,-0.18775,-0.11886,0.573249,0.786991,-0.418345,-0.637378,0.479596,2898012.571429,3178350.222222,false,false,false,false,false,false,true,v2.38H
U00422,BMR,Beamr Imaging Ltd. - Ordinary Share,,669,2024-01-02,2026-09-01,252,false,PRICE_FEATURES_READY,21,,adjusted_prices_unavailable,-0.081004,-0.386546,-0.278727,-0.576477,-0.09882,-0.304662,-0.228413,0.699996,0.713461,-0.451163,-0.626582,0.417276,50357.952381,64285.984127,false,false,false,false,false,false,true,v2.38H
U00425,BMRN,BioMarin Pharmaceutical Inc. - Common Stock,,669,2024-01-02,2026-09-01,252,false,PRICE_FEATURES_READY,21,,adjusted_prices_unavailable,0.080667,0.216054,0.107808,0.112751,0.045773,0.124358,0.075146,0.300299,0.33666,-0.187336,-0.224875,0.161976,2251246.0,1981651.84127,true,true,false,true,false,true,true,v2.38H
U00426,BNAI,Brand Engagement Network Inc. - Common Stock,,669,2024-01-02,2026-09-01,252,false,PRICE_FEATURES_READY,21,,adjusted_prices_unavailable,-0.083951,-0.248481,-0.739161,2.613636,-0.209287,-0.439618,-0.291295,1.284635,1.325659,-0.812467,-0.830476,0.85283,109243.571429,411182.777778,false,false,false,false,false,false,true,v2.38H
U00428,BNC,CEA Industries Inc. - Common Stock,,669,2024-01-02,2026-09-01,252,false,PRICE_FEATURES_READY,21,,adjusted_prices_unavailable,0.115079,0.021818,-0.210674,-0.866318,0.01915,-0.268215,-0.281965,0.97211,0.940844,-0.5,-0.902927,0.573066,210238.095238,356601.587302,false,false,false,false,false,true,true,v2.38H
U00434,BODI,"The Beachbody Company, Inc. - Class A Common Stock",,669,2024-01-02,2026-09-01,252,false,PRICE_FEATURES_READY,21,,adjusted_prices_unavailable,-0.432136,-0.477502,-0.34447,0.032668,-0.375617,-0.442568,-0.107227,0.990479,1.039399,-0.645483,-0.645483,0.864335,74347.619048,42701.587302,false,false,false,false,false,false,true,v2.38H
U00435,BOF,BranchOut Food Inc. - Common Stock,,670,2024-01-02,2026-09-01,252,false,PRICE_FEATURES_READY,21,,adjusted_prices_unavailable,-0.048662,0.045455,0.026247,0.801843,-0.063765,0.068191,0.140942,0.688919,0.776952,-0.351178,-0.363445,0.338319,29563.809524,48291.111111,false,false,false,false,false,false,true,v2.38H
U00438,BOLT,"Bolt Biotherapeutics, Inc. - Common Stock",,669,2024-01-02,2026-09-01,252,false,PRICE_FEATURES_READY,21,,adjusted_prices_unavailable,0.022613,-0.203523,-0.05787,-0.206628,0.044281,-0.143156,-0.179489,0.736097,0.787506,-0.410575,-0.551904,0.463635,25216.571429,24116.634921,false,false,false,false,false,false,true,v2.38H
U00439,BON,Bon Natural Life Limited - Class A Ordinary Shares,,669,2024-01-02,2026-09-01,252,false,PRICE_FEATURES_READY,21,,adjusted_prices_unavailable,0.063063,-0.062748,-0.271605,-0.163121,0.024377,-0.169166,-0.188937,0.554048,0.474258,-0.347826,-0.539474,0.331845,7333.761905,13635.063492,false,false,false,false,false,false,true,v2.38H
U00440,BOOM,DMC Global Inc. - Common Stock,,669,2024-01-02,2026-09-01,252,false,PRICE_FEATURES_READY,21,,adjusted_prices_unavailable,-0.078838,-0.020588,0.191413,-0.00597,0.003949,0.001142,-0.002796,0.593221,0.75382,-0.355529,-0.472687,0.27513,122033.333333,275520.301587,false,false,false,false,false,false,true,v2.38H
U00441,BOSC,B.O.S. Better Online Solutions - Ordinary Shares,,669,2024-01-02,2026-09-01,252,false,PRICE_FEATURES_READY,21,,adjusted_prices_unavailable,0.033259,0.093897,-0.075397,-0.029167,0.046392,0.011109,-0.033718,0.254236,0.358701,-0.200389,-0.377273,0.299013,48271.095238,35337.984127,false,false,false,false,false,true,true,v2.38H
U00443,BOTJ,"Bank of the James Financial Group, Inc. - Common Stock",,669,2024-01-02,2026-09-01,252,false,PRICE_FEATURES_READY,21,,adjusted_prices_unavailable,-0.018778,0.175562,0.3931,0.714929,0.004251,0.207352,0.202242,0.204446,0.227991,-0.048931,-0.088614,0.120841,41648.333333,31360.555556,false,true,false,true,false,false,true,v2.38H
U00444,BOXL,Boxlight Corporation - Class A Common Stock,,669,2024-01-02,2026-09-01,252,false,PRICE_FEATURES_READY,21,,adjusted_prices_unavailable,0.926752,5.670342,3.448529,-0.436685,0.312649,1.313288,0.762305,9.297615,6.627278,-0.490977,-0.976345,0.758189,3781905.142857,1750827.904762,true,true,false,false,true,false,true,v2.38H
U00446,BPOP,"Popular, Inc. - Common Stock",,669,2024-01-02,2026-09-01,252,false,PRICE_FEATURES_READY,21,,adjusted_prices_unavailable,-0.036971,0.10675,0.227827,0.331025,-0.022589,0.15262,0.179257,0.181973,0.19214,-0.059819,-0.146829,0.097377,394080.952381,504695.238095,false,false,false,true,false,false,true,v2.38H
U00447,BPRN,"Princeton Bancorp, Inc. - Common Stock",,669,2024-01-02,2026-09-01,252,false,PRICE_FEATURES_READY,21,,adjusted_prices_unavailable,-0.003302,0.195136,0.242941,0.237119,0.045563,0.160255,0.109694,0.274057,0.245208,-0.063291,-0.129228,0.142654,25133.333333,21115.873016,false,true,false,true,false,false,true,v2.38H
U00453,BRFH,Barfresh Food Group Inc. - Common Stock,,669,2024-01-02,2026-09-01,252,false,PRICE_FEATURES_READY,21,,adjusted_prices_unavailable,-0.262857,-0.431718,-0.509506,-0.571429,-0.249302,-0.487516,-0.317323,0.774398,0.652332,-0.587248,-0.695545,0.637226,33867.380952,16574.84127,false,false,false,false,false,false,true,v2.38H
U00454,BRID,Bridgford Foods Corporation - Common Stock,,669,2024-01-02,2026-09-01,252,false,PRICE_FEATURES_READY,21,,adjusted_prices_unavailable,-0.023697,-0.153425,-0.144044,-0.1749,-0.032258,-0.155039,-0.126874,0.278687,0.348172,-0.25459,-0.283529,0.241611,3352.380952,5006.349206,false,false,false,false,false,false,true,v2.38H
U00455,BRKR,Bruker Corporation - Common Stock,,669,2024-01-02,2026-09-01,252,false,PRICE_FEATURES_READY,21,,adjusted_prices_unavailable,-0.128751,-0.022335,0.426789,0.648911,-0.045368,0.17301,0.228757,0.685321,0.632418,-0.218216,-0.398458,0.47154,2415300.0,2331955.555556,false,false,false,false,false,false,true,v2.38H
U00457,BRLT,"Brilliant Earth Group, Inc. - Class A Common Stock",,669,2024-01-02,2026-09-01,252,false,PRICE_FEATURES_READY,21,,adjusted_prices_unavailable,0.264151,0.080645,-0.118421,-0.541096,0.121902,-0.058741,-0.161015,0.638483,0.618139,-0.375758,-0.646655,0.37577,177538.095238,100930.15873,false,false,false,false,false,true,true,v2.38H
U00459,BRTX,"BioRestorative Therapies, Inc. - Common Stock",,669,2024-01-02,2026-09-01,252,false,PRICE_FEATURES_READY,21,,adjusted_prices_unavailable,0.001516,-0.440745,-0.048488,-0.892283,-0.291981,-0.627969,-0.474547,0.875523,1.501671,-0.586848,-0.90185,0.552015,212231.095238,480880.206349,false,false,false,false,false,false,true,v2.38H
U00461,BRZE,"Braze, Inc. - Class A Common Stock",,669,2024-01-02,2026-09-01,252,false,PRICE_FEATURES_READY,21,,adjusted_prices_unavailable,0.275983,0.275983,0.673303,0.183394,0.245308,0.32927,0.067423,0.6485,0.745658,-0.320481,-0.563692,0.400217,2474518.428571,2438061.698413,true,true,false,true,true,true,true,v2.38H
U00464,BSET,"Bassett Furniture Industries, Incorporated - Common Stock",,669,2024-01-02,2026-09-01,252,false,PRICE_FEATURES_READY,21,,adjusted_prices_unavailable,-0.048544,0.271858,0.253028,0.107015,-0.042664,0.144019,0.195002,0.395998,0.32593,-0.145087,-0.210884,0.182659,23161.904762,62065.079365,false,false,false,false,false,false,true,v2.38H
U00465,BSIN,Big Sky Industrial Inc. - Common Stock,,671,2024-01-02,2026-09-01,252,false,PRICE_FEATURES_READY,21,,adjusted_prices_unavailable,0.336283,0.398148,0.055944,0.268908,0.194242,0.42379,0.192212,0.692815,0.808765,-0.4,-0.517483,0.597873,1195168.0,1754973.460317,true,true,false,true,true,true,true,v2.38H
U00467,BSRR,Sierra Bancorp - Common Stock,,669,2024-01-02,2026-09-01,252,false,PRICE_FEATURES_READY,21,,adjusted_prices_unavailable,-0.024016,0.028706,0.107926,0.285714,-0.032263,0.077279,0.113194,0.192652,0.216574,-0.092702,-0.152854,0.12204,54066.666667,64776.190476,false,false,false,true,false,false,true,v2.38H
U00468,BSVN,Bank7 Corp. - Common stock,,669,2024-01-02,2026-09-01,252,false,PRICE_FEATURES_READY,21,,adjusted_prices_unavailable,0.022063,0.162822,0.259985,0.036485,0.017364,0.149739,0.130116,0.256399,0.24801,-0.084409,-0.228957,0.151557,39738.714286,32157.349206,true,true,false,true,false,false,true,v2.38H
U00469,BSY,"Bentley Systems, Incorporated - Class B Common Stock",,669,2024-01-02,2026-09-01,252,false,PRICE_FEATURES_READY,21,,adjusted_prices_unavailable,-0.007523,0.047647,-0.081011,-0.359928,0.05567,0.000884,-0.051897,0.41683,0.421045,-0.293386,-0.49956,0.274677,2422671.0,2964631.603175,false,false,false,false,false,false,true,v2.38H
U00470,BTAI,"BioXcel Therapeutics, Inc. - Common Stock",,669,2024-01-02,2026-09-01,252,false,PRICE_FEATURES_READY,21,,adjusted_prices_unavailable,-0.838443,-0.884874,-0.914375,-0.966173,-0.849417,-0.899416,-0.332036,1.899254,1.482215,-0.920809,-0.967612,1.54437,4929508.142857,2322467.793651,false,false,false,false,false,false,true,v2.38H
U00471,BTBD,"BT Brands, Inc. - Common Stock",,670,2024-01-02,2026-09-01,252,false,PRICE_FEATURES_READY,21,,adjusted_prices_unavailable,0.276596,0.282051,0.181102,-0.184783,0.25565,0.07802,-0.141465,0.517664,1.057098,-0.537778,-0.656766,0.893171,50114.190476,38716.222222,true,false,false,false,true,true,true,v2.38H
U00472,BTBT,"Bit Digital, Inc. - Ordinary Share",,670,2024-01-02,2026-09-01,252,false,PRICE_FEATURES_READY,21,,adjusted_prices_unavailable,-0.028986,-0.323232,-0.197605,-0.478599,-0.134926,-0.255349,-0.139205,0.933847,0.906484,-0.457399,-0.71327,0.522789,29505663.809524,27695938.730159,false,false,false,false,false,false,true,v2.38H
U00473,BTCS,BTCS Inc. - Common Stock,,669,2024-01-02,2026-09-01,252,false,PRICE_FEATURES_READY,21,,adjusted_prices_unavailable,0.2,-0.131034,-0.236364,-0.698565,0.118707,-0.327453,-0.398818,0.805257,0.821403,-0.57897,-0.835403,0.492881,2342075.714286,1362690.31746,false,false,false,false,false,false,true,v2.38H
U00474,BTCT,BTC Digital Ltd. - Ordinary Shares,,669,2024-01-02,2026-09-01,252,false,PRICE_FEATURES_READY,21,,adjusted_prices_unavailable,2.365385,0.521739,0.356589,-0.316406,0.874063,0.373896,-0.266889,2.85889,2.056625,-0.681159,-0.857143,0.842383,27191576.238095,10621846.047619,true,false,false,false,true,true,true,v2.38H
U00476,BTMD,Biote Corp. - Class A common stock,,669,2024-01-02,2026-09-01,252,false,PRICE_FEATURES_READY,21,,adjusted_prices_unavailable,-0.270742,-0.223256,-0.208531,-0.514535,-0.141829,-0.209767,-0.079165,1.009203,0.894416,-0.484127,-0.627507,0.673408,350090.47619,320480.952381,false,false,false,false,false,false,true,v2.38H
U00477,BTOC,Armlogi Holding Corp. - common stock,,577,2024-05-14,2026-09-01,252,false,PRICE_FEATURES_READY,21,,adjusted_prices_unavailable,0.218624,-0.166205,0.04878,-0.777037,0.074156,-0.186135,-0.242321,0.759428,0.774924,-0.373961,-0.826154,0.5381,165700.0,129441.269841,false,false,false,false,false,false,true,v2.38H
U00482,BUSE,First Busey Corporation - Common Stock,,669,2024-01-02,2026-09-01,252,false,PRICE_FEATURES_READY,21,,adjusted_prices_unavailable,-0.043812,0.090047,0.158915,0.210526,-0.007923,0.119475,0.128416,0.182313,0.191613,-0.058067,-0.118205,0.102361,626933.333333,818704.761905,false,false,false,true,false,false,true,v2.38H
U00483,BUUU,BUUU Group Limited - Class A Ordinary Share,,264,2025-08-14,2026-09-01,252,false,PRICE_FEATURES_READY,21,,adjusted_prices_unavailable,0.328767,0.572973,1.157153,3.476923,0.196762,0.845503,0.542081,1.032077,1.23657,-0.317982,-0.317982,0.656257,87276.190476,63879.365079,true,true,false,true,true,true,true,v2.38H
U00485,BVFL,"BV Financial, Inc. - Common Stock",,669,2024-01-02,2026-09-01,252,false,PRICE_FEATURES_READY,21,,adjusted_prices_unavailable,-0.016226,0.072801,0.121564,0.264601,-0.001863,0.078449,0.080462,0.308967,0.257576,-0.061842,-0.126567,0.143052,11295.666667,20131.888889,false,false,false,true,false,false,true,v2.38H
U00486,BVS,Bioventus Inc. - Class A Common Stock,,669,2024-01-02,2026-09-01,252,false,PRICE_FEATURES_READY,21,,adjusted_prices_unavailable,0.014848,0.685573,0.564073,0.847297,0.085541,0.423888,0.311685,0.580709,0.56509,-0.275137,-0.275137,0.373154,761713.571429,723901.349206,true,true,false,false,true,false,true,v2.38H
U00487,BWB,"Bridgewater Bancshares, Inc. - Common Stock",,669,2024-01-02,2026-09-01,252,false,PRICE_FEATURES_READY,21,,adjusted_prices_unavailable,0.007222,0.103958,0.136339,0.277167,-0.019065,0.095609,0.116903,0.253767,0.232796,-0.092041,-0.156234,0.174289,166080.52381,200183.984127,true,false,false,true,false,false,true,v2.38H
U00489,BWFG,"Bankwell Financial Group, Inc. - Common Stock",,669,2024-01-02,2026-09-01,252,false,PRICE_FEATURES_READY,21,,adjusted_prices_unavailable,-0.030509,0.24189,0.380721,0.54825,0.034852,0.240006,0.198245,0.248429,0.246375,-0.074518,-0.124028,0.147002,57014.285714,75957.142857,false,true,false,true,false,false,true,v2.38H
U00490,BWIN,"The Baldwin Insurance Group, Inc. - Class A Common Stock",,669,2024-01-02,2026-09-01,252,false,PRICE_FEATURES_READY,21,,adjusted_prices_unavailable,0.026459,0.553388,0.357559,-0.044522,0.071029,0.271709,0.187371,0.680231,0.580441,-0.346777,-0.490269,0.241354,987625.0,1460822.619048,true,true,false,true,true,false,true,v2.38H
U00491,BWMN,Bowman Consulting Group Ltd. - Common Stock,,669,2024-01-02,2026-09-01,252,false,PRICE_FEATURES_READY,21,,adjusted_prices_unavailable,0.554177,0.309963,0.307952,-0.003042,0.307643,0.304226,-0.002613,1.153945,0.882511,-0.293017,-0.43034,0.289341,538033.333333,278412.698413,true,false,false,true,true,true,true,v2.38H
U00492,BYAH,"Park Ha Biological Technology Co., Ltd. - Class A Ordinary Shares",,418,2024-12-27,2026-09-01,252,false,PRICE_FEATURES_READY,21,,adjusted_prices_unavailable,-0.021127,-0.702991,-0.793155,-0.986531,-0.351304,-0.902675,-0.849969,1.866636,1.434567,-0.806138,-0.988227,0.863729,909933.619048,864492.539683,false,false,false,false,false,false,true,v2.38H
U00493,BYFC,Broadway Financial Corporation - Class A Common Stock,,669,2024-01-02,2026-09-01,252,false,PRICE_FEATURES_READY,21,,adjusted_prices_unavailable,0.125954,0.230448,0.503185,0.473159,0.115143,0.371599,0.229975,0.369719,0.367239,-0.104808,-0.28839,0.202041,2290.52381,5574.619048,true,true,false,true,true,true,true,v2.38H
U00494,BYND,"Beyond Meat, Inc. - Common stock",,669,2024-01-02,2026-09-01,252,false,PRICE_FEATURES_READY,21,,adjusted_prices_unavailable,19.343138,15.27451,14.6801,3.98,1.783193,6.092906,1.548478,57.462996,40.635266,-0.639655,-0.88453,0.615977,19051117.380952,27131464.52381,true,true,false,false,true,true,true,v2.38H
U00495,BYRN,"Byrna Technologies, Inc. - Common Stock",,670,2024-01-02,2026-09-01,252,false,PRICE_FEATURES_READY,21,,adjusted_prices_unavailable,-0.306122,-0.453376,-0.73582,-0.833333,-0.234717,-0.651944,-0.545194,1.05318,0.999359,-0.75,-0.884908,0.872207,429147.619048,735920.634921,false,false,false,false,false,false,true,v2.38H
U00497,BZ,KANZHUN LIMITED - American Depository Shares,,669,2024-01-02,2026-09-01,252,false,PRICE_FEATURES_READY,21,,adjusted_prices_unavailable,0.066221,0.197135,0.10308,-0.256986,0.140929,0.074436,-0.05828,0.552747,0.455769,-0.202899,-0.492172,0.237081,6652236.571429,4530561.396825,true,false,false,false,true,true,true,v2.38H
U00498,BZAI,"Blaize Holdings, Inc. - Common Stock",,412,2025-01-10,2026-09-01,252,false,PRICE_FEATURES_READY,21,,adjusted_prices_unavailable,-0.452695,-0.763212,-0.568868,-0.871989,-0.523034,-0.708008,-0.387813,1.385876,1.574725,-0.821429,-0.928458,1.099738,7706309.52381,5015107.936508,false,false,false,false,false,false,true,v2.38H
U00499,BZFD,"BuzzFeed, Inc. - Class A Common Stock",,670,2024-01-02,2026-09-01,252,false,PRICE_FEATURES_READY,21,,adjusted_prices_unavailable,-0.067797,-0.308176,0.408451,-0.438776,-0.128713,0.062161,0.219071,0.754983,1.547375,-0.480861,-0.726087,0.433793,499809.52381,744023.809524,false,false,false,false,false,false,true,v2.38H
U00500,CAAS,"China Automotive Systems, Inc. - Ordinary Share",,669,2024-01-02,2026-09-01,252,false,PRICE_FEATURES_READY,21,,adjusted_prices_unavailable,0.22049,0.22049,0.307876,0.330097,0.19986,0.236044,0.030157,0.440045,0.363478,-0.108333,-0.203187,0.161622,51742.857143,29673.015873,true,true,false,true,false,true,true,v2.38H
U00503,CAC,Camden National Corporation - Common Stock,,669,2024-01-02,2026-09-01,252,false,PRICE_FEATURES_READY,21,,adjusted_prices_unavailable,-0.052463,0.115369,0.20124,0.373685,0.003355,0.140445,0.136632,0.242754,0.241637,-0.076653,-0.146195,0.159866,83985.714286,100673.015873,false,true,false,true,false,false,true,v2.38H
U00504,CACC,Credit Acceptance Corporation - Common Stock,,669,2024-01-02,2026-09-01,252,false,PRICE_FEATURES_READY,21,,adjusted_prices_unavailable,0.037018,0.096394,0.234711,0.154353,-0.012356,0.150765,0.165161,0.289053,0.360987,-0.185358,-0.217067,0.25978,115804.761905,153187.301587,true,false,false,true,false,true,true,v2.38H
U00509,CAKE,The Cheesecake Factory Incorporated - Common Stock,,669,2024-01-02,2026-09-01,252,false,PRICE_FEATURES_READY,21,,adjusted_prices_unavailable,0.033082,0.680261,0.705382,0.763098,0.13674,0.600857,0.408287,0.451623,0.418096,-0.155684,-0.30081,0.239813,1815051.380952,1658204.428571,true,true,false,true,true,false,true,v2.38H
U00511,CALM,"Cal-Maine Foods, Inc. - Common Stock",,669,2024-01-02,2026-09-01,252,false,PRICE_FEATURES_READY,21,,adjusted_prices_unavailable,-0.09235,0.060244,-0.101943,-0.316672,-0.060768,-0.032576,0.030016,0.343687,0.326031,-0.171193,-0.375571,0.223101,838790.47619,896541.269841,false,false,false,false,false,false,true,v2.38H
U00512,CAMP,CAMP4 Therapeutics Corporation - Common Stock,,619,2024-01-02,2026-09-01,252,false,PRICE_FEATURES_READY,21,,adjusted_prices_unavailable,-0.099762,-0.047739,-0.036849,1.493421,-0.078755,-0.154032,-0.081712,0.951267,1.095164,-0.520319,-0.57784,0.392846,265890.47619,255547.619048,false,false,false,false,false,false,true,v2.38H
U00513,CAMT,Camtek Ltd. - Ordinary Shares,,669,2024-01-02,2026-09-01,252,false,PRICE_FEATURES_READY,21,,adjusted_prices_unavailable,-0.083339,-0.31666,-0.21198,0.549269,-0.14429,-0.153673,-0.010965,0.817108,0.798391,-0.387978,-0.387978,0.537291,443357.142857,482852.380952,false,false,false,false,false,false,true,v2.38H
U00519,CARE,"Carter Bankshares, Inc. - Common Stock",,669,2024-01-02,2026-09-01,252,false,PRICE_FEATURES_READY,21,,adjusted_prices_unavailable,-0.131527,0.086128,0.475779,0.581192,-0.062045,0.226559,0.307694,0.293055,0.278467,-0.138578,-0.158313,0.172484,354614.142857,398577.730159,false,false,false,false,false,false,true,v2.38H
U00520,CARG,"CarGurus, Inc. - Class A Common Stock",,669,2024-01-02,2026-09-01,252,false,PRICE_FEATURES_READY,21,,adjusted_prices_unavailable,-0.058489,0.214036,0.071495,0.004913,-0.018764,0.022996,0.042559,0.418118,0.421072,-0.287998,-0.309249,0.266682,874980.952381,1146936.507937,false,false,false,false,true,false,true,v2.38H
U00522,CART,Maplebear Inc. - Common Stock,,669,2024-01-02,2026-09-01,252,false,PRICE_FEATURES_READY,21,,adjusted_prices_unavailable,0.102666,0.228522,0.340745,0.154023,0.05239,0.186397,0.127336,0.42205,0.442693,-0.136787,-0.299213,0.252538,4402380.952381,4175698.412698,true,true,false,true,true,true,true,v2.38H
U00523,CASH,"Pathward Financial, Inc. - Common Stock",,670,2024-01-02,2026-09-02,252,false,PRICE_FEATURES_READY,21,,adjusted_prices_unavailable,-0.085587,0.05274,-0.105085,0.036474,-0.058559,-0.03149,0.028753,0.267386,0.294579,-0.222055,-0.222055,0.279936,186938.095238,219423.809524,false,false,false,false,false,false,true,v2.38H
U00524,CASS,"Cass Information Systems, Inc - Common Stock",,670,2024-01-02,2026-09-02,252,false,PRICE_FEATURES_READY,21,,adjusted_prices_unavailable,-0.013847,0.230803,0.231881,0.301712,0.024593,0.188084,0.159567,0.208114,0.220067,-0.074457,-0.159122,0.131266,80266.666667,85409.52381,false,true,false,true,false,false,true,v2.38H
U00526,CASY,"Caseys General Stores, Inc. - Common Stock",,670,2024-01-02,2026-09-02,252,false,PRICE_FEATURES_READY,21,,adjusted_prices_unavailable,-0.114111,-0.026608,0.101917,0.513294,-0.090036,0.039561,0.14242,0.524912,0.426185,-0.179061,-0.179061,0.174135,313490.47619,454860.31746,false,false,false,false,false,false,true,v2.38H
U00527,CATY,Cathay General Bancorp - Common Stock,,670,2024-01-02,2026-09-02,252,false,PRICE_FEATURES_READY,21,,adjusted_prices_unavailable,-0.036519,0.097151,0.237031,0.247736,-0.009907,0.128241,0.139531,0.183133,0.193245,-0.064685,-0.129657,0.1019,367290.47619,488346.031746,false,false,false,true,false,false,true,v2.38H
U00530,CBFV,"CB Financial Services, Inc. - Common Stock",,670,2024-01-02,2026-09-02,252,false,PRICE_FEATURES_READY,21,,adjusted_prices_unavailable,0.008387,0.098762,0.052825,0.139059,0.002151,0.044092,0.041851,0.271505,0.260438,-0.077258,-0.106065,0.157362,4877.47619,6543.285714,true,true,false,true,false,false,true,v2.38H
U00531,CBIO,"Crescent Biopharma, Inc. - Common Stock",,670,2024-01-02,2026-09-02,252,false,PRICE_FEATURES_READY,21,,adjusted_prices_unavailable,0.131868,0.031146,0.613577,0.355263,0.112925,0.205297,0.082999,0.686581,0.876822,-0.463677,-0.463677,0.553549,199233.333333,317979.365079,true,true,false,false,false,true,true,v2.38H
U00533,CBLL,"CeriBell, Inc. - Common Stock",,474,2024-10-11,2026-09-02,252,false,PRICE_FEATURES_READY,21,,adjusted_prices_unavailable,0.339633,0.444121,0.396173,1.172504,0.212752,0.263216,0.041611,0.485291,0.520208,-0.236756,-0.305164,0.394955,423100.0,387682.539683,true,true,false,true,true,true,true,v2.38H
U00535,CBRL,"Cracker Barrel Old Country Store, Inc. - Common Stock",,670,2024-01-02,2026-09-02,252,false,PRICE_FEATURES_READY,21,,adjusted_prices_unavailable,-0.040616,0.654589,0.78968,0.001462,0.00331,0.491847,0.486925,0.657227,0.576921,-0.139363,-0.537438,0.268449,727828.571429,1166622.222222,false,true,false,true,true,false,true,v2.38H
U00537,CBSH,"Commerce Bancshares, Inc. - Common Stock",,670,2024-01-02,2026-09-02,252,false,PRICE_FEATURES_READY,21,,adjusted_prices_unavailable,-0.032872,0.128505,0.109282,-0.022204,-0.012845,0.079807,0.093858,0.155026,0.166321,-0.078043,-0.191168,0.096884,836509.52381,1161376.190476,false,false,false,true,false,false,true,v2.38H
U00538,CBUS,"Cibus, Inc. - Class A Common Stock",,670,2024-01-02,2026-09-02,252,false,PRICE_FEATURES_READY,21,,adjusted_prices_unavailable,-0.1875,0.122302,-0.531532,0.172932,-0.106632,-0.166856,-0.067413,0.83172,1.060043,-0.703704,-0.703704,0.795014,137566.666667,284923.809524,false,false,false,false,false,false,true,v2.38H
U00541,CCB,Coastal Financial Corporation - Common Stock,,670,2024-01-02,2026-09-02,252,false,PRICE_FEATURES_READY,21,,adjusted_prices_unavailable,0.101476,-0.284577,-0.366414,-0.57528,-0.21553,-0.410275,-0.24825,0.981277,0.743008,-0.539571,-0.664537,0.947406,240138.095238,224976.190476,false,false,false,false,false,false,true,v2.38H
U00542,CCBG,Capital City Bank Group - Common Stock,,670,2024-01-02,2026-09-02,252,false,PRICE_FEATURES_READY,21,,adjusted_prices_unavailable,-0.032454,0.168462,0.176552,0.176824,0.001119,0.114006,0.112761,0.209854,0.197929,-0.078369,-0.129389,0.108369,65900.0,91557.142857,false,true,false,true,false,false,true,v2.38H
U00543,CCC,CCC Intelligent Solutions Holdings Inc. - Common Stock,,215,2025-10-24,2026-09-02,215,false,PRICE_FEATURES_PARTIAL,19,max_drawdown_12m|return_12m,adjusted_prices_unavailable|less_than_252_sessions,0.134281,0.438878,0.20268,,0.134747,0.158139,0.020614,0.540636,0.559805,-0.325879,,0.372483,8848233.333333,9927817.460317,true,true,false,false,false,false,true,v2.38H
U00544,CCCC,"C4 Therapeutics, Inc. - Common Stock",,670,2024-01-02,2026-09-02,252,false,PRICE_FEATURES_READY,21,,adjusted_prices_unavailable,0.049861,-0.042929,0.226537,0.50996,-0.036873,0.250093,0.297953,0.621966,0.831346,-0.345404,-0.521008,0.429543,2334909.52381,2975447.619048,false,false,false,false,false,false,true,v2.38H
U00552,CCLD,"CareCloud, Inc. - Common Stock",,670,2024-01-02,2026-09-02,252,false,PRICE_FEATURES_READY,21,,adjusted_prices_unavailable,-0.138462,-0.046809,-0.145038,-0.391304,-0.054094,-0.172256,-0.124919,0.639381,0.699459,-0.454068,-0.454068,0.470473,463861.904762,308038.095238,false,false,false,false,false,false,true,v2.38H
U00553,CCNE,CNB Financial Corporation - Common Stock,,670,2024-01-02,2026-09-02,252,false,PRICE_FEATURES_READY,21,,adjusted_prices_unavailable,-0.045073,0.14694,0.196422,0.307899,-0.004413,0.132974,0.137996,0.21196,0.223802,-0.06439,-0.13546,0.139304,159242.857143,169436.507937,false,false,false,true,false,false,true,v2.38H
U00556,CCSI,"Consensus Cloud Solutions, Inc. - Common Stock",,670,2024-01-02,2026-09-02,252,false,PRICE_FEATURES_READY,21,,adjusted_prices_unavailable,-0.127532,-0.002968,0.067027,0.268026,-0.097906,0.153881,0.279115,0.445271,0.571345,-0.249841,-0.318977,0.34843,193933.333333,160668.253968,false,false,false,false,false,false,true,v2.38H
U00557,CCTG,CCSC Technology International Holdings Limited - Class A Ordinary Shares,,658,2024-01-18,2026-09-02,252,false,PRICE_FEATURES_READY,21,,adjusted_prices_unavailable,-0.02765,0.343949,0.233918,-0.941873,-0.167105,-0.303243,-0.163452,5.973845,4.287946,-0.644382,-0.982778,1.127153,386266.666667,5542390.47619,false,false,false,false,true,false,true,v2.38H
U00559,CD,Chaince Digital Holdings Inc. - American Ordinary Shares,,670,2024-01-02,2026-09-02,252,false,PRICE_FEATURES_READY,21,,adjusted_prices_unavailable,0.032258,-0.6,-0.598494,-0.528719,-0.069308,-0.39681,-0.351891,1.263156,1.323082,-0.747378,-0.925957,0.861499,260314.285714,292730.15873,false,false,false,false,false,false,true,v2.38H
U00560,CDIO,Cardio Diagnostics Holdings Inc. - Common stock,,670,2024-01-02,2026-09-02,252,false,PRICE_FEATURES_READY,21,,adjusted_prices_unavailable,0.057471,-0.144186,-0.65019,-0.526992,-0.00298,-0.198089,-0.195692,0.755277,0.995227,-0.744879,-0.79084,0.830486,49361.904762,58793.650794,false,false,false,false,false,false,true,v2.38H
U00561,CDLX,"Cardlytics, Inc. - Common Stock",,670,2024-01-02,2026-09-02,252,false,PRICE_FEATURES_READY,21,,adjusted_prices_unavailable,-0.074627,-0.427692,-0.586667,-0.631683,-0.100058,-0.537693,-0.486292,0.729465,0.890883,-0.701695,-0.875177,0.538053,44295.238095,63261.587302,false,false,false,false,false,false,true,v2.38H
U00562,CDNA,"CareDx, Inc. - Common Stock",,670,2024-01-02,2026-09-02,252,false,PRICE_FEATURES_READY,21,,adjusted_prices_unavailable,0.053302,1.223218,1.602309,2.581227,0.246325,1.006704,0.610097,0.924929,0.827104,-0.144,-0.236442,0.241093,1081590.47619,1129311.111111,true,true,false,true,false,false,true,v2.38H
U00564,CDNS,"Cadence Design Systems, Inc. - Common Stock",,670,2024-01-02,2026-09-02,252,false,PRICE_FEATURES_READY,21,,adjusted_prices_unavailable,-0.099671,-0.248358,0.00406,-0.105423,-0.109821,-0.062954,0.052649,0.415855,0.430495,-0.263503,-0.288481,0.292955,2085276.190476,2337815.873016,false,false,false,false,false,false,true,v2.38H
U00567,CDTG,CDT Environmental Technology Investment Holdings Limited - ordinary shares,,595,2024-04-19,2026-09-02,252,false,PRICE_FEATURES_READY,21,,adjusted_prices_unavailable,-0.176923,-0.861039,-0.878486,-0.933701,-0.379894,-0.853401,-0.76359,2.552714,2.1123,-0.923685,-0.969127,1.503069,7302561.904762,2750049.206349,false,false,false,false,false,false,true,v2.38H
U00568,CDW,CDW Corporation - Common Stock,,670,2024-01-02,2026-09-02,252,false,PRICE_FEATURES_READY,21,,adjusted_prices_unavailable,-0.03461,0.082811,0.190598,-0.083811,0.069619,0.129179,0.055683,0.47704,0.537626,-0.302864,-0.418516,0.471487,1928852.380952,1934058.730159,false,true,false,false,false,false,true,v2.38H
U00569,CDXS,"Codexis, Inc. - Common Stock",,670,2024-01-02,2026-09-02,252,false,PRICE_FEATURES_READY,21,,adjusted_prices_unavailable,0.034965,-0.455882,0.37037,-0.410359,-0.207963,-0.214646,-0.008437,0.835033,0.972945,-0.508772,-0.644928,0.594475,1135642.857143,1158412.698413,false,false,false,false,false,false,true,v2.38H
U00570,CDZI,"Cadiz, Inc. - Common Stock",,670,2024-01-02,2026-09-02,252,false,PRICE_FEATURES_READY,21,,adjusted_prices_unavailable,0.279874,-0.103524,-0.273214,0.136872,0.124496,-0.143645,-0.238454,0.703687,0.636452,-0.448148,-0.569364,0.407466,813752.380952,986831.746032,false,false,false,false,false,false,true,v2.38H
U00571,CECO,CECO Environmental Corp. - Common Stock,,670,2024-01-02,2026-09-02,252,false,PRICE_FEATURES_READY,21,,adjusted_prices_unavailable,0.011954,-0.105197,0.28103,0.56217,-0.075225,0.016065,0.098717,0.687291,0.689941,-0.399819,-0.399819,0.379813,825380.952381,887347.619048,false,false,false,false,false,false,true,v2.38H
U00572,CEG,Constellation Energy Corporation - Common Stock When-Issued,,670,2024-01-02,2026-09-02,252,false,PRICE_FEATURES_READY,21,,adjusted_prices_unavailable,0.085276,0.085317,-0.101626,-0.055829,0.092545,-0.022866,-0.105635,0.356027,0.45242,-0.287801,-0.414532,0.322146,2553190.47619,3136133.333333,false,false,true,false,false,true,true,v2.38H
U00574,CELH,"Celsius Holdings, Inc. - Common Stock",,670,2024-01-02,2026-09-02,252,false,PRICE_FEATURES_READY,21,,adjusted_prices_unavailable,0.059242,0.042652,-0.313364,-0.490474,0.039901,-0.17309,-0.204818,0.721331,0.6405,-0.480096,-0.633518,0.43698,12807538.095238,10035885.714286,false,false,false,false,false,true,true,v2.38H
U00575,CELU,Celularity Inc. - Class A Common Stock,,670,2024-01-02,2026-09-02,252,false,PRICE_FEATURES_READY,21,,adjusted_prices_unavailable,1.645804,0.823529,0.488,-0.270588,1.224827,0.635905,-0.264704,3.012956,2.182957,-0.572857,-0.76549,0.680939,11599147.619048,3944896.825397,true,false,false,false,true,true,true,v2.38H
U00578,CENT,Central Garden & Pet Company - Common Stock,,670,2024-01-02,2026-09-02,252,false,PRICE_FEATURES_READY,21,,adjusted_prices_unavailable,-0.039483,0.120434,0.101483,0.147465,-0.033429,0.109629,0.148006,0.284761,0.268639,-0.094972,-0.22987,0.130836,133457.142857,101426.984127,false,false,false,true,false,false,true,v2.38H
U00579,CENTA,Central Garden & Pet Company - Class A Common Stock Nonvoting,,670,2024-01-02,2026-09-02,252,false,PRICE_FEATURES_READY,21,,adjusted_prices_unavailable,-0.052005,0.096678,0.088856,0.093079,-0.04133,0.081648,0.128279,0.273928,0.251288,-0.102956,-0.230747,0.130817,332176.190476,346700.0,false,false,false,true,false,false,true,v2.38H
U00580,CENX,Century Aluminum Company - Common Stock,,670,2024-01-02,2026-09-02,252,false,PRICE_FEATURES_READY,21,,adjusted_prices_unavailable,0.003396,-0.294749,-0.115104,1.179806,0.037538,-0.041358,-0.076042,0.605144,0.632305,-0.396539,-0.396539,0.396451,2244138.095238,2179271.428571,false,false,false,false,false,false,true,v2.38H
U00585,CERS,Cerus Corporation - Common Stock,,670,2024-01-02,2026-09-02,252,false,PRICE_FEATURES_READY,21,,adjusted_prices_unavailable,0.187215,-0.022556,0.160714,1.047244,-0.081402,0.102676,0.20039,0.722064,0.816638,-0.344512,-0.383212,0.573781,2183471.428571,2601601.587302,false,false,false,false,false,false,true,v2.38H
U00586,CERT,"Certara, Inc. - Common Stock",,670,2024-01-02,2026-09-02,252,false,PRICE_FEATURES_READY,21,,adjusted_prices_unavailable,0.061538,0.478571,0.126531,-0.223265,0.102853,0.146298,0.039394,0.606123,0.624125,-0.373427,-0.670588,0.483748,2647095.238095,3940149.206349,true,true,false,false,true,false,true,v2.38H
U00587,CETX,Cemtrex Inc. - Common Stock,,670,2024-01-02,2026-09-02,252,false,PRICE_FEATURES_READY,21,,adjusted_prices_unavailable,-0.109541,-0.575042,-0.757692,-0.983846,-0.101924,-0.797404,-0.774411,0.819579,1.436579,-0.808527,-0.983696,0.84495,32685.714286,513351.587302,false,false,false,false,false,false,true,v2.38H
U00588,CETY,"Clean Energy Technologies, Inc. - Common Stock",,670,2024-01-02,2026-09-02,252,false,PRICE_FEATURES_READY,21,,adjusted_prices_unavailable,0.21978,0.447197,0.121212,-0.695473,0.200156,0.263072,0.052423,0.754552,0.953238,-0.387963,-0.900215,0.601697,25638.095238,46198.412698,true,true,true,false,true,true,true,v2.38H
U00590,CFBK,CF Bankshares Inc. - Common Stock,,670,2024-01-02,2026-09-02,252,false,PRICE_FEATURES_READY,21,,adjusted_prices_unavailable,-0.015169,0.235813,0.157478,0.43102,0.032847,0.188777,0.150971,0.242023,0.242495,-0.104153,-0.196938,0.157745,46033.333333,74347.619048,false,true,false,true,false,false,true,v2.38H
U00591,CFFI,C&F Financial Corporation - Common Stock,,670,2024-01-02,2026-09-02,252,false,PRICE_FEATURES_READY,21,,adjusted_prices_unavailable,0.089298,0.301648,0.226044,0.292831,0.091094,0.202326,0.101945,0.396494,0.368237,-0.106853,-0.135572,0.207141,64100.0,26100.0,true,true,false,true,false,false,true,v2.38H
U00592,CFFN,"Capitol Federal Financial, Inc. - Common Stock",,670,2024-01-02,2026-09-02,252,false,PRICE_FEATURES_READY,21,,adjusted_prices_unavailable,-0.054407,0.14042,0.201936,0.353583,0.005136,0.139478,0.133656,0.189207,0.20226,-0.07617,-0.105943,0.13115,758842.857143,818750.793651,false,true,false,true,false,false,true,v2.38H
U00593,CG,The Carlyle Group Inc. - Common Stock,,670,2024-01-02,2026-09-02,252,false,PRICE_FEATURES_READY,21,,adjusted_prices_unavailable,-0.069115,0.116004,-0.102095,-0.268353,0.01816,-0.075062,-0.09156,0.37518,0.366504,-0.230828,-0.415717,0.212166,4009738.095238,3675073.015873,false,false,false,false,false,false,true,v2.38H
U00597,CGEN,Compugen Ltd. - Ordinary Shares,,670,2024-01-02,2026-09-02,252,false,PRICE_FEATURES_READY,21,,adjusted_prices_unavailable,0.105042,0.200913,0.228972,0.839161,0.099131,0.215735,0.106088,0.529079,0.584275,-0.367742,-0.367742,0.320579,324176.190476,300676.190476,true,true,false,false,true,true,true,v2.38H
U00599,CGNX,Cognex Corporation - Common Stock,,670,2024-01-02,2026-09-02,252,false,PRICE_FEATURES_READY,21,,adjusted_prices_unavailable,-0.161913,-0.092643,0.127327,0.353964,-0.064321,0.124916,0.202245,0.540034,0.487387,-0.201602,-0.280248,0.272922,2249571.428571,2192788.888889,false,false,false,false,false,false,true,v2.38H
U00602,CGTL,Creative Global Technology Holdings Limited - Class A Ordinary Shares,,442,2024-11-26,2026-09-02,252,false,PRICE_FEATURES_READY,21,,adjusted_prices_unavailable,0.08802,11.059621,1.458564,7.032491,0.161552,1.148388,0.849584,24.344768,17.419672,-0.831515,-0.946538,1.396676,949052.380952,4672760.428571,true,true,false,false,true,false,true,v2.38H
U00606,CHCI,"Comstock Holding Companies, Inc. - Class A Common Stock",,670,2024-01-02,2026-09-02,252,false,PRICE_FEATURES_READY,21,,adjusted_prices_unavailable,0.306789,0.28087,0.73634,0.300845,0.220479,0.361326,0.115403,0.581338,0.673413,-0.289892,-0.442349,0.333726,35557.142857,35636.507937,true,true,false,true,true,true,true,v2.38H
U00607,CHCO,City Holding Company - Common Stock,,670,2024-01-02,2026-09-02,252,false,PRICE_FEATURES_READY,21,,adjusted_prices_unavailable,-0.011871,0.165426,0.186161,0.125616,0.02593,0.129219,0.100678,0.176784,0.171968,-0.052693,-0.103957,0.103621,93871.428571,131401.587302,false,true,false,true,false,false,true,v2.38H
U00610,CHEF,"The Chefs' Warehouse, Inc. - Common Stock",,670,2024-01-02,2026-09-02,252,false,PRICE_FEATURES_READY,21,,adjusted_prices_unavailable,0.030994,0.460033,0.814299,0.756698,0.091259,0.474602,0.351286,0.364457,0.415026,-0.108514,-0.204887,0.16253,681561.904762,641398.412698,true,true,false,true,false,false,true,v2.38H
U00612,CHKP,Check Point Software Technologies Ltd. - Ordinary Shares,,670,2024-01-02,2026-09-02,252,false,PRICE_FEATURES_READY,21,,adjusted_prices_unavailable,0.080455,-0.013193,-0.152809,-0.295909,0.016527,-0.115942,-0.130315,0.392463,0.468027,-0.319271,-0.45643,0.44896,877947.619048,1188615.873016,false,false,false,false,false,false,true,v2.38H
U00613,CHMG,Chemung Financial Corp - Common Stock,,670,2024-01-02,2026-09-02,252,false,PRICE_FEATURES_READY,21,,adjusted_prices_unavailable,0.018575,0.242595,0.475295,0.567345,0.059493,0.296619,0.22381,0.29033,0.313162,-0.073237,-0.211538,0.148552,53223.809524,57852.380952,true,true,false,true,false,false,true,v2.38H
U00616,CHR,"Cheer Holding, Inc. - Class A Ordinary Share",,670,2024-01-02,2026-09-02,252,false,PRICE_FEATURES_READY,21,,adjusted_prices_unavailable,-0.101523,-0.374558,-0.495726,-0.989828,-0.057307,-0.43781,-0.403634,0.835198,1.065977,-0.556522,-0.9915,0.632859,36876.190476,148504.761905,false,false,false,false,false,false,true,v2.38H
U00617,CHRD,Chord Energy Corporation - Common Stock,,670,2024-01-02,2026-09-02,252,false,PRICE_FEATURES_READY,21,,adjusted_prices_unavailable,0.092702,0.063718,0.312105,0.339722,0.129066,0.241931,0.099964,0.421154,0.43246,-0.254327,-0.254327,0.290482,738671.428571,796071.428571,true,true,false,true,false,true,true,v2.38H
U00620,CHRW,"C.H. Robinson Worldwide, Inc. - Common Stock",,670,2024-01-02,2026-09-02,252,false,PRICE_FEATURES_READY,21,,adjusted_prices_unavailable,-0.061712,-0.196636,-0.235266,0.126542,-0.143146,-0.159625,-0.019232,0.497208,0.447579,-0.323704,-0.323704,0.389408,1346709.52381,1735269.84127,false,false,false,false,false,false,true,v2.38H
U00621,CHSN,Chanson International Holding - Class A Ordinary Shares,,667,2024-01-02,2026-09-02,252,false,PRICE_FEATURES_READY,21,,adjusted_prices_unavailable,0.0,-0.16,-0.994643,-0.99386,-0.02516,-0.991614,-0.991398,0.896632,1.85709,-0.99669,-0.997037,2.063201,165114.285714,1078377.777778,false,false,false,false,false,false,true,v2.38H
U00622,CHTR,"Charter Communications, Inc. - Class A Common Stock",,670,2024-01-02,2026-09-02,252,false,PRICE_FEATURES_READY,21,,adjusted_prices_unavailable,0.038544,0.23223,-0.314784,-0.398797,0.116168,-0.129762,-0.220334,0.538811,0.620657,-0.496056,-0.563875,0.559529,2551980.952381,3243984.126984,false,false,true,false,true,false,true,v2.38H
U00626,CIFR,Cipher Digital Inc. - Common Stock,,670,2024-01-02,2026-09-02,252,false,PRICE_FEATURES_READY,21,,adjusted_prices_unavailable,-0.255152,-0.421494,-0.053616,0.824519,-0.232616,-0.172559,0.078262,1.282325,1.142057,-0.499315,-0.51376,0.609107,34125061.904762,29277317.460317,false,false,false,false,false,false,true,v2.38H
U00628,CIIT,"Tianci International, Inc. - Common Stock",,670,2024-01-02,2026-09-02,252,false,PRICE_FEATURES_READY,21,,adjusted_prices_unavailable,-0.238727,1.609091,0.025,-0.327869,0.158538,0.193849,0.030478,21.770911,15.414344,-0.896455,-0.958683,1.458633,222014.285714,7432812.698413,false,true,false,false,true,false,true,v2.38H
U00629,CINF,Cincinnati Financial Corporation - Common Stock,,670,2024-01-02,2026-09-02,252,false,PRICE_FEATURES_READY,21,,adjusted_prices_unavailable,-0.043083,0.086508,0.022147,0.122524,-0.032864,0.026853,0.061746,0.253776,0.220041,-0.124147,-0.124147,0.15903,461319.047619,770346.031746,false,false,false,false,false,false,true,v2.38H
U00632,CISO,"CISO Global, Inc. - Common Stock",,670,2024-01-02,2026-09-02,252,false,PRICE_FEATURES_READY,21,,adjusted_prices_unavailable,-0.127907,-0.33432,-0.440299,-0.752475,-0.126621,-0.372849,-0.281925,0.714611,0.899009,-0.521348,-0.847857,0.502247,188209.52381,601082.539683,false,false,false,false,false,false,true,v2.38H
U00633,CISS,C3is Inc. - Common Stock,,670,2024-01-02,2026-09-02,252,false,PRICE_FEATURES_READY,21,,adjusted_prices_unavailable,14.909091,-0.366516,-0.862069,-0.996569,-0.750822,-0.9536,-0.813789,140.401067,100.457189,-0.998698,-0.999847,3.454176,30987887.142857,21370955.142857,false,false,false,false,false,false,true,v2.38H
U00634,CIVB,"Civista Bancshares, Inc. - Common Stock",,670,2024-01-02,2026-09-02,252,false,PRICE_FEATURES_READY,21,,adjusted_prices_unavailable,-0.057752,0.087267,0.169868,0.307105,-0.028373,0.09837,0.130444,0.214236,0.216924,-0.079522,-0.121431,0.122251,162995.238095,149479.365079,false,false,false,true,false,false,true,v2.38H
U00635,CJMB,Callan JMB Inc. - Common Stock,,396,2025-02-05,2026-09-02,252,false,PRICE_FEATURES_READY,21,,adjusted_prices_unavailable,0.528169,1.746835,0.347826,-0.533333,0.354303,0.396131,0.030885,1.869318,1.525289,-0.645455,-0.865,0.956937,523414.285714,2259431.746032,true,true,false,false,true,false,true,v2.38H
U00636,CLAR,Clarus Corporation - Common Stock,,670,2024-01-02,2026-09-02,252,false,PRICE_FEATURES_READY,21,,adjusted_prices_unavailable,0.128358,0.321678,0.192429,0.08,0.097434,0.172475,0.068379,0.370184,0.456647,-0.183871,-0.3675,0.258407,149285.714286,224477.777778,true,true,false,true,true,true,true,v2.38H
U00638,CLBT,Cellebrite DI Ltd. - Ordinary Shares,,670,2024-01-02,2026-09-02,252,false,PRICE_FEATURES_READY,21,,adjusted_prices_unavailable,-0.263625,-0.180536,-0.179379,-0.289731,-0.173371,-0.212789,-0.047685,0.753409,0.694204,-0.371463,-0.466258,0.627707,4793290.47619,2745215.873016,false,false,false,false,false,false,true,v2.38H
U00639,CLDX,"Celldex Therapeutics, Inc. - Common Stock",,672,2024-01-02,2026-09-02,252,false,PRICE_FEATURES_READY,21,,adjusted_prices_unavailable,0.011012,0.326167,0.336493,0.789665,0.017904,0.256395,0.234296,0.411787,0.413685,-0.173372,-0.242282,0.265337,760347.619048,1013074.603175,true,true,false,false,false,false,true,v2.38H
U00641,CLGN,CollPlant Biotechnologies Ltd. - Ordinary Shares,,670,2024-01-02,2026-09-02,252,false,PRICE_FEATURES_READY,21,,adjusted_prices_unavailable,0.196167,-0.14175,-0.455079,-0.869962,0.037079,-0.569242,-0.584643,1.095659,1.072133,-0.636,-0.913057,0.652964,9677424.47619,3260470.063492,false,false,false,false,false,false,true,v2.38H
U00644,CLMB,"Climb Global Solutions, Inc. - Common Stock",,670,2024-01-02,2026-09-02,252,false,PRICE_FEATURES_READY,21,,adjusted_prices_unavailable,0.023525,0.25217,0.210422,-0.120135,0.038195,0.104335,0.063707,0.413488,0.528002,-0.272886,-0.534728,0.467193,138876.190476,162965.079365,true,true,false,false,true,false,true,v2.38H
U00645,CLMT,"Calumet, Inc - Common Stock",,670,2024-01-02,2026-09-02,252,false,PRICE_FEATURES_READY,21,,adjusted_prices_unavailable,0.276949,0.420123,0.810027,2.208585,0.235962,0.695733,0.371994,0.513034,0.481036,-0.150139,-0.150139,0.281428,1291323.809524,1107888.888889,true,true,true,true,false,true,true,v2.38H
U00646,CLNE,Clean Energy Fuels Corp. - Common Stock,,670,2024-01-02,2026-09-02,252,false,PRICE_FEATURES_READY,21,,adjusted_prices_unavailable,-0.080214,-0.144279,-0.258621,-0.338462,-0.094069,-0.200558,-0.117546,0.596851,0.533704,-0.393822,-0.486928,0.402422,2104561.904762,1797447.619048,false,false,false,false,false,false,true,v2.38H
U00647,CLNN,Clene Inc. - Common Stock,,670,2024-01-02,2026-09-02,252,false,PRICE_FEATURES_READY,21,,adjusted_prices_unavailable,-0.212121,-0.277778,-0.245009,-0.348983,-0.203401,-0.286908,-0.10483,0.59928,0.876839,-0.49691,-0.6864,0.584251,88400.0,78869.84127,false,false,false,false,false,false,true,v2.38H
U00648,CLOV,"Clover Health Investments, Corp. - Class A Common stock",,670,2024-01-02,2026-09-02,252,false,PRICE_FEATURES_READY,21,,adjusted_prices_unavailable,0.007026,0.178082,0.990741,0.598513,-0.055173,0.377775,0.45823,0.677038,0.647839,-0.242144,-0.554974,0.250963,4306552.380952,5987034.920635,true,false,false,false,true,false,true,v2.38H
U00649,CLPS,CLPS Incorporation - Common Stock,,670,2024-01-02,2026-09-02,252,false,PRICE_FEATURES_READY,21,,adjusted_prices_unavailable,0.270588,0.136842,0.028571,0.017908,0.199467,0.146868,-0.043852,0.777679,0.687751,-0.242991,-0.504321,0.422995,21638.095238,39492.063492,true,false,false,false,false,true,true,v2.38H
U00650,CLPT,ClearPoint Neuro Inc. - Common Stock,,670,2024-01-02,2026-09-02,252,false,PRICE_FEATURES_READY,21,,adjusted_prices_unavailable,0.111025,0.07594,0.600671,0.372004,-0.092592,0.065819,0.174575,0.87203,0.859678,-0.337108,-0.707432,0.470497,533009.52381,729028.571429,true,false,false,false,false,true,true,v2.38H
U00653,CLSK,"CleanSpark, Inc. - Common Stock",,670,2024-01-02,2026-09-02,252,false,PRICE_FEATURES_READY,21,,adjusted_prices_unavailable,-0.200423,-0.356616,0.062852,0.175311,-0.141393,-0.094174,0.054995,0.946963,0.843507,-0.412015,-0.647414,0.40428,19185652.380952,21484993.650794,false,false,false,false,false,false,true,v2.38H
U00655,CLWT,Euro Tech Holdings Company Limited - Ordinary Shares,,670,2024-01-02,2026-09-02,252,false,PRICE_FEATURES_READY,21,,adjusted_prices_unavailable,0.108108,0.344262,0.171429,0.188406,0.024104,0.240263,0.211072,1.148418,0.895968,-0.240838,-0.348101,0.389234,20323.809524,1724822.222222,true,true,false,false,true,false,true,v2.38H
